Ville,Nom,Lien
ARZANO,Longère 4 chambres à arzano,https://www.etreproprio.com/immobilier-23758849-vente-longere-4-chambres-a-arzano-arzano
ARZANO,Maison 409m² à arzano,https://www.etreproprio.com/immobilier-23581066-vente-maison-409m-a-arzano-arzano
ARZANO,Maison 135m² à arzano,https://www.etreproprio.com/immobilier-23343322-vente-maison-135m-a-arzano-arzano
ARZANO,Très belle propriété à la campagne !,https://www.etreproprio.com/immobilier-22707642-vente-tres-belle-propriete-a-la-campagne-arzano
ARZANO,Corps de ferme avec maison de maître et gîte 3 étoiles pour 12 personnes et autres dépendances,https://www.etreproprio.com/immobilier-20490857-vente-corps-de-ferme-avec-maison-de-maitre-et-gite-3-etoiles-pour-12-personnes-et-autres-dependances-arzano
ARZANO,"Propriété de caractère, 262 m² habitables, 5 chambres et dépendance",https://www.etreproprio.com/immobilier-22534293-vente-propriete-de-caractere-262-m-habitables-5-chambres-et-dependance-arzano
AUDIERNE,Grande maison avec grands volumes à 800 mètres des supermarchés,https://www.etreproprio.com/immobilier-23888195-vente-grande-maison-avec-grands-volumes-a-800-metres-des-supermarches-audierne
AUDIERNE,Maison 104m² à audierne,https://www.etreproprio.com/immobilier-23883233-vente-maison-104m-a-audierne-audierne
AUDIERNE,Maison audierne,https://www.etreproprio.com/immobilier-23873695-vente-maison-audierne-audierne
AUDIERNE,Charmante maison de ville au cœur du centre ville d'audierne,https://www.etreproprio.com/immobilier-23873704-vente-charmante-maison-de-ville-au-coeur-du-centre-ville-d-audierne-audierne
AUDIERNE,Emplacement exceptionnel - vue mer -  à 100m de la mer et proche des plages - maison récente,https://www.etreproprio.com/immobilier-23873692-vente-emplacement-exceptionnel-vue-mer-a-100m-de-la-mer-et-proche-des-plages-maison-recente-audierne
AUDIERNE,Jolie maison de pêcheur en pierre - 3 chambres - accès centre ville d'audierne à pied,https://www.etreproprio.com/immobilier-23873690-vente-jolie-maison-de-pecheur-en-pierre-3-chambres-acces-centre-ville-d-audierne-a-pied-audierne
AUDIERNE,Maison à vendre  résidence de vacances à audierne,https://www.etreproprio.com/immobilier-23861085-vente-maison-a-vendre-residence-de-vacances-a-audierne-audierne
AUDIERNE,"Dpt finistère (29), maison à vendre 8 pièces audierne",https://www.etreproprio.com/immobilier-23837017-vente-dpt-finistere-29-maison-a-vendre-8-pieces-audierne-audierne
AUDIERNE,Maison 150m² à audierne,https://www.etreproprio.com/immobilier-23810759-vente-maison-150m-a-audierne-audierne
AUDIERNE,Maison audierne 6 pièce(s) 120 m2,https://www.etreproprio.com/immobilier-23303077-vente-maison-audierne-6-pieces-120-m2-audierne
AUDIERNE,Maison 120m² à audierne,https://www.etreproprio.com/immobilier-21537948-vente-maison-120m-a-audierne-audierne
AUDIERNE,Maison 154m² à audierne,https://www.etreproprio.com/immobilier-23786558-vente-maison-154m-a-audierne-audierne
AUDIERNE,Maison 129m² à audierne,https://www.etreproprio.com/immobilier-23754447-vente-maison-129m-a-audierne-audierne
AUDIERNE,Maison 100m² à audierne,https://www.etreproprio.com/immobilier-23702735-vente-maison-100m-a-audierne-audierne
AUDIERNE,Maison 85m² à audierne,https://www.etreproprio.com/immobilier-23679159-vente-maison-85m-a-audierne-audierne
AUDIERNE,Maison 63m² à audierne,https://www.etreproprio.com/immobilier-23629979-vente-maison-63m-a-audierne-audierne
AUDIERNE,Maison 55m² à audierne,https://www.etreproprio.com/immobilier-23631625-vente-maison-55m-a-audierne-audierne
AUDIERNE,Maison 200m² à audierne,https://www.etreproprio.com/immobilier-23608185-vente-maison-200m-a-audierne-audierne
AUDIERNE,Maison 158m² à audierne,https://www.etreproprio.com/immobilier-23412518-vente-maison-158m-a-audierne-audierne
AUDIERNE,Maison 60m² à audierne,https://www.etreproprio.com/immobilier-23544859-vente-maison-60m-a-audierne-audierne
ARGOL,"Argol, belle néobretonne  t7  et serres sur 8 ares",https://www.etreproprio.com/immobilier-23901081-vente-argol-belle-neobretonne-t7-et-serres-sur-8-ares-argol
ARGOL,Argol bel ensemble équestre sur 5 hectares,https://www.etreproprio.com/immobilier-23764750-vente-argol-bel-ensemble-equestre-sur-5-hectares-argol
ARGOL,Maison à vendre 9 pièces argol (29),https://www.etreproprio.com/immobilier-23203013-vente-maison-a-vendre-9-pieces-argol-29-argol
ARGOL,Argol maison t5 de 2018,https://www.etreproprio.com/immobilier-23223936-vente-argol-maison-t5-de-2018-argol
ARGOL,Maison à vendre 6 pièces argol (29),https://www.etreproprio.com/immobilier-22173819-vente-maison-a-vendre-6-pieces-argol-29-argol
ARGOL,Argol maison t5 de 2018,https://www.etreproprio.com/immobilier-23223934-vente-argol-maison-t5-de-2018-argol
ARGOL,Maison à vendre 9 pièces argol (29),https://www.etreproprio.com/immobilier-22929425-vente-maison-a-vendre-9-pieces-argol-29-argol
ARGOL,Argol maison t4 avec dépendance située dans un écrin de verdure,https://www.etreproprio.com/immobilier-23353140-vente-argol-maison-t4-avec-dependance-situee-dans-un-ecrin-de-verdure-argol
ARGOL,Argol maison t4 avec dépendance située dans un écrin de verdure,https://www.etreproprio.com/immobilier-23353143-vente-argol-maison-t4-avec-dependance-situee-dans-un-ecrin-de-verdure-argol
ARGOL,Maison 112m² à argol,https://www.etreproprio.com/immobilier-21999796-vente-maison-112m-a-argol-argol
ARGOL,Maison argol 6 pièce(s) 112 m2,https://www.etreproprio.com/immobilier-23047849-vente-maison-argol-6-pieces-112-m2-argol
ARGOL,Maison 112m² à argol,https://www.etreproprio.com/immobilier-23040721-vente-maison-112m-a-argol-argol
ARGOL,Argol – corps de ferme avec dépendances dans un cadre bucolique,https://www.etreproprio.com/immobilier-23043778-vente-argol-corps-de-ferme-avec-dependances-dans-un-cadre-bucolique-argol
ARGOL,Maison 107m² à argol,https://www.etreproprio.com/immobilier-22913233-vente-maison-107m-a-argol-argol
ARGOL,Maison 246m² à argol,https://www.etreproprio.com/immobilier-22927469-vente-maison-246m-a-argol-argol
ARGOL,Nouveaute exclusivite- maison contemporaine- à deux pas de la mer,https://www.etreproprio.com/immobilier-22867852-vente-nouveaute-exclusivite-maison-contemporaine-a-deux-pas-de-la-mer-argol
ARGOL,"Centre bourg, jolie maison t6",https://www.etreproprio.com/immobilier-22713987-vente-centre-bourg-jolie-maison-t6-argol
ARGOL,Maison 78m² à argol,https://www.etreproprio.com/immobilier-22321363-vente-maison-78m-a-argol-argol
ARGOL,Belle maison de campagne avec terres agricoles et boisées,https://www.etreproprio.com/immobilier-22326020-vente-belle-maison-de-campagne-avec-terres-agricoles-et-boisees-argol
ARGOL,29560  crozon argol maison de famille 5 chambres  dépendances et bois  sur 1 hectare,https://www.etreproprio.com/immobilier-22173380-vente-29560-crozon-argol-maison-de-famille-5-chambres-dependances-et-bois-sur-1-hectare-argol
ARGOL,Propriété de caractère sur plus de 7 hectares de terrain argol,https://www.etreproprio.com/immobilier-22072680-vente-propriete-de-caractere-sur-plus-de-7-hectares-de-terrain-argol-argol
AUDIERNE,Maison- audierne -188m2,https://www.etreproprio.com/immobilier-23303091-vente-maison-audierne-188m2-audierne
AUDIERNE,Maison audierne 7 pièces 207 m²,https://www.etreproprio.com/immobilier-23303096-vente-maison-audierne-7-pieces-207-m-audierne
AUDIERNE,Maison 128m² à audierne,https://www.etreproprio.com/immobilier-23292854-vente-maison-128m-a-audierne-audierne
AUDIERNE,Maison 151m² à audierne,https://www.etreproprio.com/immobilier-23078735-vente-maison-151m-a-audierne-audierne
AUDIERNE,Maison 150m² à audierne,https://www.etreproprio.com/immobilier-23058866-vente-maison-150m-a-audierne-audierne
AUDIERNE,Maison 160m² à audierne,https://www.etreproprio.com/immobilier-22956151-vente-maison-160m-a-audierne-audierne
AUDIERNE,Maison 160m² à audierne,https://www.etreproprio.com/immobilier-22921524-vente-maison-160m-a-audierne-audierne
AUDIERNE,Maison 175m² à audierne,https://www.etreproprio.com/immobilier-21952787-vente-maison-175m-a-audierne-audierne
AUDIERNE,Maison 11 pièces de 214 m2 à audierne,https://www.etreproprio.com/immobilier-22623264-vente-maison-11-pieces-de-214-m2-a-audierne-audierne
AUDIERNE,Maison 139m² à audierne,https://www.etreproprio.com/immobilier-21659711-vente-maison-139m-a-audierne-audierne
AUDIERNE,Maison 198m² à audierne,https://www.etreproprio.com/immobilier-22198845-vente-maison-198m-a-audierne-audierne
AUDIERNE,Maison 188m² à audierne,https://www.etreproprio.com/immobilier-21410355-vente-maison-188m-a-audierne-audierne
AUDIERNE,Maison 52m² à audierne,https://www.etreproprio.com/immobilier-21962684-vente-maison-52m-a-audierne-audierne
AUDIERNE,Maison 138m² à audierne,https://www.etreproprio.com/immobilier-21400721-vente-maison-138m-a-audierne-audierne
AUDIERNE,Maison 240m² à audierne,https://www.etreproprio.com/immobilier-18961113-vente-maison-240m-a-audierne-audierne
AUDIERNE,Maison 240m² à audierne,https://www.etreproprio.com/immobilier-20504323-vente-maison-240m-a-audierne-audierne
AUDIERNE,Maison 45m² à audierne,https://www.etreproprio.com/immobilier-19941590-vente-maison-45m-a-audierne-audierne
AUDIERNE,Maison 179m² à audierne,https://www.etreproprio.com/immobilier-19460061-vente-maison-179m-a-audierne-audierne
AUDIERNE,Maison 39m² à audierne,https://www.etreproprio.com/immobilier-17709901-vente-maison-39m-a-audierne-audierne
BANNALEC,Maison sur bannalec,https://www.etreproprio.com/immobilier-23895321-vente-maison-sur-bannalec-bannalec
BANNALEC,Maison 120m² à bannalec,https://www.etreproprio.com/immobilier-23883987-vente-maison-120m-a-bannalec-bannalec
BANNALEC,Maison 107m² à bannalec,https://www.etreproprio.com/immobilier-22400615-vente-maison-107m-a-bannalec-bannalec
BANNALEC,Exclusivite !!,https://www.etreproprio.com/immobilier-23777690-vente-exclusivite-bannalec
BANNALEC,"Bannalec - maison familiale  avec vie de plain pied, dans un cadre champêtre avec sous-sol total",https://www.etreproprio.com/immobilier-23277359-vente-bannalec-maison-familiale-avec-vie-de-plain-pied-dans-un-cadre-champetre-avec-sous-sol-total-bannalec
BANNALEC,Maison 151m² à bannalec,https://www.etreproprio.com/immobilier-23797150-vente-maison-151m-a-bannalec-bannalec
BANNALEC,Maison avec hangar 5 pièces - 110 m2 - bannalec,https://www.etreproprio.com/immobilier-23773637-vente-maison-avec-hangar-5-pieces-110-m2-bannalec-bannalec
BANNALEC,Maison 118m² à bannalec,https://www.etreproprio.com/immobilier-22212302-vente-maison-118m-a-bannalec-bannalec
BANNALEC,Maison de charme à bannalec,https://www.etreproprio.com/immobilier-23739775-vente-maison-de-charme-a-bannalec-bannalec
BANNALEC,Maison 103m² à bannalec,https://www.etreproprio.com/immobilier-23741810-vente-maison-103m-a-bannalec-bannalec
BANNALEC,Maison 123m² à bannalec,https://www.etreproprio.com/immobilier-23741695-vente-maison-123m-a-bannalec-bannalec
BANNALEC,Maison de ville à bannalec 4 pièces 76 m2,https://www.etreproprio.com/immobilier-23709574-vente-maison-de-ville-a-bannalec-4-pieces-76-m2-bannalec
BANNALEC,#398 ensemble de 2 maisons en campagne,https://www.etreproprio.com/immobilier-21449841-vente-398-ensemble-de-2-maisons-en-campagne-bannalec
BANNALEC,Bannalec : l'histoire d'une longère d’exception,https://www.etreproprio.com/immobilier-23673301-vente-bannalec-l-histoire-d-une-longere-d-exception-bannalec
BANNALEC,Maison  8 pièce(s) 180 m2,https://www.etreproprio.com/immobilier-23659266-vente-maison-8-pieces-180-m2-bannalec
BANNALEC,Maison de plain-pied et dépendance,https://www.etreproprio.com/immobilier-22659572-vente-maison-de-plain-pied-et-dependance-bannalec
BANNALEC,Maison 132m² à bannalec,https://www.etreproprio.com/immobilier-23318420-vente-maison-132m-a-bannalec-bannalec
BANNALEC,Maison 132m² à bannalec,https://www.etreproprio.com/immobilier-23488789-vente-maison-132m-a-bannalec-bannalec
BANNALEC,Charmante maison de 5 pièces au cœur e bannalec,https://www.etreproprio.com/immobilier-23485469-vente-charmante-maison-de-5-pieces-au-coeur-e-bannalec-bannalec
BANNALEC,Propriété de caractère avec deux habitations,https://www.etreproprio.com/immobilier-23176634-vente-propriete-de-caractere-avec-deux-habitations-bannalec
BAYE,"Au calme, proche des commodités !",https://www.etreproprio.com/immobilier-23492734-vente-au-calme-proche-des-commodites-baye
BAYE,Maison 105m² à baye,https://www.etreproprio.com/immobilier-22450025-vente-maison-105m-a-baye-baye
BAYE,Maison 5 pièce(s) 98 m2 habitables,https://www.etreproprio.com/immobilier-22712270-vente-maison-5-pieces-98-m2-habitables-baye
BENODET,Maison benodet 6 pièces 135m2,https://www.etreproprio.com/immobilier-23902560-vente-maison-benodet-6-pieces-135m2-benodet
BENODET,Maison neuve 6 pièces bénodet,https://www.etreproprio.com/immobilier-23899961-vente-maison-neuve-6-pieces-benodet-benodet
BENODET,Maison 103m² à benodet,https://www.etreproprio.com/immobilier-23863498-vente-maison-103m-a-benodet-benodet
BENODET,Maison benodet 4 pièce(s) 103 m2,https://www.etreproprio.com/immobilier-23861086-vente-maison-benodet-4-pieces-103-m2-benodet
BENODET,Maison 104m² à benodet,https://www.etreproprio.com/immobilier-23862101-vente-maison-104m-a-benodet-benodet
BENODET,Maison contemporaine à bénodet,https://www.etreproprio.com/immobilier-23809415-vente-maison-contemporaine-a-benodet-benodet
BENODET,"Bénodet : maison d'architecte de 2008,  piscine, proche plage, au calme",https://www.etreproprio.com/immobilier-23777260-vente-benodet-maison-d-architecte-de-2008-piscine-proche-plage-au-calme-benodet
BENODET,Maison sur benodet,https://www.etreproprio.com/immobilier-23747572-vente-maison-sur-benodet-benodet
BENODET,Maison de plain pied bénodet,https://www.etreproprio.com/immobilier-23722969-vente-maison-de-plain-pied-benodet-benodet
BENODET,Maison 141m² à benodet,https://www.etreproprio.com/immobilier-23702269-vente-maison-141m-a-benodet-benodet
BENODET,Achat maison bénodet centre récente de 131 m2 habitables,https://www.etreproprio.com/immobilier-21960401-vente-achat-maison-benodet-centre-recente-de-131-m2-habitables-benodet
BENODET,Maison bénodet 147 m²,https://www.etreproprio.com/immobilier-23636796-vente-maison-benodet-147-m-benodet
BENODET,Maison bénodet 5 pièce(s) 131 m²,https://www.etreproprio.com/immobilier-20894253-vente-maison-benodet-5-pieces-131-m-benodet
BENODET,Exclusivité clg immobilier  maison coup de coeur à bénodet,https://www.etreproprio.com/immobilier-23628031-vente-exclusivite-clg-immobilier-maison-coup-de-coeur-a-benodet-benodet
BENODET,Achat maison d'architecte au coeur de bénodet,https://www.etreproprio.com/immobilier-23191512-vente-achat-maison-d-architecte-au-coeur-de-benodet-benodet
BENODET,"Benodet -maison familiale avec piscine, à deux pas de la mer et du golf !",https://www.etreproprio.com/immobilier-23444100-vente-benodet-maison-familiale-avec-piscine-a-deux-pas-de-la-mer-et-du-golf-benodet
BENODET,"À vendre, maison 5 chambres sur un terrain de 800 m², à 1 km des plages de bénodet",https://www.etreproprio.com/immobilier-23451667-vente-a-vendre-maison-5-chambres-sur-un-terrain-de-800-m-a-1-km-des-plages-de-benodet-benodet
BENODET,Maison beaux volumes - bénodet,https://www.etreproprio.com/immobilier-23430640-vente-maison-beaux-volumes-benodet-benodet
BENODET,"À vendre, maison 5 chambres + hangar sur 1893 m² de terrain divisible,  à 1 km des plages de bénodet",https://www.etreproprio.com/immobilier-23438825-vente-a-vendre-maison-5-chambres-hangar-sur-1893-m-de-terrain-divisible-a-1-km-des-plages-de-benodet-benodet
BENODET,Longère benodet - ensemble de deux gîtes,https://www.etreproprio.com/immobilier-23303066-vente-longere-benodet-ensemble-de-deux-gites-benodet
BANNALEC,"""glaïeul"", maison avec grand jardin proche centre ville de bannalec",https://www.etreproprio.com/immobilier-22428995-vente-glaieul-maison-avec-grand-jardin-proche-centre-ville-de-bannalec-bannalec
BANNALEC,"Maison sur terrain de 700 m2, vie de plain‑pied proximité commerces!",https://www.etreproprio.com/immobilier-23352591-vente-maison-sur-terrain-de-700-m2-vie-de-plain-pied-proximite-commerces-bannalec
BANNALEC,Maison contemporaine à bannalec,https://www.etreproprio.com/immobilier-22688292-vente-maison-contemporaine-a-bannalec-bannalec
BANNALEC,Charmante maison proche des commodités,https://www.etreproprio.com/immobilier-23326424-vente-charmante-maison-proche-des-commodites-bannalec
BANNALEC,Ensemble longère 163 m² et hangar à bannalec,https://www.etreproprio.com/immobilier-20323488-vente-ensemble-longere-163-m-et-hangar-a-bannalec-bannalec
BANNALEC,"Bannalec, maison de caractère",https://www.etreproprio.com/immobilier-17656637-vente-bannalec-maison-de-caractere-bannalec
BANNALEC,"Bannalec - longère rénovée, hangar et pièce indépendante, puit, serres, campagne proche commodités!",https://www.etreproprio.com/immobilier-22068883-vente-bannalec-longere-renovee-hangar-et-piece-independante-puit-serres-campagne-proche-commodites-bannalec
BANNALEC,Charmante petite maison au bourg de bannalec,https://www.etreproprio.com/immobilier-23217793-vente-charmante-petite-maison-au-bourg-de-bannalec-bannalec
BANNALEC,Maison 133m² à bannalec,https://www.etreproprio.com/immobilier-23221146-vente-maison-133m-a-bannalec-bannalec
BANNALEC,Maison 125m² à bannalec,https://www.etreproprio.com/immobilier-23190023-vente-maison-125m-a-bannalec-bannalec
BANNALEC,Maison 5 chambres à bannalec 130 m2,https://www.etreproprio.com/immobilier-23112220-vente-maison-5-chambres-a-bannalec-130-m2-bannalec
BANNALEC,Maison 60m² à bannalec,https://www.etreproprio.com/immobilier-23064569-vente-maison-60m-a-bannalec-bannalec
BANNALEC,Maison 104m² à bannalec,https://www.etreproprio.com/immobilier-23039977-vente-maison-104m-a-bannalec-bannalec
BANNALEC,Longère et dépendances à bannalec,https://www.etreproprio.com/immobilier-21416304-vente-longere-et-dependances-a-bannalec-bannalec
BANNALEC,Maison 87m² à bannalec,https://www.etreproprio.com/immobilier-22925198-vente-maison-87m-a-bannalec-bannalec
BANNALEC,Maison 90m² à bannalec,https://www.etreproprio.com/immobilier-22000397-vente-maison-90m-a-bannalec-bannalec
BANNALEC,Maison 86m² à bannalec,https://www.etreproprio.com/immobilier-22766082-vente-maison-86m-a-bannalec-bannalec
BANNALEC,"Maison familiale à vendre à bannalec (29)   4 chambres, grand terrain, garage attenant",https://www.etreproprio.com/immobilier-22735654-vente-maison-familiale-a-vendre-a-bannalec-29-4-chambres-grand-terrain-garage-attenant-bannalec
BANNALEC,Maison 167m² à bannalec,https://www.etreproprio.com/immobilier-21549194-vente-maison-167m-a-bannalec-bannalec
BANNALEC,"""felicità"", maison de charme au centre ville",https://www.etreproprio.com/immobilier-22519555-vente-felicita-maison-de-charme-au-centre-ville-bannalec
BERRIEN,Grande maison de bourg : maison à vendre 7 pièces berrien (29),https://www.etreproprio.com/immobilier-23782427-vente-grande-maison-de-bourg-maison-a-vendre-7-pieces-berrien-29-berrien
BERRIEN,Idéale pour famille - primo-accédants - petit budget,https://www.etreproprio.com/immobilier-21541157-vente-ideale-pour-famille-primo-accedants-petit-budget-berrien
BERRIEN,A vendre - maison berrien  5  pièce(s) 109 m²,https://www.etreproprio.com/immobilier-23488018-vente-a-vendre-maison-berrien-5-pieces-109-m-berrien
BERRIEN,Authentique longère en pierre à seulement 15 minutes de morlaix,https://www.etreproprio.com/immobilier-23464796-vente-authentique-longere-en-pierre-a-seulement-15-minutes-de-morlaix-berrien
BERRIEN,Authentique longère en pierre à seulement 15 minutes de morlaix,https://www.etreproprio.com/immobilier-23451877-vente-authentique-longere-en-pierre-a-seulement-15-minutes-de-morlaix-berrien
BERRIEN,Maison 102m² à berrien,https://www.etreproprio.com/immobilier-23360665-vente-maison-102m-a-berrien-berrien
BERRIEN,29690 berrien longère 3 chambres terrain de 1600 m² garage,https://www.etreproprio.com/immobilier-23333660-vente-29690-berrien-longere-3-chambres-terrain-de-1600-m-garage-berrien
BERRIEN,Maison 173m² à berrien,https://www.etreproprio.com/immobilier-22671110-vente-maison-173m-a-berrien-berrien
BERRIEN,Maison berrien 7 pièces 153.37 m²,https://www.etreproprio.com/immobilier-21930122-vente-maison-berrien-7-pieces-15337-m-berrien
BERRIEN,Maison 153m² à berrien,https://www.etreproprio.com/immobilier-21921244-vente-maison-153m-a-berrien-berrien
BERRIEN,Maison néo-bretonne à rénover   berrien (29690),https://www.etreproprio.com/immobilier-22434117-vente-maison-neo-bretonne-a-renover-berrien-29690-berrien
BERRIEN,Casares  - la loma de cortesin - pueblo 3,https://www.etreproprio.com/immobilier-19448428-vente-casares-la-loma-de-cortesin-pueblo-3-berrien
BERRIEN,Casares - la loma de cortesin - cortijo 2,https://www.etreproprio.com/immobilier-19369008-vente-casares-la-loma-de-cortesin-cortijo-2-berrien
BERRIEN,Casares - golfside - villa 13 - finca cortesin,https://www.etreproprio.com/immobilier-19369004-vente-casares-golfside-villa-13-finca-cortesin-berrien
BERRIEN,Casares - la loma de cortesin - cortijo 1,https://www.etreproprio.com/immobilier-19369005-vente-casares-la-loma-de-cortesin-cortijo-1-berrien
BERRIEN,Finca cortesin - golfside villa 6,https://www.etreproprio.com/immobilier-19311756-vente-finca-cortesin-golfside-villa-6-berrien
BERRIEN,Finca cortesin - golfside villa 3,https://www.etreproprio.com/immobilier-19311755-vente-finca-cortesin-golfside-villa-3-berrien
BERRIEN,Casares - finca cortesin - golf side - villa 9,https://www.etreproprio.com/immobilier-19270519-vente-casares-finca-cortesin-golf-side-villa-9-berrien
BERRIEN,Casares - villa10 -golf side - finca cortesin,https://www.etreproprio.com/immobilier-19223103-vente-casares-villa10-golf-side-finca-cortesin-berrien
BERRIEN,Maison 395m² à berrien,https://www.etreproprio.com/immobilier-18173499-vente-maison-395m-a-berrien-berrien
BENODET,Maison 125m² à benodet,https://www.etreproprio.com/immobilier-22905085-vente-maison-125m-a-benodet-benodet
BENODET,Maison d'architecte de 155 m² avec piscine,https://www.etreproprio.com/immobilier-22586833-vente-maison-d-architecte-de-155-m-avec-piscine-benodet
BENODET,Maison 155m² à benodet,https://www.etreproprio.com/immobilier-22604840-vente-maison-155m-a-benodet-benodet
BENODET,"Bénodet - maison d'architecte de 2008, proche plage",https://www.etreproprio.com/immobilier-22659456-vente-benodet-maison-d-architecte-de-2008-proche-plage-benodet
BENODET,"Bénodet – maison 130 m² habitable avec garage et jardin, proche commodités",https://www.etreproprio.com/immobilier-23171865-vente-benodet-maison-130-m-habitable-avec-garage-et-jardin-proche-commodites-benodet
BENODET,Maison 125m² à benodet,https://www.etreproprio.com/immobilier-22864437-vente-maison-125m-a-benodet-benodet
BENODET,Maison traditionnelle plages et commerces à pieds,https://www.etreproprio.com/immobilier-23047850-vente-maison-traditionnelle-plages-et-commerces-a-pieds-benodet
BENODET,"Modernité, lumière et confort, au coeur de bénodet !",https://www.etreproprio.com/immobilier-22740796-vente-modernite-lumiere-et-confort-au-coeur-de-benodet-benodet
BENODET,Maison au bourg de bénodet,https://www.etreproprio.com/immobilier-22740702-vente-maison-au-bourg-de-benodet-benodet
BENODET,Maison 220m² à benodet,https://www.etreproprio.com/immobilier-22626929-vente-maison-220m-a-benodet-benodet
BENODET,Maison 150m² à benodet,https://www.etreproprio.com/immobilier-22433387-vente-maison-150m-a-benodet-benodet
BENODET,Maison 150m² à benodet,https://www.etreproprio.com/immobilier-22430198-vente-maison-150m-a-benodet-benodet
BENODET,Maison familiale - bénodet,https://www.etreproprio.com/immobilier-22263550-vente-maison-familiale-benodet-benodet
BANNALEC,Maison 108m² à bannalec,https://www.etreproprio.com/immobilier-22697609-vente-maison-108m-a-bannalec-bannalec
BANNALEC,Maison 9 pièces 180 m2 à bannalec,https://www.etreproprio.com/immobilier-20255761-vente-maison-9-pieces-180-m2-a-bannalec-bannalec
BANNALEC,"Maison traditionnelle confortable180m2,10p, 5ch, plain pied, bannalec",https://www.etreproprio.com/immobilier-22665598-vente-maison-traditionnelle-confortable180m210p-5ch-plain-pied-bannalec-bannalec
BANNALEC,Propriété de caractère à bannalec,https://www.etreproprio.com/immobilier-22652935-vente-propriete-de-caractere-a-bannalec-bannalec
BANNALEC,Maison 133m² à bannalec,https://www.etreproprio.com/immobilier-22333981-vente-maison-133m-a-bannalec-bannalec
BANNALEC,Maison 201m² à bannalec,https://www.etreproprio.com/immobilier-22354333-vente-maison-201m-a-bannalec-bannalec
BANNALEC,Maison 144m² à bannalec,https://www.etreproprio.com/immobilier-21879875-vente-maison-144m-a-bannalec-bannalec
BANNALEC,"Calme, espace, élégance : une propriété où tout est réuni",https://www.etreproprio.com/immobilier-22286049-vente-calme-espace-elegance-une-propriete-ou-tout-est-reuni-bannalec
BANNALEC,Maison de 123 m²,https://www.etreproprio.com/immobilier-22194917-vente-maison-de-123-m-bannalec
BANNALEC,"Maison 39380 bannalec, 3 ch, dpe d",https://www.etreproprio.com/immobilier-20966075-vente-maison-39380-bannalec-3-ch-dpe-d-bannalec
BANNALEC,Maison 80m² à bannalec,https://www.etreproprio.com/immobilier-21679749-vente-maison-80m-a-bannalec-bannalec
BANNALEC,Maison en pierres 5 pièces 104 m² à bannalec,https://www.etreproprio.com/immobilier-21064386-vente-maison-en-pierres-5-pieces-104-m-a-bannalec-bannalec
BANNALEC,Maison 78m² à bannalec,https://www.etreproprio.com/immobilier-20238795-vente-maison-78m-a-bannalec-bannalec
BANNALEC,Maison 50m² à bannalec,https://www.etreproprio.com/immobilier-19796574-vente-maison-50m-a-bannalec-bannalec
BANNALEC,Maison 98m² à bannalec,https://www.etreproprio.com/immobilier-19796570-vente-maison-98m-a-bannalec-bannalec
BANNALEC,Maison 95m² à bannalec,https://www.etreproprio.com/immobilier-19408721-vente-maison-95m-a-bannalec-bannalec
BANNALEC,Maison 45m² à bannalec,https://www.etreproprio.com/immobilier-19262040-vente-maison-45m-a-bannalec-bannalec
BANNALEC,Maison 100m² à bannalec,https://www.etreproprio.com/immobilier-18759875-vente-maison-100m-a-bannalec-bannalec
BANNALEC,Maison 103m² à bannalec,https://www.etreproprio.com/immobilier-18759879-vente-maison-103m-a-bannalec-bannalec
BANNALEC,Maison 163m² à bannalec,https://www.etreproprio.com/immobilier-18759864-vente-maison-163m-a-bannalec-bannalec
BEUZEC-CAP-SIZUN,Penty en pierre - accès sentiers côtiers à 700 m - à rénover,https://www.etreproprio.com/immobilier-23888198-vente-penty-en-pierre-acces-sentiers-cotiers-a-700-m-a-renover-beuzec-cap-sizun
BEUZEC-CAP-SIZUN,Maison 103m² à beuzec-cap-sizun,https://www.etreproprio.com/immobilier-23883330-vente-maison-103m-a-beuzec-cap-sizun-beuzec-cap-sizun
BEUZEC-CAP-SIZUN,Longère en pierre de 1848 - vie de plain pied - environnement boisé,https://www.etreproprio.com/immobilier-23873694-vente-longere-en-pierre-de-1848-vie-de-plain-pied-environnement-boise-beuzec-cap-sizun
BEUZEC-CAP-SIZUN,Maison 5 pièces de 110 m2 à beuzec-cap-sizun,https://www.etreproprio.com/immobilier-23560771-vente-maison-5-pieces-de-110-m2-a-beuzec-cap-sizun-beuzec-cap-sizun
BEUZEC-CAP-SIZUN,A vendre maison 4 chambres bourg de beuzec cap sizun garage et jardin,https://www.etreproprio.com/immobilier-23418432-vente-a-vendre-maison-4-chambres-bourg-de-beuzec-cap-sizun-garage-et-jardin-beuzec-cap-sizun
BEUZEC-CAP-SIZUN,Maison 117m² à beuzec-cap-sizun,https://www.etreproprio.com/immobilier-23330028-vente-maison-117m-a-beuzec-cap-sizun-beuzec-cap-sizun
BEUZEC-CAP-SIZUN,Maison 158m² à beuzec-cap-sizun,https://www.etreproprio.com/immobilier-22953193-vente-maison-158m-a-beuzec-cap-sizun-beuzec-cap-sizun
BEUZEC-CAP-SIZUN,Maison 74m² à beuzec-cap-sizun,https://www.etreproprio.com/immobilier-21746402-vente-maison-74m-a-beuzec-cap-sizun-beuzec-cap-sizun
BEUZEC-CAP-SIZUN,Maison 126m² à beuzec-cap-sizun,https://www.etreproprio.com/immobilier-19821092-vente-maison-126m-a-beuzec-cap-sizun-beuzec-cap-sizun
BEUZEC-CAP-SIZUN,Maison 202m² à beuzec-cap-sizun,https://www.etreproprio.com/immobilier-18259095-vente-maison-202m-a-beuzec-cap-sizun-beuzec-cap-sizun
BODILIS,Maison plain-pied 3 chambres sur terrain de 758m2,https://www.etreproprio.com/immobilier-23887932-vente-maison-plain-pied-3-chambres-sur-terrain-de-758m2-bodilis
BODILIS,Maison sur bodilis,https://www.etreproprio.com/immobilier-23895319-vente-maison-sur-bodilis-bodilis
BODILIS,Maison familiale de 136m2 sur terrain de 1300m2,https://www.etreproprio.com/immobilier-23635055-vente-maison-familiale-de-136m2-sur-terrain-de-1300m2-bodilis
BODILIS,Maison 120m² à bodilis,https://www.etreproprio.com/immobilier-23602110-vente-maison-120m-a-bodilis-bodilis
BODILIS,Maison familiale avec terrain paysager de 5900 m²,https://www.etreproprio.com/immobilier-22957421-vente-maison-familiale-avec-terrain-paysager-de-5900-m-bodilis
BANNALEC,Maison 169m² à bannalec,https://www.etreproprio.com/immobilier-18759878-vente-maison-169m-a-bannalec-bannalec
BANNALEC,Bannalec ensemble en pierres  avec terres agricoles,https://www.etreproprio.com/immobilier-13721547-vente-bannalec-ensemble-en-pierres-avec-terres-agricoles-bannalec
BOHARS,Maison indépendante de 112 m2 sur terrain de 540 m2   proximité centre bohars,https://www.etreproprio.com/immobilier-23875774-vente-maison-independante-de-112-m2-sur-terrain-de-540-m2-proximite-centre-bohars-bohars
BOHARS,Maison d'architecte - esprit chalet,https://www.etreproprio.com/immobilier-23875074-vente-maison-d-architecte-esprit-chalet-bohars
BOHARS,Maison 187m² à bohars,https://www.etreproprio.com/immobilier-23873610-vente-maison-187m-a-bohars-bohars
BOHARS,Maison contemporaine familiale – vie de plain-pied,https://www.etreproprio.com/immobilier-23845353-vente-maison-contemporaine-familiale-vie-de-plain-pied-bohars
BOHARS,Vente maison bohars(29820) 89 000ï¿œ,https://www.etreproprio.com/immobilier-22869706-vente-vente-maison-bohars29820-89-000i-oe-bohars
BOHARS,Maison 115m² à bohars,https://www.etreproprio.com/immobilier-23620166-vente-maison-115m-a-bohars-bohars
BOHARS,Finistere - bohars (29820) - a vendre - maison - t5 - 4 chambres - maison de 2011- dpe d - vie de plain pied - situe au calme -,https://www.etreproprio.com/immobilier-23560787-vente-finistere-bohars-29820-a-vendre-maison-t5-4-chambres-maison-de-2011-dpe-d-vie-de-plain-pied-situe-au-calme-bohars
BOLAZEC,Finistere près de bolazec - superbe maison individuelle de 3 chambres avec un terrain de 5596m²,https://www.etreproprio.com/immobilier-23843045-vente-finistere-pres-de-bolazec-superbe-maison-individuelle-de-3-chambres-avec-un-terrain-de-5596m-bolazec
BOTMEUR,Maison 126m² à botmeur,https://www.etreproprio.com/immobilier-22364351-vente-maison-126m-a-botmeur-botmeur
BOTMEUR,Maison 50m² à botmeur,https://www.etreproprio.com/immobilier-22213258-vente-maison-50m-a-botmeur-botmeur
BOTSORHEL,Maison 85m² à botsorhel,https://www.etreproprio.com/immobilier-23422966-vente-maison-85m-a-botsorhel-botsorhel
BOTSORHEL,Maison 450m² à botsorhel,https://www.etreproprio.com/immobilier-23537893-vente-maison-450m-a-botsorhel-botsorhel
BOTSORHEL,Maison 85m² à botsorhel,https://www.etreproprio.com/immobilier-22976223-vente-maison-85m-a-botsorhel-botsorhel
BOTSORHEL,Maison 124m² à botsorhel,https://www.etreproprio.com/immobilier-23200507-vente-maison-124m-a-botsorhel-botsorhel
BOTSORHEL,Maison 73m² à botsorhel,https://www.etreproprio.com/immobilier-23132010-vente-maison-73m-a-botsorhel-botsorhel
BOTSORHEL,Maison 80m² à botsorhel,https://www.etreproprio.com/immobilier-22671080-vente-maison-80m-a-botsorhel-botsorhel
BOTSORHEL,Maison 228m² à botsorhel,https://www.etreproprio.com/immobilier-22577676-vente-maison-228m-a-botsorhel-botsorhel
BOURG-BLANC,Maison 116m² à bourg-blanc,https://www.etreproprio.com/immobilier-23843397-vente-maison-116m-a-bourg-blanc-bourg-blanc
BOURG-BLANC,Exclusivite bourg blanc maison  à vendre 5 pièces,https://www.etreproprio.com/immobilier-23443621-vente-exclusivite-bourg-blanc-maison-a-vendre-5-pieces-bourg-blanc
BOURG-BLANC,Maison 82m² à bourg-blanc,https://www.etreproprio.com/immobilier-23401159-vente-maison-82m-a-bourg-blanc-bourg-blanc
BOURG-BLANC,Maison 147m² à bourg-blanc,https://www.etreproprio.com/immobilier-23691771-vente-maison-147m-a-bourg-blanc-bourg-blanc
BOURG-BLANC,A vendre maison bourg blanc 9 pièces,https://www.etreproprio.com/immobilier-23590499-vente-a-vendre-maison-bourg-blanc-9-pieces-bourg-blanc
BOURG-BLANC,Exclusivite bourg blanc maison 9 pièce(s),https://www.etreproprio.com/immobilier-23590498-vente-exclusivite-bourg-blanc-maison-9-pieces-bourg-blanc
BOURG-BLANC,Maison 102m² à bourg-blanc,https://www.etreproprio.com/immobilier-21190284-vente-maison-102m-a-bourg-blanc-bourg-blanc
BOURG-BLANC,Maison 185m² à bourg-blanc,https://www.etreproprio.com/immobilier-23231749-vente-maison-185m-a-bourg-blanc-bourg-blanc
BOURG-BLANC,A vendre maison bourg blanc 7 pièces,https://www.etreproprio.com/immobilier-23374087-vente-a-vendre-maison-bourg-blanc-7-pieces-bourg-blanc
BOURG-BLANC,"Bourg blanc, maison t6 non mitoyenne",https://www.etreproprio.com/immobilier-21070199-vente-bourg-blanc-maison-t6-non-mitoyenne-bourg-blanc
BOURG-BLANC,"Bourg blanc, maison t6 non mitoyenne",https://www.etreproprio.com/immobilier-21074542-vente-bourg-blanc-maison-t6-non-mitoyenne-bourg-blanc
BOURG-BLANC,Maison 177m² à bourg-blanc,https://www.etreproprio.com/immobilier-23063332-vente-maison-177m-a-bourg-blanc-bourg-blanc
BOURG-BLANC,Maison bourg blanc-88m²-proximité centre bourg,https://www.etreproprio.com/immobilier-22730431-vente-maison-bourg-blanc-88m-proximite-centre-bourg-bourg-blanc
BOURG-BLANC,Propriété de 2 maisons - grange - dépendances - serres - four à pain - grand jardin,https://www.etreproprio.com/immobilier-22103438-vente-propriete-de-2-maisons-grange-dependances-serres-four-a-pain-grand-jardin-bourg-blanc
BRASPARTS,Maison 150m² à brasparts,https://www.etreproprio.com/immobilier-23863499-vente-maison-150m-a-brasparts-brasparts
BRASPARTS,"Maison brasparts 5 pièce(s) 150,45 m2",https://www.etreproprio.com/immobilier-23861073-vente-maison-brasparts-5-pieces-15045-m2-brasparts
BRASPARTS,Maison brasparts 6 pièce(s) 145 m2,https://www.etreproprio.com/immobilier-21979572-vente-maison-brasparts-6-pieces-145-m2-brasparts
BRASPARTS,Maison 145m² à brasparts,https://www.etreproprio.com/immobilier-21971055-vente-maison-145m-a-brasparts-brasparts
BRASPARTS,Maison brasparts 5 pièce(s) 127 m2,https://www.etreproprio.com/immobilier-23753949-vente-maison-brasparts-5-pieces-127-m2-brasparts
BRASPARTS,Maison brasparts 5 pièce(s) 127 m2,https://www.etreproprio.com/immobilier-23753948-vente-maison-brasparts-5-pieces-127-m2-brasparts
BRASPARTS,Maison 127m² à brasparts,https://www.etreproprio.com/immobilier-23746420-vente-maison-127m-a-brasparts-brasparts
BRASPARTS,Maison brasparts 9 pièce(s) 222 m2,https://www.etreproprio.com/immobilier-23648399-vente-maison-brasparts-9-pieces-222-m2-brasparts
BRASPARTS,Maison 222m² à brasparts,https://www.etreproprio.com/immobilier-23641364-vente-maison-222m-a-brasparts-brasparts
BRASPARTS,Maison avec jardin en centre-bourg   brasparts (29190),https://www.etreproprio.com/immobilier-23563254-vente-maison-avec-jardin-en-centre-bourg-brasparts-29190-brasparts
BRASPARTS,Maison centre-bourg   brasparts (29190),https://www.etreproprio.com/immobilier-23563255-vente-maison-centre-bourg-brasparts-29190-brasparts
BRASPARTS,Maison brasparts 5 pièce(s) 144 m2,https://www.etreproprio.com/immobilier-23432928-vente-maison-brasparts-5-pieces-144-m2-brasparts
BRASPARTS,Maison 144m² à brasparts,https://www.etreproprio.com/immobilier-23424033-vente-maison-144m-a-brasparts-brasparts
BRASPARTS,Maison 98m² à brasparts,https://www.etreproprio.com/immobilier-23337912-vente-maison-98m-a-brasparts-brasparts
BRASPARTS,Maison brasparts 5 pièce(s) 98 m2,https://www.etreproprio.com/immobilier-23336725-vente-maison-brasparts-5-pieces-98-m2-brasparts
BRASPARTS,Maison 129m² à brasparts,https://www.etreproprio.com/immobilier-21767838-vente-maison-129m-a-brasparts-brasparts
BRASPARTS,Maison brasparts 4 pièce(s) 129 m2,https://www.etreproprio.com/immobilier-21748099-vente-maison-brasparts-4-pieces-129-m2-brasparts
BRASPARTS,Maison brasparts 5 pièce(s) 111 m2,https://www.etreproprio.com/immobilier-22232284-vente-maison-brasparts-5-pieces-111-m2-brasparts
BRASPARTS,Maison 108m² à brasparts,https://www.etreproprio.com/immobilier-22242998-vente-maison-108m-a-brasparts-brasparts
BRASPARTS,Brasparts - maison t6  de 110 m²,https://www.etreproprio.com/immobilier-22897518-vente-brasparts-maison-t6-de-110-m-brasparts
BRELES,Traditionnelle sur sous sol,https://www.etreproprio.com/immobilier-23216922-vente-traditionnelle-sur-sous-sol-breles
BRENNILIS,Semble sortie d'un conte de grimm,https://www.etreproprio.com/immobilier-23741299-vente-semble-sortie-d-un-conte-de-grimm-brennilis
BRENNILIS,29690 brennilis maison de bourg 2 chambres salon séjour cuisine aménagée terrain 140 m²,https://www.etreproprio.com/immobilier-22876733-vente-29690-brennilis-maison-de-bourg-2-chambres-salon-sejour-cuisine-amenagee-terrain-140-m-brennilis
BRENNILIS,Maison 72m² à brennilis,https://www.etreproprio.com/immobilier-22740580-vente-maison-72m-a-brennilis-brennilis
BRENNILIS,Maison 123m² à brennilis,https://www.etreproprio.com/immobilier-22495648-vente-maison-123m-a-brennilis-brennilis
BRASPARTS,Maison 225m² à brasparts,https://www.etreproprio.com/immobilier-21235621-vente-maison-225m-a-brasparts-brasparts
BRASPARTS,Maison brasparts 10 pièce(s) 225 m2 sur 7 000 m2 de terrain,https://www.etreproprio.com/immobilier-19770596-vente-maison-brasparts-10-pieces-225-m2-sur-7-000-m2-de-terrain-brasparts
BREST,Jolie maison de caractere,https://www.etreproprio.com/immobilier-23905985-vente-jolie-maison-de-caractere-brest
BREST,Maison brest 8 pièce(s) 145 m2,https://www.etreproprio.com/immobilier-22620392-vente-maison-brest-8-pieces-145-m2-brest
BREST,Maison des années 30,https://www.etreproprio.com/immobilier-23222325-vente-maison-des-annees-30-brest
BREST,Finistere - brest (29200) - a vendre - maison 90m² - 3 chambres - grande piece de vie - garage - rare - pas de travaux - grand j,https://www.etreproprio.com/immobilier-23895292-vente-finistere-brest-29200-a-vendre-maison-90m-3-chambres-grande-piece-de-vie-garage-rare-pas-de-travaux-grand-j-brest
BREST,Brest  kerinou bois de sapin maison t6 4 chambres,https://www.etreproprio.com/immobilier-23893750-vente-brest-kerinou-bois-de-sapin-maison-t6-4-chambres-brest
BREST,A vendre brest lambezellec - lanroze maison 70m2 combles a amenager sous sol complet fort potentiel,https://www.etreproprio.com/immobilier-23879803-vente-a-vendre-brest-lambezellec-lanroze-maison-70m2-combles-a-amenager-sous-sol-complet-fort-potentiel-brest
BREST,Exclusivité – brest lambezellec – maison familiale 5 chambres – jardin clos – sous-sol complet,https://www.etreproprio.com/immobilier-23027579-vente-exclusivite-brest-lambezellec-maison-familiale-5-chambres-jardin-clos-sous-sol-complet-brest
BREST,Maison 69m² à brest,https://www.etreproprio.com/immobilier-23700868-vente-maison-69m-a-brest-brest
BREST,"Brest, saint-pierre – maison t5 en impasse",https://www.etreproprio.com/immobilier-23885967-vente-brest-saint-pierre-maison-t5-en-impasse-brest
BREST,Maison 115m² à brest,https://www.etreproprio.com/immobilier-23883796-vente-maison-115m-a-brest-brest
BREST,Maison 5 pièces 96 m2,https://www.etreproprio.com/immobilier-23871704-vente-maison-5-pieces-96-m2-brest
BREST,Maison t8 a vendre brest faculte de medecine clinique pasteur,https://www.etreproprio.com/immobilier-23880763-vente-maison-t8-a-vendre-brest-faculte-de-medecine-clinique-pasteur-brest
BREST,Maison t6 a vendre brest lambezellec,https://www.etreproprio.com/immobilier-23880762-vente-maison-t6-a-vendre-brest-lambezellec-brest
BREST,Maison t7 a vendre brest clinique pasteur saint martin,https://www.etreproprio.com/immobilier-23880764-vente-maison-t7-a-vendre-brest-clinique-pasteur-saint-martin-brest
BREST,"Brest, saint-pierre – maison t5 en impasse",https://www.etreproprio.com/immobilier-23885966-vente-brest-saint-pierre-maison-t5-en-impasse-brest
BREST,Maison 86m² à brest,https://www.etreproprio.com/immobilier-23885221-vente-maison-86m-a-brest-brest
BREST,A vendre maison brest rive gauche secteur lanredec proche centre ville maison a renover tres beau potentiel,https://www.etreproprio.com/immobilier-23868615-vente-a-vendre-maison-brest-rive-gauche-secteur-lanredec-proche-centre-ville-maison-a-renover-tres-beau-potentiel-brest
BREST,Maison sur brest,https://www.etreproprio.com/immobilier-23874887-vente-maison-sur-brest-brest
BREST,Maison contemporaine de 180 m² a vendre a brest - lambezellec,https://www.etreproprio.com/immobilier-23870722-vente-maison-contemporaine-de-180-m-a-vendre-a-brest-lambezellec-brest
BREST,Brest - cavale blanche maison brest 6 pièces 105 m2,https://www.etreproprio.com/immobilier-23861953-vente-brest-cavale-blanche-maison-brest-6-pieces-105-m2-brest
BRIEC,Maison  centre ville de briec,https://www.etreproprio.com/immobilier-23902635-vente-maison-centre-ville-de-briec-briec
BRIEC,Terrain sur briec,https://www.etreproprio.com/immobilier-23895324-vente-terrain-sur-briec-briec
BRIEC,Landrevarzec – 10min de quimper - maison de 100 m2 sur plus de 700 m2 de terrain,https://www.etreproprio.com/immobilier-23866029-vente-landrevarzec-10min-de-quimper-maison-de-100-m2-sur-plus-de-700-m2-de-terrain-briec
BRIEC,Charmante maison familiale 5 chambres à briec proche centre-ville,https://www.etreproprio.com/immobilier-23853825-vente-charmante-maison-familiale-5-chambres-a-briec-proche-centre-ville-briec
BRIEC,Maison parfait état briec,https://www.etreproprio.com/immobilier-23785530-vente-maison-parfait-etat-briec-briec
BRIEC,Manoir d'exception entre charme breton et nature préservée,https://www.etreproprio.com/immobilier-23590721-vente-manoir-d-exception-entre-charme-breton-et-nature-preservee-briec
BRIEC,Maison au coeur du bourg de briec,https://www.etreproprio.com/immobilier-23587491-vente-maison-au-coeur-du-bourg-de-briec-briec
BRIEC,Maison au coeur du bourg de briec,https://www.etreproprio.com/immobilier-23587564-vente-maison-au-coeur-du-bourg-de-briec-briec
BRIEC,"Maison plain pied ""hors d'eau hors d'air""",https://www.etreproprio.com/immobilier-23444103-vente-maison-plain-pied-hors-d-eau-hors-d-air-briec
BRIEC,Briec - maison de 134 m2 sur plus de 1800 m2 de terrain,https://www.etreproprio.com/immobilier-23438049-vente-briec-maison-de-134-m2-sur-plus-de-1800-m2-de-terrain-briec
BRIEC,La maison de ville,https://www.etreproprio.com/immobilier-22983950-vente-la-maison-de-ville-briec
BRIEC,Magnifique manoir sur parc de 5 hectares,https://www.etreproprio.com/immobilier-20230232-vente-magnifique-manoir-sur-parc-de-5-hectares-briec
BRIEC,Maison familiale de 3 belles chambres,https://www.etreproprio.com/immobilier-22933692-vente-maison-familiale-de-3-belles-chambres-briec
BRIEC,Maison 111m² à briec,https://www.etreproprio.com/immobilier-22709174-vente-maison-111m-a-briec-briec
BRIEC,29510 briec maison récente 3 chambres proche toutes commodités terrain de 670 m²,https://www.etreproprio.com/immobilier-22616333-vente-29510-briec-maison-recente-3-chambres-proche-toutes-commodites-terrain-de-670-m-briec
BRIEC,Finistère (29) – briec à vendre : maison contemporaine de 107 m² habitables (126 m² utiles) sur un terrain de 434 m² – 2 places,https://www.etreproprio.com/immobilier-22492038-vente-finistere-29-briec-a-vendre-maison-contemporaine-de-107-m-habitables-126-m-utiles-sur-un-terrain-de-434-m-2-places-briec
BRIGNOGAN-PLAGE,Maison  a renover a brignogan plages,https://www.etreproprio.com/immobilier-23601349-vente-maison-a-renover-a-brignogan-plages-brignogan-plage
BRIGNOGAN-PLAGE,Plounéour brignogan plages,https://www.etreproprio.com/immobilier-23866373-vente-plouneour-brignogan-plages-brignogan-plage
BRIGNOGAN-PLAGE,Maison 100m² à brignogan-plage,https://www.etreproprio.com/immobilier-23371578-vente-maison-100m-a-brignogan-plage-brignogan-plage
BRIGNOGAN-PLAGE,Maison 5 pieces  114 m²,https://www.etreproprio.com/immobilier-23729333-vente-maison-5-pieces-114-m-brignogan-plage
BRIGNOGAN-PLAGE,Plouneour brignogan plages,https://www.etreproprio.com/immobilier-23695638-vente-plouneour-brignogan-plages-brignogan-plage
BRIGNOGAN-PLAGE,Maison 130m² à brignogan-plage,https://www.etreproprio.com/immobilier-22341804-vente-maison-130m-a-brignogan-plage-brignogan-plage
BRIGNOGAN-PLAGE,"Belle demeure en pierre de 196 m² à plounéour-brignogan-plages, à 800 m des plages",https://www.etreproprio.com/immobilier-23598956-vente-belle-demeure-en-pierre-de-196-m-a-plouneour-brignogan-plages-a-800-m-des-plages-brignogan-plage
BRIGNOGAN-PLAGE,"Belle demeure en pierre de 196 m² à plounéour-brignogan-plages, à 800 m des plages",https://www.etreproprio.com/immobilier-23594093-vente-belle-demeure-en-pierre-de-196-m-a-plouneour-brignogan-plages-a-800-m-des-plages-brignogan-plage
BRIGNOGAN-PLAGE,Maison 6 pièces 114 m2,https://www.etreproprio.com/immobilier-21796083-vente-maison-6-pieces-114-m2-brignogan-plage
BRIGNOGAN-PLAGE,Maison individuelle proche du phare et à quelques pas de la plage,https://www.etreproprio.com/immobilier-23469760-vente-maison-individuelle-proche-du-phare-et-a-quelques-pas-de-la-plage-brignogan-plage
BRIGNOGAN-PLAGE,Plounéour-brignogan-plages,https://www.etreproprio.com/immobilier-23453125-vente-plouneour-brignogan-plages-brignogan-plage
BRIGNOGAN-PLAGE,Maison 115m² à brignogan-plage,https://www.etreproprio.com/immobilier-20096784-vente-maison-115m-a-brignogan-plage-brignogan-plage
BRIGNOGAN-PLAGE,Brignogan plages,https://www.etreproprio.com/immobilier-23439396-vente-brignogan-plages-brignogan-plage
BRIGNOGAN-PLAGE,Maison individuelle,https://www.etreproprio.com/immobilier-22858212-vente-maison-individuelle-brignogan-plage
BRIGNOGAN-PLAGE,Maison 125m² à brignogan-plage,https://www.etreproprio.com/immobilier-22394751-vente-maison-125m-a-brignogan-plage-brignogan-plage
BRIGNOGAN-PLAGE,Maison 155m² à brignogan-plage,https://www.etreproprio.com/immobilier-20572869-vente-maison-155m-a-brignogan-plage-brignogan-plage
CAMARET-SUR-MER,Camaret-sur-mer – maison neuve au design contemporain avec vue sur le port,https://www.etreproprio.com/immobilier-23252443-vente-camaret-sur-mer-maison-neuve-au-design-contemporain-avec-vue-sur-le-port-camaret-sur-mer
CAMARET-SUR-MER,Maison en centre ville,https://www.etreproprio.com/immobilier-23886064-vente-maison-en-centre-ville-camaret-sur-mer
CAMARET-SUR-MER,Maison en centre ville,https://www.etreproprio.com/immobilier-23885590-vente-maison-en-centre-ville-camaret-sur-mer
CAMARET-SUR-MER,Maison neuve sur camaret sur mer !!!!,https://www.etreproprio.com/immobilier-23341414-vente-maison-neuve-sur-camaret-sur-mer-camaret-sur-mer
CAMARET-SUR-MER,À vendre   maison face à la mer à camaret-sur-mer   vue exceptionnelle,https://www.etreproprio.com/immobilier-23834782-vente-a-vendre-maison-face-a-la-mer-a-camaret-sur-mer-vue-exceptionnelle-camaret-sur-mer
CAMARET-SUR-MER,Maison à vendre 4 pièces camaret sur mer (29),https://www.etreproprio.com/immobilier-23814878-vente-maison-a-vendre-4-pieces-camaret-sur-mer-29-camaret-sur-mer
CAMARET-SUR-MER,Batiment industriel pieds dans l'eau,https://www.etreproprio.com/immobilier-23725238-vente-batiment-industriel-pieds-dans-l-eau-camaret-sur-mer
CAMARET-SUR-MER,A vendre - le tipi bleu  - camaret-sur-mer,https://www.etreproprio.com/immobilier-22971830-vente-a-vendre-le-tipi-bleu-camaret-sur-mer-camaret-sur-mer
CAMARET-SUR-MER,Contemporaine a l'abri des regards camaret sur mer,https://www.etreproprio.com/immobilier-22037708-vente-contemporaine-a-l-abri-des-regards-camaret-sur-mer-camaret-sur-mer
CAMARET-SUR-MER,Maison à vendre 7 pièces camaret sur mer (29),https://www.etreproprio.com/immobilier-22049453-vente-maison-a-vendre-7-pieces-camaret-sur-mer-29-camaret-sur-mer
CAMARET-SUR-MER,Maison de plain-pied avec 2 logements indépendants   idéal investissement locatif,https://www.etreproprio.com/immobilier-23516406-vente-maison-de-plain-pied-avec-2-logements-independants-ideal-investissement-locatif-camaret-sur-mer
CAMARET-SUR-MER,Maison de plain-pied avec 2 logements indépendants   idéal i,https://www.etreproprio.com/immobilier-23516714-vente-maison-de-plain-pied-avec-2-logements-independants-ideal-i-camaret-sur-mer
CAMARET-SUR-MER,Maison familiale de 2005 avec sous-sol complet et environnem,https://www.etreproprio.com/immobilier-23462788-vente-maison-familiale-de-2005-avec-sous-sol-complet-et-environnem-camaret-sur-mer
CAMARET-SUR-MER,Maison 156m² à camaret-sur-mer,https://www.etreproprio.com/immobilier-23001473-vente-maison-156m-a-camaret-sur-mer-camaret-sur-mer
CAMARET-SUR-MER,"Dpt finistère (29), à vendre camaret sur mer, maison p6 avec vue imprenable sur le port et la plage",https://www.etreproprio.com/immobilier-23427765-vente-dpt-finistere-29-a-vendre-camaret-sur-mer-maison-p6-avec-vue-imprenable-sur-le-port-et-la-plage-camaret-sur-mer
CAMARET-SUR-MER,Maison 127m² à camaret-sur-mer,https://www.etreproprio.com/immobilier-23049721-vente-maison-127m-a-camaret-sur-mer-camaret-sur-mer
CAMARET-SUR-MER,Finistere - camaret-sur-mer (29570) - a vendre - maison t6 141m² - 4 chambres - garage - aucuns travaux a prevoir - sur terrain,https://www.etreproprio.com/immobilier-23391794-vente-finistere-camaret-sur-mer-29570-a-vendre-maison-t6-141m-4-chambres-garage-aucuns-travaux-a-prevoir-sur-terrain-camaret-sur-mer
CAMARET-SUR-MER,Maison mitoyenne de quartier,https://www.etreproprio.com/immobilier-23380339-vente-maison-mitoyenne-de-quartier-camaret-sur-mer
CAMARET-SUR-MER,"Maison de pêcheur pleine de charme, à deux pas du port et des commerces",https://www.etreproprio.com/immobilier-22686441-vente-maison-de-pecheur-pleine-de-charme-a-deux-pas-du-port-et-des-commerces-camaret-sur-mer
CAMARET-SUR-MER,Maison mitoyenne de quartier,https://www.etreproprio.com/immobilier-21795917-vente-maison-mitoyenne-de-quartier-camaret-sur-mer
BREST,Maison 179m² à brest,https://www.etreproprio.com/immobilier-23865422-vente-maison-179m-a-brest-brest
BREST,Finistere - brest (29200) - a vendre - maison t7 148m² - garage - 3 chambres possible 5 - beaux volumes - sur terrain clos de 42,https://www.etreproprio.com/immobilier-23845358-vente-finistere-brest-29200-a-vendre-maison-t7-148m-garage-3-chambres-possible-5-beaux-volumes-sur-terrain-clos-de-42-brest
BREST,Finistere - brest (29200) - a vendre - maison  1982 - 4 chambres - garage - quartier recherche - grande piece de vie - deux bure,https://www.etreproprio.com/immobilier-23845357-vente-finistere-brest-29200-a-vendre-maison-1982-4-chambres-garage-quartier-recherche-grande-piece-de-vie-deux-bure-brest
BREST,Maison 93m² à brest,https://www.etreproprio.com/immobilier-23842487-vente-maison-93m-a-brest-brest
BREST,A vendre propriété  - vue imprenable rade de brest,https://www.etreproprio.com/immobilier-23828693-vente-a-vendre-propriete-vue-imprenable-rade-de-brest-brest
BREST,Maison a vendre brest lambezellec,https://www.etreproprio.com/immobilier-23374179-vente-maison-a-vendre-brest-lambezellec-brest
BREST,Finistere - brest (29200) - a vendre - maison 125m² de 1970 - 4 chambres - sous-sol integral - sur trrain clos de 285m²,https://www.etreproprio.com/immobilier-23828615-vente-finistere-brest-29200-a-vendre-maison-125m-de-1970-4-chambres-sous-sol-integral-sur-trrain-clos-de-285m-brest
BREST,Maison 96m² à brest,https://www.etreproprio.com/immobilier-23829685-vente-maison-96m-a-brest-brest
BREST,Maison brest 6 pièce(s) 113 m2,https://www.etreproprio.com/immobilier-22670788-vente-maison-brest-6-pieces-113-m2-brest
BREST,Maison 100m² à brest,https://www.etreproprio.com/immobilier-23816367-vente-maison-100m-a-brest-brest
BREST,Exclusivite a vendre brest  maison independante terrain de 3500m²  appartement independant,https://www.etreproprio.com/immobilier-21928380-vente-exclusivite-a-vendre-brest-maison-independante-terrain-de-3500m-appartement-independant-brest
BREST,Maison secteur st anne du porzic à vendre 9 pièces brest (29),https://www.etreproprio.com/immobilier-23814796-vente-maison-secteur-st-anne-du-porzic-a-vendre-9-pieces-brest-29-brest
BREST,"Brest immeuble / maison t11, 9 chambres",https://www.etreproprio.com/immobilier-23813043-vente-brest-immeuble-maison-t11-9-chambres-brest
BREST,"Brest immeuble / maison t11, 9 chambres",https://www.etreproprio.com/immobilier-23813062-vente-brest-immeuble-maison-t11-9-chambres-brest
BREST,Maison 227m² à brest,https://www.etreproprio.com/immobilier-23027527-vente-maison-227m-a-brest-brest
BREST,Maison 108m² à brest,https://www.etreproprio.com/immobilier-23796834-vente-maison-108m-a-brest-brest
BREST,Maison 89m² à brest,https://www.etreproprio.com/immobilier-23145646-vente-maison-89m-a-brest-brest
BREST,"Maison t4 - secteur lanredec, à deux pas de la porte de la br",https://www.etreproprio.com/immobilier-23137253-vente-maison-t4-secteur-lanredec-a-deux-pas-de-la-porte-de-la-br-brest
BREST,Bien très rare  sur st marc !,https://www.etreproprio.com/immobilier-23802279-vente-bien-tres-rare-sur-st-marc-brest
BREST,Maison 85m² à brest,https://www.etreproprio.com/immobilier-23289852-vente-maison-85m-a-brest-brest
CARANTEC,Maison carantec 7 pièces 164 m²,https://www.etreproprio.com/immobilier-23879643-vente-maison-carantec-7-pieces-164-m-carantec
CARANTEC,Maison vue mer carantec 139 m² 8 pièces,https://www.etreproprio.com/immobilier-23879637-vente-maison-vue-mer-carantec-139-m-8-pieces-carantec
CARANTEC,Maison carantec 5 pièces 150 m²,https://www.etreproprio.com/immobilier-23879635-vente-maison-carantec-5-pieces-150-m-carantec
CARANTEC,Maison carantec 9 pièces 240 m²,https://www.etreproprio.com/immobilier-23879645-vente-maison-carantec-9-pieces-240-m-carantec
CARANTEC,Maison carantec 250 m²,https://www.etreproprio.com/immobilier-23879648-vente-maison-carantec-250-m-carantec
CARANTEC,Maison carantec 6 pièces 112 m²,https://www.etreproprio.com/immobilier-23879641-vente-maison-carantec-6-pieces-112-m-carantec
CARANTEC,Maison carantec 81 m²,https://www.etreproprio.com/immobilier-23879636-vente-maison-carantec-81-m-carantec
CARANTEC,Maison carantec 4 pièces 119 m²,https://www.etreproprio.com/immobilier-23879644-vente-maison-carantec-4-pieces-119-m-carantec
CARANTEC,Maison carantec 172 m²,https://www.etreproprio.com/immobilier-23879642-vente-maison-carantec-172-m-carantec
CARANTEC,A vendre. maison. carantec.,https://www.etreproprio.com/immobilier-23841608-vente-a-vendre-maison-carantec-carantec
CARANTEC,Maison carantec 7 pièce(s) 201 m2,https://www.etreproprio.com/immobilier-23830069-vente-maison-carantec-7-pieces-201-m2-carantec
CARANTEC,Maison 81m² à carantec,https://www.etreproprio.com/immobilier-23596676-vente-maison-81m-a-carantec-carantec
CARANTEC,Maison 70m² à carantec,https://www.etreproprio.com/immobilier-23820803-vente-maison-70m-a-carantec-carantec
CARANTEC,Maison 50m² à carantec,https://www.etreproprio.com/immobilier-23820804-vente-maison-50m-a-carantec-carantec
CARANTEC,A vendre. maison. carantec.,https://www.etreproprio.com/immobilier-22279833-vente-a-vendre-maison-carantec-carantec
CARANTEC,Maison carantec 4 pièce(s) 85 m2,https://www.etreproprio.com/immobilier-23702612-vente-maison-carantec-4-pieces-85-m2-carantec
CARANTEC,A vendre. maison vue mer. carantec.,https://www.etreproprio.com/immobilier-23497510-vente-a-vendre-maison-vue-mer-carantec-carantec
CARANTEC,A vendre. carantec. maison d'architecte.,https://www.etreproprio.com/immobilier-21667490-vente-a-vendre-carantec-maison-d-architecte-carantec
CARANTEC,Maison carantec 6 pièce(s) 142 m2,https://www.etreproprio.com/immobilier-19534354-vente-maison-carantec-6-pieces-142-m2-carantec
CARANTEC,Exclusivite. maison à vendre à carantec. offre acceptee !,https://www.etreproprio.com/immobilier-22917978-vente-exclusivite-maison-a-vendre-a-carantec-offre-acceptee-carantec
CAMARET-SUR-MER,Maison à rénover avec vue imprenable sur le port,https://www.etreproprio.com/immobilier-23310805-vente-maison-a-renover-avec-vue-imprenable-sur-le-port-camaret-sur-mer
CAMARET-SUR-MER,Maison à rénover avec vue imprenable sur le port,https://www.etreproprio.com/immobilier-23311816-vente-maison-a-renover-avec-vue-imprenable-sur-le-port-camaret-sur-mer
CAMARET-SUR-MER,Maison à vendre 5 pièces camaret sur mer (29),https://www.etreproprio.com/immobilier-23285985-vente-maison-a-vendre-5-pieces-camaret-sur-mer-29-camaret-sur-mer
CAMARET-SUR-MER,Charmante maison à vendre à camaret sur mer !,https://www.etreproprio.com/immobilier-23280004-vente-charmante-maison-a-vendre-a-camaret-sur-mer-camaret-sur-mer
CAMARET-SUR-MER,Maison familiale de 2005 avec sous-sol complet et environnement calme,https://www.etreproprio.com/immobilier-23201827-vente-maison-familiale-de-2005-avec-sous-sol-complet-et-environnement-calme-camaret-sur-mer
CAMARET-SUR-MER,Maison 96m² à camaret-sur-mer,https://www.etreproprio.com/immobilier-22927433-vente-maison-96m-a-camaret-sur-mer-camaret-sur-mer
CAMARET-SUR-MER,Maison dans hyper centre,https://www.etreproprio.com/immobilier-23137224-vente-maison-dans-hyper-centre-camaret-sur-mer
CAMARET-SUR-MER,Maison à vendre 7 pièces camaret sur mer (29),https://www.etreproprio.com/immobilier-21403119-vente-maison-a-vendre-7-pieces-camaret-sur-mer-29-camaret-sur-mer
CAMARET-SUR-MER,Maison dans hyper centre,https://www.etreproprio.com/immobilier-23137157-vente-maison-dans-hyper-centre-camaret-sur-mer
CAMARET-SUR-MER,Maison à vendre 9 pièces camaret sur mer (29),https://www.etreproprio.com/immobilier-23003841-vente-maison-a-vendre-9-pieces-camaret-sur-mer-29-camaret-sur-mer
CAMARET-SUR-MER,Contemporaine plain pied 2024 - tout confort - camaret sur mer,https://www.etreproprio.com/immobilier-22114578-vente-contemporaine-plain-pied-2024-tout-confort-camaret-sur-mer-camaret-sur-mer
CAMARET-SUR-MER,Camaret-sur-mer maison t5,https://www.etreproprio.com/immobilier-22921836-vente-camaret-sur-mer-maison-t5-camaret-sur-mer
CAMARET-SUR-MER,Camaret-sur-mer maison t5,https://www.etreproprio.com/immobilier-22921840-vente-camaret-sur-mer-maison-t5-camaret-sur-mer
CAMARET-SUR-MER,Maison à vendre 7 pièces camaret sur mer (29),https://www.etreproprio.com/immobilier-21027894-vente-maison-a-vendre-7-pieces-camaret-sur-mer-29-camaret-sur-mer
CAMARET-SUR-MER,Spacieuse villa familiale avec jardin et terrasse plein sud,https://www.etreproprio.com/immobilier-22779472-vente-spacieuse-villa-familiale-avec-jardin-et-terrasse-plein-sud-camaret-sur-mer
CAMARET-SUR-MER,Spacieuse villa familiale avec jardin et terrasse plein sud,https://www.etreproprio.com/immobilier-22777366-vente-spacieuse-villa-familiale-avec-jardin-et-terrasse-plein-sud-camaret-sur-mer
CAMARET-SUR-MER,Maison familiale à camaret,https://www.etreproprio.com/immobilier-22407659-vente-maison-familiale-a-camaret-camaret-sur-mer
CAMARET-SUR-MER,Maison de pêcheur à rénover – vue port – camaret-sur-mer,https://www.etreproprio.com/immobilier-22737437-vente-maison-de-pecheur-a-renover-vue-port-camaret-sur-mer-camaret-sur-mer
CAMARET-SUR-MER,Rare en centre-ville de camaret-sur-mer !,https://www.etreproprio.com/immobilier-21641537-vente-rare-en-centre-ville-de-camaret-sur-mer-camaret-sur-mer
CAMARET-SUR-MER,Rare en centre-ville de camaret-sur-mer !,https://www.etreproprio.com/immobilier-21641473-vente-rare-en-centre-ville-de-camaret-sur-mer-camaret-sur-mer
BREST,Finistere - brest (29200) - a vendre - maison - annee 50 -  t5 - 4 chambres - aucuns travaux - calme - dpe d - garage - sous sol,https://www.etreproprio.com/immobilier-23781587-vente-finistere-brest-29200-a-vendre-maison-annee-50-t5-4-chambres-aucuns-travaux-calme-dpe-d-garage-sous-sol-brest
BREST,"Brest - les quatre moulins maison 166 m2, 8 pièces",https://www.etreproprio.com/immobilier-23779559-vente-brest-les-quatre-moulins-maison-166-m2-8-pieces-brest
BREST,Aux portes de brest ! maison contemporaine de 2021 !,https://www.etreproprio.com/immobilier-23779573-vente-aux-portes-de-brest-maison-contemporaine-de-2021-brest
BREST,A vendre   brest cavale blanche   maison    4 chambres   jardin   garage,https://www.etreproprio.com/immobilier-23777113-vente-a-vendre-brest-cavale-blanche-maison-4-chambres-jardin-garage-brest
BREST,Charmante maison à vendre à brest - laissez-vous séduire !,https://www.etreproprio.com/immobilier-23777114-vente-charmante-maison-a-vendre-a-brest-laissez-vous-seduire-brest
BREST,Finistere - brest (29200) - a vendre - maison individuelle t7 131m² - 5 chambres - nombreuses possibilites - garage sur terrain,https://www.etreproprio.com/immobilier-23781589-vente-finistere-brest-29200-a-vendre-maison-individuelle-t7-131m-5-chambres-nombreuses-possibilites-garage-sur-terrain-brest
BREST,Maison 90m² à brest,https://www.etreproprio.com/immobilier-23767879-vente-maison-90m-a-brest-brest
BREST,Vente maison brest(29200) 375 000ï¿œ,https://www.etreproprio.com/immobilier-23764425-vente-vente-maison-brest29200-375-000i-oe-brest
BREST,A vendre brest le guelmeur maison 120 m² habitables 4 chambres sous sol garage,https://www.etreproprio.com/immobilier-23637695-vente-a-vendre-brest-le-guelmeur-maison-120-m-habitables-4-chambres-sous-sol-garage-brest
BREST,Brest maison récente 81 m² - 3 chambres - quartier calme de kervao,https://www.etreproprio.com/immobilier-23752841-vente-brest-maison-recente-81-m-3-chambres-quartier-calme-de-kervao-brest
BREST,A vendre  brest  kerbonne  maison  t5  3 chambres  plain pied  hangar  jardin,https://www.etreproprio.com/immobilier-23176037-vente-a-vendre-brest-kerbonne-maison-t5-3-chambres-plain-pied-hangar-jardin-brest
BREST,Finistere - brest (29200) - a vendre - maison t4 - piece de vie de 40m² avec acces direct au jardin - piscine spa a etudier - pr,https://www.etreproprio.com/immobilier-23747595-vente-finistere-brest-29200-a-vendre-maison-t4-piece-de-vie-de-40m-avec-acces-direct-au-jardin-piscine-spa-a-etudier-pr-brest
BREST,A vendre maison brest 4 chambres,https://www.etreproprio.com/immobilier-23739334-vente-a-vendre-maison-brest-4-chambres-brest
BREST,Maison 83m² à brest,https://www.etreproprio.com/immobilier-23741867-vente-maison-83m-a-brest-brest
BREST,Maison 131m² à brest,https://www.etreproprio.com/immobilier-23730450-vente-maison-131m-a-brest-brest
BREST,Maison 82m² à brest,https://www.etreproprio.com/immobilier-23730641-vente-maison-82m-a-brest-brest
BREST,A vendre brest  lambézellec  maison familiale  4 chambres  jardin  garage,https://www.etreproprio.com/immobilier-23724703-vente-a-vendre-brest-lambezellec-maison-familiale-4-chambres-jardin-garage-brest
BREST,Maison de caractère au cœur de brest – un havre de paix en pleine ville,https://www.etreproprio.com/immobilier-23715569-vente-maison-de-caractere-au-coeur-de-brest-un-havre-de-paix-en-pleine-ville-brest
BREST,Maison 82m² à brest,https://www.etreproprio.com/immobilier-23711905-vente-maison-82m-a-brest-brest
BREST,"Maison 115 m² -  terrain 745 m² - brest lambézellec, proche bohars",https://www.etreproprio.com/immobilier-23111588-vente-maison-115-m-terrain-745-m-brest-lambezellec-proche-bohars-brest
CAMARET-SUR-MER,Jolie maison proche mer et commerces   idéal vacances ou investissement,https://www.etreproprio.com/immobilier-22712773-vente-jolie-maison-proche-mer-et-commerces-ideal-vacances-ou-investissement-camaret-sur-mer
CAMARET-SUR-MER,"Longère en pierre pleine de charme, au calme et proche de l’hyper centre",https://www.etreproprio.com/immobilier-22684578-vente-longere-en-pierre-pleine-de-charme-au-calme-et-proche-de-l-hyper-centre-camaret-sur-mer
CAMARET-SUR-MER,"Longère en pierre pleine de charme, au calme et proche de l'",https://www.etreproprio.com/immobilier-22684750-vente-longere-en-pierre-pleine-de-charme-au-calme-et-proche-de-l-camaret-sur-mer
CAMARET-SUR-MER,À vendre – camaret-sur-mer  spacieuse maison traditionnelle à deux pas des plages et du centre-ville,https://www.etreproprio.com/immobilier-21895743-vente-a-vendre-camaret-sur-mer-spacieuse-maison-traditionnelle-a-deux-pas-des-plages-et-du-centre-ville-camaret-sur-mer
CAMARET-SUR-MER,Authentique maison bretonne proche du port de camaret-sur-mer,https://www.etreproprio.com/immobilier-22657791-vente-authentique-maison-bretonne-proche-du-port-de-camaret-sur-mer-camaret-sur-mer
CAMARET-SUR-MER,Maison de caractère à vendre à camaret-sur-mer – à deux pas du port et des commerces,https://www.etreproprio.com/immobilier-22657113-vente-maison-de-caractere-a-vendre-a-camaret-sur-mer-a-deux-pas-du-port-et-des-commerces-camaret-sur-mer
CAMARET-SUR-MER,"Camaret-sur-mer – maison de ville pleine de charme, au cœur du quartier des artistes",https://www.etreproprio.com/immobilier-22616091-vente-camaret-sur-mer-maison-de-ville-pleine-de-charme-au-coeur-du-quartier-des-artistes-camaret-sur-mer
CAMARET-SUR-MER,Maison 295m² à camaret-sur-mer,https://www.etreproprio.com/immobilier-22577406-vente-maison-295m-a-camaret-sur-mer-camaret-sur-mer
CAMARET-SUR-MER,Maison de pêcheur avec annexe locative,https://www.etreproprio.com/immobilier-22571869-vente-maison-de-pecheur-avec-annexe-locative-camaret-sur-mer
CAMARET-SUR-MER,Maison de pêcheur avec annexe locative,https://www.etreproprio.com/immobilier-22571854-vente-maison-de-pecheur-avec-annexe-locative-camaret-sur-mer
CAMARET-SUR-MER,Maison plain-pied au centre ville,https://www.etreproprio.com/immobilier-22474725-vente-maison-plain-pied-au-centre-ville-camaret-sur-mer
CAMARET-SUR-MER,Maison plain-pied au centre ville,https://www.etreproprio.com/immobilier-21589345-vente-maison-plain-pied-au-centre-ville-camaret-sur-mer
CAMARET-SUR-MER,"Maison familiale avec jardin, proche commerces et quais camaret sur mer",https://www.etreproprio.com/immobilier-22209989-vente-maison-familiale-avec-jardin-proche-commerces-et-quais-camaret-sur-mer-camaret-sur-mer
CAMARET-SUR-MER,Spacieuse propriété située à proximité immédiate de la plage,https://www.etreproprio.com/immobilier-22112313-vente-spacieuse-propriete-situee-a-proximite-immediate-de-la-plage-camaret-sur-mer
CAMARET-SUR-MER,Maison 84m² à camaret-sur-mer,https://www.etreproprio.com/immobilier-22111185-vente-maison-84m-a-camaret-sur-mer-camaret-sur-mer
CAMARET-SUR-MER,"Maison spacieuse à camaret-sur-mer, à deux pas de la plage !",https://www.etreproprio.com/immobilier-21907087-vente-maison-spacieuse-a-camaret-sur-mer-a-deux-pas-de-la-plage-camaret-sur-mer
CAMARET-SUR-MER,Charmante maison néo-bretonne sur sous-sol,https://www.etreproprio.com/immobilier-21795918-vente-charmante-maison-neo-bretonne-sur-sous-sol-camaret-sur-mer
CAMARET-SUR-MER,Maison sur le port de camaret-sur-mer,https://www.etreproprio.com/immobilier-21580891-vente-maison-sur-le-port-de-camaret-sur-mer-camaret-sur-mer
CAMARET-SUR-MER,Penty traditionnel,https://www.etreproprio.com/immobilier-21465122-vente-penty-traditionnel-camaret-sur-mer
CAMARET-SUR-MER,"Contemporaine en bois avec vue mer, à 500m de la plage  camaret sur mer",https://www.etreproprio.com/immobilier-21395050-vente-contemporaine-en-bois-avec-vue-mer-a-500m-de-la-plage-camaret-sur-mer-camaret-sur-mer
CARANTEC,A vendre. carantec. maison vue mer,https://www.etreproprio.com/immobilier-21143122-vente-a-vendre-carantec-maison-vue-mer-carantec
CARANTEC,A vendre. maison. carantec.,https://www.etreproprio.com/immobilier-22689620-vente-a-vendre-maison-carantec-carantec
CARANTEC,Maison  6 pièce(s) 112 m2,https://www.etreproprio.com/immobilier-23481705-vente-maison-6-pieces-112-m2-carantec
CARANTEC,A vendre en exclusivité. maison. carantec,https://www.etreproprio.com/immobilier-22694469-vente-a-vendre-en-exclusivite-maison-carantec-carantec
CARANTEC,A vendre a carantec demeure familiale avec situation exceptionnelle  réf : 2022117,https://www.etreproprio.com/immobilier-23181206-vente-a-vendre-a-carantec-demeure-familiale-avec-situation-exceptionnelle-ref-2022117-carantec
CARANTEC,Maison 172m² à carantec,https://www.etreproprio.com/immobilier-23016778-vente-maison-172m-a-carantec-carantec
CARANTEC,Maison carantec 5 pièces 110 m2,https://www.etreproprio.com/immobilier-22211283-vente-maison-carantec-5-pieces-110-m2-carantec
CARANTEC,Maison 170m² à carantec,https://www.etreproprio.com/immobilier-22548086-vente-maison-170m-a-carantec-carantec
CARANTEC,Maison carantec 7 pièce(s) 119 m2,https://www.etreproprio.com/immobilier-22520318-vente-maison-carantec-7-pieces-119-m2-carantec
CARANTEC,Maison carantec 6 pièce(s) 135 m2,https://www.etreproprio.com/immobilier-20233066-vente-maison-carantec-6-pieces-135-m2-carantec
CARANTEC,Maison 70m² à carantec,https://www.etreproprio.com/immobilier-22399988-vente-maison-70m-a-carantec-carantec
CARANTEC,Maison 70m² à carantec,https://www.etreproprio.com/immobilier-22399980-vente-maison-70m-a-carantec-carantec
CARANTEC,Maison 70m² à carantec,https://www.etreproprio.com/immobilier-22399989-vente-maison-70m-a-carantec-carantec
CARANTEC,Maison 70m² à carantec,https://www.etreproprio.com/immobilier-22399990-vente-maison-70m-a-carantec-carantec
CARANTEC,Maison 70m² à carantec,https://www.etreproprio.com/immobilier-22399994-vente-maison-70m-a-carantec-carantec
CARANTEC,Maison 70m² à carantec,https://www.etreproprio.com/immobilier-22399992-vente-maison-70m-a-carantec-carantec
CARANTEC,Maison 50m² à carantec,https://www.etreproprio.com/immobilier-22399985-vente-maison-50m-a-carantec-carantec
CARANTEC,Maison 50m² à carantec,https://www.etreproprio.com/immobilier-22399981-vente-maison-50m-a-carantec-carantec
CARANTEC,Maison 50m² à carantec,https://www.etreproprio.com/immobilier-22399984-vente-maison-50m-a-carantec-carantec
CARANTEC,Maison 50m² à carantec,https://www.etreproprio.com/immobilier-22399983-vente-maison-50m-a-carantec-carantec
BREST,Maison a vendre brest guelmeur,https://www.etreproprio.com/immobilier-22901590-vente-maison-a-vendre-brest-guelmeur-brest
BREST,Maison sur brest,https://www.etreproprio.com/immobilier-23705244-vente-maison-sur-brest-brest
BREST,Maison brest kerbonne- en impasse- quartier prisé,https://www.etreproprio.com/immobilier-23697948-vente-maison-brest-kerbonne-en-impasse-quartier-prise-brest
BREST,Maison en pierres,https://www.etreproprio.com/immobilier-23705195-vente-maison-en-pierres-brest
BREST,Finistere - brest (29200) - a vendre - maison - 6 pieces - 111 m² - 4 chambres - non mitoyenne - jardin clos -  garage  - quarti,https://www.etreproprio.com/immobilier-23693639-vente-finistere-brest-29200-a-vendre-maison-6-pieces-111-m-4-chambres-non-mitoyenne-jardin-clos-garage-quarti-brest
BREST,"Élégante maison rénovée – quartier haut de kerinou, brest",https://www.etreproprio.com/immobilier-22857047-vente-elegante-maison-renovee-quartier-haut-de-kerinou-brest-brest
BREST,Maison 97m² à brest,https://www.etreproprio.com/immobilier-23669975-vente-maison-97m-a-brest-brest
BREST,Maison 141m2 - saint marc,https://www.etreproprio.com/immobilier-23594176-vente-maison-141m2-saint-marc-brest
BREST,Maison 158m² à brest,https://www.etreproprio.com/immobilier-23664359-vente-maison-158m-a-brest-brest
BREST,Maison 90m² à brest,https://www.etreproprio.com/immobilier-22724597-vente-maison-90m-a-brest-brest
BREST,Maison brest 6  pièce(s) à rénover,https://www.etreproprio.com/immobilier-23654435-vente-maison-brest-6-pieces-a-renover-brest
BREST,A vendre maison brest rive gauche 6 pièces 93.26 m2,https://www.etreproprio.com/immobilier-23654436-vente-a-vendre-maison-brest-rive-gauche-6-pieces-9326-m2-brest
BREST,Finistere - brest (29200) - a vendre - maison - 3 chambres - piece de vie lumineuse -  jardin - garage - proche toutes commodite,https://www.etreproprio.com/immobilier-23652105-vente-finistere-brest-29200-a-vendre-maison-3-chambres-piece-de-vie-lumineuse-jardin-garage-proche-toutes-commodite-brest
BREST,Brest - saint martin - maison de ville 110m² - garage,https://www.etreproprio.com/immobilier-22408163-vente-brest-saint-martin-maison-de-ville-110m-garage-brest
BREST,Finistere - brest (29200) - a vendre - maison de charme des annees 30 de 150 m² avec jardin clos et garage - 4 chambres - renova,https://www.etreproprio.com/immobilier-23652102-vente-finistere-brest-29200-a-vendre-maison-de-charme-des-annees-30-de-150-m-avec-jardin-clos-et-garage-4-chambres-renova-brest
BREST,"En exclusivité orpi !! brest saint pierre,  maison au calme non mitoyenne",https://www.etreproprio.com/immobilier-23643336-vente-en-exclusivite-orpi-brest-saint-pierre-maison-au-calme-non-mitoyenne-brest
BREST,"En exclusivité orpi !! brest saint pierre,  maison au calme non mitoyenne",https://www.etreproprio.com/immobilier-23643364-vente-en-exclusivite-orpi-brest-saint-pierre-maison-au-calme-non-mitoyenne-brest
BREST,Élégante maison de ville rénovée – quartier saint-marc brest,https://www.etreproprio.com/immobilier-23644554-vente-elegante-maison-de-ville-renovee-quartier-saint-marc-brest-brest
BREST,Finistere - brest (29200) - a vendre - maison de 150 m² avec extension contemporaine - espace de vie +60 m² - 3/4 chambres - jar,https://www.etreproprio.com/immobilier-23643339-vente-finistere-brest-29200-a-vendre-maison-de-150-m-avec-extension-contemporaine-espace-de-vie-60-m-34-chambres-jar-brest
BREST,Brest lambezellec maison non mitoyenne de 98m² avec 4 chambres,https://www.etreproprio.com/immobilier-23471460-vente-brest-lambezellec-maison-non-mitoyenne-de-98m-avec-4-chambres-brest
CARANTEC,Maison 50m² à carantec,https://www.etreproprio.com/immobilier-22399982-vente-maison-50m-a-carantec-carantec
CARANTEC,Maison 70m² à carantec,https://www.etreproprio.com/immobilier-22399987-vente-maison-70m-a-carantec-carantec
CARANTEC,Maison 70m² à carantec,https://www.etreproprio.com/immobilier-22399991-vente-maison-70m-a-carantec-carantec
CARANTEC,Maison carantec 8 pièce(s) 190 m2,https://www.etreproprio.com/immobilier-22377352-vente-maison-carantec-8-pieces-190-m2-carantec
CARANTEC,A vendre. maison/appartement. carantec.,https://www.etreproprio.com/immobilier-22286100-vente-a-vendre-maisonappartement-carantec-carantec
CARANTEC,Maison 310m² à carantec,https://www.etreproprio.com/immobilier-22246833-vente-maison-310m-a-carantec-carantec
CARANTEC,Maison vue de mer carentec,https://www.etreproprio.com/immobilier-22183967-vente-maison-vue-de-mer-carentec-carantec
CARANTEC,A vendre. villa vue mer à carantec.,https://www.etreproprio.com/immobilier-21269801-vente-a-vendre-villa-vue-mer-a-carantec-carantec
CARANTEC,Maison carantec 5 pièce(s) 105 m2,https://www.etreproprio.com/immobilier-21670731-vente-maison-carantec-5-pieces-105-m2-carantec
CARANTEC,A vendre. maison à vendre. carantec.,https://www.etreproprio.com/immobilier-21143124-vente-a-vendre-maison-a-vendre-carantec-carantec
CARANTEC,Maison carantec 6 pièce(s) 140 m2,https://www.etreproprio.com/immobilier-18836590-vente-maison-carantec-6-pieces-140-m2-carantec
CARANTEC,Maison 70m² à carantec,https://www.etreproprio.com/immobilier-21398071-vente-maison-70m-a-carantec-carantec
CARANTEC,Maison 70m² à carantec,https://www.etreproprio.com/immobilier-21398070-vente-maison-70m-a-carantec-carantec
CARANTEC,Maison 70m² à carantec,https://www.etreproprio.com/immobilier-21353435-vente-maison-70m-a-carantec-carantec
CARANTEC,Maison 70m² à carantec,https://www.etreproprio.com/immobilier-21353436-vente-maison-70m-a-carantec-carantec
CARANTEC,Maison 50m² à carantec,https://www.etreproprio.com/immobilier-21353437-vente-maison-50m-a-carantec-carantec
CARANTEC,Maison 50m² à carantec,https://www.etreproprio.com/immobilier-21353438-vente-maison-50m-a-carantec-carantec
CARANTEC,Maison 70m² à carantec,https://www.etreproprio.com/immobilier-21345139-vente-maison-70m-a-carantec-carantec
CARANTEC,Maison 50m² à carantec,https://www.etreproprio.com/immobilier-21335409-vente-maison-50m-a-carantec-carantec
CARANTEC,Maison 50m² à carantec,https://www.etreproprio.com/immobilier-21335408-vente-maison-50m-a-carantec-carantec
CAMARET-SUR-MER,Penty traditionnel,https://www.etreproprio.com/immobilier-21196510-vente-penty-traditionnel-camaret-sur-mer
CARANTEC,Maison 70m² à carantec,https://www.etreproprio.com/immobilier-21335411-vente-maison-70m-a-carantec-carantec
CARANTEC,Maison 70m² à carantec,https://www.etreproprio.com/immobilier-21335410-vente-maison-70m-a-carantec-carantec
CARANTEC,Maison 70m² à carantec,https://www.etreproprio.com/immobilier-21323840-vente-maison-70m-a-carantec-carantec
CARANTEC,Maison 50m² à carantec,https://www.etreproprio.com/immobilier-21317986-vente-maison-50m-a-carantec-carantec
CARANTEC,Villa luxe première ligne golf nueva andalucía vues imprenables,https://www.etreproprio.com/immobilier-20908578-vente-villa-luxe-premiere-ligne-golf-nueva-andalucia-vues-imprenables-carantec
CARANTEC,"Villa de luxe à nueva andalucia, marbella",https://www.etreproprio.com/immobilier-20647698-vente-villa-de-luxe-a-nueva-andalucia-marbella-carantec
CARANTEC,Nueva andalucia - exquise villa méditerranéenne,https://www.etreproprio.com/immobilier-19448430-vente-nueva-andalucia-exquise-villa-mediterraneenne-carantec
CARANTEC,Superbe villa moderne avec emplacement de choix en nueva andalucia,https://www.etreproprio.com/immobilier-19407670-vente-superbe-villa-moderne-avec-emplacement-de-choix-en-nueva-andalucia-carantec
CARANTEC,Villa de luxe sensationnelle dans la vallée du golf,https://www.etreproprio.com/immobilier-19375871-vente-villa-de-luxe-sensationnelle-dans-la-vallee-du-golf-carantec
CARANTEC,Superbe villa méditerranéenne au coeur de la vallée du golf,https://www.etreproprio.com/immobilier-19375870-vente-superbe-villa-mediterraneenne-au-coeur-de-la-vallee-du-golf-carantec
CARANTEC,Spectaculaire villa  récente à quelques pas de la plage,https://www.etreproprio.com/immobilier-19331738-vente-spectaculaire-villa-recente-a-quelques-pas-de-la-plage-carantec
CARANTEC,Villa moderne captivante avec intérieurs sur mesure,https://www.etreproprio.com/immobilier-19331737-vente-villa-moderne-captivante-avec-interieurs-sur-mesure-carantec
CARANTEC,Villa de luxe - vues panoramiques - nueva andaucia,https://www.etreproprio.com/immobilier-19311759-vente-villa-de-luxe-vues-panoramiques-nueva-andaucia-carantec
CARANTEC,Superbe villa renovée à nueva andalucia,https://www.etreproprio.com/immobilier-19280406-vente-superbe-villa-renovee-a-nueva-andalucia-carantec
CARANTEC,Villa - alhambra - 12 chambres - nueva andalucia,https://www.etreproprio.com/immobilier-19270518-vente-villa-alhambra-12-chambres-nueva-andalucia-carantec
BREST,A vendre maison t7 plus salle de reception a brest lambezellec,https://www.etreproprio.com/immobilier-23637996-vente-a-vendre-maison-t7-plus-salle-de-reception-a-brest-lambezellec-brest
BREST,A vendre brest maison plain pied quartier vieux st marc,https://www.etreproprio.com/immobilier-23047229-vente-a-vendre-brest-maison-plain-pied-quartier-vieux-st-marc-brest
BREST,Finistere - brest (29200) - a vendre - maison t6 145m² - 4 chambres - garage - terrain clos 500m² - belle piece de vie,https://www.etreproprio.com/immobilier-23623093-vente-finistere-brest-29200-a-vendre-maison-t6-145m-4-chambres-garage-terrain-clos-500m-belle-piece-de-vie-brest
BREST,"Barraine immo, a vendre à brest, secteur bergot , ensemble immobilier t8 6 chambres et deux studios  entièrement rénové",https://www.etreproprio.com/immobilier-22680591-vente-barraine-immo-a-vendre-a-brest-secteur-bergot-ensemble-immobilier-t8-6-chambres-et-deux-studios-entierement-renove-brest
BREST,Maison brest 7 pièce(s) 150 m2,https://www.etreproprio.com/immobilier-19724228-vente-maison-brest-7-pieces-150-m2-brest
BREST,"Coup de coeur expertimo   demeure d’architecte à kerangall, entre le moulin blanc et saint-marc",https://www.etreproprio.com/immobilier-23615140-vente-coup-de-coeur-expertimo-demeure-d-architecte-a-kerangall-entre-le-moulin-blanc-et-saint-marc-brest
BREST,"Maison brest  - saint-pierre, 6 pièces",https://www.etreproprio.com/immobilier-23601348-vente-maison-brest-saint-pierre-6-pieces-brest
BREST,"Nouveauté-a vendre- brest-maison de type 7, de 135 m²",https://www.etreproprio.com/immobilier-23599616-vente-nouveaute-a-vendre-brest-maison-de-type-7-de-135-m-brest
BREST,"Brest - st pierre, maison 6 pièces, 4 chambres",https://www.etreproprio.com/immobilier-23601350-vente-brest-st-pierre-maison-6-pieces-4-chambres-brest
BREST,Brest - belle maison t7,https://www.etreproprio.com/immobilier-22939016-vente-brest-belle-maison-t7-brest
BREST,Maison 82m² à brest,https://www.etreproprio.com/immobilier-23576839-vente-maison-82m-a-brest-brest
BREST,Exclusivité - rive droite - maison des années 30 - 4 chambres - très belle vue mer - petit jardinet - rare,https://www.etreproprio.com/immobilier-23567102-vente-exclusivite-rive-droite-maison-des-annees-30-4-chambres-tres-belle-vue-mer-petit-jardinet-rare-brest
BREST,Maison 90m² à brest,https://www.etreproprio.com/immobilier-23085897-vente-maison-90m-a-brest-brest
BREST,Maison brest 7 pièces 150 m²,https://www.etreproprio.com/immobilier-23556935-vente-maison-brest-7-pieces-150-m-brest
BREST,Maison 80m² à brest,https://www.etreproprio.com/immobilier-23490010-vente-maison-80m-a-brest-brest
BREST,Maison brest secteur saint-pierre - t6 80 m²,https://www.etreproprio.com/immobilier-23317246-vente-maison-brest-secteur-saint-pierre-t6-80-m-brest
BREST,A vendre - maison brest saint martin de 174m²  garage,https://www.etreproprio.com/immobilier-23510619-vente-a-vendre-maison-brest-saint-martin-de-174m-garage-brest
BREST,"Maison  brest  maison t5 avec terrasses, parking et garage 114 m2",https://www.etreproprio.com/immobilier-23512229-vente-maison-brest-maison-t5-avec-terrasses-parking-et-garage-114-m2-brest
BREST,Propriété de 1880 accès direct mer - aux portes de brest,https://www.etreproprio.com/immobilier-23497799-vente-propriete-de-1880-acces-direct-mer-aux-portes-de-brest-brest
BREST,"En exclusivité , maison à brest stangalard / le bot",https://www.etreproprio.com/immobilier-23502502-vente-en-exclusivite-maison-a-brest-stangalard-le-bot-brest
CARHAIX-PLOUGUER,Maison 140m² à carhaix-plouguer,https://www.etreproprio.com/immobilier-23894580-vente-maison-140m-a-carhaix-plouguer-carhaix-plouguer
CARHAIX-PLOUGUER,Maison 83m² à carhaix-plouguer,https://www.etreproprio.com/immobilier-23885178-vente-maison-83m-a-carhaix-plouguer-carhaix-plouguer
CARHAIX-PLOUGUER,Maison avec piscine couverte,https://www.etreproprio.com/immobilier-23869962-vente-maison-avec-piscine-couverte-carhaix-plouguer
CARHAIX-PLOUGUER,Magnifique propriété à vendre 13 pièces mael carhaix (22),https://www.etreproprio.com/immobilier-23876987-vente-magnifique-propriete-a-vendre-13-pieces-mael-carhaix-22-carhaix-plouguer
CARHAIX-PLOUGUER,Carhaix centre maison avec vie de plain-pied,https://www.etreproprio.com/immobilier-23541648-vente-carhaix-centre-maison-avec-vie-de-plain-pied-carhaix-plouguer
CARHAIX-PLOUGUER,Maison sur carhaix plouguer,https://www.etreproprio.com/immobilier-23855223-vente-maison-sur-carhaix-plouguer-carhaix-plouguer
CARHAIX-PLOUGUER,Finistère: carhaix. opportunité de rénovation. maison à deux étages sur un terrain de 870 m².,https://www.etreproprio.com/immobilier-23843044-vente-finistere-carhaix-opportunite-de-renovation-maison-a-deux-etages-sur-un-terrain-de-870-m-carhaix-plouguer
CARHAIX-PLOUGUER,Maison de 5 pièces de 75 m² située à carhaix-plouguer,https://www.etreproprio.com/immobilier-23804243-vente-maison-de-5-pieces-de-75-m-situee-a-carhaix-plouguer-carhaix-plouguer
CARHAIX-PLOUGUER,Maison 86m² à carhaix-plouguer,https://www.etreproprio.com/immobilier-23788798-vente-maison-86m-a-carhaix-plouguer-carhaix-plouguer
CARHAIX-PLOUGUER,Maison 123m² à carhaix-plouguer,https://www.etreproprio.com/immobilier-23767947-vente-maison-123m-a-carhaix-plouguer-carhaix-plouguer
CARHAIX-PLOUGUER,Maison 75m² à carhaix-plouguer,https://www.etreproprio.com/immobilier-23389602-vente-maison-75m-a-carhaix-plouguer-carhaix-plouguer
CARHAIX-PLOUGUER,"Carhaix, proche des commerces",https://www.etreproprio.com/immobilier-23141046-vente-carhaix-proche-des-commerces-carhaix-plouguer
CARHAIX-PLOUGUER,Maison 360m² à carhaix-plouguer,https://www.etreproprio.com/immobilier-23714084-vente-maison-360m-a-carhaix-plouguer-carhaix-plouguer
CARHAIX-PLOUGUER,Maison 103m² à carhaix-plouguer,https://www.etreproprio.com/immobilier-23102469-vente-maison-103m-a-carhaix-plouguer-carhaix-plouguer
CARHAIX-PLOUGUER,Maison 143m² à carhaix-plouguer,https://www.etreproprio.com/immobilier-23674094-vente-maison-143m-a-carhaix-plouguer-carhaix-plouguer
CARHAIX-PLOUGUER,Maison 118m² à carhaix-plouguer,https://www.etreproprio.com/immobilier-23631167-vente-maison-118m-a-carhaix-plouguer-carhaix-plouguer
CARHAIX-PLOUGUER,"En campagne, à 2 mn de carhaix",https://www.etreproprio.com/immobilier-23597348-vente-en-campagne-a-2-mn-de-carhaix-carhaix-plouguer
CARHAIX-PLOUGUER,Maison 103m² à carhaix-plouguer,https://www.etreproprio.com/immobilier-23592196-vente-maison-103m-a-carhaix-plouguer-carhaix-plouguer
CARHAIX-PLOUGUER,Maison de maître en centre-ville,https://www.etreproprio.com/immobilier-23575673-vente-maison-de-maitre-en-centre-ville-carhaix-plouguer
CARHAIX-PLOUGUER,Maison de charme au cœur de carhaix-plouguer - emplacement idéal – quartier calme – proximité immédiate des commodités,https://www.etreproprio.com/immobilier-22665281-vente-maison-de-charme-au-coeur-de-carhaix-plouguer-emplacement-ideal-quartier-calme-proximite-immediate-des-commodites-carhaix-plouguer
BREST,Brest kergonan maison t6,https://www.etreproprio.com/immobilier-22673046-vente-brest-kergonan-maison-t6-brest
BREST,Brest kergonan maison t6,https://www.etreproprio.com/immobilier-22673044-vente-brest-kergonan-maison-t6-brest
BREST,Finistere - brest (29200) - a vendre - charmante maison familiale - 6 pieces - 4 chambres - expo sud - pas de vis a vis - jardin,https://www.etreproprio.com/immobilier-23492839-vente-finistere-brest-29200-a-vendre-charmante-maison-familiale-6-pieces-4-chambres-expo-sud-pas-de-vis-a-vis-jardin-brest
BREST,Belle maison année 30- jardin 4 moulins,https://www.etreproprio.com/immobilier-22407673-vente-belle-maison-annee-30-jardin-4-moulins-brest
BREST,Maison 122m² à brest,https://www.etreproprio.com/immobilier-23478544-vente-maison-122m-a-brest-brest
BREST,Maison 5 chambres avec jardin a vendre brest,https://www.etreproprio.com/immobilier-22425791-vente-maison-5-chambres-avec-jardin-a-vendre-brest-brest
BREST,Exclusivité - brest - quartier 'la croix rouge' - 'kérinou' - maison - 108 m2 - extension récente - jardin clos,https://www.etreproprio.com/immobilier-23475291-vente-exclusivite-brest-quartier-la-croix-rouge-kerinou-maison-108-m2-extension-recente-jardin-clos-brest
BREST,Exclusivite brest kerbonne maison t7 119.56 m² - possibilité 170 m² habitables  - terrain clos 340 m²,https://www.etreproprio.com/immobilier-22504494-vente-exclusivite-brest-kerbonne-maison-t7-11956-m-possibilite-170-m-habitables-terrain-clos-340-m-brest
BREST,Maison en impasse,https://www.etreproprio.com/immobilier-23462491-vente-maison-en-impasse-brest
BREST,Finistere - brest (29200) - a vendre - maison - t5 - 4 chambres - beau potentiel - terrain arbore -  sous sol complet - garage -,https://www.etreproprio.com/immobilier-23449688-vente-finistere-brest-29200-a-vendre-maison-t5-4-chambres-beau-potentiel-terrain-arbore-sous-sol-complet-garage-brest
BREST,Maison a vendre brest lanredec,https://www.etreproprio.com/immobilier-22871381-vente-maison-a-vendre-brest-lanredec-brest
BREST,Kérangall - maison de charme de 129 m2,https://www.etreproprio.com/immobilier-23427690-vente-kerangall-maison-de-charme-de-129-m2-brest
BREST,Maison 113m² à brest,https://www.etreproprio.com/immobilier-23408732-vente-maison-113m-a-brest-brest
BREST,Maison 100 m - plain pied - 2 chambres - jardin paysage - veranda - en impasse,https://www.etreproprio.com/immobilier-23382658-vente-maison-100-m-plain-pied-2-chambres-jardin-paysage-veranda-en-impasse-brest
BREST,Maison 150m² à brest,https://www.etreproprio.com/immobilier-23372016-vente-maison-150m-a-brest-brest
BREST,Pilier rouge - petite maison individuelle avec terrasse et un lot de 3 garages (vendu avec locataires en place),https://www.etreproprio.com/immobilier-23379197-vente-pilier-rouge-petite-maison-individuelle-avec-terrasse-et-un-lot-de-3-garages-vendu-avec-locataires-en-place-brest
BREST,Maison 89m² à brest,https://www.etreproprio.com/immobilier-23231757-vente-maison-89m-a-brest-brest
BREST,Maison a vendre brest kervao proche bohars,https://www.etreproprio.com/immobilier-21228705-vente-maison-a-vendre-brest-kervao-proche-bohars-brest
BREST,Maison t6 113m² proche mer - port de la maison blanche,https://www.etreproprio.com/immobilier-23330037-vente-maison-t6-113m-proche-mer-port-de-la-maison-blanche-brest
BREST,charmante maison néo-bretonne - proche lycée la croix rouge,https://www.etreproprio.com/immobilier-22423463-vente-charmante-maison-neo-bretonne-proche-lycee-la-croix-rouge-brest
CAST,Maison sur cast,https://www.etreproprio.com/immobilier-23885986-vente-maison-sur-cast-cast
CAST,Maison 185m² à cast,https://www.etreproprio.com/immobilier-23780220-vente-maison-185m-a-cast-cast
CAST,Maison cast 5 pièce(s) 110 m2,https://www.etreproprio.com/immobilier-23688050-vente-maison-cast-5-pieces-110-m2-cast
CAST,"Maison, 4 pièces, de 12o m² à cast 29150",https://www.etreproprio.com/immobilier-23694432-vente-maison-4-pieces-de-12o-m-a-cast-29150-cast
CAST,Maison 110m² à cast,https://www.etreproprio.com/immobilier-23679627-vente-maison-110m-a-cast-cast
CAST,Maison cast 6 pièce(s) 129 m2,https://www.etreproprio.com/immobilier-23638973-vente-maison-cast-6-pieces-129-m2-cast
CAST,Maison 128m² à cast,https://www.etreproprio.com/immobilier-23631626-vente-maison-128m-a-cast-cast
CAST,Maison cast 6 pièce(s) 142 m2,https://www.etreproprio.com/immobilier-23568533-vente-maison-cast-6-pieces-142-m2-cast
CAST,Maison 142m² à cast,https://www.etreproprio.com/immobilier-23559271-vente-maison-142m-a-cast-cast
CAST,Maison de 235 m² à cast 29150,https://www.etreproprio.com/immobilier-22673785-vente-maison-de-235-m-a-cast-29150-cast
CAST,"Propriété 236m2, 7 pièces",https://www.etreproprio.com/immobilier-21347229-vente-propriete-236m2-7-pieces-cast
CAST,"Immeuble de 8 pièces, 182 m² à cast 29150",https://www.etreproprio.com/immobilier-21642722-vente-immeuble-de-8-pieces-182-m-a-cast-29150-cast
CARHAIX-PLOUGUER,Maison 230m² à carhaix-plouguer,https://www.etreproprio.com/immobilier-23547826-vente-maison-230m-a-carhaix-plouguer-carhaix-plouguer
CARHAIX-PLOUGUER,Maison à vendre 3 pièces carhaix plouguer (29),https://www.etreproprio.com/immobilier-23494826-vente-maison-a-vendre-3-pieces-carhaix-plouguer-29-carhaix-plouguer
CARHAIX-PLOUGUER,Maison 56m² à carhaix-plouguer,https://www.etreproprio.com/immobilier-23280639-vente-maison-56m-a-carhaix-plouguer-carhaix-plouguer
CARHAIX-PLOUGUER,Tres belle maison de plain pied de 112 m2 réalisée en 2018 dans le finistère en limite du morbihan - (10 min de gourin - 10 min,https://www.etreproprio.com/immobilier-23465131-vente-tres-belle-maison-de-plain-pied-de-112-m2-realisee-en-2018-dans-le-finistere-en-limite-du-morbihan-10-min-de-gourin-10-min-carhaix-plouguer
CARHAIX-PLOUGUER,Maison 110m² à carhaix-plouguer,https://www.etreproprio.com/immobilier-22743150-vente-maison-110m-a-carhaix-plouguer-carhaix-plouguer
CARHAIX-PLOUGUER,Maison 117m² à carhaix-plouguer,https://www.etreproprio.com/immobilier-23402644-vente-maison-117m-a-carhaix-plouguer-carhaix-plouguer
CARHAIX-PLOUGUER,Belle maison familiale au calme,https://www.etreproprio.com/immobilier-23393128-vente-belle-maison-familiale-au-calme-carhaix-plouguer
CARHAIX-PLOUGUER,Maison 89m² à carhaix-plouguer,https://www.etreproprio.com/immobilier-23387553-vente-maison-89m-a-carhaix-plouguer-carhaix-plouguer
CARHAIX-PLOUGUER,Ancien moulin,https://www.etreproprio.com/immobilier-23053790-vente-ancien-moulin-carhaix-plouguer
CARHAIX-PLOUGUER,"Carhaix, proche centre-ville",https://www.etreproprio.com/immobilier-23361354-vente-carhaix-proche-centre-ville-carhaix-plouguer
CARHAIX-PLOUGUER,Côtes-d'armor: plévin. 2 maisons en pierre rénovées au coeur d'un bourg avec potentiel de revenus.,https://www.etreproprio.com/immobilier-22158869-vente-cotes-d-armor-plevin-2-maisons-en-pierre-renovees-au-coeur-d-un-bourg-avec-potentiel-de-revenus-carhaix-plouguer
CARHAIX-PLOUGUER,Maison 234m² à carhaix-plouguer,https://www.etreproprio.com/immobilier-23339372-vente-maison-234m-a-carhaix-plouguer-carhaix-plouguer
CARHAIX-PLOUGUER,"Dpt finistère (29), à vendre carhaix plouguer maison p9 de 232 m² - terrain de 2133 m²",https://www.etreproprio.com/immobilier-21153566-vente-dpt-finistere-29-a-vendre-carhaix-plouguer-maison-p9-de-232-m-terrain-de-2133-m-carhaix-plouguer
CARHAIX-PLOUGUER,Exclusivité - maison à vendre 4 pièces carhaix plouguer (29),https://www.etreproprio.com/immobilier-22964828-vente-exclusivite-maison-a-vendre-4-pieces-carhaix-plouguer-29-carhaix-plouguer
CARHAIX-PLOUGUER,"Morbihan, à proximité de carhaix-plouguer : maison de 3 chambres avec jardin dans le village de trébrivan",https://www.etreproprio.com/immobilier-23279888-vente-morbihan-a-proximite-de-carhaix-plouguer-maison-de-3-chambres-avec-jardin-dans-le-village-de-trebrivan-carhaix-plouguer
CARHAIX-PLOUGUER,Exclusivité - carhaix-plouguer - maison de ville 6 pièces avec jardin - dpe c,https://www.etreproprio.com/immobilier-22068951-vente-exclusivite-carhaix-plouguer-maison-de-ville-6-pieces-avec-jardin-dpe-c-carhaix-plouguer
CARHAIX-PLOUGUER,Maison de caractère dans le centre de carhaix,https://www.etreproprio.com/immobilier-23024615-vente-maison-de-caractere-dans-le-centre-de-carhaix-carhaix-plouguer
CARHAIX-PLOUGUER,Maison 265m² à carhaix-plouguer,https://www.etreproprio.com/immobilier-22984875-vente-maison-265m-a-carhaix-plouguer-carhaix-plouguer
CARHAIX-PLOUGUER,Maison carhaix plouguer 7 pièce(s) 120 m2,https://www.etreproprio.com/immobilier-22940328-vente-maison-carhaix-plouguer-7-pieces-120-m2-carhaix-plouguer
CARHAIX-PLOUGUER,29270 carhaix maison proches toutes commodités et écoles 3 chambres garage bien isolée,https://www.etreproprio.com/immobilier-22881254-vente-29270-carhaix-maison-proches-toutes-commodites-et-ecoles-3-chambres-garage-bien-isolee-carhaix-plouguer
BREST,Maison 85m² à brest,https://www.etreproprio.com/immobilier-23306503-vente-maison-85m-a-brest-brest
BREST,Maison 4 pièces 87 m2 secteur croix-rouge,https://www.etreproprio.com/immobilier-22587056-vente-maison-4-pieces-87-m2-secteur-croix-rouge-brest
BREST,"Brest maison t7 de  2020, moderne, confortable et éco-performant",https://www.etreproprio.com/immobilier-23310321-vente-brest-maison-t7-de-2020-moderne-confortable-et-eco-performant-brest
BREST,Brest st marc-maison de ville de 2023-belles prestations,https://www.etreproprio.com/immobilier-23289367-vente-brest-st-marc-maison-de-ville-de-2023-belles-prestations-brest
BREST,Maison 205m² à brest,https://www.etreproprio.com/immobilier-23278049-vente-maison-205m-a-brest-brest
BREST,A vendre brest saint-martin appartement style loft belles prestations,https://www.etreproprio.com/immobilier-23270580-vente-a-vendre-brest-saint-martin-appartement-style-loft-belles-prestations-brest
BREST,Exclusivite barraine maison t6 4 chambres 120m² garage jardin kerbonne,https://www.etreproprio.com/immobilier-17900146-vente-exclusivite-barraine-maison-t6-4-chambres-120m-garage-jardin-kerbonne-brest
BREST,A  vendre maison de ville t5  secteur st martin à brest,https://www.etreproprio.com/immobilier-22886498-vente-a-vendre-maison-de-ville-t5-secteur-st-martin-a-brest-brest
BREST,"Brest, maison t8 de près de 200m2",https://www.etreproprio.com/immobilier-23250901-vente-brest-maison-t8-de-pres-de-200m2-brest
BREST,"Brest, maison t8 de près de 200m2",https://www.etreproprio.com/immobilier-23250895-vente-brest-maison-t8-de-pres-de-200m2-brest
BREST,Brest haut jaures  - proche place de starsbourg,https://www.etreproprio.com/immobilier-23218821-vente-brest-haut-jaures-proche-place-de-starsbourg-brest
BREST,Maison familiale - brest les capcucins,https://www.etreproprio.com/immobilier-23212723-vente-maison-familiale-brest-les-capcucins-brest
BREST,"Brest - rive gauche maison 125 m2, 7 pièces, 5 chambres, vie de plain pied",https://www.etreproprio.com/immobilier-23200314-vente-brest-rive-gauche-maison-125-m2-7-pieces-5-chambres-vie-de-plain-pied-brest
BREST,Maison 118m² à brest,https://www.etreproprio.com/immobilier-22691327-vente-maison-118m-a-brest-brest
BREST,Maison 4 chambre(s) à vendre,https://www.etreproprio.com/immobilier-23109058-vente-maison-4-chambres-a-vendre-brest
BREST,Maison 90m² à brest,https://www.etreproprio.com/immobilier-23150384-vente-maison-90m-a-brest-brest
BREST,"Exclusivité-brest-a vendre maison de type 8, non-mitoyenne, de199m², sur 1287m²deterrain",https://www.etreproprio.com/immobilier-23005288-vente-exclusivite-brest-a-vendre-maison-de-type-8-non-mitoyenne-de199m-sur-1287m-deterrain-brest
BREST,"Charmante maison familiale sur sous-sol - brest, quartier des 4 moulins",https://www.etreproprio.com/immobilier-23024071-vente-charmante-maison-familiale-sur-sous-sol-brest-quartier-des-4-moulins-brest
BREST,"Brest petit kerzu, maison 5 chambres en parfait etat",https://www.etreproprio.com/immobilier-22540532-vente-brest-petit-kerzu-maison-5-chambres-en-parfait-etat-brest
BREST,Triplex t6 a vendre brest,https://www.etreproprio.com/immobilier-21008287-vente-triplex-t6-a-vendre-brest-brest
CARHAIX-PLOUGUER,Maison 122m² à carhaix-plouguer,https://www.etreproprio.com/immobilier-22742888-vente-maison-122m-a-carhaix-plouguer-carhaix-plouguer
CARHAIX-PLOUGUER,Maison de quartier,https://www.etreproprio.com/immobilier-22443120-vente-maison-de-quartier-carhaix-plouguer
CARHAIX-PLOUGUER,Maison de ville,https://www.etreproprio.com/immobilier-22443115-vente-maison-de-ville-carhaix-plouguer
CARHAIX-PLOUGUER,"Finistère: landeleau. belle maison de campagne rénovée avec 3 ch, 2 sdb et jardin.",https://www.etreproprio.com/immobilier-21979950-vente-finistere-landeleau-belle-maison-de-campagne-renovee-avec-3-ch-2-sdb-et-jardin-carhaix-plouguer
CARHAIX-PLOUGUER,Maison 92m² à carhaix-plouguer,https://www.etreproprio.com/immobilier-22367672-vente-maison-92m-a-carhaix-plouguer-carhaix-plouguer
CARHAIX-PLOUGUER,"Finistere saint-hernin, une maison individuelle de 3 chambres avec dépendances",https://www.etreproprio.com/immobilier-21428215-vente-finistere-saint-hernin-une-maison-individuelle-de-3-chambres-avec-dependances-carhaix-plouguer
CARHAIX-PLOUGUER,Finistère: poullaouen. charmante maison de village de 2 chambres et 2 sdb avec potentiel d'extension.,https://www.etreproprio.com/immobilier-21327197-vente-finistere-poullaouen-charmante-maison-de-village-de-2-chambres-et-2-sdb-avec-potentiel-d-extension-carhaix-plouguer
CARHAIX-PLOUGUER,Maison 141m² à carhaix-plouguer,https://www.etreproprio.com/immobilier-21096179-vente-maison-141m-a-carhaix-plouguer-carhaix-plouguer
CARHAIX-PLOUGUER,Ancien relai de chasse et étang proche carhaix,https://www.etreproprio.com/immobilier-20940617-vente-ancien-relai-de-chasse-et-etang-proche-carhaix-carhaix-plouguer
CHATEAULIN,Maison d'architecte proche des plages en bretagne,https://www.etreproprio.com/immobilier-23906229-vente-maison-d-architecte-proche-des-plages-en-bretagne-chateaulin
CHATEAULIN,Maison 95 m2 / 1000m2 de terrain en centre ville,https://www.etreproprio.com/immobilier-22929769-vente-maison-95-m2-1000m2-de-terrain-en-centre-ville-chateaulin
CHATEAULIN,Maison 104m² à chateaulin,https://www.etreproprio.com/immobilier-23857800-vente-maison-104m-a-chateaulin-chateaulin
CHATEAULIN,"Charmante maison familiale à châteaulin – quartier calme, proche centre-ville",https://www.etreproprio.com/immobilier-23845350-vente-charmante-maison-familiale-a-chateaulin-quartier-calme-proche-centre-ville-chateaulin
CHATEAULIN,Maison chateaulin 5 pièce(s) 106 m2,https://www.etreproprio.com/immobilier-23038785-vente-maison-chateaulin-5-pieces-106-m2-chateaulin
CHATEAULIN,Maison à vendre 8 pièces chateaulin (29),https://www.etreproprio.com/immobilier-23285971-vente-maison-a-vendre-8-pieces-chateaulin-29-chateaulin
CHATEAULIN,Maison 106m² à chateaulin,https://www.etreproprio.com/immobilier-23040718-vente-maison-106m-a-chateaulin-chateaulin
CHATEAULIN,Maison 91m² à chateaulin,https://www.etreproprio.com/immobilier-23679626-vente-maison-91m-a-chateaulin-chateaulin
CHATEAULIN,"Maison chateaulin 4 pièce(s) 91,22 m2",https://www.etreproprio.com/immobilier-23678296-vente-maison-chateaulin-4-pieces-9122-m2-chateaulin
CHATEAULIN,Maison 200m² à chateaulin,https://www.etreproprio.com/immobilier-23569557-vente-maison-200m-a-chateaulin-chateaulin
CHATEAULIN,Maison 120m² à chateaulin,https://www.etreproprio.com/immobilier-23569559-vente-maison-120m-a-chateaulin-chateaulin
CHATEAULIN,Maison 45m² à chateaulin,https://www.etreproprio.com/immobilier-23559269-vente-maison-45m-a-chateaulin-chateaulin
CHATEAULIN,Maison châteaulin 3 pièce(s) 45.84 m2,https://www.etreproprio.com/immobilier-23556848-vente-maison-chateaulin-3-pieces-4584-m2-chateaulin
CHATEAULIN,Maison familiale au coeur de châteaulin,https://www.etreproprio.com/immobilier-23528825-vente-maison-familiale-au-coeur-de-chateaulin-chateaulin
CHATEAULIN,Fort potentiel,https://www.etreproprio.com/immobilier-23119833-vente-fort-potentiel-chateaulin
CHATEAULIN,Maison 3 chambres centre ville avec jardin,https://www.etreproprio.com/immobilier-22382190-vente-maison-3-chambres-centre-ville-avec-jardin-chateaulin
CHATEAULIN,Maison chateaulin 7 pièce(s) 152 m2,https://www.etreproprio.com/immobilier-22707207-vente-maison-chateaulin-7-pieces-152-m2-chateaulin
CHATEAULIN,Maison 152m² à chateaulin,https://www.etreproprio.com/immobilier-22709336-vente-maison-152m-a-chateaulin-chateaulin
CHATEAULIN,Maison de ville,https://www.etreproprio.com/immobilier-22933690-vente-maison-de-ville-chateaulin
CHATEAULIN,Maison 180m² à chateaulin,https://www.etreproprio.com/immobilier-22896187-vente-maison-180m-a-chateaulin-chateaulin
BREST,Maison 4 chambre(s) à vendre,https://www.etreproprio.com/immobilier-20900297-vente-maison-4-chambres-a-vendre-brest
BREST,Maison brest 8 pièce(s) 141 m2,https://www.etreproprio.com/immobilier-22520841-vente-maison-brest-8-pieces-141-m2-brest
BREST,A vendre  brest maison d'architecte de 215 m2 proche capucins,https://www.etreproprio.com/immobilier-21576252-vente-a-vendre-brest-maison-d-architecte-de-215-m2-proche-capucins-brest
BREST,Brest - forestou maison de maitre de 440 m2 avec terrain clos de 1364m2,https://www.etreproprio.com/immobilier-21576256-vente-brest-forestou-maison-de-maitre-de-440-m2-avec-terrain-clos-de-1364m2-brest
BREST,"Maison d'exception à vendre à brest - 7 pièces, 4 chambres dans un cadre de vie privilégié",https://www.etreproprio.com/immobilier-23068836-vente-maison-d-exception-a-vendre-a-brest-7-pieces-4-chambres-dans-un-cadre-de-vie-privilegie-brest
BREST,Maison brest st marc,https://www.etreproprio.com/immobilier-22135365-vente-maison-brest-st-marc-brest
BREST,Maison 122m² à brest,https://www.etreproprio.com/immobilier-23027525-vente-maison-122m-a-brest-brest
BREST,Exclusivite maison a vendre brest 6 pieces,https://www.etreproprio.com/immobilier-22998695-vente-exclusivite-maison-a-vendre-brest-6-pieces-brest
BREST,Maison de caractere,https://www.etreproprio.com/immobilier-22969748-vente-maison-de-caractere-brest
BREST,"Brest - cavale blanche maison 160 m2, 5 chambres",https://www.etreproprio.com/immobilier-22953858-vente-brest-cavale-blanche-maison-160-m2-5-chambres-brest
BREST,Maison t5 parfait etat,https://www.etreproprio.com/immobilier-22954247-vente-maison-t5-parfait-etat-brest
BREST,Maison meublée idéale investisseur airbnb brest centre,https://www.etreproprio.com/immobilier-22861914-vente-maison-meublee-ideale-investisseur-airbnb-brest-centre-brest
BREST,"Rare, maison d’avant-guerre à brest",https://www.etreproprio.com/immobilier-22589696-vente-rare-maison-d-avant-guerre-a-brest-brest
BREST,A vendre : charmante maison des années 40 à brest  rive droite,https://www.etreproprio.com/immobilier-22589697-vente-a-vendre-charmante-maison-des-annees-40-a-brest-rive-droite-brest
BREST,Brest saint marc maison de 113 m² utiles = 62.65 m² habitables et sous-sol de 49.2 m² / terrain clos de 282 m²,https://www.etreproprio.com/immobilier-22329833-vente-brest-saint-marc-maison-de-113-m-utiles-6265-m-habitables-et-sous-sol-de-492-m-terrain-clos-de-282-m-brest
BREST,Maison de maitre a vendre brest saint marc,https://www.etreproprio.com/immobilier-22272629-vente-maison-de-maitre-a-vendre-brest-saint-marc-brest
BREST,Brest guelmeur,https://www.etreproprio.com/immobilier-20945317-vente-brest-guelmeur-brest
BREST,Moulin blanc - belle maison de charme - 5 chambres - rare,https://www.etreproprio.com/immobilier-22219057-vente-moulin-blanc-belle-maison-de-charme-5-chambres-rare-brest
BREST,Propriete t8 - 700 m plage moulin blanc,https://www.etreproprio.com/immobilier-22213947-vente-propriete-t8-700-m-plage-moulin-blanc-brest
BREST,Brest- bohars    demeure de caractère du xviie siècle,https://www.etreproprio.com/immobilier-21591764-vente-brest-bohars-demeure-de-caractere-du-xviie-siecle-brest
CHATEAUNEUF-DU-FAOU,Maison 90m² à chateauneuf-du-faou,https://www.etreproprio.com/immobilier-23883832-vente-maison-90m-a-chateauneuf-du-faou-chateauneuf-du-faou
CHATEAUNEUF-DU-FAOU,Maison 120m² à chateauneuf-du-faou,https://www.etreproprio.com/immobilier-23853549-vente-maison-120m-a-chateauneuf-du-faou-chateauneuf-du-faou
CHATEAUNEUF-DU-FAOU,Maison 102m² à chateauneuf-du-faou,https://www.etreproprio.com/immobilier-22896339-vente-maison-102m-a-chateauneuf-du-faou-chateauneuf-du-faou
CHATEAUNEUF-DU-FAOU,Maison chateauneuf du faou 5 pièce(s) 102 m2,https://www.etreproprio.com/immobilier-22895203-vente-maison-chateauneuf-du-faou-5-pieces-102-m2-chateauneuf-du-faou
CHATEAUNEUF-DU-FAOU,Maison à vendre 5 pièces chateauneuf du faou (29),https://www.etreproprio.com/immobilier-23787094-vente-maison-a-vendre-5-pieces-chateauneuf-du-faou-29-chateauneuf-du-faou
CHATEAUNEUF-DU-FAOU,"Petite maison de charme à châteauneuf-du-fou, en campagne",https://www.etreproprio.com/immobilier-23747580-vente-petite-maison-de-charme-a-chateauneuf-du-fou-en-campagne-chateauneuf-du-faou
CHATEAUNEUF-DU-FAOU,Maison chateauneuf du faou 6 pièce(s) 124 m2,https://www.etreproprio.com/immobilier-23722874-vente-maison-chateauneuf-du-faou-6-pieces-124-m2-chateauneuf-du-faou
CHATEAUNEUF-DU-FAOU,Maison 124m² à chateauneuf-du-faou,https://www.etreproprio.com/immobilier-23714338-vente-maison-124m-a-chateauneuf-du-faou-chateauneuf-du-faou
CHATEAUNEUF-DU-FAOU,Maison 123m² à chateauneuf-du-faou,https://www.etreproprio.com/immobilier-23447812-vente-maison-123m-a-chateauneuf-du-faou-chateauneuf-du-faou
CHATEAUNEUF-DU-FAOU,Maison 200m² à chateauneuf-du-faou,https://www.etreproprio.com/immobilier-23621020-vente-maison-200m-a-chateauneuf-du-faou-chateauneuf-du-faou
CHATEAUNEUF-DU-FAOU,Maison 110m² à chateauneuf-du-faou,https://www.etreproprio.com/immobilier-22899157-vente-maison-110m-a-chateauneuf-du-faou-chateauneuf-du-faou
CHATEAUNEUF-DU-FAOU,29520 châteauneuf du faou maison proche commodités 4 chambres sous sol garage 120 m²,https://www.etreproprio.com/immobilier-23540331-vente-29520-chateauneuf-du-faou-maison-proche-commodites-4-chambres-sous-sol-garage-120-m-chateauneuf-du-faou
CHATEAUNEUF-DU-FAOU,Maison de 5 pièces (95 m²) à vendre à chateauneuf du faou,https://www.etreproprio.com/immobilier-23492835-vente-maison-de-5-pieces-95-m-a-vendre-a-chateauneuf-du-faou-chateauneuf-du-faou
CHATEAUNEUF-DU-FAOU,"29520 châteauneuf du faou  ensemble de deux maisons dont 1 gîte , au calme sans vis à vis",https://www.etreproprio.com/immobilier-23404962-vente-29520-chateauneuf-du-faou-ensemble-de-deux-maisons-dont-1-gite-au-calme-sans-vis-a-vis-chateauneuf-du-faou
CHATEAUNEUF-DU-FAOU,Maison 106m² à chateauneuf-du-faou,https://www.etreproprio.com/immobilier-23387552-vente-maison-106m-a-chateauneuf-du-faou-chateauneuf-du-faou
CHATEAUNEUF-DU-FAOU,Maison à réinventer en campagne – châteauneuf-du-faou,https://www.etreproprio.com/immobilier-22407667-vente-maison-a-reinventer-en-campagne-chateauneuf-du-faou-chateauneuf-du-faou
CHATEAUNEUF-DU-FAOU,Maison familiale avec dépendances – proche centre de châteauneuf-du-faou,https://www.etreproprio.com/immobilier-23391787-vente-maison-familiale-avec-dependances-proche-centre-de-chateauneuf-du-faou-chateauneuf-du-faou
CHATEAUNEUF-DU-FAOU,Maison 109m² à chateauneuf-du-faou,https://www.etreproprio.com/immobilier-23350376-vente-maison-109m-a-chateauneuf-du-faou-chateauneuf-du-faou
CHATEAUNEUF-DU-FAOU,29520 châteauneuf du faou maison à rénover avec dépendances  sur 6400 m² au calme,https://www.etreproprio.com/immobilier-23344493-vente-29520-chateauneuf-du-faou-maison-a-renover-avec-dependances-sur-6400-m-au-calme-chateauneuf-du-faou
CHATEAUNEUF-DU-FAOU,"Belle néo-bretonne 128 m2, hangar et dépendances, terrain 9718 m2",https://www.etreproprio.com/immobilier-23298469-vente-belle-neo-bretonne-128-m2-hangar-et-dependances-terrain-9718-m2-chateauneuf-du-faou
BREST,Exclusivité a vendre brest kerichen maison de ville 123.76 m² habitables 4 chambres jardin garage,https://www.etreproprio.com/immobilier-22156626-vente-exclusivite-a-vendre-brest-kerichen-maison-de-ville-12376-m-habitables-4-chambres-jardin-garage-brest
BREST,Maison 170m² à brest,https://www.etreproprio.com/immobilier-22114147-vente-maison-170m-a-brest-brest
BREST,Maison brest 7 pièce(s) 216 m2,https://www.etreproprio.com/immobilier-21042782-vente-maison-brest-7-pieces-216-m2-brest
BREST,Maison 60m² à brest,https://www.etreproprio.com/immobilier-20693538-vente-maison-60m-a-brest-brest
BREST,Maison 162m² à brest,https://www.etreproprio.com/immobilier-22005445-vente-maison-162m-a-brest-brest
BREST,Brest proximité hopital morvan,https://www.etreproprio.com/immobilier-21978760-vente-brest-proximite-hopital-morvan-brest
BREST,maison familiale avec dépendance – quartier kérinou,https://www.etreproprio.com/immobilier-21984284-vente-maison-familiale-avec-dependance-quartier-kerinou-brest
BREST,"Brest 4 moulins maison des années 30, 155 m², 6 chambres, garage double",https://www.etreproprio.com/immobilier-21929870-vente-brest-4-moulins-maison-des-annees-30-155-m-6-chambres-garage-double-brest
BREST,Brest - lambezellec - maison 5 pièces 88m² - rue calme - garage - jardin,https://www.etreproprio.com/immobilier-21854493-vente-brest-lambezellec-maison-5-pieces-88m-rue-calme-garage-jardin-brest
BREST,Belle opportunité à 5 minutes du bourg de saint marc à pied,https://www.etreproprio.com/immobilier-21590960-vente-belle-opportunite-a-5-minutes-du-bourg-de-saint-marc-a-pied-brest
BREST,Maison saint pierre,https://www.etreproprio.com/immobilier-20218793-vente-maison-saint-pierre-brest
BREST,Brest saint marc maison  5 pièces 82 m2,https://www.etreproprio.com/immobilier-21501261-vente-brest-saint-marc-maison-5-pieces-82-m2-brest
BREST,Maison t5 125m2,https://www.etreproprio.com/immobilier-21392601-vente-maison-t5-125m2-brest
BREST,Maison t4 des années 1950 à rénover,https://www.etreproprio.com/immobilier-21221820-vente-maison-t4-des-annees-1950-a-renover-brest
BREST,Investissement rare et clé en main ? maison rénovée et optimisée pour la colocation à st michel  - brest,https://www.etreproprio.com/immobilier-21197855-vente-investissement-rare-et-cle-en-main-maison-renovee-et-optimisee-pour-la-colocation-a-st-michel-brest-brest
BREST,Maison à vendre 7 pièces brest (29),https://www.etreproprio.com/immobilier-20513858-vente-maison-a-vendre-7-pieces-brest-29-brest
BREST,Demeure annees 30 revisitee,https://www.etreproprio.com/immobilier-20252509-vente-demeure-annees-30-revisitee-brest
BREST,""" déjà vendu par kerebel immobilier """,https://www.etreproprio.com/immobilier-19761101-vente-deja-vendu-par-kerebel-immobilier-brest
BREST,Belle maison t7,https://www.etreproprio.com/immobilier-19712810-vente-belle-maison-t7-brest
BREST,Brest ponchelet proche rue jean jaures,https://www.etreproprio.com/immobilier-19671868-vente-brest-ponchelet-proche-rue-jean-jaures-brest
CHATEAULIN,"Maison châteaulin 6 pièce(s) 101,47 m2",https://www.etreproprio.com/immobilier-22339563-vente-maison-chateaulin-6-pieces-10147-m2-chateaulin
CHATEAULIN,Maison 101m² à chateaulin,https://www.etreproprio.com/immobilier-22333756-vente-maison-101m-a-chateaulin-chateaulin
CHATEAULIN,Maison 150m² à chateaulin,https://www.etreproprio.com/immobilier-21871335-vente-maison-150m-a-chateaulin-chateaulin
CHATEAULIN,A vendre hameau chateaulin,https://www.etreproprio.com/immobilier-19424402-vente-a-vendre-hameau-chateaulin-chateaulin
CLEDEN-CAP-SIZUN,Maison cleden-cap-sizun,https://www.etreproprio.com/immobilier-23873697-vente-maison-cleden-cap-sizun-cleden-cap-sizun
CLEDEN-CAP-SIZUN,Maison cleden cap sizun 2 pièce(s) 62.72 m2,https://www.etreproprio.com/immobilier-23303101-vente-maison-cleden-cap-sizun-2-pieces-6272-m2-cleden-cap-sizun
CLEDEN-CAP-SIZUN,Maison 62m² à cleden-cap-sizun,https://www.etreproprio.com/immobilier-21549460-vente-maison-62m-a-cleden-cap-sizun-cleden-cap-sizun
CLEDEN-CAP-SIZUN,Maison à vendre 3 pièces cleden cap sizun (29) 60 m²,https://www.etreproprio.com/immobilier-21697398-vente-maison-a-vendre-3-pieces-cleden-cap-sizun-29-60-m-cleden-cap-sizun
CLEDEN-CAP-SIZUN,Maison 6 pièces de 79 m2 à cléden-cap-sizun,https://www.etreproprio.com/immobilier-23070142-vente-maison-6-pieces-de-79-m2-a-cleden-cap-sizun-cleden-cap-sizun
CLEDEN-CAP-SIZUN,Maison à la baie des trépassés,https://www.etreproprio.com/immobilier-20995372-vente-maison-a-la-baie-des-trepasses-cleden-cap-sizun
CLEDEN-CAP-SIZUN,Maison 126m² à cleden-cap-sizun,https://www.etreproprio.com/immobilier-17358707-vente-maison-126m-a-cleden-cap-sizun-cleden-cap-sizun
CHATEAUNEUF-DU-FAOU,Maison 157m² à chateauneuf-du-faou,https://www.etreproprio.com/immobilier-21640345-vente-maison-157m-a-chateauneuf-du-faou-chateauneuf-du-faou
CHATEAUNEUF-DU-FAOU,Maison 106m² à chateauneuf-du-faou,https://www.etreproprio.com/immobilier-23299942-vente-maison-106m-a-chateauneuf-du-faou-chateauneuf-du-faou
CHATEAUNEUF-DU-FAOU,29520 châteauneuf du faou maison avec 4  chambres et salle d'eau récente pas de vis à vis,https://www.etreproprio.com/immobilier-23262741-vente-29520-chateauneuf-du-faou-maison-avec-4-chambres-et-salle-d-eau-recente-pas-de-vis-a-vis-chateauneuf-du-faou
CHATEAUNEUF-DU-FAOU,29520 châteauneuf du faou maison sans travaux sous sol 4 chambres salon séjour 32 m²,https://www.etreproprio.com/immobilier-23262766-vente-29520-chateauneuf-du-faou-maison-sans-travaux-sous-sol-4-chambres-salon-sejour-32-m-chateauneuf-du-faou
CHATEAUNEUF-DU-FAOU,Maison chateauneuf du faou 4 pièce(s) 95 m2,https://www.etreproprio.com/immobilier-23230669-vente-maison-chateauneuf-du-faou-4-pieces-95-m2-chateauneuf-du-faou
CHATEAUNEUF-DU-FAOU,Finistère : châteauneuf du faou. grande maison de ville de 4 chambres avec garage et jardin.,https://www.etreproprio.com/immobilier-23221310-vente-finistere-chateauneuf-du-faou-grande-maison-de-ville-de-4-chambres-avec-garage-et-jardin-chateauneuf-du-faou
CHATEAUNEUF-DU-FAOU,À découvrir sans tarder : un cocon de caractère à la campagne,https://www.etreproprio.com/immobilier-23201774-vente-a-decouvrir-sans-tarder-un-cocon-de-caractere-a-la-campagne-chateauneuf-du-faou
CHATEAUNEUF-DU-FAOU,Opportunité rare en centre-bourg de châteauneuf-du-faou !,https://www.etreproprio.com/immobilier-23116540-vente-opportunite-rare-en-centre-bourg-de-chateauneuf-du-faou-chateauneuf-du-faou
CHATEAUNEUF-DU-FAOU,29520 châteauneuf du faou maison familiale avec vue  4 - 6 chambres  sous sol complet,https://www.etreproprio.com/immobilier-21895912-vente-29520-chateauneuf-du-faou-maison-familiale-avec-vue-4-6-chambres-sous-sol-complet-chateauneuf-du-faou
CHATEAUNEUF-DU-FAOU,Maison chateauneuf du faou 6 pièce(s) 145 m2,https://www.etreproprio.com/immobilier-23088813-vente-maison-chateauneuf-du-faou-6-pieces-145-m2-chateauneuf-du-faou
CHATEAUNEUF-DU-FAOU,Maison 145m² à chateauneuf-du-faou,https://www.etreproprio.com/immobilier-23079555-vente-maison-145m-a-chateauneuf-du-faou-chateauneuf-du-faou
CHATEAUNEUF-DU-FAOU,Maison 139m² à chateauneuf-du-faou,https://www.etreproprio.com/immobilier-23069095-vente-maison-139m-a-chateauneuf-du-faou-chateauneuf-du-faou
CHATEAUNEUF-DU-FAOU,Chateauneuf-du-faou - maison à vendre 5 pièces avec hangar (29),https://www.etreproprio.com/immobilier-22980410-vente-chateauneuf-du-faou-maison-a-vendre-5-pieces-avec-hangar-29-chateauneuf-du-faou
CHATEAUNEUF-DU-FAOU,Maison à rénover avec fort potentiel à châteauneuf du faou,https://www.etreproprio.com/immobilier-22884733-vente-maison-a-renover-avec-fort-potentiel-a-chateauneuf-du-faou-chateauneuf-du-faou
CHATEAUNEUF-DU-FAOU,Maison 138m² à chateauneuf-du-faou,https://www.etreproprio.com/immobilier-22638471-vente-maison-138m-a-chateauneuf-du-faou-chateauneuf-du-faou
CHATEAUNEUF-DU-FAOU,29520 châteauneuf du faou proche bourg maison familiale louée 700  / mois,https://www.etreproprio.com/immobilier-22597010-vente-29520-chateauneuf-du-faou-proche-bourg-maison-familiale-louee-700-mois-chateauneuf-du-faou
CHATEAUNEUF-DU-FAOU,Maison 136m² à chateauneuf-du-faou,https://www.etreproprio.com/immobilier-20281124-vente-maison-136m-a-chateauneuf-du-faou-chateauneuf-du-faou
CHATEAUNEUF-DU-FAOU,29520 châteauneuf du faou maison à restaurer 2 chambres jardin,https://www.etreproprio.com/immobilier-21691304-vente-29520-chateauneuf-du-faou-maison-a-restaurer-2-chambres-jardin-chateauneuf-du-faou
CHATEAUNEUF-DU-FAOU,29520 châteauneuf du faou viager occupé 1 tête homme 77 ans aucun travaux à prévoir,https://www.etreproprio.com/immobilier-20996180-vente-29520-chateauneuf-du-faou-viager-occupe-1-tete-homme-77-ans-aucun-travaux-a-prevoir-chateauneuf-du-faou
BREST,Brest st michel,https://www.etreproprio.com/immobilier-19549945-vente-brest-st-michel-brest
BREST,Exclusivité brest saint-pierre maison / immeuble 170 m² 5 chambres sous-sol complet jardin,https://www.etreproprio.com/immobilier-19496527-vente-exclusivite-brest-saint-pierre-maison-immeuble-170-m-5-chambres-sous-sol-complet-jardin-brest
BREST,Maison 120m² à brest,https://www.etreproprio.com/immobilier-19099542-vente-maison-120m-a-brest-brest
BREST,Brest st marc  jolie maison 4 chambres 110 m2 jardin sud-ouest,https://www.etreproprio.com/immobilier-17466941-vente-brest-st-marc-jolie-maison-4-chambres-110-m2-jardin-sud-ouest-brest
BREST,Brest kerichen,https://www.etreproprio.com/immobilier-18799439-vente-brest-kerichen-brest
BREST,"Brest, proche centre ville,maison t4 de 2009",https://www.etreproprio.com/immobilier-18790402-vente-brest-proche-centre-villemaison-t4-de-2009-brest
BREST,Belle contemporaine t6 - vue mer,https://www.etreproprio.com/immobilier-18743472-vente-belle-contemporaine-t6-vue-mer-brest
BREST,""" déjà vendu par kerebel immobilier """,https://www.etreproprio.com/immobilier-18583603-vente-deja-vendu-par-kerebel-immobilier-brest
BREST,Excluvite  maison centre ville t2,https://www.etreproprio.com/immobilier-18448995-vente-excluvite-maison-centre-ville-t2-brest
BREST,"A saint marc, un trait de crayon affirmé en mode bbc",https://www.etreproprio.com/immobilier-18394539-vente-a-saint-marc-un-trait-de-crayon-affirme-en-mode-bbc-brest
BREST,Brest lambezellec,https://www.etreproprio.com/immobilier-17547968-vente-brest-lambezellec-brest
BREST,""" déjà vendu par kerebel immobilier """,https://www.etreproprio.com/immobilier-17196371-vente-deja-vendu-par-kerebel-immobilier-brest
BREST,Brest 4 pompes maison avec exterieur garage 4 chambres proche plage,https://www.etreproprio.com/immobilier-16173141-vente-brest-4-pompes-maison-avec-exterieur-garage-4-chambres-proche-plage-brest
BREST,Brest centre ville jolie maison avec exterieur et garage!,https://www.etreproprio.com/immobilier-15482786-vente-brest-centre-ville-jolie-maison-avec-exterieur-et-garage-brest
BREST,""" déjà vendu par kerebel immobilier """,https://www.etreproprio.com/immobilier-16534186-vente-deja-vendu-par-kerebel-immobilier-brest
BREST,Maison brest 7 pièce(s) 180 m2,https://www.etreproprio.com/immobilier-16393346-vente-maison-brest-7-pieces-180-m2-brest
BREST,Brest lambezellec jolie maison grand sejour avec cheminee 4 chambres garage jardin expose sud-ouest,https://www.etreproprio.com/immobilier-15265651-vente-brest-lambezellec-jolie-maison-grand-sejour-avec-cheminee-4-chambres-garage-jardin-expose-sud-ouest-brest
BREST,""" déjà vendu par kerebel immobilier """,https://www.etreproprio.com/immobilier-15208938-vente-deja-vendu-par-kerebel-immobilier-brest
BREST,Brest saint-marc magnifique maison de 144 m2 3 chambres 1 bureau jardin,https://www.etreproprio.com/immobilier-14914899-vente-brest-saint-marc-magnifique-maison-de-144-m2-3-chambres-1-bureau-jardin-brest
BREST,""" déjà vendu par kerebel immobilier """,https://www.etreproprio.com/immobilier-14847765-vente-deja-vendu-par-kerebel-immobilier-brest
CLEDEN-POHER,Maison à rénover,https://www.etreproprio.com/immobilier-23900294-vente-maison-a-renover-cleden-poher
CLEDEN-POHER,Maison à vendre 6 pièces cleden poher (29),https://www.etreproprio.com/immobilier-23749149-vente-maison-a-vendre-6-pieces-cleden-poher-29-cleden-poher
CLEDEN-POHER,"Maison à vendre 4 pièces cleden poher (29) grand jardin, garage et dépendances",https://www.etreproprio.com/immobilier-23695365-vente-maison-a-vendre-4-pieces-cleden-poher-29-grand-jardin-garage-et-dependances-cleden-poher
CLEDEN-POHER,Maison 140m² à cleden-poher,https://www.etreproprio.com/immobilier-23387594-vente-maison-140m-a-cleden-poher-cleden-poher
CLEDEN-POHER,Maison 486m² à cleden-poher,https://www.etreproprio.com/immobilier-23388954-vente-maison-486m-a-cleden-poher-cleden-poher
CLEDEN-POHER,"29270 cléden poher maison année 1980, 3 chambres au calme avec jardin arboré",https://www.etreproprio.com/immobilier-23193179-vente-29270-cleden-poher-maison-annee-1980-3-chambres-au-calme-avec-jardin-arbore-cleden-poher
CLEDEN-POHER,Maison 73m² à cleden-poher,https://www.etreproprio.com/immobilier-22671084-vente-maison-73m-a-cleden-poher-cleden-poher
CLEDEN-POHER,Charmante maison néo-bretonne avec grand terrain,https://www.etreproprio.com/immobilier-22482219-vente-charmante-maison-neo-bretonne-avec-grand-terrain-cleden-poher
CLEDEN-POHER,29270 cléden poher longère avec vue 2 pièces de 48 m² combles aménagés et dépendances,https://www.etreproprio.com/immobilier-22178760-vente-29270-cleden-poher-longere-avec-vue-2-pieces-de-48-m-combles-amenages-et-dependances-cleden-poher
BREST,Brest lambezellec maison 3 chambres 1 bureau 100m2 joli jardin expose plein sud,https://www.etreproprio.com/immobilier-14723482-vente-brest-lambezellec-maison-3-chambres-1-bureau-100m2-joli-jardin-expose-plein-sud-brest
BREST,Brest saint-michel maison de ville jardin ideale 1ere acquisition,https://www.etreproprio.com/immobilier-14576178-vente-brest-saint-michel-maison-de-ville-jardin-ideale-1ere-acquisition-brest
BREST,""" déjà vendu par kerebel immobilier """,https://www.etreproprio.com/immobilier-14551654-vente-deja-vendu-par-kerebel-immobilier-brest
BREST,Exclusivité brest proche centre maison t5 rénovée 3 chambres jardin garage,https://www.etreproprio.com/immobilier-13743435-vente-exclusivite-brest-proche-centre-maison-t5-renovee-3-chambres-jardin-garage-brest
BREST,Brest centre siam - cours d'ajot,https://www.etreproprio.com/immobilier-14257566-vente-brest-centre-siam-cours-d-ajot-brest
BREST,Proche centre superbe maison début 20ème  non mitoyenne jardin expose sud,https://www.etreproprio.com/immobilier-13511535-vente-proche-centre-superbe-maison-debut-20eme-non-mitoyenne-jardin-expose-sud-brest
BREST,Propriété exceptionnelle proche centre ville penfeld,https://www.etreproprio.com/immobilier-13511542-vente-propriete-exceptionnelle-proche-centre-ville-penfeld-brest
BREST,Brest saint marc grande maison terrain 833 m2,https://www.etreproprio.com/immobilier-13511517-vente-brest-saint-marc-grande-maison-terrain-833-m2-brest
CLEDER,Cléder : maison familiale de 7 pièces à deux pas des plages sur un terrain de 3800m²,https://www.etreproprio.com/immobilier-23850954-vente-cleder-maison-familiale-de-7-pieces-a-deux-pas-des-plages-sur-un-terrain-de-3800m-cleder
CLEDER,Maison 120m² à cleder,https://www.etreproprio.com/immobilier-23832837-vente-maison-120m-a-cleder-cleder
CLEDER,Maison cleder 5 pièce(s) 85.04 m2,https://www.etreproprio.com/immobilier-21878720-vente-maison-cleder-5-pieces-8504-m2-cleder
CLEDER,Maison 85m² à cleder,https://www.etreproprio.com/immobilier-22046932-vente-maison-85m-a-cleder-cleder
CLEDER,Maison 143m² à cleder,https://www.etreproprio.com/immobilier-23702322-vente-maison-143m-a-cleder-cleder
CLEDER,Maison sur cleder,https://www.etreproprio.com/immobilier-23681076-vente-maison-sur-cleder-cleder
CLEDER,Maison a vendre cleder 3 chambres a 200 m des plages,https://www.etreproprio.com/immobilier-23676532-vente-maison-a-vendre-cleder-3-chambres-a-200-m-des-plages-cleder
CLEDER,Maison cléder 141.7 m2-centre bourg,https://www.etreproprio.com/immobilier-23256867-vente-maison-cleder-1417-m2-centre-bourg-cleder
CLEDER,Demeure de prestige cleder  kerfissien7 pièce(s) 185 m2,https://www.etreproprio.com/immobilier-23629603-vente-demeure-de-prestige-cleder-kerfissien7-pieces-185-m2-cleder
CLEDER,Maison 38m² à cleder,https://www.etreproprio.com/immobilier-23620782-vente-maison-38m-a-cleder-cleder
CLEDER,Maison 68m² à cleder,https://www.etreproprio.com/immobilier-23620157-vente-maison-68m-a-cleder-cleder
CLEDER,Maison 108m² à cleder,https://www.etreproprio.com/immobilier-23602013-vente-maison-108m-a-cleder-cleder
CLEDER,Cléder : maison neuve de 2025 plain pied de 5 pièces - 112m² - terrain de 634m²,https://www.etreproprio.com/immobilier-23506211-vente-cleder-maison-neuve-de-2025-plain-pied-de-5-pieces-112m-terrain-de-634m-cleder
CLEDER,Cléder kerfissien– belle propriété de 7 pièces à  200m de la mer - terrain de 6700m²,https://www.etreproprio.com/immobilier-23477342-vente-cleder-kerfissien-belle-propriete-de-7-pieces-a-200m-de-la-mer-terrain-de-6700m-cleder
CLEDER,Maison 142m² à cleder,https://www.etreproprio.com/immobilier-23436008-vente-maison-142m-a-cleder-cleder
CLEDER,Maison 110m² à cleder,https://www.etreproprio.com/immobilier-23391173-vente-maison-110m-a-cleder-cleder
CLEDER,Maison 116m² à cléder,https://www.etreproprio.com/immobilier-23111089-vente-maison-116m-a-cleder-cleder
CLEDER,Maison 82m² à cleder,https://www.etreproprio.com/immobilier-23115564-vente-maison-82m-a-cleder-cleder
CLEDER,Cléder – maison familiale de 5 pièces à 200m de la mer avec grand jardin,https://www.etreproprio.com/immobilier-23093341-vente-cleder-maison-familiale-de-5-pieces-a-200m-de-la-mer-avec-grand-jardin-cleder
CLEDER,Maison 94m² à cleder,https://www.etreproprio.com/immobilier-23048385-vente-maison-94m-a-cleder-cleder
CLOHARS-CARNOET,A vendre maison des années 1900 entièrement rénovée sur le port de doelan avec possibilté d'extension,https://www.etreproprio.com/immobilier-23902080-vente-a-vendre-maison-des-annees-1900-entierement-renovee-sur-le-port-de-doelan-avec-possibilte-d-extension-clohars-carnoet
CLOHARS-CARNOET,Maison 132m² à clohars-carnoet,https://www.etreproprio.com/immobilier-23893012-vente-maison-132m-a-clohars-carnoet-clohars-carnoet
CLOHARS-CARNOET,Maison sur clohars carnoet,https://www.etreproprio.com/immobilier-23885983-vente-maison-sur-clohars-carnoet-clohars-carnoet
CLOHARS-CARNOET,Un plain-pied où l’on se sent bien dès la première minute,https://www.etreproprio.com/immobilier-23856688-vente-un-plain-pied-ou-l-on-se-sent-bien-des-la-premiere-minute-clohars-carnoet
CLOHARS-CARNOET,Maison avec vie de plain-pied sur un magnifique parc paysagé,https://www.etreproprio.com/immobilier-23540618-vente-maison-avec-vie-de-plain-pied-sur-un-magnifique-parc-paysage-clohars-carnoet
CLOHARS-CARNOET,Maison en pierre en hameau proche de doëlan,https://www.etreproprio.com/immobilier-23833648-vente-maison-en-pierre-en-hameau-proche-de-doelan-clohars-carnoet
CLOHARS-CARNOET,Maison coup de coeur au centre de clohars carnoet,https://www.etreproprio.com/immobilier-22383165-vente-maison-coup-de-coeur-au-centre-de-clohars-carnoet-clohars-carnoet
CLOHARS-CARNOET,Maison en pierre,https://www.etreproprio.com/immobilier-22943837-vente-maison-en-pierre-clohars-carnoet
CLOHARS-CARNOET,Maison moderne et lumineuse 7 pièces  217 m² cadre paisible au pouldu. clohars-carnoët,https://www.etreproprio.com/immobilier-23768969-vente-maison-moderne-et-lumineuse-7-pieces-217-m-cadre-paisible-au-pouldu-clohars-carnoet-clohars-carnoet
CLOHARS-CARNOET,Le pouldu - villa balnéaire de 1900 face à la mer,https://www.etreproprio.com/immobilier-23751818-vente-le-pouldu-villa-balneaire-de-1900-face-a-la-mer-clohars-carnoet
CLOHARS-CARNOET,Maison 120m² à clohars-carnoet,https://www.etreproprio.com/immobilier-23730559-vente-maison-120m-a-clohars-carnoet-clohars-carnoet
CLOHARS-CARNOET,Maison proche centre clohars carnoët,https://www.etreproprio.com/immobilier-23723019-vente-maison-proche-centre-clohars-carnoet-clohars-carnoet
CLOHARS-CARNOET,Maison 217m² à clohars-carnoet,https://www.etreproprio.com/immobilier-23713613-vente-maison-217m-a-clohars-carnoet-clohars-carnoet
CLOHARS-CARNOET,Maison familiale où il fait bon vivre,https://www.etreproprio.com/immobilier-23695046-vente-maison-familiale-ou-il-fait-bon-vivre-clohars-carnoet
CLOHARS-CARNOET,Maison 107m² à clohars-carnoet,https://www.etreproprio.com/immobilier-23649543-vente-maison-107m-a-clohars-carnoet-clohars-carnoet
CLOHARS-CARNOET,"Villa vue mer, doëlan 105 m2",https://www.etreproprio.com/immobilier-22656746-vente-villa-vue-mer-doelan-105-m2-clohars-carnoet
CLOHARS-CARNOET,Maison 90m² à clohars-carnoet,https://www.etreproprio.com/immobilier-23631259-vente-maison-90m-a-clohars-carnoet-clohars-carnoet
CLOHARS-CARNOET,Propriété vue sur le port de doëlan,https://www.etreproprio.com/immobilier-23600512-vente-propriete-vue-sur-le-port-de-doelan-clohars-carnoet
CLOHARS-CARNOET,Clohars-carnoët - deux maisons et dependances au coeur de la nature,https://www.etreproprio.com/immobilier-23585122-vente-clohars-carnoet-deux-maisons-et-dependances-au-coeur-de-la-nature-clohars-carnoet
CLOHARS-CARNOET,Longère  2 pièce(s) 1060 m2,https://www.etreproprio.com/immobilier-23556574-vente-longere-2-pieces-1060-m2-clohars-carnoet
CLOHARS-FOUESNANT,Le charme de la campagne,https://www.etreproprio.com/immobilier-23826906-vente-le-charme-de-la-campagne-clohars-fouesnant
CLOHARS-FOUESNANT,Maison 182m² à clohars-fouesnant,https://www.etreproprio.com/immobilier-22640032-vente-maison-182m-a-clohars-fouesnant-clohars-fouesnant
CLOHARS-FOUESNANT,Maison clohars fouesnant 6 pièce(s) 180 m2,https://www.etreproprio.com/immobilier-22619195-vente-maison-clohars-fouesnant-6-pieces-180-m2-clohars-fouesnant
CLOHARS-FOUESNANT,29950 clohars fouesnant maison d'architecte  6 pièce(s) 183 m2 environ,https://www.etreproprio.com/immobilier-23562471-vente-29950-clohars-fouesnant-maison-d-architecte-6-pieces-183-m2-environ-clohars-fouesnant
CLOHARS-FOUESNANT,29950 clohars fouesnant / benodet - maison 4 chambres avec piscine  137 m2,https://www.etreproprio.com/immobilier-23485293-vente-29950-clohars-fouesnant-benodet-maison-4-chambres-avec-piscine-137-m2-clohars-fouesnant
CLOHARS-FOUESNANT,# 418 - a vendre - maison - clohars fouesnant - 137 m2 -,https://www.etreproprio.com/immobilier-21818221-vente-418-a-vendre-maison-clohars-fouesnant-137-m2-clohars-fouesnant
CLOHARS-FOUESNANT,Jolie maison neuve à clohars fouesnant,https://www.etreproprio.com/immobilier-23322777-vente-jolie-maison-neuve-a-clohars-fouesnant-clohars-fouesnant
CLOHARS-FOUESNANT,Clohars fouesnant,https://www.etreproprio.com/immobilier-20956400-vente-clohars-fouesnant-clohars-fouesnant
CLEDER,Cléder – propriété familiale en bord de mer avec vaste terrain de 4200 m²,https://www.etreproprio.com/immobilier-22898097-vente-cleder-propriete-familiale-en-bord-de-mer-avec-vaste-terrain-de-4200-m-cleder
CLEDER,Maison 305m² à cleder,https://www.etreproprio.com/immobilier-21712016-vente-maison-305m-a-cleder-cleder
CLEDER,Maison 109m² à cleder,https://www.etreproprio.com/immobilier-22660249-vente-maison-109m-a-cleder-cleder
CLEDER,Maison 110m² à cleder,https://www.etreproprio.com/immobilier-22588838-vente-maison-110m-a-cleder-cleder
CLEDER,Maison 120m² à cleder,https://www.etreproprio.com/immobilier-22588837-vente-maison-120m-a-cleder-cleder
CLEDER,Maison 194m² à cleder,https://www.etreproprio.com/immobilier-22568373-vente-maison-194m-a-cleder-cleder
CLEDER,Belle maison familiale,https://www.etreproprio.com/immobilier-22543771-vente-belle-maison-familiale-cleder
CLEDER,"Cléder – proche plouescat, une maison familiale",https://www.etreproprio.com/immobilier-22407706-vente-cleder-proche-plouescat-une-maison-familiale-cleder
CLEDER,Maison à rénover avec hangar - cléder,https://www.etreproprio.com/immobilier-22361718-vente-maison-a-renover-avec-hangar-cleder-cleder
CLEDER,Cléder : propriété de 7 pièces - 194m² avec grand terrain de 5400m²,https://www.etreproprio.com/immobilier-21956743-vente-cleder-propriete-de-7-pieces-194m-avec-grand-terrain-de-5400m-cleder
CLEDER,Maison cleder 5 pièce(s) 110 m2,https://www.etreproprio.com/immobilier-20801737-vente-maison-cleder-5-pieces-110-m2-cleder
CLOHARS-CARNOET,Maison 215m² à clohars-carnoet,https://www.etreproprio.com/immobilier-23548609-vente-maison-215m-a-clohars-carnoet-clohars-carnoet
CLOHARS-CARNOET,Propriété de caractère clohars-carnoet,https://www.etreproprio.com/immobilier-21371779-vente-propriete-de-caractere-clohars-carnoet-clohars-carnoet
CLOHARS-CARNOET,Maison 215m² à clohars-carnoet,https://www.etreproprio.com/immobilier-23530762-vente-maison-215m-a-clohars-carnoet-clohars-carnoet
CLOHARS-CARNOET,Propriété de caractère rénovée avec 2.5 hectares environ de terrain,https://www.etreproprio.com/immobilier-21356052-vente-propriete-de-caractere-renovee-avec-25-hectares-environ-de-terrain-clohars-carnoet
CLOHARS-CARNOET,Demeure de prestige clohars carnoet 8 pièces 225 m2 et dépendances sur près de 2.9 hectaress,https://www.etreproprio.com/immobilier-21270223-vente-demeure-de-prestige-clohars-carnoet-8-pieces-225-m2-et-dependances-sur-pres-de-29-hectaress-clohars-carnoet
CLOHARS-CARNOET,Demeure de prestige avec potentiel gîtes ou chambres d’hôtes   cadre exceptionnel,https://www.etreproprio.com/immobilier-21336808-vente-demeure-de-prestige-avec-potentiel-gites-ou-chambres-d-hotes-cadre-exceptionnel-clohars-carnoet
CLOHARS-CARNOET,Maison 100m² à clohars-carnoet,https://www.etreproprio.com/immobilier-23482522-vente-maison-100m-a-clohars-carnoet-clohars-carnoet
CLOHARS-CARNOET,Demeure de prestige avec potentiel gîtes ou chambres d’hôtes   cadre exceptionnel,https://www.etreproprio.com/immobilier-21336809-vente-demeure-de-prestige-avec-potentiel-gites-ou-chambres-d-hotes-cadre-exceptionnel-clohars-carnoet
CLOHARS-CARNOET,Maison 130m² à clohars-carnoet,https://www.etreproprio.com/immobilier-23459493-vente-maison-130m-a-clohars-carnoet-clohars-carnoet
CLOHARS-CARNOET,A vendre clohars carnoet (29360 - le pouldu) maison 6 pièces 4 chambres 145 m2,https://www.etreproprio.com/immobilier-23394295-vente-a-vendre-clohars-carnoet-29360-le-pouldu-maison-6-pieces-4-chambres-145-m2-clohars-carnoet
CLOHARS-CARNOET,Maison plage du kérou,https://www.etreproprio.com/immobilier-23375224-vente-maison-plage-du-kerou-clohars-carnoet
CLOHARS-CARNOET,Maison 4/5 pièces à proximité immédiate de la plage du kérou,https://www.etreproprio.com/immobilier-20964431-vente-maison-45-pieces-a-proximite-immediate-de-la-plage-du-kerou-clohars-carnoet
CLOHARS-CARNOET,Maison récente de 91m2 à clohars-canoët,https://www.etreproprio.com/immobilier-23368706-vente-maison-recente-de-91m2-a-clohars-canoet-clohars-carnoet
CLOHARS-CARNOET,Maison 85m² à clohars-carnoet,https://www.etreproprio.com/immobilier-23266484-vente-maison-85m-a-clohars-carnoet-clohars-carnoet
CLOHARS-CARNOET,Maison 120m² à clohars-carnoet,https://www.etreproprio.com/immobilier-23135512-vente-maison-120m-a-clohars-carnoet-clohars-carnoet
CLOHARS-CARNOET,Maison 58m² à le pouldu,https://www.etreproprio.com/immobilier-23121829-vente-maison-58m-a-le-pouldu-clohars-carnoet
CLOHARS-CARNOET,Maison 150m² à clohars-carnoet,https://www.etreproprio.com/immobilier-23125204-vente-maison-150m-a-clohars-carnoet-clohars-carnoet
CLOHARS-CARNOET,Maison à vendre à clohars carnoet 7 pièces 144 m2,https://www.etreproprio.com/immobilier-23099391-vente-maison-a-vendre-a-clohars-carnoet-7-pieces-144-m2-clohars-carnoet
CLOHARS-CARNOET,Propriété de caractère au pouldu,https://www.etreproprio.com/immobilier-23092486-vente-propriete-de-caractere-au-pouldu-clohars-carnoet
CLOHARS-CARNOET,Maison 185m² à clohars-carnoet,https://www.etreproprio.com/immobilier-23068588-vente-maison-185m-a-clohars-carnoet-clohars-carnoet
LE CLOITRE-PLEYBEN,Maison 133m² à le cloitre-pleyben,https://www.etreproprio.com/immobilier-23724193-vente-maison-133m-a-le-cloitre-pleyben-le-cloitre-pleyben
LE CLOITRE-SAINT-THEGONNEC,Maison 60m² à le cloitre-saint-thegonnec,https://www.etreproprio.com/immobilier-23788795-vente-maison-60m-a-le-cloitre-saint-thegonnec-le-cloitre-saint-thegonnec
LE CLOITRE-SAINT-THEGONNEC,Maison 53m² à le cloitre-saint-thegonnec,https://www.etreproprio.com/immobilier-23685177-vente-maison-53m-a-le-cloitre-saint-thegonnec-le-cloitre-saint-thegonnec
LE CLOITRE-SAINT-THEGONNEC,Maison 95m² à le cloitre-saint-thegonnec,https://www.etreproprio.com/immobilier-23216478-vente-maison-95m-a-le-cloitre-saint-thegonnec-le-cloitre-saint-thegonnec
LE CLOITRE-SAINT-THEGONNEC,Maison 55m² à le cloitre-saint-thegonnec,https://www.etreproprio.com/immobilier-22671082-vente-maison-55m-a-le-cloitre-saint-thegonnec-le-cloitre-saint-thegonnec
LE CLOITRE-SAINT-THEGONNEC,Maison 40m² à le cloitre-saint-thegonnec,https://www.etreproprio.com/immobilier-22671083-vente-maison-40m-a-le-cloitre-saint-thegonnec-le-cloitre-saint-thegonnec
COAT-MEAL,Maison 5 chambres - jardin arboré - coat-meal,https://www.etreproprio.com/immobilier-23880749-vente-maison-5-chambres-jardin-arbore-coat-meal-coat-meal
COAT-MEAL,Maison 6 chambre(s) à vendre,https://www.etreproprio.com/immobilier-23056324-vente-maison-6-chambres-a-vendre-coat-meal
CLOHARS-CARNOET,Maison tradionnelle 4 pièces entre le bourg de clohars et le pouldu,https://www.etreproprio.com/immobilier-22726893-vente-maison-tradionnelle-4-pieces-entre-le-bourg-de-clohars-et-le-pouldu-clohars-carnoet
CLOHARS-CARNOET,Maison neuve de plain-pied au centre bourg de clohars-carnoët,https://www.etreproprio.com/immobilier-22622603-vente-maison-neuve-de-plain-pied-au-centre-bourg-de-clohars-carnoet-clohars-carnoet
CLOHARS-CARNOET,Longère à restaurer à clohars-carnoët,https://www.etreproprio.com/immobilier-22602026-vente-longere-a-restaurer-a-clohars-carnoet-clohars-carnoet
CLOHARS-CARNOET,Maison 143m² à clohars-carnoet,https://www.etreproprio.com/immobilier-22487083-vente-maison-143m-a-clohars-carnoet-clohars-carnoet
CLOHARS-CARNOET,Maison double hameau côtier clohars-carnoet,https://www.etreproprio.com/immobilier-20017975-vente-maison-double-hameau-cotier-clohars-carnoet-clohars-carnoet
CLOHARS-CARNOET,Maison 84m² à clohars-carnoet,https://www.etreproprio.com/immobilier-21659962-vente-maison-84m-a-clohars-carnoet-clohars-carnoet
CLOHARS-CARNOET,Maison de pays,https://www.etreproprio.com/immobilier-22376938-vente-maison-de-pays-clohars-carnoet
CLOHARS-CARNOET,"Villa 1900, le pouldu 230 m2",https://www.etreproprio.com/immobilier-21570858-vente-villa-1900-le-pouldu-230-m2-clohars-carnoet
CLOHARS-CARNOET,Maison 7 pièces au bourg de clohars en direction de doëlan,https://www.etreproprio.com/immobilier-22141568-vente-maison-7-pieces-au-bourg-de-clohars-en-direction-de-doelan-clohars-carnoet
CLOHARS-CARNOET,"Maison vue mer a clohars-carnoët proche quimperlé, quatre chambres, garage  réf : 202506",https://www.etreproprio.com/immobilier-21411476-vente-maison-vue-mer-a-clohars-carnoet-proche-quimperle-quatre-chambres-garage-ref-202506-clohars-carnoet
CLOHARS-CARNOET,"A vendre à doëlan maison contemporaine avec vue mer, 122 m2",https://www.etreproprio.com/immobilier-19641378-vente-a-vendre-a-doelan-maison-contemporaine-avec-vue-mer-122-m2-clohars-carnoet
COLLOREC,Maison 172m² à collorec,https://www.etreproprio.com/immobilier-23821533-vente-maison-172m-a-collorec-collorec
COLLOREC,Maison 170m² à collorec,https://www.etreproprio.com/immobilier-23804665-vente-maison-170m-a-collorec-collorec
COLLOREC,Exclusivité - maison à vendre 4 pièces collorec (29),https://www.etreproprio.com/immobilier-23285988-vente-exclusivite-maison-a-vendre-4-pieces-collorec-29-collorec
COLLOREC,Exclusivité - maison de bourg 2 pièces à vendre à collorec  (29) dpe c !,https://www.etreproprio.com/immobilier-23717775-vente-exclusivite-maison-de-bourg-2-pieces-a-vendre-a-collorec-29-dpe-c-collorec
COLLOREC,Maison 67m² à collorec,https://www.etreproprio.com/immobilier-23603085-vente-maison-67m-a-collorec-collorec
COLLOREC,Maison 67m² à collorec,https://www.etreproprio.com/immobilier-23554268-vente-maison-67m-a-collorec-collorec
COLLOREC,Maison 100m² à collorec,https://www.etreproprio.com/immobilier-23304832-vente-maison-100m-a-collorec-collorec
COLLOREC,29530 collorec maison 4 chambres aucun travaux sous sol complet au calme sans vis à vis,https://www.etreproprio.com/immobilier-23193313-vente-29530-collorec-maison-4-chambres-aucun-travaux-sous-sol-complet-au-calme-sans-vis-a-vis-collorec
COMBRIT,Maison combrit 6 pièces 105 m2,https://www.etreproprio.com/immobilier-23880931-vente-maison-combrit-6-pieces-105-m2-combrit
COMBRIT,Maison 144m² à combrit,https://www.etreproprio.com/immobilier-23884051-vente-maison-144m-a-combrit-combrit
COMBRIT,Maison 130m² à combrit,https://www.etreproprio.com/immobilier-23039025-vente-maison-130m-a-combrit-combrit
COMBRIT,Sainte-marine - corps de ferme à rénover,https://www.etreproprio.com/immobilier-23849572-vente-sainte-marine-corps-de-ferme-a-renover-combrit
COMBRIT,À vendre - local 91 m² à sainte-marine,https://www.etreproprio.com/immobilier-23839565-vente-a-vendre-local-91-m-a-sainte-marine-combrit
COMBRIT,Maison 130m² à combrit,https://www.etreproprio.com/immobilier-22919912-vente-maison-130m-a-combrit-combrit
COMBRIT,Maison bord de mer sainte-marine 29120,https://www.etreproprio.com/immobilier-23778239-vente-maison-bord-de-mer-sainte-marine-29120-combrit
COMBRIT,Maison combrit 170 m² proche rivière,https://www.etreproprio.com/immobilier-23729018-vente-maison-combrit-170-m-proche-riviere-combrit
COMBRIT,Maison combrit  133 m2,https://www.etreproprio.com/immobilier-23648165-vente-maison-combrit-133-m2-combrit
COMBRIT,Maison sainte marine 86 m²,https://www.etreproprio.com/immobilier-22959298-vente-maison-sainte-marine-86-m-combrit
COMBRIT,Charmante maison à sainte-marine,https://www.etreproprio.com/immobilier-22237775-vente-charmante-maison-a-sainte-marine-combrit
COMBRIT,"Combrit, en direction des plages.",https://www.etreproprio.com/immobilier-22108693-vente-combrit-en-direction-des-plages-combrit
COMBRIT,Maison 131m² à combrit,https://www.etreproprio.com/immobilier-23601179-vente-maison-131m-a-combrit-combrit
COMBRIT,Maison 133m² à combrit,https://www.etreproprio.com/immobilier-23586552-vente-maison-133m-a-combrit-combrit
COMBRIT,Maison contemporaine combrit 5 pièce(s) 120 m2,https://www.etreproprio.com/immobilier-23432930-vente-maison-contemporaine-combrit-5-pieces-120-m2-combrit
COMBRIT,Maison 113m² à combrit,https://www.etreproprio.com/immobilier-23002214-vente-maison-113m-a-combrit-combrit
COMBRIT,Maison sainte marine 137 m²,https://www.etreproprio.com/immobilier-23519928-vente-maison-sainte-marine-137-m-combrit
COMBRIT,Maison 4 pièces à combrit,https://www.etreproprio.com/immobilier-23512653-vente-maison-4-pieces-a-combrit-combrit
COMBRIT,"Sainte marine, maison, accès plage",https://www.etreproprio.com/immobilier-23518233-vente-sainte-marine-maison-acces-plage-combrit
COMBRIT,Maison 211m² à combrit,https://www.etreproprio.com/immobilier-23482717-vente-maison-211m-a-combrit-combrit
COMMANA,Maison 100m² à commana,https://www.etreproprio.com/immobilier-23889111-vente-maison-100m-a-commana-commana
COMMANA,Maison à vendre à commana - référence 384cd,https://www.etreproprio.com/immobilier-23243756-vente-maison-a-vendre-a-commana-reference-384cd-commana
COMMANA,Maison 1 chambre(s) à vendre,https://www.etreproprio.com/immobilier-22384809-vente-maison-1-chambres-a-vendre-commana
COMMANA,Maison 185m² à commana,https://www.etreproprio.com/immobilier-22384047-vente-maison-185m-a-commana-commana
COMMANA,Maison de caractère au coeur des monts d'arrée,https://www.etreproprio.com/immobilier-20572918-vente-maison-de-caractere-au-coeur-des-monts-d-arree-commana
COMMANA,Maison 114m² à commana,https://www.etreproprio.com/immobilier-22739550-vente-maison-114m-a-commana-commana
COMMANA,Maison 120m² à commana,https://www.etreproprio.com/immobilier-22726489-vente-maison-120m-a-commana-commana
COMMANA,Longère à vendre 1 pièces commana (29),https://www.etreproprio.com/immobilier-22710528-vente-longere-a-vendre-1-pieces-commana-29-commana
COMMANA,Maison 170m² à commana,https://www.etreproprio.com/immobilier-21223207-vente-maison-170m-a-commana-commana
COMMANA,Commana propriété sur plus d'un hectare,https://www.etreproprio.com/immobilier-20516783-vente-commana-propriete-sur-plus-d-un-hectare-commana
COMMANA,Adorable penty au coeur des monts d'arrée,https://www.etreproprio.com/immobilier-20427237-vente-adorable-penty-au-coeur-des-monts-d-arree-commana
COMBRIT,"Sainte-marine ? emplacement rêvé, charme et quiétude",https://www.etreproprio.com/immobilier-23445761-vente-sainte-marine-emplacement-reve-charme-et-quietude-combrit
COMBRIT,Combrit ste marine 29120 - résidence de charme 335 m2 environ,https://www.etreproprio.com/immobilier-23452217-vente-combrit-ste-marine-29120-residence-de-charme-335-m2-environ-combrit
COMBRIT,Maison sainte-marine 194 m2,https://www.etreproprio.com/immobilier-23386634-vente-maison-sainte-marine-194-m2-combrit
COMBRIT,Longère  225 m². opportunité unique proche plages,https://www.etreproprio.com/immobilier-22660815-vente-longere-225-m-opportunite-unique-proche-plages-combrit
COMBRIT,Combrit - corps de ferme.,https://www.etreproprio.com/immobilier-23374451-vente-combrit-corps-de-ferme-combrit
COMBRIT,Maison combrit 6 pièce(s) 150 m2,https://www.etreproprio.com/immobilier-20279348-vente-maison-combrit-6-pieces-150-m2-combrit
COMBRIT,Maison à vendre 6 pièces combrit (29),https://www.etreproprio.com/immobilier-23262550-vente-maison-a-vendre-6-pieces-combrit-29-combrit
COMBRIT,Maison 156m² à combrit,https://www.etreproprio.com/immobilier-23219629-vente-maison-156m-a-combrit-combrit
COMBRIT,Maison combrit 5 pièce(s) 115 m²,https://www.etreproprio.com/immobilier-23086529-vente-maison-combrit-5-pieces-115-m-combrit
COMBRIT,Maison combrit 135 m²,https://www.etreproprio.com/immobilier-21649027-vente-maison-combrit-135-m-combrit
COMBRIT,Maison 82m² à combrit,https://www.etreproprio.com/immobilier-22632656-vente-maison-82m-a-combrit-combrit
COMBRIT,Maison rénovée combrit,https://www.etreproprio.com/immobilier-22918803-vente-maison-renovee-combrit-combrit
COMBRIT,"Combrit, plage à 900 m.",https://www.etreproprio.com/immobilier-21929757-vente-combrit-plage-a-900-m-combrit
COMBRIT,Maison combrit 5 pièce(s) 130 m2,https://www.etreproprio.com/immobilier-22853371-vente-maison-combrit-5-pieces-130-m2-combrit
COMBRIT,Maison sainte-marine,https://www.etreproprio.com/immobilier-22853372-vente-maison-sainte-marine-combrit
COMBRIT,Maison à vendre 6 pièces combrit (29),https://www.etreproprio.com/immobilier-22760460-vente-maison-a-vendre-6-pieces-combrit-29-combrit
COMBRIT,Maison à vendre 8 pièces combrit (29) sainte-marine,https://www.etreproprio.com/immobilier-22686425-vente-maison-a-vendre-8-pieces-combrit-29-sainte-marine-combrit
COMBRIT,Maison sainte marine 137 m²,https://www.etreproprio.com/immobilier-22660208-vente-maison-sainte-marine-137-m-combrit
COMBRIT,Maison 252m² à combrit,https://www.etreproprio.com/immobilier-22646028-vente-maison-252m-a-combrit-combrit
COMBRIT,Maison combrit 6 pièce(s) 115 m2,https://www.etreproprio.com/immobilier-22496514-vente-maison-combrit-6-pieces-115-m2-combrit
CONCARNEAU,Maison concarneau 8 pièce(s) 167 m2,https://www.etreproprio.com/immobilier-23909730-vente-maison-concarneau-8-pieces-167-m2-concarneau
CONCARNEAU,Maison 163m² à concarneau,https://www.etreproprio.com/immobilier-23904765-vente-maison-163m-a-concarneau-concarneau
CONCARNEAU,"Au calme, belle demeure de caractère, les plages a vélo !",https://www.etreproprio.com/immobilier-23270966-vente-au-calme-belle-demeure-de-caractere-les-plages-a-velo-concarneau
CONCARNEAU,Maison 103m² à concarneau,https://www.etreproprio.com/immobilier-23849920-vente-maison-103m-a-concarneau-concarneau
CONCARNEAU,A vendre au centre-ville de concarneau maison de charme & emplacement prisé,https://www.etreproprio.com/immobilier-21012952-vente-a-vendre-au-centre-ville-de-concarneau-maison-de-charme-emplacement-prise-concarneau
CONCARNEAU,Le volume et la lumière : votre futur foyer familial à concarneau,https://www.etreproprio.com/immobilier-23748917-vente-le-volume-et-la-lumiere-votre-futur-foyer-familial-a-concarneau-concarneau
CONCARNEAU,Maison de 2008 75 m2 - 4 pièces plain- pied - concarneau,https://www.etreproprio.com/immobilier-23845974-vente-maison-de-2008-75-m2-4-pieces-plain-pied-concarneau-concarneau
CONCARNEAU,Au coeur du bourg maison comme neuve !,https://www.etreproprio.com/immobilier-23832604-vente-au-coeur-du-bourg-maison-comme-neuve-concarneau
CONCARNEAU,Maison concarneau 6 pièce(s) 132 m2,https://www.etreproprio.com/immobilier-21701444-vente-maison-concarneau-6-pieces-132-m2-concarneau
CONCARNEAU,Maison 113m² à concarneau,https://www.etreproprio.com/immobilier-23190825-vente-maison-113m-a-concarneau-concarneau
CONCARNEAU,Maison 121m² à concarneau,https://www.etreproprio.com/immobilier-22858839-vente-maison-121m-a-concarneau-concarneau
CONCARNEAU,Maison concarneau 5 pièce(s) 94 m2,https://www.etreproprio.com/immobilier-23711530-vente-maison-concarneau-5-pieces-94-m2-concarneau
CONCARNEAU,Maison concarneau 6 pièce(s) 149.40 m2,https://www.etreproprio.com/immobilier-23764635-vente-maison-concarneau-6-pieces-14940-m2-concarneau
CONCARNEAU,Maison 98m² à concarneau,https://www.etreproprio.com/immobilier-23766100-vente-maison-98m-a-concarneau-concarneau
CONCARNEAU,Maison sur concarneau,https://www.etreproprio.com/immobilier-23747568-vente-maison-sur-concarneau-concarneau
CONCARNEAU,Maison à vendre 5 pièces 125 m² concarneau - le cabellou (29),https://www.etreproprio.com/immobilier-22465801-vente-maison-a-vendre-5-pieces-125-m-concarneau-le-cabellou-29-concarneau
CONCARNEAU,Maison concarneau 7 pièce(s) 129 m²,https://www.etreproprio.com/immobilier-23729449-vente-maison-concarneau-7-pieces-129-m-concarneau
CONCARNEAU,"""clara"", maison récente avec vie de plain pied, garage et jardin",https://www.etreproprio.com/immobilier-22170106-vente-clara-maison-recente-avec-vie-de-plain-pied-garage-et-jardin-concarneau
CONCARNEAU,Maison 131m² à concarneau,https://www.etreproprio.com/immobilier-23691227-vente-maison-131m-a-concarneau-concarneau
CONCARNEAU,Grande maison familiale rénovée - 167 m2,https://www.etreproprio.com/immobilier-23464276-vente-grande-maison-familiale-renovee-167-m2-concarneau
LE CONQUET,Le conquet  charmante maison t5,https://www.etreproprio.com/immobilier-23835097-vente-le-conquet-charmante-maison-t5-le-conquet
LE CONQUET,Le conquet  charmante maison t5,https://www.etreproprio.com/immobilier-23835104-vente-le-conquet-charmante-maison-t5-le-conquet
LE CONQUET,A vendre - maison familiale proche plages et commodités,https://www.etreproprio.com/immobilier-23310323-vente-a-vendre-maison-familiale-proche-plages-et-commodites-le-conquet
LE CONQUET,Propriété en pierres au coeur du centre,https://www.etreproprio.com/immobilier-23510819-vente-propriete-en-pierres-au-coeur-du-centre-le-conquet
LE CONQUET,Maison de charme au centre ville,https://www.etreproprio.com/immobilier-23521742-vente-maison-de-charme-au-centre-ville-le-conquet
LE CONQUET,Maison 175m² à le conquet,https://www.etreproprio.com/immobilier-23490802-vente-maison-175m-a-le-conquet-le-conquet
LE CONQUET,Finistere - le conquet (29217) - a vendre - maison de ville t5 137m² - 3 chambres possible 5 - combles amenageables - terrain cl,https://www.etreproprio.com/immobilier-23474338-vente-finistere-le-conquet-29217-a-vendre-maison-de-ville-t5-137m-3-chambres-possible-5-combles-amenageables-terrain-cl-le-conquet
LE CONQUET,"Magnifique maison proche centre du conquet, vue mer",https://www.etreproprio.com/immobilier-23299388-vente-magnifique-maison-proche-centre-du-conquet-vue-mer-le-conquet
LE CONQUET,Maison plain pied proche du centre du conquet,https://www.etreproprio.com/immobilier-23216926-vente-maison-plain-pied-proche-du-centre-du-conquet-le-conquet
LE CONQUET,Maison 280m² à le conquet,https://www.etreproprio.com/immobilier-23143915-vente-maison-280m-a-le-conquet-le-conquet
LE CONQUET,Maison 121m² à le conquet,https://www.etreproprio.com/immobilier-22228197-vente-maison-121m-a-le-conquet-le-conquet
LE CONQUET,Maison au centre du conquet,https://www.etreproprio.com/immobilier-22166027-vente-maison-au-centre-du-conquet-le-conquet
LE CONQUET,Maison t7 a vendre au conquet,https://www.etreproprio.com/immobilier-21395075-vente-maison-t7-a-vendre-au-conquet-le-conquet
COMBRIT,Maison 115m² à combrit,https://www.etreproprio.com/immobilier-21767839-vente-maison-115m-a-combrit-combrit
COMBRIT,"Dpt finistère (29), à vendre quimper maison t6 de 175 m² habitable - sous-sol intégrale terrasse - jardin",https://www.etreproprio.com/immobilier-22510605-vente-dpt-finistere-29-a-vendre-quimper-maison-t6-de-175-m-habitable-sous-sol-integrale-terrasse-jardin-combrit
COMBRIT,À vendre - maison à deux pas de la plage du treustel - résidence sécurisée avec fort potentiel locatif,https://www.etreproprio.com/immobilier-22496506-vente-a-vendre-maison-a-deux-pas-de-la-plage-du-treustel-residence-securisee-avec-fort-potentiel-locatif-combrit
COMBRIT,Maison  6 pièce(s) 138 m2,https://www.etreproprio.com/immobilier-22438486-vente-maison-6-pieces-138-m2-combrit
COMBRIT,Maison 130m² à combrit,https://www.etreproprio.com/immobilier-22390746-vente-maison-130m-a-combrit-combrit
COMBRIT,Maison combrit 100 m² au bourg.,https://www.etreproprio.com/immobilier-22350299-vente-maison-combrit-100-m-au-bourg-combrit
COMBRIT,Maison 96m² à combrit,https://www.etreproprio.com/immobilier-21484024-vente-maison-96m-a-combrit-combrit
COMBRIT,Maison sainte-marine 140 m2,https://www.etreproprio.com/immobilier-21554900-vente-maison-sainte-marine-140-m2-combrit
COMBRIT,"Maison sainte marine, proche port, 130 m².",https://www.etreproprio.com/immobilier-22156240-vente-maison-sainte-marine-proche-port-130-m-combrit
COMBRIT,Maison à vendre 5 pièces combrit (29),https://www.etreproprio.com/immobilier-22117416-vente-maison-a-vendre-5-pieces-combrit-29-combrit
COMBRIT,Tres bele nsemble de 3 gîtes sainte marine,https://www.etreproprio.com/immobilier-22081520-vente-tres-bele-nsemble-de-3-gites-sainte-marine-combrit
COMBRIT,Maison d'architecte au bord de l'odet.,https://www.etreproprio.com/immobilier-20324033-vente-maison-d-architecte-au-bord-de-l-odet-combrit
COMBRIT,Charmante chaumière à sainte-marine 29120,https://www.etreproprio.com/immobilier-22029174-vente-charmante-chaumiere-a-sainte-marine-29120-combrit
COMBRIT,Maison combrit  sainte-marine  154 m²,https://www.etreproprio.com/immobilier-21771030-vente-maison-combrit-sainte-marine-154-m-combrit
COMBRIT,Sainte-marine 29120 entre la plage et le port,https://www.etreproprio.com/immobilier-18739015-vente-sainte-marine-29120-entre-la-plage-et-le-port-combrit
CORAY,Maison 110m² à coray,https://www.etreproprio.com/immobilier-23904944-vente-maison-110m-a-coray-coray
CORAY,Maison sur coray,https://www.etreproprio.com/immobilier-23895326-vente-maison-sur-coray-coray
CORAY,Maison 224m² à coray,https://www.etreproprio.com/immobilier-23742779-vente-maison-224m-a-coray-coray
CORAY,Coray maison familiale lumineuse  175 m²  grand jardin,https://www.etreproprio.com/immobilier-23604004-vente-coray-maison-familiale-lumineuse-175-m-grand-jardin-coray
CORAY,"Située dans un quartier calme, cette maison de ville est agréable, elle est rénovée en partie",https://www.etreproprio.com/immobilier-23605067-vente-situee-dans-un-quartier-calme-cette-maison-de-ville-est-agreable-elle-est-renovee-en-partie-coray
CORAY,Maison rénovée + longère à rénover - leuhan- 2500 m² de terrain,https://www.etreproprio.com/immobilier-23444814-vente-maison-renovee-longere-a-renover-leuhan-2500-m-de-terrain-coray
CORAY,Maison 109m² à coray,https://www.etreproprio.com/immobilier-23101286-vente-maison-109m-a-coray-coray
CORAY,"Néo-bretonne de caractère au calme, 5 chambres, 15mn de quimper",https://www.etreproprio.com/immobilier-22415294-vente-neo-bretonne-de-caractere-au-calme-5-chambres-15mn-de-quimper-coray
CORAY,#466 a vendre - maison au calme en campagne,https://www.etreproprio.com/immobilier-22314558-vente-466-a-vendre-maison-au-calme-en-campagne-coray
CORAY,Maison 94m² à coray,https://www.etreproprio.com/immobilier-20054826-vente-maison-94m-a-coray-coray
CONCARNEAU,Maison 126m² à concarneau,https://www.etreproprio.com/immobilier-23691505-vente-maison-126m-a-concarneau-concarneau
CONCARNEAU,Maison sur le secteur du passage,https://www.etreproprio.com/immobilier-22404350-vente-maison-sur-le-secteur-du-passage-concarneau
CONCARNEAU,Maison concarneau 5 pièce(s) 105 m²,https://www.etreproprio.com/immobilier-21638690-vente-maison-concarneau-5-pieces-105-m-concarneau
CONCARNEAU,Maison de caractère entièrement rénovée - calme et volumes,https://www.etreproprio.com/immobilier-21096944-vente-maison-de-caractere-entierement-renovee-calme-et-volumes-concarneau
CONCARNEAU,Maison contemporaine - vie de plain-pied  concarneau/lanriec,https://www.etreproprio.com/immobilier-20744899-vente-maison-contemporaine-vie-de-plain-pied-concarneaulanriec-concarneau
CONCARNEAU,"Concarneau : maison de ville avec garage, petit extérieur, 3 chambres",https://www.etreproprio.com/immobilier-22736639-vente-concarneau-maison-de-ville-avec-garage-petit-exterieur-3-chambres-concarneau
CONCARNEAU,Maison architecte 7 pièces 146 m²,https://www.etreproprio.com/immobilier-21921171-vente-maison-architecte-7-pieces-146-m-concarneau
CONCARNEAU,Maison 140m² à concarneau,https://www.etreproprio.com/immobilier-23387329-vente-maison-140m-a-concarneau-concarneau
CONCARNEAU,Maison 135m² à concarneau,https://www.etreproprio.com/immobilier-22399196-vente-maison-135m-a-concarneau-concarneau
CONCARNEAU,Maison 103m² à concarneau,https://www.etreproprio.com/immobilier-23627426-vente-maison-103m-a-concarneau-concarneau
CONCARNEAU,"""harmony"", maison familiale au calme, située entre concarneau et la forêt fouesnant",https://www.etreproprio.com/immobilier-23579578-vente-harmony-maison-familiale-au-calme-situee-entre-concarneau-et-la-foret-fouesnant-concarneau
CONCARNEAU,Maison concarneau 7 pièce(s) 126 m2,https://www.etreproprio.com/immobilier-23579155-vente-maison-concarneau-7-pieces-126-m2-concarneau
CONCARNEAU,Maison concarneau 4 pièce(s) 88 m²,https://www.etreproprio.com/immobilier-22488677-vente-maison-concarneau-4-pieces-88-m-concarneau
CONCARNEAU,Maison exceptionnelle vue mer sur les hauteurs de concarneau,https://www.etreproprio.com/immobilier-23552915-vente-maison-exceptionnelle-vue-mer-sur-les-hauteurs-de-concarneau-concarneau
CONCARNEAU,Maison concarneau 5 pièce(s) 101 m2,https://www.etreproprio.com/immobilier-22924417-vente-maison-concarneau-5-pieces-101-m2-concarneau
CONCARNEAU,Maison concarneau 6 pièce(s) 122.11 m2,https://www.etreproprio.com/immobilier-20027862-vente-maison-concarneau-6-pieces-12211-m2-concarneau
CONCARNEAU,Grande maison familiale sur terrain entièrement constructible,https://www.etreproprio.com/immobilier-23524504-vente-grande-maison-familiale-sur-terrain-entierement-constructible-concarneau
CONCARNEAU,Maison concarneau 5 pièce(s) 121.54 m2,https://www.etreproprio.com/immobilier-23302127-vente-maison-concarneau-5-pieces-12154-m2-concarneau
CONCARNEAU,Maison concarneau 4 pièce(s) 88.71m²,https://www.etreproprio.com/immobilier-23056902-vente-maison-concarneau-4-pieces-8871m-concarneau
CONCARNEAU,Maison concarneau 6 pièce(s) 206 m2,https://www.etreproprio.com/immobilier-23519918-vente-maison-concarneau-6-pieces-206-m2-concarneau
CROZON,"Vue mer, anse de goulien , maison d’architecte rénovée avec vue dégagée",https://www.etreproprio.com/immobilier-22454862-vente-vue-mer-anse-de-goulien-maison-d-architecte-renovee-avec-vue-degagee-crozon
CROZON,Maison à vendre 5 pièces à morgat (29),https://www.etreproprio.com/immobilier-23804309-vente-maison-a-vendre-5-pieces-a-morgat-29-crozon
CROZON,"Maison de ville à crozon, proche voie verte, à visiter sans tarder !",https://www.etreproprio.com/immobilier-23507906-vente-maison-de-ville-a-crozon-proche-voie-verte-a-visiter-sans-tarder-crozon
CROZON,Immeuble composé d'un commerce et d'un logement d'habitation,https://www.etreproprio.com/immobilier-23814519-vente-immeuble-compose-d-un-commerce-et-d-un-logement-d-habitation-crozon
CROZON,"Coup de cœur à morgat : maison rénovée, plage à pied",https://www.etreproprio.com/immobilier-23804812-vente-coup-de-coeur-a-morgat-maison-renovee-plage-a-pied-crozon
CROZON,"Investissement locatif  crozon  résidence de tourisme le hameau de peemor pen - 5,73 % de rentabilité",https://www.etreproprio.com/immobilier-23796269-vente-investissement-locatif-crozon-residence-de-tourisme-le-hameau-de-peemor-pen-573-de-rentabilite-crozon
CROZON,"Morgat, charmante maison avec vue mer imprenable !!!",https://www.etreproprio.com/immobilier-23794629-vente-morgat-charmante-maison-avec-vue-mer-imprenable-crozon
CROZON,Maison familiale - le port du fret à pieds,https://www.etreproprio.com/immobilier-23786888-vente-maison-familiale-le-port-du-fret-a-pieds-crozon
CROZON,Maison familiale - le port du fret à pieds,https://www.etreproprio.com/immobilier-23781613-vente-maison-familiale-le-port-du-fret-a-pieds-crozon
CROZON,Contemporaine 1998 crozon,https://www.etreproprio.com/immobilier-23075223-vente-contemporaine-1998-crozon-crozon
CROZON,Crozon - spacieuse maison avec jardin à proximité des commodités,https://www.etreproprio.com/immobilier-21953163-vente-crozon-spacieuse-maison-avec-jardin-a-proximite-des-commodites-crozon
CROZON,"Maison de caractère à rénover, les pieds dans l'eau",https://www.etreproprio.com/immobilier-23735835-vente-maison-de-caractere-a-renover-les-pieds-dans-l-eau-crozon
CROZON,"Maison de caractère à rénover, les pieds dans l'eau",https://www.etreproprio.com/immobilier-23736056-vente-maison-de-caractere-a-renover-les-pieds-dans-l-eau-crozon
CROZON,Maison 146m² à crozon,https://www.etreproprio.com/immobilier-23730439-vente-maison-146m-a-crozon-crozon
CROZON,"Maison bois sous décennale avec spa  calme absolu, environnement d'exception, vue campagne et mer, proche bourg et plage !",https://www.etreproprio.com/immobilier-23725245-vente-maison-bois-sous-decennale-avec-spa-calme-absolu-environnement-d-exception-vue-campagne-et-mer-proche-bourg-et-plage-crozon
CROZON,"Et si votre nouvelle vie commençait ici, à crozon ?",https://www.etreproprio.com/immobilier-23725250-vente-et-si-votre-nouvelle-vie-commencait-ici-a-crozon-crozon
CROZON,"Grande maison familiale à deux pas de la plage de morgat, du portzic et des commodités.",https://www.etreproprio.com/immobilier-23725242-vente-grande-maison-familiale-a-deux-pas-de-la-plage-de-morgat-du-portzic-et-des-commodites-crozon
CROZON,Morgat - charmante maison néo-bretonne,https://www.etreproprio.com/immobilier-23717314-vente-morgat-charmante-maison-neo-bretonne-crozon
CROZON,Crozon secteur prisé vue mer belle contemporaine,https://www.etreproprio.com/immobilier-23325915-vente-crozon-secteur-prise-vue-mer-belle-contemporaine-crozon
CROZON,Crozon belle néobretonne dans un cadre exceptionnel,https://www.etreproprio.com/immobilier-22208254-vente-crozon-belle-neobretonne-dans-un-cadre-exceptionnel-crozon
DAOULAS,Daoulas -  a vendre maison - 110 m2 - 3 chambres - aucun travaux - centre ville - grande piece de vie,https://www.etreproprio.com/immobilier-23761955-vente-daoulas-a-vendre-maison-110-m2-3-chambres-aucun-travaux-centre-ville-grande-piece-de-vie-daoulas
DAOULAS,Daoulas  maison t5 de plain-pied,https://www.etreproprio.com/immobilier-23147014-vente-daoulas-maison-t5-de-plain-pied-daoulas
DAOULAS,Daoulas  maison t5 de plain-pied,https://www.etreproprio.com/immobilier-23147011-vente-daoulas-maison-t5-de-plain-pied-daoulas
DAOULAS,Maison 5 pièces daoulas 132 m²,https://www.etreproprio.com/immobilier-23737650-vente-maison-5-pieces-daoulas-132-m-daoulas
DAOULAS,Maison familiale 7 pièces   154 m2   grand terrain   exposition sud - carport - serre,https://www.etreproprio.com/immobilier-23475879-vente-maison-familiale-7-pieces-154-m2-grand-terrain-exposition-sud-carport-serre-daoulas
DAOULAS,Maison 130m² à daoulas,https://www.etreproprio.com/immobilier-23402448-vente-maison-130m-a-daoulas-daoulas
DAOULAS,maison familiale lumineuse – grand terrain divisible – proche daoulas,https://www.etreproprio.com/immobilier-23158862-vente-maison-familiale-lumineuse-grand-terrain-divisible-proche-daoulas-daoulas
DAOULAS,A vednre maison daoulas  120 m²  5 chambres  jardin  maison coup de coeur,https://www.etreproprio.com/immobilier-22862292-vente-a-vednre-maison-daoulas-120-m-5-chambres-jardin-maison-coup-de-coeur-daoulas
DAOULAS,Superbe néo bretonne rénovée avec gout,https://www.etreproprio.com/immobilier-22713986-vente-superbe-neo-bretonne-renovee-avec-gout-daoulas
DAOULAS,""" déjà vendu par kerebel immobilier """,https://www.etreproprio.com/immobilier-20774521-vente-deja-vendu-par-kerebel-immobilier-daoulas
DAOULAS,""" déjà vendu par kerebel immobilier """,https://www.etreproprio.com/immobilier-20326038-vente-deja-vendu-par-kerebel-immobilier-daoulas
DAOULAS,""" déjà vendu par  kerebel immobilier """,https://www.etreproprio.com/immobilier-19747006-vente-deja-vendu-par-kerebel-immobilier-daoulas
DAOULAS,Daoulas jolie maison 3 chambres + 1 bureau sud-ouest  grand terrain,https://www.etreproprio.com/immobilier-18862347-vente-daoulas-jolie-maison-3-chambres-1-bureau-sud-ouest-grand-terrain-daoulas
DAOULAS,""" déjà vendu par kerebel immobilier """,https://www.etreproprio.com/immobilier-18583605-vente-deja-vendu-par-kerebel-immobilier-daoulas
DAOULAS,""" déjà vendu par kerebel immobilier """,https://www.etreproprio.com/immobilier-17901584-vente-deja-vendu-par-kerebel-immobilier-daoulas
DAOULAS,""" déjà vendu par kerebel immobilier """,https://www.etreproprio.com/immobilier-17196372-vente-deja-vendu-par-kerebel-immobilier-daoulas
DAOULAS,""" déjà vendu par kerebel immobilier """,https://www.etreproprio.com/immobilier-17196376-vente-deja-vendu-par-kerebel-immobilier-daoulas
DAOULAS,""" déjà vendu par kerebel immobilier """,https://www.etreproprio.com/immobilier-16534220-vente-deja-vendu-par-kerebel-immobilier-daoulas
DAOULAS,""" déjà vendu par kerebel immobilier """,https://www.etreproprio.com/immobilier-13560941-vente-deja-vendu-par-kerebel-immobilier-daoulas
DAOULAS,""" deja vendu par kerebel immobilier """,https://www.etreproprio.com/immobilier-10957123-vente-deja-vendu-par-kerebel-immobilier-daoulas
CROZON,"Un cadre idyllique, une maison lumineuse, un spa avec vue : votre havre de paix à crozon",https://www.etreproprio.com/immobilier-23094747-vente-un-cadre-idyllique-une-maison-lumineuse-un-spa-avec-vue-votre-havre-de-paix-a-crozon-crozon
CROZON,Maison traditionnelle proche centre crozon,https://www.etreproprio.com/immobilier-23628578-vente-maison-traditionnelle-proche-centre-crozon-crozon
CROZON,Villa t3 proche centre ville crozon exclusivite,https://www.etreproprio.com/immobilier-23618498-vente-villa-t3-proche-centre-ville-crozon-exclusivite-crozon
CROZON,Penty de 3 pièces – 56 m² – crozon (29160),https://www.etreproprio.com/immobilier-23608971-vente-penty-de-3-pieces-56-m-crozon-29160-crozon
CROZON,A vendre  crozon  maison t8  5 chambres  135m²  jardin  proche mer,https://www.etreproprio.com/immobilier-23578639-vente-a-vendre-crozon-maison-t8-5-chambres-135m-jardin-proche-mer-crozon
CROZON,Maison à vendre 9 pièces crozon (29),https://www.etreproprio.com/immobilier-23562063-vente-maison-a-vendre-9-pieces-crozon-29-crozon
CROZON,"Exclusivité – crozon – ravissante maison de plain-pied, au calme, proche plage et commodités",https://www.etreproprio.com/immobilier-23552223-vente-exclusivite-crozon-ravissante-maison-de-plain-pied-au-calme-proche-plage-et-commodites-crozon
CROZON,Maison à vendre 5 pièces crozon (29),https://www.etreproprio.com/immobilier-23539729-vente-maison-a-vendre-5-pieces-crozon-29-crozon
CROZON,"Crozon centre, chaleureuse maison en pierre",https://www.etreproprio.com/immobilier-23534217-vente-crozon-centre-chaleureuse-maison-en-pierre-crozon
CROZON,Charme et authenticité au cœur d’un site naturel exceptionnel,https://www.etreproprio.com/immobilier-22077949-vente-charme-et-authenticite-au-coeur-d-un-site-naturel-exceptionnel-crozon
CROZON,Maison à ossature bois,https://www.etreproprio.com/immobilier-22664050-vente-maison-a-ossature-bois-crozon
CROZON,"Maison à ossature bois, proche de la plage et des sentiers de randonnée",https://www.etreproprio.com/immobilier-21383869-vente-maison-a-ossature-bois-proche-de-la-plage-et-des-sentiers-de-randonnee-crozon
CROZON,Crozon - belle maison avec vue mer et accès immédiat aux plages,https://www.etreproprio.com/immobilier-23469747-vente-crozon-belle-maison-avec-vue-mer-et-acces-immediat-aux-plages-crozon
CROZON,Maison 5 chambres sur crozon,https://www.etreproprio.com/immobilier-23469757-vente-maison-5-chambres-sur-crozon-crozon
CROZON,Maison en centre-ville de crozon,https://www.etreproprio.com/immobilier-23463362-vente-maison-en-centre-ville-de-crozon-crozon
CROZON,Maison en centre-ville de crozon,https://www.etreproprio.com/immobilier-23462789-vente-maison-en-centre-ville-de-crozon-crozon
CROZON,Maison familiale avec vue mer   lieu-dit recherché en presqu’île de crozon,https://www.etreproprio.com/immobilier-23465023-vente-maison-familiale-avec-vue-mer-lieu-dit-recherche-en-presqu-ile-de-crozon-crozon
CROZON,Maison familiale,https://www.etreproprio.com/immobilier-22884728-vente-maison-familiale-crozon
CROZON,Maison contemporaine crozon centre,https://www.etreproprio.com/immobilier-22936613-vente-maison-contemporaine-crozon-centre-crozon
CROZON,« goulien – charmante maison en pierre à deux pas de la plage »,https://www.etreproprio.com/immobilier-23323282-vente-goulien-charmante-maison-en-pierre-a-deux-pas-de-la-plage-crozon
CONCARNEAU,"Maison t4 à vendre concarneau - douric, 102 m² habitables",https://www.etreproprio.com/immobilier-22652034-vente-maison-t4-a-vendre-concarneau-douric-102-m-habitables-concarneau
CONCARNEAU,"""anik"", maison rive droite au calme avec hypercentre à pieds",https://www.etreproprio.com/immobilier-23513575-vente-anik-maison-rive-droite-au-calme-avec-hypercentre-a-pieds-concarneau
CONCARNEAU,"Maison à vendre, concarneau, finistère sud, 170 m2, 8 pièces, 5 chambres",https://www.etreproprio.com/immobilier-22346267-vente-maison-a-vendre-concarneau-finistere-sud-170-m2-8-pieces-5-chambres-concarneau
CONCARNEAU,Concarneau bien d'exception de 234m2  6 chambres terrain de 6500m2,https://www.etreproprio.com/immobilier-23496527-vente-concarneau-bien-d-exception-de-234m2-6-chambres-terrain-de-6500m2-concarneau
CONCARNEAU,Concarneau - demeure de charme - secteur prisé - a 100 m de la mer,https://www.etreproprio.com/immobilier-23492823-vente-concarneau-demeure-de-charme-secteur-prise-a-100-m-de-la-mer-concarneau
CONCARNEAU,Maison 146m² à concarneau,https://www.etreproprio.com/immobilier-23482075-vente-maison-146m-a-concarneau-concarneau
CONCARNEAU,Maison neuve à concarneau 5 pièce(s),https://www.etreproprio.com/immobilier-22893645-vente-maison-neuve-a-concarneau-5-pieces-concarneau
CONCARNEAU,Concarneau : superbe maison plain-pied,https://www.etreproprio.com/immobilier-23449633-vente-concarneau-superbe-maison-plain-pied-concarneau
CONCARNEAU,Concarneau - beuzec conq - maison 5 chambres - 1868 m² de terrain - a renover,https://www.etreproprio.com/immobilier-23451678-vente-concarneau-beuzec-conq-maison-5-chambres-1868-m-de-terrain-a-renover-concarneau
CONCARNEAU,"Maison concarneau, 9 pièce(s) 232.64 m2",https://www.etreproprio.com/immobilier-23431886-vente-maison-concarneau-9-pieces-23264-m2-concarneau
CONCARNEAU,A vendre à concarneau - contemporaine lumineuse et fonctionnelle de 2017 à deux pas de la voie verte,https://www.etreproprio.com/immobilier-23420626-vente-a-vendre-a-concarneau-contemporaine-lumineuse-et-fonctionnelle-de-2017-a-deux-pas-de-la-voie-verte-concarneau
CONCARNEAU,"A vendre à concarneau rive droite - maison contemporaine - architecture épurée, ascenseur, solarium - un bien rare entre centre-",https://www.etreproprio.com/immobilier-22862507-vente-a-vendre-a-concarneau-rive-droite-maison-contemporaine-architecture-epuree-ascenseur-solarium-un-bien-rare-entre-centre-concarneau
CONCARNEAU,"À vendre à concarneau au calme - confort, luminosité et performance énergétique (dpe b)",https://www.etreproprio.com/immobilier-22438479-vente-a-vendre-a-concarneau-au-calme-confort-luminosite-et-performance-energetique-dpe-b-concarneau
CONCARNEAU,Concarneau centre-ville - maison esprit loft de 200 m2 avec terrasse et garage,https://www.etreproprio.com/immobilier-22943002-vente-concarneau-centre-ville-maison-esprit-loft-de-200-m2-avec-terrasse-et-garage-concarneau
CONCARNEAU,"Concarneau - maison 3 chambres, proche commerces et mer",https://www.etreproprio.com/immobilier-19857092-vente-concarneau-maison-3-chambres-proche-commerces-et-mer-concarneau
CONCARNEAU,Maison concarneau 4 pièce(s) 86 m²,https://www.etreproprio.com/immobilier-23088688-vente-maison-concarneau-4-pieces-86-m-concarneau
CONCARNEAU,Maison 262m² à concarneau,https://www.etreproprio.com/immobilier-23330282-vente-maison-262m-a-concarneau-concarneau
CONCARNEAU,A vendre à concarneau maison face à la mer et surplombant la plage des sables blancs,https://www.etreproprio.com/immobilier-21693212-vente-a-vendre-a-concarneau-maison-face-a-la-mer-et-surplombant-la-plage-des-sables-blancs-concarneau
CONCARNEAU,"""helen"" maison concarneau rive droite",https://www.etreproprio.com/immobilier-23258927-vente-helen-maison-concarneau-rive-droite-concarneau
CONCARNEAU,Maison concarneau 5 pièce(s) 150 m²,https://www.etreproprio.com/immobilier-23219265-vente-maison-concarneau-5-pieces-150-m-concarneau
DAOULAS,""" deja vendu par kerebel immobilier """,https://www.etreproprio.com/immobilier-10808928-vente-deja-vendu-par-kerebel-immobilier-daoulas
DAOULAS,""" vendu par kerebel immobilier """,https://www.etreproprio.com/immobilier-10808887-vente-vendu-par-kerebel-immobilier-daoulas
DAOULAS,""" deja vendu par kerebel immobilier """,https://www.etreproprio.com/immobilier-10412283-vente-deja-vendu-par-kerebel-immobilier-daoulas
DAOULAS,""" vendu par kerebel immobilier """,https://www.etreproprio.com/immobilier-9057440-vente-vendu-par-kerebel-immobilier-daoulas
DAOULAS,Maison 130m² à daoulas,https://www.etreproprio.com/immobilier-5080702-vente-maison-130m-a-daoulas-daoulas
CROZON,Exclusivité   maison rénovée avec jardin au cœur du bourg de crozon,https://www.etreproprio.com/immobilier-23298008-vente-exclusivite-maison-renovee-avec-jardin-au-coeur-du-bourg-de-crozon-crozon
CROZON,Maison mitoyenne 4 chambres à crozon (29 160),https://www.etreproprio.com/immobilier-23297657-vente-maison-mitoyenne-4-chambres-a-crozon-29-160-crozon
CROZON,Maison 7 pièce(s) 130 m2  à crozon (29 160) à 2 pas de la grande plage de morgat,https://www.etreproprio.com/immobilier-23297659-vente-maison-7-pieces-130-m2-a-crozon-29-160-a-2-pas-de-la-grande-plage-de-morgat-crozon
CROZON,Maison renovee - a deux pas de la plage et des sentiers cotiers morgat,https://www.etreproprio.com/immobilier-23290006-vente-maison-renovee-a-deux-pas-de-la-plage-et-des-sentiers-cotiers-morgat-crozon
CROZON,Crozon – spacieuse propriété familiale proche plage et bourg,https://www.etreproprio.com/immobilier-23274188-vente-crozon-spacieuse-propriete-familiale-proche-plage-et-bourg-crozon
CROZON,"Crozon - a proximité immédiate du centre/bourg, vue sur le port de morgat dispose d'un t2 au rez de chaussée indépendant",https://www.etreproprio.com/immobilier-22760381-vente-crozon-a-proximite-immediate-du-centrebourg-vue-sur-le-port-de-morgat-dispose-d-un-t2-au-rez-de-chaussee-independant-crozon
CROZON,Maison 167m² à crozon,https://www.etreproprio.com/immobilier-23111299-vente-maison-167m-a-crozon-crozon
CROZON,"À vendre   ensemble immobilier à crozon, idéal résidence secondaire ou investissement locatif saisonnier",https://www.etreproprio.com/immobilier-23095447-vente-a-vendre-ensemble-immobilier-a-crozon-ideal-residence-secondaire-ou-investissement-locatif-saisonnier-crozon
CROZON,Crozon – maison néo-bretonne avec grand jardin,https://www.etreproprio.com/immobilier-23043767-vente-crozon-maison-neo-bretonne-avec-grand-jardin-crozon
CROZON,Maison des annees 30 crozon,https://www.etreproprio.com/immobilier-21452243-vente-maison-des-annees-30-crozon-crozon
CROZON,"Charmante maison avec petite vue mer   quartier du yunic, crozon",https://www.etreproprio.com/immobilier-22971829-vente-charmante-maison-avec-petite-vue-mer-quartier-du-yunic-crozon-crozon
CROZON,Rare à morgat maison de charme au coeur d'un parc paysagé,https://www.etreproprio.com/immobilier-22107974-vente-rare-a-morgat-maison-de-charme-au-coeur-d-un-parc-paysage-crozon
CROZON,"À vendre – superbe maison traditionnelle idéalement située à crozon, à deux pas du centre-ville et de toutes ses commodités",https://www.etreproprio.com/immobilier-21784785-vente-a-vendre-superbe-maison-traditionnelle-idealement-situee-a-crozon-a-deux-pas-du-centre-ville-et-de-toutes-ses-commodites-crozon
CROZON,"Finistère : crozon. magnifique maison rénovée de 5/6 chambres avec vue sur la mer, jardin et parking.",https://www.etreproprio.com/immobilier-22764692-vente-finistere-crozon-magnifique-maison-renovee-de-56-chambres-avec-vue-sur-la-mer-jardin-et-parking-crozon
CROZON,"Finistère (29) - crozon - proximité, port et plages",https://www.etreproprio.com/immobilier-22652242-vente-finistere-29-crozon-proximite-port-et-plages-crozon
CROZON,"Dpt finistère (29), à vendre morgat maison p6",https://www.etreproprio.com/immobilier-22760349-vente-dpt-finistere-29-a-vendre-morgat-maison-p6-crozon
CROZON,Maison à vendre 3 pièces crozon (29),https://www.etreproprio.com/immobilier-22698720-vente-maison-a-vendre-3-pieces-crozon-29-crozon
CROZON,Charme authentique -maison en pierres de 1870  crozon,https://www.etreproprio.com/immobilier-21108122-vente-charme-authentique-maison-en-pierres-de-1870-crozon-crozon
CROZON,Grande maison familiale à vendre – à seulement quelques pas de la plage de morgat,https://www.etreproprio.com/immobilier-22657110-vente-grande-maison-familiale-a-vendre-a-seulement-quelques-pas-de-la-plage-de-morgat-crozon
CROZON,Maison à vendre 0 pièces morgat (29),https://www.etreproprio.com/immobilier-22610072-vente-maison-a-vendre-0-pieces-morgat-29-crozon
CONCARNEAU,Charmante maison dans le quartier du passage à concarneau,https://www.etreproprio.com/immobilier-23183303-vente-charmante-maison-dans-le-quartier-du-passage-a-concarneau-concarneau
CONCARNEAU,Maison concarneau à 1 km de la mer 6 pièce(s) 133 m2,https://www.etreproprio.com/immobilier-22232186-vente-maison-concarneau-a-1-km-de-la-mer-6-pieces-133-m2-concarneau
CONCARNEAU,Maison à vendre 7 pièces - 170 m² - 1500 m² de terrain -  concarneau (29) la cabellou,https://www.etreproprio.com/immobilier-23118506-vente-maison-a-vendre-7-pieces-170-m-1500-m-de-terrain-concarneau-29-la-cabellou-concarneau
CONCARNEAU,A vendre à concarneau maison contemporaine de 187 m²  à deux pas de la plage des sables blancs,https://www.etreproprio.com/immobilier-22604576-vente-a-vendre-a-concarneau-maison-contemporaine-de-187-m-a-deux-pas-de-la-plage-des-sables-blancs-concarneau
CONCARNEAU,#499 - a vendre - maison 150m2 - rouz - concarneau,https://www.etreproprio.com/immobilier-23094097-vente-499-a-vendre-maison-150m2-rouz-concarneau-concarneau
CONCARNEAU,A vendre concarneau maison villa annees 30 proche plage cornique,https://www.etreproprio.com/immobilier-21844033-vente-a-vendre-concarneau-maison-villa-annees-30-proche-plage-cornique-concarneau
CONCARNEAU,Maison concarneau,https://www.etreproprio.com/immobilier-23086573-vente-maison-concarneau-concarneau
CONCARNEAU,A vendre à concarneau le cabellou à 100 m de la plage - maison d'architecte avec piscine et jardin paysager,https://www.etreproprio.com/immobilier-22740858-vente-a-vendre-a-concarneau-le-cabellou-a-100-m-de-la-plage-maison-d-architecte-avec-piscine-et-jardin-paysager-concarneau
CONCARNEAU,Maison 90m² à concarneau,https://www.etreproprio.com/immobilier-22686344-vente-maison-90m-a-concarneau-concarneau
CONCARNEAU,"Concarneau - une maison baignée de lumière, accès direct aux sentiers côtiers",https://www.etreproprio.com/immobilier-22962477-vente-concarneau-une-maison-baignee-de-lumiere-acces-direct-aux-sentiers-cotiers-concarneau
CONCARNEAU,Maison concarneau 100 m² à rénover entièrement + dépendance de 100m²,https://www.etreproprio.com/immobilier-20708118-vente-maison-concarneau-100-m-a-renover-entierement-dependance-de-100m-concarneau
CONCARNEAU,"Maison 4 chambres avec vie de plain-pied, proche des plages",https://www.etreproprio.com/immobilier-22945904-vente-maison-4-chambres-avec-vie-de-plain-pied-proche-des-plages-concarneau
CONCARNEAU,Maison concarneau 5 pièce(s) 97.73 m2,https://www.etreproprio.com/immobilier-22937111-vente-maison-concarneau-5-pieces-9773-m2-concarneau
CONCARNEAU,"#555 - a vendre - maison - concarneau - 107,43 m2",https://www.etreproprio.com/immobilier-20702120-vente-555-a-vendre-maison-concarneau-10743-m2-concarneau
CONCARNEAU,A vendre à concarneau maison neuve 3 chambres 5 pièce(s) 97.28 m2,https://www.etreproprio.com/immobilier-22927173-vente-a-vendre-a-concarneau-maison-neuve-3-chambres-5-pieces-9728-m2-concarneau
CONCARNEAU,Maison 80m² à concarneau,https://www.etreproprio.com/immobilier-22309755-vente-maison-80m-a-concarneau-concarneau
CONCARNEAU,Maison 192m² à concarneau,https://www.etreproprio.com/immobilier-22920555-vente-maison-192m-a-concarneau-concarneau
CONCARNEAU,Maison 105m² à concarneau,https://www.etreproprio.com/immobilier-22919488-vente-maison-105m-a-concarneau-concarneau
CONCARNEAU,Maison concarneau 4 pièce(s) 91 m2,https://www.etreproprio.com/immobilier-22879390-vente-maison-concarneau-4-pieces-91-m2-concarneau
CONCARNEAU,Maison de ville en plein centre de concarneau - 66.21m2,https://www.etreproprio.com/immobilier-22759962-vente-maison-de-ville-en-plein-centre-de-concarneau-6621m2-concarneau
DINEAULT,Maison sur dineault,https://www.etreproprio.com/immobilier-23874889-vente-maison-sur-dineault-dineault
DINEAULT,Maison dineault 4 pièce(s) 131 m2,https://www.etreproprio.com/immobilier-23421045-vente-maison-dineault-4-pieces-131-m2-dineault
DINEAULT,Maison 131m² à dineault,https://www.etreproprio.com/immobilier-23412753-vente-maison-131m-a-dineault-dineault
DINEAULT,Maison en viager occupé dinéault,https://www.etreproprio.com/immobilier-22944131-vente-maison-en-viager-occupe-dineault-dineault
DINEAULT,"Maison de 6 pièces, 128 m² à dinéault 29150",https://www.etreproprio.com/immobilier-19871586-vente-maison-de-6-pieces-128-m-a-dineault-29150-dineault
CROZON,Maison crozon - 105m2,https://www.etreproprio.com/immobilier-22574432-vente-maison-crozon-105m2-crozon
CROZON,Maison entre la plage du portzic et le marché de crozon .,https://www.etreproprio.com/immobilier-22511456-vente-maison-entre-la-plage-du-portzic-et-le-marche-de-crozon-crozon
CROZON,Maison avec beaucoup de potentiel + terrain divisible ? crozon centre,https://www.etreproprio.com/immobilier-22457747-vente-maison-avec-beaucoup-de-potentiel-terrain-divisible-crozon-centre-crozon
CROZON,"Dpt finistère (29), à vendre morgat maison p0",https://www.etreproprio.com/immobilier-22117410-vente-dpt-finistere-29-a-vendre-morgat-maison-p0-crozon
CROZON,Maison renovee au coeur de crozon exclusivite,https://www.etreproprio.com/immobilier-22037709-vente-maison-renovee-au-coeur-de-crozon-exclusivite-crozon
CROZON,Nouveauté à crozon ? maison avec vue imprenable sur l'anse de morgat,https://www.etreproprio.com/immobilier-22018675-vente-nouveaute-a-crozon-maison-avec-vue-imprenable-sur-l-anse-de-morgat-crozon
CROZON,Maison avec vue mer exceptionnelle à crozon,https://www.etreproprio.com/immobilier-21994588-vente-maison-avec-vue-mer-exceptionnelle-a-crozon-crozon
CROZON,Contemporaine quartier residentiel crozon,https://www.etreproprio.com/immobilier-21844295-vente-contemporaine-quartier-residentiel-crozon-crozon
CROZON,Charmante maison de bourg avec vue sur la baie de douarnenez,https://www.etreproprio.com/immobilier-21798059-vente-charmante-maison-de-bourg-avec-vue-sur-la-baie-de-douarnenez-crozon
CROZON,Rareté absolue vue mer exceptionnelle face à la plage de l'aber exclusivite,https://www.etreproprio.com/immobilier-21595245-vente-rarete-absolue-vue-mer-exceptionnelle-face-a-la-plage-de-l-aber-exclusivite-crozon
CROZON,Propriété spacieuse à crozon,https://www.etreproprio.com/immobilier-21413904-vente-propriete-spacieuse-a-crozon-crozon
CROZON,"Dpt finistère (29), à vendre crozon maison p6",https://www.etreproprio.com/immobilier-21354880-vente-dpt-finistere-29-a-vendre-crozon-maison-p6-crozon
CROZON,Charme et emplacement rare : demeure de caractère à morgat,https://www.etreproprio.com/immobilier-21342820-vente-charme-et-emplacement-rare-demeure-de-caractere-a-morgat-crozon
CROZON,Villa t4 63m2 avec terrasse investissement lmnp crozon ( 29 ) 85 000 €,https://www.etreproprio.com/immobilier-20564851-vente-villa-t4-63m2-avec-terrasse-investissement-lmnp-crozon-29-85-000-crozon
CROZON,Ensemble traditionnel de caractère comprenant deux maisons d'habitation,https://www.etreproprio.com/immobilier-21031079-vente-ensemble-traditionnel-de-caractere-comprenant-deux-maisons-d-habitation-crozon
CROZON,Maison à vendre 8 pièces crozon (29),https://www.etreproprio.com/immobilier-21084729-vente-maison-a-vendre-8-pieces-crozon-29-crozon
CROZON,Maison située au calme et à proximité du bourg de crozon exposée sud,https://www.etreproprio.com/immobilier-20925111-vente-maison-situee-au-calme-et-a-proximite-du-bourg-de-crozon-exposee-sud-crozon
CROZON,Maison 140 m2 6 pièces avec vue mer au calme,https://www.etreproprio.com/immobilier-19722705-vente-maison-140-m2-6-pieces-avec-vue-mer-au-calme-crozon
CROZON,"Dpt finistère (29), à vendre crozon maison p8",https://www.etreproprio.com/immobilier-20170974-vente-dpt-finistere-29-a-vendre-crozon-maison-p8-crozon
CROZON,Maison située à proximité immédiate de la mer,https://www.etreproprio.com/immobilier-19967910-vente-maison-situee-a-proximite-immediate-de-la-mer-crozon
DIRINON,Maison dirinon 6 pièce(s) 101 m2,https://www.etreproprio.com/immobilier-23901457-vente-maison-dirinon-6-pieces-101-m2-dirinon
DIRINON,Exclusivite  a vendre  maison dirinon  165m²   6 chambres  jardin  garage,https://www.etreproprio.com/immobilier-23278507-vente-exclusivite-a-vendre-maison-dirinon-165m-6-chambres-jardin-garage-dirinon
DIRINON,Exclusivite  a vendre  maison dirinon  165m²   6 chambres  jardin  garage,https://www.etreproprio.com/immobilier-23175399-vente-exclusivite-a-vendre-maison-dirinon-165m-6-chambres-jardin-garage-dirinon
DIRINON,Maison 321m² à dirinon,https://www.etreproprio.com/immobilier-21930977-vente-maison-321m-a-dirinon-dirinon
DIRINON,Dirinon au calme,https://www.etreproprio.com/immobilier-20945319-vente-dirinon-au-calme-dirinon
DIRINON,""" déjà vendu par kerebel immobilier """,https://www.etreproprio.com/immobilier-20326041-vente-deja-vendu-par-kerebel-immobilier-dirinon
DIRINON,""" déjà vendu par kerebel immobilier """,https://www.etreproprio.com/immobilier-17901586-vente-deja-vendu-par-kerebel-immobilier-dirinon
DIRINON,""" déjà vendu par kerebel immobilier",https://www.etreproprio.com/immobilier-15282848-vente-deja-vendu-par-kerebel-immobilier-dirinon
DIRINON,""" déjà vendu par kerebel immobilier """,https://www.etreproprio.com/immobilier-13533177-vente-deja-vendu-par-kerebel-immobilier-dirinon
DIRINON,""" vendu par kerebel immobilier """,https://www.etreproprio.com/immobilier-8130246-vente-vendu-par-kerebel-immobilier-dirinon
CONCARNEAU,"""villas dolmen 3"" maison neuve au calme avec vie de plain pied proche commerces",https://www.etreproprio.com/immobilier-22707447-vente-villas-dolmen-3-maison-neuve-au-calme-avec-vie-de-plain-pied-proche-commerces-concarneau
CONCARNEAU,"""villas dolmen 1"" maison neuve au calme avec vie de plain pied proche commerces",https://www.etreproprio.com/immobilier-22707449-vente-villas-dolmen-1-maison-neuve-au-calme-avec-vie-de-plain-pied-proche-commerces-concarneau
CONCARNEAU,A vendre à concarneau - maison située au calme avec grandes terrasses à deux pas du bord de mer,https://www.etreproprio.com/immobilier-22706803-vente-a-vendre-a-concarneau-maison-situee-au-calme-avec-grandes-terrasses-a-deux-pas-du-bord-de-mer-concarneau
CONCARNEAU,"""villas dolmen 6"" maison neuve au calme avec vie de plain pied proche commerces",https://www.etreproprio.com/immobilier-22707445-vente-villas-dolmen-6-maison-neuve-au-calme-avec-vie-de-plain-pied-proche-commerces-concarneau
CONCARNEAU,"""villas dolmen 4"" maison neuve au calme avec vie de plain pied proche commerces",https://www.etreproprio.com/immobilier-22707446-vente-villas-dolmen-4-maison-neuve-au-calme-avec-vie-de-plain-pied-proche-commerces-concarneau
CONCARNEAU,Maison 190m² à concarneau,https://www.etreproprio.com/immobilier-22697893-vente-maison-190m-a-concarneau-concarneau
CONCARNEAU,Maison 170m² à concarneau,https://www.etreproprio.com/immobilier-22681541-vente-maison-170m-a-concarneau-concarneau
CONCARNEAU,"Maison à vendre concarneau le cabellou, 6 pièces - 185 m² - 1001 m² de terrain",https://www.etreproprio.com/immobilier-21440581-vente-maison-a-vendre-concarneau-le-cabellou-6-pieces-185-m-1001-m-de-terrain-concarneau
CONCARNEAU,"Le cachet d'un esprit loft, le privilège du centre-ville : un bien rare à concarneau",https://www.etreproprio.com/immobilier-22644470-vente-le-cachet-d-un-esprit-loft-le-privilege-du-centre-ville-un-bien-rare-a-concarneau-concarneau
CONCARNEAU,"Maison concarneau quartier du passage, 150 m2",https://www.etreproprio.com/immobilier-20834133-vente-maison-concarneau-quartier-du-passage-150-m2-concarneau
CONCARNEAU,Maison concarneau 9 pièces - 122 m2,https://www.etreproprio.com/immobilier-20342297-vente-maison-concarneau-9-pieces-122-m2-concarneau
CONCARNEAU,Maison concarneau 11 pièce(s) de 190 m²,https://www.etreproprio.com/immobilier-22420250-vente-maison-concarneau-11-pieces-de-190-m-concarneau
CONCARNEAU,"A vendre à concarneau le cabellou face à la mer, les pieds dans le sable, une adresse d'exception.",https://www.etreproprio.com/immobilier-21802423-vente-a-vendre-a-concarneau-le-cabellou-face-a-la-mer-les-pieds-dans-le-sable-une-adresse-d-exception-concarneau
CONCARNEAU,Maison concarneau 7 pièce(s) 119 m2,https://www.etreproprio.com/immobilier-22416605-vente-maison-concarneau-7-pieces-119-m2-concarneau
CONCARNEAU,#402 - a vendre - maison familiale dpe c - 165 m2 - concarneau,https://www.etreproprio.com/immobilier-21580325-vente-402-a-vendre-maison-familiale-dpe-c-165-m2-concarneau-concarneau
CONCARNEAU,"""bleuet"" maison à quelques pas des plages",https://www.etreproprio.com/immobilier-22331698-vente-bleuet-maison-a-quelques-pas-des-plages-concarneau
CONCARNEAU,Maison concarneau 4 pièces 103.69 m2 sur un terrain de 317 m2,https://www.etreproprio.com/immobilier-22269886-vente-maison-concarneau-4-pieces-10369-m2-sur-un-terrain-de-317-m2-concarneau
CONCARNEAU,Maison concarneau 5 pièces 118.83 m2 sur un terrain de 667 m2,https://www.etreproprio.com/immobilier-22269885-vente-maison-concarneau-5-pieces-11883-m2-sur-un-terrain-de-667-m2-concarneau
CONCARNEAU,"""avenn"" maison familiale concarneau rive droite",https://www.etreproprio.com/immobilier-21547197-vente-avenn-maison-familiale-concarneau-rive-droite-concarneau
CONCARNEAU,Concarneau maison indépendante de 4 pièces 103.71 m2,https://www.etreproprio.com/immobilier-22249378-vente-concarneau-maison-independante-de-4-pieces-10371-m2-concarneau
CROZON,Vente villa - résidence de tourisme classée 3 étoiles,https://www.etreproprio.com/immobilier-19606245-vente-vente-villa-residence-de-tourisme-classee-3-etoiles-crozon
CROZON,Vente villa - résidence de tourisme classée 3 étoiles,https://www.etreproprio.com/immobilier-19606248-vente-vente-villa-residence-de-tourisme-classee-3-etoiles-crozon
CROZON,Maison vue mer - crozon - exclusivité,https://www.etreproprio.com/immobilier-19169924-vente-maison-vue-mer-crozon-exclusivite-crozon
CROZON,Villa contemporaine avec vue sur mer,https://www.etreproprio.com/immobilier-17434869-vente-villa-contemporaine-avec-vue-sur-mer-crozon
CONCARNEAU,Maison indépendante à concarneau 5 pièces 118.75 m2,https://www.etreproprio.com/immobilier-22249379-vente-maison-independante-a-concarneau-5-pieces-11875-m2-concarneau
CONCARNEAU,Concarneau maison indépendante 4 pièces 98.66 m2,https://www.etreproprio.com/immobilier-22249377-vente-concarneau-maison-independante-4-pieces-9866-m2-concarneau
CONCARNEAU,Maison concarneau 5 pièce(s) 131 m²,https://www.etreproprio.com/immobilier-18802586-vente-maison-concarneau-5-pieces-131-m-concarneau
CONCARNEAU,"Concarneau, proche commerces maison 3 chambres idéal premier achat",https://www.etreproprio.com/immobilier-17769332-vente-concarneau-proche-commerces-maison-3-chambres-ideal-premier-achat-concarneau
CONCARNEAU,Maison 360m² à concarneau,https://www.etreproprio.com/immobilier-22000032-vente-maison-360m-a-concarneau-concarneau
CONCARNEAU,"Maison 5 pièces, 104 m², joli terrain",https://www.etreproprio.com/immobilier-21921173-vente-maison-5-pieces-104-m-joli-terrain-concarneau
CONCARNEAU,"# 366 - a vendre - maison - concarneau - 72,67 m2 - hyper centre rouz",https://www.etreproprio.com/immobilier-21161569-vente-366-a-vendre-maison-concarneau-7267-m2-hyper-centre-rouz-concarneau
CONCARNEAU,Moulin 29900 + gites-16 pièce(s) 239 m2,https://www.etreproprio.com/immobilier-21297643-vente-moulin-29900-gites-16-pieces-239-m2-concarneau
CONCARNEAU,Maison 171m² à concarneau,https://www.etreproprio.com/immobilier-21233350-vente-maison-171m-a-concarneau-concarneau
CONCARNEAU,Maison concarneau 5 pièces votre coin de paradis à concarneau,https://www.etreproprio.com/immobilier-21193729-vente-maison-concarneau-5-pieces-votre-coin-de-paradis-a-concarneau-concarneau
CONCARNEAU,Maison 104m² à concarneau,https://www.etreproprio.com/immobilier-21000886-vente-maison-104m-a-concarneau-concarneau
CONCARNEAU,"""montaigne"", maison au centre-ville de concarneau avec vue sur le port et la ville-close.",https://www.etreproprio.com/immobilier-20929901-vente-montaigne-maison-au-centre-ville-de-concarneau-avec-vue-sur-le-port-et-la-ville-close-concarneau
CONCARNEAU,Maison 110m² à concarneau,https://www.etreproprio.com/immobilier-20570089-vente-maison-110m-a-concarneau-concarneau
CONCARNEAU,Maison concarneau 6 pièce(s) 82 m²,https://www.etreproprio.com/immobilier-18917305-vente-maison-concarneau-6-pieces-82-m-concarneau
CONCARNEAU,Maison concarneau,https://www.etreproprio.com/immobilier-19626484-vente-maison-concarneau-concarneau
CONCARNEAU,Maison concarneau - 206 m²,https://www.etreproprio.com/immobilier-18166232-vente-maison-concarneau-206-m-concarneau
CONCARNEAU,Maison 130m² à concarneau,https://www.etreproprio.com/immobilier-19942027-vente-maison-130m-a-concarneau-concarneau
CONCARNEAU,Maison 86m² à concarneau,https://www.etreproprio.com/immobilier-19156628-vente-maison-86m-a-concarneau-concarneau
CONCARNEAU,Maison 80m² à concarneau,https://www.etreproprio.com/immobilier-19554062-vente-maison-80m-a-concarneau-concarneau
CONCARNEAU,Propriété historique,https://www.etreproprio.com/immobilier-17758995-vente-propriete-historique-concarneau
DOUARNENEZ,Maison 6 pièces douarnenez treboul,https://www.etreproprio.com/immobilier-23910969-vente-maison-6-pieces-douarnenez-treboul-douarnenez
DOUARNENEZ,Maison douarnenez 6 pièce(s),https://www.etreproprio.com/immobilier-23903204-vente-maison-douarnenez-6-pieces-douarnenez
DOUARNENEZ,Maison 165m² à douarnenez,https://www.etreproprio.com/immobilier-22921432-vente-maison-165m-a-douarnenez-douarnenez
DOUARNENEZ,Maison  douarnenez  71 m2,https://www.etreproprio.com/immobilier-23881358-vente-maison-douarnenez-71-m2-douarnenez
DOUARNENEZ,Maison douarnenez 141 m2,https://www.etreproprio.com/immobilier-22093561-vente-maison-douarnenez-141-m2-douarnenez
DOUARNENEZ,Maison 69m² à douarnenez,https://www.etreproprio.com/immobilier-23873670-vente-maison-69m-a-douarnenez-douarnenez
DOUARNENEZ,Maison douarnenez 3 pièce(s) 64 m2,https://www.etreproprio.com/immobilier-22913319-vente-maison-douarnenez-3-pieces-64-m2-douarnenez
DOUARNENEZ,Maison 139m² à douarnenez,https://www.etreproprio.com/immobilier-23863497-vente-maison-139m-a-douarnenez-douarnenez
DOUARNENEZ,Maison douarnenez 9 pièce(s) 190 m2,https://www.etreproprio.com/immobilier-23303075-vente-maison-douarnenez-9-pieces-190-m2-douarnenez
DOUARNENEZ,Maison 66m² à douarnenez,https://www.etreproprio.com/immobilier-23627429-vente-maison-66m-a-douarnenez-douarnenez
DOUARNENEZ,Maison 190m² à douarnenez,https://www.etreproprio.com/immobilier-21281260-vente-maison-190m-a-douarnenez-douarnenez
DOUARNENEZ,Maison douarnenez 7 pièces 140 m²,https://www.etreproprio.com/immobilier-23861084-vente-maison-douarnenez-7-pieces-140-m-douarnenez
DOUARNENEZ,Maison de ville avec terrasse,https://www.etreproprio.com/immobilier-23856299-vente-maison-de-ville-avec-terrasse-douarnenez
DOUARNENEZ,Maison à vendre 7 pièces kerlaz (29) 149 m2 sur 713 m2 de terrain 4 chambres,https://www.etreproprio.com/immobilier-23825081-vente-maison-a-vendre-7-pieces-kerlaz-29-149-m2-sur-713-m2-de-terrain-4-chambres-douarnenez
DOUARNENEZ,Maison douarnenez 140 m2,https://www.etreproprio.com/immobilier-23568840-vente-maison-douarnenez-140-m2-douarnenez
DOUARNENEZ,Maison 106m² à douarnenez,https://www.etreproprio.com/immobilier-23769666-vente-maison-106m-a-douarnenez-douarnenez
DOUARNENEZ,Maison 66m² à douarnenez,https://www.etreproprio.com/immobilier-23031910-vente-maison-66m-a-douarnenez-douarnenez
DOUARNENEZ,Maison sur douarnenez,https://www.etreproprio.com/immobilier-23759258-vente-maison-sur-douarnenez-douarnenez
DOUARNENEZ,Maison douarnenez 5 pièces 80.50 m2,https://www.etreproprio.com/immobilier-23722966-vente-maison-douarnenez-5-pieces-8050-m2-douarnenez
DOUARNENEZ,Maison 115m² à douarnenez,https://www.etreproprio.com/immobilier-23040822-vente-maison-115m-a-douarnenez-douarnenez
LE DRENNEC,Maison de plain-pied 2 chambres avec jardin clos,https://www.etreproprio.com/immobilier-23550622-vente-maison-de-plain-pied-2-chambres-avec-jardin-clos-le-drennec
LE DRENNEC,Maison 125m² à le drennec,https://www.etreproprio.com/immobilier-22549380-vente-maison-125m-a-le-drennec-le-drennec
CONCARNEAU,Maison concarneau 10 pièce(s) 175 m2,https://www.etreproprio.com/immobilier-19221650-vente-maison-concarneau-10-pieces-175-m2-concarneau
CONCARNEAU,Maison 141m² à concarneau,https://www.etreproprio.com/immobilier-19091677-vente-maison-141m-a-concarneau-concarneau
CONCARNEAU,"#432 - a vendre - maison - concarneau - 120,4 m2",https://www.etreproprio.com/immobilier-18805909-vente-432-a-vendre-maison-concarneau-1204-m2-concarneau
CONCARNEAU,Maison 168m² à concarneau,https://www.etreproprio.com/immobilier-18918244-vente-maison-168m-a-concarneau-concarneau
CONCARNEAU,Maison concarneau 12 pièce(s) 188 m²,https://www.etreproprio.com/immobilier-18692229-vente-maison-concarneau-12-pieces-188-m-concarneau
CONCARNEAU,Maison 106m² à concarneau,https://www.etreproprio.com/immobilier-17373225-vente-maison-106m-a-concarneau-concarneau
CONCARNEAU,Concarneau maison 5 pièce(s) 150m² avec dépendance 3 pièces(s) de 50m²,https://www.etreproprio.com/immobilier-16731367-vente-concarneau-maison-5-pieces-150m-avec-dependance-3-piecess-de-50m-concarneau
CONCARNEAU,Maison 108m² à concarneau,https://www.etreproprio.com/immobilier-15793138-vente-maison-108m-a-concarneau-concarneau
CONCARNEAU,Maison 151m² à concarneau,https://www.etreproprio.com/immobilier-15793130-vente-maison-151m-a-concarneau-concarneau
DOUARNENEZ,Maison douarnenez 5 pièce(s),https://www.etreproprio.com/immobilier-23689394-vente-maison-douarnenez-5-pieces-douarnenez
DOUARNENEZ,Maison 135m² à douarnenez,https://www.etreproprio.com/immobilier-23579873-vente-maison-135m-a-douarnenez-douarnenez
DOUARNENEZ,Maison 106m² à douarnenez,https://www.etreproprio.com/immobilier-21640159-vente-maison-106m-a-douarnenez-douarnenez
DOUARNENEZ,Maison tréboul,https://www.etreproprio.com/immobilier-23516526-vente-maison-treboul-douarnenez
DOUARNENEZ,Maison 188m² à douarnenez,https://www.etreproprio.com/immobilier-23501826-vente-maison-188m-a-douarnenez-douarnenez
DOUARNENEZ,Maison 135m² à douarnenez,https://www.etreproprio.com/immobilier-23479456-vente-maison-135m-a-douarnenez-douarnenez
DOUARNENEZ,Maison douarnenez tréboul 7 pièces 135 m2,https://www.etreproprio.com/immobilier-23478438-vente-maison-douarnenez-treboul-7-pieces-135-m2-douarnenez
DOUARNENEZ,Maison douarnenez 5 pièce(s),https://www.etreproprio.com/immobilier-23471116-vente-maison-douarnenez-5-pieces-douarnenez
DOUARNENEZ,Maison familiale 5 pièces treboul-douarnenez (29),https://www.etreproprio.com/immobilier-23404759-vente-maison-familiale-5-pieces-treboul-douarnenez-29-douarnenez
DOUARNENEZ,"Maison 6 pièces avec sous-sol complet - 117m²- treboul, douarnenez (29)",https://www.etreproprio.com/immobilier-22786681-vente-maison-6-pieces-avec-sous-sol-complet-117m-treboul-douarnenez-29-douarnenez
DOUARNENEZ,Maison 108m² à douarnenez,https://www.etreproprio.com/immobilier-23351754-vente-maison-108m-a-douarnenez-douarnenez
DOUARNENEZ,Maison douarnenez 6 pièces 123 m2,https://www.etreproprio.com/immobilier-23317086-vente-maison-douarnenez-6-pieces-123-m2-douarnenez
DOUARNENEZ,Maison d'architecte  douarnenez 8 pièces 213 m²,https://www.etreproprio.com/immobilier-23303094-vente-maison-d-architecte-douarnenez-8-pieces-213-m-douarnenez
DOUARNENEZ,Maison douarnenez 6 pièce(s) 90 m2,https://www.etreproprio.com/immobilier-23303076-vente-maison-douarnenez-6-pieces-90-m2-douarnenez
DOUARNENEZ,Maison douarnenez 3 pièce(s),https://www.etreproprio.com/immobilier-22287075-vente-maison-douarnenez-3-pieces-douarnenez
DOUARNENEZ,Maison douarnenez 6 pièce(s) 108 m2,https://www.etreproprio.com/immobilier-23303081-vente-maison-douarnenez-6-pieces-108-m2-douarnenez
DOUARNENEZ,Maison 123m² à douarnenez,https://www.etreproprio.com/immobilier-23307330-vente-maison-123m-a-douarnenez-douarnenez
DOUARNENEZ,Maison 182m² à douarnenez,https://www.etreproprio.com/immobilier-23203117-vente-maison-182m-a-douarnenez-douarnenez
DOUARNENEZ,"Maison douarnenez 5 pièces, 102 m²",https://www.etreproprio.com/immobilier-23195873-vente-maison-douarnenez-5-pieces-102-m-douarnenez
DOUARNENEZ,Maison 196m² à douarnenez,https://www.etreproprio.com/immobilier-23189544-vente-maison-196m-a-douarnenez-douarnenez
EDERN,Finistere - edern (29510) - a vendre - maison de 76 m2 - 3 chambres - terrain de 9 400 m2 - sous-sol total - grenier aménageable,https://www.etreproprio.com/immobilier-23895293-vente-finistere-edern-29510-a-vendre-maison-de-76-m2-3-chambres-terrain-de-9-400-m2-sous-sol-total-grenier-amenageable-edern
EDERN,Maison et hangar,https://www.etreproprio.com/immobilier-23785162-vente-maison-et-hangar-edern
EDERN,Maison à vendre 6 pièces edern (29),https://www.etreproprio.com/immobilier-23644577-vente-maison-a-vendre-6-pieces-edern-29-edern
EDERN,29510 edern maison avec hangar idéal primo-accèdent ou pied à terre,https://www.etreproprio.com/immobilier-23475166-vente-29510-edern-maison-avec-hangar-ideal-primo-accedent-ou-pied-a-terre-edern
EDERN,Vente maison edern(29510) 231 000ï¿œ,https://www.etreproprio.com/immobilier-22998635-vente-vente-maison-edern29510-231-000i-oe-edern
EDERN,Maison 165m² à edern,https://www.etreproprio.com/immobilier-22548875-vente-maison-165m-a-edern-edern
EDERN,Longère en pierre avec hangar  gros uvre réalisé  campagne d'edern,https://www.etreproprio.com/immobilier-22047084-vente-longere-en-pierre-avec-hangar-gros-uvre-realise-campagne-d-edern-edern
EDERN,Maison de campagne t7 195 m2 à edern,https://www.etreproprio.com/immobilier-16895160-vente-maison-de-campagne-t7-195-m2-a-edern-edern
ELLIANT,Maison 175m² à elliant,https://www.etreproprio.com/immobilier-23861421-vente-maison-175m-a-elliant-elliant
ELLIANT,Maison sur elliant,https://www.etreproprio.com/immobilier-23855230-vente-maison-sur-elliant-elliant
ELLIANT,Maison elliant 5 pièces 105 m2,https://www.etreproprio.com/immobilier-23853826-vente-maison-elliant-5-pieces-105-m2-elliant
ELLIANT,Maison 99m² à elliant,https://www.etreproprio.com/immobilier-23780113-vente-maison-99m-a-elliant-elliant
ELLIANT,Maison elliant 4 pièce(s),https://www.etreproprio.com/immobilier-23768977-vente-maison-elliant-4-pieces-elliant
ELLIANT,Maison dans un quartier calme,https://www.etreproprio.com/immobilier-23772414-vente-maison-dans-un-quartier-calme-elliant
ELLIANT,Maison 152m² à elliant,https://www.etreproprio.com/immobilier-23754186-vente-maison-152m-a-elliant-elliant
ELLIANT,A vendre maison- elliant-centre ville-garage-jardin,https://www.etreproprio.com/immobilier-23693851-vente-a-vendre-maison-elliant-centre-ville-garage-jardin-elliant
ELLIANT,Maison 122m² à elliant,https://www.etreproprio.com/immobilier-23649674-vente-maison-122m-a-elliant-elliant
ELLIANT,Maison à vendre 5 pièces  (29) exclusivité – elliant – contemporaine 2023,https://www.etreproprio.com/immobilier-22610086-vente-maison-a-vendre-5-pieces-29-exclusivite-elliant-contemporaine-2023-elliant
ELLIANT,Maison 190m² à elliant,https://www.etreproprio.com/immobilier-23602296-vente-maison-190m-a-elliant-elliant
ELLIANT,Maison 150m² à elliant,https://www.etreproprio.com/immobilier-22638488-vente-maison-150m-a-elliant-elliant
ELLIANT,Maison 151m² à elliant,https://www.etreproprio.com/immobilier-23102652-vente-maison-151m-a-elliant-elliant
ELLIANT,Maison 40m² à elliant,https://www.etreproprio.com/immobilier-23459438-vente-maison-40m-a-elliant-elliant
ELLIANT,Maison 110m² à elliant,https://www.etreproprio.com/immobilier-23435459-vente-maison-110m-a-elliant-elliant
ELLIANT,Maison à vendre 6 pièces elliant (29) - au calme - véranda - lumineuse,https://www.etreproprio.com/immobilier-23416421-vente-maison-a-vendre-6-pieces-elliant-29-au-calme-veranda-lumineuse-elliant
ELLIANT,Maison 91m² à elliant,https://www.etreproprio.com/immobilier-23401229-vente-maison-91m-a-elliant-elliant
ELLIANT,Maison 175m² à elliant,https://www.etreproprio.com/immobilier-21226372-vente-maison-175m-a-elliant-elliant
ELLIANT,"29370 elliant maison 2 / 3 chambres au calme, cuisine récente, électricité récente",https://www.etreproprio.com/immobilier-23297661-vente-29370-elliant-maison-2-3-chambres-au-calme-cuisine-recente-electricite-recente-elliant
ELLIANT,Maison 85m² à elliant,https://www.etreproprio.com/immobilier-23260380-vente-maison-85m-a-elliant-elliant
DOUARNENEZ,Maison 119m² à douarnenez,https://www.etreproprio.com/immobilier-23179327-vente-maison-119m-a-douarnenez-douarnenez
DOUARNENEZ,Douarnenez (29) - maison 6 pièces - 123 m² - 4 chambres - 712 m² de terrain,https://www.etreproprio.com/immobilier-23183626-vente-douarnenez-29-maison-6-pieces-123-m-4-chambres-712-m-de-terrain-douarnenez
DOUARNENEZ,Maison douarnenez centre 6 pièce(s),https://www.etreproprio.com/immobilier-23132063-vente-maison-douarnenez-centre-6-pieces-douarnenez
DOUARNENEZ,Maison 108m² à douarnenez,https://www.etreproprio.com/immobilier-22370119-vente-maison-108m-a-douarnenez-douarnenez
DOUARNENEZ,Maison douarnenez 8 pièces 175 m2,https://www.etreproprio.com/immobilier-22952412-vente-maison-douarnenez-8-pieces-175-m2-douarnenez
DOUARNENEZ,Maison à vendre au port du rosmeur à douarnenez (29),https://www.etreproprio.com/immobilier-22964864-vente-maison-a-vendre-au-port-du-rosmeur-a-douarnenez-29-douarnenez
DOUARNENEZ,Maison de famille,https://www.etreproprio.com/immobilier-22481728-vente-maison-de-famille-douarnenez
DOUARNENEZ,Maison 123m² à douarnenez,https://www.etreproprio.com/immobilier-22925446-vente-maison-123m-a-douarnenez-douarnenez
DOUARNENEZ,Maison douarnenez 10 pièce(s),https://www.etreproprio.com/immobilier-22863882-vente-maison-douarnenez-10-pieces-douarnenez
DOUARNENEZ,Maison 136m² à douarnenez,https://www.etreproprio.com/immobilier-22507783-vente-maison-136m-a-douarnenez-douarnenez
DOUARNENEZ,Maison douarnenez 6 pièce(s),https://www.etreproprio.com/immobilier-22515313-vente-maison-douarnenez-6-pieces-douarnenez
DOUARNENEZ,Maison de ville à réaménager,https://www.etreproprio.com/immobilier-22602249-vente-maison-de-ville-a-reamenager-douarnenez
DOUARNENEZ,Maison de famille a deux pas de la plage du ris à douarnenez (29),https://www.etreproprio.com/immobilier-22510597-vente-maison-de-famille-a-deux-pas-de-la-plage-du-ris-a-douarnenez-29-douarnenez
DOUARNENEZ,Maison 163m² à douarnenez,https://www.etreproprio.com/immobilier-22489325-vente-maison-163m-a-douarnenez-douarnenez
DOUARNENEZ,Maison avec vue mer douarnenez 6 pièce(s) 163 m2,https://www.etreproprio.com/immobilier-22253995-vente-maison-avec-vue-mer-douarnenez-6-pieces-163-m2-douarnenez
DOUARNENEZ,Maison 163m² à douarnenez,https://www.etreproprio.com/immobilier-22246529-vente-maison-163m-a-douarnenez-douarnenez
DOUARNENEZ,Maison 96m² à douarnenez,https://www.etreproprio.com/immobilier-22292462-vente-maison-96m-a-douarnenez-douarnenez
DOUARNENEZ,Maison d'architecte vue mer tréboul douarnenez,https://www.etreproprio.com/immobilier-22270338-vente-maison-d-architecte-vue-mer-treboul-douarnenez-douarnenez
DOUARNENEZ,Villa 29100 douarnenez accès mer direct,https://www.etreproprio.com/immobilier-22104749-vente-villa-29100-douarnenez-acces-mer-direct-douarnenez
DOUARNENEZ,A vendre-bretagne-finistère sud-douarnenez-tréboul-maison plus appartement indépendant-jardins-garage,https://www.etreproprio.com/immobilier-22076151-vente-a-vendre-bretagne-finistere-sud-douarnenez-treboul-maison-plus-appartement-independant-jardins-garage-douarnenez
ERGUE-GABERIC,Maison à vendre 5 pièces ergue gaberic (29500)- surface habitable 162.56 m2- 3 chambres - parcelle de 895 m2,https://www.etreproprio.com/immobilier-22015946-vente-maison-a-vendre-5-pieces-ergue-gaberic-29500-surface-habitable-16256-m2-3-chambres-parcelle-de-895-m2-ergue-gaberic
ERGUE-GABERIC,Maison sur ergue gaberic,https://www.etreproprio.com/immobilier-23855229-vente-maison-sur-ergue-gaberic-ergue-gaberic
ERGUE-GABERIC,Maison - 3 chambres - ergué-gabéric,https://www.etreproprio.com/immobilier-23842335-vente-maison-3-chambres-ergue-gaberic-ergue-gaberic
ERGUE-GABERIC,Ergue-gaberic maison individuelle sur terrain de 630 m2,https://www.etreproprio.com/immobilier-23532442-vente-ergue-gaberic-maison-individuelle-sur-terrain-de-630-m2-ergue-gaberic
ERGUE-GABERIC,Ergue-gaberic maison individuelle sur terrain de 630 m2,https://www.etreproprio.com/immobilier-23532427-vente-ergue-gaberic-maison-individuelle-sur-terrain-de-630-m2-ergue-gaberic
ERGUE-GABERIC,Maison 153m² à ergue-gaberic,https://www.etreproprio.com/immobilier-23260682-vente-maison-153m-a-ergue-gaberic-ergue-gaberic
ERGUE-GABERIC,Maison ergué gaberic- 4 chambres - 100m²,https://www.etreproprio.com/immobilier-23757213-vente-maison-ergue-gaberic-4-chambres-100m-ergue-gaberic
ERGUE-GABERIC,Maison traditionnelle aux portes de quimper!,https://www.etreproprio.com/immobilier-23757210-vente-maison-traditionnelle-aux-portes-de-quimper-ergue-gaberic
ERGUE-GABERIC,Maison familiale 129 m² - ergué-gabéric,https://www.etreproprio.com/immobilier-23757214-vente-maison-familiale-129-m-ergue-gaberic-ergue-gaberic
ERGUE-GABERIC,Maison 97m² à ergue-gaberic,https://www.etreproprio.com/immobilier-22741938-vente-maison-97m-a-ergue-gaberic-ergue-gaberic
ERGUE-GABERIC,Maison  4 chambres dans le bourg d'ergué-gabéric,https://www.etreproprio.com/immobilier-23657580-vente-maison-4-chambres-dans-le-bourg-d-ergue-gaberic-ergue-gaberic
ERGUE-GABERIC,Maison 151m² à ergue-gaberic,https://www.etreproprio.com/immobilier-22639966-vente-maison-151m-a-ergue-gaberic-ergue-gaberic
ERGUE-GABERIC,Maison 107m² à ergue-gaberic,https://www.etreproprio.com/immobilier-23409263-vente-maison-107m-a-ergue-gaberic-ergue-gaberic
ERGUE-GABERIC,Maison de caractère ergué-gabéric,https://www.etreproprio.com/immobilier-23659340-vente-maison-de-caractere-ergue-gaberic-ergue-gaberic
ERGUE-GABERIC,Maison  7 pièce(s) 160 m2,https://www.etreproprio.com/immobilier-23468881-vente-maison-7-pieces-160-m2-ergue-gaberic
ERGUE-GABERIC,Maison 162m² à ergue-gaberic,https://www.etreproprio.com/immobilier-23221797-vente-maison-162m-a-ergue-gaberic-ergue-gaberic
ERGUE-GABERIC,A vendre ergue gaberic le rouillen longere 4 chambres  studio independant et jardin,https://www.etreproprio.com/immobilier-23373978-vente-a-vendre-ergue-gaberic-le-rouillen-longere-4-chambres-studio-independant-et-jardin-ergue-gaberic
ERGUE-GABERIC,Maison 115m² à ergue-gaberic,https://www.etreproprio.com/immobilier-23608007-vente-maison-115m-a-ergue-gaberic-ergue-gaberic
ERGUE-GABERIC,Immeuble de rapport sur ergué-gabéric,https://www.etreproprio.com/immobilier-23606829-vente-immeuble-de-rapport-sur-ergue-gaberic-ergue-gaberic
ERGUE-GABERIC,Maison 148m² à ergue-gaberic,https://www.etreproprio.com/immobilier-23526200-vente-maison-148m-a-ergue-gaberic-ergue-gaberic
DOUARNENEZ,Maison 180m² à douarnenez,https://www.etreproprio.com/immobilier-22001806-vente-maison-180m-a-douarnenez-douarnenez
DOUARNENEZ,Maison 226m² à douarnenez,https://www.etreproprio.com/immobilier-21734733-vente-maison-226m-a-douarnenez-douarnenez
DOUARNENEZ,Maison 53m² à douarnenez,https://www.etreproprio.com/immobilier-21474432-vente-maison-53m-a-douarnenez-douarnenez
DOUARNENEZ,Maison 213m² à douarnenez,https://www.etreproprio.com/immobilier-21474603-vente-maison-213m-a-douarnenez-douarnenez
ELLIANT,Maison 265m² à elliant,https://www.etreproprio.com/immobilier-22977966-vente-maison-265m-a-elliant-elliant
ELLIANT,Maison 215m² à elliant,https://www.etreproprio.com/immobilier-22855248-vente-maison-215m-a-elliant-elliant
ELLIANT,Maison elliant 4 pièce(s) 91.22 m2,https://www.etreproprio.com/immobilier-22546802-vente-maison-elliant-4-pieces-9122-m2-elliant
ELLIANT,#425 - a vendre - maison 170 m2 -  dpe b - elliant,https://www.etreproprio.com/immobilier-21614154-vente-425-a-vendre-maison-170-m2-dpe-b-elliant-elliant
ELLIANT,Maison 150m² à elliant,https://www.etreproprio.com/immobilier-21491439-vente-maison-150m-a-elliant-elliant
ELLIANT,Maison 53m² à elliant,https://www.etreproprio.com/immobilier-21437881-vente-maison-53m-a-elliant-elliant
ESQUIBIEN,Bien d'exception ? authentique longère du xviii? siècle entre audierne et pont-croix,https://www.etreproprio.com/immobilier-23600493-vente-bien-d-exception-authentique-longere-du-xviii-siecle-entre-audierne-et-pont-croix-esquibien
LE FAOU,Maison de 7 pièces avec vue mer au faou,https://www.etreproprio.com/immobilier-23876442-vente-maison-de-7-pieces-avec-vue-mer-au-faou-le-faou
LE FAOU,Maison 120m² à le faou,https://www.etreproprio.com/immobilier-23863889-vente-maison-120m-a-le-faou-le-faou
LE FAOU,Maison 90m² à le faou,https://www.etreproprio.com/immobilier-23863890-vente-maison-90m-a-le-faou-le-faou
LE FAOU,Exclusivite maison à vendre atypique 5 pièces le faou (29) de 110 m2 inscrite au patrimoine. vue mer,https://www.etreproprio.com/immobilier-23615184-vente-exclusivite-maison-a-vendre-atypique-5-pieces-le-faou-29-de-110-m2-inscrite-au-patrimoine-vue-mer-le-faou
LE FAOU,Maison 120m² à le faou,https://www.etreproprio.com/immobilier-23770260-vente-maison-120m-a-le-faou-le-faou
LE FAOU,Maison 328m² à le faou,https://www.etreproprio.com/immobilier-23749921-vente-maison-328m-a-le-faou-le-faou
LE FAOU,Maison 121 m2 à rénover - 6 pièces proche commodités et ecoles situé en impasse,https://www.etreproprio.com/immobilier-23717542-vente-maison-121-m2-a-renover-6-pieces-proche-commodites-et-ecoles-situe-en-impasse-le-faou
LE FAOU,Maison sur le faou,https://www.etreproprio.com/immobilier-23705242-vente-maison-sur-le-faou-le-faou
LE FAOU,"Maison familiale, contemporaine – le faou",https://www.etreproprio.com/immobilier-23342572-vente-maison-familiale-contemporaine-le-faou-le-faou
LE FAOU,Maison récente,https://www.etreproprio.com/immobilier-23323649-vente-maison-recente-le-faou
LE FAOU,"Dpt finistère (29), à vendre à le faou maison en pierre de 110 m² - 3 chambres - terrain de 880,00 m²",https://www.etreproprio.com/immobilier-22483648-vente-dpt-finistere-29-a-vendre-a-le-faou-maison-en-pierre-de-110-m-3-chambres-terrain-de-88000-m-le-faou
LE FAOU,Maison 90m² à le faou,https://www.etreproprio.com/immobilier-23448281-vente-maison-90m-a-le-faou-le-faou
LE FAOU,Maison 120m² à le faou,https://www.etreproprio.com/immobilier-23448280-vente-maison-120m-a-le-faou-le-faou
LE FAOU,Maison 170m² à le faou,https://www.etreproprio.com/immobilier-23068932-vente-maison-170m-a-le-faou-le-faou
LE FAOU,Maison 188m² à le faou,https://www.etreproprio.com/immobilier-22595330-vente-maison-188m-a-le-faou-le-faou
LE FAOU,Finistere - le faou (29590) - a vendre - maison d'habitation - 5 chambres - idealement situee - jardin de 900 m² - sous-sol comp,https://www.etreproprio.com/immobilier-22342810-vente-finistere-le-faou-29590-a-vendre-maison-d-habitation-5-chambres-idealement-situee-jardin-de-900-m-sous-sol-comp-le-faou
LE FAOU,Ensemble en pierre au centre du faou.,https://www.etreproprio.com/immobilier-21878352-vente-ensemble-en-pierre-au-centre-du-faou-le-faou
LE FAOU,"Le faou hypercentre, belle bourgeoise rénovée",https://www.etreproprio.com/immobilier-21862820-vente-le-faou-hypercentre-belle-bourgeoise-renovee-le-faou
LE FAOU,Proche le faou maison en pierre à rénover,https://www.etreproprio.com/immobilier-20772333-vente-proche-le-faou-maison-en-pierre-a-renover-le-faou
LE FAOU,Le faou belle maison t5 rénovée,https://www.etreproprio.com/immobilier-20598383-vente-le-faou-belle-maison-t5-renovee-le-faou
ERGUE-GABERIC,Belle maison familiale & récente de 185m2 !,https://www.etreproprio.com/immobilier-21167643-vente-belle-maison-familiale-recente-de-185m2-ergue-gaberic
ERGUE-GABERIC,Maison 134m² à ergue-gaberic,https://www.etreproprio.com/immobilier-22557297-vente-maison-134m-a-ergue-gaberic-ergue-gaberic
ERGUE-GABERIC,Maison contemporaine à ergué-gabéric,https://www.etreproprio.com/immobilier-23375149-vente-maison-contemporaine-a-ergue-gaberic-ergue-gaberic
ERGUE-GABERIC,Maison 178m² à ergue-gaberic,https://www.etreproprio.com/immobilier-22441861-vente-maison-178m-a-ergue-gaberic-ergue-gaberic
ERGUE-GABERIC,Maison 163m² à ergue-gaberic,https://www.etreproprio.com/immobilier-23168330-vente-maison-163m-a-ergue-gaberic-ergue-gaberic
ERGUE-GABERIC,Maison ergue gaberic 6 pièce(s) 163 m2,https://www.etreproprio.com/immobilier-23164776-vente-maison-ergue-gaberic-6-pieces-163-m2-ergue-gaberic
ERGUE-GABERIC,Maison traditionnelle à ergué-gabéric,https://www.etreproprio.com/immobilier-23143558-vente-maison-traditionnelle-a-ergue-gaberic-ergue-gaberic
ERGUE-GABERIC,Maison 223m² à ergue-gaberic,https://www.etreproprio.com/immobilier-23101351-vente-maison-223m-a-ergue-gaberic-ergue-gaberic
ERGUE-GABERIC,Maison familiale ou emplacement de choix pour bureaux d'entreprise,https://www.etreproprio.com/immobilier-21788434-vente-maison-familiale-ou-emplacement-de-choix-pour-bureaux-d-entreprise-ergue-gaberic
ERGUE-GABERIC,Maison 136m² à ergue-gaberic,https://www.etreproprio.com/immobilier-23017660-vente-maison-136m-a-ergue-gaberic-ergue-gaberic
ERGUE-GABERIC,Maison 105m² à ergue-gaberic,https://www.etreproprio.com/immobilier-23009056-vente-maison-105m-a-ergue-gaberic-ergue-gaberic
ERGUE-GABERIC,Maison 115m² à ergue-gaberic,https://www.etreproprio.com/immobilier-22975962-vente-maison-115m-a-ergue-gaberic-ergue-gaberic
ERGUE-GABERIC,Maison 116m² à ergue-gaberic,https://www.etreproprio.com/immobilier-22965006-vente-maison-116m-a-ergue-gaberic-ergue-gaberic
ERGUE-GABERIC,Maison familiale de 6 chambres lestonan - ergué-gabéric,https://www.etreproprio.com/immobilier-22876916-vente-maison-familiale-de-6-chambres-lestonan-ergue-gaberic-ergue-gaberic
ERGUE-GABERIC,Maison 95m² à ergue-gaberic,https://www.etreproprio.com/immobilier-22752954-vente-maison-95m-a-ergue-gaberic-ergue-gaberic
ERGUE-GABERIC,Finistere sud - quimper a 10 mn. domaine de 4 habitations de 600 m².,https://www.etreproprio.com/immobilier-22642228-vente-finistere-sud-quimper-a-10-mn-domaine-de-4-habitations-de-600-m-ergue-gaberic
ERGUE-GABERIC,Jolie sixties à lestonan,https://www.etreproprio.com/immobilier-22315395-vente-jolie-sixties-a-lestonan-ergue-gaberic
ERGUE-GABERIC,Le rouillen,https://www.etreproprio.com/immobilier-21020680-vente-le-rouillen-ergue-gaberic
LA FEUILLEE,Maison 73m² à la feuillee,https://www.etreproprio.com/immobilier-23893487-vente-maison-73m-a-la-feuillee-la-feuillee
LA FEUILLEE,Au coeur des monts d'arrée,https://www.etreproprio.com/immobilier-22702407-vente-au-coeur-des-monts-d-arree-la-feuillee
LA FEUILLEE,Maison 154m² à la feuillee,https://www.etreproprio.com/immobilier-23788793-vente-maison-154m-a-la-feuillee-la-feuillee
LA FEUILLEE,Maison la feuillee 6 pièce(s) 96 m2,https://www.etreproprio.com/immobilier-23678297-vente-maison-la-feuillee-6-pieces-96-m2-la-feuillee
LA FEUILLEE,Maison 96m² à la feuillee,https://www.etreproprio.com/immobilier-23669879-vente-maison-96m-a-la-feuillee-la-feuillee
LA FEUILLEE,Maison 96m² à la feuillee,https://www.etreproprio.com/immobilier-23670424-vente-maison-96m-a-la-feuillee-la-feuillee
LA FEUILLEE,"A vendre dans les monts d'arrée, maison familiale avec 1000m2 de terrain",https://www.etreproprio.com/immobilier-23660007-vente-a-vendre-dans-les-monts-d-arree-maison-familiale-avec-1000m2-de-terrain-la-feuillee
LA FEUILLEE,Longère la feuillee 6 pièce(s) 118 m²,https://www.etreproprio.com/immobilier-23628600-vente-longere-la-feuillee-6-pieces-118-m-la-feuillee
LA FEUILLEE,Longère au cœur des monts d'arrée,https://www.etreproprio.com/immobilier-23442773-vente-longere-au-coeur-des-monts-d-arree-la-feuillee
LA FEUILLEE,Maison 154m² à la feuillee,https://www.etreproprio.com/immobilier-23412537-vente-maison-154m-a-la-feuillee-la-feuillee
LA FEUILLEE,Maison remarquable rénovée à vendre 6 pièces la feuillee (29) à la campagne + carport double + grand terrain clos sans vis à vis,https://www.etreproprio.com/immobilier-23368991-vente-maison-remarquable-renovee-a-vendre-6-pieces-la-feuillee-29-a-la-campagne-carport-double-grand-terrain-clos-sans-vis-a-vis-la-feuillee
LA FEUILLEE,Maison 96m² à la feuillee,https://www.etreproprio.com/immobilier-23306215-vente-maison-96m-a-la-feuillee-la-feuillee
LA FEUILLEE,Maison 185m² à la feuillee,https://www.etreproprio.com/immobilier-23085527-vente-maison-185m-a-la-feuillee-la-feuillee
LA FEUILLEE,Longère la feuillee 6 pièce(s) 118 m2,https://www.etreproprio.com/immobilier-22315075-vente-longere-la-feuillee-6-pieces-118-m2-la-feuillee
LA FEUILLEE,Maison 79m² à la feuillée,https://www.etreproprio.com/immobilier-19477260-vente-maison-79m-a-la-feuillee-la-feuillee
LE FOLGOET,Maison sur le folgoet,https://www.etreproprio.com/immobilier-23874905-vente-maison-sur-le-folgoet-le-folgoet
LE FOLGOET,Maison 6 pièces 116 m2,https://www.etreproprio.com/immobilier-23833416-vente-maison-6-pieces-116-m2-le-folgoet
LE FOLGOET,Maison le folgoët avec piscine,https://www.etreproprio.com/immobilier-23711108-vente-maison-le-folgoet-avec-piscine-le-folgoet
LE FOLGOET,Maison 121m² à le folgoet,https://www.etreproprio.com/immobilier-23663283-vente-maison-121m-a-le-folgoet-le-folgoet
LE FOLGOET,À vendre – belle maison familiale avec vaste sous-sol aménageable et jardin entretenu,https://www.etreproprio.com/immobilier-23148458-vente-a-vendre-belle-maison-familiale-avec-vaste-sous-sol-amenageable-et-jardin-entretenu-le-folgoet
LE FOLGOET,Au folgoët,https://www.etreproprio.com/immobilier-20841662-vente-au-folgoet-le-folgoet
LE FOLGOET,Ancienne école - le folgoet 665 m2,https://www.etreproprio.com/immobilier-20765851-vente-ancienne-ecole-le-folgoet-665-m2-le-folgoet
LA FOREST-LANDERNEAU,Maison sur la forest landerneau,https://www.etreproprio.com/immobilier-23874906-vente-maison-sur-la-forest-landerneau-la-forest-landerneau
LA FOREST-LANDERNEAU,Maison 139m² à la forest-landerneau,https://www.etreproprio.com/immobilier-23567322-vente-maison-139m-a-la-forest-landerneau-la-forest-landerneau
LA FOREST-LANDERNEAU,Maison 70m² à la forest-landerneau,https://www.etreproprio.com/immobilier-23452061-vente-maison-70m-a-la-forest-landerneau-la-forest-landerneau
LA FOREST-LANDERNEAU,""" déjà vendu par kerebel immobilier """,https://www.etreproprio.com/immobilier-16998041-vente-deja-vendu-par-kerebel-immobilier-la-forest-landerneau
LA FORET-FOUESNANT,Maison 106m² à la foret-fouesnant,https://www.etreproprio.com/immobilier-23904798-vente-maison-106m-a-la-foret-fouesnant-la-foret-fouesnant
LA FORET-FOUESNANT,Maison 126m² à la foret-fouesnant,https://www.etreproprio.com/immobilier-21906489-vente-maison-126m-a-la-foret-fouesnant-la-foret-fouesnant
LA FORET-FOUESNANT,Maison 676m² à la foret-fouesnant,https://www.etreproprio.com/immobilier-23893887-vente-maison-676m-a-la-foret-fouesnant-la-foret-fouesnant
LA FORET-FOUESNANT,Maison 7 pièces - la foret-fouesnant,https://www.etreproprio.com/immobilier-23649828-vente-maison-7-pieces-la-foret-fouesnant-la-foret-fouesnant
LA FORET-FOUESNANT,Maison la foret fouesnant 5 pièce(s) 97.14 m2,https://www.etreproprio.com/immobilier-23891660-vente-maison-la-foret-fouesnant-5-pieces-9714-m2-la-foret-fouesnant
LA FORET-FOUESNANT,"""la cale"", la forêt-fouesnant - maison en bord de mer",https://www.etreproprio.com/immobilier-23881677-vente-la-cale-la-foret-fouesnant-maison-en-bord-de-mer-la-foret-fouesnant
LA FORET-FOUESNANT,Maison 125m² à la foret-fouesnant,https://www.etreproprio.com/immobilier-23883711-vente-maison-125m-a-la-foret-fouesnant-la-foret-fouesnant
LA FORET-FOUESNANT,Maison 100m² à la foret-fouesnant,https://www.etreproprio.com/immobilier-22949729-vente-maison-100m-a-la-foret-fouesnant-la-foret-fouesnant
LA FORET-FOUESNANT,Maison  vue mer a proximité du centre,https://www.etreproprio.com/immobilier-23867043-vente-maison-vue-mer-a-proximite-du-centre-la-foret-fouesnant
LA FORET-FOUESNANT,Maison d'architecte dans un ecrin de verdure,https://www.etreproprio.com/immobilier-23649823-vente-maison-d-architecte-dans-un-ecrin-de-verdure-la-foret-fouesnant
LA FORET-FOUESNANT,Maison la foret fouesnant 6 pièce(s) 126 m²,https://www.etreproprio.com/immobilier-23828457-vente-maison-la-foret-fouesnant-6-pieces-126-m-la-foret-fouesnant
LA FORET-FOUESNANT,"Maison lumineuse avec piscine, proche plages et bourg",https://www.etreproprio.com/immobilier-23649848-vente-maison-lumineuse-avec-piscine-proche-plages-et-bourg-la-foret-fouesnant
LA FORET-FOUESNANT,"Maison familiale avec jardin, proche mer et commerces",https://www.etreproprio.com/immobilier-23649846-vente-maison-familiale-avec-jardin-proche-mer-et-commerces-la-foret-fouesnant
LA FORET-FOUESNANT,La forêt-fouesnant   contemporaine lumineuse entre nature et mer,https://www.etreproprio.com/immobilier-23649842-vente-la-foret-fouesnant-contemporaine-lumineuse-entre-nature-et-mer-la-foret-fouesnant
LA FORET-FOUESNANT,Maison la foret fouesnant,https://www.etreproprio.com/immobilier-23278196-vente-maison-la-foret-fouesnant-la-foret-fouesnant
LA FORET-FOUESNANT,Maison la foret fouesnant 5 pièce(s) 139 m2,https://www.etreproprio.com/immobilier-23729451-vente-maison-la-foret-fouesnant-5-pieces-139-m2-la-foret-fouesnant
LA FORET-FOUESNANT,Maison 220m² à la foret-fouesnant,https://www.etreproprio.com/immobilier-23691342-vente-maison-220m-a-la-foret-fouesnant-la-foret-fouesnant
LA FORET-FOUESNANT,"La foret fouesnant - maison à rénover avec restaurant et duplex, vue mer – opportunité rare à vendre !",https://www.etreproprio.com/immobilier-23653561-vente-la-foret-fouesnant-maison-a-renover-avec-restaurant-et-duplex-vue-mer-opportunite-rare-a-vendre-la-foret-fouesnant
LA FORET-FOUESNANT,Maison familiale la foret-fouesnant,https://www.etreproprio.com/immobilier-23649830-vente-maison-familiale-la-foret-fouesnant-la-foret-fouesnant
LA FORET-FOUESNANT,"Maison idéalement située entre golf, plage et port à la forêt-fouesnant",https://www.etreproprio.com/immobilier-23649844-vente-maison-idealement-situee-entre-golf-plage-et-port-a-la-foret-fouesnant-la-foret-fouesnant
FOUESNANT,Exclusivite à vendre-  fouesnant - contemporaine de 146.07 m²,https://www.etreproprio.com/immobilier-23909373-vente-exclusivite-a-vendre-fouesnant-contemporaine-de-14607-m-fouesnant
FOUESNANT,Maison 215m² à fouesnant,https://www.etreproprio.com/immobilier-23893926-vente-maison-215m-a-fouesnant-fouesnant
FOUESNANT,Magnifique maison proche bourg fouesnant,https://www.etreproprio.com/immobilier-23890682-vente-magnifique-maison-proche-bourg-fouesnant-fouesnant
FOUESNANT,Fouesnant maison d'architecte 7 pièces d'environ 215 m2,https://www.etreproprio.com/immobilier-23891796-vente-fouesnant-maison-d-architecte-7-pieces-d-environ-215-m2-fouesnant
FOUESNANT,Maison a renover - proximite centre fouesnant,https://www.etreproprio.com/immobilier-23879996-vente-maison-a-renover-proximite-centre-fouesnant-fouesnant
FOUESNANT,Maison centre de fouesnant,https://www.etreproprio.com/immobilier-23057153-vente-maison-centre-de-fouesnant-fouesnant
FOUESNANT,Maison à proximité des plages,https://www.etreproprio.com/immobilier-22012331-vente-maison-a-proximite-des-plages-fouesnant
FOUESNANT,Maison 280m² à fouesnant,https://www.etreproprio.com/immobilier-22672329-vente-maison-280m-a-fouesnant-fouesnant
FOUESNANT,Achat maison de maître à beg meil - plage à moins de 2 km,https://www.etreproprio.com/immobilier-21960415-vente-achat-maison-de-maitre-a-beg-meil-plage-a-moins-de-2-km-fouesnant
FOUESNANT,Maison  individuelle fouesnant  beg meil- 120 m2 hab.,https://www.etreproprio.com/immobilier-23828679-vente-maison-individuelle-fouesnant-beg-meil-120-m2-hab-fouesnant
FOUESNANT,"Fouesnant, jolie maison 5 chambres, 8400m² de terrain",https://www.etreproprio.com/immobilier-23430861-vente-fouesnant-jolie-maison-5-chambres-8400m-de-terrain-fouesnant
FOUESNANT,"Fouesnant, jolie maison 5 chambres sur un beau terrain de 1000m²",https://www.etreproprio.com/immobilier-21802312-vente-fouesnant-jolie-maison-5-chambres-sur-un-beau-terrain-de-1000m-fouesnant
FOUESNANT,Maison familiale avec vie de plain-pied proche de la mer,https://www.etreproprio.com/immobilier-21921163-vente-maison-familiale-avec-vie-de-plain-pied-proche-de-la-mer-fouesnant
FOUESNANT,Maison fouesnant 6 pièce(s) 130 m2,https://www.etreproprio.com/immobilier-23470336-vente-maison-fouesnant-6-pieces-130-m2-fouesnant
FOUESNANT,""" estran "" maison à proximité de la plage de mousterlin",https://www.etreproprio.com/immobilier-22733039-vente-estran-maison-a-proximite-de-la-plage-de-mousterlin-fouesnant
FOUESNANT,Maison fouesnant 5 pièce(s) 111m2,https://www.etreproprio.com/immobilier-23722872-vente-maison-fouesnant-5-pieces-111m2-fouesnant
FOUESNANT,Maison 139m² à fouesnant,https://www.etreproprio.com/immobilier-23473716-vente-maison-139m-a-fouesnant-fouesnant
FOUESNANT,Maison 111m² à fouesnant,https://www.etreproprio.com/immobilier-23724895-vente-maison-111m-a-fouesnant-fouesnant
FOUESNANT,Maison fouesnant 5 pièce(s) 80 m2,https://www.etreproprio.com/immobilier-23099935-vente-maison-fouesnant-5-pieces-80-m2-fouesnant
FOUESNANT,Grande maison du xixe siècle à fouesnant,https://www.etreproprio.com/immobilier-23793482-vente-grande-maison-du-xixe-siecle-a-fouesnant-fouesnant
GARLAN,Maison 95m² à garlan,https://www.etreproprio.com/immobilier-22558077-vente-maison-95m-a-garlan-garlan
GARLAN,Maison des années 80 au bourg,https://www.etreproprio.com/immobilier-23286678-vente-maison-des-annees-80-au-bourg-garlan
GARLAN,Morlaix maison 110 m2 et hangar 130m²,https://www.etreproprio.com/immobilier-23148882-vente-morlaix-maison-110-m2-et-hangar-130m-garlan
LA FORET-FOUESNANT,Maison composee de 2 gites,https://www.etreproprio.com/immobilier-23649847-vente-maison-composee-de-2-gites-la-foret-fouesnant
LA FORET-FOUESNANT,Contemporaine confortable avec piscine,https://www.etreproprio.com/immobilier-23649835-vente-contemporaine-confortable-avec-piscine-la-foret-fouesnant
LA FORET-FOUESNANT,"Propriété de charme avec dépendances à rénover sur 7,5 ha de terrain",https://www.etreproprio.com/immobilier-23649840-vente-propriete-de-charme-avec-dependances-a-renover-sur-75-ha-de-terrain-la-foret-fouesnant
LA FORET-FOUESNANT,Maison en pierres a renover,https://www.etreproprio.com/immobilier-23649832-vente-maison-en-pierres-a-renover-la-foret-fouesnant
LA FORET-FOUESNANT,À vendre élégante maison de 140 m² sur 4000 m² de terrain la forêt-fouesnant,https://www.etreproprio.com/immobilier-23647321-vente-a-vendre-elegante-maison-de-140-m-sur-4000-m-de-terrain-la-foret-fouesnant-la-foret-fouesnant
LA FORET-FOUESNANT,Maison à 2 pas des sentiers côtiers,https://www.etreproprio.com/immobilier-23649829-vente-maison-a-2-pas-des-sentiers-cotiers-la-foret-fouesnant
LA FORET-FOUESNANT,Maison à deux pas des plages et des sentiers côtiers - la foret-fouesnant,https://www.etreproprio.com/immobilier-23649843-vente-maison-a-deux-pas-des-plages-et-des-sentiers-cotiers-la-foret-fouesnant-la-foret-fouesnant
LA FORET-FOUESNANT,Maison annees 60 et son extension a amenager,https://www.etreproprio.com/immobilier-23649834-vente-maison-annees-60-et-son-extension-a-amenager-la-foret-fouesnant
LA FORET-FOUESNANT,Maison 113m² à la foret-fouesnant,https://www.etreproprio.com/immobilier-23586550-vente-maison-113m-a-la-foret-fouesnant-la-foret-fouesnant
LA FORET-FOUESNANT,À vendre  maison récente de 160 m² avec 2 duplex indépendants + espace jacuzzi la forêt-fouesnant,https://www.etreproprio.com/immobilier-23555144-vente-a-vendre-maison-recente-de-160-m-avec-2-duplex-independants-espace-jacuzzi-la-foret-fouesnant-la-foret-fouesnant
LA FORET-FOUESNANT,Maison type  7 sur le golf de port la foret,https://www.etreproprio.com/immobilier-23544053-vente-maison-type-7-sur-le-golf-de-port-la-foret-la-foret-fouesnant
LA FORET-FOUESNANT,A vendre à la foret-fouesnant - vue mer et golf - maison familiale dans un cadre exceptionnel,https://www.etreproprio.com/immobilier-23535692-vente-a-vendre-a-la-foret-fouesnant-vue-mer-et-golf-maison-familiale-dans-un-cadre-exceptionnel-la-foret-fouesnant
LA FORET-FOUESNANT,Maison la foret fouesnant 7 pièce(s) 158 m²,https://www.etreproprio.com/immobilier-20325471-vente-maison-la-foret-fouesnant-7-pieces-158-m-la-foret-fouesnant
LA FORET-FOUESNANT,Maison 153m² à la foret-fouesnant,https://www.etreproprio.com/immobilier-22002302-vente-maison-153m-a-la-foret-fouesnant-la-foret-fouesnant
LA FORET-FOUESNANT,Maison 135m² à la foret-fouesnant,https://www.etreproprio.com/immobilier-23479565-vente-maison-135m-a-la-foret-fouesnant-la-foret-fouesnant
LA FORET-FOUESNANT,À vendre  un havre de paix pour cette maison de 1970 et ses 3800m2 de terrain,https://www.etreproprio.com/immobilier-23300954-vente-a-vendre-un-havre-de-paix-pour-cette-maison-de-1970-et-ses-3800m2-de-terrain-la-foret-fouesnant
LA FORET-FOUESNANT,""" escale "", maison traditionnelle à la foret fouesnant",https://www.etreproprio.com/immobilier-23458841-vente-escale-maison-traditionnelle-a-la-foret-fouesnant-la-foret-fouesnant
LA FORET-FOUESNANT,Maison la foret-fouesnant - 7 pièce(s) 150 m²,https://www.etreproprio.com/immobilier-23458240-vente-maison-la-foret-fouesnant-7-pieces-150-m-la-foret-fouesnant
LA FORET-FOUESNANT,"""eden"" maison entre terre et mer",https://www.etreproprio.com/immobilier-22649877-vente-eden-maison-entre-terre-et-mer-la-foret-fouesnant
LA FORET-FOUESNANT,"Maison rénovée 123 m² + 46 m² de dépendances, 4 chambres, jardin, garage & atelier",https://www.etreproprio.com/immobilier-23427983-vente-maison-renovee-123-m-46-m-de-dependances-4-chambres-jardin-garage-atelier-la-foret-fouesnant
FOUESNANT,Maison 85m² à fouesnant,https://www.etreproprio.com/immobilier-23292997-vente-maison-85m-a-fouesnant-fouesnant
FOUESNANT,"À vendre  charmante longère à fouesnant, à deux pas de la plage du cap coz",https://www.etreproprio.com/immobilier-23781277-vente-a-vendre-charmante-longere-a-fouesnant-a-deux-pas-de-la-plage-du-cap-coz-fouesnant
FOUESNANT,Maison 153m² à fouesnant,https://www.etreproprio.com/immobilier-23778911-vente-maison-153m-a-fouesnant-fouesnant
FOUESNANT,Fouesnant maison de charme 148 m2 sur 2170m² de terrain.,https://www.etreproprio.com/immobilier-23765991-vente-fouesnant-maison-de-charme-148-m2-sur-2170m-de-terrain-fouesnant
FOUESNANT,À vendre - authentique chaumière en pierres à fouesnant,https://www.etreproprio.com/immobilier-23754876-vente-a-vendre-authentique-chaumiere-en-pierres-a-fouesnant-fouesnant
FOUESNANT,"Fouesnant, mousterlin, jolie maison, plages à pied !",https://www.etreproprio.com/immobilier-23728695-vente-fouesnant-mousterlin-jolie-maison-plages-a-pied-fouesnant
FOUESNANT,Charmante traditionnelle 6 pièces fouesnant,https://www.etreproprio.com/immobilier-23722871-vente-charmante-traditionnelle-6-pieces-fouesnant-fouesnant
FOUESNANT,Maison 150m² à fouesnant,https://www.etreproprio.com/immobilier-23724897-vente-maison-150m-a-fouesnant-fouesnant
FOUESNANT,Nouveauté papangue immobilier prestige : villa d'architecte neuve !,https://www.etreproprio.com/immobilier-23706991-vente-nouveaute-papangue-immobilier-prestige-villa-d-architecte-neuve-fouesnant
FOUESNANT,Beg meil - 2 km de la cale,https://www.etreproprio.com/immobilier-23686953-vente-beg-meil-2-km-de-la-cale-fouesnant
FOUESNANT,Magnifique maison proche bourg fouesnant,https://www.etreproprio.com/immobilier-23686954-vente-magnifique-maison-proche-bourg-fouesnant-fouesnant
FOUESNANT,Maison récente et lumineuse proche du centre à fouesnant,https://www.etreproprio.com/immobilier-23126522-vente-maison-recente-et-lumineuse-proche-du-centre-a-fouesnant-fouesnant
FOUESNANT,Maison 125m² à fouesnant,https://www.etreproprio.com/immobilier-23691537-vente-maison-125m-a-fouesnant-fouesnant
FOUESNANT,Fouesnant : maison structure bois - grande parcelle,https://www.etreproprio.com/immobilier-21898972-vente-fouesnant-maison-structure-bois-grande-parcelle-fouesnant
FOUESNANT,Maison 86m² à fouesnant,https://www.etreproprio.com/immobilier-23659396-vente-maison-86m-a-fouesnant-fouesnant
FOUESNANT,Maison à proximité du centre-ville,https://www.etreproprio.com/immobilier-23649826-vente-maison-a-proximite-du-centre-ville-fouesnant
FOUESNANT,Maison à proximité des plages et du bourg !,https://www.etreproprio.com/immobilier-23649825-vente-maison-a-proximite-des-plages-et-du-bourg-fouesnant
FOUESNANT,"Fouesnant maison de 214 m² , la plage à vélo !",https://www.etreproprio.com/immobilier-22189182-vente-fouesnant-maison-de-214-m-la-plage-a-velo-fouesnant
FOUESNANT,Maison  5 pièces de 125 m² fouesnant,https://www.etreproprio.com/immobilier-23408019-vente-maison-5-pieces-de-125-m-fouesnant-fouesnant
FOUESNANT,Maison fouesnant 5 pièces 101 m²,https://www.etreproprio.com/immobilier-23629114-vente-maison-fouesnant-5-pieces-101-m-fouesnant
LA FORET-FOUESNANT,#465  - vendre - maison familiale en campagne 140m2 - la foret-fouesnant,https://www.etreproprio.com/immobilier-22366204-vente-465-vendre-maison-familiale-en-campagne-140m2-la-foret-fouesnant-la-foret-fouesnant
LA FORET-FOUESNANT,Maison la foret fouesnant 6 pièce(s),https://www.etreproprio.com/immobilier-23384499-vente-maison-la-foret-fouesnant-6-pieces-la-foret-fouesnant
LA FORET-FOUESNANT,À vendre  maison d'architecte d'exception avec vue mer et dépendance la forêt-fouesnant,https://www.etreproprio.com/immobilier-23384498-vente-a-vendre-maison-d-architecte-d-exception-avec-vue-mer-et-dependance-la-foret-fouesnant-la-foret-fouesnant
LA FORET-FOUESNANT,Maison la foret fouesnant 186 m²,https://www.etreproprio.com/immobilier-23316999-vente-maison-la-foret-fouesnant-186-m-la-foret-fouesnant
LA FORET-FOUESNANT,Vendre ? maison d'architecte - vie de plain-pied à la forêt-fouesnant,https://www.etreproprio.com/immobilier-21898994-vente-vendre-maison-d-architecte-vie-de-plain-pied-a-la-foret-fouesnant-la-foret-fouesnant
LA FORET-FOUESNANT,Maison 118m² à la foret-fouesnant,https://www.etreproprio.com/immobilier-23168331-vente-maison-118m-a-la-foret-fouesnant-la-foret-fouesnant
LA FORET-FOUESNANT,Maison la foret fouesnant,https://www.etreproprio.com/immobilier-23164777-vente-maison-la-foret-fouesnant-la-foret-fouesnant
LA FORET-FOUESNANT,Maison 113m² à la foret-fouesnant,https://www.etreproprio.com/immobilier-23101547-vente-maison-113m-a-la-foret-fouesnant-la-foret-fouesnant
LA FORET-FOUESNANT,Sans vis à vis et lumière à profusion — maison de 121 m² sur les hauteurs de la forêt-fouesnant,https://www.etreproprio.com/immobilier-23045866-vente-sans-vis-a-vis-et-lumiere-a-profusion-maison-de-121-m-sur-les-hauteurs-de-la-foret-fouesnant-la-foret-fouesnant
LA FORET-FOUESNANT,29940 la foret fouesnant - maison de campagne à la mer 7 pièce(s) 145 m2 environ,https://www.etreproprio.com/immobilier-22996424-vente-29940-la-foret-fouesnant-maison-de-campagne-a-la-mer-7-pieces-145-m2-environ-la-foret-fouesnant
LA FORET-FOUESNANT,Maison 153m² à la foret-fouesnant,https://www.etreproprio.com/immobilier-22987015-vente-maison-153m-a-la-foret-fouesnant-la-foret-fouesnant
LA FORET-FOUESNANT,Maison la foret fouesnant 7 pièce(s) 160 m2,https://www.etreproprio.com/immobilier-22516796-vente-maison-la-foret-fouesnant-7-pieces-160-m2-la-foret-fouesnant
LA FORET-FOUESNANT,"""stang""  maison d'architecte avec piscine",https://www.etreproprio.com/immobilier-22952623-vente-stang-maison-d-architecte-avec-piscine-la-foret-fouesnant
LA FORET-FOUESNANT,Maison 153m² à la foret-fouesnant,https://www.etreproprio.com/immobilier-21682662-vente-maison-153m-a-la-foret-fouesnant-la-foret-fouesnant
LA FORET-FOUESNANT,Achat maison la foret fouesnant 4 pièce(s) 80 m2,https://www.etreproprio.com/immobilier-22911017-vente-achat-maison-la-foret-fouesnant-4-pieces-80-m2-la-foret-fouesnant
LA FORET-FOUESNANT,Maison 340m² à la foret-fouesnant,https://www.etreproprio.com/immobilier-22886025-vente-maison-340m-a-la-foret-fouesnant-la-foret-fouesnant
LA FORET-FOUESNANT,Maison la foret fouesnant 5 pièce(s) 102 m²,https://www.etreproprio.com/immobilier-22872143-vente-maison-la-foret-fouesnant-5-pieces-102-m-la-foret-fouesnant
LA FORET-FOUESNANT,Maison 114m² à la foret-fouesnant,https://www.etreproprio.com/immobilier-22646814-vente-maison-114m-a-la-foret-fouesnant-la-foret-fouesnant
LA FORET-FOUESNANT,Maison vie de plain pied la foret fouesnant - 110m2,https://www.etreproprio.com/immobilier-22551813-vente-maison-vie-de-plain-pied-la-foret-fouesnant-110m2-la-foret-fouesnant
LA FORET-FOUESNANT,"A vendre à la foret-fouesnant - belle propriété de caractère avec deux maisons, piscine et dépendances",https://www.etreproprio.com/immobilier-22515378-vente-a-vendre-a-la-foret-fouesnant-belle-propriete-de-caractere-avec-deux-maisons-piscine-et-dependances-la-foret-fouesnant
GOUESNACH,Maison 175m² à gouesnach,https://www.etreproprio.com/immobilier-23892111-vente-maison-175m-a-gouesnach-gouesnach
GOUESNACH,Le charme de l'ancien,https://www.etreproprio.com/immobilier-23879997-vente-le-charme-de-l-ancien-gouesnach
GOUESNACH,Maison rénovée 4 chambres ? centre bourg de gouesnac'h ? 102 m² habitables ? terrain 840 m²,https://www.etreproprio.com/immobilier-22651291-vente-maison-renovee-4-chambres-centre-bourg-de-gouesnac-h-102-m-habitables-terrain-840-m-gouesnach
GOUESNACH,Maison bourg gouesnach,https://www.etreproprio.com/immobilier-22644047-vente-maison-bourg-gouesnach-gouesnach
GOUESNACH,Maison 105m² à gouesnach,https://www.etreproprio.com/immobilier-23830972-vente-maison-105m-a-gouesnach-gouesnach
GOUESNACH,Maison gouesnach 4 pièce(s) 90 m2,https://www.etreproprio.com/immobilier-22496512-vente-maison-gouesnach-4-pieces-90-m2-gouesnach
GOUESNACH,Maison 90m² à gouesnach,https://www.etreproprio.com/immobilier-21857906-vente-maison-90m-a-gouesnach-gouesnach
GOUESNACH,Maison 154m² à gouesnach,https://www.etreproprio.com/immobilier-23782583-vente-maison-154m-a-gouesnach-gouesnach
GOUESNACH,Belle maison familiale spacieuse et lumineuse au bord de l'odet,https://www.etreproprio.com/immobilier-23763493-vente-belle-maison-familiale-spacieuse-et-lumineuse-au-bord-de-l-odet-gouesnach
GOUESNACH,Maison 120m² à gouesnach,https://www.etreproprio.com/immobilier-22202128-vente-maison-120m-a-gouesnach-gouesnach
GOUESNACH,Maison 155m² à gouesnach,https://www.etreproprio.com/immobilier-23755949-vente-maison-155m-a-gouesnach-gouesnach
GOUESNACH,Belle propriété contemporaine située à gouesnach - proche de la rivière de l'odet,https://www.etreproprio.com/immobilier-23561137-vente-belle-propriete-contemporaine-situee-a-gouesnach-proche-de-la-riviere-de-l-odet-gouesnach
GOUESNACH,"""villa ker'odet"", magnifique maison contemporaine à 200 mètres des bords de l'odet",https://www.etreproprio.com/immobilier-23536954-vente-villa-ker-odet-magnifique-maison-contemporaine-a-200-metres-des-bords-de-l-odet-gouesnach
GOUESNACH,Propriété gouesnach 170 m2,https://www.etreproprio.com/immobilier-22113120-vente-propriete-gouesnach-170-m2-gouesnach
GOUESNACH,Belle contemporaine gouesnach,https://www.etreproprio.com/immobilier-23534676-vente-belle-contemporaine-gouesnach-gouesnach
GOUESNACH,Maison gouesnach 123 m² sur jardin de 680 m²,https://www.etreproprio.com/immobilier-23519927-vente-maison-gouesnach-123-m-sur-jardin-de-680-m-gouesnach
GOUESNACH,Maison traditionnelle,https://www.etreproprio.com/immobilier-23486430-vente-maison-traditionnelle-gouesnach
GOUESNACH,Maison traditionnelle,https://www.etreproprio.com/immobilier-23399160-vente-maison-traditionnelle-gouesnach
GOUESNACH,Maison à vendre à gouesnach,https://www.etreproprio.com/immobilier-23330024-vente-maison-a-vendre-a-gouesnach-gouesnach
GOUESNACH,A vendre maison 5 pièce(s) 103 m2 à gouesnach,https://www.etreproprio.com/immobilier-23260597-vente-a-vendre-maison-5-pieces-103-m2-a-gouesnach-gouesnach
FOUESNANT,Maison 101m² à fouesnant,https://www.etreproprio.com/immobilier-23621564-vente-maison-101m-a-fouesnant-fouesnant
FOUESNANT,Maison 140m² à fouesnant,https://www.etreproprio.com/immobilier-23612785-vente-maison-140m-a-fouesnant-fouesnant
FOUESNANT,"Fouesnant, côté mousterlin, maison de 4 chambres avec piscine couverte",https://www.etreproprio.com/immobilier-23588200-vente-fouesnant-cote-mousterlin-maison-de-4-chambres-avec-piscine-couverte-fouesnant
FOUESNANT,Fouesnant mousterlin construction de qualité de 2019,https://www.etreproprio.com/immobilier-23587492-vente-fouesnant-mousterlin-construction-de-qualite-de-2019-fouesnant
FOUESNANT,Cap coz fouesnant - maison de charme à rénover proche plage,https://www.etreproprio.com/immobilier-23562433-vente-cap-coz-fouesnant-maison-de-charme-a-renover-proche-plage-fouesnant
FOUESNANT,Fouesnant 29170 - demeure avec piscine intérieure 4 chambres,https://www.etreproprio.com/immobilier-22511098-vente-fouesnant-29170-demeure-avec-piscine-interieure-4-chambres-fouesnant
FOUESNANT,"""traezh"" maison en pierre au cap coz",https://www.etreproprio.com/immobilier-23513574-vente-traezh-maison-en-pierre-au-cap-coz-fouesnant
FOUESNANT,Maison 118m² à fouesnant,https://www.etreproprio.com/immobilier-23501320-vente-maison-118m-a-fouesnant-fouesnant
FOUESNANT,Maison 124m² à fouesnant,https://www.etreproprio.com/immobilier-23333968-vente-maison-124m-a-fouesnant-fouesnant
FOUESNANT,Maison 132m² à fouesnant,https://www.etreproprio.com/immobilier-23501321-vente-maison-132m-a-fouesnant-fouesnant
FOUESNANT,Fouesnant - beg meil maison récente bourg et plages à pieds,https://www.etreproprio.com/immobilier-23488701-vente-fouesnant-beg-meil-maison-recente-bourg-et-plages-a-pieds-fouesnant
FOUESNANT,Le centre ville,https://www.etreproprio.com/immobilier-20987558-vente-le-centre-ville-fouesnant
FOUESNANT,Maison à rénover à mousterlin - 132 m2 + division parcellaire possible,https://www.etreproprio.com/immobilier-23444101-vente-maison-a-renover-a-mousterlin-132-m2-division-parcellaire-possible-fouesnant
FOUESNANT,"Maison familiale, 138m2, 4 chambres, garage - fouesnant",https://www.etreproprio.com/immobilier-23452151-vente-maison-familiale-138m2-4-chambres-garage-fouesnant-fouesnant
FOUESNANT,Charmante maison en pierre proche de la plage de cap coz,https://www.etreproprio.com/immobilier-23085207-vente-charmante-maison-en-pierre-proche-de-la-plage-de-cap-coz-fouesnant
FOUESNANT,Maison 35m² à fouesnant,https://www.etreproprio.com/immobilier-22949694-vente-maison-35m-a-fouesnant-fouesnant
FOUESNANT,"Fouesnant, beg-meil, jolie maison de 6 chambres, à 800m de la plage !",https://www.etreproprio.com/immobilier-23430860-vente-fouesnant-beg-meil-jolie-maison-de-6-chambres-a-800m-de-la-plage-fouesnant
FOUESNANT,Maison 140m² à fouesnant,https://www.etreproprio.com/immobilier-23424000-vente-maison-140m-a-fouesnant-fouesnant
FOUESNANT,Ideale maison d'hôtes – demeure familiale (226 m²) 7 chambres – fouesnant,https://www.etreproprio.com/immobilier-22198883-vente-ideale-maison-d-hotes-demeure-familiale-226-m-7-chambres-fouesnant-fouesnant
FOUESNANT,Maison de maître d'exception - centre ville de fouesnant - 125 m² dont véranda,https://www.etreproprio.com/immobilier-22864296-vente-maison-de-maitre-d-exception-centre-ville-de-fouesnant-125-m-dont-veranda-fouesnant
LA FORET-FOUESNANT,"La forêt-fouesnant – à vendre maison de plain-pied avec jardin, tout à pied",https://www.etreproprio.com/immobilier-22433561-vente-la-foret-fouesnant-a-vendre-maison-de-plain-pied-avec-jardin-tout-a-pied-la-foret-fouesnant
LA FORET-FOUESNANT,Bien à vendre à la forêt fouesnant,https://www.etreproprio.com/immobilier-22352916-vente-bien-a-vendre-a-la-foret-fouesnant-la-foret-fouesnant
LA FORET-FOUESNANT,Maison la foret fouesnant 5 pièce(s) 103 m²,https://www.etreproprio.com/immobilier-21547498-vente-maison-la-foret-fouesnant-5-pieces-103-m-la-foret-fouesnant
LA FORET-FOUESNANT,Maison la foret-fouesnant 9 pièce(s) 275 m²,https://www.etreproprio.com/immobilier-22177080-vente-maison-la-foret-fouesnant-9-pieces-275-m-la-foret-fouesnant
LA FORET-FOUESNANT,Maison la foret fouesnant 10 pièce(s) 245 m²,https://www.etreproprio.com/immobilier-22039389-vente-maison-la-foret-fouesnant-10-pieces-245-m-la-foret-fouesnant
LA FORET-FOUESNANT,Achat au bourg de la foret fouesnant,https://www.etreproprio.com/immobilier-21960429-vente-achat-au-bourg-de-la-foret-fouesnant-la-foret-fouesnant
LA FORET-FOUESNANT,A vendre à la forêt-fouesnant maison tradionnelle avec un fort potentiel sur un grand terrain construtible,https://www.etreproprio.com/immobilier-21929720-vente-a-vendre-a-la-foret-fouesnant-maison-tradionnelle-avec-un-fort-potentiel-sur-un-grand-terrain-construtible-la-foret-fouesnant
LA FORET-FOUESNANT,Maison 170m² à la foret-fouesnant,https://www.etreproprio.com/immobilier-21396869-vente-maison-170m-a-la-foret-fouesnant-la-foret-fouesnant
LA FORET-FOUESNANT,Maison 147m² à la foret-fouesnant,https://www.etreproprio.com/immobilier-21336472-vente-maison-147m-a-la-foret-fouesnant-la-foret-fouesnant
LA FORET-FOUESNANT,Maison la foret fouesnant 4'pièce(s) 100 m²,https://www.etreproprio.com/immobilier-21033543-vente-maison-la-foret-fouesnant-4-pieces-100-m-la-foret-fouesnant
LA FORET-FOUESNANT,Maison 255m² à la foret-fouesnant,https://www.etreproprio.com/immobilier-20238597-vente-maison-255m-a-la-foret-fouesnant-la-foret-fouesnant
GOUESNACH,"Maison cubique haut de gamme - entre terre et mer, pays fouesnantais",https://www.etreproprio.com/immobilier-23191510-vente-maison-cubique-haut-de-gamme-entre-terre-et-mer-pays-fouesnantais-gouesnach
GOUESNACH,"""anemone"" maison de 124 m² au sol à gouesnach",https://www.etreproprio.com/immobilier-23177848-vente-anemone-maison-de-124-m-au-sol-a-gouesnach-gouesnach
GOUESNACH,Maison familiale dans un havre de paix !,https://www.etreproprio.com/immobilier-21929569-vente-maison-familiale-dans-un-havre-de-paix-gouesnach
GOUESNACH,"Gouesnach  maison contemporaine de 2022 à vendre, proche du bourg",https://www.etreproprio.com/immobilier-22281042-vente-gouesnach-maison-contemporaine-de-2022-a-vendre-proche-du-bourg-gouesnach
GOUESNACH,Maison 120m² à gouesnach,https://www.etreproprio.com/immobilier-22682910-vente-maison-120m-a-gouesnach-gouesnach
GOUESNACH,"""izelle"" longère avec sous-sol complet à gouesnach",https://www.etreproprio.com/immobilier-22649878-vente-izelle-longere-avec-sous-sol-complet-a-gouesnach-gouesnach
GOUESNACH,Maison gouesnac'h 5 pièces 108 m²,https://www.etreproprio.com/immobilier-19119866-vente-maison-gouesnac-h-5-pieces-108-m-gouesnach
GOUESNACH,Maison gouesnach 4 pièce(s) 90 m2,https://www.etreproprio.com/immobilier-22496523-vente-maison-gouesnach-4-pieces-90-m2-gouesnach
GOUESNACH,Maison gouesnach 7 pièce(s) 170 m2,https://www.etreproprio.com/immobilier-22496522-vente-maison-gouesnach-7-pieces-170-m2-gouesnach
GOUESNACH,Maison 99m² à gouesnach,https://www.etreproprio.com/immobilier-21732966-vente-maison-99m-a-gouesnach-gouesnach
GOUESNACH,Maison gouesnach 4 pièce(s),https://www.etreproprio.com/immobilier-22113124-vente-maison-gouesnach-4-pieces-gouesnach
GOUESNACH,Maison gouesnach 10 pièce(s) 128 m² - 3000m² de terrain,https://www.etreproprio.com/immobilier-20641427-vente-maison-gouesnach-10-pieces-128-m-3000m-de-terrain-gouesnach
GOUESNACH,Achat maison gouesnach,https://www.etreproprio.com/immobilier-21960425-vente-achat-maison-gouesnach-gouesnach
GOUESNACH,Maison 120m² à gouesnach,https://www.etreproprio.com/immobilier-21526917-vente-maison-120m-a-gouesnach-gouesnach
GOUESNACH,Maison gouesnach proche bénodet,https://www.etreproprio.com/immobilier-21605404-vente-maison-gouesnach-proche-benodet-gouesnach
GOUESNACH,Maison gouesnach 8 pièce(s) 158 m²,https://www.etreproprio.com/immobilier-21585150-vente-maison-gouesnach-8-pieces-158-m-gouesnach
GOUESNACH,Maison 170m² à gouesnach,https://www.etreproprio.com/immobilier-21670591-vente-maison-170m-a-gouesnach-gouesnach
GOUESNACH,Maison 90m² à gouesnach,https://www.etreproprio.com/immobilier-21610355-vente-maison-90m-a-gouesnach-gouesnach
GOUESNACH,Maison 123m² à gouesnach,https://www.etreproprio.com/immobilier-20818498-vente-maison-123m-a-gouesnach-gouesnach
GOUESNACH,"Charmante maison 6 pièces à rénover, quartier paisible à gouesnach",https://www.etreproprio.com/immobilier-17994791-vente-charmante-maison-6-pieces-a-renover-quartier-paisible-a-gouesnach-gouesnach
FOUESNANT,A vendre fouesnant - aucun vis-à-vis - grand terrain de 1 400 m² - 5 chambres,https://www.etreproprio.com/immobilier-22873077-vente-a-vendre-fouesnant-aucun-vis-a-vis-grand-terrain-de-1-400-m-5-chambres-fouesnant
FOUESNANT,"Cap-coz ,maison des années 30 à rénover, 1km de la plage",https://www.etreproprio.com/immobilier-23397550-vente-cap-coz-maison-des-annees-30-a-renover-1km-de-la-plage-fouesnant
FOUESNANT,Maison fouesnant,https://www.etreproprio.com/immobilier-22555941-vente-maison-fouesnant-fouesnant
FOUESNANT,A vendre - maison contemporaine à fouesnant secteur mousterlin à 300 m de la plage,https://www.etreproprio.com/immobilier-22906424-vente-a-vendre-maison-contemporaine-a-fouesnant-secteur-mousterlin-a-300-m-de-la-plage-fouesnant
FOUESNANT,Maison fouesnant 5 pièce(s) 103 m2,https://www.etreproprio.com/immobilier-23361046-vente-maison-fouesnant-5-pieces-103-m2-fouesnant
FOUESNANT,À vendre - maison traditionnelle entre fouesnant et saint-évarzec,https://www.etreproprio.com/immobilier-23359336-vente-a-vendre-maison-traditionnelle-entre-fouesnant-et-saint-evarzec-fouesnant
FOUESNANT,"À vendre - maison contemporaine de 145 m² à fouesnant 5 chambres, grand terrain divisible, double garage",https://www.etreproprio.com/immobilier-22390249-vente-a-vendre-maison-contemporaine-de-145-m-a-fouesnant-5-chambres-grand-terrain-divisible-double-garage-fouesnant
FOUESNANT,Maison fouesnant 7 pièce(s) 204 m2,https://www.etreproprio.com/immobilier-23316708-vente-maison-fouesnant-7-pieces-204-m2-fouesnant
FOUESNANT,"Fouesnant, beg-meil, jolie maison d'architecte, plage et bourg à pied !",https://www.etreproprio.com/immobilier-23299003-vente-fouesnant-beg-meil-jolie-maison-d-architecte-plage-et-bourg-a-pied-fouesnant
FOUESNANT,Maison 120m² à fouesnant,https://www.etreproprio.com/immobilier-22716381-vente-maison-120m-a-fouesnant-fouesnant
FOUESNANT,Maison 140m² à fouesnant,https://www.etreproprio.com/immobilier-23307332-vente-maison-140m-a-fouesnant-fouesnant
FOUESNANT,Maison fouesnant 8 pièce(s) 120 m2,https://www.etreproprio.com/immobilier-22715947-vente-maison-fouesnant-8-pieces-120-m2-fouesnant
FOUESNANT,"Grande maison familiale à beg meil - 175 m², 6 chambres, grand terrain",https://www.etreproprio.com/immobilier-23304197-vente-grande-maison-familiale-a-beg-meil-175-m-6-chambres-grand-terrain-fouesnant
FOUESNANT,"A vendre - maison à rénover - gros potentiel - mousterlin, fouesnant",https://www.etreproprio.com/immobilier-22670980-vente-a-vendre-maison-a-renover-gros-potentiel-mousterlin-fouesnant-fouesnant
FOUESNANT,Maison 148m² à fouesnant,https://www.etreproprio.com/immobilier-23279132-vente-maison-148m-a-fouesnant-fouesnant
FOUESNANT,Maison proche centre de fouesnant,https://www.etreproprio.com/immobilier-22050400-vente-maison-proche-centre-de-fouesnant-fouesnant
FOUESNANT,Contemporaine de plain pied à beg meil,https://www.etreproprio.com/immobilier-23258649-vente-contemporaine-de-plain-pied-a-beg-meil-fouesnant
FOUESNANT,Maison 237m² à fouesnant,https://www.etreproprio.com/immobilier-23222172-vente-maison-237m-a-fouesnant-fouesnant
FOUESNANT,"Maison fouesnant, 3 chambres, proche commerces",https://www.etreproprio.com/immobilier-23217629-vente-maison-fouesnant-3-chambres-proche-commerces-fouesnant
FOUESNANT,"Fouesnant, jolie maison de 4 chambres, bourg à pieds !",https://www.etreproprio.com/immobilier-23187956-vente-fouesnant-jolie-maison-de-4-chambres-bourg-a-pieds-fouesnant
GOUESNOU,Maison d'architecte a vendre - gouesnou vallee verte,https://www.etreproprio.com/immobilier-22592756-vente-maison-d-architecte-a-vendre-gouesnou-vallee-verte-gouesnou
GOUESNOU,Exclusivité gouesnou maison 162 m² habitables 4 chambres garage jardin clos,https://www.etreproprio.com/immobilier-23889518-vente-exclusivite-gouesnou-maison-162-m-habitables-4-chambres-garage-jardin-clos-gouesnou
GOUESNOU,Maison très bien entretenue située en impasse,https://www.etreproprio.com/immobilier-23897381-vente-maison-tres-bien-entretenue-situee-en-impasse-gouesnou
GOUESNOU,Maison 85m² à gouesnou,https://www.etreproprio.com/immobilier-23145816-vente-maison-85m-a-gouesnou-gouesnou
GOUESNOU,Exclusivité gouesnou maison non mitoyenne,https://www.etreproprio.com/immobilier-23845346-vente-exclusivite-gouesnou-maison-non-mitoyenne-gouesnou
GOUESNOU,Exclusivité gouesnou maison non mitoyenne,https://www.etreproprio.com/immobilier-23845348-vente-exclusivite-gouesnou-maison-non-mitoyenne-gouesnou
GOUESNOU,Finistere - gouesnou (29850) - a vendre - maison t4 individuelle plain pied 77m² - 3 chambres - garage sur terrain de 450m²,https://www.etreproprio.com/immobilier-23813050-vente-finistere-gouesnou-29850-a-vendre-maison-t4-individuelle-plain-pied-77m-3-chambres-garage-sur-terrain-de-450m-gouesnou
GOUESNOU,Maison 138m² à gouesnou,https://www.etreproprio.com/immobilier-23289851-vente-maison-138m-a-gouesnou-gouesnou
GOUESNOU,Finistere - gouesnou (29850) - a vendre - maison 129 m2 - 4 chambres - 1000m2 de terrain - excellent dpe : c - sous-sol complet,https://www.etreproprio.com/immobilier-23747592-vente-finistere-gouesnou-29850-a-vendre-maison-129-m2-4-chambres-1000m2-de-terrain-excellent-dpe-c-sous-sol-complet-gouesnou
GOUESNOU,Jolie maison t7 parfait etat de 2002,https://www.etreproprio.com/immobilier-23731690-vente-jolie-maison-t7-parfait-etat-de-2002-gouesnou
GOUESNOU,Finistere - gouesnou (29850) - a vendre - maison contemporaine t6 - piece de vie +35m² - 4 chambres - terrain +600m² - rare - co,https://www.etreproprio.com/immobilier-23715567-vente-finistere-gouesnou-29850-a-vendre-maison-contemporaine-t6-piece-de-vie-35m-4-chambres-terrain-600m-rare-co-gouesnou
GOUESNOU,Maison sur gouesnou,https://www.etreproprio.com/immobilier-23705241-vente-maison-sur-gouesnou-gouesnou
GOUESNOU,Maison 145m² à gouesnou,https://www.etreproprio.com/immobilier-23691036-vente-maison-145m-a-gouesnou-gouesnou
GOUESNOU,A vendre - maison contemporaine f4 - 85 m² habitables - beau terrain 488 m² - dpe c - centre-bourg - garage,https://www.etreproprio.com/immobilier-23343958-vente-a-vendre-maison-contemporaine-f4-85-m-habitables-beau-terrain-488-m-dpe-c-centre-bourg-garage-gouesnou
GOUESNOU,Maison a vendre gouesnou,https://www.etreproprio.com/immobilier-23654905-vente-maison-a-vendre-gouesnou-gouesnou
GOUESNOU,Maison a vendre gouesnou,https://www.etreproprio.com/immobilier-23637995-vente-maison-a-vendre-gouesnou-gouesnou
GOUESNOU,Finistere - gouesnou (29850) - a vendre - maison 125 m2 - 4 chambres - terrain 750 m2 - centre ville a pied - excellent dpe : c,https://www.etreproprio.com/immobilier-23604369-vente-finistere-gouesnou-29850-a-vendre-maison-125-m2-4-chambres-terrain-750-m2-centre-ville-a-pied-excellent-dpe-c-gouesnou
GOUESNOU,Gouesnou sur terrain arbore de 2500 m²,https://www.etreproprio.com/immobilier-21978756-vente-gouesnou-sur-terrain-arbore-de-2500-m-gouesnou
GOUESNOU,Gouesnou   maison neuve rt 2020 avec prestations haut de gamme,https://www.etreproprio.com/immobilier-22424868-vente-gouesnou-maison-neuve-rt-2020-avec-prestations-haut-de-gamme-gouesnou
GOUESNOU,Maison gouesnou,https://www.etreproprio.com/immobilier-23347998-vente-maison-gouesnou-gouesnou
GOUEZEC,Exclusivité - maison à vendre 4 pièces gouezec (29),https://www.etreproprio.com/immobilier-23761146-vente-exclusivite-maison-a-vendre-4-pieces-gouezec-29-gouezec
GOUEZEC,Maison 120m² à gouezec,https://www.etreproprio.com/immobilier-23144623-vente-maison-120m-a-gouezec-gouezec
GOUEZEC,"Maison gouezec 4 pièce(s) 85,26 m2",https://www.etreproprio.com/immobilier-22210818-vente-maison-gouezec-4-pieces-8526-m2-gouezec
GOUEZEC,Maison 85m² à gouezec,https://www.etreproprio.com/immobilier-22212968-vente-maison-85m-a-gouezec-gouezec
FOUESNANT,Maison 132m² à fouesnant,https://www.etreproprio.com/immobilier-23189993-vente-maison-132m-a-fouesnant-fouesnant
FOUESNANT,Une maison (251 m²) pleine de charme à fouesnant (29170),https://www.etreproprio.com/immobilier-23174982-vente-une-maison-251-m-pleine-de-charme-a-fouesnant-29170-fouesnant
FOUESNANT,Maison 115m² à fouesnant,https://www.etreproprio.com/immobilier-23177610-vente-maison-115m-a-fouesnant-fouesnant
FOUESNANT,Maison 116m² à fouesnant,https://www.etreproprio.com/immobilier-23155822-vente-maison-116m-a-fouesnant-fouesnant
FOUESNANT,Maison à rénover - fouesnant,https://www.etreproprio.com/immobilier-23153517-vente-maison-a-renover-fouesnant-fouesnant
FOUESNANT,29170 fouesnant  centre - demeure de prestige 7 pièce(s) 215 m2 environ,https://www.etreproprio.com/immobilier-21874793-vente-29170-fouesnant-centre-demeure-de-prestige-7-pieces-215-m2-environ-fouesnant
FOUESNANT,"Maison familiale à fouesnant  emplacement privilégié, potentiel exceptionnel !",https://www.etreproprio.com/immobilier-22906955-vente-maison-familiale-a-fouesnant-emplacement-privilegie-potentiel-exceptionnel-fouesnant
FOUESNANT,Maison 124m² à fouesnant,https://www.etreproprio.com/immobilier-23040719-vente-maison-124m-a-fouesnant-fouesnant
FOUESNANT,Maison fouesnant 5 pièce(s) 124 m2,https://www.etreproprio.com/immobilier-23038784-vente-maison-fouesnant-5-pieces-124-m2-fouesnant
FOUESNANT,Maison 120m² à fouesnant,https://www.etreproprio.com/immobilier-22992572-vente-maison-120m-a-fouesnant-fouesnant
FOUESNANT,Maison a vendre à fouesnant : la nature & les volumes,https://www.etreproprio.com/immobilier-22981925-vente-maison-a-vendre-a-fouesnant-la-nature-les-volumes-fouesnant
FOUESNANT,Maison 165m² à fouesnant,https://www.etreproprio.com/immobilier-22975777-vente-maison-165m-a-fouesnant-fouesnant
FOUESNANT,Maison 60m² à fouesnant,https://www.etreproprio.com/immobilier-22949696-vente-maison-60m-a-fouesnant-fouesnant
FOUESNANT,Maison 43m² à fouesnant,https://www.etreproprio.com/immobilier-22949695-vente-maison-43m-a-fouesnant-fouesnant
FOUESNANT,Maison 137m² à fouesnant,https://www.etreproprio.com/immobilier-22954928-vente-maison-137m-a-fouesnant-fouesnant
FOUESNANT,À 2 km des plages - spacieuse maison familiale avec jardin et dépendances,https://www.etreproprio.com/immobilier-22913531-vente-a-2-km-des-plages-spacieuse-maison-familiale-avec-jardin-et-dependances-fouesnant
FOUESNANT,Maison 160m² à fouesnant,https://www.etreproprio.com/immobilier-22886023-vente-maison-160m-a-fouesnant-fouesnant
FOUESNANT,Maison 146m² à fouesnant,https://www.etreproprio.com/immobilier-22461261-vente-maison-146m-a-fouesnant-fouesnant
FOUESNANT,Contemporaine proche océan-fouesnant,https://www.etreproprio.com/immobilier-22853741-vente-contemporaine-proche-ocean-fouesnant-fouesnant
FOUESNANT,Maison 115m² à fouesnant,https://www.etreproprio.com/immobilier-22741879-vente-maison-115m-a-fouesnant-fouesnant
GOUESNOU,Gouesnou - la vallee verte maison d'architecte de 172 m2 sur parcelle paysager de 1558 m2,https://www.etreproprio.com/immobilier-23298330-vente-gouesnou-la-vallee-verte-maison-d-architecte-de-172-m2-sur-parcelle-paysager-de-1558-m2-gouesnou
GOUESNOU,Maison gouesnou 9 pièces 225 m²,https://www.etreproprio.com/immobilier-23294031-vente-maison-gouesnou-9-pieces-225-m-gouesnou
GOUESNOU,"Gouesnou au calme, maison t6",https://www.etreproprio.com/immobilier-20736704-vente-gouesnou-au-calme-maison-t6-gouesnou
GOUESNOU,""" déjà vendu par kerebel immobilier """,https://www.etreproprio.com/immobilier-19761100-vente-deja-vendu-par-kerebel-immobilier-gouesnou
GOULIEN,Maison 91m² à goulien,https://www.etreproprio.com/immobilier-23863501-vente-maison-91m-a-goulien-goulien
GOULIEN,Maison goulien 3 pièce(s) 91 m2,https://www.etreproprio.com/immobilier-23861087-vente-maison-goulien-3-pieces-91-m2-goulien
GOULIEN,Maison 125m² à goulien,https://www.etreproprio.com/immobilier-23493515-vente-maison-125m-a-goulien-goulien
GOULIEN,Maison à vendre à audierne,https://www.etreproprio.com/immobilier-22434162-vente-maison-a-vendre-a-audierne-goulien
GOULVEN,Maison contemporaine de 2009  goulven (29),https://www.etreproprio.com/immobilier-23404764-vente-maison-contemporaine-de-2009-goulven-29-goulven
FOUESNANT,Maison 36m² à fouesnant,https://www.etreproprio.com/immobilier-22738121-vente-maison-36m-a-fouesnant-fouesnant
FOUESNANT,Maison lumineuse à fouesnant (mousterlin),https://www.etreproprio.com/immobilier-22678929-vente-maison-lumineuse-a-fouesnant-mousterlin-fouesnant
FOUESNANT,Charmante longere - 170m2 - fouesnant - proche plages et commerces,https://www.etreproprio.com/immobilier-21249113-vente-charmante-longere-170m2-fouesnant-proche-plages-et-commerces-fouesnant
FOUESNANT,Fouesnant - longère en pierre,https://www.etreproprio.com/immobilier-22012337-vente-fouesnant-longere-en-pierre-fouesnant
FOUESNANT,Maison 196m² à fouesnant,https://www.etreproprio.com/immobilier-22287946-vente-maison-196m-a-fouesnant-fouesnant
FOUESNANT,Maison 220m² à fouesnant,https://www.etreproprio.com/immobilier-22095707-vente-maison-220m-a-fouesnant-fouesnant
FOUESNANT,Maison 50m² à fouesnant,https://www.etreproprio.com/immobilier-22069788-vente-maison-50m-a-fouesnant-fouesnant
FOUESNANT,Achat maison rénovée fouesnant - cap coz,https://www.etreproprio.com/immobilier-21960408-vente-achat-maison-renovee-fouesnant-cap-coz-fouesnant
FOUESNANT,Achat belle maison familiale au calme à fouesnant,https://www.etreproprio.com/immobilier-21960430-vente-achat-belle-maison-familiale-au-calme-a-fouesnant-fouesnant
FOUESNANT,Fouesnant - cap coz - villa de vacances 3 pièce(s)  53 m2 environ,https://www.etreproprio.com/immobilier-21895904-vente-fouesnant-cap-coz-villa-de-vacances-3-pieces-53-m2-environ-fouesnant
FOUESNANT,Programme neuf - les villas du cap-coz,https://www.etreproprio.com/immobilier-17989473-vente-programme-neuf-les-villas-du-cap-coz-fouesnant
GOURLIZON,Maison gourlizon 7 pièce(s) 122 m2,https://www.etreproprio.com/immobilier-23701441-vente-maison-gourlizon-7-pieces-122-m2-gourlizon
GOURLIZON,Maison 122m² à gourlizon,https://www.etreproprio.com/immobilier-23704016-vente-maison-122m-a-gourlizon-gourlizon
GOURLIZON,Maison sur gourlizon,https://www.etreproprio.com/immobilier-23874890-vente-maison-sur-gourlizon-gourlizon
GOURLIZON,Maison gourlizon 6 pièces 140 m2,https://www.etreproprio.com/immobilier-23638317-vente-maison-gourlizon-6-pieces-140-m2-gourlizon
GOURLIZON,Maison dans un quartier résidentiel,https://www.etreproprio.com/immobilier-23183668-vente-maison-dans-un-quartier-residentiel-gourlizon
GUENGAT,Maison sur guengat,https://www.etreproprio.com/immobilier-23895325-vente-maison-sur-guengat-guengat
GUENGAT,Jolie longère à guengat,https://www.etreproprio.com/immobilier-23877134-vente-jolie-longere-a-guengat-guengat
GUENGAT,Maison 170m² à guengat,https://www.etreproprio.com/immobilier-23800963-vente-maison-170m-a-guengat-guengat
GUENGAT,Maison 187m² à guengat,https://www.etreproprio.com/immobilier-23351632-vente-maison-187m-a-guengat-guengat
GUENGAT,Maison contemporaine au bourg de guengat,https://www.etreproprio.com/immobilier-23688304-vente-maison-contemporaine-au-bourg-de-guengat-guengat
GUENGAT,Maison 145m² à guengat,https://www.etreproprio.com/immobilier-23677640-vente-maison-145m-a-guengat-guengat
GUENGAT,Maison en pierres et dépendances au bourg de guengat.,https://www.etreproprio.com/immobilier-21979154-vente-maison-en-pierres-et-dependances-au-bourg-de-guengat-guengat
GUERLESQUIN,Maison de charme à vendre à guerlesquin - un havre de paix de 204 m²,https://www.etreproprio.com/immobilier-23677315-vente-maison-de-charme-a-vendre-a-guerlesquin-un-havre-de-paix-de-204-m-guerlesquin
GUERLESQUIN,Maison 139m² à guerlesquin,https://www.etreproprio.com/immobilier-23724203-vente-maison-139m-a-guerlesquin-guerlesquin
GUERLESQUIN,Maison 75m² à guerlesquin,https://www.etreproprio.com/immobilier-22873521-vente-maison-75m-a-guerlesquin-guerlesquin
GUERLESQUIN,Maison 92m² à guerlesquin,https://www.etreproprio.com/immobilier-23471993-vente-maison-92m-a-guerlesquin-guerlesquin
GUERLESQUIN,"Longère en pierre, mer 20 minutes, 5 chambres et un bureau",https://www.etreproprio.com/immobilier-23451322-vente-longere-en-pierre-mer-20-minutes-5-chambres-et-un-bureau-guerlesquin
GUERLESQUIN,Maison 123m² à guerlesquin,https://www.etreproprio.com/immobilier-23446877-vente-maison-123m-a-guerlesquin-guerlesquin
GUERLESQUIN,Maison 123m² à guerlesquin,https://www.etreproprio.com/immobilier-22646750-vente-maison-123m-a-guerlesquin-guerlesquin
GUERLESQUIN,Maison 110m² à guerlesquin,https://www.etreproprio.com/immobilier-23293292-vente-maison-110m-a-guerlesquin-guerlesquin
GUERLESQUIN,Maison 138m² à guerlesquin,https://www.etreproprio.com/immobilier-23281222-vente-maison-138m-a-guerlesquin-guerlesquin
GUERLESQUIN,Maison 138m² à guerlesquin,https://www.etreproprio.com/immobilier-22106570-vente-maison-138m-a-guerlesquin-guerlesquin
GUERLESQUIN,Maison 120m² à guerlesquin,https://www.etreproprio.com/immobilier-23001080-vente-maison-120m-a-guerlesquin-guerlesquin
GUICLAN,Maison 125m² à guiclan,https://www.etreproprio.com/immobilier-23532892-vente-maison-125m-a-guiclan-guiclan
GUICLAN,Maison guiclan 5 pièce(s) 125 m2,https://www.etreproprio.com/immobilier-22918521-vente-maison-guiclan-5-pieces-125-m2-guiclan
GUICLAN,Maison sur guiclan,https://www.etreproprio.com/immobilier-23855226-vente-maison-sur-guiclan-guiclan
GUICLAN,Maison guiclan 4 pièce(s) 67.6 m2,https://www.etreproprio.com/immobilier-23751753-vente-maison-guiclan-4-pieces-676-m2-guiclan
GUICLAN,Maison 158m² à guiclan,https://www.etreproprio.com/immobilier-22938378-vente-maison-158m-a-guiclan-guiclan
GUICLAN,Maison 128 m2 6 pièces 4 chambres (  à penzé),https://www.etreproprio.com/immobilier-22474644-vente-maison-128-m2-6-pieces-4-chambres-a-penze-guiclan
GUICLAN,"# 342 - a vendre -  maison - guiclan - 125,58 m2",https://www.etreproprio.com/immobilier-21623772-vente-342-a-vendre-maison-guiclan-12558-m2-guiclan
GUILERS,"Longères de plain-pied,   guilers   7 pièces 132 m2",https://www.etreproprio.com/immobilier-23893751-vente-longeres-de-plain-pied-guilers-7-pieces-132-m2-guilers
GUILERS,Maison 91m² à guilers,https://www.etreproprio.com/immobilier-23892992-vente-maison-91m-a-guilers-guilers
GUILERS,Guilers maison t5 non mitoyenne,https://www.etreproprio.com/immobilier-23652099-vente-guilers-maison-t5-non-mitoyenne-guilers
GUILERS,Guilers maison t5 non mitoyenne,https://www.etreproprio.com/immobilier-23652098-vente-guilers-maison-t5-non-mitoyenne-guilers
GUILERS,Maison 6 pièces -  jardin clos 350  m2 - guilers,https://www.etreproprio.com/immobilier-23798148-vente-maison-6-pieces-jardin-clos-350-m2-guilers-guilers
GUILERS,Maison 159 m² - terrain 430 m² - guilers  proximité centre,https://www.etreproprio.com/immobilier-23740437-vente-maison-159-m-terrain-430-m-guilers-proximite-centre-guilers
GUILERS,Maison 136 m² - jardin clos 283 m² - guilers proximité centre,https://www.etreproprio.com/immobilier-23709485-vente-maison-136-m-jardin-clos-283-m-guilers-proximite-centre-guilers
GUILERS,Maison guilers 6 pièce(s) 137m2,https://www.etreproprio.com/immobilier-23711869-vente-maison-guilers-6-pieces-137m2-guilers
GUILERS,Maison familiale avec jardin et terrasse couverte à guilers,https://www.etreproprio.com/immobilier-23707616-vente-maison-familiale-avec-jardin-et-terrasse-couverte-a-guilers-guilers
GUILERS,A vendre   guilers centre bourg  maison   4 chambres   sous-sol   veranda   jardin,https://www.etreproprio.com/immobilier-23700958-vente-a-vendre-guilers-centre-bourg-maison-4-chambres-sous-sol-veranda-jardin-guilers
GUILERS,Guilers grande maison t6 rénovée,https://www.etreproprio.com/immobilier-23681066-vente-guilers-grande-maison-t6-renovee-guilers
GUILERS,Guilers grande maison t6 rénovée,https://www.etreproprio.com/immobilier-23681061-vente-guilers-grande-maison-t6-renovee-guilers
GUILERS,Maison guilers 6 pièce(s),https://www.etreproprio.com/immobilier-23647717-vente-maison-guilers-6-pieces-guilers
GUILERS,Propriete guilers / proximite brest,https://www.etreproprio.com/immobilier-23598270-vente-propriete-guilers-proximite-brest-guilers
GUILERS,Maison t6 parfait etat de 2007,https://www.etreproprio.com/immobilier-23584445-vente-maison-t6-parfait-etat-de-2007-guilers
GUILERS,Maison à vendre   guilers (29820),https://www.etreproprio.com/immobilier-23563252-vente-maison-a-vendre-guilers-29820-guilers
GUILERS,"Guilers: maison 193 m² avec studio, idéal investisseurs",https://www.etreproprio.com/immobilier-23453018-vente-guilers-maison-193-m-avec-studio-ideal-investisseurs-guilers
GUILERS,Maison guilers 127.29 m²,https://www.etreproprio.com/immobilier-23418736-vente-maison-guilers-12729-m-guilers
GUILERS,Maison guilers dpe b,https://www.etreproprio.com/immobilier-23157354-vente-maison-guilers-dpe-b-guilers
GUILERS,Maison 113m² à guilers,https://www.etreproprio.com/immobilier-23389547-vente-maison-113m-a-guilers-guilers
GUILER-SUR-GOYEN,Belle propriété rurale sans vis-à-vis,https://www.etreproprio.com/immobilier-23463987-vente-belle-propriete-rurale-sans-vis-a-vis-guiler-sur-goyen
GUILERS,Maison 90m² à guilers,https://www.etreproprio.com/immobilier-22933036-vente-maison-90m-a-guilers-guilers
GUILERS,Maison guilers 173.64 m2,https://www.etreproprio.com/immobilier-23175832-vente-maison-guilers-17364-m2-guilers
GUILERS,Maison de 173 m2 de 5 pièces,https://www.etreproprio.com/immobilier-23157356-vente-maison-de-173-m2-de-5-pieces-guilers
GUILERS,Guilers maison t5 non mitoyenne,https://www.etreproprio.com/immobilier-20722400-vente-guilers-maison-t5-non-mitoyenne-guilers
GUILERS,Guilers maison t5 non mitoyenne,https://www.etreproprio.com/immobilier-20722399-vente-guilers-maison-t5-non-mitoyenne-guilers
GUILERS,Guilers charmante maison 114 m²  5 chambres garage,https://www.etreproprio.com/immobilier-13511530-vente-guilers-charmante-maison-114-m-5-chambres-garage-guilers
GUILLIGOMARC'H,Maison 99m² à guilligomarc'h,https://www.etreproprio.com/immobilier-22222099-vente-maison-99m-a-guilligomarc-h-guilligomarc-h
GUILLIGOMARC'H,Maison de 5 chambres de 147m2 à guilligomarc'h,https://www.etreproprio.com/immobilier-23760743-vente-maison-de-5-chambres-de-147m2-a-guilligomarc-h-guilligomarc-h
GUILLIGOMARC'H,Maison 100m² à guilligomarc'h,https://www.etreproprio.com/immobilier-23704386-vente-maison-100m-a-guilligomarc-h-guilligomarc-h
GUILVINEC,Maison 112m² à guilvinec,https://www.etreproprio.com/immobilier-23734404-vente-maison-112m-a-guilvinec-guilvinec
GUILVINEC,Guilvinec maison  t4  devant la plage,https://www.etreproprio.com/immobilier-23729501-vente-guilvinec-maison-t4-devant-la-plage-guilvinec
GUILVINEC,Guilvinec maison vue mer devant la plage,https://www.etreproprio.com/immobilier-23729502-vente-guilvinec-maison-vue-mer-devant-la-plage-guilvinec
GUILVINEC,Maison 40m² à guilvinec,https://www.etreproprio.com/immobilier-22895244-vente-maison-40m-a-guilvinec-guilvinec
GUILVINEC,Maison 133m² à guilvinec,https://www.etreproprio.com/immobilier-23601180-vente-maison-133m-a-guilvinec-guilvinec
GUILVINEC,Maison 40m² à guilvinec,https://www.etreproprio.com/immobilier-23702546-vente-maison-40m-a-guilvinec-guilvinec
GUILVINEC,Maison 133m² à guilvinec,https://www.etreproprio.com/immobilier-23447459-vente-maison-133m-a-guilvinec-guilvinec
GUILVINEC,Maison sur le guilvinec,https://www.etreproprio.com/immobilier-23693645-vente-maison-sur-le-guilvinec-guilvinec
GUILVINEC,Maison guilvinec 6 pièce(s) 138 m2,https://www.etreproprio.com/immobilier-23618927-vente-maison-guilvinec-6-pieces-138-m2-guilvinec
GUILVINEC,Maison 138m² à guilvinec,https://www.etreproprio.com/immobilier-23612356-vente-maison-138m-a-guilvinec-guilvinec
GUILVINEC,Le guilvinec - centre-ville et port à pied,https://www.etreproprio.com/immobilier-22514196-vente-le-guilvinec-centre-ville-et-port-a-pied-guilvinec
GUILVINEC,Maison 85m² à guilvinec,https://www.etreproprio.com/immobilier-22894985-vente-maison-85m-a-guilvinec-guilvinec
GUILVINEC,Maison guilvinec,https://www.etreproprio.com/immobilier-22650862-vente-maison-guilvinec-guilvinec
GUILVINEC,Le guilvinec centre ville,https://www.etreproprio.com/immobilier-21853895-vente-le-guilvinec-centre-ville-guilvinec
GUILVINEC,Mobil-home dans un domaine sécurisé ! pieds dans l'eau !,https://www.etreproprio.com/immobilier-23502580-vente-mobil-home-dans-un-domaine-securise-pieds-dans-l-eau-guilvinec
GUILVINEC,Maison à vendre 6 pièces guilvinec (29) plage et port à pied,https://www.etreproprio.com/immobilier-22475099-vente-maison-a-vendre-6-pieces-guilvinec-29-plage-et-port-a-pied-guilvinec
GUILVINEC,Mobil home à 2 pas de la plage !,https://www.etreproprio.com/immobilier-23445757-vente-mobil-home-a-2-pas-de-la-plage-guilvinec
GUILVINEC,Mobilhome à 2 pas de la plage,https://www.etreproprio.com/immobilier-23445771-vente-mobilhome-a-2-pas-de-la-plage-guilvinec
GUILVINEC,Le guilvinec - proche port et commerces,https://www.etreproprio.com/immobilier-21664575-vente-le-guilvinec-proche-port-et-commerces-guilvinec
GUILVINEC,Le guilvinec - centre-ville,https://www.etreproprio.com/immobilier-23336414-vente-le-guilvinec-centre-ville-guilvinec
GUIMAEC,Propriété d'exception du xvie siècle – plage à pied – guimaëc/locquirec,https://www.etreproprio.com/immobilier-22268043-vente-propriete-d-exception-du-xvie-siecle-plage-a-pied-guimaeclocquirec-guimaec
GUIMAEC,Maison 58m² à guimaec,https://www.etreproprio.com/immobilier-23883837-vente-maison-58m-a-guimaec-guimaec
GUIMAEC,Maison 129m² à guimaec,https://www.etreproprio.com/immobilier-23789829-vente-maison-129m-a-guimaec-guimaec
GUIMAEC,Maison 307m² à guimaec,https://www.etreproprio.com/immobilier-23714117-vente-maison-307m-a-guimaec-guimaec
GUIMAEC,Maison 163m² à guimaëc,https://www.etreproprio.com/immobilier-23216397-vente-maison-163m-a-guimaec-guimaec
GUIMAEC,Maison 156m² à guimaec,https://www.etreproprio.com/immobilier-23570207-vente-maison-156m-a-guimaec-guimaec
GUIMAEC,Maison guimaëc 5 pièce(s) 85 m2,https://www.etreproprio.com/immobilier-23421872-vente-maison-guimaec-5-pieces-85-m2-guimaec
GUIMAEC,"Finistère, guimaec, petite ferme de 1800 rénovée",https://www.etreproprio.com/immobilier-22303844-vente-finistere-guimaec-petite-ferme-de-1800-renovee-guimaec
GUIMAEC,Maison guimaec 7 pièce(s) 114 m2,https://www.etreproprio.com/immobilier-23237698-vente-maison-guimaec-7-pieces-114-m2-guimaec
GUIMAEC,"Finistère, guimaëc, vente ferme de 1831",https://www.etreproprio.com/immobilier-22350345-vente-finistere-guimaec-vente-ferme-de-1831-guimaec
GUIMAEC,"Aucun vis à vis, à 2km des plages",https://www.etreproprio.com/immobilier-22866139-vente-aucun-vis-a-vis-a-2km-des-plages-guimaec
GUIMAEC,Maison mitoyenne,https://www.etreproprio.com/immobilier-22507543-vente-maison-mitoyenne-guimaec
GUIMAEC,Maison mitoyenne,https://www.etreproprio.com/immobilier-22507544-vente-maison-mitoyenne-guimaec
GUIMAEC,Maison guimaec 5 pièce(s) 141 m2,https://www.etreproprio.com/immobilier-21771464-vente-maison-guimaec-5-pieces-141-m2-guimaec
GUIMILIAU,Maison 211m² à guimiliau,https://www.etreproprio.com/immobilier-23836866-vente-maison-211m-a-guimiliau-guimiliau
GUIMILIAU,Maison 147m² à guimiliau,https://www.etreproprio.com/immobilier-23796456-vente-maison-147m-a-guimiliau-guimiliau
GUIMILIAU,Maison 189m² à guimiliau,https://www.etreproprio.com/immobilier-23730248-vente-maison-189m-a-guimiliau-guimiliau
GUIMILIAU,Grande maison familiale rénovée,https://www.etreproprio.com/immobilier-23601115-vente-grande-maison-familiale-renovee-guimiliau
GUIPAVAS,Maison sur guipavas,https://www.etreproprio.com/immobilier-23855233-vente-maison-sur-guipavas-guipavas
GUIPAVAS,"Guipavas, une maison au vert au bord de l'elorn !",https://www.etreproprio.com/immobilier-23845352-vente-guipavas-une-maison-au-vert-au-bord-de-l-elorn-guipavas
GUIPAVAS,Maison - 3 chambres - guipavas,https://www.etreproprio.com/immobilier-23815501-vente-maison-3-chambres-guipavas-guipavas
GUIPAVAS,Maison 143m² à guipavas,https://www.etreproprio.com/immobilier-23816368-vente-maison-143m-a-guipavas-guipavas
GUIPAVAS,Maison plain pied 2015 a vendre guipavas secteur le douvez,https://www.etreproprio.com/immobilier-23419061-vente-maison-plain-pied-2015-a-vendre-guipavas-secteur-le-douvez-guipavas
GUIPAVAS,Maison proche centre à rénover,https://www.etreproprio.com/immobilier-23613644-vente-maison-proche-centre-a-renover-guipavas
GUIPAVAS,Maison 5 chambres avec vie de plain pied,https://www.etreproprio.com/immobilier-23802270-vente-maison-5-chambres-avec-vie-de-plain-pied-guipavas
GUIPAVAS,Maison 127m² à guipavas,https://www.etreproprio.com/immobilier-22992905-vente-maison-127m-a-guipavas-guipavas
GUIPAVAS,A vendre maison familiale t6 avec vue mer proche moulin-blanc,https://www.etreproprio.com/immobilier-23784656-vente-a-vendre-maison-familiale-t6-avec-vue-mer-proche-moulin-blanc-guipavas
GUIPAVAS,Maison 149m² à guipavas,https://www.etreproprio.com/immobilier-23603758-vente-maison-149m-a-guipavas-guipavas
GUIPAVAS,A vendre maison de caractere de 220 m2 avec parc paysager de 3698 m2 et vue mer imprenable,https://www.etreproprio.com/immobilier-22260065-vente-a-vendre-maison-de-caractere-de-220-m2-avec-parc-paysager-de-3698-m2-et-vue-mer-imprenable-guipavas
GUIPAVAS,Maison 300m² à guipavas,https://www.etreproprio.com/immobilier-23766858-vente-maison-300m-a-guipavas-guipavas
GUIPAVAS,Guipavas - maison t5 au calme idéalement située,https://www.etreproprio.com/immobilier-23042142-vente-guipavas-maison-t5-au-calme-idealement-situee-guipavas
GUIPAVAS,Guipavas - maison t5 au calme idéalement située,https://www.etreproprio.com/immobilier-23042145-vente-guipavas-maison-t5-au-calme-idealement-situee-guipavas
GUIPAVAS,Maison 207m² à guipavas,https://www.etreproprio.com/immobilier-23730673-vente-maison-207m-a-guipavas-guipavas
GUIPAVAS,Finistere - guipavas (29490) - a vendre - maison de 142m² - vue mer - 4 chambres - idealement situe - rare sur le marche - terra,https://www.etreproprio.com/immobilier-23705269-vente-finistere-guipavas-29490-a-vendre-maison-de-142m-vue-mer-4-chambres-idealement-situe-rare-sur-le-marche-terra-guipavas
GUIPAVAS,"Le rody, maison t6 vue mer",https://www.etreproprio.com/immobilier-23672130-vente-le-rody-maison-t6-vue-mer-guipavas
GUIPAVAS,"Le rody, maison t6 vue mer",https://www.etreproprio.com/immobilier-23672131-vente-le-rody-maison-t6-vue-mer-guipavas
GUIPAVAS,Finistere - guipavas (29490) - a vendre - maison recente 92m² t5 de 2015 - 3 chambres - garage - locataires en place sur terrain,https://www.etreproprio.com/immobilier-23652103-vente-finistere-guipavas-29490-a-vendre-maison-recente-92m-t5-de-2015-3-chambres-garage-locataires-en-place-sur-terrain-guipavas
GUIPAVAS,Maison proche du centre à rénover,https://www.etreproprio.com/immobilier-23613645-vente-maison-proche-du-centre-a-renover-guipavas
GUIPRONVEL,Maison 70m² à guipronvel,https://www.etreproprio.com/immobilier-23016093-vente-maison-70m-a-guipronvel-guipronvel
GUIPRONVEL,Maison milizac guipronvel 6 pièce(s) 128 m2,https://www.etreproprio.com/immobilier-23881703-vente-maison-milizac-guipronvel-6-pieces-128-m2-guipronvel
GUIPRONVEL,Maison 139m² à guipronvel,https://www.etreproprio.com/immobilier-23831256-vente-maison-139m-a-guipronvel-guipronvel
GUIPRONVEL,Vente maison milizac-guipronvel(29290) 267 750ï¿œ,https://www.etreproprio.com/immobilier-23720124-vente-vente-maison-milizac-guipronvel29290-267-750i-oe-guipronvel
GUIPRONVEL,Maison familiale au cœur de milizac avec vie de plain-pied,https://www.etreproprio.com/immobilier-23705262-vente-maison-familiale-au-coeur-de-milizac-avec-vie-de-plain-pied-guipronvel
GUIPRONVEL,Maison 4 chambre(s) à vendre,https://www.etreproprio.com/immobilier-22457215-vente-maison-4-chambres-a-vendre-guipronvel
GUIPRONVEL,Ensemble immobilier a rénover a milizac,https://www.etreproprio.com/immobilier-23425828-vente-ensemble-immobilier-a-renover-a-milizac-guipronvel
GUIPRONVEL,Maison rénovée - 80 m² - bourg de milizac,https://www.etreproprio.com/immobilier-22901566-vente-maison-renovee-80-m-bourg-de-milizac-guipronvel
GUILVINEC,Le guilvinec - maison de charme à rénover,https://www.etreproprio.com/immobilier-23336415-vente-le-guilvinec-maison-de-charme-a-renover-guilvinec
GUILVINEC,Maison 84m² à guilvinec,https://www.etreproprio.com/immobilier-23319102-vente-maison-84m-a-guilvinec-guilvinec
GUILVINEC,Maison 40m² à guilvinec,https://www.etreproprio.com/immobilier-23270343-vente-maison-40m-a-guilvinec-guilvinec
GUILVINEC,Chalet 4 saisons guilvinec 4 pièce(s) 37.9 m2,https://www.etreproprio.com/immobilier-20204710-vente-chalet-4-saisons-guilvinec-4-pieces-379-m2-guilvinec
GUILVINEC,Maison 37m² à guilvinec,https://www.etreproprio.com/immobilier-21235636-vente-maison-37m-a-guilvinec-guilvinec
GUILVINEC,Maison 135m² à guilvinec,https://www.etreproprio.com/immobilier-22716375-vente-maison-135m-a-guilvinec-guilvinec
GUILVINEC,Maison - 3 chs - guilvinec - proche mer et commerces,https://www.etreproprio.com/immobilier-21817880-vente-maison-3-chs-guilvinec-proche-mer-et-commerces-guilvinec
GUILVINEC,Maison 180m² à guilvinec,https://www.etreproprio.com/immobilier-22536750-vente-maison-180m-a-guilvinec-guilvinec
GUILVINEC,"Maison guilvinec, 8 pièce(s), 200 m2 - 200 m de la plage",https://www.etreproprio.com/immobilier-22529113-vente-maison-guilvinec-8-pieces-200-m2-200-m-de-la-plage-guilvinec
GUILVINEC,"Maison avec vue port et mer - le guilvinec, centre-ville",https://www.etreproprio.com/immobilier-22715946-vente-maison-avec-vue-port-et-mer-le-guilvinec-centre-ville-guilvinec
GUILVINEC,Maison guilvinec,https://www.etreproprio.com/immobilier-17927739-vente-maison-guilvinec-guilvinec
GUILVINEC,Maison 92m² à guilvinec,https://www.etreproprio.com/immobilier-22913684-vente-maison-92m-a-guilvinec-guilvinec
GUILVINEC,Maison guilvinec 6 pièce(s) 92.75 m2,https://www.etreproprio.com/immobilier-22912036-vente-maison-guilvinec-6-pieces-9275-m2-guilvinec
GUILVINEC,Maison guilvinec 4 pièce(s) 113 m2,https://www.etreproprio.com/immobilier-23076881-vente-maison-guilvinec-4-pieces-113-m2-guilvinec
GUILVINEC,Maison 113m² à guilvinec,https://www.etreproprio.com/immobilier-23068854-vente-maison-113m-a-guilvinec-guilvinec
GUILVINEC,Maison 151m² à guilvinec,https://www.etreproprio.com/immobilier-23065400-vente-maison-151m-a-guilvinec-guilvinec
GUILVINEC,Guilvinec - agreable maison,https://www.etreproprio.com/immobilier-23030417-vente-guilvinec-agreable-maison-guilvinec
GUILVINEC,Maison 101m² à guilvinec,https://www.etreproprio.com/immobilier-23031913-vente-maison-101m-a-guilvinec-guilvinec
GUILVINEC,Le guilvinec - maison de ville avec terrasse,https://www.etreproprio.com/immobilier-22983317-vente-le-guilvinec-maison-de-ville-avec-terrasse-guilvinec
GUILVINEC,Maison de rêve à guilvinec avec piscine et spa,https://www.etreproprio.com/immobilier-22688884-vente-maison-de-reve-a-guilvinec-avec-piscine-et-spa-guilvinec
GUIPAVAS,Maison familiale à rafraichir,https://www.etreproprio.com/immobilier-23613643-vente-maison-familiale-a-rafraichir-guipavas
GUIPAVAS,Maison 115m² à guipavas,https://www.etreproprio.com/immobilier-23342130-vente-maison-115m-a-guipavas-guipavas
GUIPAVAS,Ferme à 5 minutes du bourg,https://www.etreproprio.com/immobilier-23584470-vente-ferme-a-5-minutes-du-bourg-guipavas
GUIPAVAS,Guipavas maison t6,https://www.etreproprio.com/immobilier-23212213-vente-guipavas-maison-t6-guipavas
GUIPAVAS,Exclusivité a vendre guipavas maison 115 m² habitables 180 m² utiles 2 garages jardin clos,https://www.etreproprio.com/immobilier-23565749-vente-exclusivite-a-vendre-guipavas-maison-115-m-habitables-180-m-utiles-2-garages-jardin-clos-guipavas
GUIPAVAS,Guipavas maison t6,https://www.etreproprio.com/immobilier-23212216-vente-guipavas-maison-t6-guipavas
GUIPAVAS,Maison 5 chambres à 800m du centre ville,https://www.etreproprio.com/immobilier-23560708-vente-maison-5-chambres-a-800m-du-centre-ville-guipavas
GUIPAVAS,Guipavas maison t6 proche du centre bourg,https://www.etreproprio.com/immobilier-23538906-vente-guipavas-maison-t6-proche-du-centre-bourg-guipavas
GUIPAVAS,Maison guipavas - secteur coataudon,https://www.etreproprio.com/immobilier-23469792-vente-maison-guipavas-secteur-coataudon-guipavas
GUIPAVAS,Maison à vendre 6 pièces guipavas (29),https://www.etreproprio.com/immobilier-23464339-vente-maison-a-vendre-6-pieces-guipavas-29-guipavas
GUIPAVAS,Maison à vendre 6 pièces guipavas (29),https://www.etreproprio.com/immobilier-23427832-vente-maison-a-vendre-6-pieces-guipavas-29-guipavas
GUIPAVAS,Maison proche du bourg à rafraîchir,https://www.etreproprio.com/immobilier-23137196-vente-maison-proche-du-bourg-a-rafraichir-guipavas
GUIPAVAS,Maison familiale à 400m du centre ville,https://www.etreproprio.com/immobilier-23367228-vente-maison-familiale-a-400m-du-centre-ville-guipavas
GUIPAVAS,Finistere - guipavas (29490) - a vendre - maison 145m² - 5 chambres - 2006 - piece de vie 52m² - calme - parking - grandes chamb,https://www.etreproprio.com/immobilier-23353146-vente-finistere-guipavas-29490-a-vendre-maison-145m-5-chambres-2006-piece-de-vie-52m-calme-parking-grandes-chamb-guipavas
GUIPAVAS,Guipavas centre ville .belle maison t6,https://www.etreproprio.com/immobilier-23283729-vente-guipavas-centre-ville-belle-maison-t6-guipavas
GUIPAVAS,Maison 142m² à guipavas,https://www.etreproprio.com/immobilier-23211298-vente-maison-142m-a-guipavas-guipavas
GUIPAVAS,Maison a vendre guipavas coataudon - 147 m² - sous-sol complet,https://www.etreproprio.com/immobilier-21461844-vente-maison-a-vendre-guipavas-coataudon-147-m-sous-sol-complet-guipavas
GUIPAVAS,A vendre maison quartier rody guipavas 6 pièces,https://www.etreproprio.com/immobilier-22209952-vente-a-vendre-maison-quartier-rody-guipavas-6-pieces-guipavas
GUIPAVAS,Maison - guipavas - 142m²,https://www.etreproprio.com/immobilier-23070293-vente-maison-guipavas-142m-guipavas
GUIPAVAS,Maison d'habitation spacieuse de 1971 - 143m² sur terrain de 1025m² à guipavas,https://www.etreproprio.com/immobilier-20752184-vente-maison-d-habitation-spacieuse-de-1971-143m-sur-terrain-de-1025m-a-guipavas-guipavas
GUISSENY,Maison 145m² à guisseny,https://www.etreproprio.com/immobilier-23727198-vente-maison-145m-a-guisseny-guisseny
GUISSENY,Guisseny maison bord de mer,https://www.etreproprio.com/immobilier-23781865-vente-guisseny-maison-bord-de-mer-guisseny
GUISSENY,Maison à vendre 6 pièces guisseny (29),https://www.etreproprio.com/immobilier-23732104-vente-maison-a-vendre-6-pieces-guisseny-29-guisseny
GUISSENY,Maison sur guisseny,https://www.etreproprio.com/immobilier-23681072-vente-maison-sur-guisseny-guisseny
GUISSENY,Maison guisseny 9 pièce(s) 263 m2,https://www.etreproprio.com/immobilier-23316834-vente-maison-guisseny-9-pieces-263-m2-guisseny
GUISSENY,Maison 104m² à guisseny,https://www.etreproprio.com/immobilier-23069214-vente-maison-104m-a-guisseny-guisseny
GUISSENY,Corps de ferme - maison et penty rénové - dépendances pierres - hangar - guisseny (29),https://www.etreproprio.com/immobilier-22035453-vente-corps-de-ferme-maison-et-penty-renove-dependances-pierres-hangar-guisseny-29-guisseny
GUISSENY,Maison d'exception en bord de mer,https://www.etreproprio.com/immobilier-21978754-vente-maison-d-exception-en-bord-de-mer-guisseny
GUISSENY,Très belle maison de 2013 dans guissény,https://www.etreproprio.com/immobilier-22525004-vente-tres-belle-maison-de-2013-dans-guisseny-guisseny
GUISSENY,Maison 120m² à guisseny,https://www.etreproprio.com/immobilier-22730138-vente-maison-120m-a-guisseny-guisseny
GUISSENY,Maison 91m² à guisseny,https://www.etreproprio.com/immobilier-22737654-vente-maison-91m-a-guisseny-guisseny
GUISSENY,Maison 122m² à guisseny,https://www.etreproprio.com/immobilier-20661970-vente-maison-122m-a-guisseny-guisseny
GUISSENY,Maison 90m² à guisseny,https://www.etreproprio.com/immobilier-22632110-vente-maison-90m-a-guisseny-guisseny
GUISSENY,Maison 145m² à guisseny,https://www.etreproprio.com/immobilier-22579975-vente-maison-145m-a-guisseny-guisseny
GUISSENY,"Corps de ferme 7 pièce(s), hangars et dépendances",https://www.etreproprio.com/immobilier-21998573-vente-corps-de-ferme-7-pieces-hangars-et-dependances-guisseny
GUISSENY,Maison 116m² à guisseny,https://www.etreproprio.com/immobilier-21877987-vente-maison-116m-a-guisseny-guisseny
GUISSENY,Maison 115m² à guisseny,https://www.etreproprio.com/immobilier-21276250-vente-maison-115m-a-guisseny-guisseny
GUISSENY,Maison 110m² à guisseny,https://www.etreproprio.com/immobilier-20871951-vente-maison-110m-a-guisseny-guisseny
GUILVINEC,Maison 124m² à guilvinec,https://www.etreproprio.com/immobilier-22202488-vente-maison-124m-a-guilvinec-guilvinec
GUILVINEC,Maison guilvinec 6 pièce(s) 124 m2,https://www.etreproprio.com/immobilier-22190069-vente-maison-guilvinec-6-pieces-124-m2-guilvinec
GUILVINEC,Maison 71m² à guilvinec,https://www.etreproprio.com/immobilier-22160767-vente-maison-71m-a-guilvinec-guilvinec
GUILVINEC,Maison 118m² à guilvinec,https://www.etreproprio.com/immobilier-21254625-vente-maison-118m-a-guilvinec-guilvinec
GUILVINEC,Chalet 4 saisons 2 chambres devant la plage guilvinec,https://www.etreproprio.com/immobilier-21362778-vente-chalet-4-saisons-2-chambres-devant-la-plage-guilvinec-guilvinec
GUILVINEC,Maison 36m² à guilvinec,https://www.etreproprio.com/immobilier-21363341-vente-maison-36m-a-guilvinec-guilvinec
GUILVINEC,Maison 7 pièce(s) 150 m2,https://www.etreproprio.com/immobilier-19691141-vente-maison-7-pieces-150-m2-guilvinec
GUILVINEC,Maison duplex t3 - residence de tourisme 3 etoiles guilvinec,https://www.etreproprio.com/immobilier-18143257-vente-maison-duplex-t3-residence-de-tourisme-3-etoiles-guilvinec-guilvinec
GUIPAVAS,Maison 132m² à guipavas,https://www.etreproprio.com/immobilier-22879622-vente-maison-132m-a-guipavas-guipavas
GUIPAVAS,Maison 100m² à guipavas,https://www.etreproprio.com/immobilier-22032072-vente-maison-100m-a-guipavas-guipavas
GUIPAVAS,Kerhuon/guipavas comtemporaine,https://www.etreproprio.com/immobilier-19468823-vente-kerhuonguipavas-comtemporaine-guipavas
GUIPAVAS,Guipavas le douvez,https://www.etreproprio.com/immobilier-20647994-vente-guipavas-le-douvez-guipavas
GUIPAVAS,Guipavas jolie maison 3 chambres + 1 bureau  jardin sous -sol complet garage,https://www.etreproprio.com/immobilier-19807322-vente-guipavas-jolie-maison-3-chambres-1-bureau-jardin-sous-sol-complet-garage-guipavas
GUIPAVAS,Guipavas sur 800 m² de terrain,https://www.etreproprio.com/immobilier-19724774-vente-guipavas-sur-800-m-de-terrain-guipavas
GUIPAVAS,Guipavas sur 1377 m²,https://www.etreproprio.com/immobilier-17929229-vente-guipavas-sur-1377-m-guipavas
GUIPAVAS,Guipavas maison non mitoyenne 4 chambres jardin garage,https://www.etreproprio.com/immobilier-17893174-vente-guipavas-maison-non-mitoyenne-4-chambres-jardin-garage-guipavas
HANVEC,Hanvec corps de ferme avec gîtes et piscine,https://www.etreproprio.com/immobilier-23791867-vente-hanvec-corps-de-ferme-avec-gites-et-piscine-hanvec
HANVEC,Une belle opportunité à ne pas manquer !,https://www.etreproprio.com/immobilier-23262441-vente-une-belle-opportunite-a-ne-pas-manquer-hanvec
HANVEC,Maison 350m² à hanvec,https://www.etreproprio.com/immobilier-23644917-vente-maison-350m-a-hanvec-hanvec
HANVEC,Maison à vendre 3 pièces hanvec (29),https://www.etreproprio.com/immobilier-23634622-vente-maison-a-vendre-3-pieces-hanvec-29-hanvec
HANVEC,Maison 124m² à hanvec,https://www.etreproprio.com/immobilier-23446720-vente-maison-124m-a-hanvec-hanvec
HANVEC,Maison et terrain,https://www.etreproprio.com/immobilier-23427653-vente-maison-et-terrain-hanvec
HANVEC,Hanvec corps de ferme avec gîtes et piscine,https://www.etreproprio.com/immobilier-23070140-vente-hanvec-corps-de-ferme-avec-gites-et-piscine-hanvec
HANVEC,Maison 102m² à hanvec,https://www.etreproprio.com/immobilier-22770161-vente-maison-102m-a-hanvec-hanvec
HANVEC,Maison de campagne pleine de charme,https://www.etreproprio.com/immobilier-22759036-vente-maison-de-campagne-pleine-de-charme-hanvec
HANVEC,Hanvec ensemble en pierre proposant une maison principale et un gîte,https://www.etreproprio.com/immobilier-22668323-vente-hanvec-ensemble-en-pierre-proposant-une-maison-principale-et-un-gite-hanvec
HANVEC,"Dpt finistère (29), à vendre hanvec propriété avec maison principale de 150 m², piscine et deux grandes dépendances",https://www.etreproprio.com/immobilier-22665476-vente-dpt-finistere-29-a-vendre-hanvec-propriete-avec-maison-principale-de-150-m-piscine-et-deux-grandes-dependances-hanvec
HANVEC,Magnifique propriété  proche du faou,https://www.etreproprio.com/immobilier-18783914-vente-magnifique-propriete-proche-du-faou-hanvec
HANVEC,2 maisons en pierres renovée,https://www.etreproprio.com/immobilier-18765501-vente-2-maisons-en-pierres-renovee-hanvec
HANVEC,Déjà vendu par kerebel immobilier,https://www.etreproprio.com/immobilier-12559031-vente-deja-vendu-par-kerebel-immobilier-hanvec
HENVIC,Maison henvic 120 m²,https://www.etreproprio.com/immobilier-23879646-vente-maison-henvic-120-m-henvic
HENVIC,Maison 157m² à henvic,https://www.etreproprio.com/immobilier-23884239-vente-maison-157m-a-henvic-henvic
HENVIC,Maison 157m² à henvic,https://www.etreproprio.com/immobilier-23703051-vente-maison-157m-a-henvic-henvic
HENVIC,Maison 62m² à henvic,https://www.etreproprio.com/immobilier-23598590-vente-maison-62m-a-henvic-henvic
HENVIC,Maison 86m² à henvic,https://www.etreproprio.com/immobilier-23601746-vente-maison-86m-a-henvic-henvic
HENVIC,Maison 120m² à henvic,https://www.etreproprio.com/immobilier-22100462-vente-maison-120m-a-henvic-henvic
HENVIC,Maison 130m² à henvic,https://www.etreproprio.com/immobilier-19043794-vente-maison-130m-a-henvic-henvic
HENVIC,"Entièrement rénovée, à 2,5 km des plages",https://www.etreproprio.com/immobilier-21738836-vente-entierement-renovee-a-25-km-des-plages-henvic
HENVIC,Maison 117m² à henvic,https://www.etreproprio.com/immobilier-20487484-vente-maison-117m-a-henvic-henvic
HENVIC,"Villa de luxe à el herrojo, marbella",https://www.etreproprio.com/immobilier-20647706-vente-villa-de-luxe-a-el-herrojo-marbella-henvic
HENVIC,Benahavis - luxueuse villa contemporaine à el herroj,https://www.etreproprio.com/immobilier-19311760-vente-benahavis-luxueuse-villa-contemporaine-a-el-herroj-henvic
HENVIC,Benahavis - villa moderne de luxe,https://www.etreproprio.com/immobilier-19311758-vente-benahavis-villa-moderne-de-luxe-henvic
HENVIC,Villa contemporaine avec vue magnifique a el paraiso,https://www.etreproprio.com/immobilier-19280404-vente-villa-contemporaine-avec-vue-magnifique-a-el-paraiso-henvic
HOPITAL-CAMFROUT,Maison sur hopital camfrout,https://www.etreproprio.com/immobilier-23874904-vente-maison-sur-hopital-camfrout-hopital-camfrout
HOPITAL-CAMFROUT,Maison bord de mer,https://www.etreproprio.com/immobilier-23746710-vente-maison-bord-de-mer-hopital-camfrout
HOPITAL-CAMFROUT,Maison proche centre,https://www.etreproprio.com/immobilier-23650033-vente-maison-proche-centre-hopital-camfrout
HOPITAL-CAMFROUT,Maison de 2005 parfaitement entretenue,https://www.etreproprio.com/immobilier-23377301-vente-maison-de-2005-parfaitement-entretenue-hopital-camfrout
HOPITAL-CAMFROUT,""" déjà vendu par kerebel immobilier """,https://www.etreproprio.com/immobilier-19780704-vente-deja-vendu-par-kerebel-immobilier-hopital-camfrout
HOPITAL-CAMFROUT,""" déjà vendu par kerebel immobilier """,https://www.etreproprio.com/immobilier-19747007-vente-deja-vendu-par-kerebel-immobilier-hopital-camfrout
HOPITAL-CAMFROUT,""" déjà vendu par kerebel immobilier """,https://www.etreproprio.com/immobilier-17901580-vente-deja-vendu-par-kerebel-immobilier-hopital-camfrout
HOPITAL-CAMFROUT,""" déjà vendu par kerebel immobilier """,https://www.etreproprio.com/immobilier-16534251-vente-deja-vendu-par-kerebel-immobilier-hopital-camfrout
HOPITAL-CAMFROUT,""" déjà vendu par kerebel immobilier """,https://www.etreproprio.com/immobilier-15930715-vente-deja-vendu-par-kerebel-immobilier-hopital-camfrout
HOPITAL-CAMFROUT,""" déjà vendu par kerebel immobilier",https://www.etreproprio.com/immobilier-15282798-vente-deja-vendu-par-kerebel-immobilier-hopital-camfrout
HOPITAL-CAMFROUT,""" déjà vendu par kerebel immobilier """,https://www.etreproprio.com/immobilier-14715605-vente-deja-vendu-par-kerebel-immobilier-hopital-camfrout
HOPITAL-CAMFROUT,""" déjà vendu par kerebel immobilier """,https://www.etreproprio.com/immobilier-13321692-vente-deja-vendu-par-kerebel-immobilier-hopital-camfrout
HUELGOAT,L'inattendue,https://www.etreproprio.com/immobilier-23906799-vente-l-inattendue-huelgoat
HUELGOAT,Maison 55m² à huelgoat,https://www.etreproprio.com/immobilier-23893583-vente-maison-55m-a-huelgoat-huelgoat
HUELGOAT,Finistère: berrien. maison de caractère de 5/6 chambres avec terrain de 6 900 m².,https://www.etreproprio.com/immobilier-23689935-vente-finistere-berrien-maison-de-caractere-de-56-chambres-avec-terrain-de-6-900-m-huelgoat
HUELGOAT,La charmante,https://www.etreproprio.com/immobilier-22582577-vente-la-charmante-huelgoat
HUELGOAT,Exclusivité - maison avec jardin à vendre 3 pièces huelgoat (29),https://www.etreproprio.com/immobilier-23682765-vente-exclusivite-maison-avec-jardin-a-vendre-3-pieces-huelgoat-29-huelgoat
HUELGOAT,Finistère: proche huelgoat. maison de 2 chambres avec un gîte de 2 chambres.,https://www.etreproprio.com/immobilier-21816630-vente-finistere-proche-huelgoat-maison-de-2-chambres-avec-un-gite-de-2-chambres-huelgoat
HUELGOAT,Finistère: loqueffret. spacieuse maison de 3 chambres exposée sud avec terrain et dépendance en pierre.,https://www.etreproprio.com/immobilier-23580448-vente-finistere-loqueffret-spacieuse-maison-de-3-chambres-exposee-sud-avec-terrain-et-dependance-en-pierre-huelgoat
HUELGOAT,Maison 130m² à huelgoat,https://www.etreproprio.com/immobilier-23547825-vente-maison-130m-a-huelgoat-huelgoat
HUELGOAT,Exclusivité - maison à vendre 6 pièces huelgoat (29),https://www.etreproprio.com/immobilier-23285873-vente-exclusivite-maison-a-vendre-6-pieces-huelgoat-29-huelgoat
HUELGOAT,Finistère: plouyé. très jolie maison en pierre de 3 chambres avec vue campagne.,https://www.etreproprio.com/immobilier-23050646-vente-finistere-plouye-tres-jolie-maison-en-pierre-de-3-chambres-avec-vue-campagne-huelgoat
HUELGOAT,Manoir fermier à réhabiliter,https://www.etreproprio.com/immobilier-22915527-vente-manoir-fermier-a-rehabiliter-huelgoat
HUELGOAT,"Finistère: proche huelgoat. superbe maison rénovée avec 3 chambres, grand hangar et jardin",https://www.etreproprio.com/immobilier-22596196-vente-finistere-proche-huelgoat-superbe-maison-renovee-avec-3-chambres-grand-hangar-et-jardin-huelgoat
HUELGOAT,La discrète,https://www.etreproprio.com/immobilier-22301908-vente-la-discrete-huelgoat
HUELGOAT,Maison 87m² à huelgoat,https://www.etreproprio.com/immobilier-17047856-vente-maison-87m-a-huelgoat-huelgoat
ILE-DE-BATZ,Maison de 8 pièces de 190 m² située à île-de-batz,https://www.etreproprio.com/immobilier-23793378-vente-maison-de-8-pieces-de-190-m-situee-a-ile-de-batz-ile-de-batz
ILE-DE-BATZ,Maison ile-de-batz 4 pièce(s) 66 m2,https://www.etreproprio.com/immobilier-22170495-vente-maison-ile-de-batz-4-pieces-66-m2-ile-de-batz
ILE-DE-BATZ,Ile de btaz : charmante maison avec vue et potentiel + terrain constructible,https://www.etreproprio.com/immobilier-20897678-vente-ile-de-btaz-charmante-maison-avec-vue-et-potentiel-terrain-constructible-ile-de-batz
ILE-DE-BATZ,Double maison familiale vue mer ile de batz - 5 chambres,https://www.etreproprio.com/immobilier-22307341-vente-double-maison-familiale-vue-mer-ile-de-batz-5-chambres-ile-de-batz
ILE-DE-BATZ,Maison 190m² à ile-de-batz,https://www.etreproprio.com/immobilier-22311340-vente-maison-190m-a-ile-de-batz-ile-de-batz
ILE-DE-BATZ,Fort potentiel : corps de ferme à rénover avec maison d'habitation et dépendances sur l'ile de batz,https://www.etreproprio.com/immobilier-21261114-vente-fort-potentiel-corps-de-ferme-a-renover-avec-maison-d-habitation-et-dependances-sur-l-ile-de-batz-ile-de-batz
ILE-DE-BATZ,Maison de 163m² - 5 chambres- ile de batz située au calme centre du village,https://www.etreproprio.com/immobilier-22608952-vente-maison-de-163m-5-chambres-ile-de-batz-situee-au-calme-centre-du-village-ile-de-batz
ILE-DE-BATZ,Ile de batz : maison mitoyenne de 84m² - 5 pièces,https://www.etreproprio.com/immobilier-22589601-vente-ile-de-batz-maison-mitoyenne-de-84m-5-pieces-ile-de-batz
ILE-DE-SEIN,A vendre-bretagne-finistère sud-ile de sein- maison-jardin,https://www.etreproprio.com/immobilier-22880997-vente-a-vendre-bretagne-finistere-sud-ile-de-sein-maison-jardin-ile-de-sein
ILE-DE-SEIN,Maison 42m² à ile-de-sein,https://www.etreproprio.com/immobilier-23417838-vente-maison-42m-a-ile-de-sein-ile-de-sein
ILE-DE-SEIN,A vendre-bretagne-finistère sud- maison-ile de sein,https://www.etreproprio.com/immobilier-23437144-vente-a-vendre-bretagne-finistere-sud-maison-ile-de-sein-ile-de-sein
ILE-DE-SEIN,Maison ile de sein 2 pièces 56 m2,https://www.etreproprio.com/immobilier-22410364-vente-maison-ile-de-sein-2-pieces-56-m2-ile-de-sein
ILE-DE-SEIN,Maison 56m² à ile-de-sein,https://www.etreproprio.com/immobilier-21791619-vente-maison-56m-a-ile-de-sein-ile-de-sein
ILE-DE-SEIN,Maison ile de sein 5 pièce(s) 80 m2,https://www.etreproprio.com/immobilier-22286896-vente-maison-ile-de-sein-5-pieces-80-m2-ile-de-sein
ILE-DE-SEIN,Maison 80m² à ile-de-sein,https://www.etreproprio.com/immobilier-22288043-vente-maison-80m-a-ile-de-sein-ile-de-sein
ILE-MOLENE,Maison 152m² à ile-molene,https://www.etreproprio.com/immobilier-23459897-vente-maison-152m-a-ile-molene-ile-molene
ILE-MOLENE,Maison 113m² à ile-molene,https://www.etreproprio.com/immobilier-23731468-vente-maison-113m-a-ile-molene-ile-molene
ILE-MOLENE,Exclusivite : maison rénovée à molène,https://www.etreproprio.com/immobilier-22916943-vente-exclusivite-maison-renovee-a-molene-ile-molene
ILE-TUDY,Ile tudy : potentiel intéressant,https://www.etreproprio.com/immobilier-22496502-vente-ile-tudy-potentiel-interessant-ile-tudy
ILE-TUDY,Ile-tudy - maison sur un terrain de 754 m2,https://www.etreproprio.com/immobilier-22335997-vente-ile-tudy-maison-sur-un-terrain-de-754-m2-ile-tudy
ILE-TUDY,Ile-tudy - maison sur un terrain de 754 m2,https://www.etreproprio.com/immobilier-22337558-vente-ile-tudy-maison-sur-un-terrain-de-754-m2-ile-tudy
ILE-TUDY,Maison ile tudy 7 pièce(s),https://www.etreproprio.com/immobilier-15101538-vente-maison-ile-tudy-7-pieces-ile-tudy
ILE-TUDY,Maison 157m² à ile-tudy,https://www.etreproprio.com/immobilier-21254622-vente-maison-157m-a-ile-tudy-ile-tudy
IRVILLAC,Maison à vendre 4 pièces irvillac (29),https://www.etreproprio.com/immobilier-23289631-vente-maison-a-vendre-4-pieces-irvillac-29-irvillac
IRVILLAC,maison familiale lumineuse – grand terrain divisible – proche daoulas,https://www.etreproprio.com/immobilier-23132879-vente-maison-familiale-lumineuse-grand-terrain-divisible-proche-daoulas-irvillac
IRVILLAC,1 min de daoulas maison 4 chambres avec vie de plain pied,https://www.etreproprio.com/immobilier-21827695-vente-1-min-de-daoulas-maison-4-chambres-avec-vie-de-plain-pied-irvillac
IRVILLAC,""" déjà vendu par kerebel immobilier """,https://www.etreproprio.com/immobilier-17901582-vente-deja-vendu-par-kerebel-immobilier-irvillac
IRVILLAC,""" déjà vendu par kerebel immobilier """,https://www.etreproprio.com/immobilier-15285048-vente-deja-vendu-par-kerebel-immobilier-irvillac
IRVILLAC,""" déjà vendu par kerebel immobilier """,https://www.etreproprio.com/immobilier-13899314-vente-deja-vendu-par-kerebel-immobilier-irvillac
IRVILLAC,""" vendu par l'agence """,https://www.etreproprio.com/immobilier-5080697-vente-vendu-par-l-agence-irvillac
LE JUCH,Maison 148m² à le juch,https://www.etreproprio.com/immobilier-23873669-vente-maison-148m-a-le-juch-le-juch
LE JUCH,"Maison lumineuse 6 pièces, 117m² le juch(près de douarnenez)",https://www.etreproprio.com/immobilier-23464418-vente-maison-lumineuse-6-pieces-117m-le-juchpres-de-douarnenez-le-juch
LE JUCH,Maison le juch 7 pièce(s),https://www.etreproprio.com/immobilier-23126240-vente-maison-le-juch-7-pieces-le-juch
LE JUCH,Maison 78m² à le juch,https://www.etreproprio.com/immobilier-22895802-vente-maison-78m-a-le-juch-le-juch
KERGLOFF,Maison sur kergloff,https://www.etreproprio.com/immobilier-23885985-vente-maison-sur-kergloff-kergloff
KERGLOFF,29270 kergloff maison de bourg 2 / 3 chambres avec grandes salles en rez-de-chaussée jardin,https://www.etreproprio.com/immobilier-21013924-vente-29270-kergloff-maison-de-bourg-2-3-chambres-avec-grandes-salles-en-rez-de-chaussee-jardin-kergloff
KERGLOFF,Exclusivité - maison de bourg à kergloff - maison à vendre 5 pièces (29),https://www.etreproprio.com/immobilier-20770853-vente-exclusivite-maison-de-bourg-a-kergloff-maison-a-vendre-5-pieces-29-kergloff
KERGLOFF,Maison à vendre 3 pièces kergloff (29) - 59 m²,https://www.etreproprio.com/immobilier-22858446-vente-maison-a-vendre-3-pieces-kergloff-29-59-m-kergloff
KERLAZ,Vue mer - proche douarnenez - maison 191 m² - terrain de 2216 m².,https://www.etreproprio.com/immobilier-23815782-vente-vue-mer-proche-douarnenez-maison-191-m-terrain-de-2216-m-kerlaz
KERLAZ,Maison rénovée en campagne de kerlaz,https://www.etreproprio.com/immobilier-22695666-vente-maison-renovee-en-campagne-de-kerlaz-kerlaz
KERLAZ,Maison 107m² à kerlaz,https://www.etreproprio.com/immobilier-22921433-vente-maison-107m-a-kerlaz-kerlaz
KERLOUAN,Maison 62m² à kerlouan,https://www.etreproprio.com/immobilier-22757927-vente-maison-62m-a-kerlouan-kerlouan
KERLOUAN,Maison 110m² à kerlouan,https://www.etreproprio.com/immobilier-23834031-vente-maison-110m-a-kerlouan-kerlouan
KERLOUAN,Maison 110m² à kerlouan,https://www.etreproprio.com/immobilier-22508256-vente-maison-110m-a-kerlouan-kerlouan
KERLOUAN,Maison 98m² à kerlouan,https://www.etreproprio.com/immobilier-23620356-vente-maison-98m-a-kerlouan-kerlouan
KERLOUAN,Maison 216m² à kerlouan,https://www.etreproprio.com/immobilier-22579974-vente-maison-216m-a-kerlouan-kerlouan
KERLOUAN,Maison de 264 m2   fort potentiel   terrain d'environ 2000 m2   kerlouan,https://www.etreproprio.com/immobilier-22624816-vente-maison-de-264-m2-fort-potentiel-terrain-d-environ-2000-m2-kerlouan-kerlouan
KERLOUAN,"À kerlouan, une maison au charme d’antan rénovée avec goût   à deux pas de la mer",https://www.etreproprio.com/immobilier-22613528-vente-a-kerlouan-une-maison-au-charme-d-antan-renovee-avec-gout-a-deux-pas-de-la-mer-kerlouan
KERLOUAN,Propriete composee de 2 maisons proche plage - kerlouan,https://www.etreproprio.com/immobilier-21581072-vente-propriete-composee-de-2-maisons-proche-plage-kerlouan-kerlouan
KERLOUAN,Maison 143m² à kerlouan,https://www.etreproprio.com/immobilier-20682788-vente-maison-143m-a-kerlouan-kerlouan
KERLOUAN,Maison 113m² à kerlouan,https://www.etreproprio.com/immobilier-21988161-vente-maison-113m-a-kerlouan-kerlouan
KERLOUAN,Maison 140m² à kerlouan,https://www.etreproprio.com/immobilier-21651222-vente-maison-140m-a-kerlouan-kerlouan
KERLOUAN,Maison 136m² à kerlouan,https://www.etreproprio.com/immobilier-21871377-vente-maison-136m-a-kerlouan-kerlouan
KERLOUAN,Exclusivite kerlouan maison type 9,https://www.etreproprio.com/immobilier-21525392-vente-exclusivite-kerlouan-maison-type-9-kerlouan
KERLOUAN,Maison 80m² à kerlouan,https://www.etreproprio.com/immobilier-21146983-vente-maison-80m-a-kerlouan-kerlouan
FLIZE,Maison 138m² à flize,https://www.etreproprio.com/immobilier-23326466-vente-maison-138m-a-flize-flize
L'ESTRECHURE,"Cévennes, très beau mas de 16 pièces sur 32 hectares de terrain.",https://www.etreproprio.com/immobilier-19546625-vente-cevennes-tres-beau-mas-de-16-pieces-sur-32-hectares-de-terrain-l-estrechure
EVENOS,Villa de plain-pied avec dépendance sur 3 500 m² de terrain – évenos,https://www.etreproprio.com/immobilier-23908593-vente-villa-de-plain-pied-avec-dependance-sur-3-500-m-de-terrain-evenos-evenos
SAINT-BRIEUC,Saint brieuc maison familiale de 150 m2,https://www.etreproprio.com/immobilier-23909695-vente-saint-brieuc-maison-familiale-de-150-m2-saint-brieuc
SAINTES,Maison 100m² à saintes,https://www.etreproprio.com/immobilier-23910826-vente-maison-100m-a-saintes-saintes
YERRES,Maison 127m² à yerres,https://www.etreproprio.com/immobilier-23907549-vente-maison-127m-a-yerres-yerres
LES ARCS,Les arcs prche centre villa f4 pp+dépendance de 50m à aménager 1315m terrain 409500€ crn2384 dpe c,https://www.etreproprio.com/immobilier-23907929-vente-les-arcs-prche-centre-villa-f4-ppdependance-de-50m-a-amenager-1315m-terrain-409500-crn2384-dpe-c-les-arcs
ANTIBES,"Antibes – maison 4 pièces de plain-pied avec jardin, studio indépendant et parkings – secteur rastin",https://www.etreproprio.com/immobilier-23908626-vente-antibes-maison-4-pieces-de-plain-pied-avec-jardin-studio-independant-et-parkings-secteur-rastin-antibes
TRELINS,Belle bâtisse située trelins 5 pièces de 162 m2,https://www.etreproprio.com/immobilier-22310465-vente-belle-batisse-situee-trelins-5-pieces-de-162-m2-trelins
BAGNOLS-SUR-CEZE,Maison 5 chambres 30200 bagnols sur ceze,https://www.etreproprio.com/immobilier-23907434-vente-maison-5-chambres-30200-bagnols-sur-ceze-bagnols-sur-ceze
SARTROUVILLE,Maison sartrouville 4 pièce(s) 12mn gare,https://www.etreproprio.com/immobilier-23910090-vente-maison-sartrouville-4-pieces-12mn-gare-sartrouville
SANGUINET,Proche lac maison  4 pièce(s) 95 m2,https://www.etreproprio.com/immobilier-23907694-vente-proche-lac-maison-4-pieces-95-m2-sanguinet
TREGUNC,Maison tregunc 4 pièce(s) 95 m2,https://www.etreproprio.com/immobilier-23909930-vente-maison-tregunc-4-pieces-95-m2-tregunc
MAISONS-LAFFITTE,Maison maisons laffitte 9 pièce(s) 230 m2,https://www.etreproprio.com/immobilier-23910000-vente-maison-maisons-laffitte-9-pieces-230-m2-maisons-laffitte
RENNES,Maison de ville atypique avec garage et jardin,https://www.etreproprio.com/immobilier-23908953-vente-maison-de-ville-atypique-avec-garage-et-jardin-rennes
NOIRMOUTIER-EN-L'ILE,Vente maison noirmoutier-en-l'ile(85330) 1 656 000ï¿œ,https://www.etreproprio.com/immobilier-22540655-vente-vente-maison-noirmoutier-en-l-ile85330-1-656-000i-oe-noirmoutier-en-l-ile
AUBAIS,Maison 170m² à aubais,https://www.etreproprio.com/immobilier-23910852-vente-maison-170m-a-aubais-aubais
ROUEN,Maison individuelle  5 chambres rouen,https://www.etreproprio.com/immobilier-23909788-vente-maison-individuelle-5-chambres-rouen-rouen
REGUINY,Morbihan maison en pierre de 3 chambres avec allée et jardin -  à rénover,https://www.etreproprio.com/immobilier-23911019-vente-morbihan-maison-en-pierre-de-3-chambres-avec-allee-et-jardin-a-renover-reguiny
ARES,Maison 71m² à ares,https://www.etreproprio.com/immobilier-23697017-vente-maison-71m-a-ares-ares
SAINT-PIERRE-D'ALLEVARD,Maison rénovée à vendre à crêts en belledonne,https://www.etreproprio.com/immobilier-23909187-vente-maison-renovee-a-vendre-a-crets-en-belledonne-saint-pierre-d-allevard
DIEBLING,Maison individuelle familiale de 186.59m² à diebling,https://www.etreproprio.com/immobilier-23764708-vente-maison-individuelle-familiale-de-18659m-a-diebling-diebling
KERNILIS,Maison rénovée en 2018 avec locataire en place - kernilis,https://www.etreproprio.com/immobilier-23752331-vente-maison-renovee-en-2018-avec-locataire-en-place-kernilis-kernilis
KERNILIS,Maison sur kernilis,https://www.etreproprio.com/immobilier-23705232-vente-maison-sur-kernilis-kernilis
KERNILIS,Kernilis – deux maisons et dépendances sur terrain de 2 380 m²,https://www.etreproprio.com/immobilier-23694181-vente-kernilis-deux-maisons-et-dependances-sur-terrain-de-2-380-m-kernilis
KERNILIS,Maison 190m² à kernilis,https://www.etreproprio.com/immobilier-23622798-vente-maison-190m-a-kernilis-kernilis
KERNILIS,Maison 190m² à kernilis,https://www.etreproprio.com/immobilier-23583692-vente-maison-190m-a-kernilis-kernilis
KERNILIS,Maison 280m² à kernilis,https://www.etreproprio.com/immobilier-22584423-vente-maison-280m-a-kernilis-kernilis
KERNILIS,Maison 121m² à kernilis,https://www.etreproprio.com/immobilier-22326976-vente-maison-121m-a-kernilis-kernilis
DRAGUIGNAN,A voir draguignan jolie villa f4 de 114m terrasse garage piscine 663m terrain 449000€ crn2390 dpe c,https://www.etreproprio.com/immobilier-23907931-vente-a-voir-draguignan-jolie-villa-f4-de-114m-terrasse-garage-piscine-663m-terrain-449000-crn2390-dpe-c-draguignan
LE GRAU-DU-ROI,Belle villa t5 de 140m² avec piscine en impasse au grau-du-roi,https://www.etreproprio.com/immobilier-23908993-vente-belle-villa-t5-de-140m-avec-piscine-en-impasse-au-grau-du-roi-le-grau-du-roi
SAINT-ETIENNE-DU-ROUVRAY,Maison 110m² à saint-etienne-du-rouvray,https://www.etreproprio.com/immobilier-23909209-vente-maison-110m-a-saint-etienne-du-rouvray-saint-etienne-du-rouvray
ORGEVAL,Maison 134m² à orgeval,https://www.etreproprio.com/immobilier-23909680-vente-maison-134m-a-orgeval-orgeval
BEUVREQUEN,Maison 90m² à beuvrequen,https://www.etreproprio.com/immobilier-23910374-vente-maison-90m-a-beuvrequen-beuvrequen
ANGLET,Villa à deux pas de l’océan – anglet,https://www.etreproprio.com/immobilier-23909020-vente-villa-a-deux-pas-de-l-ocean-anglet-anglet
NOE,Maison de ville t3 de 76 m2 sur noé,https://www.etreproprio.com/immobilier-23908661-vente-maison-de-ville-t3-de-76-m2-sur-noe-noe
SAINT-OUEN-L'AUMONE,Maison 100m² à saint-ouen-l'aumone,https://www.etreproprio.com/immobilier-23908365-vente-maison-100m-a-saint-ouen-l-aumone-saint-ouen-l-aumone
BAGNEUX,Maison 70m² à bagneux,https://www.etreproprio.com/immobilier-23909486-vente-maison-70m-a-bagneux-bagneux
MONTPELLIER,Maison 60m² à montpellier,https://www.etreproprio.com/immobilier-23244748-vente-maison-60m-a-montpellier-montpellier
ESTREES-SAINT-DENIS,Maison au calme 5 minutes de estrees st denis,https://www.etreproprio.com/immobilier-23910328-vente-maison-au-calme-5-minutes-de-estrees-st-denis-estrees-saint-denis
BEAUVAIS,Maison 154m² à beauvais,https://www.etreproprio.com/immobilier-23813682-vente-maison-154m-a-beauvais-beauvais
CHEROY,Sud seine et marne jolie maison 3 chambres sur 838 m2 clos,https://www.etreproprio.com/immobilier-23907223-vente-sud-seine-et-marne-jolie-maison-3-chambres-sur-838-m2-clos-cheroy
SOLARO,Belle villa de standing et sa piscine,https://www.etreproprio.com/immobilier-21415814-vente-belle-villa-de-standing-et-sa-piscine-solaro
LA TESTE-DE-BUCH,La teste de buch,https://www.etreproprio.com/immobilier-23908637-vente-la-teste-de-buch-la-teste-de-buch
MARIGNANE,Maison  individuelle de plain-pied sur 1120 m2,https://www.etreproprio.com/immobilier-23907829-vente-maison-individuelle-de-plain-pied-sur-1120-m2-marignane
MURET,Maison t3 de 81 m² - muret,https://www.etreproprio.com/immobilier-23908583-vente-maison-t3-de-81-m-muret-muret
VOUNEUIL-SOUS-BIARD,Maison de plain-pied de 2014 avec jardin clos,https://www.etreproprio.com/immobilier-23764821-vente-maison-de-plain-pied-de-2014-avec-jardin-clos-vouneuil-sous-biard
MERIGNAC,Maison t7 de 150m² - garage - quartier centre-ville - à proximité du parc féau,https://www.etreproprio.com/immobilier-23908558-vente-maison-t7-de-150m-garage-quartier-centre-ville-a-proximite-du-parc-feau-merignac
VILLEMOMBLE,Villemomble epoque,https://www.etreproprio.com/immobilier-23910263-vente-villemomble-epoque-villemomble
KERNOUES,Maison a vendre longeres en pierres a kernouës-lesneven,https://www.etreproprio.com/immobilier-22468856-vente-maison-a-vendre-longeres-en-pierres-a-kernoues-lesneven-kernoues
KERNOUES,Maison 265m² à kernoues,https://www.etreproprio.com/immobilier-22353015-vente-maison-265m-a-kernoues-kernoues
SAINT-SAENS,Ancien pressoir rénové avec goût 152 m2 habitable.,https://www.etreproprio.com/immobilier-23907511-vente-ancien-pressoir-renove-avec-gout-152-m2-habitable-saint-saens
IVRY-SUR-SEINE,Maison 96m² à ivry-sur-seine,https://www.etreproprio.com/immobilier-23910469-vente-maison-96m-a-ivry-sur-seine-ivry-sur-seine
LES PENNES-MIRABEAU,Maison 94m² à les pennes-mirabeau,https://www.etreproprio.com/immobilier-23909507-vente-maison-94m-a-les-pennes-mirabeau-les-pennes-mirabeau
ORLEANS,Maison 135m² à orleans,https://www.etreproprio.com/immobilier-23472981-vente-maison-135m-a-orleans-orleans
LIVERDY-EN-BRIE,Maison 98m² à liverdy-en-brie,https://www.etreproprio.com/immobilier-23910957-vente-maison-98m-a-liverdy-en-brie-liverdy-en-brie
MILHAUD,Maison 120m² à milhaud,https://www.etreproprio.com/immobilier-23910406-vente-maison-120m-a-milhaud-milhaud
SERIS,Maison 163m² à seris,https://www.etreproprio.com/immobilier-23910914-vente-maison-163m-a-seris-seris
ROQUES,Maison 132m² à roques,https://www.etreproprio.com/immobilier-23907533-vente-maison-132m-a-roques-roques
VILLERS-SOUS-SAINT-LEU,Maison 90m² à villers-sous-saint-leu,https://www.etreproprio.com/immobilier-23910426-vente-maison-90m-a-villers-sous-saint-leu-villers-sous-saint-leu
MARTIGNAS-SUR-JALLE,Maison martignas sur jalle 6 pièces 135 m²,https://www.etreproprio.com/immobilier-22621004-vente-maison-martignas-sur-jalle-6-pieces-135-m-martignas-sur-jalle
ARSAC,Maison 100m² à arsac,https://www.etreproprio.com/immobilier-23908131-vente-maison-100m-a-arsac-arsac
EAUBONNE,Maison avec jardin proche gare,https://www.etreproprio.com/immobilier-23909833-vente-maison-avec-jardin-proche-gare-eaubonne
TREMBLAY-EN-FRANCE,À vendre   maison familiale avec jardin   proche écoles et rer b,https://www.etreproprio.com/immobilier-23907476-vente-a-vendre-maison-familiale-avec-jardin-proche-ecoles-et-rer-b-tremblay-en-france
JUZIERS,"Maison juziers 190 m², 4 chambres, parcelle 517 m²",https://www.etreproprio.com/immobilier-23909231-vente-maison-juziers-190-m-4-chambres-parcelle-517-m-juziers
MEULAN,"Maison meulan en yvelines 263 m², sous sol total, 1500 m² de parcelle",https://www.etreproprio.com/immobilier-23909230-vente-maison-meulan-en-yvelines-263-m-sous-sol-total-1500-m-de-parcelle-meulan
CHAMPIGNY-SUR-MARNE,Maison 65m² à champigny-sur-marne,https://www.etreproprio.com/immobilier-23907773-vente-maison-65m-a-champigny-sur-marne-champigny-sur-marne
CUINCY,Jolie maison sur secteur prisé.,https://www.etreproprio.com/immobilier-23907527-vente-jolie-maison-sur-secteur-prise-cuincy
SAINT-ETIENNE-AU-MONT,Maison 91m² à saint-etienne-au-mont,https://www.etreproprio.com/immobilier-23910758-vente-maison-91m-a-saint-etienne-au-mont-saint-etienne-au-mont
BRISSAC-QUINCE,Maison brissac loire aubance,https://www.etreproprio.com/immobilier-23909750-vente-maison-brissac-loire-aubance-brissac-quince
LA PETITE-PIERRE,La petite pierre (67) - maison 98m² avec dépendance (garage) et terrasse sur 2.56 ares,https://www.etreproprio.com/immobilier-23909511-vente-la-petite-pierre-67-maison-98m-avec-dependance-garage-et-terrasse-sur-256-ares-la-petite-pierre
KERSAINT-PLABENNEC,Maison 153m² à kersaint-plabennec,https://www.etreproprio.com/immobilier-23422760-vente-maison-153m-a-kersaint-plabennec-kersaint-plabennec
KERSAINT-PLABENNEC,Maison  neuve  kersaint plabennec,https://www.etreproprio.com/immobilier-22921033-vente-maison-neuve-kersaint-plabennec-kersaint-plabennec
LAMPAUL-GUIMILIAU,Maison 125m² à lampaul-guimiliau,https://www.etreproprio.com/immobilier-23708198-vente-maison-125m-a-lampaul-guimiliau-lampaul-guimiliau
LAMPAUL-GUIMILIAU,Grande maison avec 5 chambres à vendre à lampaul-guimiliau (29),https://www.etreproprio.com/immobilier-23707613-vente-grande-maison-avec-5-chambres-a-vendre-a-lampaul-guimiliau-29-lampaul-guimiliau
LAMPAUL-GUIMILIAU,Maison sur lampaul guimiliau,https://www.etreproprio.com/immobilier-23681073-vente-maison-sur-lampaul-guimiliau-lampaul-guimiliau
LAMPAUL-GUIMILIAU,Ancien corps de ferme à rénover,https://www.etreproprio.com/immobilier-23550891-vente-ancien-corps-de-ferme-a-renover-lampaul-guimiliau
LAMPAUL-GUIMILIAU,Maison 245m² à lampaul-guimiliau,https://www.etreproprio.com/immobilier-23347736-vente-maison-245m-a-lampaul-guimiliau-lampaul-guimiliau
LAMPAUL-GUIMILIAU,Maison 195m² à lampaul-guimiliau,https://www.etreproprio.com/immobilier-23245453-vente-maison-195m-a-lampaul-guimiliau-lampaul-guimiliau
LAMPAUL-GUIMILIAU,Maison 245m² à lampaul-guimiliau,https://www.etreproprio.com/immobilier-22468336-vente-maison-245m-a-lampaul-guimiliau-lampaul-guimiliau
LAMPAUL-GUIMILIAU,Maison 98m² à lampaul-guimiliau,https://www.etreproprio.com/immobilier-23143038-vente-maison-98m-a-lampaul-guimiliau-lampaul-guimiliau
LAMPAUL-GUIMILIAU,Maison 195m² à lampaul-guimiliau,https://www.etreproprio.com/immobilier-22196547-vente-maison-195m-a-lampaul-guimiliau-lampaul-guimiliau
LAMPAUL-GUIMILIAU,Magnifique propriété à ossature bois de 195 m2 à lampaul-guimiliau (29400) - cabinet kerjean landivisiau,https://www.etreproprio.com/immobilier-22675632-vente-magnifique-propriete-a-ossature-bois-de-195-m2-a-lampaul-guimiliau-29400-cabinet-kerjean-landivisiau-lampaul-guimiliau
LAMPAUL-GUIMILIAU,Maison 203m² à lampaul-guimiliau,https://www.etreproprio.com/immobilier-22196546-vente-maison-203m-a-lampaul-guimiliau-lampaul-guimiliau
TAVEL,Maison 146m² à tavel,https://www.etreproprio.com/immobilier-23265184-vente-maison-146m-a-tavel-tavel
SAUSSET-LES-PINS,Villa sausset les pins sur 1200 m2,https://www.etreproprio.com/immobilier-23910230-vente-villa-sausset-les-pins-sur-1200-m2-sausset-les-pins
SAINT-GEORGES-DE-RENEINS,Maison 105m² à saint-georges-de-reneins,https://www.etreproprio.com/immobilier-23907272-vente-maison-105m-a-saint-georges-de-reneins-saint-georges-de-reneins
HONFLEUR,Maison d'exception à rénover,https://www.etreproprio.com/immobilier-23909419-vente-maison-d-exception-a-renover-honfleur
SAINT-JEAN-DE-VEDAS,Villa de 115 m2 sur terrain constructible de 947m2 - saint-jean-de-védas,https://www.etreproprio.com/immobilier-23907453-vente-villa-de-115-m2-sur-terrain-constructible-de-947m2-saint-jean-de-vedas-saint-jean-de-vedas
AUFFERVILLE,Maison 84m² à aufferville,https://www.etreproprio.com/immobilier-22219561-vente-maison-84m-a-aufferville-aufferville
TREMBLAY-EN-FRANCE,Maison familiale 5 pièces   120 m2   tremblay-en-france,https://www.etreproprio.com/immobilier-23907483-vente-maison-familiale-5-pieces-120-m2-tremblay-en-france-tremblay-en-france
BEAUVAIS,Maison beauvais 7 pièce(s) 116.35 m2,https://www.etreproprio.com/immobilier-23712528-vente-maison-beauvais-7-pieces-11635-m2-beauvais
MONTPELLIER,Maison 107 m² - croix d'argent,https://www.etreproprio.com/immobilier-23910181-vente-maison-107-m-croix-d-argent-montpellier
RESIGNY,Maison 346m² à resigny,https://www.etreproprio.com/immobilier-23910939-vente-maison-346m-a-resigny-resigny
HERBLAY,Maison herblay sur seine 7 pièce(s) 145m2 au calme,https://www.etreproprio.com/immobilier-23910131-vente-maison-herblay-sur-seine-7-pieces-145m2-au-calme-herblay
MARSEILLE-12E,Beaumont villa type 4 de 100 m² sur parcelle de 304 m² entièrement rénovée dans un quartier prisé av,https://www.etreproprio.com/immobilier-23908584-vente-beaumont-villa-type-4-de-100-m-sur-parcelle-de-304-m-entierement-renovee-dans-un-quartier-prise-av-marseille-12e
MAULDE,Maulde – maison d’architecte t7 – 214 m² hab/330m² utiles – terrain clos de 2 858 m² – sous-sol comp,https://www.etreproprio.com/immobilier-23908826-vente-maulde-maison-d-architecte-t7-214-m-hab330m-utiles-terrain-clos-de-2-858-m-sous-sol-comp-maulde
SURGERES,Maison 107m² à surgères,https://www.etreproprio.com/immobilier-23907756-vente-maison-107m-a-surgeres-surgeres
TREMBLAY-EN-FRANCE,Maison récente (2019) de 90m²,https://www.etreproprio.com/immobilier-22546882-vente-maison-recente-2019-de-90m-tremblay-en-france
TREGASTEL,Maison 180m² à tregastel,https://www.etreproprio.com/immobilier-23910841-vente-maison-180m-a-tregastel-tregastel
LA JARRIE-AUDOUIN,Maison de village avec jardin,https://www.etreproprio.com/immobilier-23907441-vente-maison-de-village-avec-jardin-la-jarrie-audouin
GAGNY,Gagny secteur de la dhuys à quelques pas du raincy,https://www.etreproprio.com/immobilier-23909916-vente-gagny-secteur-de-la-dhuys-a-quelques-pas-du-raincy-gagny
LA FERTE-SAINT-AUBIN,Maison 132m² à la ferté-saint-aubin,https://www.etreproprio.com/immobilier-23908147-vente-maison-132m-a-la-ferte-saint-aubin-la-ferte-saint-aubin
RUEIL-MALMAISON,Appartement - maison rueil-malmaison / 4 pièces 69.99 m2 loi carrez (75 m2 au sol) / maison de ville,https://www.etreproprio.com/immobilier-23910360-vente-appartement-maison-rueil-malmaison-4-pieces-6999-m2-loi-carrez-75-m2-au-sol-maison-de-ville-rueil-malmaison
LAMPAUL-PLOUARZEL,Finistere - lampaul-plouarzel (29810) - a vendre - maison de 2004 individuelle t7 195m² - 5 chambres - sous-sol integral - excel,https://www.etreproprio.com/immobilier-23823283-vente-finistere-lampaul-plouarzel-29810-a-vendre-maison-de-2004-individuelle-t7-195m-5-chambres-sous-sol-integral-excel-lampaul-plouarzel
LAMPAUL-PLOUARZEL,Maison 85m² à lampaul-plouarzel,https://www.etreproprio.com/immobilier-23749637-vente-maison-85m-a-lampaul-plouarzel-lampaul-plouarzel
LAMPAUL-PLOUARZEL,Maison 96m² à lampaul-plouarzel,https://www.etreproprio.com/immobilier-23447937-vente-maison-96m-a-lampaul-plouarzel-lampaul-plouarzel
LAMPAUL-PLOUARZEL,Lampaul-plouarzel ! élégance de la pierre et charme du littoral,https://www.etreproprio.com/immobilier-22352926-vente-lampaul-plouarzel-elegance-de-la-pierre-et-charme-du-littoral-lampaul-plouarzel
LAMPAUL-PLOUARZEL,Maison 215m² à lampaul-plouarzel,https://www.etreproprio.com/immobilier-23393964-vente-maison-215m-a-lampaul-plouarzel-lampaul-plouarzel
LAMPAUL-PLOUARZEL,Maison spacieuse a vendre lampaul-plouarzel,https://www.etreproprio.com/immobilier-21315450-vente-maison-spacieuse-a-vendre-lampaul-plouarzel-lampaul-plouarzel
LAMPAUL-PLOUARZEL,Maison de 1880 à 80 mètres de la mer,https://www.etreproprio.com/immobilier-21800974-vente-maison-de-1880-a-80-metres-de-la-mer-lampaul-plouarzel
LAMPAUL-PLOUARZEL,Lampaul plouarzel maison t5 avec dépendances proximité mer,https://www.etreproprio.com/immobilier-21651939-vente-lampaul-plouarzel-maison-t5-avec-dependances-proximite-mer-lampaul-plouarzel
LAMPAUL-PLOUARZEL,Lampaul plouarzel maison t5 avec dépendances proximité mer,https://www.etreproprio.com/immobilier-21651905-vente-lampaul-plouarzel-maison-t5-avec-dependances-proximite-mer-lampaul-plouarzel
LAMPAUL-PLOUARZEL,Néo-bretonne avec vue mer,https://www.etreproprio.com/immobilier-21073412-vente-neo-bretonne-avec-vue-mer-lampaul-plouarzel
LAMPAUL-PLOUARZEL,Maison 3 chambre(s) à vendre,https://www.etreproprio.com/immobilier-21058533-vente-maison-3-chambres-a-vendre-lampaul-plouarzel
LAMPAUL-PLOUARZEL,Dépendance à rénover sans confort,https://www.etreproprio.com/immobilier-14605988-vente-dependance-a-renover-sans-confort-lampaul-plouarzel
LAMPAUL-PLOUDALMEZEAU,À vendre – maison familiale 8 pièces  – proche bourg,https://www.etreproprio.com/immobilier-23116539-vente-a-vendre-maison-familiale-8-pieces-proche-bourg-lampaul-ploudalmezeau
MITRY-MORY,Mitry-mory   spacieuse maison familiale de 200m2 avec sous-sol total et dépendance,https://www.etreproprio.com/immobilier-23907482-vente-mitry-mory-spacieuse-maison-familiale-de-200m2-avec-sous-sol-total-et-dependance-mitry-mory
SAINT-MAUR-DES-FOSSES,"St maur, belle maison avec gros potentiel sur 395 m2 de terrain",https://www.etreproprio.com/immobilier-23911003-vente-st-maur-belle-maison-avec-gros-potentiel-sur-395-m2-de-terrain-saint-maur-des-fosses
DIVES-SUR-MER,4 pièces 85m² -,https://www.etreproprio.com/immobilier-23909335-vente-4-pieces-85m-dives-sur-mer
ANDERNOS-LES-BAINS,Maison 239m² à andernos-les-bains,https://www.etreproprio.com/immobilier-23907868-vente-maison-239m-a-andernos-les-bains-andernos-les-bains
DAMPMART,Petite maison de plain pied a renover- au calme,https://www.etreproprio.com/immobilier-23909954-vente-petite-maison-de-plain-pied-a-renover-au-calme-dampmart
FIGEAC,Maison 215m² à figeac,https://www.etreproprio.com/immobilier-23910788-vente-maison-215m-a-figeac-figeac
HOUILLES,Maison houilles 3 pièce(s) 56 m2,https://www.etreproprio.com/immobilier-23910135-vente-maison-houilles-3-pieces-56-m2-houilles
NEZIGNAN-L'EVEQUE,Maison t4 de 136 m² et son local commercial de 71 m²,https://www.etreproprio.com/immobilier-23908618-vente-maison-t4-de-136-m-et-son-local-commercial-de-71-m-nezignan-l-eveque
BOURLON,Maison 150m² à bourlon,https://www.etreproprio.com/immobilier-23907491-vente-maison-150m-a-bourlon-bourlon
WASQUEHAL,Maison 86m² à wasquehal,https://www.etreproprio.com/immobilier-23910630-vente-maison-86m-a-wasquehal-wasquehal
CARROS,Maison 171m² à carros,https://www.etreproprio.com/immobilier-23910416-vente-maison-171m-a-carros-carros
LES MATHES,Maison 161m² à les mathes,https://www.etreproprio.com/immobilier-22697781-vente-maison-161m-a-les-mathes-les-mathes
CONFLANS-SAINTE-HONORINE,Maison 137m² à conflans-sainte-honorine,https://www.etreproprio.com/immobilier-23910531-vente-maison-137m-a-conflans-sainte-honorine-conflans-sainte-honorine
SAINT-LOUBES,Maison t5 de 128m² à saint-loubès,https://www.etreproprio.com/immobilier-23908798-vente-maison-t5-de-128m-a-saint-loubes-saint-loubes
CHAVILLE,Maison chaville  rd 3 chambres et bureau,https://www.etreproprio.com/immobilier-23908058-vente-maison-chaville-rd-3-chambres-et-bureau-chaville
PEGOMAS,Maison pegomas - piscine au calme absolu,https://www.etreproprio.com/immobilier-23908053-vente-maison-pegomas-piscine-au-calme-absolu-pegomas
LONS-LE-SAUNIER,Maison 125m² à lons-le-saunier,https://www.etreproprio.com/immobilier-23910305-vente-maison-125m-a-lons-le-saunier-lons-le-saunier
SAINT-FARGEAU-PONTHIERRY,Maison saint fargeau ponthierry 115 m2,https://www.etreproprio.com/immobilier-23909814-vente-maison-saint-fargeau-ponthierry-115-m2-saint-fargeau-ponthierry
VILLENEUVE-LOUBET,Maison 171m² à villeneuve-loubet,https://www.etreproprio.com/immobilier-23909084-vente-maison-171m-a-villeneuve-loubet-villeneuve-loubet
NANTES,Maison 104m² à nantes,https://www.etreproprio.com/immobilier-23908094-vente-maison-104m-a-nantes-nantes
LANARVILY,Maison 400m² à lanarvily,https://www.etreproprio.com/immobilier-22765445-vente-maison-400m-a-lanarvily-lanarvily
LANDEDA,Landéda - maison de ville avec jardin,https://www.etreproprio.com/immobilier-23865019-vente-landeda-maison-de-ville-avec-jardin-landeda
LANDEDA,Maison soignée et lumineuse - construction de qualité - proche bourg - landeda (29),https://www.etreproprio.com/immobilier-23851347-vente-maison-soignee-et-lumineuse-construction-de-qualite-proche-bourg-landeda-29-landeda
LANDEDA,Maison 121m² à landeda,https://www.etreproprio.com/immobilier-23821883-vente-maison-121m-a-landeda-landeda
LANDEDA,Maison 127m² à landeda,https://www.etreproprio.com/immobilier-23598295-vente-maison-127m-a-landeda-landeda
LANDEDA,Maison  6 pièce(s) 120 m2,https://www.etreproprio.com/immobilier-23767194-vente-maison-6-pieces-120-m2-landeda
LANDEDA,Maison sur landeda,https://www.etreproprio.com/immobilier-23771173-vente-maison-sur-landeda-landeda
LANDEDA,Maison neuve de plain-pied – landéda,https://www.etreproprio.com/immobilier-23694182-vente-maison-neuve-de-plain-pied-landeda-landeda
LANDEDA,"Maison de charme à landéda – vie de plain-pied, volumes généreux à deux pas de l’aber wrac’h",https://www.etreproprio.com/immobilier-23694185-vente-maison-de-charme-a-landeda-vie-de-plain-pied-volumes-genereux-a-deux-pas-de-l-aber-wrac-h-landeda
LANDEDA,Maison 8 pièces landéda,https://www.etreproprio.com/immobilier-23687403-vente-maison-8-pieces-landeda-landeda
LANDEDA,Maison vue mer landeda,https://www.etreproprio.com/immobilier-23580004-vente-maison-vue-mer-landeda-landeda
LANDEDA,Maison 70m² à landeda,https://www.etreproprio.com/immobilier-23567321-vente-maison-70m-a-landeda-landeda
LANDEDA,Maison de bourg,https://www.etreproprio.com/immobilier-23514877-vente-maison-de-bourg-landeda
LANDEDA,Landéda - à vendre – maison à rénover avec grand terrain constructible,https://www.etreproprio.com/immobilier-23506681-vente-landeda-a-vendre-maison-a-renover-avec-grand-terrain-constructible-landeda
LANDEDA,Landéda maison t6 vue mer,https://www.etreproprio.com/immobilier-22203550-vente-landeda-maison-t6-vue-mer-landeda
LANDEDA,Landéda maison t6 vue mer,https://www.etreproprio.com/immobilier-22213963-vente-landeda-maison-t6-vue-mer-landeda
LANDEDA,Maison 112m² à landeda,https://www.etreproprio.com/immobilier-23124650-vente-maison-112m-a-landeda-landeda
LANDEDA,Maison a vendre landeda vue mer,https://www.etreproprio.com/immobilier-22830950-vente-maison-a-vendre-landeda-vue-mer-landeda
LANDEDA,Maison landeda 5 pièce(s),https://www.etreproprio.com/immobilier-19756229-vente-maison-landeda-5-pieces-landeda
LANDEDA,"Maison avec vue mer à landéda – au calme, en impasse",https://www.etreproprio.com/immobilier-22538077-vente-maison-avec-vue-mer-a-landeda-au-calme-en-impasse-landeda
LANDEDA,Charmante maison contemporaine à landéda – vue mer,https://www.etreproprio.com/immobilier-22393690-vente-charmante-maison-contemporaine-a-landeda-vue-mer-landeda
SAINT-PIERRE-D'ALLEVARD,Tènement immobilier à vendre à crets en belledonne,https://www.etreproprio.com/immobilier-23909186-vente-tenement-immobilier-a-vendre-a-crets-en-belledonne-saint-pierre-d-allevard
AYENCOURT,Maison 84m² à ayencourt,https://www.etreproprio.com/immobilier-23630710-vente-maison-84m-a-ayencourt-ayencourt
TRIEL-SUR-SEINE,Maison 94m² à triel-sur-seine,https://www.etreproprio.com/immobilier-23910965-vente-maison-94m-a-triel-sur-seine-triel-sur-seine
MARGUERITTES,Maison 190m² à marguerittes,https://www.etreproprio.com/immobilier-23910676-vente-maison-190m-a-marguerittes-marguerittes
NEUILLY-SUR-SEINE,Maison de famille - neuilly-sur-seine,https://www.etreproprio.com/immobilier-23908766-vente-maison-de-famille-neuilly-sur-seine-neuilly-sur-seine
GIEN,Maison 141m² à gien,https://www.etreproprio.com/immobilier-23423247-vente-maison-141m-a-gien-gien
CUGURON,Maison t3 - 148 m² - proche montréjeau,https://www.etreproprio.com/immobilier-23909174-vente-maison-t3-148-m-proche-montrejeau-cuguron
SAINT-ORENS-DE-GAMEVILLE,"Maison t5 de 123 m² à saint-orens-de-gameville, 31650",https://www.etreproprio.com/immobilier-23908851-vente-maison-t5-de-123-m-a-saint-orens-de-gameville-31650-saint-orens-de-gameville
THEIX,"Maison -160 m² au sol -theix noyalo 5 ch. - piscine chauffée, terrain 1000m² - vannes",https://www.etreproprio.com/immobilier-22145345-vente-maison-160-m-au-sol-theix-noyalo-5-ch-piscine-chauffee-terrain-1000m-vannes-theix
SEVRES,Maison 145m² à sèvres,https://www.etreproprio.com/immobilier-23907608-vente-maison-145m-a-sevres-sevres
RIS-ORANGIS,Maison 170m² à ris-orangis,https://www.etreproprio.com/immobilier-22229142-vente-maison-170m-a-ris-orangis-ris-orangis
CARQUEFOU,Maison 3 chambre(s) à vendre,https://www.etreproprio.com/immobilier-23908300-vente-maison-3-chambres-a-vendre-carquefou
PALAU-DEL-VIDRE,"Maison t5 de 102m², terrain de 158m², garage, terrasse, clim réversible",https://www.etreproprio.com/immobilier-23908772-vente-maison-t5-de-102m-terrain-de-158m-garage-terrasse-clim-reversible-palau-del-vidre
SAVIGNY-LE-TEMPLE,Maison individuelle plain-pied,https://www.etreproprio.com/immobilier-23911020-vente-maison-individuelle-plain-pied-savigny-le-temple
CHATOU,Maison avec 6 chambres située dans le triangle d'or à 6mn du rer,https://www.etreproprio.com/immobilier-23909418-vente-maison-avec-6-chambres-situee-dans-le-triangle-d-or-a-6mn-du-rer-chatou
LA VILLE-DIEU-DU-TEMPLE,Ensemble immobilier la ville dieu du temple,https://www.etreproprio.com/immobilier-21215731-vente-ensemble-immobilier-la-ville-dieu-du-temple-la-ville-dieu-du-temple
SAINT-AUNES,Maison contemporaine 6 pièces (255 m2) en vente à saint aunes,https://www.etreproprio.com/immobilier-23822577-vente-maison-contemporaine-6-pieces-255-m2-en-vente-a-saint-aunes-saint-aunes
LE PAVILLON-SAINTE-JULIE,Maison 200m² à le pavillon-sainte-julie,https://www.etreproprio.com/immobilier-23910552-vente-maison-200m-a-le-pavillon-sainte-julie-le-pavillon-sainte-julie
SAINTE-GEMMES-SUR-LOIRE,Maison 2 chambres sainte gemmes sur loire,https://www.etreproprio.com/immobilier-22941032-vente-maison-2-chambres-sainte-gemmes-sur-loire-sainte-gemmes-sur-loire
SAINT-RAPHAEL,Maison 185m² à saint-raphael,https://www.etreproprio.com/immobilier-23907639-vente-maison-185m-a-saint-raphael-saint-raphael
LANDEDA,Maison 3 chambres à landéda – vue mer,https://www.etreproprio.com/immobilier-22393686-vente-maison-3-chambres-a-landeda-vue-mer-landeda
LANDEDA,Maison landeda,https://www.etreproprio.com/immobilier-21047381-vente-maison-landeda-landeda
LANDELEAU,Exclusivité - maison de plain pied à vendre 4 pièces landeleau (29),https://www.etreproprio.com/immobilier-22728759-vente-exclusivite-maison-de-plain-pied-a-vendre-4-pieces-landeleau-29-landeleau
LANDELEAU,Exclusivité - maison à vendre 3 pièces à landeleau avec très beau jardin (29),https://www.etreproprio.com/immobilier-23021962-vente-exclusivite-maison-a-vendre-3-pieces-a-landeleau-avec-tres-beau-jardin-29-landeleau
LANDELEAU,Maison 90m² à landeleau,https://www.etreproprio.com/immobilier-23003604-vente-maison-90m-a-landeleau-landeleau
CAVIGNAC,Maison 166m² à cavignac,https://www.etreproprio.com/immobilier-23908130-vente-maison-166m-a-cavignac-cavignac
TOULON,"À vendre ! toulon ouest – calme, vue dégagée et potentiel de vie unique",https://www.etreproprio.com/immobilier-23908710-vente-a-vendre-toulon-ouest-calme-vue-degagee-et-potentiel-de-vie-unique-toulon
MEYTHET,Prestige et élégance à meythet – villa d’architecte avec piscine et appartement indépendant,https://www.etreproprio.com/immobilier-23909087-vente-prestige-et-elegance-a-meythet-villa-d-architecte-avec-piscine-et-appartement-independant-meythet
LAGNY-SUR-MARNE,Maison 98m² à lagny-sur-marne,https://www.etreproprio.com/immobilier-23503205-vente-maison-98m-a-lagny-sur-marne-lagny-sur-marne
CHELUN,"Chelun -maison 2 chambres , jardin ,garage",https://www.etreproprio.com/immobilier-23909672-vente-chelun-maison-2-chambres-jardin-garage-chelun
OLIVET,Maison 117m² à olivet,https://www.etreproprio.com/immobilier-23412617-vente-maison-117m-a-olivet-olivet
SARTROUVILLE,Maison sartrouville 4 pièce(s) 80 m2,https://www.etreproprio.com/immobilier-23910046-vente-maison-sartrouville-4-pieces-80-m2-sartrouville
CEYRESTE,Maison 114m² à ceyreste,https://www.etreproprio.com/immobilier-23907811-vente-maison-114m-a-ceyreste-ceyreste
BONNEVAL,Maison à bonneval,https://www.etreproprio.com/immobilier-23909743-vente-maison-a-bonneval-bonneval
BALMA,Maison t4 de plain-pied de 87 m² - garage - balma,https://www.etreproprio.com/immobilier-23908749-vente-maison-t4-de-plain-pied-de-87-m-garage-balma-balma
CEYRESTE,Maison 136m² à ceyreste,https://www.etreproprio.com/immobilier-23908306-vente-maison-136m-a-ceyreste-ceyreste
MAULE,Maison 143m² à maule,https://www.etreproprio.com/immobilier-23907958-vente-maison-143m-a-maule-maule
NANTES,Vente maison nantes(44100) 265 000ï¿œ,https://www.etreproprio.com/immobilier-23908204-vente-vente-maison-nantes44100-265-000i-oe-nantes
SAINT-ANDRE-LEZ-LILLE,Maison 81m² à saint-andre-lez-lille,https://www.etreproprio.com/immobilier-23911077-vente-maison-81m-a-saint-andre-lez-lille-saint-andre-lez-lille
AGON-COUTAINVILLE,Maison agon coutainville,https://www.etreproprio.com/immobilier-23099415-vente-maison-agon-coutainville-agon-coutainville
EAUBONNE,Maison eaubonne 6 pièces 75.94m² / 105.97m² au sol - quartier alliance,https://www.etreproprio.com/immobilier-23910223-vente-maison-eaubonne-6-pieces-7594m-10597m-au-sol-quartier-alliance-eaubonne
SARTROUVILLE,"19 min gare, maison sartrouville 98 m2",https://www.etreproprio.com/immobilier-23910083-vente-19-min-gare-maison-sartrouville-98-m2-sartrouville
RENNES,Maison pleine de charme dans une rue recherchée,https://www.etreproprio.com/immobilier-22198083-vente-maison-pleine-de-charme-dans-une-rue-recherchee-rennes
WINTZENHEIM,Vente maison wintzenheim(68920) 270 000ï¿œ,https://www.etreproprio.com/immobilier-23846878-vente-vente-maison-wintzenheim68920-270-000i-oe-wintzenheim
SOISY-SOUS-MONTMORENCY,Maison 159m² à soisy-sous-montmorency,https://www.etreproprio.com/immobilier-23910834-vente-maison-159m-a-soisy-sous-montmorency-soisy-sous-montmorency
LANDERNEAU,Maison 4 chambres   landerneau   jardin exposé sud - grand garage,https://www.etreproprio.com/immobilier-23895709-vente-maison-4-chambres-landerneau-jardin-expose-sud-grand-garage-landerneau
LANDERNEAU,Grande maison lumineuse avec vie de plain-pied,https://www.etreproprio.com/immobilier-23876629-vente-grande-maison-lumineuse-avec-vie-de-plain-pied-landerneau
LANDERNEAU,Maison t5 landerneau,https://www.etreproprio.com/immobilier-23516532-vente-maison-t5-landerneau-landerneau
LANDERNEAU,Maison t5 landerneau,https://www.etreproprio.com/immobilier-23516534-vente-maison-t5-landerneau-landerneau
LANDERNEAU,Maison t9 - 215 m2 hyper centre ville,https://www.etreproprio.com/immobilier-23341424-vente-maison-t9-215-m2-hyper-centre-ville-landerneau
LANDERNEAU,Maison d'architecte a vendre landerneau,https://www.etreproprio.com/immobilier-23796691-vente-maison-d-architecte-a-vendre-landerneau-landerneau
LANDERNEAU,Maison 89m² à landerneau,https://www.etreproprio.com/immobilier-23789706-vente-maison-89m-a-landerneau-landerneau
LANDERNEAU,Maison sur sous-sol complet à proximité du centre-ville — prix en baisse !,https://www.etreproprio.com/immobilier-23341416-vente-maison-sur-sous-sol-complet-a-proximite-du-centre-ville-prix-en-baisse-landerneau
LANDERNEAU,Maison 98m² à landerneau,https://www.etreproprio.com/immobilier-23714256-vente-maison-98m-a-landerneau-landerneau
LANDERNEAU,Maison contemporaine,https://www.etreproprio.com/immobilier-23705263-vente-maison-contemporaine-landerneau
LANDERNEAU,Maison sur landerneau,https://www.etreproprio.com/immobilier-23693650-vente-maison-sur-landerneau-landerneau
LANDERNEAU,Maison 132m² à landerneau,https://www.etreproprio.com/immobilier-23688332-vente-maison-132m-a-landerneau-landerneau
LANDERNEAU,A vendre  maison landerneau  118 m2 sur terrain de 470 m2,https://www.etreproprio.com/immobilier-23445611-vente-a-vendre-maison-landerneau-118-m2-sur-terrain-de-470-m2-landerneau
LANDERNEAU,Charmante maison à vendre à landerneau - idéale pour votre famille !,https://www.etreproprio.com/immobilier-23050511-vente-charmante-maison-a-vendre-a-landerneau-ideale-pour-votre-famille-landerneau
LANDERNEAU,Maison 160m² à landerneau,https://www.etreproprio.com/immobilier-23620488-vente-maison-160m-a-landerneau-landerneau
LANDERNEAU,À vendre – maison avec local pro indépendant / t3 locatif,https://www.etreproprio.com/immobilier-22954716-vente-a-vendre-maison-avec-local-pro-independant-t3-locatif-landerneau
LANDERNEAU,Maison de ville centre ville de landerneau,https://www.etreproprio.com/immobilier-23492834-vente-maison-de-ville-centre-ville-de-landerneau-landerneau
LANDERNEAU,Posez vos meubles !!!!!,https://www.etreproprio.com/immobilier-23466004-vente-posez-vos-meubles-landerneau
LANDERNEAU,Villa d'exception à landerneau,https://www.etreproprio.com/immobilier-22544891-vente-villa-d-exception-a-landerneau-landerneau
LANDERNEAU,Maison t8 centre ville 153 m2,https://www.etreproprio.com/immobilier-23395504-vente-maison-t8-centre-ville-153-m2-landerneau
LANDEVENNEC,Havre de paix les pieds dans l'eau - lieu d'exception au bord de l'aulne,https://www.etreproprio.com/immobilier-23874165-vente-havre-de-paix-les-pieds-dans-l-eau-lieu-d-exception-au-bord-de-l-aulne-landevennec
LANDEVENNEC,Maison avec vue mer exceptionnelle - landevennec (29 560) - presqu'ile de crozon,https://www.etreproprio.com/immobilier-23297656-vente-maison-avec-vue-mer-exceptionnelle-landevennec-29-560-presqu-ile-de-crozon-landevennec
LANDEVENNEC,Villa-belvédère en site naturel patrimonial à landévennec,https://www.etreproprio.com/immobilier-22097433-vente-villa-belvedere-en-site-naturel-patrimonial-a-landevennec-landevennec
LANDEVENNEC,"À vendre -maison d'exception en bord de l'aulne , cadre naturel préservé",https://www.etreproprio.com/immobilier-22873092-vente-a-vendre-maison-d-exception-en-bord-de-l-aulne-cadre-naturel-preserve-landevennec
LANDEVENNEC,Maison 174m² à landevennec,https://www.etreproprio.com/immobilier-22587945-vente-maison-174m-a-landevennec-landevennec
LANDEVENNEC,Maison 55m² à landevennec,https://www.etreproprio.com/immobilier-22126324-vente-maison-55m-a-landevennec-landevennec
SAINT-ETIENNE-DES-OULLIERES,Ancienne grange avec vue panoramique,https://www.etreproprio.com/immobilier-23908809-vente-ancienne-grange-avec-vue-panoramique-saint-etienne-des-oullieres
BEAUMONT-SUR-OISE,Beaumont s/ oise - 135 m² - 3 ch - jardin,https://www.etreproprio.com/immobilier-23910982-vente-beaumont-s-oise-135-m-3-ch-jardin-beaumont-sur-oise
ROUEN,Maison rouen 4 pièce(s) 115 m2,https://www.etreproprio.com/immobilier-23909961-vente-maison-rouen-4-pieces-115-m2-rouen
SAINT-OUEN-D'AUNIS,Maison familiale moderne 4 chambres avec jardin et terrasse bois,https://www.etreproprio.com/immobilier-23088080-vente-maison-familiale-moderne-4-chambres-avec-jardin-et-terrasse-bois-saint-ouen-d-aunis
AUVERS-SUR-OISE,Maison 95m² à auvers-sur-oise,https://www.etreproprio.com/immobilier-23910468-vente-maison-95m-a-auvers-sur-oise-auvers-sur-oise
MEYRANNES,Meyrannes (30) aux portes des cévennes,https://www.etreproprio.com/immobilier-23909101-vente-meyrannes-30-aux-portes-des-cevennes-meyrannes
MOULINS,Hôtel particulier - moulins centre,https://www.etreproprio.com/immobilier-23909888-vente-hotel-particulier-moulins-centre-moulins
LE CHATEAU-D'OLERON,Maison 120m² à le chateau-d'oleron,https://www.etreproprio.com/immobilier-23910730-vente-maison-120m-a-le-chateau-d-oleron-le-chateau-d-oleron
CHAMESSON,"Maison de village, rénovée,de 130m2  avec cour et vue imprenable sur la seine proche de chatillon /s",https://www.etreproprio.com/immobilier-23907412-vente-maison-de-village-renoveede-130m2-avec-cour-et-vue-imprenable-sur-la-seine-proche-de-chatillon-s-chamesson
EAUBONNE,Maison eaubonne - 6 pièce(s) - 180 m2,https://www.etreproprio.com/immobilier-23909829-vente-maison-eaubonne-6-pieces-180-m2-eaubonne
SAINT-MARCELLIN,10 mn st-marcellin,https://www.etreproprio.com/immobilier-23907638-vente-10-mn-st-marcellin-saint-marcellin
LILLE,"Propriété équestre ""clés en main"" 135m² – 30 boxes – carrière fibrée – sur 1,4 ha",https://www.etreproprio.com/immobilier-23907545-vente-propriete-equestre-cles-en-main-135m-30-boxes-carriere-fibree-sur-14-ha-lille
LA CHAPELLE-BOUEXIC,Maison 87m² à la chapelle-bouexic,https://www.etreproprio.com/immobilier-23910950-vente-maison-87m-a-la-chapelle-bouexic-la-chapelle-bouexic
CESSON,Cesson la foret - maison 3 chambres avec sous-sol total,https://www.etreproprio.com/immobilier-23910276-vente-cesson-la-foret-maison-3-chambres-avec-sous-sol-total-cesson
TARBES,"Atypique villa contemporaine 197m² plain pied, 4 chambres, 1 bureau, double garage, piscine, cuisne et salon d'été, jacuzzi",https://www.etreproprio.com/immobilier-23909663-vente-atypique-villa-contemporaine-197m-plain-pied-4-chambres-1-bureau-double-garage-piscine-cuisne-et-salon-d-ete-jacuzzi-tarbes
CAGNES-SUR-MER,Maison provençale ensoleillée dans un quartier familial recherché avec vue imprenable sur le château des hauts de cagnes,https://www.etreproprio.com/immobilier-23910997-vente-maison-provencale-ensoleillee-dans-un-quartier-familial-recherche-avec-vue-imprenable-sur-le-chateau-des-hauts-de-cagnes-cagnes-sur-mer
ROYAN,Maison 145m² à royan,https://www.etreproprio.com/immobilier-22529783-vente-maison-145m-a-royan-royan
MAISONS-LAFFITTE,Maison 85m² à maisons-laffitte,https://www.etreproprio.com/immobilier-23910024-vente-maison-85m-a-maisons-laffitte-maisons-laffitte
CHAVANNES-SUR-SURAN,Villa familiale avec piscine - nivigne-et-suran 7 pièces 182 m2,https://www.etreproprio.com/immobilier-23910316-vente-villa-familiale-avec-piscine-nivigne-et-suran-7-pieces-182-m2-chavannes-sur-suran
VILLENNES-SUR-SEINE,Maison 150m² à villennes-sur-seine,https://www.etreproprio.com/immobilier-23910583-vente-maison-150m-a-villennes-sur-seine-villennes-sur-seine
MONTADY,Villa t4 en r+1 d'environ 93m² avec garage sur un terrain de 226m²,https://www.etreproprio.com/immobilier-22204705-vente-villa-t4-en-r1-d-environ-93m-avec-garage-sur-un-terrain-de-226m-montady
VALERGUES,Valergues centre  t5 avec piscine double garage + studio indépendant,https://www.etreproprio.com/immobilier-23909656-vente-valergues-centre-t5-avec-piscine-double-garage-studio-independant-valergues
VALENCIENNES,Maison valenciennes 126 m² secteur musée 3 chambres et garage,https://www.etreproprio.com/immobilier-23909853-vente-maison-valenciennes-126-m-secteur-musee-3-chambres-et-garage-valenciennes
VENSAC,Maison 150m² à vensac,https://www.etreproprio.com/immobilier-23910523-vente-maison-150m-a-vensac-vensac
ETABLES-SUR-MER,Maison 130m² à etables-sur-mer,https://www.etreproprio.com/immobilier-23910851-vente-maison-130m-a-etables-sur-mer-etables-sur-mer
SAINT-NAZAIRE-SUR-CHARENTE,Maison 91m² à saint-nazaire-sur-charente,https://www.etreproprio.com/immobilier-23910624-vente-maison-91m-a-saint-nazaire-sur-charente-saint-nazaire-sur-charente
NOTRE-DAME-DE-MONTS,Maison notre dame de monts 5 pièces 86.76 m²,https://www.etreproprio.com/immobilier-23909789-vente-maison-notre-dame-de-monts-5-pieces-8676-m-notre-dame-de-monts
MANTES-LA-VILLE,Maison au calme avec jardin - proche a13 et écoles,https://www.etreproprio.com/immobilier-23909738-vente-maison-au-calme-avec-jardin-proche-a13-et-ecoles-mantes-la-ville
ILLIES,Maison 89m² à illies,https://www.etreproprio.com/immobilier-23910375-vente-maison-89m-a-illies-illies
SARTROUVILLE,Maison sartrouville- les dix arpents,https://www.etreproprio.com/immobilier-23910041-vente-maison-sartrouville-les-dix-arpents-sartrouville
SARTROUVILLE,Maison sartrouville 3 pièce(s) 56.5 m2,https://www.etreproprio.com/immobilier-23910105-vente-maison-sartrouville-3-pieces-565-m2-sartrouville
NANTEUIL-LE-HAUDOUIN,Maison de ville nanteuil le haudouin 5 pièce(s) 106 m2 avec jardin,https://www.etreproprio.com/immobilier-23909969-vente-maison-de-ville-nanteuil-le-haudouin-5-pieces-106-m2-avec-jardin-nanteuil-le-haudouin
CESSON,Maison 105m² à cesson,https://www.etreproprio.com/immobilier-23910547-vente-maison-105m-a-cesson-cesson
CHOLET,Vente maison cholet(49300) 299 250ï¿œ,https://www.etreproprio.com/immobilier-23708245-vente-vente-maison-cholet49300-299-250i-oe-cholet
CHAVANOZ,Maison - t5 - 180 m2,https://www.etreproprio.com/immobilier-23909860-vente-maison-t5-180-m2-chavanoz
SAINT-ETIENNE-DU-ROUVRAY,Maison 93m² à saint-etienne-du-rouvray,https://www.etreproprio.com/immobilier-23909203-vente-maison-93m-a-saint-etienne-du-rouvray-saint-etienne-du-rouvray
VILLEVEYRAC,Superbe maison t5 + dépendance t1 avec terrasse et piscine – villeveyrac,https://www.etreproprio.com/immobilier-23909111-vente-superbe-maison-t5-dependance-t1-avec-terrasse-et-piscine-villeveyrac-villeveyrac
PLERGUER,Maison 200m² à plerguer,https://www.etreproprio.com/immobilier-23907841-vente-maison-200m-a-plerguer-plerguer
FLIZE,Maison 163m² à flize,https://www.etreproprio.com/immobilier-22663065-vente-maison-163m-a-flize-flize
HAUCOURT-MOULAINE,Maison 115m² à haucourt-moulaine,https://www.etreproprio.com/immobilier-23503393-vente-maison-115m-a-haucourt-moulaine-haucourt-moulaine
LANDERNEAU,Maison spacieuse à vendre à landerneau - réf. 2232jl,https://www.etreproprio.com/immobilier-23329768-vente-maison-spacieuse-a-vendre-a-landerneau-ref-2232jl-landerneau
LANDERNEAU,Maison 127m² à landerneau,https://www.etreproprio.com/immobilier-23320068-vente-maison-127m-a-landerneau-landerneau
LANDERNEAU,Maison 108m² à landerneau,https://www.etreproprio.com/immobilier-23320069-vente-maison-108m-a-landerneau-landerneau
LANDERNEAU,Maison à vendre à landerneau - référence 2196yp,https://www.etreproprio.com/immobilier-22398754-vente-maison-a-vendre-a-landerneau-reference-2196yp-landerneau
LANDERNEAU,Maison 188m² à landerneau,https://www.etreproprio.com/immobilier-23250023-vente-maison-188m-a-landerneau-landerneau
LANDERNEAU,Maison landerneau 5 pièce(s) 101 m2,https://www.etreproprio.com/immobilier-23155393-vente-maison-landerneau-5-pieces-101-m2-landerneau
LANDERNEAU,Maison 211m² à landerneau,https://www.etreproprio.com/immobilier-22868352-vente-maison-211m-a-landerneau-landerneau
LANDERNEAU,"Landerneau, charmante maison t6 sur terrain clos",https://www.etreproprio.com/immobilier-21309001-vente-landerneau-charmante-maison-t6-sur-terrain-clos-landerneau
LANDERNEAU,"Plouedern, maison t9 proximité landerneau",https://www.etreproprio.com/immobilier-20651453-vente-plouedern-maison-t9-proximite-landerneau-landerneau
LANDERNEAU,"Landerneau, charmante maison t6 sur terrain clos",https://www.etreproprio.com/immobilier-21309007-vente-landerneau-charmante-maison-t6-sur-terrain-clos-landerneau
LANDERNEAU,"Plouedern, maison t9 proximité landerneau",https://www.etreproprio.com/immobilier-20651456-vente-plouedern-maison-t9-proximite-landerneau-landerneau
LANDERNEAU,Maison à vendre 8 pièces landerneau (29),https://www.etreproprio.com/immobilier-22616015-vente-maison-a-vendre-8-pieces-landerneau-29-landerneau
LANDERNEAU,Finistere - landerneau (29800) - a vendre - maison neuve t5 115m² - 4 chambres - garage carrele - belles prestations - terrain d,https://www.etreproprio.com/immobilier-22354599-vente-finistere-landerneau-29800-a-vendre-maison-neuve-t5-115m-4-chambres-garage-carrele-belles-prestations-terrain-d-landerneau
LANDERNEAU,Propriete remarquable à 6 km de landerneau (zone de saint eloi) terrain de 4190 m²,https://www.etreproprio.com/immobilier-19731262-vente-propriete-remarquable-a-6-km-de-landerneau-zone-de-saint-eloi-terrain-de-4190-m-landerneau
LANDERNEAU,Maison 231m² à landerneau,https://www.etreproprio.com/immobilier-20044540-vente-maison-231m-a-landerneau-landerneau
LANDERNEAU,Exclusivité plouédern propriété 9 pièces sur 2 200 m2,https://www.etreproprio.com/immobilier-19668580-vente-exclusivite-plouedern-propriete-9-pieces-sur-2-200-m2-landerneau
LANDERNEAU,Exclu - maison ou immeuble landerneau 8 pièce(s) 174 m2,https://www.etreproprio.com/immobilier-19651779-vente-exclu-maison-ou-immeuble-landerneau-8-pieces-174-m2-landerneau
LANDERNEAU,Maison landerneau 4ch 118 m2,https://www.etreproprio.com/immobilier-17670678-vente-maison-landerneau-4ch-118-m2-landerneau
LANDERNEAU,Landerneau maison  4 pièces 74 m2,https://www.etreproprio.com/immobilier-17653412-vente-landerneau-maison-4-pieces-74-m2-landerneau
LANDERNEAU,""" deja vendu par kerebel immobilier """,https://www.etreproprio.com/immobilier-13609449-vente-deja-vendu-par-kerebel-immobilier-landerneau
LANDIVISIAU,Maison 90m² à landivisiau,https://www.etreproprio.com/immobilier-23503958-vente-maison-90m-a-landivisiau-landivisiau
LANDIVISIAU,Maison 128m² à landivisiau,https://www.etreproprio.com/immobilier-23889112-vente-maison-128m-a-landivisiau-landivisiau
LANDIVISIAU,Landivisiau maison t6 contemporaine de 2024,https://www.etreproprio.com/immobilier-23414440-vente-landivisiau-maison-t6-contemporaine-de-2024-landivisiau
LANDIVISIAU,Landivisiau maison t6 contemporaine de 2024,https://www.etreproprio.com/immobilier-23414439-vente-landivisiau-maison-t6-contemporaine-de-2024-landivisiau
LANDIVISIAU,Finistere - landivisiau (29400) - a vendre - maison contemporaine de 2024 - 130 m2 - 4 chambres - garage de 30m2 - rare - coup d,https://www.etreproprio.com/immobilier-23864626-vente-finistere-landivisiau-29400-a-vendre-maison-contemporaine-de-2024-130-m2-4-chambres-garage-de-30m2-rare-coup-d-landivisiau
LANDIVISIAU,Maison 120m² à landivisiau,https://www.etreproprio.com/immobilier-23862287-vente-maison-120m-a-landivisiau-landivisiau
LANDIVISIAU,Landivisiau maison plain-pied 3 chambres,https://www.etreproprio.com/immobilier-23865634-vente-landivisiau-maison-plain-pied-3-chambres-landivisiau
LANDIVISIAU,Maison 75m² à landivisiau,https://www.etreproprio.com/immobilier-23862158-vente-maison-75m-a-landivisiau-landivisiau
LANDIVISIAU,Propriété de caractère – vie de plain-pied possible,https://www.etreproprio.com/immobilier-23851206-vente-propriete-de-caractere-vie-de-plain-pied-possible-landivisiau
LANDIVISIAU,Maison avec local commercial avec fort potentiel,https://www.etreproprio.com/immobilier-23851291-vente-maison-avec-local-commercial-avec-fort-potentiel-landivisiau
LANDIVISIAU,Maison de ville 3 chambres -103m2 avec jardin,https://www.etreproprio.com/immobilier-23298657-vente-maison-de-ville-3-chambres-103m2-avec-jardin-landivisiau
LANDIVISIAU,Maison 120m² à landivisiau,https://www.etreproprio.com/immobilier-23775298-vente-maison-120m-a-landivisiau-landivisiau
LANDIVISIAU,Maison 134m² à landivisiau,https://www.etreproprio.com/immobilier-23775300-vente-maison-134m-a-landivisiau-landivisiau
LANDIVISIAU,Maison 100m² à landivisiau,https://www.etreproprio.com/immobilier-23402620-vente-maison-100m-a-landivisiau-landivisiau
LANDIVISIAU,Maison 74m² à landivisiau,https://www.etreproprio.com/immobilier-23768595-vente-maison-74m-a-landivisiau-landivisiau
LANDIVISIAU,Maison 111m² à landivisiau,https://www.etreproprio.com/immobilier-23752835-vente-maison-111m-a-landivisiau-landivisiau
LANDIVISIAU,A vendre - a landivisiau maison proche centre ville - cabinet kerjean landivisiau,https://www.etreproprio.com/immobilier-23531774-vente-a-vendre-a-landivisiau-maison-proche-centre-ville-cabinet-kerjean-landivisiau-landivisiau
LANDIVISIAU,Maison 129m² à landivisiau,https://www.etreproprio.com/immobilier-23602281-vente-maison-129m-a-landivisiau-landivisiau
LANDIVISIAU,Maison landivisiau 67 m2,https://www.etreproprio.com/immobilier-23595373-vente-maison-landivisiau-67-m2-landivisiau
LANDIVISIAU,"Landivisiau, maison t6 avec dépendance",https://www.etreproprio.com/immobilier-23571780-vente-landivisiau-maison-t6-avec-dependance-landivisiau
LANGON,Maison 85m² à langon,https://www.etreproprio.com/immobilier-22682286-vente-maison-85m-a-langon-langon
VAUMORT,Maison 148m² à vaumort,https://www.etreproprio.com/immobilier-23910648-vente-maison-148m-a-vaumort-vaumort
TROARN,Vente maison troarn(14670) 398 700ï¿œ,https://www.etreproprio.com/immobilier-23909627-vente-vente-maison-troarn14670-398-700i-oe-troarn
VAIRE,Maison 102m² à vaire,https://www.etreproprio.com/immobilier-23910868-vente-maison-102m-a-vaire-vaire
PARIS-17E,Maison de famille - place pereire paris 17,https://www.etreproprio.com/immobilier-23908885-vente-maison-de-famille-place-pereire-paris-17-paris-17e
MOUCHIN,Maison 160 m2 - 3 chambres - bureau - jardin - dépendance,https://www.etreproprio.com/immobilier-23907191-vente-maison-160-m2-3-chambres-bureau-jardin-dependance-mouchin
MONTLIOT-ET-COURCELLES,"Corps de ferme , proche de chatillon sur seine, comprenant une habitation de 80m2, une grange et terrain :700m",https://www.etreproprio.com/immobilier-23907404-vente-corps-de-ferme-proche-de-chatillon-sur-seine-comprenant-une-habitation-de-80m2-une-grange-et-terrain-700m-montliot-et-courcelles
BRIOUZE,Coup de coeur assuré pour cette maisonnette à 10 min de la suisse normande.,https://www.etreproprio.com/immobilier-23910215-vente-coup-de-coeur-assure-pour-cette-maisonnette-a-10-min-de-la-suisse-normande-briouze
SAINT-PIERRE,Maison 124m² à saint-pierre,https://www.etreproprio.com/immobilier-23696603-vente-maison-124m-a-saint-pierre-saint-pierre
GOURS,Maison 106m² à gours,https://www.etreproprio.com/immobilier-23909157-vente-maison-106m-a-gours-gours
OINVILLE-SUR-MONTCIENT,"Maison oinville sur montcient 127 m², 4 chambres",https://www.etreproprio.com/immobilier-23909226-vente-maison-oinville-sur-montcient-127-m-4-chambres-oinville-sur-montcient
AUCHEL,Maison 82m² à auchel,https://www.etreproprio.com/immobilier-23910499-vente-maison-82m-a-auchel-auchel
SAINT-JULIEN-DE-VOUVANTES,Maison 161m² à saint-julien-de-vouvantes,https://www.etreproprio.com/immobilier-23325675-vente-maison-161m-a-saint-julien-de-vouvantes-saint-julien-de-vouvantes
L'ISLE-ADAM,Maison l'isle adam 8 pièce(s) 164 m2,https://www.etreproprio.com/immobilier-23911072-vente-maison-l-isle-adam-8-pieces-164-m2-l-isle-adam
ROQUES,"Maison t5 de 115m2 à roques, 31120",https://www.etreproprio.com/immobilier-23909181-vente-maison-t5-de-115m2-a-roques-31120-roques
ROYAN,Maison 4 chambre(s) à vendre,https://www.etreproprio.com/immobilier-22762848-vente-maison-4-chambres-a-vendre-royan
VILLEFRANCHE-SUR-SAONE,"Maison de ville au cœur de villefranche-sur-saône - confort, tranquillité et équipements de qualité",https://www.etreproprio.com/immobilier-23908551-vente-maison-de-ville-au-coeur-de-villefranche-sur-saone-confort-tranquillite-et-equipements-de-qualite-villefranche-sur-saone
AMBARES-ET-LAGRAVE,Maison 106m² à ambares-et-lagrave,https://www.etreproprio.com/immobilier-23908111-vente-maison-106m-a-ambares-et-lagrave-ambares-et-lagrave
MOSSET,Vente maison mosset(66500) 159 900ï¿œ,https://www.etreproprio.com/immobilier-23909533-vente-vente-maison-mosset66500-159-900i-oe-mosset
SAINT-BERTHEVIN-LA-TANNIERE,Maison 123m² à saint-berthevin-la-tanniere,https://www.etreproprio.com/immobilier-23910489-vente-maison-123m-a-saint-berthevin-la-tanniere-saint-berthevin-la-tanniere
LANDIVISIAU,"Landivisiau, maison t6 avec dépendance",https://www.etreproprio.com/immobilier-23571778-vente-landivisiau-maison-t6-avec-dependance-landivisiau
LANDIVISIAU,Maison 162m² à landivisiau,https://www.etreproprio.com/immobilier-23559086-vente-maison-162m-a-landivisiau-landivisiau
LANDIVISIAU,Maison 98m² à landivisiau,https://www.etreproprio.com/immobilier-23544744-vente-maison-98m-a-landivisiau-landivisiau
LANDIVISIAU,"Propriété de caractère   ancien moulin au bord de l’eau, bodilis",https://www.etreproprio.com/immobilier-23519031-vente-propriete-de-caractere-ancien-moulin-au-bord-de-l-eau-bodilis-landivisiau
LANDIVISIAU,A vendre- baisse de prix- en exclusivité ! maison néo bretonne- cabinet kerjean landivisiau,https://www.etreproprio.com/immobilier-23508819-vente-a-vendre-baisse-de-prix-en-exclusivite-maison-neo-bretonne-cabinet-kerjean-landivisiau-landivisiau
LANDIVISIAU,Maison 94m² à landivisiau,https://www.etreproprio.com/immobilier-23505175-vente-maison-94m-a-landivisiau-landivisiau
LANDIVISIAU,Maison 112m² à landivisiau,https://www.etreproprio.com/immobilier-23468286-vente-maison-112m-a-landivisiau-landivisiau
LANDIVISIAU,Maison 73m² à landivisiau,https://www.etreproprio.com/immobilier-22548047-vente-maison-73m-a-landivisiau-landivisiau
LANDIVISIAU,Maison 156m² à landivisiau,https://www.etreproprio.com/immobilier-23457245-vente-maison-156m-a-landivisiau-landivisiau
LANDIVISIAU,Maison landivisiau 4 pièce(s) 89.94 m2,https://www.etreproprio.com/immobilier-23460311-vente-maison-landivisiau-4-pieces-8994-m2-landivisiau
LANDIVISIAU,Maison 66m² à landivisiau,https://www.etreproprio.com/immobilier-23422876-vente-maison-66m-a-landivisiau-landivisiau
LANDIVISIAU,Maison 148m² à landivisiau,https://www.etreproprio.com/immobilier-23419065-vente-maison-148m-a-landivisiau-landivisiau
LANDIVISIAU,Maison 108m² à landivisiau,https://www.etreproprio.com/immobilier-23422693-vente-maison-108m-a-landivisiau-landivisiau
LANDIVISIAU,Maison d'architecte plein pied  landivisiau,https://www.etreproprio.com/immobilier-23400828-vente-maison-d-architecte-plein-pied-landivisiau-landivisiau
LANDIVISIAU,Maison 150m² à landivisiau,https://www.etreproprio.com/immobilier-23391175-vente-maison-150m-a-landivisiau-landivisiau
LANDIVISIAU,Maison 120m² à landivisiau,https://www.etreproprio.com/immobilier-23304358-vente-maison-120m-a-landivisiau-landivisiau
LANDIVISIAU,Ancien presbytère à 10 mns de landivisiau - référence 403cd,https://www.etreproprio.com/immobilier-23234045-vente-ancien-presbytere-a-10-mns-de-landivisiau-reference-403cd-landivisiau
LANDIVISIAU,Maison 68m² à landivisiau,https://www.etreproprio.com/immobilier-23120556-vente-maison-68m-a-landivisiau-landivisiau
LANDIVISIAU,Maison de plain-pied sur sous-sol,https://www.etreproprio.com/immobilier-22995358-vente-maison-de-plain-pied-sur-sous-sol-landivisiau
LANDIVISIAU,Maison 136m² à landivisiau,https://www.etreproprio.com/immobilier-22913980-vente-maison-136m-a-landivisiau-landivisiau
LANDREVARZEC,Maison à vendre 4 pièces landrevarzec (29),https://www.etreproprio.com/immobilier-22720498-vente-maison-a-vendre-4-pieces-landrevarzec-29-landrevarzec
LANDREVARZEC,Maison 136m² à landrevarzec,https://www.etreproprio.com/immobilier-23423706-vente-maison-136m-a-landrevarzec-landrevarzec
LANDREVARZEC,Maison 205m² à landrevarzec,https://www.etreproprio.com/immobilier-22242544-vente-maison-205m-a-landrevarzec-landrevarzec
SAINTE-FOY-LA-GRANDE,"A 4km des commodités, charmante périgourdine avec diverses dépendances, une piscine et un agréable jardin arboré autour.",https://www.etreproprio.com/immobilier-23910974-vente-a-4km-des-commodites-charmante-perigourdine-avec-diverses-dependances-une-piscine-et-un-agreable-jardin-arbore-autour-sainte-foy-la-grande
BRENTHONNE,Maison individuelle - piscine + jacuzzi + sauna,https://www.etreproprio.com/immobilier-23908940-vente-maison-individuelle-piscine-jacuzzi-sauna-brenthonne
MAUREMONT,Maison mauremont 8 pièce(s) 223 m2,https://www.etreproprio.com/immobilier-23910258-vente-maison-mauremont-8-pieces-223-m2-mauremont
SARTROUVILLE,Maison sartrouville 5 pièce(s) 80 m2,https://www.etreproprio.com/immobilier-23910069-vente-maison-sartrouville-5-pieces-80-m2-sartrouville
LANRELAS,Maison 79m² à lanrelas,https://www.etreproprio.com/immobilier-23724434-vente-maison-79m-a-lanrelas-lanrelas
LE TAMPON,Maison 125m² à le tampon,https://www.etreproprio.com/immobilier-23910551-vente-maison-125m-a-le-tampon-le-tampon
NARBONNE,À vendre – maison de plain-pied 123 m² avec piscine & double garage,https://www.etreproprio.com/immobilier-23909105-vente-a-vendre-maison-de-plain-pied-123-m-avec-piscine-double-garage-narbonne
LA COLLE-SUR-LOUP,Maison 104m² à la colle-sur-loup,https://www.etreproprio.com/immobilier-23910488-vente-maison-104m-a-la-colle-sur-loup-la-colle-sur-loup
LA CIOTAT,Maison 105m² à la ciotat,https://www.etreproprio.com/immobilier-23907806-vente-maison-105m-a-la-ciotat-la-ciotat
HOUILLES,Maison houilles 7 pièce(s) 160 m2,https://www.etreproprio.com/immobilier-23910121-vente-maison-houilles-7-pieces-160-m2-houilles
SEMALENS,Maison 6 pièces avec piscine,https://www.etreproprio.com/immobilier-23908712-vente-maison-6-pieces-avec-piscine-semalens
SAINT-AUNES,Maison 90m² à saint-aunes,https://www.etreproprio.com/immobilier-23909406-vente-maison-90m-a-saint-aunes-saint-aunes
HOUILLES,Maison houilles 3 pièce(s),https://www.etreproprio.com/immobilier-23910134-vente-maison-houilles-3-pieces-houilles
SARTROUVILLE,Maison sartrouville 5 pièce(s) 100 m2,https://www.etreproprio.com/immobilier-23910094-vente-maison-sartrouville-5-pieces-100-m2-sartrouville
SARTROUVILLE,Maison sartrouville 7 pièce(s) 155 m2,https://www.etreproprio.com/immobilier-23910113-vente-maison-sartrouville-7-pieces-155-m2-sartrouville
SENS,Maison 146 m2,https://www.etreproprio.com/immobilier-23911024-vente-maison-146-m2-sens
TAVERNES,Maison neuve avec pisicne,https://www.etreproprio.com/immobilier-23909933-vente-maison-neuve-avec-pisicne-tavernes
GUERET,Maison 110m² à gueret,https://www.etreproprio.com/immobilier-23910563-vente-maison-110m-a-gueret-gueret
VAUJOURS,Pavillon de 133m2 avec jardin - vaujours-triangle d'or,https://www.etreproprio.com/immobilier-23907478-vente-pavillon-de-133m2-avec-jardin-vaujours-triangle-d-or-vaujours
LANCON-PROVENCE,A vendre – villa familiale t6 à lançon-de-provence,https://www.etreproprio.com/immobilier-23908667-vente-a-vendre-villa-familiale-t6-a-lancon-de-provence-lancon-provence
LANDIVISIAU,Maison 223m² à landivisiau,https://www.etreproprio.com/immobilier-22888928-vente-maison-223m-a-landivisiau-landivisiau
LANDIVISIAU,Maison 138m² à landivisiau,https://www.etreproprio.com/immobilier-22585839-vente-maison-138m-a-landivisiau-landivisiau
LANDIVISIAU,Maison 177m² à landivisiau,https://www.etreproprio.com/immobilier-22480989-vente-maison-177m-a-landivisiau-landivisiau
LANDIVISIAU,Maison 110m² à landivisiau,https://www.etreproprio.com/immobilier-22361924-vente-maison-110m-a-landivisiau-landivisiau
LANDIVISIAU,Maison plougourvest 145 m2,https://www.etreproprio.com/immobilier-21586841-vente-maison-plougourvest-145-m2-landivisiau
LANDIVISIAU,Maison 113m² à landivisiau,https://www.etreproprio.com/immobilier-11469394-vente-maison-113m-a-landivisiau-landivisiau
LANDUDAL,Maisonsur landudal,https://www.etreproprio.com/immobilier-23895323-vente-maisonsur-landudal-landudal
LANDUDEC,Maison 185m² à landudec,https://www.etreproprio.com/immobilier-23905443-vente-maison-185m-a-landudec-landudec
LANDUDEC,"Landudec. corps de ferme sur terrain boisé de plus de 2,3 ha",https://www.etreproprio.com/immobilier-23895332-vente-landudec-corps-de-ferme-sur-terrain-boise-de-plus-de-23-ha-landudec
LANDUDEC,Maison landudec 10 pièces 204 m²,https://www.etreproprio.com/immobilier-23303115-vente-maison-landudec-10-pieces-204-m-landudec
LANDUDEC,Maison familiale avec grande dépendance,https://www.etreproprio.com/immobilier-21601337-vente-maison-familiale-avec-grande-dependance-landudec
LANDUDEC,Maison 108m² à landudec,https://www.etreproprio.com/immobilier-23754448-vente-maison-108m-a-landudec-landudec
LANDUDEC,Maison sur landudec,https://www.etreproprio.com/immobilier-23693647-vente-maison-sur-landudec-landudec
LANDUDEC,Maison 131m² à landudec,https://www.etreproprio.com/immobilier-22653683-vente-maison-131m-a-landudec-landudec
LANDUDEC,Maison landudec 7 pièce(s) 140 m2,https://www.etreproprio.com/immobilier-23303098-vente-maison-landudec-7-pieces-140-m2-landudec
LANDUDEC,Spacieuse maison avec ancien commerce-atelier,https://www.etreproprio.com/immobilier-20672510-vente-spacieuse-maison-avec-ancien-commerce-atelier-landudec
LANDUDEC,Belle néo bretonne à vendre landudec (29) centre bourg 6 chambres sur 890 m2,https://www.etreproprio.com/immobilier-23043828-vente-belle-neo-bretonne-a-vendre-landudec-29-centre-bourg-6-chambres-sur-890-m2-landudec
LANDUDEC,Maison 145m² à landudec,https://www.etreproprio.com/immobilier-22521670-vente-maison-145m-a-landudec-landudec
LANDUDEC,Maison 204m² à landudec,https://www.etreproprio.com/immobilier-22266753-vente-maison-204m-a-landudec-landudec
LANDUDEC,Maison t4 dans impasse proche bourg,https://www.etreproprio.com/immobilier-20502190-vente-maison-t4-dans-impasse-proche-bourg-landudec
LANDUNVEZ,Finistere - landunvez (29840) - a vendre - maison t4 - 2/3 chambres sur terrain de plus de +750m² - rare - coup de coeur - ideal,https://www.etreproprio.com/immobilier-23864628-vente-finistere-landunvez-29840-a-vendre-maison-t4-23-chambres-sur-terrain-de-plus-de-750m-rare-coup-de-coeur-ideal-landunvez
LANDUNVEZ,Maison 140m² à landunvez,https://www.etreproprio.com/immobilier-23840530-vente-maison-140m-a-landunvez-landunvez
LANDUNVEZ,Maison à vendre à landunvez - confort et tranquillité,https://www.etreproprio.com/immobilier-23817119-vente-maison-a-vendre-a-landunvez-confort-et-tranquillite-landunvez
LANDUNVEZ,Landunvez maison t7,https://www.etreproprio.com/immobilier-21527754-vente-landunvez-maison-t7-landunvez
LANDUNVEZ,Landunvez maison t7,https://www.etreproprio.com/immobilier-21527756-vente-landunvez-maison-t7-landunvez
LANDUNVEZ,Maison 139m² à landunvez,https://www.etreproprio.com/immobilier-23646183-vente-maison-139m-a-landunvez-landunvez
LANDUNVEZ,Belle demeure avec accès privé à la plage,https://www.etreproprio.com/immobilier-23206366-vente-belle-demeure-avec-acces-prive-a-la-plage-landunvez
LANDUNVEZ,Maison 306m² à landunvez,https://www.etreproprio.com/immobilier-23601859-vente-maison-306m-a-landunvez-landunvez
LANDUNVEZ,Argenton en landunvez - ensemble de 2 maisons sur terrain de 480m²,https://www.etreproprio.com/immobilier-23187796-vente-argenton-en-landunvez-ensemble-de-2-maisons-sur-terrain-de-480m-landunvez
LANDUNVEZ,Maison 173m² à landunvez,https://www.etreproprio.com/immobilier-20210080-vente-maison-173m-a-landunvez-landunvez
LANDUNVEZ,À vendre : manoir à rénover : landunvez,https://www.etreproprio.com/immobilier-20827772-vente-a-vendre-manoir-a-renover-landunvez-landunvez
LANDUNVEZ,Maison 6 chambre(s) à vendre,https://www.etreproprio.com/immobilier-20347515-vente-maison-6-chambres-a-vendre-landunvez
EAUBONNE,Maison eaubonne 6 pièce(s) 155 m2 et dépendance.,https://www.etreproprio.com/immobilier-23909832-vente-maison-eaubonne-6-pieces-155-m2-et-dependance-eaubonne
REIGNAC,À vendre : maison familiale avec piscine et véranda – reignac (33),https://www.etreproprio.com/immobilier-23908542-vente-a-vendre-maison-familiale-avec-piscine-et-veranda-reignac-33-reignac
LA SEYNE-SUR-MER,Maison 64m² à la seyne-sur-mer,https://www.etreproprio.com/immobilier-23910929-vente-maison-64m-a-la-seyne-sur-mer-la-seyne-sur-mer
MESANGER,Maison 121m² à mesanger,https://www.etreproprio.com/immobilier-23909438-vente-maison-121m-a-mesanger-mesanger
CHAMPIGNY-SUR-MARNE,Maison 90m² à champigny-sur-marne,https://www.etreproprio.com/immobilier-23907775-vente-maison-90m-a-champigny-sur-marne-champigny-sur-marne
VENDRES,Charmante maison de village meublée et rénovée au cœur de vendres,https://www.etreproprio.com/immobilier-23908947-vente-charmante-maison-de-village-meublee-et-renovee-au-coeur-de-vendres-vendres
AIGNAY-LE-DUC,"Aignay le duc   : au cœur  du village ,maison bourguignonne année 1790 de 110m2 avec garage et terrain 530m2",https://www.etreproprio.com/immobilier-23907414-vente-aignay-le-duc-au-coeur-du-village-maison-bourguignonne-annee-1790-de-110m2-avec-garage-et-terrain-530m2-aignay-le-duc
LAMBERSART,"En impasse dans un lotissement prisé proche métro, belle semi-mitoyenne rénovée avec garage",https://www.etreproprio.com/immobilier-23910212-vente-en-impasse-dans-un-lotissement-prise-proche-metro-belle-semi-mitoyenne-renovee-avec-garage-lambersart
CAPESTANG,Maison 104m² à capestang,https://www.etreproprio.com/immobilier-23910454-vente-maison-104m-a-capestang-capestang
SAINT-SYMPHORIEN-D'OZON,Maison 100m² à saint-symphorien-d'ozon,https://www.etreproprio.com/immobilier-23909688-vente-maison-100m-a-saint-symphorien-d-ozon-saint-symphorien-d-ozon
VAUVILLE,Maison 81m² à vauville,https://www.etreproprio.com/immobilier-23612037-vente-maison-81m-a-vauville-vauville
LIVRY-GARGAN,Maison 7 pièces 149 avec terrain 253 m2 et combles aménagés,https://www.etreproprio.com/immobilier-23810412-vente-maison-7-pieces-149-avec-terrain-253-m2-et-combles-amenages-livry-gargan
CHENS-SUR-LEMAN,Maison 154m² à chens-sur-leman,https://www.etreproprio.com/immobilier-23908351-vente-maison-154m-a-chens-sur-leman-chens-sur-leman
LA CIOTAT,Maison 62m² à la ciotat,https://www.etreproprio.com/immobilier-23907807-vente-maison-62m-a-la-ciotat-la-ciotat
VOGLANS,Superbe maison à voglans – un havre de paix proche du lac,https://www.etreproprio.com/immobilier-23909115-vente-superbe-maison-a-voglans-un-havre-de-paix-proche-du-lac-voglans
AIZENAY,Maison 75m² à aizenay,https://www.etreproprio.com/immobilier-23662121-vente-maison-75m-a-aizenay-aizenay
RUE,Rue - pavillon de plain pied  - 3 chambres,https://www.etreproprio.com/immobilier-23432339-vente-rue-pavillon-de-plain-pied-3-chambres-rue
MAGALAS,Maison de plain-pied t4 avec piscine sécurisée,https://www.etreproprio.com/immobilier-23908554-vente-maison-de-plain-pied-t4-avec-piscine-securisee-magalas
LAIGNES,"Laignes (21) maison de 205m2 ,année 1980 ,avec sous-sol , garages et terrain de 2000m2 proche de l'autoroute.",https://www.etreproprio.com/immobilier-23907409-vente-laignes-21-maison-de-205m2-annee-1980-avec-sous-sol-garages-et-terrain-de-2000m2-proche-de-l-autoroute-laignes
LA CIOTAT,"Villa ensoleillée au cœur du calme – la ciotat, avenue des belugues",https://www.etreproprio.com/immobilier-23908799-vente-villa-ensoleillee-au-coeur-du-calme-la-ciotat-avenue-des-belugues-la-ciotat
LANGOLEN,Langolen - sur pres de 3ha : maison + dependances en pierres + hangar,https://www.etreproprio.com/immobilier-23787830-vente-langolen-sur-pres-de-3ha-maison-dependances-en-pierres-hangar-langolen
LANGOLEN,Maison de caractère à langolen (29),https://www.etreproprio.com/immobilier-23451770-vente-maison-de-caractere-a-langolen-29-langolen
LANGOLEN,Maison 152m² à langolen,https://www.etreproprio.com/immobilier-23196357-vente-maison-152m-a-langolen-langolen
LANGOLEN,Maison 186m² à langolen,https://www.etreproprio.com/immobilier-23264167-vente-maison-186m-a-langolen-langolen
LANGOLEN,Maison langolen 7 pièce(s) 136 m2,https://www.etreproprio.com/immobilier-22409607-vente-maison-langolen-7-pieces-136-m2-langolen
AIX-EN-PROVENCE,"Aix-en-provence maison t5 de 140 à 160m² avec jardin, piscine et garage",https://www.etreproprio.com/immobilier-23909094-vente-aix-en-provence-maison-t5-de-140-a-160m-avec-jardin-piscine-et-garage-aix-en-provence
COMINES,Maison familiale lumineuse – grand sous-sol et jardin,https://www.etreproprio.com/immobilier-23908620-vente-maison-familiale-lumineuse-grand-sous-sol-et-jardin-comines
LES MUREAUX,Maison 74m² à les mureaux,https://www.etreproprio.com/immobilier-23727805-vente-maison-74m-a-les-mureaux-les-mureaux
CAUCHY-A-LA-TOUR,Maison 80m² à cauchy-a-la-tour,https://www.etreproprio.com/immobilier-23520205-vente-maison-80m-a-cauchy-a-la-tour-cauchy-a-la-tour
SAINT-FROMOND,Maison 124m² à saint-fromond,https://www.etreproprio.com/immobilier-23910436-vente-maison-124m-a-saint-fromond-saint-fromond
ROQUEBILLIERE,Maison à rénover - roquebillière - terrain 1 700m carrés,https://www.etreproprio.com/immobilier-23907696-vente-maison-a-renover-roquebilliere-terrain-1-700m-carres-roquebilliere
IZON,Maison de 180 m² sur izon,https://www.etreproprio.com/immobilier-23908543-vente-maison-de-180-m-sur-izon-izon
CENAC-ET-SAINT-JULIEN,Maison de 170 m² avec piscine sur un magnifique terrain arboré de 5000 m² avec une vue panoramique sur la vallée.,https://www.etreproprio.com/immobilier-23907499-vente-maison-de-170-m-avec-piscine-sur-un-magnifique-terrain-arbore-de-5000-m-avec-une-vue-panoramique-sur-la-vallee-cenac-et-saint-julien
VILLEBAROU,Maison 176m² à villebarou,https://www.etreproprio.com/immobilier-23908173-vente-maison-176m-a-villebarou-villebarou
L'ETANG-LA-VILLE,Maison 120m² à l'etang-la-ville,https://www.etreproprio.com/immobilier-23909650-vente-maison-120m-a-l-etang-la-ville-l-etang-la-ville
ROUSSON,Maison 3 chambre(s) à vendre,https://www.etreproprio.com/immobilier-23909434-vente-maison-3-chambres-a-vendre-rousson
CEZAIS,Maison 186m² à cezais,https://www.etreproprio.com/immobilier-23910853-vente-maison-186m-a-cezais-cezais
CAUSE-DE-CLERANS,Maison 162m² à cause-de-clerans,https://www.etreproprio.com/immobilier-23910645-vente-maison-162m-a-cause-de-clerans-cause-de-clerans
CESSON,Maison 132m² à cesson,https://www.etreproprio.com/immobilier-23909217-vente-maison-132m-a-cesson-cesson
PERPIGNAN,Vente maison perpignan(66000) 291 500ï¿œ,https://www.etreproprio.com/immobilier-23909525-vente-vente-maison-perpignan66000-291-500i-oe-perpignan
FONTENAY-AUX-ROSES,Maison 170m² à fontenay-aux-roses,https://www.etreproprio.com/immobilier-23909488-vente-maison-170m-a-fontenay-aux-roses-fontenay-aux-roses
CHAMPAGNE-EN-VALROMEY,Maison 211m² à champagne-en-valromey,https://www.etreproprio.com/immobilier-23910376-vente-maison-211m-a-champagne-en-valromey-champagne-en-valromey
HOUILLES,Maison houilles 6 pièce(s) 140.4 m2,https://www.etreproprio.com/immobilier-23910140-vente-maison-houilles-6-pieces-1404-m2-houilles
ROMAGNE,Maison romagne 8 pièce(s) 326 m2,https://www.etreproprio.com/immobilier-23909875-vente-maison-romagne-8-pieces-326-m2-romagne
ALES,Villa dans un quartier résidentiel recherché,https://www.etreproprio.com/immobilier-23907496-vente-villa-dans-un-quartier-residentiel-recherche-ales
LANHOUARNEAU,Maison sur lanhouarneau,https://www.etreproprio.com/immobilier-23874899-vente-maison-sur-lanhouarneau-lanhouarneau
LANHOUARNEAU,Maison 188m² à lanhouarneau,https://www.etreproprio.com/immobilier-23831207-vente-maison-188m-a-lanhouarneau-lanhouarneau
LANHOUARNEAU,Maison 110m² à lanhouarneau,https://www.etreproprio.com/immobilier-23831598-vente-maison-110m-a-lanhouarneau-lanhouarneau
LANHOUARNEAU,Maison avec dépendances et hangar,https://www.etreproprio.com/immobilier-23393032-vente-maison-avec-dependances-et-hangar-lanhouarneau
LANHOUARNEAU,"Maison, hangar 280m² et plusieurs dépendances",https://www.etreproprio.com/immobilier-23324151-vente-maison-hangar-280m-et-plusieurs-dependances-lanhouarneau
LANHOUARNEAU,Lanhouarneau,https://www.etreproprio.com/immobilier-22712086-vente-lanhouarneau-lanhouarneau
LANHOUARNEAU,Maison 188m² à lanhouarneau,https://www.etreproprio.com/immobilier-22588788-vente-maison-188m-a-lanhouarneau-lanhouarneau
LANHOUARNEAU,- a vendre- maison avec hangar- lanhouarneau (29),https://www.etreproprio.com/immobilier-22228014-vente-a-vendre-maison-avec-hangar-lanhouarneau-29-lanhouarneau
LANILDUT,Maison 170m² à lanildut,https://www.etreproprio.com/immobilier-23872589-vente-maison-170m-a-lanildut-lanildut
LANILDUT,Local commercial 77 m² avec parking et appartement 38 m² - lanildut,https://www.etreproprio.com/immobilier-23838546-vente-local-commercial-77-m-avec-parking-et-appartement-38-m-lanildut-lanildut
LANILDUT,Maison 4 chambre(s) à vendre,https://www.etreproprio.com/immobilier-23750371-vente-maison-4-chambres-a-vendre-lanildut
LANILDUT,Maison spacieuse à vendre à lanildut - un bien rare !,https://www.etreproprio.com/immobilier-23721012-vente-maison-spacieuse-a-vendre-a-lanildut-un-bien-rare-lanildut
LANILDUT,Lanildut maison t8 d'environ 175m2 à rénover,https://www.etreproprio.com/immobilier-22914586-vente-lanildut-maison-t8-d-environ-175m2-a-renover-lanildut
LANILDUT,Lanildut maison t8 d'environ 175m2 à rénover,https://www.etreproprio.com/immobilier-22914588-vente-lanildut-maison-t8-d-environ-175m2-a-renover-lanildut
LANILDUT,"Lanildut maison 120 m2, vie de plain pied",https://www.etreproprio.com/immobilier-22733562-vente-lanildut-maison-120-m2-vie-de-plain-pied-lanildut
LANMEUR,Maison rénovée à vendre sur lanmeur,https://www.etreproprio.com/immobilier-23895284-vente-maison-renovee-a-vendre-sur-lanmeur-lanmeur
LANMEUR,A vendre - maison lanmeur 4 pièce(s) 86 m²,https://www.etreproprio.com/immobilier-23827880-vente-a-vendre-maison-lanmeur-4-pieces-86-m-lanmeur
LANMEUR,Maison 237m² à lanmeur,https://www.etreproprio.com/immobilier-23827437-vente-maison-237m-a-lanmeur-lanmeur
LANMEUR,"Maison lanmeur, partiellement renovée, proche bourg",https://www.etreproprio.com/immobilier-23771168-vente-maison-lanmeur-partiellement-renovee-proche-bourg-lanmeur
LANMEUR,Maison 123m² à lanmeur,https://www.etreproprio.com/immobilier-23670032-vente-maison-123m-a-lanmeur-lanmeur
LANMEUR,Maison 71m² à lanmeur,https://www.etreproprio.com/immobilier-22425610-vente-maison-71m-a-lanmeur-lanmeur
LANMEUR,Grande maison de famille,https://www.etreproprio.com/immobilier-23586254-vente-grande-maison-de-famille-lanmeur
LANMEUR,Maison 237m² à lanmeur,https://www.etreproprio.com/immobilier-23026772-vente-maison-237m-a-lanmeur-lanmeur
LANMEUR,# 537 - a vendre - maison - lanmeur - 237 m2,https://www.etreproprio.com/immobilier-23071371-vente-537-a-vendre-maison-lanmeur-237-m2-lanmeur
LANMEUR,"Maison familiale à lanmeur – calme, espace et proximité des commodités",https://www.etreproprio.com/immobilier-22995010-vente-maison-familiale-a-lanmeur-calme-espace-et-proximite-des-commodites-lanmeur
LANMEUR,Maison lumineuse et impeccable à lanmeur – entre campagne et bord de mer !,https://www.etreproprio.com/immobilier-21280333-vente-maison-lumineuse-et-impeccable-a-lanmeur-entre-campagne-et-bord-de-mer-lanmeur
LANMEUR,Maison lanmeur,https://www.etreproprio.com/immobilier-22969779-vente-maison-lanmeur-lanmeur
LANMEUR,"Propriété (2 maisons)  en pierre, charme absolu au cœur de la nature",https://www.etreproprio.com/immobilier-22857042-vente-propriete-2-maisons-en-pierre-charme-absolu-au-coeur-de-la-nature-lanmeur
LANMEUR,Maison à découvrir sans tarder à lanmeur (29),https://www.etreproprio.com/immobilier-22552353-vente-maison-a-decouvrir-sans-tarder-a-lanmeur-29-lanmeur
LANMEUR,Maison à 5 mn de la mer 7 pièce(s) 160 m2,https://www.etreproprio.com/immobilier-22418454-vente-maison-a-5-mn-de-la-mer-7-pieces-160-m2-lanmeur
LANMEUR,Maison lanmeur 7 pièce(s) 135 m2,https://www.etreproprio.com/immobilier-22355550-vente-maison-lanmeur-7-pieces-135-m2-lanmeur
LANMEUR,Maison lanmeur,https://www.etreproprio.com/immobilier-22195161-vente-maison-lanmeur-lanmeur
LANMEUR,Maison lanmeur 4 pièce(s) 100 m2,https://www.etreproprio.com/immobilier-21591197-vente-maison-lanmeur-4-pieces-100-m2-lanmeur
LANMEUR,Demeure de prestige lanmeur 9 pièce(s) 240 m2,https://www.etreproprio.com/immobilier-21933640-vente-demeure-de-prestige-lanmeur-9-pieces-240-m2-lanmeur
DESANDANS,Maison dans secteur calme,https://www.etreproprio.com/immobilier-22693390-vente-maison-dans-secteur-calme-desandans
CHARQUEMONT,Maison 117m² à charquemont,https://www.etreproprio.com/immobilier-23551788-vente-maison-117m-a-charquemont-charquemont
MONS-EN-BAROEUL,Maison mons en baroeul 5 pièces 140 m2,https://www.etreproprio.com/immobilier-23910198-vente-maison-mons-en-baroeul-5-pieces-140-m2-mons-en-baroeul
GIF-SUR-YVETTE,Maison 106m² à gif-sur-yvette,https://www.etreproprio.com/immobilier-23907899-vente-maison-106m-a-gif-sur-yvette-gif-sur-yvette
TREMBLAY-EN-FRANCE,Maison individuelle de 78m2 avec sous sol,https://www.etreproprio.com/immobilier-23907485-vente-maison-individuelle-de-78m2-avec-sous-sol-tremblay-en-france
CEBAZAT,Maison 103m² à cebazat,https://www.etreproprio.com/immobilier-23907704-vente-maison-103m-a-cebazat-cebazat
ARGELES-SUR-MER,"Maison de style loft, t3 de 107m², terrasse tropézienne",https://www.etreproprio.com/immobilier-23908861-vente-maison-de-style-loft-t3-de-107m-terrasse-tropezienne-argeles-sur-mer
LE TEMPLE-DE-BRETAGNE,Maison 177m² à le temple-de-bretagne,https://www.etreproprio.com/immobilier-23910874-vente-maison-177m-a-le-temple-de-bretagne-le-temple-de-bretagne
LAIGNES,Laignes 21330 ensemble immobilier 1811  de 220 m2 s avec dépendances  cour et terrain,https://www.etreproprio.com/immobilier-23907402-vente-laignes-21330-ensemble-immobilier-1811-de-220-m2-s-avec-dependances-cour-et-terrain-laignes
HAMBLAIN-LES-PRES,Maison 44m² à hamblain-les-pres,https://www.etreproprio.com/immobilier-23910746-vente-maison-44m-a-hamblain-les-pres-hamblain-les-pres
BOMPAS,Maison 308m² à bompas,https://www.etreproprio.com/immobilier-23260044-vente-maison-308m-a-bompas-bompas
SAINT-GEREON,Maison 130m² à saint-gereon,https://www.etreproprio.com/immobilier-23909437-vente-maison-130m-a-saint-gereon-saint-gereon
SARTROUVILLE,Exclusivite: 10 mn gare maison  5 pièce(s) 95 m2,https://www.etreproprio.com/immobilier-23910068-vente-exclusivite-10-mn-gare-maison-5-pieces-95-m2-sartrouville
GIF-SUR-YVETTE,Maison 158m² à gif-sur-yvette,https://www.etreproprio.com/immobilier-23828189-vente-maison-158m-a-gif-sur-yvette-gif-sur-yvette
LAUDUN-L'ARDOISE,Maison 153m² à laudun-l'ardoise,https://www.etreproprio.com/immobilier-23907697-vente-maison-153m-a-laudun-l-ardoise-laudun-l-ardoise
SARTROUVILLE,Maison sartrouville 109 m2,https://www.etreproprio.com/immobilier-23910116-vente-maison-sartrouville-109-m2-sartrouville
NEUILLY-SUR-MARNE,"Neuilly -sur-marne  ""quartier de l'avenir""",https://www.etreproprio.com/immobilier-23910267-vente-neuilly-sur-marne-quartier-de-l-avenir-neuilly-sur-marne
CAEN,Maison 135m² à caen,https://www.etreproprio.com/immobilier-23908042-vente-maison-135m-a-caen-caen
LOSCOUET-SUR-MEU,Maison 47m² à loscouet-sur-meu,https://www.etreproprio.com/immobilier-23910377-vente-maison-47m-a-loscouet-sur-meu-loscouet-sur-meu
BOUFFEMONT,Maison 129m² à bouffemont,https://www.etreproprio.com/immobilier-23910754-vente-maison-129m-a-bouffemont-bouffemont
LANNEANOU,Maison 123m² à lanneanou,https://www.etreproprio.com/immobilier-23884215-vente-maison-123m-a-lanneanou-lanneanou
LANNEANOU,Maison 50m² à lanneanou,https://www.etreproprio.com/immobilier-23863304-vente-maison-50m-a-lanneanou-lanneanou
LANNEANOU,Maison 100m² à lanneanou,https://www.etreproprio.com/immobilier-23832213-vente-maison-100m-a-lanneanou-lanneanou
LANNEANOU,Maison 104m² à lanneanou,https://www.etreproprio.com/immobilier-23810757-vente-maison-104m-a-lanneanou-lanneanou
LANNEANOU,Maison 77m² à lanneanou,https://www.etreproprio.com/immobilier-21990180-vente-maison-77m-a-lanneanou-lanneanou
LANNEANOU,Maison 80m² à lanneanou,https://www.etreproprio.com/immobilier-23459849-vente-maison-80m-a-lanneanou-lanneanou
LANNEANOU,Maison 38m² à lanneanou,https://www.etreproprio.com/immobilier-23756217-vente-maison-38m-a-lanneanou-lanneanou
LANNEANOU,Maison 85m² à lanneanou,https://www.etreproprio.com/immobilier-23611923-vente-maison-85m-a-lanneanou-lanneanou
LANNEANOU,Maison 77m² à lanneanou,https://www.etreproprio.com/immobilier-21944522-vente-maison-77m-a-lanneanou-lanneanou
LANNEDERN,Maison lannedern 6 pièce(s) 160 m2,https://www.etreproprio.com/immobilier-20686610-vente-maison-lannedern-6-pieces-160-m2-lannedern
FRANS,Maison 131m² à frans,https://www.etreproprio.com/immobilier-22305693-vente-maison-131m-a-frans-frans
HOUDAN,Immeuble avec 4 appartements loués investissement locatif à 20 mn de houdan,https://www.etreproprio.com/immobilier-23910274-vente-immeuble-avec-4-appartements-loues-investissement-locatif-a-20-mn-de-houdan-houdan
CHOLET,Maison 142m² à cholet,https://www.etreproprio.com/immobilier-23908077-vente-maison-142m-a-cholet-cholet
SAINT-CIRGUES-DE-JORDANNE,Un cocon de lumière et d’espace au cœur de la vallée de la jordanne.,https://www.etreproprio.com/immobilier-23908290-vente-un-cocon-de-lumiere-et-d-espace-au-coeur-de-la-vallee-de-la-jordanne-saint-cirgues-de-jordanne
PLOUGUENAST,Maison 94m² à plouguenast,https://www.etreproprio.com/immobilier-23910715-vente-maison-94m-a-plouguenast-plouguenast
TOULOUSE,Villa t8  de 195 m² - cugnaux,https://www.etreproprio.com/immobilier-23908559-vente-villa-t8-de-195-m-cugnaux-toulouse
CORNEILLA-LA-RIVIERE,Maison 96m² à corneilla-la-riviere,https://www.etreproprio.com/immobilier-23511422-vente-maison-96m-a-corneilla-la-riviere-corneilla-la-riviere
SARTROUVILLE,Maison sartrouville 3 pièce(s) 70 m2,https://www.etreproprio.com/immobilier-23910039-vente-maison-sartrouville-3-pieces-70-m2-sartrouville
DRAGUIGNAN,Maison 262m² à draguignan,https://www.etreproprio.com/immobilier-23397400-vente-maison-262m-a-draguignan-draguignan
BORDEAUX,Bordeaux – échoppe double avec jardin,https://www.etreproprio.com/immobilier-23909059-vente-bordeaux-echoppe-double-avec-jardin-bordeaux
SAINTE-ADRESSE,Maison 100m² à sainte-adresse,https://www.etreproprio.com/immobilier-23908039-vente-maison-100m-a-sainte-adresse-sainte-adresse
LEDAT,Maison de village avec terrasse,https://www.etreproprio.com/immobilier-22106037-vente-maison-de-village-avec-terrasse-ledat
SANNOIS,Maison 56m² à sannois,https://www.etreproprio.com/immobilier-23910821-vente-maison-56m-a-sannois-sannois
LES SABLES-D'OLONNE,Maison 3 chambres - quartier recherche,https://www.etreproprio.com/immobilier-23778536-vente-maison-3-chambres-quartier-recherche-les-sables-d-olonne
SAINT-AUBIN-DES-LANDES,Maison 286m² à saint-aubin-des-landes,https://www.etreproprio.com/immobilier-23908037-vente-maison-286m-a-saint-aubin-des-landes-saint-aubin-des-landes
HERBLAY,Herblay sur seine- 13 minutes gare,https://www.etreproprio.com/immobilier-23910272-vente-herblay-sur-seine-13-minutes-gare-herblay
SALON-DE-PROVENCE,"À vendre - charmante villa t4 de 90 m² à salon-de-provence avec jardin, garage et piscine",https://www.etreproprio.com/immobilier-23908917-vente-a-vendre-charmante-villa-t4-de-90-m-a-salon-de-provence-avec-jardin-garage-et-piscine-salon-de-provence
PESSAC,Maison 106m² à pessac,https://www.etreproprio.com/immobilier-23907967-vente-maison-106m-a-pessac-pessac
LE CANNET-DES-MAURES,Villa provençale de 240m² au coeur de la nature à vendre au cannet des maures,https://www.etreproprio.com/immobilier-23769484-vente-villa-provencale-de-240m-au-coeur-de-la-nature-a-vendre-au-cannet-des-maures-le-cannet-des-maures
GRAMBOIS,Grambois - villa d'env 85m² hab m² sur  8 000m² de parcelle,https://www.etreproprio.com/immobilier-23910175-vente-grambois-villa-d-env-85m-hab-m-sur-8-000m-de-parcelle-grambois
LANNILIS,Maison de maître a renover - 400 m2 - terrain constructible - lannilis,https://www.etreproprio.com/immobilier-23875775-vente-maison-de-maitre-a-renover-400-m2-terrain-constructible-lannilis-lannilis
LANNILIS,Maison 108m² à lannilis,https://www.etreproprio.com/immobilier-23842486-vente-maison-108m-a-lannilis-lannilis
LANNILIS,Maison 97m² à lannilis,https://www.etreproprio.com/immobilier-23829686-vente-maison-97m-a-lannilis-lannilis
LANNILIS,A vendre maison sur sous-sol complet à lannilis,https://www.etreproprio.com/immobilier-23818389-vente-a-vendre-maison-sur-sous-sol-complet-a-lannilis-lannilis
LANNILIS,Maison 130m² à lannilis,https://www.etreproprio.com/immobilier-23788004-vente-maison-130m-a-lannilis-lannilis
LANNILIS,Exclusivité a vendre maison lannilis 7 pièces115 m2 environ,https://www.etreproprio.com/immobilier-23788499-vente-exclusivite-a-vendre-maison-lannilis-7-pieces115-m2-environ-lannilis
LANNILIS,Propriété de caractère à lannilis – un lieu d’exception pour projet professionnel,https://www.etreproprio.com/immobilier-23792492-vente-propriete-de-caractere-a-lannilis-un-lieu-d-exception-pour-projet-professionnel-lannilis
LANNILIS,"Maison familiale à lannilis, proche commodités.",https://www.etreproprio.com/immobilier-23099489-vente-maison-familiale-a-lannilis-proche-commodites-lannilis
LANNILIS,Maison 187m² à lannilis,https://www.etreproprio.com/immobilier-23775188-vente-maison-187m-a-lannilis-lannilis
LANNILIS,Maison 128m² à lannilis,https://www.etreproprio.com/immobilier-23742636-vente-maison-128m-a-lannilis-lannilis
LANNILIS,Maison 129m² à lannilis,https://www.etreproprio.com/immobilier-23387324-vente-maison-129m-a-lannilis-lannilis
LANNILIS,Maison sur lannilis,https://www.etreproprio.com/immobilier-23705240-vente-maison-sur-lannilis-lannilis
LANNILIS,Maison avec 3 chambres à lannilis,https://www.etreproprio.com/immobilier-23261536-vente-maison-avec-3-chambres-a-lannilis-lannilis
LANNILIS,Maison 64m² à lannilis,https://www.etreproprio.com/immobilier-23620170-vente-maison-64m-a-lannilis-lannilis
LANNILIS,"Exclusivite maison à vendre à lannilis 6 pièces, jardin et garage au calme en impasse",https://www.etreproprio.com/immobilier-23610480-vente-exclusivite-maison-a-vendre-a-lannilis-6-pieces-jardin-et-garage-au-calme-en-impasse-lannilis
LANNILIS,Exclusivité lannilis - maison de 2007 avec extension de 2021,https://www.etreproprio.com/immobilier-23610479-vente-exclusivite-lannilis-maison-de-2007-avec-extension-de-2021-lannilis
LANNILIS,Maison 160m² à lannilis,https://www.etreproprio.com/immobilier-23601599-vente-maison-160m-a-lannilis-lannilis
LANNILIS,Maison 129m² à lannilis,https://www.etreproprio.com/immobilier-23582719-vente-maison-129m-a-lannilis-lannilis
LANNILIS,Maison  7 pièce(s),https://www.etreproprio.com/immobilier-22171740-vente-maison-7-pieces-lannilis
LANNILIS,Exclusivite lannilis maison familiale  9 pièces,https://www.etreproprio.com/immobilier-23521841-vente-exclusivite-lannilis-maison-familiale-9-pieces-lannilis
ORLEANS,Maison 200m² à orléans,https://www.etreproprio.com/immobilier-23908148-vente-maison-200m-a-orleans-orleans
SARTROUVILLE,Maison sartrouville 5 pièce(s) 78 m2,https://www.etreproprio.com/immobilier-23910081-vente-maison-sartrouville-5-pieces-78-m2-sartrouville
BOUTIGNY-SUR-ESSONNE,Maison 70m² à boutigny-sur-essonne,https://www.etreproprio.com/immobilier-23910598-vente-maison-70m-a-boutigny-sur-essonne-boutigny-sur-essonne
MARSEILLE-14E,Marseille 13014 les villas bon secours,https://www.etreproprio.com/immobilier-23908728-vente-marseille-13014-les-villas-bon-secours-marseille-14e
SARTROUVILLE,Maison sartrouville 4 pièce(s) 100 m2,https://www.etreproprio.com/immobilier-23910112-vente-maison-sartrouville-4-pieces-100-m2-sartrouville
VELINES,Maison velines 5 pièce(s) 101 m2,https://www.etreproprio.com/immobilier-23910975-vente-maison-velines-5-pieces-101-m2-velines
VACQUIERS,Maison 175m² à vacquiers,https://www.etreproprio.com/immobilier-23908981-vente-maison-175m-a-vacquiers-vacquiers
RAMBOUILLET,Rambouillet - hyper-centre : rare maison de ville de caractère avec grand jardin privatif,https://www.etreproprio.com/immobilier-22990231-vente-rambouillet-hyper-centre-rare-maison-de-ville-de-caractere-avec-grand-jardin-privatif-rambouillet
SAINT-ESTEVE,"Maison t3 de 62 m² de plain-pied, garage, terrasse, jardin, clim réversible",https://www.etreproprio.com/immobilier-23908533-vente-maison-t3-de-62-m-de-plain-pied-garage-terrasse-jardin-clim-reversible-saint-esteve
THEZAN-DES-CORBIERES,Maison 111m² à thezan-des-corbieres,https://www.etreproprio.com/immobilier-23910915-vente-maison-111m-a-thezan-des-corbieres-thezan-des-corbieres
DAMMARTIN-EN-GOELE,Maison 79m² à dammartin-en-goele,https://www.etreproprio.com/immobilier-23908018-vente-maison-79m-a-dammartin-en-goele-dammartin-en-goele
AUBEVOYE,Maison 113m² à aubevoye,https://www.etreproprio.com/immobilier-23908179-vente-maison-113m-a-aubevoye-aubevoye
NEMOURS,Maison  proche gare  5 mns à pied,https://www.etreproprio.com/immobilier-23911013-vente-maison-proche-gare-5-mns-a-pied-nemours
CHEVRIERES,Maison secteur chevrières 5 pièce(s) 85 m2,https://www.etreproprio.com/immobilier-23910327-vente-maison-secteur-chevrieres-5-pieces-85-m2-chevrieres
BELLEVILLE,Vente d'une maison 5 pièces avec piscine et garage à belleville en beaujolais,https://www.etreproprio.com/immobilier-23908175-vente-vente-d-une-maison-5-pieces-avec-piscine-et-garage-a-belleville-en-beaujolais-belleville
ETERVILLE,"Maison de 138m2, 4 chambres construite en 2024 !",https://www.etreproprio.com/immobilier-23907450-vente-maison-de-138m2-4-chambres-construite-en-2024-eterville
SIX-FOURS-LES-PLAGES,Maison 131m² à six-fours-les-plages,https://www.etreproprio.com/immobilier-23907867-vente-maison-131m-a-six-fours-les-plages-six-fours-les-plages
SUCE-SUR-ERDRE,Maison 84m² à suce-sur-erdre,https://www.etreproprio.com/immobilier-23844050-vente-maison-84m-a-suce-sur-erdre-suce-sur-erdre
BOULOGNE-SUR-GESSE,Maison 130m² à boulogne-sur-gesse,https://www.etreproprio.com/immobilier-23908273-vente-maison-130m-a-boulogne-sur-gesse-boulogne-sur-gesse
OINVILLE-SUR-MONTCIENT,Maison 283m² à oinville-sur-montcient,https://www.etreproprio.com/immobilier-23909588-vente-maison-283m-a-oinville-sur-montcient-oinville-sur-montcient
LANRIVOARE,"Maison lanrivoare, 6 pièces 126 m2 terrain de 1800 m2",https://www.etreproprio.com/immobilier-23903519-vente-maison-lanrivoare-6-pieces-126-m2-terrain-de-1800-m2-lanrivoare
SAINT-HIPPOLYTE,Vente maison saint-hippolyte(66510) 295 000ï¿œ,https://www.etreproprio.com/immobilier-23909554-vente-vente-maison-saint-hippolyte66510-295-000i-oe-saint-hippolyte
NIZAS,Maison 165m² à nizas,https://www.etreproprio.com/immobilier-23909246-vente-maison-165m-a-nizas-nizas
ANGERS,Maison 132m² à angers,https://www.etreproprio.com/immobilier-23125394-vente-maison-132m-a-angers-angers
ECAUVILLE,Maison 68m² à ecauville,https://www.etreproprio.com/immobilier-23910729-vente-maison-68m-a-ecauville-ecauville
NARBONNE,Villa neuve t4 de 123 m²,https://www.etreproprio.com/immobilier-23909184-vente-villa-neuve-t4-de-123-m-narbonne
DOMMARTIN-AUX-BOIS,Maison 296m² à dommartin-aux-bois,https://www.etreproprio.com/immobilier-23503061-vente-maison-296m-a-dommartin-aux-bois-dommartin-aux-bois
FEIGNIES,Maison 108m² à feignies,https://www.etreproprio.com/immobilier-23907194-vente-maison-108m-a-feignies-feignies
CAPINGHEM,Maison 1930 de 160 m²  lomme - lille,https://www.etreproprio.com/immobilier-23909166-vente-maison-1930-de-160-m-lomme-lille-capinghem
GALLARGUES-LE-MONTUEUX,Maison 45m² à gallargues-le-montueux,https://www.etreproprio.com/immobilier-23908075-vente-maison-45m-a-gallargues-le-montueux-gallargues-le-montueux
LA CIOTAT,Haut de villa avec jardin privatif - la ciotat,https://www.etreproprio.com/immobilier-23908538-vente-haut-de-villa-avec-jardin-privatif-la-ciotat-la-ciotat
LAGNES,Maison 90m² à lagnes,https://www.etreproprio.com/immobilier-23910611-vente-maison-90m-a-lagnes-lagnes
PACE,En campagne,https://www.etreproprio.com/immobilier-23627657-vente-en-campagne-pace
CHATEAU-GAILLARD,Maison - t4 - 80 m2,https://www.etreproprio.com/immobilier-23909864-vente-maison-t4-80-m2-chateau-gaillard
SAINT-ETIENNE-DU-ROUVRAY,Maison 114m² à saint-etienne-du-rouvray,https://www.etreproprio.com/immobilier-23909211-vente-maison-114m-a-saint-etienne-du-rouvray-saint-etienne-du-rouvray
LAUZERVILLE,Maison 4 chambre(s) à vendre,https://www.etreproprio.com/immobilier-23909467-vente-maison-4-chambres-a-vendre-lauzerville
LE CANNET-DES-MAURES,Maison 160m² à le cannet-des-maures,https://www.etreproprio.com/immobilier-22873286-vente-maison-160m-a-le-cannet-des-maures-le-cannet-des-maures
LE BOUSCAT,Modernité et de sérénité au cœur du bouscat,https://www.etreproprio.com/immobilier-23908886-vente-modernite-et-de-serenite-au-coeur-du-bouscat-le-bouscat
LE MUY,Le muy limite les arcs vue sur le rocher de roquebrune,https://www.etreproprio.com/immobilier-23908946-vente-le-muy-limite-les-arcs-vue-sur-le-rocher-de-roquebrune-le-muy
FONTENAY-SOUS-BOIS,Maison 115m² à fontenay-sous-bois,https://www.etreproprio.com/immobilier-23909586-vente-maison-115m-a-fontenay-sous-bois-fontenay-sous-bois
PLAILLY,5 pièces 110m² -,https://www.etreproprio.com/immobilier-23909342-vente-5-pieces-110m-plailly
LANNILIS,Charmante maison au cœur de lannilis à vendre 6 pièces lannilis (29),https://www.etreproprio.com/immobilier-23484843-vente-charmante-maison-au-coeur-de-lannilis-a-vendre-6-pieces-lannilis-29-lannilis
LANNILIS,Maison 60m² à lannilis,https://www.etreproprio.com/immobilier-23481319-vente-maison-60m-a-lannilis-lannilis
LANNILIS,Maison 121m² à lannilis,https://www.etreproprio.com/immobilier-23403767-vente-maison-121m-a-lannilis-lannilis
LANNILIS,"Lannilis centre ville, maison t7",https://www.etreproprio.com/immobilier-23147012-vente-lannilis-centre-ville-maison-t7-lannilis
LANNILIS,"Lannilis centre ville, maison t7",https://www.etreproprio.com/immobilier-23147013-vente-lannilis-centre-ville-maison-t7-lannilis
LANNILIS,Maison 240 m2 lannilis,https://www.etreproprio.com/immobilier-22306009-vente-maison-240-m2-lannilis-lannilis
LANNILIS,Maison 119m² à lannilis,https://www.etreproprio.com/immobilier-22992363-vente-maison-119m-a-lannilis-lannilis
LANNILIS,Maison neuve lannilis,https://www.etreproprio.com/immobilier-22905687-vente-maison-neuve-lannilis-lannilis
LANNILIS,Maison de plain-pied de 102 m²,https://www.etreproprio.com/immobilier-22445031-vente-maison-de-plain-pied-de-102-m-lannilis
LANNILIS,Maison  6 pièce(s) 4 ch,https://www.etreproprio.com/immobilier-17339903-vente-maison-6-pieces-4-ch-lannilis
LANVEOC,Maison à vendre 15 pièces lanveoc (29),https://www.etreproprio.com/immobilier-22648757-vente-maison-a-vendre-15-pieces-lanveoc-29-lanveoc
LANVEOC,"Spacieuse maison familiale avec jardin, proche du centre de lanvéoc",https://www.etreproprio.com/immobilier-23726307-vente-spacieuse-maison-familiale-avec-jardin-proche-du-centre-de-lanveoc-lanveoc
LANVEOC,Beaucoup de charme pour cette belle maison en bois chic et cosy situé au coeur d'un petit hameau de la presqu'île de crozon,https://www.etreproprio.com/immobilier-23725232-vente-beaucoup-de-charme-pour-cette-belle-maison-en-bois-chic-et-cosy-situe-au-coeur-d-un-petit-hameau-de-la-presqu-ile-de-crozon-lanveoc
LANVEOC,Lanveoc maison t5 avec sous sol à proximité des commerces et des plages,https://www.etreproprio.com/immobilier-22342788-vente-lanveoc-maison-t5-avec-sous-sol-a-proximite-des-commerces-et-des-plages-lanveoc
LANVEOC,Lanveoc maison t5 avec sous sol à proximité des commerces et des plages,https://www.etreproprio.com/immobilier-22342787-vente-lanveoc-maison-t5-avec-sous-sol-a-proximite-des-commerces-et-des-plages-lanveoc
LANVEOC,Maison à vendre 6 pièces le fret (29),https://www.etreproprio.com/immobilier-22561999-vente-maison-a-vendre-6-pieces-le-fret-29-lanveoc
LANVEOC,"Lanvéoc – ensemble de gîtes de charme, rénové avec goût, entre campagne et mer",https://www.etreproprio.com/immobilier-23530603-vente-lanveoc-ensemble-de-gites-de-charme-renove-avec-gout-entre-campagne-et-mer-lanveoc
LANVEOC,Maison lanvéoc 9 pièce(s) 224 m2,https://www.etreproprio.com/immobilier-23513163-vente-maison-lanveoc-9-pieces-224-m2-lanveoc
LANVEOC,Maison 224m² à lanveoc,https://www.etreproprio.com/immobilier-23515155-vente-maison-224m-a-lanveoc-lanveoc
LANVEOC,"Lanveoc – magnifique maison traditionnelle avec vue panoramique sur la rade de brest, à proximité du port",https://www.etreproprio.com/immobilier-23507864-vente-lanveoc-magnifique-maison-traditionnelle-avec-vue-panoramique-sur-la-rade-de-brest-a-proximite-du-port-lanveoc
LANVEOC,Exclusivite - en bord de mer,https://www.etreproprio.com/immobilier-21874376-vente-exclusivite-en-bord-de-mer-lanveoc
LANVEOC,Charmante néo-bretonne à lanvéoc avec une petite vue sur la rade de brest .,https://www.etreproprio.com/immobilier-22583601-vente-charmante-neo-bretonne-a-lanveoc-avec-une-petite-vue-sur-la-rade-de-brest-lanveoc
LANVEOC,Maison à vendre 5 pièces lanveoc (29),https://www.etreproprio.com/immobilier-23022033-vente-maison-a-vendre-5-pieces-lanveoc-29-lanveoc
LANVEOC,Maison de style néo-bretonne à proximité du centre-ville,https://www.etreproprio.com/immobilier-21914995-vente-maison-de-style-neo-bretonne-a-proximite-du-centre-ville-lanveoc
LANVEOC,Maison de style néo-bretonne à proximité du centre-ville,https://www.etreproprio.com/immobilier-21915064-vente-maison-de-style-neo-bretonne-a-proximite-du-centre-ville-lanveoc
LANVEOC,Charmante maison néo-bretonne située à proximité des services,https://www.etreproprio.com/immobilier-22382947-vente-charmante-maison-neo-bretonne-situee-a-proximite-des-services-lanveoc
LANVEOC,"""crozon le fret – élégante maison traditionnelle avec vue dégagée sur le port""",https://www.etreproprio.com/immobilier-22964836-vente-crozon-le-fret-elegante-maison-traditionnelle-avec-vue-degagee-sur-le-port-lanveoc
LANVEOC,Maison à vendre 8 pièces lanveoc (29),https://www.etreproprio.com/immobilier-22305003-vente-maison-a-vendre-8-pieces-lanveoc-29-lanveoc
LANVEOC,Maison familiale à vendre à lanvéoc - vue mer et accès privé,https://www.etreproprio.com/immobilier-22473325-vente-maison-familiale-a-vendre-a-lanveoc-vue-mer-et-acces-prive-lanveoc
LANVEOC,Maison de 108 m2,https://www.etreproprio.com/immobilier-22224621-vente-maison-de-108-m2-lanveoc
SARTROUVILLE,Maison sartrouville,https://www.etreproprio.com/immobilier-23910060-vente-maison-sartrouville-sartrouville
FREJUS,Saint-aygulf – maison de 250m² avec vue sur mer et piscine à vendre,https://www.etreproprio.com/immobilier-23909224-vente-saint-aygulf-maison-de-250m-avec-vue-sur-mer-et-piscine-a-vendre-frejus
AINAY-LE-CHATEAU,Maison 3 chambres  85 m²,https://www.etreproprio.com/immobilier-22338317-vente-maison-3-chambres-85-m-ainay-le-chateau
PONTCHATEAU,Maison 182m² à pontchateau,https://www.etreproprio.com/immobilier-23910795-vente-maison-182m-a-pontchateau-pontchateau
DOLE,Maison 130m² à dole,https://www.etreproprio.com/immobilier-23910509-vente-maison-130m-a-dole-dole
LABASTIDE-CEZERACQ,Maison 88m² à labastide-cezeracq,https://www.etreproprio.com/immobilier-23910601-vente-maison-88m-a-labastide-cezeracq-labastide-cezeracq
MERU,Maison  méru  - 6 pièce(s) - 160 m2,https://www.etreproprio.com/immobilier-23628737-vente-maison-meru-6-pieces-160-m2-meru
AGDE,Maison 205m² à agde,https://www.etreproprio.com/immobilier-23908920-vente-maison-205m-a-agde-agde
SURESNES,Maison  3 pièces / 75.12 m2/ suresnes / carnot - gambetta,https://www.etreproprio.com/immobilier-23910357-vente-maison-3-pieces-7512-m2-suresnes-carnot-gambetta-suresnes
BARBEZIEUX-SAINT-HILAIRE,Maison d'architecte de 225m² et gite independant sur une parcelle de 4000 m²,https://www.etreproprio.com/immobilier-23907523-vente-maison-d-architecte-de-225m-et-gite-independant-sur-une-parcelle-de-4000-m-barbezieux-saint-hilaire
ISTRES,Maison 54m² à istres,https://www.etreproprio.com/immobilier-23745816-vente-maison-54m-a-istres-istres
JUILLAGUET,Maison 227m² à juillaguet,https://www.etreproprio.com/immobilier-22725604-vente-maison-227m-a-juillaguet-juillaguet
SAINT-HILAIRE-DE-RIEZ,4 pièces 85m² -,https://www.etreproprio.com/immobilier-23909330-vente-4-pieces-85m-saint-hilaire-de-riez
SAINT-JUST-SAINT-RAMBERT,Maison 380m² à saint-just-saint-rambert,https://www.etreproprio.com/immobilier-23907835-vente-maison-380m-a-saint-just-saint-rambert-saint-just-saint-rambert
PLOEMEUR,Maison 200m² à ploemeur,https://www.etreproprio.com/immobilier-23910876-vente-maison-200m-a-ploemeur-ploemeur
PERPIGNAN,Vente maison perpignan(66000) 209 000ï¿œ,https://www.etreproprio.com/immobilier-23909534-vente-vente-maison-perpignan66000-209-000i-oe-perpignan
SAINTE-MAURE-DE-TOURAINE,Maison 117m² à sainte-maure-de-touraine,https://www.etreproprio.com/immobilier-23532138-vente-maison-117m-a-sainte-maure-de-touraine-sainte-maure-de-touraine
LOMBEZ,Maison 183m² à lombez,https://www.etreproprio.com/immobilier-23910691-vente-maison-183m-a-lombez-lombez
VIF,Maison 94m² à vif,https://www.etreproprio.com/immobilier-23910847-vente-maison-94m-a-vif-vif
SAINT-NABORD,Maison 130m² à saint-nabord,https://www.etreproprio.com/immobilier-23911076-vente-maison-130m-a-saint-nabord-saint-nabord
LAZ,Maison 119m² à laz,https://www.etreproprio.com/immobilier-23330726-vente-maison-119m-a-laz-laz
LAZ,Maison en pierre dans un bois,https://www.etreproprio.com/immobilier-23781923-vente-maison-en-pierre-dans-un-bois-laz
LAZ,Maison 148m² à laz,https://www.etreproprio.com/immobilier-23545834-vente-maison-148m-a-laz-laz
LAZ,Maison 4 chambres à laz,https://www.etreproprio.com/immobilier-23505947-vente-maison-4-chambres-a-laz-laz
LAZ,Maison 132m² à laz,https://www.etreproprio.com/immobilier-22992245-vente-maison-132m-a-laz-laz
LAZ,Maison 75m² à laz,https://www.etreproprio.com/immobilier-22697959-vente-maison-75m-a-laz-laz
LANVEOC,Maison de 108 m2,https://www.etreproprio.com/immobilier-22224967-vente-maison-de-108-m2-lanveoc
LANVEOC,"Lanvéoc maison t8  proximité des commerces,vue mer panoramique et  accès direct à la grève",https://www.etreproprio.com/immobilier-21935200-vente-lanveoc-maison-t8-proximite-des-commercesvue-mer-panoramique-et-acces-direct-a-la-greve-lanveoc
LANVEOC,"Lanvéoc maison t8  proximité des commerces,vue mer panoramique et  accès direct à la grève",https://www.etreproprio.com/immobilier-21935201-vente-lanveoc-maison-t8-proximite-des-commercesvue-mer-panoramique-et-acces-direct-a-la-greve-lanveoc
LANVEOC,Maison néo-bretonne avec vue mer - centre lanvéoc,https://www.etreproprio.com/immobilier-22142435-vente-maison-neo-bretonne-avec-vue-mer-centre-lanveoc-lanveoc
LANSARGUES,"Maison contemporaine 125 m² avec piscine, jardin paysagé et toit terrasse - lansargues",https://www.etreproprio.com/immobilier-23908596-vente-maison-contemporaine-125-m-avec-piscine-jardin-paysage-et-toit-terrasse-lansargues-lansargues
MONTLOUIS-SUR-LOIRE,Maison 100m² à montlouis-sur-loire,https://www.etreproprio.com/immobilier-23709090-vente-maison-100m-a-montlouis-sur-loire-montlouis-sur-loire
FONTENAY-SOUS-BOIS,Maison 121m² à fontenay-sous-bois,https://www.etreproprio.com/immobilier-23909587-vente-maison-121m-a-fontenay-sous-bois-fontenay-sous-bois
MONTEREAU-FAULT-YONNE,Maison 112m² à montereau-fault-yonne,https://www.etreproprio.com/immobilier-23910707-vente-maison-112m-a-montereau-fault-yonne-montereau-fault-yonne
SAINT-CYPRIEN,Maison t6 / jardin / garage saint-cyprien plage,https://www.etreproprio.com/immobilier-23908780-vente-maison-t6-jardin-garage-saint-cyprien-plage-saint-cyprien
SAINT-NAZAIRE,Maison 150m² à saint-nazaire,https://www.etreproprio.com/immobilier-23908092-vente-maison-150m-a-saint-nazaire-saint-nazaire
MEULAN,Maison meulan en yvelines 7 pièce(s) - 5 chambres,https://www.etreproprio.com/immobilier-23909237-vente-maison-meulan-en-yvelines-7-pieces-5-chambres-meulan
ETALANTE,Ensemble immobilier de deux maisons(300m2)  rénovées avec un terrain arboré de 3700m2 proche de dijon (45mn),https://www.etreproprio.com/immobilier-23907410-vente-ensemble-immobilier-de-deux-maisons300m2-renovees-avec-un-terrain-arbore-de-3700m2-proche-de-dijon-45mn-etalante
MAURY,Vente maison maury(66460) 195 000ï¿œ,https://www.etreproprio.com/immobilier-23909541-vente-vente-maison-maury66460-195-000i-oe-maury
LA FRETTE-SUR-SEINE,Maison neuve en bois - 5 min à pied de la gare de la frette-montigny,https://www.etreproprio.com/immobilier-23909971-vente-maison-neuve-en-bois-5-min-a-pied-de-la-gare-de-la-frette-montigny-la-frette-sur-seine
L'ARBRESLE,Maison de 185 m² avec 5 chambres et un studio indépendant sur une parcelle de 1500 m²,https://www.etreproprio.com/immobilier-23908663-vente-maison-de-185-m-avec-5-chambres-et-un-studio-independant-sur-une-parcelle-de-1500-m-l-arbresle
CANET-EN-ROUSSILLON,Vente maison canet-en-roussillon(66140) 459 900ï¿œ,https://www.etreproprio.com/immobilier-23909518-vente-vente-maison-canet-en-roussillon66140-459-900i-oe-canet-en-roussillon
BAGNOLS-EN-FORET,Maison 120m² à bagnols-en-foret,https://www.etreproprio.com/immobilier-23910485-vente-maison-120m-a-bagnols-en-foret-bagnols-en-foret
MERIGNAC,Maison 208m² à merignac,https://www.etreproprio.com/immobilier-23910662-vente-maison-208m-a-merignac-merignac
REZE,Maison 1929 à rénover ou démolir - proche pont rousseau,https://www.etreproprio.com/immobilier-23909043-vente-maison-1929-a-renover-ou-demolir-proche-pont-rousseau-reze
BONDUES,Maison bois d'achelles,https://www.etreproprio.com/immobilier-20437494-vente-maison-bois-d-achelles-bondues
PLAN-DE-LA-TOUR,Maison 200m² à plan-de-la-tour,https://www.etreproprio.com/immobilier-20639414-vente-maison-200m-a-plan-de-la-tour-plan-de-la-tour
TOURS,Maison tours 4 pièce(s),https://www.etreproprio.com/immobilier-23242520-vente-maison-tours-4-pieces-tours
FLEYS,Maison ancienne à fleys,https://www.etreproprio.com/immobilier-23909868-vente-maison-ancienne-a-fleys-fleys
SAINT-ETIENNE-DU-ROUVRAY,Maison 84m² à saint-etienne-du-rouvray,https://www.etreproprio.com/immobilier-23909205-vente-maison-84m-a-saint-etienne-du-rouvray-saint-etienne-du-rouvray
LENNON,Maison 135m² à lennon,https://www.etreproprio.com/immobilier-23811792-vente-maison-135m-a-lennon-lennon
LENNON,Maison de campagne,https://www.etreproprio.com/immobilier-23407711-vente-maison-de-campagne-lennon
LENNON,Un havre de paix à lennon,https://www.etreproprio.com/immobilier-22643016-vente-un-havre-de-paix-a-lennon-lennon
LENNON,Maison 146m² à lennon,https://www.etreproprio.com/immobilier-22518737-vente-maison-146m-a-lennon-lennon
LENNON,Maison 110m² à lennon,https://www.etreproprio.com/immobilier-11762553-vente-maison-110m-a-lennon-lennon
LENNON,Lennon jolie maison de pays de type 4,https://www.etreproprio.com/immobilier-20900313-vente-lennon-jolie-maison-de-pays-de-type-4-lennon
LESNEVEN,Maison 160m² à lesneven,https://www.etreproprio.com/immobilier-22092209-vente-maison-160m-a-lesneven-lesneven
LESNEVEN,Maison lesneven 80 m²,https://www.etreproprio.com/immobilier-23741297-vente-maison-lesneven-80-m-lesneven
LESNEVEN,Maison 64m² à lesneven,https://www.etreproprio.com/immobilier-23804464-vente-maison-64m-a-lesneven-lesneven
LESNEVEN,Maison sur lesneven,https://www.etreproprio.com/immobilier-23802302-vente-maison-sur-lesneven-lesneven
LESNEVEN,Maison lesneven,https://www.etreproprio.com/immobilier-23779354-vente-maison-lesneven-lesneven
LESNEVEN,Maison 115m² à lesneven,https://www.etreproprio.com/immobilier-23773468-vente-maison-115m-a-lesneven-lesneven
LESNEVEN,Maison 135m² à lesneven,https://www.etreproprio.com/immobilier-23773469-vente-maison-135m-a-lesneven-lesneven
LESNEVEN,Maison 125m² à lesneven,https://www.etreproprio.com/immobilier-23749386-vente-maison-125m-a-lesneven-lesneven
LESNEVEN,Maison 113m² à lesneven,https://www.etreproprio.com/immobilier-23745477-vente-maison-113m-a-lesneven-lesneven
LESNEVEN,Lesneven proximité centre,https://www.etreproprio.com/immobilier-22049597-vente-lesneven-proximite-centre-lesneven
LESNEVEN,Maison 113m² à lesneven,https://www.etreproprio.com/immobilier-22602297-vente-maison-113m-a-lesneven-lesneven
LESNEVEN,Maison - 4 chambres - quartier calme,https://www.etreproprio.com/immobilier-22928274-vente-maison-4-chambres-quartier-calme-lesneven
LESNEVEN,À vendre : maison familiale de caractère à lesneven,https://www.etreproprio.com/immobilier-23469766-vente-a-vendre-maison-familiale-de-caractere-a-lesneven-lesneven
LESNEVEN,Maison 116m² à lesneven,https://www.etreproprio.com/immobilier-23388639-vente-maison-116m-a-lesneven-lesneven
LESNEVEN,Lesneven - centre ville appartement + local commercial,https://www.etreproprio.com/immobilier-22499492-vente-lesneven-centre-ville-appartement-local-commercial-lesneven
LESNEVEN,Lesneven - centre ville appartement + local commercial,https://www.etreproprio.com/immobilier-22499491-vente-lesneven-centre-ville-appartement-local-commercial-lesneven
LESNEVEN,Maison en pierre lesneven 105m²,https://www.etreproprio.com/immobilier-22211359-vente-maison-en-pierre-lesneven-105m-lesneven
LESNEVEN,Ensemble immobilier à vendre,https://www.etreproprio.com/immobilier-22030100-vente-ensemble-immobilier-a-vendre-lesneven
LESNEVEN,À vendre – belle maison familiale avec vaste sous-sol aménageable et jardin entretenu,https://www.etreproprio.com/immobilier-23148459-vente-a-vendre-belle-maison-familiale-avec-vaste-sous-sol-amenageable-et-jardin-entretenu-lesneven
LESNEVEN,Maison 155m² à lesneven,https://www.etreproprio.com/immobilier-20643550-vente-maison-155m-a-lesneven-lesneven
AUBENTON,Maison 212m² à aubenton,https://www.etreproprio.com/immobilier-23503353-vente-maison-212m-a-aubenton-aubenton
REMY,Maison 173m² à remy,https://www.etreproprio.com/immobilier-23910916-vente-maison-173m-a-remy-remy
BEAUCHAMP,Maison beauchamp 5 pièce(s) 108.39 m2,https://www.etreproprio.com/immobilier-23909644-vente-maison-beauchamp-5-pieces-10839-m2-beauchamp
CONFLANS-SAINTE-HONORINE,Maison 134m² à conflans-sainte-honorine,https://www.etreproprio.com/immobilier-23909475-vente-maison-134m-a-conflans-sainte-honorine-conflans-sainte-honorine
SCEAUX,Maison 100m² à sceaux,https://www.etreproprio.com/immobilier-23907636-vente-maison-100m-a-sceaux-sceaux
VILLENNES-SUR-SEINE,"Magnifique maison, jardin boisé couleurs et écureuils à10' gare de villenes-sur-seine",https://www.etreproprio.com/immobilier-23909805-vente-magnifique-maison-jardin-boise-couleurs-et-ecureuils-a10-gare-de-villenes-sur-seine-villennes-sur-seine
RONCQ,Maison 133m² à roncq,https://www.etreproprio.com/immobilier-23910945-vente-maison-133m-a-roncq-roncq
CHARLEVILLE-MEZIERES,Maison 170m² à charleville-mezieres,https://www.etreproprio.com/immobilier-23910477-vente-maison-170m-a-charleville-mezieres-charleville-mezieres
NIMES,Villa neuve 6 pièces • 182 m2 • terrain 1 621 m2,https://www.etreproprio.com/immobilier-23907328-vente-villa-neuve-6-pieces-182-m2-terrain-1-621-m2-nimes
VAUDRICOURT,Maison vaudricourt 2 pièce(s) 26 m2,https://www.etreproprio.com/immobilier-23910209-vente-maison-vaudricourt-2-pieces-26-m2-vaudricourt
NANTES,Nantes - saint joseph de porterie maison t6,https://www.etreproprio.com/immobilier-23909082-vente-nantes-saint-joseph-de-porterie-maison-t6-nantes
COUBRON,Maison 130m² à coubron,https://www.etreproprio.com/immobilier-22082218-vente-maison-130m-a-coubron-coubron
PIERRE-DE-BRESSE,Maison 233m² à pierre-de-bresse,https://www.etreproprio.com/immobilier-23910311-vente-maison-233m-a-pierre-de-bresse-pierre-de-bresse
SISCO,Maison 40m² à sisco,https://www.etreproprio.com/immobilier-23907782-vente-maison-40m-a-sisco-sisco
SAINT-NAZAIRE,Maison 131m² à saint-nazaire,https://www.etreproprio.com/immobilier-23908098-vente-maison-131m-a-saint-nazaire-saint-nazaire
PONTCARRE,Maison 455m² à pontcarre,https://www.etreproprio.com/immobilier-23910379-vente-maison-455m-a-pontcarre-pontcarre
GEVEZE,En campagne,https://www.etreproprio.com/immobilier-23606473-vente-en-campagne-geveze
SALIGNY,Maison 75m² à saligny,https://www.etreproprio.com/immobilier-23617925-vente-maison-75m-a-saligny-saligny
CHAUMONT,Maison à chaumont,https://www.etreproprio.com/immobilier-22689933-vente-maison-a-chaumont-chaumont
RABASTENS-DE-BIGORRE,"Atypique villa contemporaine 197m² plain pied, 4 chambres, 1 bureau, double garage, piscine, cuisne et salon d'été, jacuzzi",https://www.etreproprio.com/immobilier-23909662-vente-atypique-villa-contemporaine-197m-plain-pied-4-chambres-1-bureau-double-garage-piscine-cuisne-et-salon-d-ete-jacuzzi-rabastens-de-bigorre
LEUHAN,Maison 127m² à leuhan,https://www.etreproprio.com/immobilier-23884312-vente-maison-127m-a-leuhan-leuhan
LEUHAN,Maison 148m² à leuhan,https://www.etreproprio.com/immobilier-23008809-vente-maison-148m-a-leuhan-leuhan
LEUHAN,Maison 210m² à leuhan,https://www.etreproprio.com/immobilier-23788801-vente-maison-210m-a-leuhan-leuhan
LEUHAN,Maison 230m² à leuhan,https://www.etreproprio.com/immobilier-23788796-vente-maison-230m-a-leuhan-leuhan
LEUHAN,Maison 97m² à leuhan,https://www.etreproprio.com/immobilier-23485031-vente-maison-97m-a-leuhan-leuhan
LEUHAN,Maison 1275m² à leuhan,https://www.etreproprio.com/immobilier-22626916-vente-maison-1275m-a-leuhan-leuhan
LEUHAN,#553 maison 110m2 en campagne,https://www.etreproprio.com/immobilier-23427370-vente-553-maison-110m2-en-campagne-leuhan
LEUHAN,Maison 190m² à leuhan,https://www.etreproprio.com/immobilier-23387527-vente-maison-190m-a-leuhan-leuhan
LEUHAN,Maison 350m² à leuhan,https://www.etreproprio.com/immobilier-22595499-vente-maison-350m-a-leuhan-leuhan
LEUHAN,#468 a vendre - maison - leuhan - 130m2,https://www.etreproprio.com/immobilier-23028231-vente-468-a-vendre-maison-leuhan-130m2-leuhan
LEUHAN,Maison de campagne avec plus d'un ha,https://www.etreproprio.com/immobilier-22226902-vente-maison-de-campagne-avec-plus-d-un-ha-leuhan
LEUHAN,29390 leuhan maison de 80 m² 2 chambres beau salon séjour dépendance et 1.1 hectare,https://www.etreproprio.com/immobilier-22583055-vente-29390-leuhan-maison-de-80-m-2-chambres-beau-salon-sejour-dependance-et-11-hectare-leuhan
LEUHAN,"À vendre  restaurant avec murs commerciaux et logement  leuhan (29), à proximité du château de trévarez",https://www.etreproprio.com/immobilier-22508383-vente-a-vendre-restaurant-avec-murs-commerciaux-et-logement-leuhan-29-a-proximite-du-chateau-de-trevarez-leuhan
LEUHAN,29390 leuhan maison 4 chambres séjour cuisine 32 m² sur 1600 m² avec hangar de 160 m²,https://www.etreproprio.com/immobilier-22131869-vente-29390-leuhan-maison-4-chambres-sejour-cuisine-32-m-sur-1600-m-avec-hangar-de-160-m-leuhan
LEUHAN,Belle propriété familiale sur leuhan,https://www.etreproprio.com/immobilier-21097333-vente-belle-propriete-familiale-sur-leuhan-leuhan
LEUHAN,Superbe propriete ideal pour chevaux,https://www.etreproprio.com/immobilier-20293332-vente-superbe-propriete-ideal-pour-chevaux-leuhan
LESNEVEN,Maison 120m² à lesneven,https://www.etreproprio.com/immobilier-22946702-vente-maison-120m-a-lesneven-lesneven
LESNEVEN,Demeure de prestige et d'exception - 371 m²,https://www.etreproprio.com/immobilier-22860861-vente-demeure-de-prestige-et-d-exception-371-m-lesneven
LESNEVEN,Ensemble immobilier de 2 maisons - proche lesneven,https://www.etreproprio.com/immobilier-21044429-vente-ensemble-immobilier-de-2-maisons-proche-lesneven-lesneven
LESNEVEN,Maison 174m² à lesneven,https://www.etreproprio.com/immobilier-22675618-vente-maison-174m-a-lesneven-lesneven
LESNEVEN,Maison à vendre à lesneven,https://www.etreproprio.com/immobilier-22595885-vente-maison-a-vendre-a-lesneven-lesneven
LESNEVEN,Maison de ville à lesneven,https://www.etreproprio.com/immobilier-22345046-vente-maison-de-ville-a-lesneven-lesneven
LESNEVEN,Maison 180m² à lesneven,https://www.etreproprio.com/immobilier-19714344-vente-maison-180m-a-lesneven-lesneven
LESNEVEN,Maison 250m² à lesneven,https://www.etreproprio.com/immobilier-19091026-vente-maison-250m-a-lesneven-lesneven
ORLEANS,Maison à orleans,https://www.etreproprio.com/immobilier-23909396-vente-maison-a-orleans-orleans
DEUIL-LA-BARRE,"Maison, deuil la barre 7 pièce(s), 120m²",https://www.etreproprio.com/immobilier-23871694-vente-maison-deuil-la-barre-7-pieces-120m-deuil-la-barre
LAON,Maison 117m² à laon,https://www.etreproprio.com/immobilier-23908291-vente-maison-117m-a-laon-laon
GISORS,Proche chaumont,https://www.etreproprio.com/immobilier-22007419-vente-proche-chaumont-gisors
NOYANT-DE-TOURAINE,Maison 174m² à noyant-de-touraine,https://www.etreproprio.com/immobilier-23910862-vente-maison-174m-a-noyant-de-touraine-noyant-de-touraine
TERMINIERS,Maison 1 chambre(s) à vendre,https://www.etreproprio.com/immobilier-21084248-vente-maison-1-chambres-a-vendre-terminiers
BARBATRE,Maison barbâtre,https://www.etreproprio.com/immobilier-21951157-vente-maison-barbatre-barbatre
SAINT-QUENTIN,Maison 130m² à saint-quentin,https://www.etreproprio.com/immobilier-23306585-vente-maison-130m-a-saint-quentin-saint-quentin
TOULOUSE,"Maison t4 de 80 m², quartier château de l'hers",https://www.etreproprio.com/immobilier-23908949-vente-maison-t4-de-80-m-quartier-chateau-de-l-hers-toulouse
NYONS,Charmante maison r+1 de 132 m² habitables,https://www.etreproprio.com/immobilier-23908922-vente-charmante-maison-r1-de-132-m-habitables-nyons
SARTROUVILLE,Sartrouville - la marinière - maison 104.84 m²  avec 3 chambres,https://www.etreproprio.com/immobilier-23909727-vente-sartrouville-la-mariniere-maison-10484-m-avec-3-chambres-sartrouville
SARTROUVILLE,Maison sartrouville 6 pièce(s) 115 m2,https://www.etreproprio.com/immobilier-23910045-vente-maison-sartrouville-6-pieces-115-m2-sartrouville
OISSEL,Maison 124m² à oissel,https://www.etreproprio.com/immobilier-23909202-vente-maison-124m-a-oissel-oissel
COURBEVOIE,Maison 1930 non mitoyenne avec dépendance ? parcelle de 387 m² ?- fort potentiel,https://www.etreproprio.com/immobilier-23909719-vente-maison-1930-non-mitoyenne-avec-dependance-parcelle-de-387-m-fort-potentiel-courbevoie
EAUBONNE,Maison avec piscine interieure,https://www.etreproprio.com/immobilier-23909831-vente-maison-avec-piscine-interieure-eaubonne
RENNES,Maison 79m² à rennes,https://www.etreproprio.com/immobilier-23909408-vente-maison-79m-a-rennes-rennes
PONT-L'ABBE-D'ARNOULT,"Maison d'architecte ossature bois, 165m² sur une parcelle de +/- 1 400 m²",https://www.etreproprio.com/immobilier-23907520-vente-maison-d-architecte-ossature-bois-165m-sur-une-parcelle-de-1-400-m-pont-l-abbe-d-arnoult
BARJAC,Un refuge de nature et de lumière   propriété autonome proche barjac,https://www.etreproprio.com/immobilier-23907338-vente-un-refuge-de-nature-et-de-lumiere-propriete-autonome-proche-barjac-barjac
MARLY-LE-ROI,Maison t4 de 92m2,https://www.etreproprio.com/immobilier-23908930-vente-maison-t4-de-92m2-marly-le-roi
GUILLERVAL,Maison 130m² à guillerval,https://www.etreproprio.com/immobilier-22285825-vente-maison-130m-a-guillerval-guillerval
LOC-EGUINER,Maison 120m² à loc-eguiner,https://www.etreproprio.com/immobilier-23690898-vente-maison-120m-a-loc-eguiner-loc-eguiner
LOC-EGUINER,Maison 2011 avec dépendances,https://www.etreproprio.com/immobilier-23313744-vente-maison-2011-avec-dependances-loc-eguiner
LOC-EGUINER,Maison 114m² à loc-eguiner,https://www.etreproprio.com/immobilier-23064766-vente-maison-114m-a-loc-eguiner-loc-eguiner
LOCMARIA-PLOUZANE,Locmaria plouzané maison avec jardin,https://www.etreproprio.com/immobilier-23895328-vente-locmaria-plouzane-maison-avec-jardin-locmaria-plouzane
LOCMARIA-PLOUZANE,Locmaria plouzané maison avec jardin,https://www.etreproprio.com/immobilier-23895310-vente-locmaria-plouzane-maison-avec-jardin-locmaria-plouzane
LOCMARIA-PLOUZANE,"Maison de plain-pied avec vue sur la mer à brest – 7 pièces, 4 chambres (29)",https://www.etreproprio.com/immobilier-23866190-vente-maison-de-plain-pied-avec-vue-sur-la-mer-a-brest-7-pieces-4-chambres-29-locmaria-plouzane
LOCMARIA-PLOUZANE,Maison 130 m² en impasse • calme absolu,https://www.etreproprio.com/immobilier-23735954-vente-maison-130-m-en-impasse-calme-absolu-locmaria-plouzane
LOCMARIA-PLOUZANE,Maison 92m² à locmaria-plouzane,https://www.etreproprio.com/immobilier-22575208-vente-maison-92m-a-locmaria-plouzane-locmaria-plouzane
LOCMARIA-PLOUZANE,Maison 130m² à locmaria-plouzane,https://www.etreproprio.com/immobilier-23447730-vente-maison-130m-a-locmaria-plouzane-locmaria-plouzane
LOCMARIA-PLOUZANE,A vendre chez barraine plouzane maison bourg de locmaria avec veranda  100m² ré : pz00235-th,https://www.etreproprio.com/immobilier-23686372-vente-a-vendre-chez-barraine-plouzane-maison-bourg-de-locmaria-avec-veranda-100m-re-pz00235-th-locmaria-plouzane
LOCMARIA-PLOUZANE,Maison locmaria plouzane 8 pièce(s) 190 m2,https://www.etreproprio.com/immobilier-23567929-vente-maison-locmaria-plouzane-8-pieces-190-m2-locmaria-plouzane
LOCMARIA-PLOUZANE,Maison 140m² à locmaria-plouzane,https://www.etreproprio.com/immobilier-23553599-vente-maison-140m-a-locmaria-plouzane-locmaria-plouzane
LOCMARIA-PLOUZANE,Maison 149m² à locmaria-plouzane,https://www.etreproprio.com/immobilier-23559029-vente-maison-149m-a-locmaria-plouzane-locmaria-plouzane
LOCMARIA-PLOUZANE,Maison 120m² à locmaria-plouzane,https://www.etreproprio.com/immobilier-23532464-vente-maison-120m-a-locmaria-plouzane-locmaria-plouzane
LOCMARIA-PLOUZANE,Maison locmaria plouzane 6 pièce(s) 137 m2,https://www.etreproprio.com/immobilier-23536839-vente-maison-locmaria-plouzane-6-pieces-137-m2-locmaria-plouzane
LOCMARIA-PLOUZANE,Maison non mitoyenne avec vue mer de 125 m² habitables / 150 m² au sol + 124 m² de sous-sol sur 1044 m² de terrain et à 350 m de,https://www.etreproprio.com/immobilier-23519895-vente-maison-non-mitoyenne-avec-vue-mer-de-125-m-habitables-150-m-au-sol-124-m-de-sous-sol-sur-1044-m-de-terrain-et-a-350-m-de-locmaria-plouzane
LOCMARIA-PLOUZANE,Maison de 149m2  avec vue mer - 5 chambres - locmaria plouzane - tregana,https://www.etreproprio.com/immobilier-20206239-vente-maison-de-149m2-avec-vue-mer-5-chambres-locmaria-plouzane-tregana-locmaria-plouzane
LOCMARIA-PLOUZANE,A vendre maison familiale de 137 m² dans un cadre idyllique entre mer et campagne,https://www.etreproprio.com/immobilier-23391790-vente-a-vendre-maison-familiale-de-137-m-dans-un-cadre-idyllique-entre-mer-et-campagne-locmaria-plouzane
LOCMARIA-PLOUZANE,Maison 221m² à locmaria-plouzane,https://www.etreproprio.com/immobilier-23423880-vente-maison-221m-a-locmaria-plouzane-locmaria-plouzane
LOCMARIA-PLOUZANE,Maison 150m² à locmaria-plouzane,https://www.etreproprio.com/immobilier-23409627-vente-maison-150m-a-locmaria-plouzane-locmaria-plouzane
LOCMARIA-PLOUZANE,Maison 180m² à locmaria-plouzane,https://www.etreproprio.com/immobilier-22469562-vente-maison-180m-a-locmaria-plouzane-locmaria-plouzane
LOCMARIA-PLOUZANE,Maison 125m² à locmaria-plouzane,https://www.etreproprio.com/immobilier-23304677-vente-maison-125m-a-locmaria-plouzane-locmaria-plouzane
LOCMARIA-PLOUZANE,Maison 45m² à locmaria-plouzane,https://www.etreproprio.com/immobilier-23280532-vente-maison-45m-a-locmaria-plouzane-locmaria-plouzane
LOCMELAR,Maison 125m² à locmelar,https://www.etreproprio.com/immobilier-23796383-vente-maison-125m-a-locmelar-locmelar
SAINT-CYR-SUR-MORIN,Maison 6 pièces sur 1769 m² de terrain,https://www.etreproprio.com/immobilier-23908182-vente-maison-6-pieces-sur-1769-m-de-terrain-saint-cyr-sur-morin
SENLIS,Senlis maison 100 m² 4 chambres,https://www.etreproprio.com/immobilier-23910970-vente-senlis-maison-100-m-4-chambres-senlis
LE PORTEL,Maison 120m² à le portel,https://www.etreproprio.com/immobilier-23910437-vente-maison-120m-a-le-portel-le-portel
SARTROUVILLE,Maison 115m² à sartrouville,https://www.etreproprio.com/immobilier-23908512-vente-maison-115m-a-sartrouville-sartrouville
ARTHON-EN-RETZ,Maison chaumes en retz 5 pièces 136 m² + gîte de 24 m²,https://www.etreproprio.com/immobilier-23722985-vente-maison-chaumes-en-retz-5-pieces-136-m-gite-de-24-m-arthon-en-retz
PARAY-VIEILLE-POSTE,Maison 155m² à paray-vieille-poste,https://www.etreproprio.com/immobilier-23910873-vente-maison-155m-a-paray-vieille-poste-paray-vieille-poste
PERPIGNAN,Vente maison perpignan(66000) 399 999ï¿œ,https://www.etreproprio.com/immobilier-23909565-vente-vente-maison-perpignan66000-399-999i-oe-perpignan
PEYRIAC-MINERVOIS,Maison 190m² à peyriac-minervois,https://www.etreproprio.com/immobilier-23910491-vente-maison-190m-a-peyriac-minervois-peyriac-minervois
BAGNEUX,Maison 66m² à bagneux,https://www.etreproprio.com/immobilier-23909494-vente-maison-66m-a-bagneux-bagneux
BOLLENE,Mas avec piscine 84500 bollene,https://www.etreproprio.com/immobilier-23907435-vente-mas-avec-piscine-84500-bollene-bollene
BEAUCHAMP,Maison 155m² à beauchamp,https://www.etreproprio.com/immobilier-23907674-vente-maison-155m-a-beauchamp-beauchamp
WATTRELOS,Maison 104m² à wattrelos,https://www.etreproprio.com/immobilier-23315528-vente-maison-104m-a-wattrelos-wattrelos
VILLEREST,Vente maison villerest(42300) 289 000ï¿œ,https://www.etreproprio.com/immobilier-23908212-vente-vente-maison-villerest42300-289-000i-oe-villerest
CHARS,Proche chars,https://www.etreproprio.com/immobilier-23910150-vente-proche-chars-chars
POINTE-NOIRE,Maison 75m² à pointe-noire,https://www.etreproprio.com/immobilier-23910933-vente-maison-75m-a-pointe-noire-pointe-noire
EGUILLES,Eguilles maison contemporaine t7 180 m² avec jardin et piscine privative,https://www.etreproprio.com/immobilier-23908531-vente-eguilles-maison-contemporaine-t7-180-m-avec-jardin-et-piscine-privative-eguilles
IVRY-SUR-SEINE,Maison 182m² à ivry-sur-seine,https://www.etreproprio.com/immobilier-23910389-vente-maison-182m-a-ivry-sur-seine-ivry-sur-seine
COULMIER-LE-SEC,Ancienne ecole de 280m2 avec terrain de 1500 m2 et logement axe chatillon-montbard dans village avec commerces,https://www.etreproprio.com/immobilier-23907397-vente-ancienne-ecole-de-280m2-avec-terrain-de-1500-m2-et-logement-axe-chatillon-montbard-dans-village-avec-commerces-coulmier-le-sec
PLOMBIERES-LES-BAINS,Maison 98m² à plombieres-les-bains,https://www.etreproprio.com/immobilier-23910686-vente-maison-98m-a-plombieres-les-bains-plombieres-les-bains
BISCARROSSE,Maison moderne 3 chambres – quartier calme,https://www.etreproprio.com/immobilier-23908572-vente-maison-moderne-3-chambres-quartier-calme-biscarrosse
LOCQUENOLE,Maison locquénolé 11 pièces 300 m²,https://www.etreproprio.com/immobilier-23879647-vente-maison-locquenole-11-pieces-300-m-locquenole
LOCQUENOLE,Maison 40m² à locquenole,https://www.etreproprio.com/immobilier-23884201-vente-maison-40m-a-locquenole-locquenole
LOCQUENOLE,Maison locquénole 8 pièces 224 m²,https://www.etreproprio.com/immobilier-23879633-vente-maison-locquenole-8-pieces-224-m-locquenole
LOCQUENOLE,Maison spacieuse à vendre à locquénolé - vue mer et confort moderne,https://www.etreproprio.com/immobilier-23468375-vente-maison-spacieuse-a-vendre-a-locquenole-vue-mer-et-confort-moderne-locquenole
LOCQUENOLE,A vendre. maison. locquénolé.,https://www.etreproprio.com/immobilier-23339654-vente-a-vendre-maison-locquenole-locquenole
LOCQUENOLE,Maison 248m² à locquenole,https://www.etreproprio.com/immobilier-23318685-vente-maison-248m-a-locquenole-locquenole
LOCQUENOLE,Maison familiale - locquénolé 4 pièce(s) 143.75 m2,https://www.etreproprio.com/immobilier-22741561-vente-maison-familiale-locquenole-4-pieces-14375-m2-locquenole
LOCMARIA-PLOUZANE,Maison 125m² à locmaria-plouzane,https://www.etreproprio.com/immobilier-23215935-vente-maison-125m-a-locmaria-plouzane-locmaria-plouzane
LOCMARIA-PLOUZANE,Grande maison renovee bourg de locmaria plouzane,https://www.etreproprio.com/immobilier-23201780-vente-grande-maison-renovee-bourg-de-locmaria-plouzane-locmaria-plouzane
LOCMARIA-PLOUZANE,"deux maisons, deux ambiances, un cadre exceptionnel",https://www.etreproprio.com/immobilier-23035122-vente-deux-maisons-deux-ambiances-un-cadre-exceptionnel-locmaria-plouzane
LOCMARIA-PLOUZANE,Maison 176m² à locmaria-plouzane,https://www.etreproprio.com/immobilier-23023777-vente-maison-176m-a-locmaria-plouzane-locmaria-plouzane
LOCMARIA-PLOUZANE,Maison 127m² à locmaria-plouzane,https://www.etreproprio.com/immobilier-22632953-vente-maison-127m-a-locmaria-plouzane-locmaria-plouzane
LOCMARIA-PLOUZANE,"Villa / maison d'architecte 260 m2, 6 chambres locmaria-plouzane tregana",https://www.etreproprio.com/immobilier-22621070-vente-villa-maison-d-architecte-260-m2-6-chambres-locmaria-plouzane-tregana-locmaria-plouzane
LOCMARIA-PLOUZANE,Maison contemporaine de 213 m2   à deux pas de la plage de trégana - locmaria-plouzané,https://www.etreproprio.com/immobilier-22525653-vente-maison-contemporaine-de-213-m2-a-deux-pas-de-la-plage-de-tregana-locmaria-plouzane-locmaria-plouzane
LOCMARIA-PLOUZANE,Maison 140m² à locmaria-plouzane,https://www.etreproprio.com/immobilier-22150681-vente-maison-140m-a-locmaria-plouzane-locmaria-plouzane
LOCMARIA-PLOUZANE,Maison 141m² à locmaria-plouzane,https://www.etreproprio.com/immobilier-22138876-vente-maison-141m-a-locmaria-plouzane-locmaria-plouzane
LOCMARIA-PLOUZANE,Superbe propriete t9 proche mer,https://www.etreproprio.com/immobilier-21817362-vente-superbe-propriete-t9-proche-mer-locmaria-plouzane
LOCMARIA-PLOUZANE,Splendide maison contemporaine face a la mer,https://www.etreproprio.com/immobilier-16915699-vente-splendide-maison-contemporaine-face-a-la-mer-locmaria-plouzane
LOCQUIREC,Maison 71m² à locquirec,https://www.etreproprio.com/immobilier-23883561-vente-maison-71m-a-locquirec-locquirec
LOCQUIREC,Maison 45m²  à 500m de la plage,https://www.etreproprio.com/immobilier-23839911-vente-maison-45m-a-500m-de-la-plage-locquirec
LOCQUIREC,Maison 110m² à locquirec,https://www.etreproprio.com/immobilier-23401141-vente-maison-110m-a-locquirec-locquirec
LOCQUIREC,A vendre. maison maison vue mer à locquirec.,https://www.etreproprio.com/immobilier-23037523-vente-a-vendre-maison-maison-vue-mer-a-locquirec-locquirec
LOCQUIREC,"A 700m des plages de locquirec, belle propriété",https://www.etreproprio.com/immobilier-23255466-vente-a-700m-des-plages-de-locquirec-belle-propriete-locquirec
LOCQUIREC,"Finistère, locquirec, maison de charme",https://www.etreproprio.com/immobilier-22754969-vente-finistere-locquirec-maison-de-charme-locquirec
LOCQUIREC,Maison 226m² à locquirec,https://www.etreproprio.com/immobilier-22744815-vente-maison-226m-a-locquirec-locquirec
LOCQUIREC,#504 -  a vendre - maison de 110m2 - locquirec,https://www.etreproprio.com/immobilier-22899084-vente-504-a-vendre-maison-de-110m2-locquirec-locquirec
LOCQUIREC,Maison 165m² à locquirec,https://www.etreproprio.com/immobilier-22697969-vente-maison-165m-a-locquirec-locquirec
LOCQUIREC,Nouveauté à locquirec – prix rare sur le secteur !,https://www.etreproprio.com/immobilier-22623241-vente-nouveaute-a-locquirec-prix-rare-sur-le-secteur-locquirec
LOCQUIREC,Maison de famille à proximité de la plage des sables blancs !,https://www.etreproprio.com/immobilier-22452581-vente-maison-de-famille-a-proximite-de-la-plage-des-sables-blancs-locquirec
LOCQUIREC,Maison 167m² à locquirec,https://www.etreproprio.com/immobilier-21177555-vente-maison-167m-a-locquirec-locquirec
LOCQUIREC,"Finistère, guimaec, vente maison de charme",https://www.etreproprio.com/immobilier-22175278-vente-finistere-guimaec-vente-maison-de-charme-locquirec
LOCQUIREC,Locquirec    maison de vacances à deux pas des plages,https://www.etreproprio.com/immobilier-21812943-vente-locquirec-maison-de-vacances-a-deux-pas-des-plages-locquirec
LOCQUIREC,Jolie maison de caractère à locquirec – la plage des sables blancs à pied !,https://www.etreproprio.com/immobilier-21739569-vente-jolie-maison-de-caractere-a-locquirec-la-plage-des-sables-blancs-a-pied-locquirec
LOCQUIREC,"Finistère, locquirec, vente maison 1900 vue mer proche port",https://www.etreproprio.com/immobilier-20981384-vente-finistere-locquirec-vente-maison-1900-vue-mer-proche-port-locquirec
