Nom,Lien,Prix,Lieu,Taille,Taille_terrain,Pieces
Maison 22400,https://www.etreproprio.com/immobilier-23368456-vente-maison-22400-andel,714 000,Andel 22400,255,2 143,6
Maison 130m² à aucaleuc,https://www.etreproprio.com/immobilier-23446797-vente-maison-130m-a-aucaleuc-aucaleuc,312 000,Aucaleuc 22100,130,3 402,5
le charme de la pierre et l’authenticité d’un cadre bucolique vous attendent !,https://www.etreproprio.com/immobilier-23043634-vente-le-charme-de-la-pierre-et-l-authenticite-d-un-cadre-bucolique-vous-attendent-aucaleuc,190 000,Aucaleuc 22100,112,1 631,5
Maison 476m² à allineuc,https://www.etreproprio.com/immobilier-23810760-vente-maison-476m-a-allineuc-allineuc,490 000,Allineuc 22460,476,8 848,21
22460 - allineuc - maison familiale - basse consommation - 4 chambres - pac air/air - poêle à bois - jardin de + de 900m2,https://www.etreproprio.com/immobilier-23469032-vente-22460-allineuc-maison-familiale-basse-consommation-4-chambres-pac-airair-poele-a-bois-jardin-de-de-900m2-allineuc,170 000,Allineuc 22460,106,,5
Maison à rénover en pleine nature   grand potentiel avec dép,https://www.etreproprio.com/immobilier-23414973-vente-maison-a-renover-en-pleine-nature-grand-potentiel-avec-dep-allineuc,49 900,Allineuc 22460,110,1 100,3
Maison 187m² à allineuc,https://www.etreproprio.com/immobilier-23331510-vente-maison-187m-a-allineuc-allineuc,235 000,Allineuc 22460,187,835,9
Maison 155m² à allineuc,https://www.etreproprio.com/immobilier-23331516-vente-maison-155m-a-allineuc-allineuc,245 000,Allineuc 22460,155,904,7
Maison  4 pièce(s) 110 m2,https://www.etreproprio.com/immobilier-22940219-vente-maison-4-pieces-110-m2-allineuc,53 990,Allineuc 22460,110,1 136,4
Maison - 5 pièces - 106 m² - allineuc 22460,https://www.etreproprio.com/immobilier-22759681-vente-maison-5-pieces-106-m-allineuc-22460-allineuc,170 000,Allineuc 22460,106,946,5
"Côtes-d'armor, près d'uzel, charmante maison en pierre de 4 chambres avec dépendances dans la tranquille campagne bretonne",https://www.etreproprio.com/immobilier-21526561-vente-cotes-d-armor-pres-d-uzel-charmante-maison-en-pierre-de-4-chambres-avec-dependances-dans-la-tranquille-campagne-bretonne-allineuc,222 000,Allineuc 22460,156,3 060,9
Ferme  4550 m2,https://www.etreproprio.com/immobilier-22024520-vente-ferme-4550-m2-allineuc,661 000,Allineuc 22460,4 550,68 430,1
Maison 97m² à begard,https://www.etreproprio.com/immobilier-23892889-vente-maison-97m-a-begard-begard,284 000,Begard 22140,97,660,5
Maison 83m² à begard,https://www.etreproprio.com/immobilier-23831425-vente-maison-83m-a-begard-begard,141 000,Begard 22140,83,623,4
Maison 96m² à begard,https://www.etreproprio.com/immobilier-23817582-vente-maison-96m-a-begard-begard,284 900,Begard 22140,97,660,4
Maison 98m² à begard,https://www.etreproprio.com/immobilier-23702771-vente-maison-98m-a-begard-begard,299 000,Begard 22140,98,1 171,5
Maison 70m² à begard,https://www.etreproprio.com/immobilier-23479142-vente-maison-70m-a-begard-begard,159 000,Begard 22140,70,384,5
Maison 111m² à begard,https://www.etreproprio.com/immobilier-23582825-vente-maison-111m-a-begard-begard,219 900,Begard 22140,111,1 441,5
Maison 110m² à begard,https://www.etreproprio.com/immobilier-23085521-vente-maison-110m-a-begard-begard,282 000,Begard 22140,110,5 000,6
Maison 113m² à begard,https://www.etreproprio.com/immobilier-23482666-vente-maison-113m-a-begard-begard,363 500,Begard 22140,113,4 048,5
Longere + dependances a la campagne_fort potentiel_,https://www.etreproprio.com/immobilier-22734325-vente-longere-dependances-a-la-campagnefort-potentiel-begard,131 500,Begard 22140,169,2 700,6
Maison begard,https://www.etreproprio.com/immobilier-23290296-vente-maison-begard-begard,223 900,Begard 22140,159,560,
Opportunité unique ! grande maison avec 3 logements distincts à vendre.,https://www.etreproprio.com/immobilier-23141031-vente-opportunite-unique-grande-maison-avec-3-logements-distincts-a-vendre-begard,264 000,Begard 22140,157,4 522,9
Maison - begard,https://www.etreproprio.com/immobilier-21085432-vente-maison-begard-begard,139 900,Begard 22140,100,,5
Maison 160m² à begard,https://www.etreproprio.com/immobilier-22904711-vente-maison-160m-a-begard-begard,309 000,Begard 22140,160,1 656,7
Propriété au calme proche des commodités,https://www.etreproprio.com/immobilier-22600111-vente-propriete-au-calme-proche-des-commodites-begard,334 500,Begard 22140,98,5 984,5
Maison 97m² à begard,https://www.etreproprio.com/immobilier-21944510-vente-maison-97m-a-begard-begard,334 500,Begard 22140,97,5 984,5
Villa contemporaine,https://www.etreproprio.com/immobilier-22141696-vente-villa-contemporaine-begard,309 000,Begard 22140,193,1 656,7
Maison 160m² à begard,https://www.etreproprio.com/immobilier-22552553-vente-maison-160m-a-begard-begard,410 500,Begard 22140,160,8 500,6
Maison 155m² à begard,https://www.etreproprio.com/immobilier-22511191-vente-maison-155m-a-begard-begard,524 500,Begard 22140,155,350 000,6
Maison 198m² à belle-isle-en-terre,https://www.etreproprio.com/immobilier-23756127-vente-maison-198m-a-belle-isle-en-terre-belle-isle-en-terre,264 000,Belle-Isle-En-Terre 22810,198,11 041,11
Maison en pierres,https://www.etreproprio.com/immobilier-23718112-vente-maison-en-pierres-belle-isle-en-terre,265 860,Belle-Isle-En-Terre 22810,115,47 400,4
Maison 180m² à belle-isle-en-terre,https://www.etreproprio.com/immobilier-23679020-vente-maison-180m-a-belle-isle-en-terre-belle-isle-en-terre,231 000,Belle-Isle-En-Terre 22810,180,778,9
Maison 106m² à belle-isle-en-terre,https://www.etreproprio.com/immobilier-22705792-vente-maison-106m-a-belle-isle-en-terre-belle-isle-en-terre,139 100,Belle-Isle-En-Terre 22810,106,1 905,5
Maison 70m² à belle-isle-en-terre,https://www.etreproprio.com/immobilier-22941703-vente-maison-70m-a-belle-isle-en-terre-belle-isle-en-terre,54 500,Belle-Isle-En-Terre 22810,70,226,4
Maison 99m² à belle-isle-en-terre,https://www.etreproprio.com/immobilier-23389053-vente-maison-99m-a-belle-isle-en-terre-belle-isle-en-terre,168 000,Belle-Isle-En-Terre 22810,99,2 113,5
Maison 162m² à belle-isle-en-terre,https://www.etreproprio.com/immobilier-23281390-vente-maison-162m-a-belle-isle-en-terre-belle-isle-en-terre,198 500,Belle-Isle-En-Terre 22810,162,770,9
Maison 111m² à belle-isle-en-terre,https://www.etreproprio.com/immobilier-22905079-vente-maison-111m-a-belle-isle-en-terre-belle-isle-en-terre,214 000,Belle-Isle-En-Terre 22810,111,1 682,7
Maison 4 chambres au calme à la campagne,https://www.etreproprio.com/immobilier-21742151-vente-maison-4-chambres-au-calme-a-la-campagne-belle-isle-en-terre,112 000,Belle-Isle-En-Terre 22810,135,943,6
Maison en pierres 10 pièces,https://www.etreproprio.com/immobilier-23393744-vente-maison-en-pierres-10-pieces-berhet,498 000,Berhet 22140,175,4 227,10
Maison 105m² à binic,https://www.etreproprio.com/immobilier-23905043-vente-maison-105m-a-binic-binic,550 000,Binic 22520,105,655,6
Maison de charme à binic en pierre proche des plages à pied avec jardin et dépendances  réf : 2024104,https://www.etreproprio.com/immobilier-20811256-vente-maison-de-charme-a-binic-en-pierre-proche-des-plages-a-pied-avec-jardin-et-dependances-ref-2024104-binic,432 474,Binic 22520,119,740,5
"Binic, très bon quartier, maison contemporaine à vendre",https://www.etreproprio.com/immobilier-16672208-vente-binic-tres-bon-quartier-maison-contemporaine-a-vendre-binic,393 300,Binic 22520,113,424,5
Maison 86m² à binic,https://www.etreproprio.com/immobilier-23745531-vente-maison-86m-a-binic-binic,349 500,Binic 22520,86,186,4
Maison 94m² à binic,https://www.etreproprio.com/immobilier-23733201-vente-maison-94m-a-binic-binic,457 200,Binic 22520,94,1 358,5
Ensemble immobilier à rénover,https://www.etreproprio.com/immobilier-23719938-vente-ensemble-immobilier-a-renover-binic,320 000,Binic 22520,172,690,7
Sublime contemporaine et son jardin paysagé,https://www.etreproprio.com/immobilier-23711041-vente-sublime-contemporaine-et-son-jardin-paysage-binic,572 000,Binic 22520,170,1 012,6
Maison binic,https://www.etreproprio.com/immobilier-23685644-vente-maison-binic-binic,349 500,Binic 22520,83,403,5
Maison en pierres du pays,https://www.etreproprio.com/immobilier-20464721-vente-maison-en-pierres-du-pays-binic,227 000,Binic 22520,91,,6
Maison 100m² à binic,https://www.etreproprio.com/immobilier-23577532-vente-maison-100m-a-binic-binic,429 500,Binic 22520,100,186,4
Maison 95m² à binic,https://www.etreproprio.com/immobilier-23582965-vente-maison-95m-a-binic-binic,540 000,Binic 22520,95,555,5
Maison 118m² à binic,https://www.etreproprio.com/immobilier-23577533-vente-maison-118m-a-binic-binic,475 000,Binic 22520,118,238,4
Maison 45m² à binic,https://www.etreproprio.com/immobilier-23559170-vente-maison-45m-a-binic-binic,157 000,Binic 22520,45,41,2
"Binic, maison néo-bretonne à vendre",https://www.etreproprio.com/immobilier-23543134-vente-binic-maison-neo-bretonne-a-vendre-binic,299 800,Binic 22520,105,601,6
"Binic, belle maison récente avec vuer mer à vendre",https://www.etreproprio.com/immobilier-22732188-vente-binic-belle-maison-recente-avec-vuer-mer-a-vendre-binic,408 825,Binic 22520,90,328,3
Maison 101m² à binic,https://www.etreproprio.com/immobilier-22992084-vente-maison-101m-a-binic-binic,377 775,Binic 22520,101,714,6
"Binic, 1 km de la plage maison de plain pieds à vendre 4 chambres",https://www.etreproprio.com/immobilier-23468010-vente-binic-1-km-de-la-plage-maison-de-plain-pieds-a-vendre-4-chambres-binic,377 775,Binic 22520,106,714,5
Immeuble a binic,https://www.etreproprio.com/immobilier-23467794-vente-immeuble-a-binic-binic,780 750,Binic 22520,190,,
Maison 112m² à binic,https://www.etreproprio.com/immobilier-23460762-vente-maison-112m-a-binic-binic,353 920,Binic 22520,113,,6
Maison 163m² à binic,https://www.etreproprio.com/immobilier-23419894-vente-maison-163m-a-binic-binic,587 100,Binic 22520,163,1 186,6
Maison 226m² à bobital,https://www.etreproprio.com/immobilier-23827548-vente-maison-226m-a-bobital-bobital,546 000,Bobital 22100,227,3 166,7
Maison 252m² à bobital,https://www.etreproprio.com/immobilier-23724331-vente-maison-252m-a-bobital-bobital,362 900,Bobital 22100,252,13 627,9
Maison 54m² à bobital,https://www.etreproprio.com/immobilier-22606253-vente-maison-54m-a-bobital-bobital,199 900,Bobital 22100,54,3 800,2
Maison de famille avec terrain boisé de plus de 1.3 hectare,https://www.etreproprio.com/immobilier-20781161-vente-maison-de-famille-avec-terrain-boise-de-plus-de-13-hectare-bobital,366 800,Bobital 22100,252,13 627,10
Maison 114m² à le bodeo,https://www.etreproprio.com/immobilier-22506179-vente-maison-114m-a-le-bodeo-le-bodeo,147 000,Le Bodeo 22320,114,2 430,5
"Binic, maison traditionnelle à vendre",https://www.etreproprio.com/immobilier-20583559-vente-binic-maison-traditionnelle-a-vendre-binic,299 250,Binic 22520,152,489,6
"Binic, quartier résidentiel, maison en pierre à vendre",https://www.etreproprio.com/immobilier-20910094-vente-binic-quartier-residentiel-maison-en-pierre-a-vendre-binic,432 500,Binic 22520,120,749,5
Maison 120m² à binic,https://www.etreproprio.com/immobilier-23281166-vente-maison-120m-a-binic-binic,433 000,Binic 22520,120,749,5
Maison 220m² à binic,https://www.etreproprio.com/immobilier-23244970-vente-maison-220m-a-binic-binic,450 000,Binic 22520,220,790,6
"Binic, maison vue mer à vendre à 200 m de la plage",https://www.etreproprio.com/immobilier-22723284-vente-binic-maison-vue-mer-a-vendre-a-200-m-de-la-plage-binic,616 550,Binic 22520,202,895,6
Maison binic,https://www.etreproprio.com/immobilier-22740037-vente-maison-binic-binic,613 600,Binic 22520,192,,
Maison familiale   7 pièces   151 m2   binic - proche plages et commerces,https://www.etreproprio.com/immobilier-22445146-vente-maison-familiale-7-pieces-151-m2-binic-proche-plages-et-commerces-binic,300 150,Binic 22520,151,1 661,7
Immeuble a binic,https://www.etreproprio.com/immobilier-23025435-vente-immeuble-a-binic-binic,780 750,Binic 22520,190,,
Binic....     sur le plat,https://www.etreproprio.com/immobilier-23029788-vente-binic-sur-le-plat-binic,397 100,Binic 22520,121,,7
"Binic, prox plage, maison à vendre vue mer avec logement indépendant",https://www.etreproprio.com/immobilier-22918444-vente-binic-prox-plage-maison-a-vendre-vue-mer-avec-logement-independant-binic,643 968,Binic 22520,208,601,7
Idéal investisseur..  maison louée à l’année.,https://www.etreproprio.com/immobilier-22175955-vente-ideal-investisseur-maison-louee-a-l-annee-binic,275 600,Binic 22520,90,,4
"Binic, maison rénovée vue mer !",https://www.etreproprio.com/immobilier-22909789-vente-binic-maison-renovee-vue-mer-binic,649 584,Binic 22520,208,601,6
"Binic, maison à vendre avec vue mer, commerces et plages à pieds",https://www.etreproprio.com/immobilier-21136010-vente-binic-maison-a-vendre-avec-vue-mer-commerces-et-plages-a-pieds-binic,594 500,Binic 22520,148,1 604,6
Maison 114m² à binic,https://www.etreproprio.com/immobilier-22726303-vente-maison-114m-a-binic-binic,275 600,Binic 22520,114,563,5
Contemporaine de 2003 au calme - terrasse sud sans vis à vis,https://www.etreproprio.com/immobilier-22685958-vente-contemporaine-de-2003-au-calme-terrasse-sud-sans-vis-a-vis-binic,342 500,Binic 22520,120,1 305,6
Maison 144m² à binic,https://www.etreproprio.com/immobilier-21259562-vente-maison-144m-a-binic-binic,468 000,Binic 22520,144,,
Maison contemporaine vue mer a binic etables-sur-mer  réf : 202570,https://www.etreproprio.com/immobilier-22365150-vente-maison-contemporaine-vue-mer-a-binic-etables-sur-mer-ref-202570-binic,996 480,Binic 22520,162,3 619,6
Maison neuve avec vue mer   162 m2 à binic,https://www.etreproprio.com/immobilier-21809452-vente-maison-neuve-avec-vue-mer-162-m2-a-binic-binic,995 000,Binic 22520,162,3 619,9
"Binic, maison traditionnelle, à 2 kilomètres de la mer, à vendre",https://www.etreproprio.com/immobilier-19319374-vente-binic-maison-traditionnelle-a-2-kilometres-de-la-mer-a-vendre-binic,258 000,Binic 22520,130,765,7
Binic : a vendre maison pour investissement locatif!,https://www.etreproprio.com/immobilier-19257016-vente-binic-a-vendre-maison-pour-investissement-locatif-binic,134 700,Binic 22520,46,164,2
"Boqueho, maison récente de plain pieds à vendre",https://www.etreproprio.com/immobilier-23899418-vente-boqueho-maison-recente-de-plain-pieds-a-vendre-boqueho,240 350,Boqueho 22170,71,485,3
"Contemporaine de plain pied 105m2, 3 chambres, terrain de  6",https://www.etreproprio.com/immobilier-23516947-vente-contemporaine-de-plain-pied-105m2-3-chambres-terrain-de-6-boqueho,223 600,Boqueho 22170,105,656,5
"Maison 140m2,  5 chambres, terrain de 1443m2",https://www.etreproprio.com/immobilier-23147658-vente-maison-140m2-5-chambres-terrain-de-1443m2-boqueho,206 761,Boqueho 22170,140,1 443,7
Maison en pierre sur 5500m2 de terrain,https://www.etreproprio.com/immobilier-23650166-vente-maison-en-pierre-sur-5500m2-de-terrain-boqueho,174 900,Boqueho 22170,72,5 556,5
"Grande maison familiale avec 5 chambres, sous-sol total, ter",https://www.etreproprio.com/immobilier-23650170-vente-grande-maison-familiale-avec-5-chambres-sous-sol-total-ter-boqueho,215 500,Boqueho 22170,140,1 450,7
Maison 68m² à boqueho,https://www.etreproprio.com/immobilier-23473580-vente-maison-68m-a-boqueho-boqueho,198 000,Boqueho 22170,68,487,3
Ancien commerce pour investissement locatif,https://www.etreproprio.com/immobilier-23137869-vente-ancien-commerce-pour-investissement-locatif-boqueho,157 200,Boqueho 22170,126,273,6
Maison en pierres sans vis à vis sur 5056 m2 de terrain,https://www.etreproprio.com/immobilier-22954749-vente-maison-en-pierres-sans-vis-a-vis-sur-5056-m2-de-terrain-boqueho,169 800,Boqueho 22170,72,5 056,4
"Longère en pierre, 8 pièces, 190m2, boqueho (22170)",https://www.etreproprio.com/immobilier-22214016-vente-longere-en-pierre-8-pieces-190m2-boqueho-22170-boqueho,269 880,Boqueho 22170,190,3 614,8
La bouillie attrayante maison en pierres,https://www.etreproprio.com/immobilier-22498216-vente-la-bouillie-attrayante-maison-en-pierres-la-bouillie,304 500,La Bouillie 22240,120,1 140,5
Vente maison de ville dans le bourg de la bouillie avec un terrain de 1 140m2,https://www.etreproprio.com/immobilier-22326678-vente-vente-maison-de-ville-dans-le-bourg-de-la-bouillie-avec-un-terrain-de-1-140m2-la-bouillie,298 700,La Bouillie 22240,120,,5
"Maison rénovée, son appartement indépendant et sa piscine",https://www.etreproprio.com/immobilier-19968563-vente-maison-renovee-son-appartement-independant-et-sa-piscine-la-bouillie,497 800,La Bouillie 22240,170,3 440,10
La bouillie 22240. a 10 minutes d'erquy,https://www.etreproprio.com/immobilier-18896486-vente-la-bouillie-22240-a-10-minutes-d-erquy-la-bouillie,468 000,La Bouillie 22240,115,9 795,4
"Dpt cotes d’armor (22), à vendre binic, maison de maître à rénover p11 de 260m² -terrain de 4000m²- aperçu mer",https://www.etreproprio.com/immobilier-20761143-vente-dpt-cotes-d-armor-22-a-vendre-binic-maison-de-maitre-a-renover-p11-de-260m-terrain-de-4000m-apercu-mer-binic,1 020 000,Binic 22520,259,4 401,10
Propriete vue mer a binic etables-sur-mer  réf : 202470,https://www.etreproprio.com/immobilier-19684545-vente-propriete-vue-mer-a-binic-etables-sur-mer-ref-202470-binic,1 022 430,Binic 22520,249,4 400,12
"Binic, tout à pied !",https://www.etreproprio.com/immobilier-18528691-vente-binic-tout-a-pied-binic,546 525,Binic 22520,240,634,8
Maison d'armateur sur le port,https://www.etreproprio.com/immobilier-18528701-vente-maison-d-armateur-sur-le-port-binic,728 700,Binic 22520,308,984,10
Maison 89m² à bourbriac,https://www.etreproprio.com/immobilier-23893157-vente-maison-89m-a-bourbriac-bourbriac,179 000,Bourbriac 22390,89,4 060,3
Maison 67m² à bourbriac,https://www.etreproprio.com/immobilier-22363502-vente-maison-67m-a-bourbriac-bourbriac,98 000,Bourbriac 22390,67,200,3
Maison 140m² à bourbriac,https://www.etreproprio.com/immobilier-23662133-vente-maison-140m-a-bourbriac-bourbriac,230 000,Bourbriac 22390,140,3 000,7
"Maison en pierre avec terrasse, garage double et terrain clo",https://www.etreproprio.com/immobilier-23650155-vente-maison-en-pierre-avec-terrasse-garage-double-et-terrain-clo-bourbriac,117 900,Bourbriac 22390,98,744,4
"Cotes d'armor proche de bourbriac, maison en pierre de 3 chambres et récemment rénovée",https://www.etreproprio.com/immobilier-21327194-vente-cotes-d-armor-proche-de-bourbriac-maison-en-pierre-de-3-chambres-et-recemment-renovee-bourbriac,137 000,Bourbriac 22390,113,2 470,6
"Cotes d'armor bourbriac, une maison indépendante de 2 chambres avec un garage indépendant et 2343m2 de terrain",https://www.etreproprio.com/immobilier-22977772-vente-cotes-d-armor-bourbriac-une-maison-independante-de-2-chambres-avec-un-garage-independant-et-2343m2-de-terrain-bourbriac,162 500,Bourbriac 22390,75,2 343,5
Local professionnel et appartement 173 m2,https://www.etreproprio.com/immobilier-23574899-vente-local-professionnel-et-appartement-173-m2-bourbriac,149 000,Bourbriac 22390,173,399,
Deux maisons à restaurer   un projet plein de charme !,https://www.etreproprio.com/immobilier-23551078-vente-deux-maisons-a-restaurer-un-projet-plein-de-charme-bourbriac,99 800,Bourbriac 22390,134,1 280,6
Deux maisons à rénover   un projet à votre image !,https://www.etreproprio.com/immobilier-23551077-vente-deux-maisons-a-renover-un-projet-a-votre-image-bourbriac,89 800,Bourbriac 22390,113,,6
Maison bourbriac 3 pièce(s) 90 m2,https://www.etreproprio.com/immobilier-22695807-vente-maison-bourbriac-3-pieces-90-m2-bourbriac,184 990,Bourbriac 22390,90,4 060,3
Longère bourbriac 5 pièce(s) 89 m2,https://www.etreproprio.com/immobilier-23172371-vente-longere-bourbriac-5-pieces-89-m2-bourbriac,187 000,Bourbriac 22390,89,4 060,5
Maison bourbriac 3 pièce(s) 82.04 m2,https://www.etreproprio.com/immobilier-22695809-vente-maison-bourbriac-3-pieces-8204-m2-bourbriac,118 500,Bourbriac 22390,82,744,3
Maison bourbriac 4 pièce(s) 57 m2,https://www.etreproprio.com/immobilier-20829745-vente-maison-bourbriac-4-pieces-57-m2-bourbriac,118 500,Bourbriac 22390,57,,4
Maison traditionnelle à vendre   idéal investissement locatif   bourseul (22),https://www.etreproprio.com/immobilier-23708022-vente-maison-traditionnelle-a-vendre-ideal-investissement-locatif-bourseul-22-bourseul,242 450,Bourseul 22130,116,3 564,7
A vendre bourseul,https://www.etreproprio.com/immobilier-23708021-vente-a-vendre-bourseul-bourseul,262 500,Bourseul 22130,123,2 120,6
"Charme et confort à la campagne, à seulement quelques minutes de la côte !",https://www.etreproprio.com/immobilier-22891936-vente-charme-et-confort-a-la-campagne-a-seulement-quelques-minutes-de-la-cote-bourseul,252 500,Bourseul 22130,102,750,7
Maison en pierre mitoyenne   3 chambres   terrain 400 m2,https://www.etreproprio.com/immobilier-23519606-vente-maison-en-pierre-mitoyenne-3-chambres-terrain-400-m2-bourseul,93 750,Bourseul 22130,60,400,4
Maison bourseul 5 pièce(s) 160 m2 - 4 chambres,https://www.etreproprio.com/immobilier-23072320-vente-maison-bourseul-5-pieces-160-m2-4-chambres-bourseul,116 000,Bourseul 22130,160,427,5
Maison bourseul 4 pièce(s) 122 m2 - 3 chambres,https://www.etreproprio.com/immobilier-23072318-vente-maison-bourseul-4-pieces-122-m2-3-chambres-bourseul,165 344,Bourseul 22130,122,420,4
A vendre bourseul,https://www.etreproprio.com/immobilier-23004291-vente-a-vendre-bourseul-bourseul,169 250,Bourseul 22130,122,418,4
A vendre bourseul,https://www.etreproprio.com/immobilier-20571239-vente-a-vendre-bourseul-bourseul,222 350,Bourseul 22130,96,2 500,3
A vendre bourseul,https://www.etreproprio.com/immobilier-20571237-vente-a-vendre-bourseul-bourseul,128 500,Bourseul 22130,97,1 000,3
Longère brehand,https://www.etreproprio.com/immobilier-23752328-vente-longere-brehand-brehand,338 000,Brehand 22510,177,1 606,7
Maison 136m² à brehand,https://www.etreproprio.com/immobilier-23649391-vente-maison-136m-a-brehand-brehand,202 500,Brehand 22510,136,1 831,7
A vendre - maison secteur bréhand / terrain de 284m2 / deux chambres,https://www.etreproprio.com/immobilier-23486181-vente-a-vendre-maison-secteur-brehand-terrain-de-284m2-deux-chambres-brehand,120 750,Brehand 22510,53,284,3
Maison à rénover entièrement sur un vaste terrain de 2675 m²,https://www.etreproprio.com/immobilier-20658775-vente-maison-a-renover-entierement-sur-un-vaste-terrain-de-2675-m-brehand,141 480,Brehand 22510,73,2 675,3
Île de bréhat - magnifique propriété familiale du xixème,https://www.etreproprio.com/immobilier-22384792-vente-ile-de-brehat-magnifique-propriete-familiale-du-xixeme-ile-de-brehat,1 768 000,Ile-De-Brehat 22870,260,1 130,12
Maison avec dépendance en pierre - plan d'eau,https://www.etreproprio.com/immobilier-23701413-vente-maison-avec-dependance-en-pierre-plan-d-eau-bringolo,346 500,Bringolo 22170,106,4 662,6
Maison 168m² à broons,https://www.etreproprio.com/immobilier-23473059-vente-maison-168m-a-broons-broons,255 000,Broons 22250,168,94,8
A vendre - soquet immobilier - maison 5 chambres - terrain d' 1 hectare - broons,https://www.etreproprio.com/immobilier-23670880-vente-a-vendre-soquet-immobilier-maison-5-chambres-terrain-d-1-hectare-broons-broons,222 490,Broons 22250,124,10 011,6
Centre ville de broons  maison de type 8,https://www.etreproprio.com/immobilier-23567404-vente-centre-ville-de-broons-maison-de-type-8-broons,295 120,Broons 22250,165,3 325,8
Maison 108m² à broons,https://www.etreproprio.com/immobilier-23537517-vente-maison-108m-a-broons-broons,187 500,Broons 22250,108,1 100,4
Maison 121m² à broons,https://www.etreproprio.com/immobilier-23359748-vente-maison-121m-a-broons-broons,176 800,Broons 22250,121,526,6
Maison 183m² à broons,https://www.etreproprio.com/immobilier-23221507-vente-maison-183m-a-broons-broons,365 000,Broons 22250,183,1 350,8
Broons ? maison à fort potentiel sur +7 400 m²,https://www.etreproprio.com/immobilier-22954753-vente-broons-maison-a-fort-potentiel-sur-7-400-m-broons,199 000,Broons 22250,125,7 455,5
A vendre maison 165m² env - centre ville,https://www.etreproprio.com/immobilier-21387542-vente-a-vendre-maison-165m-env-centre-ville-broons,313 500,Broons 22250,165,3 010,8
Maison en campagne d'eréac,https://www.etreproprio.com/immobilier-22273761-vente-maison-en-campagne-d-ereac-broons,159 000,Broons 22250,125,2 600,4
Maison sevignac 4 chambres 155 m²,https://www.etreproprio.com/immobilier-20275903-vente-maison-sevignac-4-chambres-155-m-broons,129 200,Broons 22250,155,382,5
Maison à vendre broons,https://www.etreproprio.com/immobilier-20659120-vente-maison-a-vendre-broons-broons,221 180,Broons 22250,85,4 545,3
Maison 31m² à broons,https://www.etreproprio.com/immobilier-21647985-vente-maison-31m-a-broons-broons,35 000,Broons 22250,32,,3
Maison de charme en pierres à rénover à plumaugat (22250),https://www.etreproprio.com/immobilier-21304018-vente-maison-de-charme-en-pierres-a-renover-a-plumaugat-22250-broons,44 400,Broons 22250,26,1 632,1
Maison ereac,https://www.etreproprio.com/immobilier-21059273-vente-maison-ereac-broons,148 600,Broons 22250,187,952,3
Maison spacieuse à sévignac,https://www.etreproprio.com/immobilier-20568801-vente-maison-spacieuse-a-sevignac-broons,170 000,Broons 22250,183,2 346,5
Maison ereac 325 m²,https://www.etreproprio.com/immobilier-19383452-vente-maison-ereac-325-m-broons,122 800,Broons 22250,325,653,6
Maison lanrelas bourg 188 m²,https://www.etreproprio.com/immobilier-20515699-vente-maison-lanrelas-bourg-188-m-broons,143 600,Broons 22250,188,273,6
Maison 330m² à brusvily,https://www.etreproprio.com/immobilier-23378833-vente-maison-330m-a-brusvily-brusvily,682 370,Brusvily 22100,330,9 660,15
A vendre - soquet immobilier - domaine de caractere - brusvilly,https://www.etreproprio.com/immobilier-23837218-vente-a-vendre-soquet-immobilier-domaine-de-caractere-brusvilly-brusvily,682 370,Brusvily 22100,330,9 960,14
Maison en pierres à moderniser avec terrain,https://www.etreproprio.com/immobilier-23606291-vente-maison-en-pierres-a-moderniser-avec-terrain-brusvily,146 720,Brusvily 22100,66,219,3
Maison dinan sud !,https://www.etreproprio.com/immobilier-22923415-vente-maison-dinan-sud-brusvily,157 500,Brusvily 22100,133,962,5
Vente maison brusvily(22100) 296 800ï¿œ,https://www.etreproprio.com/immobilier-22290999-vente-vente-maison-brusvily22100-296-800i-oe-brusvily,296 800,Brusvily 22100,132,1 225,7
Belle propriété à vendre à proximité de dinan,https://www.etreproprio.com/immobilier-19548885-vente-belle-propriete-a-vendre-a-proximite-de-dinan-brusvily,190 440,Brusvily 22100,94,1 374,4
Maison de bourg en pierres à rénover,https://www.etreproprio.com/immobilier-23033592-vente-maison-de-bourg-en-pierres-a-renover-bulat-pestivien,49 800,Bulat-Pestivien 22160,90,,5
Maison 100m² à calanhel,https://www.etreproprio.com/immobilier-23746174-vente-maison-100m-a-calanhel-calanhel,170 000,Calanhel 22160,100,30 108,5
"Maison moderne et familiale de 2013 :  spacieuse dans un cadre paisible, sans aucun travaux à prévoir",https://www.etreproprio.com/immobilier-22980067-vente-maison-moderne-et-familiale-de-2013-spacieuse-dans-un-cadre-paisible-sans-aucun-travaux-a-prevoir-calanhel,230 000,Calanhel 22160,118,1 614,6
Charmante maison en campagne,https://www.etreproprio.com/immobilier-22465137-vente-charmante-maison-en-campagne-calanhel,73 000,Calanhel 22160,57,952,4
Maison 94m² à callac,https://www.etreproprio.com/immobilier-23817977-vente-maison-94m-a-callac-callac,127 900,Callac 22160,94,1 324,4
Maison 102m² à callac,https://www.etreproprio.com/immobilier-23768155-vente-maison-102m-a-callac-callac,120 500,Callac 22160,102,500,6
"Cotes d'armor, nr carhaix une maison indépendante de 2 chambres, située à la limite du village de plourac'h",https://www.etreproprio.com/immobilier-23730117-vente-cotes-d-armor-nr-carhaix-une-maison-independante-de-2-chambres-situee-a-la-limite-du-village-de-plourac-h-callac,168 000,Callac 22160,80,1 156,4
Maison 155m² à callac,https://www.etreproprio.com/immobilier-23640226-vente-maison-155m-a-callac-callac,143 000,Callac 22160,155,715,6
Maison 158m² à callac,https://www.etreproprio.com/immobilier-23588994-vente-maison-158m-a-callac-callac,208 300,Callac 22160,158,915,7
Maison 168m² à callac,https://www.etreproprio.com/immobilier-23592356-vente-maison-168m-a-callac-callac,189 900,Callac 22160,168,11 926,7
Maison 145m² à callac,https://www.etreproprio.com/immobilier-23558739-vente-maison-145m-a-callac-callac,250 000,Callac 22160,145,4 000,6
Maison 96m² à callac,https://www.etreproprio.com/immobilier-23547823-vente-maison-96m-a-callac-callac,129 900,Callac 22160,96,514,4
Exclusivite ** 2 chambres** maison bourg,https://www.etreproprio.com/immobilier-20483367-vente-exclusivite-2-chambres-maison-bourg-callac,56 000,Callac 22160,48,115,3
Maison 120m² à callac,https://www.etreproprio.com/immobilier-23429848-vente-maison-120m-a-callac-callac,219 900,Callac 22160,120,2 383,6
Bien d'exception   ancien presbytère à callac,https://www.etreproprio.com/immobilier-23437274-vente-bien-d-exception-ancien-presbytere-a-callac-callac,223 800,Callac 22160,280,1 374,10
Maison à vendre 3 pièces callac (22),https://www.etreproprio.com/immobilier-23393779-vente-maison-a-vendre-3-pieces-callac-22-callac,77 000,Callac 22160,62,,3
Maison 120m² à callac,https://www.etreproprio.com/immobilier-23165537-vente-maison-120m-a-callac-callac,219 900,Callac 22160,120,2 383,6
Maison coup de coeur à callac (22),https://www.etreproprio.com/immobilier-21982506-vente-maison-coup-de-coeur-a-callac-22-callac,199 900,Callac 22160,160,915,8
Maison 115m² à callac,https://www.etreproprio.com/immobilier-22448175-vente-maison-115m-a-callac-callac,165 900,Callac 22160,115,2 536,7
Maison 163m² à callac,https://www.etreproprio.com/immobilier-21841219-vente-maison-163m-a-callac-callac,89 900,Callac 22160,163,660,7
Maison 53m² à callac,https://www.etreproprio.com/immobilier-22905164-vente-maison-53m-a-callac-callac,87 000,Callac 22160,53,1 051,3
"Cotes d'armor nr carnoët, un magnifique cottage, 3 chambres à coucher avec de beaux jardins",https://www.etreproprio.com/immobilier-21934084-vente-cotes-d-armor-nr-carnoet-un-magnifique-cottage-3-chambres-a-coucher-avec-de-beaux-jardins-callac,173 000,Callac 22160,73,1 310,5
"Cotes d'armor près de carhaix, maison individuelle de 3 chambres avec 1573m2 de terrain",https://www.etreproprio.com/immobilier-21327198-vente-cotes-d-armor-pres-de-carhaix-maison-individuelle-de-3-chambres-avec-1573m2-de-terrain-callac,94 000,Callac 22160,83,1 573,5
Longère callac 7 pièce(s) 166 m2,https://www.etreproprio.com/immobilier-22698400-vente-longere-callac-7-pieces-166-m2-callac,192 000,Callac 22160,166,11 920,7
Maison 121 m2 proche dinan,https://www.etreproprio.com/immobilier-23897257-vente-maison-121-m2-proche-dinan-calorguen,335 000,Calorguen 22100,121,,5
Proximite foret de lanouee et etang du gue aux loups,https://www.etreproprio.com/immobilier-23012606-vente-proximite-foret-de-lanouee-et-etang-du-gue-aux-loups-le-cambout,150 800,Le Cambout 22210,165,984,7
"Côtes d'armor: plourac'h. longère en pierre de 4 chambres, gîte, 4,5 ha de terrain et étang de loisirs.",https://www.etreproprio.com/immobilier-22540370-vente-cotes-d-armor-plourac-h-longere-en-pierre-de-4-chambres-gite-45-ha-de-terrain-et-etang-de-loisirs-callac,315 000,Callac 22160,130,44 975,9
Ancien hôtel restaurant + dépndances,https://www.etreproprio.com/immobilier-22483116-vente-ancien-hotel-restaurant-depndances-callac,290 000,Callac 22160,269,2 752,15
"Charmante maison des années 60  à découvrir : 4 chambres, garage et dépendances au calme",https://www.etreproprio.com/immobilier-22009728-vente-charmante-maison-des-annees-60-a-decouvrir-4-chambres-garage-et-dependances-au-calme-callac,126 000,Callac 22160,94,1 324,6
Maison au bourg de camlez,https://www.etreproprio.com/immobilier-22744162-vente-maison-au-bourg-de-camlez-camlez,168 500,Camlez 22450,54,1 880,3
Maison 211m² à camlez,https://www.etreproprio.com/immobilier-23167450-vente-maison-211m-a-camlez-camlez,572 900,Camlez 22450,211,7 500,9
Maison 147m² à camlez,https://www.etreproprio.com/immobilier-22757350-vente-maison-147m-a-camlez-camlez,293 000,Camlez 22450,147,2 886,7
Maison 200m² à canihuel,https://www.etreproprio.com/immobilier-23890420-vente-maison-200m-a-canihuel-canihuel,460 000,Canihuel 22480,200,1 116,2
Maison à canihuel,https://www.etreproprio.com/immobilier-23890412-vente-maison-a-canihuel-canihuel,59 000,Canihuel 22480,,,
Maison 81m² à canihuel,https://www.etreproprio.com/immobilier-23001294-vente-maison-81m-a-canihuel-canihuel,130 000,Canihuel 22480,81,565,4
Charmant ty breton en pierre avec poêle à bois et terrain at,https://www.etreproprio.com/immobilier-23273205-vente-charmant-ty-breton-en-pierre-avec-poele-a-bois-et-terrain-at-canihuel,79 800,Canihuel 22480,57,1 432,3
Maison 300m² à canihuel,https://www.etreproprio.com/immobilier-22763254-vente-maison-300m-a-canihuel-canihuel,424 000,Canihuel 22480,300,7 476,15
À vendre   ancien restaurant avec maison d'habitation en ple,https://www.etreproprio.com/immobilier-22743921-vente-a-vendre-ancien-restaurant-avec-maison-d-habitation-en-ple-canihuel,269 900,Canihuel 22480,275,1 016,12
Maison 74m² à caouennec-lanvezeac,https://www.etreproprio.com/immobilier-23575951-vente-maison-74m-a-caouennec-lanvezeac-caouennec-lanvezeac,198 000,Caouennec-Lanvezeac 22300,74,647,5
Maison à vendre 5 pièces carnoet (22),https://www.etreproprio.com/immobilier-23866123-vente-maison-a-vendre-5-pieces-carnoet-22-carnoet,45 500,Carnoet 22160,109,254,5
Maison 131m² à carnoet,https://www.etreproprio.com/immobilier-23631016-vente-maison-131m-a-carnoet-carnoet,240 000,Carnoet 22160,131,20 013,5
A saisir: ensemble de 4 maisons contiguës à restaurer,https://www.etreproprio.com/immobilier-23460312-vente-a-saisir-ensemble-de-4-maisons-contigues-a-restaurer-carnoet,75 000,Carnoet 22160,176,409,8
Maison 130m² à caulnes,https://www.etreproprio.com/immobilier-23360823-vente-maison-130m-a-caulnes-caulnes,220 500,Caulnes 22350,130,1 311,6
Maison 158m² à caulnes,https://www.etreproprio.com/immobilier-23337059-vente-maison-158m-a-caulnes-caulnes,235 000,Caulnes 22350,158,1 150,5
maison rénovée de 75 m² – caulnes,https://www.etreproprio.com/immobilier-22314705-vente-maison-renovee-de-75-m-caulnes-caulnes,149 950,Caulnes 22350,75,,3
À vendre   maison traditionnelle au cœur de caulnes,https://www.etreproprio.com/immobilier-23616487-vente-a-vendre-maison-traditionnelle-au-coeur-de-caulnes-caulnes,211 250,Caulnes 22350,163,1 377,7
"En exclusivité à caulnes, maison à vendre pour investisseur locatif",https://www.etreproprio.com/immobilier-23484461-vente-en-exclusivite-a-caulnes-maison-a-vendre-pour-investisseur-locatif-caulnes,156 500,Caulnes 22350,58,313,4
Maison 103m² à caulnes,https://www.etreproprio.com/immobilier-23352010-vente-maison-103m-a-caulnes-caulnes,229 460,Caulnes 22350,103,644,5
Maison 150m² à caulnes,https://www.etreproprio.com/immobilier-23349563-vente-maison-150m-a-caulnes-caulnes,262 500,Caulnes 22350,150,,7
Maison 150m² à caulnes,https://www.etreproprio.com/immobilier-23306365-vente-maison-150m-a-caulnes-caulnes,261 300,Caulnes 22350,150,3 836,7
Maison 89m² à caulnes,https://www.etreproprio.com/immobilier-23115402-vente-maison-89m-a-caulnes-caulnes,229 460,Caulnes 22350,89,755,5
Maison 149m² à caulnes,https://www.etreproprio.com/immobilier-22993926-vente-maison-149m-a-caulnes-caulnes,208 350,Caulnes 22350,149,1 377,7
Maison 150m² à caulnes,https://www.etreproprio.com/immobilier-22869780-vente-maison-150m-a-caulnes-caulnes,294 000,Caulnes 22350,150,3 836,7
Batiment en pierre à rénover centre de caulnes,https://www.etreproprio.com/immobilier-17763472-vente-batiment-en-pierre-a-renover-centre-de-caulnes-caulnes,39 400,Caulnes 22350,170,300,4
Belle maison familiale à vendre à caulnes,https://www.etreproprio.com/immobilier-22199454-vente-belle-maison-familiale-a-vendre-a-caulnes-caulnes,220 500,Caulnes 22350,148,1 377,6
Ancien presbytère à vendre,https://www.etreproprio.com/immobilier-22168739-vente-ancien-presbytere-a-vendre-caulnes,384 800,Caulnes 22350,252,5 581,8
Maison la chapelle blanche 2 pièces 66 m²,https://www.etreproprio.com/immobilier-20827568-vente-maison-la-chapelle-blanche-2-pieces-66-m-caulnes,81 200,Caulnes 22350,66,2 580,2
Maison à rénover,https://www.etreproprio.com/immobilier-21358520-vente-maison-a-renover-caulnes,97 000,Caulnes 22350,75,6 200,5
Maison centre de caulnes,https://www.etreproprio.com/immobilier-19814873-vente-maison-centre-de-caulnes-caulnes,85 700,Caulnes 22350,90,510,4
Guerledan longere t5 sur 9370m2,https://www.etreproprio.com/immobilier-23858725-vente-guerledan-longere-t5-sur-9370m2-caurel,99 500,Caurel 22530,100,,3
Maison 96m² à caurel,https://www.etreproprio.com/immobilier-22418024-vente-maison-96m-a-caurel-caurel,139 450,Caurel 22530,96,1 123,4
Maison 180m² à caurel,https://www.etreproprio.com/immobilier-23805258-vente-maison-180m-a-caurel-caurel,259 000,Caurel 22530,180,4 796,8
Maison 60m² à caurel,https://www.etreproprio.com/immobilier-22102792-vente-maison-60m-a-caurel-caurel,140 000,Caurel 22530,61,506,3
"Ensemble immobilier à vendre – caurel (22), proche du lac de guerlédan",https://www.etreproprio.com/immobilier-23748134-vente-ensemble-immobilier-a-vendre-caurel-22-proche-du-lac-de-guerledan-caurel,198 500,Caurel 22530,108,1 507,7
Maison 73m² à caurel,https://www.etreproprio.com/immobilier-23741619-vente-maison-73m-a-caurel-caurel,192 500,Caurel 22530,73,618,3
"Caurel, maison à vendre",https://www.etreproprio.com/immobilier-22878793-vente-caurel-maison-a-vendre-caurel,212 000,Caurel 22530,125,2 200,5
"Caurel, maison à vendre",https://www.etreproprio.com/immobilier-23228225-vente-caurel-maison-a-vendre-caurel,97 200,Caurel 22530,50,882,4
Maison 125m² à caurel,https://www.etreproprio.com/immobilier-19067106-vente-maison-125m-a-caurel-caurel,213 000,Caurel 22530,125,2 200,4
Maison 90m² à caurel,https://www.etreproprio.com/immobilier-23625046-vente-maison-90m-a-caurel-caurel,173 250,Caurel 22530,90,990,5
Maison 253m² à caurel,https://www.etreproprio.com/immobilier-23571058-vente-maison-253m-a-caurel-caurel,249 000,Caurel 22530,253,469,11
Maison 123m² à caurel,https://www.etreproprio.com/immobilier-23464188-vente-maison-123m-a-caurel-caurel,209 000,Caurel 22530,123,1 280,6
"Caurel, maison à vendre",https://www.etreproprio.com/immobilier-23397932-vente-caurel-maison-a-vendre-caurel,148 000,Caurel 22530,92,2 064,6
Maison 120m² à caurel,https://www.etreproprio.com/immobilier-23144357-vente-maison-120m-a-caurel-caurel,170 000,Caurel 22530,120,,4
"Maison de plain-pied avec gîte indépendant, proche du lac d",https://www.etreproprio.com/immobilier-23042528-vente-maison-de-plain-pied-avec-gite-independant-proche-du-lac-d-caurel,170 000,Caurel 22530,120,1 189,4
Charmante propriété de deux maisons,https://www.etreproprio.com/immobilier-23033580-vente-charmante-propriete-de-deux-maisons-caurel,220 000,Caurel 22530,112,4 714,6
Jolie maison en pierres,https://www.etreproprio.com/immobilier-22424535-vente-jolie-maison-en-pierres-caurel,95 850,Caurel 22530,71,142,3
"Caurel, maison à vendre",https://www.etreproprio.com/immobilier-22415306-vente-caurel-maison-a-vendre-caurel,90 000,Caurel 22530,158,,6
Ancien commerce avec appartement,https://www.etreproprio.com/immobilier-22184688-vente-ancien-commerce-avec-appartement-caurel,90 525,Caurel 22530,158,,5
Maison 80m² à caurel,https://www.etreproprio.com/immobilier-22023292-vente-maison-80m-a-caurel-caurel,115 500,Caurel 22530,80,,4
Vaste contemporaine,https://www.etreproprio.com/immobilier-23899414-vente-vaste-contemporaine-cavan,299 000,Cavan 22140,139,1 103,6
Maison 2012 de 4 chambres,https://www.etreproprio.com/immobilier-23897388-vente-maison-2012-de-4-chambres-cavan,332 800,Cavan 22140,130,1 950,6
Maison à vendre 4 pièces cavan (22),https://www.etreproprio.com/immobilier-23877058-vente-maison-a-vendre-4-pieces-cavan-22-cavan,177 500,Cavan 22140,70,2 248,4
Maison en pierres à vendre 6 pièces cavan (22),https://www.etreproprio.com/immobilier-23615210-vente-maison-en-pierres-a-vendre-6-pieces-cavan-22-cavan,222 500,Cavan 22140,107,,6
Cavan - maison néo-bretonne,https://www.etreproprio.com/immobilier-22534221-vente-cavan-maison-neo-bretonne-cavan,235 800,Cavan 22140,122,2 255,8
Maison 80m² à cavan,https://www.etreproprio.com/immobilier-23570027-vente-maison-80m-a-cavan-cavan,188 000,Cavan 22140,80,2 477,5
Maison contemporaine,https://www.etreproprio.com/immobilier-23504142-vente-maison-contemporaine-cavan,295 000,Cavan 22140,120,650,5
Maison 125m² à cavan,https://www.etreproprio.com/immobilier-21845398-vente-maison-125m-a-cavan-cavan,234 500,Cavan 22140,125,2 250,8
Maison 65m² à les champs-geraux,https://www.etreproprio.com/immobilier-23772863-vente-maison-65m-a-les-champs-geraux-les-champs-geraux,116 900,Les Champs-Geraux 22630,65,650,4
Maison familiale 125 m2 - 5 chambres,https://www.etreproprio.com/immobilier-23695633-vente-maison-familiale-125-m2-5-chambres-les-champs-geraux,332 480,Les Champs-Geraux 22630,125,4 200,6
Maison 4 pièce(s) 58m² -les champs geraux (22630),https://www.etreproprio.com/immobilier-22310397-vente-maison-4-pieces-58m-les-champs-geraux-22630-les-champs-geraux,118 250,Les Champs-Geraux 22630,59,641,4
Maison 78m² à les champs-geraux,https://www.etreproprio.com/immobilier-23090492-vente-maison-78m-a-les-champs-geraux-les-champs-geraux,248 500,Les Champs-Geraux 22630,78,411,4
Maison 77m² à la chapelle-blanche,https://www.etreproprio.com/immobilier-23756518-vente-maison-77m-a-la-chapelle-blanche-la-chapelle-blanche,106 000,La Chapelle-Blanche 22350,77,485,3
Maison 35m² à caurel,https://www.etreproprio.com/immobilier-21748875-vente-maison-35m-a-caurel-caurel,97 000,Caurel 22530,35,,3
"Cotes d'armor, caurel, maison de 3 chambres avec gîte attenant de 2 chambres, dépendance, à pied du lac",https://www.etreproprio.com/immobilier-21327195-vente-cotes-d-armor-caurel-maison-de-3-chambres-avec-gite-attenant-de-2-chambres-dependance-a-pied-du-lac-caurel,189 000,Caurel 22530,165,922,8
"Cotes d'armor, proche de mûr-de-bretagne. une maison individuelle de 3 chambres à vendre avec vue sur le lac de guerlédan",https://www.etreproprio.com/immobilier-21327376-vente-cotes-d-armor-proche-de-mur-de-bretagne-une-maison-individuelle-de-3-chambres-a-vendre-avec-vue-sur-le-lac-de-guerledan-caurel,146 000,Caurel 22530,61,1 626,6
Maison 157m² à caurel,https://www.etreproprio.com/immobilier-19038690-vente-maison-157m-a-caurel-caurel,158 000,Caurel 22530,157,,8
Caurel 22530 proche du lac de guerledan,https://www.etreproprio.com/immobilier-14966199-vente-caurel-22530-proche-du-lac-de-guerledan-caurel,309 455,Caurel 22530,100,3 130,5
A 10min de belle isle en terre,https://www.etreproprio.com/immobilier-23805989-vente-a-10min-de-belle-isle-en-terre-la-chapelle-neuve,155 900,La Chapelle-Neuve 22160,90,,5
Maison 670m² à la chapelle-neuve,https://www.etreproprio.com/immobilier-23755983-vente-maison-670m-a-la-chapelle-neuve-la-chapelle-neuve,820 000,La Chapelle-Neuve 22160,670,18 249,28
"Domaine avec 10 locaux à usage d’habitation,  dépendances, 6 emplacements de camping et un  étang sur 1,8 hectares",https://www.etreproprio.com/immobilier-23736332-vente-domaine-avec-10-locaux-a-usage-d-habitation-dependances-6-emplacements-de-camping-et-un-etang-sur-18-hectares-la-chapelle-neuve,820 000,La Chapelle-Neuve 22160,689,,
Maison 150m² à la chapelle-neuve,https://www.etreproprio.com/immobilier-23620169-vente-maison-150m-a-la-chapelle-neuve-la-chapelle-neuve,195 000,La Chapelle-Neuve 22160,150,3 877,6
Maison 130m² à la chapelle-neuve,https://www.etreproprio.com/immobilier-23610977-vente-maison-130m-a-la-chapelle-neuve-la-chapelle-neuve,119 900,La Chapelle-Neuve 22160,130,676,7
Maison 70m² à chatelaudren,https://www.etreproprio.com/immobilier-23832719-vente-maison-70m-a-chatelaudren-chatelaudren,112 350,Chatelaudren 22170,70,,3
Maison 53m² à chatelaudren,https://www.etreproprio.com/immobilier-23778263-vente-maison-53m-a-chatelaudren-chatelaudren,149 520,Chatelaudren 22170,53,,2
Maison 63m² à chatelaudren,https://www.etreproprio.com/immobilier-23778264-vente-maison-63m-a-chatelaudren-chatelaudren,229 680,Chatelaudren 22170,64,,3
Maison 53m² à chatelaudren,https://www.etreproprio.com/immobilier-23778265-vente-maison-53m-a-chatelaudren-chatelaudren,201 840,Chatelaudren 22170,53,,2
"Maison 4 pièces, 97m2, chatelaudren-plouagat (22170)",https://www.etreproprio.com/immobilier-23667923-vente-maison-4-pieces-97m2-chatelaudren-plouagat-22170-chatelaudren,246 620,Chatelaudren 22170,97,3 453,4
Maison 3 chambres,https://www.etreproprio.com/immobilier-23650174-vente-maison-3-chambres-chatelaudren,195 500,Chatelaudren 22170,79,,6
Maison 2 chambres,https://www.etreproprio.com/immobilier-23650167-vente-maison-2-chambres-chatelaudren,148 900,Chatelaudren 22170,65,3 036,5
Maison 3 chambres,https://www.etreproprio.com/immobilier-23650156-vente-maison-3-chambres-chatelaudren,232 500,Chatelaudren 22170,120,1 280,6
Maison 105m² à chatelaudren,https://www.etreproprio.com/immobilier-23650162-vente-maison-105m-a-chatelaudren-chatelaudren,197 500,Chatelaudren 22170,105,,6
Longère châtelaudren plouagat d'environ 150 m².,https://www.etreproprio.com/immobilier-23406340-vente-longere-chatelaudren-plouagat-d-environ-150-m-chatelaudren,259 350,Chatelaudren 22170,152,6 658,5
Maison 194m² à chatelaudren,https://www.etreproprio.com/immobilier-23377464-vente-maison-194m-a-chatelaudren-chatelaudren,436 800,Chatelaudren 22170,194,2 376,7
Maison plouagat,https://www.etreproprio.com/immobilier-23290295-vente-maison-plouagat-chatelaudren,171 900,Chatelaudren 22170,300,7 000,
Maison 113m² à chatelaudren,https://www.etreproprio.com/immobilier-23240793-vente-maison-113m-a-chatelaudren-chatelaudren,274 000,Chatelaudren 22170,113,473,8
Maison 148m² à la cheze,https://www.etreproprio.com/immobilier-23831220-vente-maison-148m-a-la-cheze-la-cheze,116 000,La Cheze 22210,148,234,8
Elegante contemporaine de 202m2 au coeur d'un terrain arboré de 3500m2,https://www.etreproprio.com/immobilier-23885144-vente-elegante-contemporaine-de-202m2-au-coeur-d-un-terrain-arbore-de-3500m2-la-cheze,295 830,La Cheze 22210,202,3 500,10
Maison 160m² à la cheze,https://www.etreproprio.com/immobilier-23831098-vente-maison-160m-a-la-cheze-la-cheze,202 000,La Cheze 22210,160,4 796,6
Maison la cheze 5 pièce(s) 135 m2,https://www.etreproprio.com/immobilier-23829249-vente-maison-la-cheze-5-pieces-135-m2-la-cheze,93 440,La Cheze 22210,135,522,5
Maison 112m² à la cheze,https://www.etreproprio.com/immobilier-23821010-vente-maison-112m-a-la-cheze-la-cheze,98 500,La Cheze 22210,112,721,6
Maison 101m² à la cheze,https://www.etreproprio.com/immobilier-23730230-vente-maison-101m-a-la-cheze-la-cheze,141 000,La Cheze 22210,101,653,6
Maison 101m² à la cheze,https://www.etreproprio.com/immobilier-23731331-vente-maison-101m-a-la-cheze-la-cheze,141 000,La Cheze 22210,101,650,6
Maison 90m² à la cheze,https://www.etreproprio.com/immobilier-22535828-vente-maison-90m-a-la-cheze-la-cheze,65 000,La Cheze 22210,90,230,4
Maison la cheze 5 pièce(s) 120 m2,https://www.etreproprio.com/immobilier-23540408-vente-maison-la-cheze-5-pieces-120-m2-la-cheze,192 000,La Cheze 22210,120,520,5
Vente maison la cheze(22210) 69 000ï¿œ,https://www.etreproprio.com/immobilier-22330089-vente-vente-maison-la-cheze22210-69-000i-oe-la-cheze,69 000,La Cheze 22210,121,400,4
Maison à fort potentiel 6 pièces - 112 m² - la cheze (22210),https://www.etreproprio.com/immobilier-22762805-vente-maison-a-fort-potentiel-6-pieces-112-m-la-cheze-22210-la-cheze,99 830,La Cheze 22210,112,721,6
Maison 160m² à la cheze,https://www.etreproprio.com/immobilier-19312818-vente-maison-160m-a-la-cheze-la-cheze,83 000,La Cheze 22210,160,216,6
Maison la cheze 5 pièce(s) 160 m2,https://www.etreproprio.com/immobilier-22306450-vente-maison-la-cheze-5-pieces-160-m2-la-cheze,83 000,La Cheze 22210,160,216,5
Maison  7 pièce(s) 160 m2,https://www.etreproprio.com/immobilier-21741491-vente-maison-7-pieces-160-m2-la-cheze,249 576,La Cheze 22210,160,1 127,7
Maison 440m² à la cheze,https://www.etreproprio.com/immobilier-20792126-vente-maison-440m-a-la-cheze-la-cheze,65 000,La Cheze 22210,440,,8
Maison 106m² à la cheze,https://www.etreproprio.com/immobilier-18538506-vente-maison-106m-a-la-cheze-la-cheze,95 000,La Cheze 22210,106,1 062,4
Maison 109m² à coadout,https://www.etreproprio.com/immobilier-23259585-vente-maison-109m-a-coadout-coadout,174 000,Coadout 22970,109,1 345,5
Belle longère coadout,https://www.etreproprio.com/immobilier-23121409-vente-belle-longere-coadout-coadout,199 900,Coadout 22970,100,,3
Charmante maison de 70m2 - coatréven,https://www.etreproprio.com/immobilier-23160142-vente-charmante-maison-de-70m2-coatreven-coatreven,139 100,Coatreven 22450,70,480,4
Maison 278m² à coatreven,https://www.etreproprio.com/immobilier-23125146-vente-maison-278m-a-coatreven-coatreven,340 000,Coatreven 22450,278,1 020,12
Cette maison est une invitation à la découverte,https://www.etreproprio.com/immobilier-23056882-vente-cette-maison-est-une-invitation-a-la-decouverte-coatreven,345 840,Coatreven 22450,280,1 000,12
Maison 68m² à coetlogon,https://www.etreproprio.com/immobilier-23537688-vente-maison-68m-a-coetlogon-coetlogon,130 000,Coetlogon 22210,68,,4
Maison 245m² à coetlogon,https://www.etreproprio.com/immobilier-23514012-vente-maison-245m-a-coetlogon-coetlogon,246 500,Coetlogon 22210,245,1 260,9
Maison coetlogon 6 pièce(s) 137 m2,https://www.etreproprio.com/immobilier-23328929-vente-maison-coetlogon-6-pieces-137-m2-coetlogon,103 390,Coetlogon 22210,137,300,6
Maison 103m² à coetlogon,https://www.etreproprio.com/immobilier-21536149-vente-maison-103m-a-coetlogon-coetlogon,156 000,Coetlogon 22210,103,25 055,2
Maison coetmieux : 4 chambres,https://www.etreproprio.com/immobilier-23764293-vente-maison-coetmieux-4-chambres-coetmieux,299 728,Coetmieux 22400,138,1 200,8
Maison 187m² à coetmieux,https://www.etreproprio.com/immobilier-22756816-vente-maison-187m-a-coetmieux-coetmieux,306 000,Coetmieux 22400,187,1 700,6
Maison rénovée en plein bourg de coëtmieux   104 m2   3 chambres   jardin paysager,https://www.etreproprio.com/immobilier-23084766-vente-maison-renovee-en-plein-bourg-de-coetmieux-104-m2-3-chambres-jardin-paysager-coetmieux,258 750,Coetmieux 22400,104,470,4
Maison de 108 m2,https://www.etreproprio.com/immobilier-23814453-vente-maison-de-108-m2-collinee,149 000,Collinee 22330,108,6 150,5
Maison 54m² à collinee,https://www.etreproprio.com/immobilier-23677303-vente-maison-54m-a-collinee-collinee,122 475,Collinee 22330,55,1 030,3
Maison 120m² à collinee,https://www.etreproprio.com/immobilier-23630871-vente-maison-120m-a-collinee-collinee,85 000,Collinee 22330,120,1 404,8
Liberkeys vous propose en exclusivité jolie maison en pierre situé entre collinée et st gilles du mené,https://www.etreproprio.com/immobilier-23585426-vente-liberkeys-vous-propose-en-exclusivite-jolie-maison-en-pierre-situe-entre-collinee-et-st-gilles-du-mene-collinee,176 500,Collinee 22330,88,562,4
Maison dans le centre,https://www.etreproprio.com/immobilier-22432980-vente-maison-dans-le-centre-collinee,185 325,Collinee 22330,152,851,5
Côtes d'armor  charmante bâtiment traditionnelle en pierre à rénover,https://www.etreproprio.com/immobilier-21327201-vente-cotes-d-armor-charmante-batiment-traditionnelle-en-pierre-a-renover-collinee,33 500,Collinee 22330,35,786,1
Maison 90m² à collinee,https://www.etreproprio.com/immobilier-23389008-vente-maison-90m-a-collinee-collinee,44 000,Collinee 22330,90,1 800,4
Maison collinee 6 pièce(s) 185 m2,https://www.etreproprio.com/immobilier-23344446-vente-maison-collinee-6-pieces-185-m2-collinee,194 947,Collinee 22330,185,432,6
Liberkeys vous propose une maison à collinée,https://www.etreproprio.com/immobilier-23311325-vente-liberkeys-vous-propose-une-maison-a-collinee-collinee,235 000,Collinee 22330,167,685,9
"Côtes d'armor  maison de caractère en pierre 6 pièces, jardin paysager, opportunité d'affaire réussie  !",https://www.etreproprio.com/immobilier-21871046-vente-cotes-d-armor-maison-de-caractere-en-pierre-6-pieces-jardin-paysager-opportunite-d-affaire-reussie-collinee,195 000,Collinee 22330,185,432,6
"Cotes d'armor, plessala, maison de 3 chambres et 2 garages, à quelques pas du village",https://www.etreproprio.com/immobilier-22255645-vente-cotes-d-armor-plessala-maison-de-3-chambres-et-2-garages-a-quelques-pas-du-village-collinee,170 000,Collinee 22330,126,1 248,7
Immeuble situé en plein centre de collinée,https://www.etreproprio.com/immobilier-22006725-vente-immeuble-situe-en-plein-centre-de-collinee-collinee,166 636,Collinee 22330,230,165,8
Maison 340m² à corlay,https://www.etreproprio.com/immobilier-23890417-vente-maison-340m-a-corlay-corlay,270 000,Corlay 22320,340,1 018,12
Maison 95m² à corlay,https://www.etreproprio.com/immobilier-23890411-vente-maison-95m-a-corlay-corlay,49 000,Corlay 22320,95,0,
Maison 80m² à corlay,https://www.etreproprio.com/immobilier-23890413-vente-maison-80m-a-corlay-corlay,63 000,Corlay 22320,80,547,2
Maison 186m² à corlay,https://www.etreproprio.com/immobilier-23890415-vente-maison-186m-a-corlay-corlay,160 000,Corlay 22320,186,750,5
"Côtes-d'armor, corlay, spacieuse maison de 6 chambres, idéale pour un projet de chambres d'hôtes, avec dépendances",https://www.etreproprio.com/immobilier-23882140-vente-cotes-d-armor-corlay-spacieuse-maison-de-6-chambres-ideale-pour-un-projet-de-chambres-d-hotes-avec-dependances-corlay,294 000,Corlay 22320,286,2 267,15
"Corlay, maison à vendre",https://www.etreproprio.com/immobilier-23828821-vente-corlay-maison-a-vendre-corlay,294 000,Corlay 22320,286,2 267,12
"Maison de bourg en pierres, d'environ 70 m2 habitables, 2 chambres sur 189 m2 terrain",https://www.etreproprio.com/immobilier-23351680-vente-maison-de-bourg-en-pierres-d-environ-70-m2-habitables-2-chambres-sur-189-m2-terrain-corlay,100 700,Corlay 22320,70,189,3
Maison 109m² à corlay,https://www.etreproprio.com/immobilier-23723834-vente-maison-109m-a-corlay-corlay,59 900,Corlay 22320,109,397,6
Maison mitoyenne rénovée avec charme   un havre de paix à vo,https://www.etreproprio.com/immobilier-23705815-vente-maison-mitoyenne-renovee-avec-charme-un-havre-de-paix-a-vo-corlay,139 100,Corlay 22320,86,331,4
Maison corlay 4 pièce(s) - bourg,https://www.etreproprio.com/immobilier-23440674-vente-maison-corlay-4-pieces-bourg-corlay,45 000,Corlay 22320,84,92,4
Maison 97m² à corlay,https://www.etreproprio.com/immobilier-23331498-vente-maison-97m-a-corlay-corlay,156 000,Corlay 22320,97,2 454,4
Maison de bourg mitoyenne à rénover,https://www.etreproprio.com/immobilier-23171100-vente-maison-de-bourg-mitoyenne-a-renover-corlay,89 800,Corlay 22320,130,228,5
Charmante maison en pierres à la campagne,https://www.etreproprio.com/immobilier-23033582-vente-charmante-maison-en-pierres-a-la-campagne-corlay,146 300,Corlay 22320,80,446,4
Maison authentique avec cheminée corlay 22,https://www.etreproprio.com/immobilier-22886787-vente-maison-authentique-avec-cheminee-corlay-22-corlay,71 000,Corlay 22320,78,,6
Ensemble de 2 maisons d'une surface habitables d'environ 165 m& sur terrain de 561 m2,https://www.etreproprio.com/immobilier-21382930-vente-ensemble-de-2-maisons-d-une-surface-habitables-d-environ-165-m-sur-terrain-de-561-m2-corlay,90 100,Corlay 22320,164,561,7
Ancien presbytère de charme de 1880,https://www.etreproprio.com/immobilier-22736699-vente-ancien-presbytere-de-charme-de-1880-corlay,264 700,Corlay 22320,206,912,6
Investissement locatif rentable. maison corlay classe  a,https://www.etreproprio.com/immobilier-22544412-vente-investissement-locatif-rentable-maison-corlay-classe-a-corlay,139 000,Corlay 22320,79,568,4
Maison - immeuble corlay 12 pièce(s),https://www.etreproprio.com/immobilier-21267147-vente-maison-immeuble-corlay-12-pieces-corlay,123 050,Corlay 22320,,,12
Corlay centre au calme,https://www.etreproprio.com/immobilier-21096102-vente-corlay-centre-au-calme-corlay,178 000,Corlay 22320,97,2 454,5
Maison de 55.5 m2 habitables sur 345 m2 de terrain,https://www.etreproprio.com/immobilier-17674398-vente-maison-de-555-m2-habitables-sur-345-m2-de-terrain-corlay,39 800,Corlay 22320,56,350,3
"À découvrir : une maison familiale au charme intemporel, posée sur un vaste terrain paysagé de plus de 4000 m²",https://www.etreproprio.com/immobilier-23804139-vente-a-decouvrir-une-maison-familiale-au-charme-intemporel-posee-sur-un-vaste-terrain-paysage-de-plus-de-4000-m-corseul,395 900,Corseul 22130,82,4 364,4
Maison 82m² à corseul,https://www.etreproprio.com/immobilier-23699509-vente-maison-82m-a-corseul-corseul,399 000,Corseul 22130,82,4 285,5
Vente maison corseul(22130) 86 400ï¿œ,https://www.etreproprio.com/immobilier-22721810-vente-vente-maison-corseul22130-86-400i-oe-corseul,86 400,Corseul 22130,132,517,5
A vendre - maison de maître- soquet immobilier - corseul,https://www.etreproprio.com/immobilier-23670851-vente-a-vendre-maison-de-maitre-soquet-immobilier-corseul-corseul,461 910,Corseul 22130,269,,10
Seulement 15 min de st jacut de la mer,https://www.etreproprio.com/immobilier-23383296-vente-seulement-15-min-de-st-jacut-de-la-mer-corseul,246 280,Corseul 22130,116,814,6
Maison à rénover corseul,https://www.etreproprio.com/immobilier-23325982-vente-maison-a-renover-corseul-corseul,60 200,Corseul 22130,75,115,3
Maison 92m² à corseul,https://www.etreproprio.com/immobilier-22416966-vente-maison-92m-a-corseul-corseul,121 700,Corseul 22130,92,,3
"maison familiale en campagne, aux portes de corseul, 166 m²",https://www.etreproprio.com/immobilier-23148506-vente-maison-familiale-en-campagne-aux-portes-de-corseul-166-m-corseul,322 000,Corseul 22130,166,3 157,7
Maison 168m² à corseul,https://www.etreproprio.com/immobilier-23145007-vente-maison-168m-a-corseul-corseul,322 000,Corseul 22130,168,3 157,7
Maison 61m² à corseul,https://www.etreproprio.com/immobilier-23125118-vente-maison-61m-a-corseul-corseul,65 900,Corseul 22130,61,1 066,1
Maison corseul 159 m2,https://www.etreproprio.com/immobilier-22741789-vente-maison-corseul-159-m2-corseul,131 000,Corseul 22130,159,,6
Maison 223m² à corseul,https://www.etreproprio.com/immobilier-21919558-vente-maison-223m-a-corseul-corseul,117 500,Corseul 22130,223,223,10
Ensemble de bâtiments de 3630m² - terrain 20982m²,https://www.etreproprio.com/immobilier-22674419-vente-ensemble-de-batiments-de-3630m-terrain-20982m-corseul,363 965,Corseul 22130,3 630,20 982,1
Maison à rénover entièrement   campagne de corseul   terrain de 1164 m2,https://www.etreproprio.com/immobilier-22603535-vente-maison-a-renover-entierement-campagne-de-corseul-terrain-de-1164-m2-corseul,91 750,Corseul 22130,60,1 164,2
Maison 161m² à corseul,https://www.etreproprio.com/immobilier-21766932-vente-maison-161m-a-corseul-corseul,479 200,Corseul 22130,161,600,7
Maison de caractère en pierres à corseul,https://www.etreproprio.com/immobilier-22409381-vente-maison-de-caractere-en-pierres-a-corseul-corseul,259 900,Corseul 22130,168,800,7
Maison 121m² à corseul,https://www.etreproprio.com/immobilier-20774509-vente-maison-121m-a-corseul-corseul,192 200,Corseul 22130,121,200,5
Maison crehen,https://www.etreproprio.com/immobilier-23888282-vente-maison-crehen-crehen,222 350,Crehen 22130,94,520,5
"Maison de plain-pied (2009) sur créhen, à 10 min des plages de saint-jacut",https://www.etreproprio.com/immobilier-23849027-vente-maison-de-plain-pied-2009-sur-crehen-a-10-min-des-plages-de-saint-jacut-crehen,282 960,Crehen 22130,89,529,4
Maison à de plain-pied à créhen,https://www.etreproprio.com/immobilier-23846437-vente-maison-a-de-plain-pied-a-crehen-crehen,282 000,Crehen 22130,116,560,5
Créhen : maison avec 6 chambres à acheter,https://www.etreproprio.com/immobilier-21812444-vente-crehen-maison-avec-6-chambres-a-acheter-crehen,376 200,Crehen 22130,213,673,8
Maison de plain-pied créhen,https://www.etreproprio.com/immobilier-23825620-vente-maison-de-plain-pied-crehen-crehen,272 480,Crehen 22130,86,,4
Plain-pied sur la commune de créhen,https://www.etreproprio.com/immobilier-23826516-vente-plain-pied-sur-la-commune-de-crehen-crehen,272 480,Crehen 22130,86,1 140,4
2 maisons à crehen,https://www.etreproprio.com/immobilier-23564125-vente-2-maisons-a-crehen-crehen,375 000,Ploubalay 22650,132,1 190,6
Maison crehen,https://www.etreproprio.com/immobilier-23532416-vente-maison-crehen-crehen,283 500,Crehen 22130,89,529,4
Maison 138m² à crehen,https://www.etreproprio.com/immobilier-23514590-vente-maison-138m-a-crehen-crehen,345 500,Crehen 22130,138,1 493,8
5 mn de la mer - maison t5 - terrain de 1558 m2,https://www.etreproprio.com/immobilier-23380737-vente-5-mn-de-la-mer-maison-t5-terrain-de-1558-m2-crehen,443 500,Crehen 22130,150,1 558,5
Longère à rénover,https://www.etreproprio.com/immobilier-23475890-vente-longere-a-renover-crehen,170 500,Crehen 22130,150,3 500,4
Maison de caractère à créhen,https://www.etreproprio.com/immobilier-23239406-vente-maison-de-caractere-a-crehen-crehen,298 600,Crehen 22130,84,1 930,4
Maison de campagne à vendre,https://www.etreproprio.com/immobilier-23240570-vente-maison-de-campagne-a-vendre-crehen,295 500,Crehen 22130,84,1 936,4
Créhen : maison récente en parfait état,https://www.etreproprio.com/immobilier-23073538-vente-crehen-maison-recente-en-parfait-etat-crehen,310 500,Crehen 22130,110,544,4
Maison de plain-pied – 3 chambres + garage – secteur résidentiel à créhen,https://www.etreproprio.com/immobilier-23021303-vente-maison-de-plain-pied-3-chambres-garage-secteur-residentiel-a-crehen-crehen,282 950,Crehen 22130,116,,4
A vendre - propriete de 245m² habitable - 5000m² de parc - 10 pieces - 8 chambres - bord de rive -  crehen,https://www.etreproprio.com/immobilier-22638728-vente-a-vendre-propriete-de-245m-habitable-5000m-de-parc-10-pieces-8-chambres-bord-de-rive-crehen-crehen,399 990,Crehen 22130,245,5 000,10
Propriété créhen,https://www.etreproprio.com/immobilier-22154563-vente-propriete-crehen-crehen,395 000,Crehen 22130,245,5 000,10
Maison à vendre crehen,https://www.etreproprio.com/immobilier-18898278-vente-maison-a-vendre-crehen-crehen,259 900,Crehen 22130,90,1 500,4
Maison dinan -vie de plain pied- 2 chambres,https://www.etreproprio.com/immobilier-23890616-vente-maison-dinan-vie-de-plain-pied-2-chambres-dinan,317 500,Dinan 22100,87,430,3
Maison en pierres,https://www.etreproprio.com/immobilier-23895440-vente-maison-en-pierres-dinan,207 800,Dinan 22100,83,666,5
"À vendre chez christelle mesnage - aux portes de dinan, bel",https://www.etreproprio.com/immobilier-23885840-vente-a-vendre-chez-christelle-mesnage-aux-portes-de-dinan-bel-dinan,188 100,Dinan 22100,97,468,6
"À vendre chez christelle mesnage, à 15km de lamballe 20 minu",https://www.etreproprio.com/immobilier-22402444-vente-a-vendre-chez-christelle-mesnage-a-15km-de-lamballe-20-minu-dinan,348 400,Dinan 22270,130,4 000,6
Maison 95m² à dinan,https://www.etreproprio.com/immobilier-23882724-vente-maison-95m-a-dinan-dinan,389 743,Dinan 22100,95,300,5
"À vendre chez christelle mesnage, dinan, belle maison en pie",https://www.etreproprio.com/immobilier-23864557-vente-a-vendre-chez-christelle-mesnage-dinan-belle-maison-en-pie-dinan,209 000,Dinan 22100,120,666,4
"Dinan, quartier prisé proche centre-ville, demeure bourgeoise avec dépendance et garage  réf : 2025136",https://www.etreproprio.com/immobilier-23864181-vente-dinan-quartier-prise-proche-centre-ville-demeure-bourgeoise-avec-dependance-et-garage-ref-2025136-dinan,980 000,Dinan 22100,252,800,14
"À vendre chez christelle mesnage, aux portes de dinan, belle",https://www.etreproprio.com/immobilier-23864556-vente-a-vendre-chez-christelle-mesnage-aux-portes-de-dinan-belle-dinan,292 600,Dinan 22980,145,1 698,7
A vendre maison dinan-quevert 3 chambres,https://www.etreproprio.com/immobilier-23524423-vente-a-vendre-maison-dinan-quevert-3-chambres-dinan,218 190,Dinan 22100,76,483,5
Maison dinan 6 pièce(s) 105m2,https://www.etreproprio.com/immobilier-23843051-vente-maison-dinan-6-pieces-105m2-dinan,273 000,Dinan 22100,105,892,6
A vendre - soquet immobilier - maison de plain pied - lehon,https://www.etreproprio.com/immobilier-23670832-vente-a-vendre-soquet-immobilier-maison-de-plain-pied-lehon-dinan,329 752,Dinan 22100,92,604,4
A vendre - soquet immobilier - maison de plain pied - lehon-dinan,https://www.etreproprio.com/immobilier-23825375-vente-a-vendre-soquet-immobilier-maison-de-plain-pied-lehon-dinan-dinan,264 870,Dinan 22100,92,247,4
Maison 138m² à dinan,https://www.etreproprio.com/immobilier-23823118-vente-maison-138m-a-dinan-dinan,546 000,Dinan 22100,138,351,6
À vendre chez christelle mesnage immobilier : a 4 minutes au,https://www.etreproprio.com/immobilier-23823245-vente-a-vendre-chez-christelle-mesnage-immobilier-a-4-minutes-au-dinan,384 800,Dinan 22100,162,783,6
Maison 138m² à dinan,https://www.etreproprio.com/immobilier-23817313-vente-maison-138m-a-dinan-dinan,546 000,Dinan 22100,138,351,6
Maison 77m² à dinan,https://www.etreproprio.com/immobilier-23713060-vente-maison-77m-a-dinan-dinan,208 490,Dinan 22100,77,277,3
6 km au sud de dinan et proche rance fluviale,https://www.etreproprio.com/immobilier-23808609-vente-6-km-au-sud-de-dinan-et-proche-rance-fluviale-dinan,326 976,Dinan 22100,124,1 314,5
Maison t5 i hyper centre i dinan,https://www.etreproprio.com/immobilier-21059300-vente-maison-t5-i-hyper-centre-i-dinan-dinan,550 000,Dinan 22100,138,25,6
Dinan – maison de ville avec jardin et garage – 92 m²,https://www.etreproprio.com/immobilier-23787471-vente-dinan-maison-de-ville-avec-jardin-et-garage-92-m-dinan,275 900,Dinan 22100,92,,4
Maison 175m² à dinan,https://www.etreproprio.com/immobilier-23056719-vente-maison-175m-a-dinan-dinan,577 500,Dinan 22100,175,842,6
Jolie maison familiale avec grand terrain,https://www.etreproprio.com/immobilier-23531369-vente-jolie-maison-familiale-avec-grand-terrain-duault,168 000,Duault 22160,102,3 062,5
A vendre -  maison - soquet immobilier - éréac,https://www.etreproprio.com/immobilier-23670852-vente-a-vendre-maison-soquet-immobilier-ereac-ereac,154 860,Ereac 22250,139,2 870,6
Maison 46m² à ereac,https://www.etreproprio.com/immobilier-23145074-vente-maison-46m-a-ereac-ereac,57 000,Ereac 22250,46,150,2
Maison 140m² à ereac,https://www.etreproprio.com/immobilier-23482355-vente-maison-140m-a-ereac-ereac,157 000,Ereac 22250,140,1 160,5
Liberkeys vous propose une maison à éréac,https://www.etreproprio.com/immobilier-22572784-vente-liberkeys-vous-propose-une-maison-a-ereac-ereac,240 000,Ereac 22250,145,7 000,6
Jolie maison de 125 m2 à eréac (22) un beau potentiel à exploiter,https://www.etreproprio.com/immobilier-21579480-vente-jolie-maison-de-125-m2-a-ereac-22-un-beau-potentiel-a-exploiter-ereac,169 900,Ereac 22250,125,920,6
Centre historique dinan,https://www.etreproprio.com/immobilier-21626941-vente-centre-historique-dinan-dinan,571 900,Dinan 22100,175,842,7
Maison 80m² à dinan,https://www.etreproprio.com/immobilier-23780981-vente-maison-80m-a-dinan-dinan,217 980,Dinan 22100,80,513,4
Maison corseul  6 chambres,https://www.etreproprio.com/immobilier-23385580-vente-maison-corseul-6-chambres-dinan,549 120,Dinan 22100,265,19 920,8
"A vendre chez christelle mesnage immobilier, belle maison",https://www.etreproprio.com/immobilier-23516475-vente-a-vendre-chez-christelle-mesnage-immobilier-belle-maison-dinan,628 300,Dinan 22100,168,640,7
Maison 101m² à dinan,https://www.etreproprio.com/immobilier-23768775-vente-maison-101m-a-dinan-dinan,252 900,Dinan 22100,101,458,6
Maison contemporaine dinan 7 pièce(s) environ 170 m²,https://www.etreproprio.com/immobilier-23764154-vente-maison-contemporaine-dinan-7-pieces-environ-170-m-dinan,597 360,Dinan 22100,170,394,7
Maison 165m² à dinan,https://www.etreproprio.com/immobilier-23768482-vente-maison-165m-a-dinan-dinan,632 900,Dinan 22100,165,750,5
Maison dinan 7 pièce(s) 171 m2,https://www.etreproprio.com/immobilier-23765570-vente-maison-dinan-7-pieces-171-m2-dinan,638 000,Dinan 22100,171,640,7
Maison contemporaine avec jardin paysagé de 640 m²,https://www.etreproprio.com/immobilier-23519808-vente-maison-contemporaine-avec-jardin-paysage-de-640-m-dinan,634 400,Dinan 22100,170,640,7
Maison/gîte centre historique dinan,https://www.etreproprio.com/immobilier-23750901-vente-maisongite-centre-historique-dinan-dinan,840 000,Dinan 22100,203,2 547,7
maison familiale 3 chambres + bureau – quartier calme – proche centre-ville dinan,https://www.etreproprio.com/immobilier-22043552-vente-maison-familiale-3-chambres-bureau-quartier-calme-proche-centre-ville-dinan-dinan,252 500,Dinan 22100,101,458,5
Maison traditionnelle sur sous-sol avec terrain de 845 m²,https://www.etreproprio.com/immobilier-23728698-vente-maison-traditionnelle-sur-sous-sol-avec-terrain-de-845-m-dinan,277 720,Dinan 22100,113,845,6
Maison dinan 7 pièce(s) 180 m2,https://www.etreproprio.com/immobilier-23712798-vente-maison-dinan-7-pieces-180-m2-dinan,341 250,Dinan 22100,180,2 311,7
"Exclusivité. a vendre chez christelle mesnage immobilier, di",https://www.etreproprio.com/immobilier-20311162-vente-exclusivite-a-vendre-chez-christelle-mesnage-immobilier-di-dinan,219 450,Dinan 22100,90,,5
"À vendre chez christelle mesnage immobilier, à 4km de dinan",https://www.etreproprio.com/immobilier-23705175-vente-a-vendre-chez-christelle-mesnage-immobilier-a-4km-de-dinan-dinan,741 600,Dinan 22100,211,2 459,8
"À vendre chez christelle mesnage immobilier, à 20 minutes",https://www.etreproprio.com/immobilier-21308895-vente-a-vendre-chez-christelle-mesnage-immobilier-a-20-minutes-dinan,177 650,Dinan 22100,121,526,7
À vendre   soquet immobilier - maison familiale dinan centre,https://www.etreproprio.com/immobilier-23670871-vente-a-vendre-soquet-immobilier-maison-familiale-dinan-centre-dinan,493 400,Dinan 22100,182,751,7
A vendre - soquet immobilier - maison de 110 m2 - dinan- lehon,https://www.etreproprio.com/immobilier-23670829-vente-a-vendre-soquet-immobilier-maison-de-110-m2-dinan-lehon-dinan,188 100,Dinan 22100,110,415,6
Exclusivite - soquet immobilier maison à vendre -  trelivan,https://www.etreproprio.com/immobilier-23670864-vente-exclusivite-soquet-immobilier-maison-a-vendre-trelivan-dinan,275 340,Dinan 22100,102,805,4
Dinan centre quartier résidentiel,https://www.etreproprio.com/immobilier-23658428-vente-dinan-centre-quartier-residentiel-dinan,592 800,Dinan 22100,170,396,7
Maison 150m² à erquy,https://www.etreproprio.com/immobilier-23903984-vente-maison-150m-a-erquy-erquy,385 000,Erquy 22430,160,386,10
Erquy - centre ville,https://www.etreproprio.com/immobilier-23894974-vente-erquy-centre-ville-erquy,549 120,Erquy 22430,139,546,7
Erquy proche bourg - maison de plain pied,https://www.etreproprio.com/immobilier-23352819-vente-erquy-proche-bourg-maison-de-plain-pied-erquy,296 400,Erquy 22430,73,677,5
Maison à erquy vue mer,https://www.etreproprio.com/immobilier-22165747-vente-maison-a-erquy-vue-mer-erquy,499 200,Erquy 22430,93,442,6
Maison 180m² à erquy,https://www.etreproprio.com/immobilier-21833589-vente-maison-180m-a-erquy-erquy,878 000,Erquy 22430,180,1 032,6
"Erquy, maison pierre 87 m2 vue mer",https://www.etreproprio.com/immobilier-22161466-vente-erquy-maison-pierre-87-m2-vue-mer-erquy,499 200,Erquy 22430,87,442,5
Maison 127m² à erquy,https://www.etreproprio.com/immobilier-23178759-vente-maison-127m-a-erquy-erquy,332 480,Erquy 22430,127,,5
Erquy - sur les hauteurs,https://www.etreproprio.com/immobilier-23864418-vente-erquy-sur-les-hauteurs-erquy,332 800,Erquy 22430,100,611,6
Erquy - les hopitaux,https://www.etreproprio.com/immobilier-22856805-vente-erquy-les-hopitaux-erquy,332 800,Erquy 22430,130,5 364,7
"Erquy 22430, au calme, secteur les hôpitaux, maison de 127 m2",https://www.etreproprio.com/immobilier-23462083-vente-erquy-22430-au-calme-secteur-les-hopitaux-maison-de-127-m2-erquy,332 800,Erquy 22430,127,,7
"Erquy 22430. a 700 mètres du centre ville et de la plage, programme domaine terra verde",https://www.etreproprio.com/immobilier-17078507-vente-erquy-22430-a-700-metres-du-centre-ville-et-de-la-plage-programme-domaine-terra-verde-erquy,399 000,Erquy 22430,96,,5
"Erquy 22430. idéalement située avec une très belle vue, maison de 265 m2 habitable",https://www.etreproprio.com/immobilier-22914143-vente-erquy-22430-idealement-situee-avec-une-tres-belle-vue-maison-de-265-m2-habitable-erquy,598 000,Erquy 22430,265,,9
Belle demeure vue mer à erquy  réf : 2025122,https://www.etreproprio.com/immobilier-22499028-vente-belle-demeure-vue-mer-a-erquy-ref-2025122-erquy,1 349 400,Erquy 22430,263,1 595,8
Villa vue mer,https://www.etreproprio.com/immobilier-21384594-vente-villa-vue-mer-erquy,1 349 400,Erquy 22430,263,1 595,8
Maison 111m² à erquy,https://www.etreproprio.com/immobilier-23732723-vente-maison-111m-a-erquy-erquy,313 900,Erquy 22430,111,740,4
Erquy - centre ville,https://www.etreproprio.com/immobilier-23725414-vente-erquy-centre-ville-erquy,299 520,Erquy 22430,75,435,3
"Belle maison rénovée, terrain arboré 850m2",https://www.etreproprio.com/immobilier-23686393-vente-belle-maison-renovee-terrain-arbore-850m2-erquy,696 800,Erquy 22430,155,845,6
Maison 114m² à erquy,https://www.etreproprio.com/immobilier-21868271-vente-maison-114m-a-erquy-erquy,299 000,Erquy 22430,114,739,5
Maison erquy,https://www.etreproprio.com/immobilier-23664765-vente-maison-erquy-erquy,362 250,Erquy 22430,87,292,5
Maison 265m² à erquy,https://www.etreproprio.com/immobilier-23446174-vente-maison-265m-a-erquy-erquy,998 000,Erquy 22430,265,1 268,10
"Etables/mer, centre, maison en pierre à vendre",https://www.etreproprio.com/immobilier-23899417-vente-etablesmer-centre-maison-en-pierre-a-vendre-etables-sur-mer,287 375,Etables-Sur-Mer 22680,94,469,5
Maison 160m² à etables-sur-mer,https://www.etreproprio.com/immobilier-22507013-vente-maison-160m-a-etables-sur-mer-etables-sur-mer,989 900,Etables-Sur-Mer 22680,160,3 600,9
Etables sur mer : a vendre maison neuve !,https://www.etreproprio.com/immobilier-23859111-vente-etables-sur-mer-a-vendre-maison-neuve-etables-sur-mer,508 800,Etables-Sur-Mer 22680,145,506,5
Binic - maison 4 chambres avec véranda,https://www.etreproprio.com/immobilier-23845969-vente-binic-maison-4-chambres-avec-veranda-etables-sur-mer,313 500,Etables-Sur-Mer 22520,115,356,7
Maison 76m² à etables-sur-mer,https://www.etreproprio.com/immobilier-22233250-vente-maison-76m-a-etables-sur-mer-etables-sur-mer,230 000,Etables-Sur-Mer 22680,76,574,3
"Etables sur mer, maison à vendre, à 1.2 kms de la plage du moulin",https://www.etreproprio.com/immobilier-23432185-vente-etables-sur-mer-maison-a-vendre-a-12-kms-de-la-plage-du-moulin-etables-sur-mer,207 296,Etables-Sur-Mer 22680,68,560,5
Maison 130m² à etables-sur-mer,https://www.etreproprio.com/immobilier-21908202-vente-maison-130m-a-etables-sur-mer-etables-sur-mer,375 000,Etables-Sur-Mer 22680,130,,8
"Etables sur mer, ensemble immobilier avec 3 logements à vendre, à 1 km de la mer",https://www.etreproprio.com/immobilier-23753033-vente-etables-sur-mer-ensemble-immobilier-avec-3-logements-a-vendre-a-1-km-de-la-mer-etables-sur-mer,364 000,Etables-Sur-Mer 22680,110,3 220,6
Grande maison d'architecte vue mer à etables sur mer,https://www.etreproprio.com/immobilier-21967876-vente-grande-maison-d-architecte-vue-mer-a-etables-sur-mer-etables-sur-mer,561 750,Etables-Sur-Mer 22680,284,4 622,9
Maison 94m² à etables-sur-mer,https://www.etreproprio.com/immobilier-23730562-vente-maison-94m-a-etables-sur-mer-etables-sur-mer,455 000,Etables-Sur-Mer 22680,94,1 358,5
"Etables, belle maison contemporaine à vendre",https://www.etreproprio.com/immobilier-23654420-vente-etables-belle-maison-contemporaine-a-vendre-etables-sur-mer,349 000,Etables-Sur-Mer 22680,110,440,5
Maison traditionnelle proche centre à etables sur mer 4 pièce(s) 86 m2,https://www.etreproprio.com/immobilier-23168085-vente-maison-traditionnelle-proche-centre-a-etables-sur-mer-4-pieces-86-m2-etables-sur-mer,207 900,Etables-Sur-Mer 22680,87,560,4
Maison 90m² à etables-sur-mer,https://www.etreproprio.com/immobilier-23644253-vente-maison-90m-a-etables-sur-mer-etables-sur-mer,207 550,Etables-Sur-Mer 22680,90,550,4
Maison d'architecte,https://www.etreproprio.com/immobilier-22437252-vente-maison-d-architecte-etables-sur-mer,558 540,Etables-Sur-Mer 22680,260,,7
Maison 20m² à etables-sur-mer,https://www.etreproprio.com/immobilier-23580191-vente-maison-20m-a-etables-sur-mer-etables-sur-mer,230 000,Etables-Sur-Mer 22520,20,2 097,1
Maison d’architecte avec terrain constructible   binic étables-sur-mer,https://www.etreproprio.com/immobilier-22462904-vente-maison-d-architecte-avec-terrain-constructible-binic-etables-sur-mer-etables-sur-mer,555 330,Etables-Sur-Mer 22680,260,4 400,7
Investissement: immeuble de 3 appartements en plein centre d'étables sur mer,https://www.etreproprio.com/immobilier-23580190-vente-investissement-immeuble-de-3-appartements-en-plein-centre-d-etables-sur-mer-etables-sur-mer,365 750,Etables-Sur-Mer 22680,112,334,6
Maison binic 6 pièce(s) 105m²,https://www.etreproprio.com/immobilier-22496823-vente-maison-binic-6-pieces-105m-etables-sur-mer,304 400,Etables-Sur-Mer 22520,105,600,6
"Binic, quartier résidentiel, maison à vendre",https://www.etreproprio.com/immobilier-23534289-vente-binic-quartier-residentiel-maison-a-vendre-etables-sur-mer,382 720,Etables-Sur-Mer 22520,116,637,6
Maison binic - 186 m2 - 4 chambres,https://www.etreproprio.com/immobilier-23340521-vente-maison-binic-186-m2-4-chambres-etables-sur-mer,696 800,Etables-Sur-Mer 22520,186,2 219,5
Maison 156m² à dinan,https://www.etreproprio.com/immobilier-23659791-vente-maison-156m-a-dinan-dinan,429 525,Dinan 22100,156,450,7
Maison 166m² à dinan,https://www.etreproprio.com/immobilier-23662200-vente-maison-166m-a-dinan-dinan,589 000,Dinan 22100,166,394,9
Maison 127m² à dinan,https://www.etreproprio.com/immobilier-23654855-vente-maison-127m-a-dinan-dinan,488 250,Dinan 22100,127,1 027,5
Vente maison dinan(22100) 251 450ï¿œ,https://www.etreproprio.com/immobilier-23339913-vente-vente-maison-dinan22100-251-450i-oe-dinan,251 450,Dinan 22100,95,460,5
Maison 95m² à dinan,https://www.etreproprio.com/immobilier-23372670-vente-maison-95m-a-dinan-dinan,246 750,Dinan 22100,95,460,5
Maison dinan 6 pièce(s) 170 m2,https://www.etreproprio.com/immobilier-23638612-vente-maison-dinan-6-pieces-170-m2-dinan,596 790,Dinan 22100,170,394,6
Dinan peripherie,https://www.etreproprio.com/immobilier-17940506-vente-dinan-peripherie-dinan,655 000,Dinan 22100,230,3 075,7
Dinan centre ville maison de ville potentiel 140 m2,https://www.etreproprio.com/immobilier-23633673-vente-dinan-centre-ville-maison-de-ville-potentiel-140-m2-dinan,251 520,Dinan 22100,140,,6
Maison dinan 6 pièce(s) 184 m2,https://www.etreproprio.com/immobilier-23402977-vente-maison-dinan-6-pieces-184-m2-dinan,245 440,Dinan 22100,184,1 673,6
Maison 98m² à dinan,https://www.etreproprio.com/immobilier-22060808-vente-maison-98m-a-dinan-dinan,247 500,Dinan 22100,98,505,5
Vente maison dinan(22100) 499 800ï¿œ,https://www.etreproprio.com/immobilier-21124329-vente-vente-maison-dinan22100-499-800i-oe-dinan,499 800,Dinan 22100,190,1 592,8
Maison 480m² à dinan,https://www.etreproprio.com/immobilier-22932464-vente-maison-480m-a-dinan-dinan,1 339 000,Dinan 22100,480,500,11
"À vendre chez christelle mesnage, à 1 minute de dinan – magn",https://www.etreproprio.com/immobilier-23571682-vente-a-vendre-chez-christelle-mesnage-a-1-minute-de-dinan-magn-dinan,338 000,Dinan 22100,130,971,8
Maison familiale aux portes de dinan,https://www.etreproprio.com/immobilier-23573216-vente-maison-familiale-aux-portes-de-dinan-dinan,397 000,Dinan 22100,163,1 427,6
"À vendre chez christelle mesnage immobilier, 5minutes de di",https://www.etreproprio.com/immobilier-23571683-vente-a-vendre-chez-christelle-mesnage-immobilier-5minutes-de-di-dinan,261 250,Dinan 22100,87,1 000,6
Longère rénovée  proche dinan !,https://www.etreproprio.com/immobilier-23542086-vente-longere-renovee-proche-dinan-dinan,416 000,Dinan 22100,173,7 184,5
Maison 138m² à dinan,https://www.etreproprio.com/immobilier-23540250-vente-maison-138m-a-dinan-dinan,473 000,Dinan 22100,138,5 009,6
Maison 142m² à dinan,https://www.etreproprio.com/immobilier-23526370-vente-maison-142m-a-dinan-dinan,447 500,Dinan 22100,142,1 570,7
Proche de plancoet et de jugon les lacs - corps de ferme com,https://www.etreproprio.com/immobilier-23516474-vente-proche-de-plancoet-et-de-jugon-les-lacs-corps-de-ferme-com-dinan,468 000,Dinan 22100,200,50 000,12
"A vendre chez christelle mesnage, dinan, belle maison d'ar",https://www.etreproprio.com/immobilier-23516472-vente-a-vendre-chez-christelle-mesnage-dinan-belle-maison-d-ar-dinan,530 400,Dinan 22100,211,2 067,8
"A vendre chez christelle mesnage, axe saint-malo-rennes. pr",https://www.etreproprio.com/immobilier-23516470-vente-a-vendre-chez-christelle-mesnage-axe-saint-malo-rennes-pr-dinan,488 800,Dinan 22100,150,2 571,8
Maison 95m² à dinan,https://www.etreproprio.com/immobilier-21581584-vente-maison-95m-a-dinan-dinan,149 900,Dinan 22100,95,,4
"À vendre chez christelle mesnage, proche de dinan,  belle ma",https://www.etreproprio.com/immobilier-23516471-vente-a-vendre-chez-christelle-mesnage-proche-de-dinan-belle-ma-dinan,342 992,Dinan 22100,143,3 370,6
Maison dinan centre 116 m²,https://www.etreproprio.com/immobilier-23496925-vente-maison-dinan-centre-116-m-dinan,469 000,Dinan 22100,116,240,5
Maison 116m² à dinan,https://www.etreproprio.com/immobilier-23503874-vente-maison-116m-a-dinan-dinan,469 000,Dinan 22100,116,240,5
Maison 131m² à dinan,https://www.etreproprio.com/immobilier-23487972-vente-maison-131m-a-dinan-dinan,378 000,Dinan 22100,131,200,4
Centre ville dinan,https://www.etreproprio.com/immobilier-23478588-vente-centre-ville-dinan-dinan,978 500,Dinan 22100,236,320,8
Maison 163m² à dinan,https://www.etreproprio.com/immobilier-23350545-vente-maison-163m-a-dinan-dinan,384 800,Dinan 22100,163,780,6
Maison dinan environ 160 m²,https://www.etreproprio.com/immobilier-22668436-vente-maison-dinan-environ-160-m-dinan,387 500,Dinan 22100,163,783,6
Maison 95m² à dinan,https://www.etreproprio.com/immobilier-21485163-vente-maison-95m-a-dinan-dinan,146 990,Dinan 22100,95,,5
Maison 10 pièces 252 m2,https://www.etreproprio.com/immobilier-23451256-vente-maison-10-pieces-252-m2-dinan,363 900,Dinan 22100,252,13 627,10
Propriété 252 m2 12 pièces,https://www.etreproprio.com/immobilier-23451271-vente-propriete-252-m2-12-pieces-dinan,444 990,Dinan 22100,252,7 450,12
Maison 174m² à dinan,https://www.etreproprio.com/immobilier-23433804-vente-maison-174m-a-dinan-dinan,665 000,Dinan 22100,174,179,7
Demeure bourgeoise dinan de 484 m2,https://www.etreproprio.com/immobilier-22923414-vente-demeure-bourgeoise-dinan-de-484-m2-dinan,1 339 000,Dinan 22100,484,503,11
"Côtes d'armor, dinan.  130m2 habitable. 4 chambres. 1200m2 jardins/terrain",https://www.etreproprio.com/immobilier-23168119-vente-cotes-d-armor-dinan-130m2-habitable-4-chambres-1200m2-jardinsterrain-dinan,488 000,Dinan 22100,130,1 243,5
Maison 6 pièces de 127m2 de 2006 en parfait état,https://www.etreproprio.com/immobilier-23071305-vente-maison-6-pieces-de-127m2-de-2006-en-parfait-etat-dinan,488 250,Dinan 22100,127,1 027,6
Maison en pierre proche centre-ville de dinan,https://www.etreproprio.com/immobilier-23393449-vente-maison-en-pierre-proche-centre-ville-de-dinan-dinan,303 920,Dinan 22100,90,,4
Immeuble centre de dinan 170 m2,https://www.etreproprio.com/immobilier-23384826-vente-immeuble-centre-de-dinan-170-m2-dinan,360 000,Dinan 22100,170,55,8
Elégante propriété début xxe - quartier prisé de dinan,https://www.etreproprio.com/immobilier-23357092-vente-elegante-propriete-debut-xxe-quartier-prise-de-dinan-dinan,980 000,Dinan 22100,252,806,12
À vendre chez christelle mesnage immobilier. - dinan - maiso,https://www.etreproprio.com/immobilier-22478629-vente-a-vendre-chez-christelle-mesnage-immobilier-dinan-maiso-dinan,250 800,Dinan 22100,91,447,5
"Etables sur mer, tout à pied !",https://www.etreproprio.com/immobilier-21361172-vente-etables-sur-mer-tout-a-pied-etables-sur-mer,299 500,Etables-Sur-Mer 22680,129,707,4
"Proche plage du moulin à etables/mer, ensemble de 2 maisons",https://www.etreproprio.com/immobilier-22138745-vente-proche-plage-du-moulin-a-etablesmer-ensemble-de-2-maisons-etables-sur-mer,299 250,Etables-Sur-Mer 22680,81,465,5
"Binic - etables sur mer, maison en pierres à vendre, au calme, à 5 minutes de la plage et des commerces",https://www.etreproprio.com/immobilier-23087500-vente-binic-etables-sur-mer-maison-en-pierres-a-vendre-au-calme-a-5-minutes-de-la-plage-et-des-commerces-etables-sur-mer,227 000,Etables-Sur-Mer 22520,91,1 957,6
Maison 92m² à etables-sur-mer,https://www.etreproprio.com/immobilier-23350476-vente-maison-92m-a-etables-sur-mer-etables-sur-mer,167 000,Etables-Sur-Mer 22680,92,,4
A vendre : maison entre plages et commerces,https://www.etreproprio.com/immobilier-22436238-vente-a-vendre-maison-entre-plages-et-commerces-etables-sur-mer,375 000,Etables-Sur-Mer 22680,140,1 327,6
"Etables/mer, maison à vendre à 250 m de la plage",https://www.etreproprio.com/immobilier-23277617-vente-etablesmer-maison-a-vendre-a-250-m-de-la-plage-etables-sur-mer,457 600,Etables-Sur-Mer 22680,247,1 367,7
Maison traditionnelle proche plages et commerces,https://www.etreproprio.com/immobilier-23273750-vente-maison-traditionnelle-proche-plages-et-commerces-etables-sur-mer,375 000,Etables-Sur-Mer 22680,130,1 327,6
Maison 56m² à etables-sur-mer,https://www.etreproprio.com/immobilier-23232274-vente-maison-56m-a-etables-sur-mer-etables-sur-mer,270 000,Etables-Sur-Mer 22680,56,,3
"Grande maison sur les hauteurs de  binic, avec vue mer.",https://www.etreproprio.com/immobilier-23230404-vente-grande-maison-sur-les-hauteurs-de-binic-avec-vue-mer-etables-sur-mer,607 840,Etables-Sur-Mer 22520,148,1 600,6
Propriété d’exception à étables-sur-mer,https://www.etreproprio.com/immobilier-23214124-vente-propriete-d-exception-a-etables-sur-mer-etables-sur-mer,1 144 000,Etables-Sur-Mer 22680,248,5 470,7
Maison 165m² à etables-sur-mer,https://www.etreproprio.com/immobilier-23190201-vente-maison-165m-a-etables-sur-mer-etables-sur-mer,632 000,Etables-Sur-Mer 22680,165,774,10
Maison binic etables sur mer 8 pièce(s) 197 m2,https://www.etreproprio.com/immobilier-23153300-vente-maison-binic-etables-sur-mer-8-pieces-197-m2-etables-sur-mer,336 800,Etables-Sur-Mer 22680,197,565,8
"Etables, maison neuve de 144m² à vendre",https://www.etreproprio.com/immobilier-19968560-vente-etables-maison-neuve-de-144m-a-vendre-etables-sur-mer,498 500,Etables-Sur-Mer 22680,144,506,5
"Maison familiale vue mer, centre et plage à pied",https://www.etreproprio.com/immobilier-22934654-vente-maison-familiale-vue-mer-centre-et-plage-a-pied-etables-sur-mer,548 800,Etables-Sur-Mer 22520,148,1 604,6
Maison récente sur binic proche commodités au calme,https://www.etreproprio.com/immobilier-22567986-vente-maison-recente-sur-binic-proche-commodites-au-calme-etables-sur-mer,384 560,Etables-Sur-Mer 22520,119,637,7
Ensemble immobilier en pierre centre d'etables,https://www.etreproprio.com/immobilier-22762204-vente-ensemble-immobilier-en-pierre-centre-d-etables-etables-sur-mer,599 140,Etables-Sur-Mer 22680,227,1 863,8
Charmante maison a pied des plages,https://www.etreproprio.com/immobilier-22719142-vente-charmante-maison-a-pied-des-plages-etables-sur-mer,299 200,Etables-Sur-Mer 22520,150,1 020,7
Maison 121m² à etables-sur-mer,https://www.etreproprio.com/immobilier-22598970-vente-maison-121m-a-etables-sur-mer-etables-sur-mer,295 000,Etables-Sur-Mer 22680,121,1 000,7
Maison moderne incroyable! 4 chambres,https://www.etreproprio.com/immobilier-22199894-vente-maison-moderne-incroyable-4-chambres-etables-sur-mer,699 920,Etables-Sur-Mer 22680,144,460,6
"Exceptionnelle maison de standing à etables sur mer, piscine et spa",https://www.etreproprio.com/immobilier-22138753-vente-exceptionnelle-maison-de-standing-a-etables-sur-mer-piscine-et-spa-etables-sur-mer,699 000,Etables-Sur-Mer 22680,147,415,6
Villa rénovée 6 pièces cap d'erquy,https://www.etreproprio.com/immobilier-23615557-vente-villa-renovee-6-pieces-cap-d-erquy-erquy,696 800,Erquy 22430,155,850,6
"Erquy 22430, idéalement située au calme et à 900 mètres des commerces, maison de 113 m2 sur sous-sol",https://www.etreproprio.com/immobilier-23492312-vente-erquy-22430-idealement-situee-au-calme-et-a-900-metres-des-commerces-maison-de-113-m2-sur-sous-sol-erquy,364 000,Erquy 22430,113,757,6
Maison 144m² à erquy,https://www.etreproprio.com/immobilier-22417768-vente-maison-144m-a-erquy-erquy,350 000,Erquy 22430,144,2 398,6
Maison erquy 6 pièce(s) 169 m2,https://www.etreproprio.com/immobilier-23444072-vente-maison-erquy-6-pieces-169-m2-erquy,513 520,Erquy 22430,169,182,6
Maison 65m² à erquy,https://www.etreproprio.com/immobilier-23388580-vente-maison-65m-a-erquy-erquy,249 480,Erquy 22430,65,855,3
"Erquy, à 500 mètres du centre ville maison lumineuse de 191 m2 habitable",https://www.etreproprio.com/immobilier-20712023-vente-erquy-a-500-metres-du-centre-ville-maison-lumineuse-de-191-m2-habitable-erquy,488 800,Erquy 22430,191,,8
Maison 224m² à erquy,https://www.etreproprio.com/immobilier-23350298-vente-maison-224m-a-erquy-erquy,1 098 000,Erquy 22430,224,1 720,7
"Vente maison 86 m²,  3 chambres, erquy (22430)",https://www.etreproprio.com/immobilier-23274583-vente-vente-maison-86-m-3-chambres-erquy-22430-erquy,358 000,Erquy 22430,86,,4
"Vente maison 3 chambres, 85 m², erquy (22430)",https://www.etreproprio.com/immobilier-23274584-vente-vente-maison-3-chambres-85-m-erquy-22430-erquy,358 000,Erquy 22430,85,,4
"Vente maison 4 chambres, 96 m², erquy ( 22430)",https://www.etreproprio.com/immobilier-23274586-vente-vente-maison-4-chambres-96-m-erquy-22430-erquy,399 000,Erquy 22430,96,,5
"Vente maison 4 chambres, 94 m², erquy ( 22430)",https://www.etreproprio.com/immobilier-23274585-vente-vente-maison-4-chambres-94-m-erquy-22430-erquy,395 000,Erquy 22430,94,,5
Résidence terra verde,https://www.etreproprio.com/immobilier-23072148-vente-residence-terra-verde-erquy,345 000,Erquy 22430,67,72,3
Maison 160m² à erquy,https://www.etreproprio.com/immobilier-23031238-vente-maison-160m-a-erquy-erquy,517 000,Erquy 22430,160,615,8
Maison 230m² à erquy,https://www.etreproprio.com/immobilier-21766766-vente-maison-230m-a-erquy-erquy,699 000,Erquy 22430,230,10 349,9
Erquy 22430. villa de 1926 proximité plage et commerces,https://www.etreproprio.com/immobilier-22946932-vente-erquy-22430-villa-de-1926-proximite-plage-et-commerces-erquy,540 800,Erquy 22430,120,,6
Maison 160m² à erquy,https://www.etreproprio.com/immobilier-22920592-vente-maison-160m-a-erquy-erquy,520 000,Erquy 22430,160,615,8
Erquy 22430. charmante maison des années 50 de 160 m2,https://www.etreproprio.com/immobilier-22906997-vente-erquy-22430-charmante-maison-des-annees-50-de-160-m2-erquy,520 000,Erquy 22430,160,615,7
Propriété vue mer panoramique,https://www.etreproprio.com/immobilier-19141975-vente-propriete-vue-mer-panoramique-erquy,648 750,Erquy 22430,131,615,6
Erquy - lanruen,https://www.etreproprio.com/immobilier-22875729-vente-erquy-lanruen-erquy,270 400,Erquy 22430,68,251,4
Maison neuve 147m2 à erquy les hôpitaux   4 chambres - 2 km des plages,https://www.etreproprio.com/immobilier-21852320-vente-maison-neuve-147m2-a-erquy-les-hopitaux-4-chambres-2-km-des-plages-erquy,590 000,Erquy 22430,147,608,7
Etables sur mer : a vendre maison,https://www.etreproprio.com/immobilier-22317669-vente-etables-sur-mer-a-vendre-maison-etables-sur-mer,270 000,Etables-Sur-Mer 22680,80,752,6
"Binic, maison à vendre, beau potentiel",https://www.etreproprio.com/immobilier-18850611-vente-binic-maison-a-vendre-beau-potentiel-etables-sur-mer,591 660,Etables-Sur-Mer 22520,125,2 600,6
"500m du bourg d'etables sur mer, maison neuve 4 chambres",https://www.etreproprio.com/immobilier-22138748-vente-500m-du-bourg-d-etables-sur-mer-maison-neuve-4-chambres-etables-sur-mer,499 000,Etables-Sur-Mer 22680,145,506,6
"A etables-sur-mer, magnifique propriete vue mer sur un parc arbore  réf : 202533",https://www.etreproprio.com/immobilier-21872015-vente-a-etables-sur-mer-magnifique-propriete-vue-mer-sur-un-parc-arbore-ref-202533-etables-sur-mer,1 868 400,Etables-Sur-Mer 22680,194,6 701,6
Maison binic  7 pièce(s) 132.35 m2,https://www.etreproprio.com/immobilier-21701379-vente-maison-binic-7-pieces-13235-m2-etables-sur-mer,289 280,Etables-Sur-Mer 22520,132,765,7
Binic-etables sur mer,https://www.etreproprio.com/immobilier-21302524-vente-binic-etables-sur-mer-etables-sur-mer,428 500,Etables-Sur-Mer 22680,99,531,4
"Etables sur mer, tout à pied !",https://www.etreproprio.com/immobilier-18713043-vente-etables-sur-mer-tout-a-pied-etables-sur-mer,448 060,Etables-Sur-Mer 22680,120,1 185,5
Etables sur mer ! potentiel ++ !!!!!!!!!!!!!!!,https://www.etreproprio.com/immobilier-19800902-vente-etables-sur-mer-potentiel-etables-sur-mer,232 320,Etables-Sur-Mer 22680,84,282,
Etables sur mer - la plage et le bourg à pied,https://www.etreproprio.com/immobilier-18941247-vente-etables-sur-mer-la-plage-et-le-bourg-a-pied-etables-sur-mer,375 840,Etables-Sur-Mer 22680,92,627,4
Maison binic etables sur mer 5 pièce(s) 150 m2,https://www.etreproprio.com/immobilier-18518055-vente-maison-binic-etables-sur-mer-5-pieces-150-m2-etables-sur-mer,224 650,Etables-Sur-Mer 22680,137,276,5
Maison 144m² à dinan,https://www.etreproprio.com/immobilier-23141711-vente-maison-144m-a-dinan-dinan,698 250,Dinan 22100,144,365,5
Maison i dinan i 4 chambres i 102 m2 i dpe c,https://www.etreproprio.com/immobilier-23354164-vente-maison-i-dinan-i-4-chambres-i-102-m2-i-dpe-c-dinan,375 000,Dinan 22100,102,,5
Maison traditionnelle aux portes de dinan,https://www.etreproprio.com/immobilier-21788332-vente-maison-traditionnelle-aux-portes-de-dinan-dinan,288 200,Dinan 22100,118,1 900,5
Maison 113m² à dinan,https://www.etreproprio.com/immobilier-23337200-vente-maison-113m-a-dinan-dinan,371 520,Dinan 22100,113,380,6
Maison dinan 7 pièce(s) 156 m2,https://www.etreproprio.com/immobilier-23304002-vente-maison-dinan-7-pieces-156-m2-dinan,472 500,Dinan 22100,156,3 000,7
Belle propriété de 390 m² habitables avec dépendances et parc arboré,https://www.etreproprio.com/immobilier-23291284-vente-belle-propriete-de-390-m-habitables-avec-dependances-et-parc-arbore-dinan,1 019 200,Dinan 22100,390,23 761,14
Maison dinan 180 m²,https://www.etreproprio.com/immobilier-22252952-vente-maison-dinan-180-m-dinan,286 500,Dinan 22100,180,511,6
Maison 156m² à dinan,https://www.etreproprio.com/immobilier-23277414-vente-maison-156m-a-dinan-dinan,598 500,Dinan 22100,156,990,4
Maison 66m² à dinan,https://www.etreproprio.com/immobilier-22478276-vente-maison-66m-a-dinan-dinan,214 000,Dinan 22100,66,470,3
Maison  t4  112 m² avec jardin,https://www.etreproprio.com/immobilier-23262530-vente-maison-t4-112-m-avec-jardin-dinan,371 520,Dinan 22100,112,380,4
Maison 112m² à dinan,https://www.etreproprio.com/immobilier-21624393-vente-maison-112m-a-dinan-dinan,325 500,Dinan 22100,112,391,4
Maison 166m² à dinan,https://www.etreproprio.com/immobilier-23229302-vente-maison-166m-a-dinan-dinan,540 000,Dinan 22100,166,1 811,6
Maison plain-pied  à 10 min de dinan,https://www.etreproprio.com/immobilier-23230400-vente-maison-plain-pied-a-10-min-de-dinan-dinan,208 552,Dinan 22100,63,462,5
Dinan centre ville historique - maison de caractère de 236 m,https://www.etreproprio.com/immobilier-23236075-vente-dinan-centre-ville-historique-maison-de-caractere-de-236-m-dinan,978 500,Dinan 22100,236,320,8
Maison 176m² à dinan,https://www.etreproprio.com/immobilier-21900137-vente-maison-176m-a-dinan-dinan,437 000,Dinan 22100,176,1 143,9
Maison 98m² à dinan,https://www.etreproprio.com/immobilier-23220697-vente-maison-98m-a-dinan-dinan,273 400,Dinan 22100,98,256,5
À vendre chez christelle mesnage – dinan centre-ville. belle,https://www.etreproprio.com/immobilier-23223722-vente-a-vendre-chez-christelle-mesnage-dinan-centre-ville-belle-dinan,1 339 000,Dinan 22100,483,503,14
Maison dinan 5 pièce(s) 93 m2,https://www.etreproprio.com/immobilier-22232484-vente-maison-dinan-5-pieces-93-m2-dinan,252 000,Dinan 22100,93,447,5
Maison de maitre 110 m² plouer sur rance,https://www.etreproprio.com/immobilier-21745579-vente-maison-de-maitre-110-m-plouer-sur-rance-dinan,351 080,Dinan 22100,110,1 671,5
Maison dinan 5 pièce(s) 100 m2,https://www.etreproprio.com/immobilier-22651198-vente-maison-dinan-5-pieces-100-m2-dinan,273 000,Dinan 22100,100,467,5
Maison neuve 139m2 à erquy les hôpitaux   4 chambres - 2 km des plages,https://www.etreproprio.com/immobilier-22326470-vente-maison-neuve-139m2-a-erquy-les-hopitaux-4-chambres-2-km-des-plages-erquy,550 000,Erquy 22430,139,608,6
Maison d'habitation en grès roses rénovée en 2014,https://www.etreproprio.com/immobilier-21861734-vente-maison-d-habitation-en-gres-roses-renovee-en-2014-erquy,509 600,Erquy 22430,124,1 435,5
Maison à vendre erquy,https://www.etreproprio.com/immobilier-22112893-vente-maison-a-vendre-erquy-erquy,507 150,Erquy 22430,124,1 435,5
"Erquy 22430. caroual à 500 mètres de la plage, maison de 92 m2",https://www.etreproprio.com/immobilier-22621985-vente-erquy-22430-caroual-a-500-metres-de-la-plage-maison-de-92-m2-erquy,395 000,Erquy 22430,92,,4
Maison erquy 3 chambres,https://www.etreproprio.com/immobilier-20998728-vente-maison-erquy-3-chambres-erquy,358 000,Erquy 22430,85,42,4
Maison erquy 3 chambres,https://www.etreproprio.com/immobilier-20998734-vente-maison-erquy-3-chambres-erquy,358 000,Erquy 22430,86,35,4
"Erquy 22430. maison lumineuse de 105 m2 au calme, à 900 mètres du centre ville et de la plage",https://www.etreproprio.com/immobilier-21772004-vente-erquy-22430-maison-lumineuse-de-105-m2-au-calme-a-900-metres-du-centre-ville-et-de-la-plage-erquy,312 000,Erquy 22430,105,546,5
"Erquy 22430. jolie maison lumineuse de 108 m2 habitable, à proximité des plages",https://www.etreproprio.com/immobilier-20240379-vente-erquy-22430-jolie-maison-lumineuse-de-108-m2-habitable-a-proximite-des-plages-erquy,317 200,Erquy 22430,108,712,6
Maison 167m² à erquy,https://www.etreproprio.com/immobilier-22359680-vente-maison-167m-a-erquy-erquy,533 500,Erquy 22430,167,1 020,6
Maison 152m² à erquy,https://www.etreproprio.com/immobilier-22359566-vente-maison-152m-a-erquy-erquy,395 000,Erquy 22430,152,1 000,7
"Erquy 22430, au calme, à 8 minutes seulement du centre ville, longère entièrement rénovée de type 5",https://www.etreproprio.com/immobilier-21400764-vente-erquy-22430-au-calme-a-8-minutes-seulement-du-centre-ville-longere-entierement-renovee-de-type-5-erquy,535 600,Erquy 22430,167,1 025,5
Villa contemporaine au cap d'erquy,https://www.etreproprio.com/immobilier-21854247-vente-villa-contemporaine-au-cap-d-erquy-erquy,934 500,Erquy 22430,203,1 631,6
Propriété d'exception à erquy,https://www.etreproprio.com/immobilier-21281659-vente-propriete-d-exception-a-erquy-erquy,690 000,Erquy 22430,113,600,6
Vente maison d'exception avec piscine  à erquy  à 600m de la plage !,https://www.etreproprio.com/immobilier-22205959-vente-vente-maison-d-exception-avec-piscine-a-erquy-a-600m-de-la-plage-erquy,690 000,Erquy 22430,111,600,6
Maison à vendre erquy,https://www.etreproprio.com/immobilier-22185836-vente-maison-a-vendre-erquy-erquy,652 050,Erquy 22430,274,2 200,12
2  villas avec piscine erquy à 600m de la plage rentabilité assurée,https://www.etreproprio.com/immobilier-22185374-vente-2-villas-avec-piscine-erquy-a-600m-de-la-plage-rentabilite-assuree-erquy,1 400 000,Erquy 22430,212,1 200,12
À vendre  maison 6 pièces avec terrasse et piscine à erquy,https://www.etreproprio.com/immobilier-22185375-vente-a-vendre-maison-6-pieces-avec-terrasse-et-piscine-a-erquy-erquy,750 000,Erquy 22430,101,600,5
Deux villas de prestige pour investisseur,https://www.etreproprio.com/immobilier-21985640-vente-deux-villas-de-prestige-pour-investisseur-erquy,1 388 000,Erquy 22430,217,1 112,11
Longère en pierre à erquy,https://www.etreproprio.com/immobilier-21281658-vente-longere-en-pierre-a-erquy-erquy,750 000,Erquy 22430,105,500,5
"Exclusivité. erquy 22430, a 1,2 kilomètres de la plage de caroual, longère au calme de 105 m2 habitable",https://www.etreproprio.com/immobilier-22102582-vente-exclusivite-erquy-22430-a-12-kilometres-de-la-plage-de-caroual-longere-au-calme-de-105-m2-habitable-erquy,239 200,Erquy 22430,105,445,4
Maison a vendre a evran (22630) - 4 pieces,https://www.etreproprio.com/immobilier-23891427-vente-maison-a-vendre-a-evran-22630-4-pieces-evran,139 870,Evran 22630,65,,4
Maison individuelle,https://www.etreproprio.com/immobilier-23856042-vente-maison-individuelle-evran,171 500,Evran 22630,151,,6
"Magnifique maison de maître, grand terrain constructible, centre d’evran",https://www.etreproprio.com/immobilier-23848113-vente-magnifique-maison-de-maitre-grand-terrain-constructible-centre-d-evran-evran,390 000,Evran 22630,218,2 511,10
Maison 68m² à evran,https://www.etreproprio.com/immobilier-23730272-vente-maison-68m-a-evran-evran,166 667,Evran 22630,68,801,3
Sous offre - soquet immobilier - evran - maison individuelle 4 ch,https://www.etreproprio.com/immobilier-23674791-vente-sous-offre-soquet-immobilier-evran-maison-individuelle-4-ch-evran,199 840,Evran 22630,98,892,5
A vendre - soquet immobilier - maison familiale - evran,https://www.etreproprio.com/immobilier-23670875-vente-a-vendre-soquet-immobilier-maison-familiale-evran-evran,194 720,Evran 22630,96,769,5
Maison  9 pièce(s) d'environ 130 m2 - evran (22),https://www.etreproprio.com/immobilier-23519620-vente-maison-9-pieces-d-environ-130-m2-evran-22-evran,316 500,Evran 22630,160,684,9
Maison de maître – plus de 210 m² habitables – évran,https://www.etreproprio.com/immobilier-22413095-vente-maison-de-maitre-plus-de-210-m-habitables-evran-evran,518 500,Evran 22630,212,3 064,6
Maison d'habitation d'environ 151 m² - evran (22630),https://www.etreproprio.com/immobilier-22415606-vente-maison-d-habitation-d-environ-151-m-evran-22630-evran,176 550,Evran 22630,152,581,5
Maison 105m² à evran,https://www.etreproprio.com/immobilier-23362398-vente-maison-105m-a-evran-evran,229 000,Evran 22630,105,989,4
Vente maison evran(22630) 371 000ï¿œ,https://www.etreproprio.com/immobilier-20184932-vente-vente-maison-evran22630-371-000i-oe-evran,371 000,Evran 22630,163,3 127,5
"Élégante maison de maître en pierre, proche des plages de bretagne",https://www.etreproprio.com/immobilier-23148801-vente-elegante-maison-de-maitre-en-pierre-proche-des-plages-de-bretagne-dinan,798 000,Dinan 22100,290,2 945,9
Maison i dinan i 4 chambres i 150 m2 i dpe a,https://www.etreproprio.com/immobilier-23138282-vente-maison-i-dinan-i-4-chambres-i-150-m2-i-dpe-a-dinan,570 000,Dinan 22100,150,562,6
"maison à vendre près de dinan – rénovée, jardin, terrasse et caravane aménagée",https://www.etreproprio.com/immobilier-22130739-vente-maison-a-vendre-pres-de-dinan-renovee-jardin-terrasse-et-caravane-amenagee-dinan,233 000,Dinan 22100,106,,5
A 1 km du centre ville de dinan !,https://www.etreproprio.com/immobilier-23133437-vente-a-1-km-du-centre-ville-de-dinan-dinan,257 250,Dinan 22100,76,391,5
Maison plain pied rare,https://www.etreproprio.com/immobilier-22365809-vente-maison-plain-pied-rare-dinan,266 000,Dinan 22100,121,,6
Centre ville dinan,https://www.etreproprio.com/immobilier-23100660-vente-centre-ville-dinan-dinan,980 000,Dinan 22100,350,810,14
"A vendre chez christelle mesnage immobilier, au sud de dina",https://www.etreproprio.com/immobilier-22151376-vente-a-vendre-chez-christelle-mesnage-immobilier-au-sud-de-dina-dinan,338 000,Dinan 22350,115,7 796,5
Maison familiale i dpe a i hyper centre en plein coeur de dinan i,https://www.etreproprio.com/immobilier-23106354-vente-maison-familiale-i-dpe-a-i-hyper-centre-en-plein-coeur-de-dinan-i-dinan,395 000,Dinan 22100,108,,6
Maison de ville dinan 6 pièce(s) 168 m2 - 4 chambres,https://www.etreproprio.com/immobilier-23072319-vente-maison-de-ville-dinan-6-pieces-168-m2-4-chambres-dinan,587 500,Dinan 22100,168,,6
Maison contemporaine de 2020 à 5 minutes de dinan !,https://www.etreproprio.com/immobilier-23055818-vente-maison-contemporaine-de-2020-a-5-minutes-de-dinan-dinan,341 250,Dinan 22100,124,905,5
Exclusivité.  aux portes de dinan- belle demeure de caractèr,https://www.etreproprio.com/immobilier-23051546-vente-exclusivite-aux-portes-de-dinan-belle-demeure-de-caracter-dinan,592 800,Dinan 22100,270,3 759,10
15 minutes sud dinan,https://www.etreproprio.com/immobilier-23038901-vente-15-minutes-sud-dinan-dinan,399 900,Dinan 22100,212,1 157,7
Maison 112m² à dinan,https://www.etreproprio.com/immobilier-22661974-vente-maison-112m-a-dinan-dinan,324 900,Dinan 22100,112,391,5
À vendre chez christelle mesnage immobilier.  proche de dina,https://www.etreproprio.com/immobilier-23002817-vente-a-vendre-chez-christelle-mesnage-immobilier-proche-de-dina-dinan,416 000,Dinan 22100,171,1 654,6
Maison dinan 6 pièce(s) 101 m2,https://www.etreproprio.com/immobilier-22993265-vente-maison-dinan-6-pieces-101-m2-dinan,196 350,Dinan 22100,101,5 303,6
Vente maison dinan(22100) 451 500ï¿œ,https://www.etreproprio.com/immobilier-22575308-vente-vente-maison-dinan22100-451-500i-oe-dinan,451 500,Dinan 22100,142,1 570,7
"A vendre chez christelle mesnage immobilier, lanvallay. a",https://www.etreproprio.com/immobilier-20634604-vente-a-vendre-chez-christelle-mesnage-immobilier-lanvallay-a-dinan,379 600,Dinan 22100,150,740,6
Maison 82m² à dinan,https://www.etreproprio.com/immobilier-22897015-vente-maison-82m-a-dinan-dinan,245 000,Dinan 22100,82,11,4
Maison dinan 7 pièce(s) 134 m2,https://www.etreproprio.com/immobilier-22864166-vente-maison-dinan-7-pieces-134-m2-dinan,362 250,Dinan 22100,134,,7
Centre historique dinan,https://www.etreproprio.com/immobilier-21946140-vente-centre-historique-dinan-dinan,267 500,Dinan 22100,65,61,3
Maison à vendre erquy,https://www.etreproprio.com/immobilier-21861735-vente-maison-a-vendre-erquy-erquy,655 200,Erquy 22430,274,2 227,12
Maison 45m2 vue mer exceptionnelle,https://www.etreproprio.com/immobilier-21829049-vente-maison-45m2-vue-mer-exceptionnelle-erquy,384 800,Erquy 22430,43,582,3
"Erquy 22430. en plein centre ville, une maison en pierres à rénover avec local commercial libre de tout bail a",https://www.etreproprio.com/immobilier-20147904-vente-erquy-22430-en-plein-centre-ville-une-maison-en-pierres-a-renover-avec-local-commercial-libre-de-tout-bail-a-erquy,572 000,Erquy 22430,192,,9
Maison de caractère,https://www.etreproprio.com/immobilier-19756907-vente-maison-de-caractere-erquy,1 193 700,Erquy 22430,223,1 720,9
Erquy maison traditionnelle à quelques pas de la plage,https://www.etreproprio.com/immobilier-18518708-vente-erquy-maison-traditionnelle-a-quelques-pas-de-la-plage-erquy,449 280,Erquy 22430,,,8
Erquy - maison neuve (re2020),https://www.etreproprio.com/immobilier-19125254-vente-erquy-maison-neuve-re2020-erquy,375 000,Erquy 22430,86,57,4
Maison 212m² à le faouet,https://www.etreproprio.com/immobilier-23640942-vente-maison-212m-a-le-faouet-le-faouet,275 000,Le Faouet 22290,212,5 000,7
"Maison 6 pièces, 142m2, le faouët (22290)",https://www.etreproprio.com/immobilier-23632862-vente-maison-6-pieces-142m2-le-faouet-22290-le-faouet,168 000,Le Faouet 22290,142,3 418,6
Maison 92m² à le faouet,https://www.etreproprio.com/immobilier-22945044-vente-maison-92m-a-le-faouet-le-faouet,149 000,Le Faouet 22290,92,115,4
Maison le faouet 120 m2,https://www.etreproprio.com/immobilier-22331571-vente-maison-le-faouet-120-m2-le-faouet,270 900,Le Faouet 22290,112,3 220,5
Maison 281m² à dinan,https://www.etreproprio.com/immobilier-22729977-vente-maison-281m-a-dinan-dinan,861 000,Dinan 22100,281,320,10
Maison 180m² à dinan,https://www.etreproprio.com/immobilier-22735711-vente-maison-180m-a-dinan-dinan,590 000,Dinan 22100,180,,5
"A vendre chez christelle mesnage immobilier,  dinan, belle",https://www.etreproprio.com/immobilier-20359450-vente-a-vendre-chez-christelle-mesnage-immobilier-dinan-belle-dinan,188 100,Dinan 22100,110,415,6
Maison dinan - centre ville,https://www.etreproprio.com/immobilier-21878651-vente-maison-dinan-centre-ville-dinan,276 500,Dinan 22100,101,410,4
Maison 242m² à dinan,https://www.etreproprio.com/immobilier-22687887-vente-maison-242m-a-dinan-dinan,449 925,Dinan 22100,242,861,7
"À vendre chez christelle mesnage immobilier, a 5 minutes au",https://www.etreproprio.com/immobilier-22684652-vente-a-vendre-chez-christelle-mesnage-immobilier-a-5-minutes-au-dinan,364 000,Dinan 22100,252,13 627,10
Dinan -  propriété de caractère sur les bords de rance,https://www.etreproprio.com/immobilier-21351042-vente-dinan-propriete-de-caractere-sur-les-bords-de-rance-dinan,998 400,Dinan 22100,345,59 495,12
Propriété à vendre proche de dinan (22),https://www.etreproprio.com/immobilier-22582695-vente-propriete-a-vendre-proche-de-dinan-22-dinan,679 250,Dinan 22100,551,3 080,17
Maison sur sous-sol complet dinan,https://www.etreproprio.com/immobilier-22576830-vente-maison-sur-sous-sol-complet-dinan-dinan,378 000,Dinan 22100,122,550,5
Vaste propriété avec son parc arboré de 1.9 hectare,https://www.etreproprio.com/immobilier-21667286-vente-vaste-propriete-avec-son-parc-arbore-de-19-hectare-dinan,478 400,Dinan 22100,420,19 000,14
Maison de ville avec gîte de charme à l'entrée de dinan.,https://www.etreproprio.com/immobilier-22407899-vente-maison-de-ville-avec-gite-de-charme-a-l-entree-de-dinan-dinan,549 152,Dinan 22100,207,727,12
Maison 87m² à dinan,https://www.etreproprio.com/immobilier-22318298-vente-maison-87m-a-dinan-dinan,169 900,Dinan 22100,88,35,4
Centre historique,https://www.etreproprio.com/immobilier-22083403-vente-centre-historique-dinan,397 500,Dinan 22100,120,630,2
"A vendre chez christelle mesnage immobilier. exclusivité, di",https://www.etreproprio.com/immobilier-20029706-vente-a-vendre-chez-christelle-mesnage-immobilier-exclusivite-di-dinan,374 400,Dinan 22100,85,24 000,5
"A vendre chez christelle mesnage immobilier, a 15 minutes d",https://www.etreproprio.com/immobilier-20196499-vente-a-vendre-chez-christelle-mesnage-immobilier-a-15-minutes-d-dinan,478 400,Dinan 22100,162,600,6
Secteur de dinan,https://www.etreproprio.com/immobilier-22435243-vente-secteur-de-dinan-dinan,749 320,Dinan 22100,211,2 459,8
Maison 210m² à dinan,https://www.etreproprio.com/immobilier-22368880-vente-maison-210m-a-dinan-dinan,529 000,Dinan 22100,210,2 067,8
Axe rennes -saint malo,https://www.etreproprio.com/immobilier-17940522-vente-axe-rennes-saint-malo-dinan,624 000,Dinan 22100,150,18 000,7
10 min a l ouest de dinan - centre bourg,https://www.etreproprio.com/immobilier-22350143-vente-10-min-a-l-ouest-de-dinan-centre-bourg-dinan,449 592,Dinan 22100,249,3 800,12
"15 mn à l'est de dinan, axe rennes saint malo",https://www.etreproprio.com/immobilier-19411828-vente-15-mn-a-l-est-de-dinan-axe-rennes-saint-malo-dinan,231 000,Dinan 22100,112,760,6
Maison 92m² à le foeil,https://www.etreproprio.com/immobilier-22734965-vente-maison-92m-a-le-foeil-le-foeil,246 000,Le Foeil 22800,92,1 000,4
Maison 89m² à le foeil,https://www.etreproprio.com/immobilier-23818665-vente-maison-89m-a-le-foeil-le-foeil,148 000,Le Foeil 22800,89,603,3
Manoir de charme & domaine événementiel au cur de la bretagne,https://www.etreproprio.com/immobilier-23391288-vente-manoir-de-charme-domaine-evenementiel-au-c-ur-de-la-bretagne-le-foeil,1 950 000,Le Foeil 22800,600,150 000,16
Maison 7 pièces 138m2,https://www.etreproprio.com/immobilier-22271189-vente-maison-7-pieces-138m2-gausson,258 000,Gausson 22150,138,1 228,7
Maison 252m² à dinan,https://www.etreproprio.com/immobilier-22110222-vente-maison-252m-a-dinan-dinan,449 947,Dinan 22100,252,3 869,8
Hangar d'exception en plein centre de dinan,https://www.etreproprio.com/immobilier-22320471-vente-hangar-d-exception-en-plein-centre-de-dinan-dinan,1 201 750,Dinan 22100,1 060,,20
Vente maison dinan(22100) 421 050ï¿œ,https://www.etreproprio.com/immobilier-22279685-vente-vente-maison-dinan22100-421-050i-oe-dinan,421 050,Dinan 22100,125,1 780,7
"Ensemble immobilier avec bar-restaurant, gîtes et piscine – fort potentiel touristique proche de dinan (22)",https://www.etreproprio.com/immobilier-22076168-vente-ensemble-immobilier-avec-bar-restaurant-gites-et-piscine-fort-potentiel-touristique-proche-de-dinan-22-dinan,679 250,Dinan 22100,580,3 080,17
A vendre - maison 6 pièces - dinan,https://www.etreproprio.com/immobilier-22065273-vente-a-vendre-maison-6-pieces-dinan-dinan,398 240,Dinan 22100,107,430,6
À vendre chez christelle mesnage immobilier. à 20 minutes de,https://www.etreproprio.com/immobilier-22056806-vente-a-vendre-chez-christelle-mesnage-immobilier-a-20-minutes-de-dinan,126 000,Dinan 22100,114,599,6
Centre historique de dinan,https://www.etreproprio.com/immobilier-22029519-vente-centre-historique-de-dinan-dinan,624 000,Dinan 22100,170,100,7
Vente maison dinan(22100) 997 500ï¿œ,https://www.etreproprio.com/immobilier-22005228-vente-vente-maison-dinan22100-997-500i-oe-dinan,997 500,Dinan 22100,438,5 049,22
Vente maison dinan(22100) 735 000ï¿œ,https://www.etreproprio.com/immobilier-22005229-vente-vente-maison-dinan22100-735-000i-oe-dinan,735 000,Dinan 22100,282,3 000,9
Centre ville dinan,https://www.etreproprio.com/immobilier-21869940-vente-centre-ville-dinan-dinan,858 100,Dinan 22100,281,322,10
Maison 263m² à dinan,https://www.etreproprio.com/immobilier-21811190-vente-maison-263m-a-dinan-dinan,966 000,Dinan 22100,263,179,8
Maison 174m² à dinan,https://www.etreproprio.com/immobilier-21799613-vente-maison-174m-a-dinan-dinan,682 500,Dinan 22100,174,179,8
Maison d'habitation en campagne  sur terrain de plus de 3000 m²,https://www.etreproprio.com/immobilier-21755100-vente-maison-d-habitation-en-campagne-sur-terrain-de-plus-de-3000-m-dinan,366 800,Dinan 22100,166,3 157,7
Maison dinan 100 m2,https://www.etreproprio.com/immobilier-21694069-vente-maison-dinan-100-m2-dinan,309 750,Dinan 22100,100,1 036,6
A vendre chez christelle mesnage - 10 minutes de dinan. bell,https://www.etreproprio.com/immobilier-21308894-vente-a-vendre-chez-christelle-mesnage-10-minutes-de-dinan-bell-dinan,282 150,Dinan 22100,140,1 276,6
Centre historique dinan,https://www.etreproprio.com/immobilier-20676232-vente-centre-historique-dinan-dinan,947 200,Dinan 22100,215,,6
"À vendre chez christelle mesnage immobilier, dinan, belle",https://www.etreproprio.com/immobilier-20786126-vente-a-vendre-chez-christelle-mesnage-immobilier-dinan-belle-dinan,542 880,Dinan 22100,165,1 811,6
Vente maison dinan(22100) 311 640ï¿œ,https://www.etreproprio.com/immobilier-21626080-vente-vente-maison-dinan22100-311-640i-oe-dinan,311 640,Dinan 22100,97,1 036,3
Vente maison dinan(22100) 371 000ï¿œ,https://www.etreproprio.com/immobilier-21583064-vente-vente-maison-dinan22100-371-000i-oe-dinan,371 000,Dinan 22100,145,1 437,5
Maison 1060m² à dinan,https://www.etreproprio.com/immobilier-21581590-vente-maison-1060m-a-dinan-dinan,1 207 500,Dinan 22100,1 060,1 060,1
glomel – longère chaleureuse avec dépendances et verger,https://www.etreproprio.com/immobilier-23771577-vente-glomel-longere-chaleureuse-avec-dependances-et-verger-glomel,183 000,Glomel 22110,112,1 091,4
Maison 49m² à glomel,https://www.etreproprio.com/immobilier-23387538-vente-maison-49m-a-glomel-glomel,53 340,Glomel 22110,49,2 601,5
"Propriété en pierre, 3 chambres en rdc – glomel campagne",https://www.etreproprio.com/immobilier-23614085-vente-propriete-en-pierre-3-chambres-en-rdc-glomel-campagne-glomel,244 000,Glomel 22110,155,2 400,5
Maison à vendre 5 pièces glomel (22),https://www.etreproprio.com/immobilier-23595646-vente-maison-a-vendre-5-pieces-glomel-22-glomel,55 000,Glomel 22110,150,348,5
Maison à vendre 4 pièces glomel (22),https://www.etreproprio.com/immobilier-23043856-vente-maison-a-vendre-4-pieces-glomel-22-glomel,163 900,Glomel 22110,75,2 000,4
Maison cosy rénovée avec goût – glomel (10 min de rostrenen),https://www.etreproprio.com/immobilier-23256935-vente-maison-cosy-renovee-avec-gout-glomel-10-min-de-rostrenen-glomel,158 900,Glomel 22110,90,1 013,4
Maison à vendre 1 pièces glomel (22),https://www.etreproprio.com/immobilier-23393825-vente-maison-a-vendre-1-pieces-glomel-22-glomel,35 000,Glomel 22110,100,600,1
Maison 60m² à glomel,https://www.etreproprio.com/immobilier-23387533-vente-maison-60m-a-glomel-glomel,58 580,Glomel 22110,60,331,3
Longère bretonne de caractère avec dépendance – glomel (22),https://www.etreproprio.com/immobilier-22395102-vente-longere-bretonne-de-caractere-avec-dependance-glomel-22-glomel,271 500,Glomel 22110,161,4 086,5
Propriété de caractère,https://www.etreproprio.com/immobilier-23265295-vente-propriete-de-caractere-glomel,289 500,Glomel 22110,171,3 694,5
"Corps de ferme, sans vis à vis",https://www.etreproprio.com/immobilier-23265296-vente-corps-de-ferme-sans-vis-a-vis-glomel,238 500,Glomel 22110,152,2 800,6
Maison 170m² à glomel,https://www.etreproprio.com/immobilier-22913265-vente-maison-170m-a-glomel-glomel,290 000,Glomel 22110,170,3 694,4
Maison glomel 4 pièce(s) 100 m2,https://www.etreproprio.com/immobilier-22195124-vente-maison-glomel-4-pieces-100-m2-glomel,218 379,Glomel 22110,150,1 091,5
Maison d'habitation,https://www.etreproprio.com/immobilier-21704411-vente-maison-d-habitation-glomel,239 500,Glomel 22110,153,2 800,6
Maison 74m² à gomene,https://www.etreproprio.com/immobilier-23904424-vente-maison-74m-a-gomene-gomene,114 000,Gomene 22230,74,4 960,3
Maison gomene 6 pièce(s) 140 m2,https://www.etreproprio.com/immobilier-23399651-vente-maison-gomene-6-pieces-140-m2-gomene,125 000,Gomene 22230,140,1 800,6
Côtes d'armor charmante maison de village en pierre de 3 chambres avec court et garage,https://www.etreproprio.com/immobilier-23293938-vente-cotes-d-armor-charmante-maison-de-village-en-pierre-de-3-chambres-avec-court-et-garage-gomene,120 750,Gomene 22230,84,311,4
Maison  5 pièce(s) 82 m2,https://www.etreproprio.com/immobilier-22315303-vente-maison-5-pieces-82-m2-gomene,155 985,Gomene 22230,82,1 800,5
Maison à vendre 3 pièces gomene (22),https://www.etreproprio.com/immobilier-21379202-vente-maison-a-vendre-3-pieces-gomene-22-gomene,29 900,Gomene 22230,120,1 960,3
Maison gomene 4 pièce(s) 100 m2,https://www.etreproprio.com/immobilier-17947603-vente-maison-gomene-4-pieces-100-m2-gomene,100 000,Gomene 22230,100,7 250,4
10 mn nord dinan,https://www.etreproprio.com/immobilier-18740670-vente-10-mn-nord-dinan-dinan,283 900,Dinan 22100,192,8 420,9
Centre ville dinan,https://www.etreproprio.com/immobilier-21158032-vente-centre-ville-dinan-dinan,983 200,Dinan 22100,237,1 011,9
Vente maison dinan(22100) 181 900ï¿œ,https://www.etreproprio.com/immobilier-21124330-vente-vente-maison-dinan22100-181-900i-oe-dinan,181 900,Dinan 22100,67,166,5
"A vendre chez christelle mesnage immobilier, 15 minutes de d",https://www.etreproprio.com/immobilier-17490869-vente-a-vendre-chez-christelle-mesnage-immobilier-15-minutes-de-d-dinan,156 750,Dinan 22100,110,2 818,5
"Maison neuve, centre de dinan",https://www.etreproprio.com/immobilier-20902836-vente-maison-neuve-centre-de-dinan-dinan,448 700,Dinan 22100,127,311,5
Maison 82m² à dinan,https://www.etreproprio.com/immobilier-19335331-vente-maison-82m-a-dinan-dinan,245 000,Dinan 22100,82,11,4
Maison 218m² à dinan,https://www.etreproprio.com/immobilier-20294614-vente-maison-218m-a-dinan-dinan,538 000,Dinan 22100,218,2 067,8
Maison proche dinan,https://www.etreproprio.com/immobilier-18860021-vente-maison-proche-dinan-dinan,160 000,Dinan 22100,90,696,4
A 10 mn de lanvollon.,https://www.etreproprio.com/immobilier-23005643-vente-a-10-mn-de-lanvollon-gommenec-h,238 500,Gommenec'h 22290,164,2 400,7
Maison 140m² à gommenec'h,https://www.etreproprio.com/immobilier-22720094-vente-maison-140m-a-gommenec-h-gommenec-h,297 000,Gommenec'h 22290,140,7 900,6
Maison 190m² à gommenec'h,https://www.etreproprio.com/immobilier-22325728-vente-maison-190m-a-gommenec-h-gommenec-h,449 000,Gommenec'h 22290,190,3 575,7
Maison gommenec h 5 pièce(s) 112 m2,https://www.etreproprio.com/immobilier-22626788-vente-maison-gommenec-h-5-pieces-112-m2-gommenec-h,275 000,Gommenec'h 22290,112,5 000,5
"Gouarec, maison à vendre",https://www.etreproprio.com/immobilier-23722226-vente-gouarec-maison-a-vendre-gouarec,219 000,Gouarec 22570,215,302,12
"Gouarec, maison à vendre",https://www.etreproprio.com/immobilier-23686308-vente-gouarec-maison-a-vendre-gouarec,129 600,Gouarec 22570,110,632,5
"Gouarec, maison en pierre à vendre",https://www.etreproprio.com/immobilier-21511520-vente-gouarec-maison-en-pierre-a-vendre-gouarec,89 500,Gouarec 22570,140,674,7
"Cotes d'armor, maison individuelle de 3 chambres avec annexe de 2 chambres, vendue meublée, exposition sud, proche du lac de gue",https://www.etreproprio.com/immobilier-21327295-vente-cotes-d-armor-maison-individuelle-de-3-chambres-avec-annexe-de-2-chambres-vendue-meublee-exposition-sud-proche-du-lac-de-gue-gouarec,199 500,Gouarec 22570,123,3 266,9
Maison renovee en campagne,https://www.etreproprio.com/immobilier-23428411-vente-maison-renovee-en-campagne-gouarec,157 500,Gouarec 22570,78,1 995,4
"Plelauff, maison en pierre a vendre",https://www.etreproprio.com/immobilier-23194927-vente-plelauff-maison-en-pierre-a-vendre-gouarec,81 000,Gouarec 22570,45,264,4
Propriete à vendre 7 pièces lescouet gouarec (22),https://www.etreproprio.com/immobilier-23042285-vente-propriete-a-vendre-7-pieces-lescouet-gouarec-22-gouarec,930 800,Gouarec 22570,580,106 020,7
"Gouarec, maison à vendre",https://www.etreproprio.com/immobilier-22528604-vente-gouarec-maison-a-vendre-gouarec,255 500,Gouarec 22570,122,4 825,6
"Maison à rénover, gouarec 119m², a vendre",https://www.etreproprio.com/immobilier-21546100-vente-maison-a-renover-gouarec-119m-a-vendre-gouarec,75 000,Gouarec 22570,119,78,5
Maison 96m² à goudelin,https://www.etreproprio.com/immobilier-23903917-vente-maison-96m-a-goudelin-goudelin,166 300,Goudelin 22290,96,20 927,5
Maison en pierres avec garage,https://www.etreproprio.com/immobilier-22889478-vente-maison-en-pierres-avec-garage-goudelin,96 310,Goudelin 22290,54,165,4
Maison de village rénové- jardin - 20 mn de la mer,https://www.etreproprio.com/immobilier-22674586-vente-maison-de-village-renove-jardin-20-mn-de-la-mer-goudelin,178 000,Goudelin 22290,107,200,5
Maison de bourg avec jardin et terrasse.,https://www.etreproprio.com/immobilier-23044849-vente-maison-de-bourg-avec-jardin-et-terrasse-goudelin,178 000,Goudelin 22290,107,200,4
Maison 79m² à goudelin,https://www.etreproprio.com/immobilier-23792082-vente-maison-79m-a-goudelin-goudelin,108 000,Goudelin 22290,79,1 750,5
Maison 130m² à goudelin,https://www.etreproprio.com/immobilier-23538234-vente-maison-130m-a-goudelin-goudelin,266 000,Goudelin 22290,130,2 327,6
Maison 140m² à goudelin,https://www.etreproprio.com/immobilier-23530785-vente-maison-140m-a-goudelin-goudelin,329 700,Goudelin 22290,140,580,8
Maison en pierres au calme,https://www.etreproprio.com/immobilier-23483115-vente-maison-en-pierres-au-calme-goudelin,222 600,Goudelin 22290,96,500,6
Maison 170m² à goudelin,https://www.etreproprio.com/immobilier-23134982-vente-maison-170m-a-goudelin-goudelin,349 500,Goudelin 22290,170,1 671,6
Maison 163m² à goudelin,https://www.etreproprio.com/immobilier-23043755-vente-maison-163m-a-goudelin-goudelin,349 500,Goudelin 22290,163,1 671,5
"Maison en centre bourg avec terrasses, jardin et dépendances",https://www.etreproprio.com/immobilier-23035681-vente-maison-en-centre-bourg-avec-terrasses-jardin-et-dependances-goudelin,285 000,Goudelin 22290,177,558,8
Maison 177m² à goudelin,https://www.etreproprio.com/immobilier-23040138-vente-maison-177m-a-goudelin-goudelin,285 000,Goudelin 22290,177,588,7
Maison goudelin 5 pièce(s) 102.30 m2,https://www.etreproprio.com/immobilier-22764100-vente-maison-goudelin-5-pieces-10230-m2-goudelin,174 990,Goudelin 22290,102,1 500,5
Maison 137m² à goudelin,https://www.etreproprio.com/immobilier-22340264-vente-maison-137m-a-goudelin-goudelin,315 000,Goudelin 22290,137,2 350,7
"Goudelin, ensemble immobilier de 228 m² et 5600 m² de terrain, maison à vendre",https://www.etreproprio.com/immobilier-22555116-vente-goudelin-ensemble-immobilier-de-228-m-et-5600-m-de-terrain-maison-a-vendre-goudelin,262 500,Goudelin 22290,228,5 638,8
Maison 102m² à le gouray,https://www.etreproprio.com/immobilier-23821379-vente-maison-102m-a-le-gouray-le-gouray,185 000,Le Gouray 22330,102,1 091,5
Maison 160m² à le gouray,https://www.etreproprio.com/immobilier-23717356-vente-maison-160m-a-le-gouray-le-gouray,172 425,Le Gouray 22330,160,2 000,9
Maison 191m² à le gouray,https://www.etreproprio.com/immobilier-23661033-vente-maison-191m-a-le-gouray-le-gouray,205 000,Le Gouray 22330,191,520,7
Maison 215m² à le gouray,https://www.etreproprio.com/immobilier-23592201-vente-maison-215m-a-le-gouray-le-gouray,287 000,Le Gouray 22330,215,5 538,11
Maison 130m² à le gouray,https://www.etreproprio.com/immobilier-23446602-vente-maison-130m-a-le-gouray-le-gouray,69 900,Le Gouray 22330,130,1 080,3
Maison 100m² à le gouray,https://www.etreproprio.com/immobilier-23514426-vente-maison-100m-a-le-gouray-le-gouray,187 000,Le Gouray 22330,100,472,6
Maison 107m² à le gouray,https://www.etreproprio.com/immobilier-23446450-vente-maison-107m-a-le-gouray-le-gouray,59 000,Le Gouray 22330,107,,6
Maison 45m² à le gouray,https://www.etreproprio.com/immobilier-23434023-vente-maison-45m-a-le-gouray-le-gouray,104 400,Le Gouray 22330,45,429,2
Maison 127m² à le gouray,https://www.etreproprio.com/immobilier-23389374-vente-maison-127m-a-le-gouray-le-gouray,178 500,Le Gouray 22330,127,4 060,4
Maison 120m² à le gouray,https://www.etreproprio.com/immobilier-23337422-vente-maison-120m-a-le-gouray-le-gouray,193 000,Le Gouray 22330,120,2 262,9
Maison 135m² à le gouray,https://www.etreproprio.com/immobilier-23337549-vente-maison-135m-a-le-gouray-le-gouray,120 000,Le Gouray 22330,135,777,10
Maison 167m² à le gouray,https://www.etreproprio.com/immobilier-22222548-vente-maison-167m-a-le-gouray-le-gouray,231 500,Le Gouray 22330,167,685,9
Maison 167m² à le gouray,https://www.etreproprio.com/immobilier-22897089-vente-maison-167m-a-le-gouray-le-gouray,231 000,Le Gouray 22330,167,685,9
Maison 113m² à le gouray,https://www.etreproprio.com/immobilier-22333129-vente-maison-113m-a-le-gouray-le-gouray,180 702,Le Gouray 22330,113,1 716,5
Maison 98m² à le gouray,https://www.etreproprio.com/immobilier-22953098-vente-maison-98m-a-le-gouray-le-gouray,207 000,Le Gouray 22330,98,540,5
Maison 116m² à le gouray,https://www.etreproprio.com/immobilier-22700793-vente-maison-116m-a-le-gouray-le-gouray,156 500,Le Gouray 22330,116,3 573,6
Maison 137m² à le gouray,https://www.etreproprio.com/immobilier-22141824-vente-maison-137m-a-le-gouray-le-gouray,111 280,Le Gouray 22330,137,330,6
Maison 194m² à le gouray,https://www.etreproprio.com/immobilier-21257347-vente-maison-194m-a-le-gouray-le-gouray,228 300,Le Gouray 22330,194,4 990,7
Maison 70m² à le gouray,https://www.etreproprio.com/immobilier-22399071-vente-maison-70m-a-le-gouray-le-gouray,126 000,Le Gouray 22330,70,,4
Maison 100m² à graces,https://www.etreproprio.com/immobilier-23774911-vente-maison-100m-a-graces-graces,239 900,Graces 22200,100,1 291,6
Maison - grâces,https://www.etreproprio.com/immobilier-23762463-vente-maison-graces-graces,213 900,Graces 22200,145,,4
Maison 5 pièces 125 m². à graces 22200,https://www.etreproprio.com/immobilier-23415778-vente-maison-5-pieces-125-m-a-graces-22200-graces,197 000,Graces 22200,125,777,5
Maison grâces,https://www.etreproprio.com/immobilier-23276795-vente-maison-graces-graces,295 900,Graces 22200,90,1 284,
Maison grâces,https://www.etreproprio.com/immobilier-23217203-vente-maison-graces-graces,233 900,Graces 22200,86,480,
Maison 5 chambres - 22200 grâces,https://www.etreproprio.com/immobilier-23046601-vente-maison-5-chambres-22200-graces-graces,144 900,Graces 22200,134,,6
Maison - graces,https://www.etreproprio.com/immobilier-21545905-vente-maison-graces-graces,174 900,Graces 22200,92,,6
Maison 157m² à graces,https://www.etreproprio.com/immobilier-22715205-vente-maison-157m-a-graces-graces,207 270,Graces 22200,157,1 139,7
Maison à vendre 5 pièces graces (22),https://www.etreproprio.com/immobilier-22686482-vente-maison-a-vendre-5-pieces-graces-22-graces,99 900,Graces 22200,57,467,5
Maison 84m² à graces,https://www.etreproprio.com/immobilier-22653793-vente-maison-84m-a-graces-graces,143 000,Graces 22200,84,1 211,4
Maison 7 pièces à vendre à grâces,https://www.etreproprio.com/immobilier-22567706-vente-maison-7-pieces-a-vendre-a-graces-graces,218 325,Graces 22200,137,3 560,7
Maison - graces,https://www.etreproprio.com/immobilier-21116053-vente-maison-graces-graces,159 900,Graces 22200,90,,5
Maison - guingamp,https://www.etreproprio.com/immobilier-20835265-vente-maison-guingamp-graces,181 900,Graces 22200,80,,5
Maison 178m² à graces,https://www.etreproprio.com/immobilier-19286908-vente-maison-178m-a-graces-graces,243 000,Graces 22200,178,1 200,
Maison 205m² à grace-uzel,https://www.etreproprio.com/immobilier-23786389-vente-maison-205m-a-grace-uzel-grace-uzel,208 000,Grace-Uzel 22460,205,3 171,5
Longère à rénover,https://www.etreproprio.com/immobilier-23706515-vente-longere-a-renover-guenroc,123 500,Guenroc 22350,100,3 795,4
Maison plain pied rare,https://www.etreproprio.com/immobilier-23127988-vente-maison-plain-pied-rare-guenroc,266 000,Guenroc 22350,121,,6
Maison - guingamp,https://www.etreproprio.com/immobilier-22677774-vente-maison-guingamp-guingamp,198 900,Guingamp 22200,165,,
Bretagne - côtes d'armor - 22200 guingamp - maison néo-bretonne à vendre 159 910 € hai,https://www.etreproprio.com/immobilier-23885505-vente-bretagne-cotes-d-armor-22200-guingamp-maison-neo-bretonne-a-vendre-159-910-hai-guingamp,159 910,Guingamp 22200,94,577,7
Maison 190m² à guingamp,https://www.etreproprio.com/immobilier-23883430-vente-maison-190m-a-guingamp-guingamp,260 000,Guingamp 22200,190,1 620,10
Maison 205m² à guingamp,https://www.etreproprio.com/immobilier-23882584-vente-maison-205m-a-guingamp-guingamp,187 000,Guingamp 22200,205,313,9
Maison 205m² à guingamp,https://www.etreproprio.com/immobilier-23874497-vente-maison-205m-a-guingamp-guingamp,189 000,Guingamp 22200,206,313,8
Maison 693m² à guingamp,https://www.etreproprio.com/immobilier-23862970-vente-maison-693m-a-guingamp-guingamp,1 659 000,Guingamp 22200,693,11 552,26
"Maison proche de tout  , loin du bruit",https://www.etreproprio.com/immobilier-23805308-vente-maison-proche-de-tout-loin-du-bruit-guingamp,175 065,Guingamp 22200,95,637,4
Maison 110m² à guingamp,https://www.etreproprio.com/immobilier-23811866-vente-maison-110m-a-guingamp-guingamp,229 000,Guingamp 22200,110,238,5
Maison 200m² à guingamp,https://www.etreproprio.com/immobilier-23714069-vente-maison-200m-a-guingamp-guingamp,260 000,Guingamp 22200,200,1 554,13
Guingamp - maison situee  a proximite des ecoles et des comm,https://www.etreproprio.com/immobilier-23705808-vente-guingamp-maison-situee-a-proximite-des-ecoles-et-des-comm-guingamp,132 375,Guingamp 22200,115,360,5
Maison 89m² à guingamp,https://www.etreproprio.com/immobilier-23648911-vente-maison-89m-a-guingamp-guingamp,159 500,Guingamp 22200,89,103,5
Maison 162m² à guingamp,https://www.etreproprio.com/immobilier-23607413-vente-maison-162m-a-guingamp-guingamp,187 000,Guingamp 22200,162,3 000,6
Maison 126m² à guingamp,https://www.etreproprio.com/immobilier-23607991-vente-maison-126m-a-guingamp-guingamp,106 990,Guingamp 22200,126,1 188,5
"Belle maison néo bretonne ensoleillée, terrain clos",https://www.etreproprio.com/immobilier-23440099-vente-belle-maison-neo-bretonne-ensoleillee-terrain-clos-guingamp,151 000,Guingamp 22200,95,580,6
Maison 118m² à guingamp,https://www.etreproprio.com/immobilier-23558759-vente-maison-118m-a-guingamp-guingamp,139 900,Guingamp 22200,118,1 390,6
Maison 112m² à guingamp,https://www.etreproprio.com/immobilier-23558749-vente-maison-112m-a-guingamp-guingamp,134 000,Guingamp 22200,112,622,5
Maison guingamp centre ville a pied,https://www.etreproprio.com/immobilier-23550855-vente-maison-guingamp-centre-ville-a-pied-guingamp,319 693,Guingamp 22200,120,370,7
Maison de plain-pied - 3 chambres,https://www.etreproprio.com/immobilier-23138497-vente-maison-de-plain-pied-3-chambres-guingamp,299 000,Guingamp 22200,141,1 200,4
Maison guingamp 8 pièce(s) 200 m2,https://www.etreproprio.com/immobilier-23495117-vente-maison-guingamp-8-pieces-200-m2-guingamp,189 000,Guingamp 22200,200,313,8
Ensemble de deux maisons pierre et dépendances,https://www.etreproprio.com/immobilier-23485382-vente-ensemble-de-deux-maisons-pierre-et-dependances-guingamp,363 000,Guingamp 22200,165,3 000,6
A vendre - soquet immobilier - exclusivité - guitté,https://www.etreproprio.com/immobilier-23670863-vente-a-vendre-soquet-immobilier-exclusivite-guitte-guitte,275 340,Guitte 22350,128,7 696,5
Maison 110m² à guitte,https://www.etreproprio.com/immobilier-21971450-vente-maison-110m-a-guitte-guitte,193 600,Guitte 22350,110,510,6
Maison 98m² à gurunhuel,https://www.etreproprio.com/immobilier-23821920-vente-maison-98m-a-gurunhuel-gurunhuel,139 000,Gurunhuel 22390,98,3 000,4
Maison 132m² à gurunhuel,https://www.etreproprio.com/immobilier-23554272-vente-maison-132m-a-gurunhuel-gurunhuel,137 000,Gurunhuel 22390,132,942,6
Maison 140m² à gurunhuel,https://www.etreproprio.com/immobilier-23299945-vente-maison-140m-a-gurunhuel-gurunhuel,164 000,Gurunhuel 22390,140,3 600,6
"Jolie maison en pierre, lumineuse, très bien située entre gare, commerces et centre-ville",https://www.etreproprio.com/immobilier-23453966-vente-jolie-maison-en-pierre-lumineuse-tres-bien-situee-entre-gare-commerces-et-centre-ville-guingamp,116 000,Guingamp 22200,72,384,6
Maison de maître d'architecte. elégance belle époque au coeur,https://www.etreproprio.com/immobilier-23450275-vente-maison-de-maitre-d-architecte-elegance-belle-epoque-au-coeur-guingamp,270 400,Guingamp 22200,180,1 480,8
Longère en pierre avec gîte et dépendances à 5 mn de guingamp.,https://www.etreproprio.com/immobilier-23439893-vente-longere-en-pierre-avec-gite-et-dependances-a-5-mn-de-guingamp-guingamp,363 000,Guingamp 22200,162,3 048,7
Maison 123m² à guingamp,https://www.etreproprio.com/immobilier-23114002-vente-maison-123m-a-guingamp-guingamp,214 000,Guingamp 22200,123,80,7
Manoir avec ses belles dépendances sur un magnifique parc entièrement clos,https://www.etreproprio.com/immobilier-23391292-vente-manoir-avec-ses-belles-dependances-sur-un-magnifique-parc-entierement-clos-guingamp,1 659 000,Guingamp 22200,693,,26
Maison offrant deux studios / un logement pmr/ un sous sol total,https://www.etreproprio.com/immobilier-23127999-vente-maison-offrant-deux-studios-un-logement-pmr-un-sous-sol-total-guingamp,209 000,Guingamp 22200,135,,7
Maison 215m² à guingamp,https://www.etreproprio.com/immobilier-23376238-vente-maison-215m-a-guingamp-guingamp,385 000,Guingamp 22200,215,2 242,7
Maison guingamp 3 pièce(s) 70 m2,https://www.etreproprio.com/immobilier-23303019-vente-maison-guingamp-3-pieces-70-m2-guingamp,139 500,Guingamp 22200,95,935,3
Maison guingamp 5 pièce(s) 170 m2,https://www.etreproprio.com/immobilier-23265774-vente-maison-guingamp-5-pieces-170-m2-guingamp,288 750,Guingamp 22200,170,281,5
Maison guingamp 3 pièce(s) 59 m2,https://www.etreproprio.com/immobilier-23265775-vente-maison-guingamp-3-pieces-59-m2-guingamp,97 500,Guingamp 22200,60,118,3
Maison en pierre rénovée ? 5 pièces ? 80 m² ? centre bourg de plouisy,https://www.etreproprio.com/immobilier-23188686-vente-maison-en-pierre-renovee-5-pieces-80-m-centre-bourg-de-plouisy-guingamp,154 990,Guingamp 22200,80,140,4
Propriété équestre,https://www.etreproprio.com/immobilier-23184101-vente-propriete-equestre-guingamp,316 500,Guingamp 22200,99,13 370,3
Maison 175m² à guingamp,https://www.etreproprio.com/immobilier-23168086-vente-maison-175m-a-guingamp-guingamp,396 000,Guingamp 22200,175,,7
Maison de plain pied .,https://www.etreproprio.com/immobilier-23123542-vente-maison-de-plain-pied-guingamp,169 990,Guingamp 22200,63,477,5
Maison 95m² à guingamp,https://www.etreproprio.com/immobilier-23107548-vente-maison-95m-a-guingamp-guingamp,149 100,Guingamp 22200,95,580,5
Maison 8 pièces - guingamp,https://www.etreproprio.com/immobilier-23098875-vente-maison-8-pieces-guingamp-guingamp,211 000,Guingamp 22200,200,,8
Deux maisons situées en centre-ville,https://www.etreproprio.com/immobilier-20050062-vente-deux-maisons-situees-en-centre-ville-guingamp,210 000,Guingamp 22200,172,313,8
Maison guingamp 8 pièce(s) 208 m2,https://www.etreproprio.com/immobilier-20583888-vente-maison-guingamp-8-pieces-208-m2-guingamp,283 500,Guingamp 22200,208,1 554,8
Maison proche centre ville de guingamp,https://www.etreproprio.com/immobilier-22937425-vente-maison-proche-centre-ville-de-guingamp-guingamp,184 990,Guingamp 22200,98,360,6
Maison à 1 km du centre ville de guingamp.,https://www.etreproprio.com/immobilier-22903638-vente-maison-a-1-km-du-centre-ville-de-guingamp-guingamp,129 000,Guingamp 22200,100,,4
Maison en pierres à rénover entièrement   124 m2   terrain d,https://www.etreproprio.com/immobilier-23614001-vente-maison-en-pierres-a-renover-entierement-124-m2-terrain-d-la-harmoye,99 800,La Harmoye 22320,124,4 085,6
Maison 89m² à le haut-corlay,https://www.etreproprio.com/immobilier-23620664-vente-maison-89m-a-le-haut-corlay-le-haut-corlay,189 900,Le Haut-Corlay 22320,89,13 000,5
"Maison familiale de 4 chambres de 112 m2, grand garage sur environ 1892 m2 de terrain",https://www.etreproprio.com/immobilier-23759216-vente-maison-familiale-de-4-chambres-de-112-m2-grand-garage-sur-environ-1892-m2-de-terrain-le-haut-corlay,164 300,Le Haut-Corlay 22320,112,1 892,5
"Cotes d'armor, spacieuse maison individuelle de 4 chambres orientée plein sud, à deux pas de corlay",https://www.etreproprio.com/immobilier-23351454-vente-cotes-d-armor-spacieuse-maison-individuelle-de-4-chambres-orientee-plein-sud-a-deux-pas-de-corlay-le-haut-corlay,159 000,Le Haut-Corlay 22320,114,1 972,8
Maison 91m² à le haut-corlay,https://www.etreproprio.com/immobilier-23674027-vente-maison-91m-a-le-haut-corlay-le-haut-corlay,159 900,Le Haut-Corlay 22320,91,1 009,4
"Maison à vendre   3 chambres, terrain de 2045 m2, à finir de",https://www.etreproprio.com/immobilier-23643633-vente-maison-a-vendre-3-chambres-terrain-de-2045-m2-a-finir-de-le-haut-corlay,89 800,Le Haut-Corlay 22320,78,2 045,4
Maison 97m² à le haut-corlay,https://www.etreproprio.com/immobilier-20582124-vente-maison-97m-a-le-haut-corlay-le-haut-corlay,148 000,Le Haut-Corlay 22320,97,,4
"Maison  de caractère, 9 pièces, 218 m2, avec bois",https://www.etreproprio.com/immobilier-22899025-vente-maison-de-caractere-9-pieces-218-m2-avec-bois-guingamp,372 000,Guingamp 22200,218,5 700,9
Maison proche du centre ville de guingamp,https://www.etreproprio.com/immobilier-22895159-vente-maison-proche-du-centre-ville-de-guingamp-guingamp,139 500,Guingamp 22200,106,128,5
Maison à 15 min de guingamp,https://www.etreproprio.com/immobilier-21241493-vente-maison-a-15-min-de-guingamp-guingamp,149 990,Guingamp 22200,149,1 897,5
Maison 130m² à guingamp,https://www.etreproprio.com/immobilier-22856115-vente-maison-130m-a-guingamp-guingamp,298 000,Guingamp 22200,130,900,5
Maison contemporaine proche du centre ville.,https://www.etreproprio.com/immobilier-22764099-vente-maison-contemporaine-proche-du-centre-ville-guingamp,372 000,Guingamp 22200,208,1 176,5
Maison 162m² à guingamp,https://www.etreproprio.com/immobilier-22205238-vente-maison-162m-a-guingamp-guingamp,239 900,Guingamp 22200,162,563,5
Maison proche centre ville de guingamp,https://www.etreproprio.com/immobilier-22747406-vente-maison-proche-centre-ville-de-guingamp-guingamp,325 500,Guingamp 22200,123,2 340,5
Exclusivité : grande propriété du xviie entre terre et mer,https://www.etreproprio.com/immobilier-22746446-vente-exclusivite-grande-propriete-du-xviie-entre-terre-et-mer-guingamp,756 000,Guingamp 22200,280,66 489,10
Quartier de la gare.,https://www.etreproprio.com/immobilier-22741204-vente-quartier-de-la-gare-guingamp,139 500,Guingamp 22200,50,420,3
"Maison de ville, 5 pièces, 140m2, guingamp (22200)",https://www.etreproprio.com/immobilier-22743657-vente-maison-de-ville-5-pieces-140m2-guingamp-22200-guingamp,315 000,Guingamp 22200,140,181,5
Maison de 130m2 avec  vie plain-pied proche gare guingamp,https://www.etreproprio.com/immobilier-22727856-vente-maison-de-130m2-avec-vie-plain-pied-proche-gare-guingamp-guingamp,299 000,Guingamp 22200,130,,
Centre ville de guingamp,https://www.etreproprio.com/immobilier-19711630-vente-centre-ville-de-guingamp-guingamp,212 000,Guingamp 22200,165,1 637,7
Maison située à 20km des plages,https://www.etreproprio.com/immobilier-16445340-vente-maison-situee-a-20km-des-plages-guingamp,315 000,Guingamp 22200,127,2 300,9
Maison à guingamp proche du centre ville.,https://www.etreproprio.com/immobilier-19800026-vente-maison-a-guingamp-proche-du-centre-ville-guingamp,206 700,Guingamp 22200,120,957,7
Maison à 5 minutes de guingamp,https://www.etreproprio.com/immobilier-22567239-vente-maison-a-5-minutes-de-guingamp-guingamp,159 990,Guingamp 22200,96,362,4
"Côtes d'armor, 22200 guingamp- spacieuse maison familiale et/ou d'activité touristique - 6 chambres - 250 m²",https://www.etreproprio.com/immobilier-22501285-vente-cotes-d-armor-22200-guingamp-spacieuse-maison-familiale-etou-d-activite-touristique-6-chambres-250-m-guingamp,406 500,Guingamp 22200,250,450,9
Maison située à 8 km de guingamp,https://www.etreproprio.com/immobilier-22488721-vente-maison-situee-a-8-km-de-guingamp-guingamp,261 500,Guingamp 22200,142,4 752,4
Maison à 25 minutes au sud de guingamp,https://www.etreproprio.com/immobilier-22352591-vente-maison-a-25-minutes-au-sud-de-guingamp-guingamp,108 000,Guingamp 22200,94,2 120,5
Maison à 5 min du centre ville de guingamp,https://www.etreproprio.com/immobilier-22158588-vente-maison-a-5-min-du-centre-ville-de-guingamp-guingamp,299 250,Guingamp 22200,130,800,8
Immeuble de plus de 225m2 en plein centre-ville de guingamp!,https://www.etreproprio.com/immobilier-22066002-vente-immeuble-de-plus-de-225m2-en-plein-centre-ville-de-guingamp-guingamp,101 310,Guingamp 22200,227,186,8
Maison 120m² à hemonstoir,https://www.etreproprio.com/immobilier-23800281-vente-maison-120m-a-hemonstoir-hemonstoir,138 500,Hemonstoir 22600,120,597,8
Très jolie maison lumineuse de 127 m² sur 4806 m² de terrain - calme et nature assurés !,https://www.etreproprio.com/immobilier-23748800-vente-tres-jolie-maison-lumineuse-de-127-m-sur-4806-m-de-terrain-calme-et-nature-assures-hemonstoir,220 000,Hemonstoir 22600,127,4 806,5
"Isole, jolie maison en pierres avec hangar et terrain de 4800 m2",https://www.etreproprio.com/immobilier-23718221-vente-isole-jolie-maison-en-pierres-avec-hangar-et-terrain-de-4800-m2-hemonstoir,220 000,Hemonstoir 22600,128,4 806,4
Maison 149m² à henanbihen,https://www.etreproprio.com/immobilier-22160022-vente-maison-149m-a-henanbihen-henanbihen,348 500,Henanbihen 22550,149,836,5
Maison en pierres,https://www.etreproprio.com/immobilier-23879866-vente-maison-en-pierres-henanbihen,112 750,Henanbihen 22550,55,,4
Maison 80m² à henanbihen,https://www.etreproprio.com/immobilier-23768597-vente-maison-80m-a-henanbihen-henanbihen,296 300,Henanbihen 22550,80,4 316,5
Dans un cadre bucolique a environ 15mn des plages et de la mer maison de caractere en pierre terrain 4316m2,https://www.etreproprio.com/immobilier-23651707-vente-dans-un-cadre-bucolique-a-environ-15mn-des-plages-et-de-la-mer-maison-de-caractere-en-pierre-terrain-4316m2-henanbihen,299 250,Henanbihen 22550,80,4 316,5
Grande demeure rénovée de 250 m² sur plus de 4 hectares de terrain.,https://www.etreproprio.com/immobilier-23391294-vente-grande-demeure-renovee-de-250-m-sur-plus-de-4-hectares-de-terrain-henanbihen,643 560,Henanbihen 22550,250,42 437,8
Henanbihen - maison de ville en pierre,https://www.etreproprio.com/immobilier-23228714-vente-henanbihen-maison-de-ville-en-pierre-henanbihen,167 680,Henanbihen 22550,85,107,5
Maison à 10 minutes au sud de guingamp,https://www.etreproprio.com/immobilier-22039420-vente-maison-a-10-minutes-au-sud-de-guingamp-guingamp,129 000,Guingamp 22200,51,320,4
Maison à 15 minutes au nord de guingamp,https://www.etreproprio.com/immobilier-21951355-vente-maison-a-15-minutes-au-nord-de-guingamp-guingamp,159 990,Guingamp 22200,98,525,4
Guingamp centre ville.,https://www.etreproprio.com/immobilier-21813904-vente-guingamp-centre-ville-guingamp,420 000,Guingamp 22200,274,350,13
Maison à 10 km de guingamp,https://www.etreproprio.com/immobilier-21427126-vente-maison-a-10-km-de-guingamp-guingamp,158 990,Guingamp 22200,83,60,3
Maison guingamp 9 pièce(s) 156.68 m2,https://www.etreproprio.com/immobilier-20430353-vente-maison-guingamp-9-pieces-15668-m2-guingamp,291 000,Guingamp 22200,157,1 375,9
Maison guingamp 8 pièce(s) 120 m2,https://www.etreproprio.com/immobilier-13699682-vente-maison-guingamp-8-pieces-120-m2-guingamp,256 000,Guingamp 22200,125,827,8
Maison lamballe armor 9 pièce(s) 159 m²,https://www.etreproprio.com/immobilier-20669355-vente-maison-lamballe-armor-9-pieces-159-m-henansal,329 500,Henansal 22400,169,919,9
Hénansal - grande maison de 169m2,https://www.etreproprio.com/immobilier-21750419-vente-henansal-grande-maison-de-169m2-henansal,329 680,Henansal 22400,169,919,8
Maison comtemporaine proche des plages bretonnes,https://www.etreproprio.com/immobilier-20674678-vente-maison-comtemporaine-proche-des-plages-bretonnes-henansal,345 840,Henansal 22400,150,919,7
"Exclusivité , maison en pierre de 130 m² ,4 chambres ,calme et charme à 10 min de tréguier (côtes-d'armor)",https://www.etreproprio.com/immobilier-21906827-vente-exclusivite-maison-en-pierre-de-130-m-4-chambres-calme-et-charme-a-10-min-de-treguier-cotes-d-armor-hengoat,225 100,Hengoat 22450,130,170,6
Maison 121m² à henon,https://www.etreproprio.com/immobilier-22309610-vente-maison-121m-a-henon-henon,111 000,Henon 22150,121,161,6
Maison 6 pièces 121m2,https://www.etreproprio.com/immobilier-23287421-vente-maison-6-pieces-121m2-henon,111 500,Henon 22150,121,161,6
Maison neuve plein pied,https://www.etreproprio.com/immobilier-23495280-vente-maison-neuve-plein-pied-henon,292 875,Henon 22150,105,585,4
"Exclusivité ! côtes d'armor 22150 hénon. maison de plain-pied, 3 chambres, garages, terrain constructible et divisible",https://www.etreproprio.com/immobilier-23369462-vente-exclusivite-cotes-d-armor-22150-henon-maison-de-plain-pied-3-chambres-garages-terrain-constructible-et-divisible-henon,172 000,Henon 22150,75,1 598,5
Maison 249m² à henon,https://www.etreproprio.com/immobilier-22980595-vente-maison-249m-a-henon-henon,389 000,Henon 22150,249,1 108,11
A vendre charmante maison en pierres à hénon,https://www.etreproprio.com/immobilier-21425987-vente-a-vendre-charmante-maison-en-pierres-a-henon-henon,127 800,Henon 22150,80,800,3
Hillion - longère rénovée avec charme et authenticité,https://www.etreproprio.com/immobilier-23864832-vente-hillion-longere-renovee-avec-charme-et-authenticite-hillion,189 765,Hillion 22120,91,389,5
Hillion - longère rénovée avec charme et authenticité,https://www.etreproprio.com/immobilier-23861804-vente-hillion-longere-renovee-avec-charme-et-authenticite-hillion,189 765,Hillion 22120,92,389,5
Maison hillion,https://www.etreproprio.com/immobilier-23849142-vente-maison-hillion-hillion,294 000,Hillion 22120,137,2 776,6
Propriété proche mer et gare tgv - maison avec studio + dépendances,https://www.etreproprio.com/immobilier-23851256-vente-propriete-proche-mer-et-gare-tgv-maison-avec-studio-dependances-hillion,499 500,Hillion 22120,184,7 241,7
Maison en pierre sur hillion 5 chambres / jardin clos et paysager / vie de plain pied / double garage,https://www.etreproprio.com/immobilier-23749948-vente-maison-en-pierre-sur-hillion-5-chambres-jardin-clos-et-paysager-vie-de-plain-pied-double-garage-hillion,299 280,Hillion 22120,121,626,7
Propriété proche mer et gare tgv - maison et studio + dépendances,https://www.etreproprio.com/immobilier-23438086-vente-propriete-proche-mer-et-gare-tgv-maison-et-studio-dependances-hillion,499 500,Hillion 22120,184,7 241,7
A vendre corps de ferme hillion,https://www.etreproprio.com/immobilier-19198503-vente-a-vendre-corps-de-ferme-hillion-hillion,252 000,Hillion 22120,180,3 400,7
Maison 210m² à hillion,https://www.etreproprio.com/immobilier-22629972-vente-maison-210m-a-hillion-hillion,449 000,Hillion 22120,210,2 075,9
Maison sur sous-sol total   4 chambres   terrain de 480 m2   terrasse   vue dégagée sur la campagne,https://www.etreproprio.com/immobilier-22270962-vente-maison-sur-sous-sol-total-4-chambres-terrain-de-480-m2-terrasse-vue-degagee-sur-la-campagne-hillion,,,,,
Hillion : saint-rené : longère en centre bourg,https://www.etreproprio.com/immobilier-22199800-vente-hillion-saint-rene-longere-en-centre-bourg-hillion,305 950,Hillion 22120,123,626,7
Maison 184m² à le hingle,https://www.etreproprio.com/immobilier-23344318-vente-maison-184m-a-le-hingle-le-hingle,244 900,Le Hingle 22100,184,1 673,5
Maison 98m² à le hingle,https://www.etreproprio.com/immobilier-22122475-vente-maison-98m-a-le-hingle-le-hingle,220 500,Le Hingle 22100,98,475,5
Maison de charme le hingle,https://www.etreproprio.com/immobilier-22724021-vente-maison-de-charme-le-hingle-le-hingle,294 000,Le Hingle 22100,81,1 600,5
Maison le hingle proche dinan,https://www.etreproprio.com/immobilier-22555911-vente-maison-le-hingle-proche-dinan-le-hingle,108 000,Le Hingle 22100,64,1 233,3
Maison en pierres à rénover avec dépendance,https://www.etreproprio.com/immobilier-22376284-vente-maison-en-pierres-a-renover-avec-dependance-le-hingle,136 480,Le Hingle 22100,83,560,4
Maison illifaut 3 pièce(s) 68 m2,https://www.etreproprio.com/immobilier-23302893-vente-maison-illifaut-3-pieces-68-m2-illifaut,50 790,Illifaut 22230,62,1 480,3
Maison 94m² à illifaut,https://www.etreproprio.com/immobilier-21728692-vente-maison-94m-a-illifaut-illifaut,82 500,Illifaut 22230,94,370,5
Maison 75m² à illifaut,https://www.etreproprio.com/immobilier-20331049-vente-maison-75m-a-illifaut-illifaut,110 000,Illifaut 22230,75,,4
Maison 160m² à jugon-les-lacs,https://www.etreproprio.com/immobilier-23843281-vente-maison-160m-a-jugon-les-lacs-jugon-les-lacs,129 000,Jugon-Les-Lacs 22270,160,983,5
"Maison de ville – 120 m² – clé en main, finitions soignées",https://www.etreproprio.com/immobilier-23836764-vente-maison-de-ville-120-m-cle-en-main-finitions-soignees-jugon-les-lacs,189 000,Jugon-Les-Lacs 22270,120,68,4
Maison 65m² à jugon-les-lacs,https://www.etreproprio.com/immobilier-23779943-vente-maison-65m-a-jugon-les-lacs-jugon-les-lacs,149 000,Jugon-Les-Lacs 22270,65,1 000,4
Maison 140m² à jugon-les-lacs,https://www.etreproprio.com/immobilier-23679319-vente-maison-140m-a-jugon-les-lacs-jugon-les-lacs,245 000,Jugon-Les-Lacs 22270,140,6 413,6
A vendre - soquet immobilier- maison à jugon les lacs,https://www.etreproprio.com/immobilier-23670840-vente-a-vendre-soquet-immobilier-maison-a-jugon-les-lacs-jugon-les-lacs,576 400,Jugon-Les-Lacs 22270,220,,8
Maison de caractère avec gros potentiel à rénover,https://www.etreproprio.com/immobilier-23020415-vente-maison-de-caractere-avec-gros-potentiel-a-renover-jugon-les-lacs,177 000,Jugon-Les-Lacs 22270,135,932,4
"Maison de 2010, à jugon-les-lacs !",https://www.etreproprio.com/immobilier-23523160-vente-maison-de-2010-a-jugon-les-lacs-jugon-les-lacs,348 400,Jugon-Les-Lacs 22270,113,1 025,5
Maison 113m² à jugon-les-lacs,https://www.etreproprio.com/immobilier-23362819-vente-maison-113m-a-jugon-les-lacs-jugon-les-lacs,219 900,Jugon-Les-Lacs 22270,113,1 108,6
A vendre - maison en pierre à vendre   centre de jugon-les-lacs,https://www.etreproprio.com/immobilier-23036027-vente-a-vendre-maison-en-pierre-a-vendre-centre-de-jugon-les-lacs-jugon-les-lacs,186 000,Jugon-Les-Lacs 22270,134,932,10
Maison 223m² à jugon-les-lacs,https://www.etreproprio.com/immobilier-22743140-vente-maison-223m-a-jugon-les-lacs-jugon-les-lacs,329 000,Jugon-Les-Lacs 22270,223,5 000,10
Maison jugon les lacs 6 pièces,https://www.etreproprio.com/immobilier-21865158-vente-maison-jugon-les-lacs-6-pieces-jugon-les-lacs,179 800,Jugon-Les-Lacs 22270,150,5 100,5
Maison jugon les lacs 5 pièces 117 m²,https://www.etreproprio.com/immobilier-19066837-vente-maison-jugon-les-lacs-5-pieces-117-m-jugon-les-lacs,172 920,Jugon-Les-Lacs 22270,117,1 851,5
Maison 96m² à kerbors,https://www.etreproprio.com/immobilier-23858803-vente-maison-96m-a-kerbors-kerbors,299 980,Kerbors 22610,97,,5
Maison kerbors 5 pièce(s) 100 m2,https://www.etreproprio.com/immobilier-21788895-vente-maison-kerbors-5-pieces-100-m2-kerbors,179 990,Kerbors 22610,100,950,5
Maison 100m² à kerbors,https://www.etreproprio.com/immobilier-22904198-vente-maison-100m-a-kerbors-kerbors,179 000,Kerbors 22610,100,950,5
Maison 320m² à kerbors,https://www.etreproprio.com/immobilier-23090398-vente-maison-320m-a-kerbors-kerbors,648 000,Kerbors 22610,320,4 798,11
Maison plain-pied à kerfot,https://www.etreproprio.com/immobilier-23903427-vente-maison-plain-pied-a-kerfot-kerfot,189 000,Kerfot 22500,87,1 089,5
Kerfot maison 82 m²  jardin 1089 m²,https://www.etreproprio.com/immobilier-23900413-vente-kerfot-maison-82-m-jardin-1089-m-kerfot,188 640,Kerfot 22500,82,1 089,5
Maison plain pied  82 m² jardin,https://www.etreproprio.com/immobilier-23891726-vente-maison-plain-pied-82-m-jardin-kerfot,189 990,Kerfot 22500,82,1 089,7
Maison kerfot 5 pièce(s) 105 m2,https://www.etreproprio.com/immobilier-23799884-vente-maison-kerfot-5-pieces-105-m2-kerfot,262 500,Kerfot 22500,105,520,5
Maison 70m² à kerfot,https://www.etreproprio.com/immobilier-23695526-vente-maison-70m-a-kerfot-kerfot,119 000,Kerfot 22500,70,90,3
Maison kerfot 6 pièce(s) 196 m2,https://www.etreproprio.com/immobilier-23678241-vente-maison-kerfot-6-pieces-196-m2-kerfot,267 750,Kerfot 22500,196,3 125,8
Maison familiale de 4 chambres,https://www.etreproprio.com/immobilier-23322708-vente-maison-familiale-de-4-chambres-kerfot,277 000,Kerfot 22500,126,1 000,6
Maison 126m² à kerfot,https://www.etreproprio.com/immobilier-23362492-vente-maison-126m-a-kerfot-kerfot,277 000,Kerfot 22500,126,1 004,6
Maison 77m² à kerfot,https://www.etreproprio.com/immobilier-23537245-vente-maison-77m-a-kerfot-kerfot,230 000,Kerfot 22500,77,460,5
Maison 140m² à kerfot,https://www.etreproprio.com/immobilier-23305760-vente-maison-140m-a-kerfot-kerfot,363 500,Kerfot 22500,140,2 970,8
Maison 190m² à kerfot,https://www.etreproprio.com/immobilier-21862804-vente-maison-190m-a-kerfot-kerfot,452 400,Kerfot 22500,190,8 400,7
A vendre maison en pierres proche paimpol,https://www.etreproprio.com/immobilier-21614678-vente-a-vendre-maison-en-pierres-proche-paimpol-kerfot,236 145,Kerfot 22500,90,410,7
belle propriété en pierres de 190m2 entièrement rénovée sur un terrain de 8410m2,https://www.etreproprio.com/immobilier-14286686-vente-belle-propriete-en-pierres-de-190m2-entierement-renovee-sur-un-terrain-de-8410m2-kerfot,452 400,Kerfot 22500,190,8 410,7
Maison 176m² à kergrist-moelou,https://www.etreproprio.com/immobilier-23741992-vente-maison-176m-a-kergrist-moelou-kergrist-moelou,445 000,Kergrist-Moelou 22110,176,5 419,5
belle longère en pierre en campagne – beau potentiel,https://www.etreproprio.com/immobilier-23736241-vente-belle-longere-en-pierre-en-campagne-beau-potentiel-kergrist-moelou,120 750,Kergrist-Moelou 22110,126,1 621,7
"Kergrist-moelou, maison à vendre",https://www.etreproprio.com/immobilier-22989875-vente-kergrist-moelou-maison-a-vendre-kergrist-moelou,199 500,Kergrist-Moelou 22110,119,3 046,5
Kergrist moelou maison à vendre,https://www.etreproprio.com/immobilier-20123915-vente-kergrist-moelou-maison-a-vendre-kergrist-moelou,167 000,Kergrist-Moelou 22110,139,528,7
Propriété équestre de charme,https://www.etreproprio.com/immobilier-21927735-vente-propriete-equestre-de-charme-kergrist-moelou,728 700,Kergrist-Moelou 22110,157,290 000,6
Manoir-3 chambres,https://www.etreproprio.com/immobilier-16203939-vente-manoir-3-chambres-kergrist-moelou,447 200,Kergrist-Moelou 22110,185,5 000,6
"À vendre :  référence 101 maison de 78 m2 avec dépendance, terrain de 6720 m2 et ruisseau et puits",https://www.etreproprio.com/immobilier-21775455-vente-a-vendre-reference-101-maison-de-78-m2-avec-dependance-terrain-de-6720-m2-et-ruisseau-et-puits-kerien,,,,,
"Kermaria-sulard : maison familiale, 4 chambres, proche du bourg et des plages.",https://www.etreproprio.com/immobilier-23898272-vente-kermaria-sulard-maison-familiale-4-chambres-proche-du-bourg-et-des-plages-kermaria-sulard,399 000,Kermaria-Sulard 22450,169,746,5
Maison contemporaine avec jardin,https://www.etreproprio.com/immobilier-23815469-vente-maison-contemporaine-avec-jardin-kermaria-sulard,321 775,Kermaria-Sulard 22450,102,,4
Maison kermaria sulard 4 pièce(s) 79 m2,https://www.etreproprio.com/immobilier-22927214-vente-maison-kermaria-sulard-4-pieces-79-m2-kermaria-sulard,169 990,Kermaria-Sulard 22450,78,710,4
"Kermaria-sulard : maison familiale, 5 chambres, proche du bourg et des plages.",https://www.etreproprio.com/immobilier-23371267-vente-kermaria-sulard-maison-familiale-5-chambres-proche-du-bourg-et-des-plages-kermaria-sulard,257 750,Kermaria-Sulard 22450,171,908,6
Maison 134m² à kermaria-sulard,https://www.etreproprio.com/immobilier-23601645-vente-maison-134m-a-kermaria-sulard-kermaria-sulard,207 000,Kermaria-Sulard 22450,134,406,7
Maison 93m² à kermaria-sulard,https://www.etreproprio.com/immobilier-23542636-vente-maison-93m-a-kermaria-sulard-kermaria-sulard,242 000,Kermaria-Sulard 22450,93,551,4
Maison 171m² à kermaria-sulard,https://www.etreproprio.com/immobilier-21291768-vente-maison-171m-a-kermaria-sulard-kermaria-sulard,258 000,Kermaria-Sulard 22450,171,870,6
Maison 168m² à kermoroc'h,https://www.etreproprio.com/immobilier-23569629-vente-maison-168m-a-kermoroc-h-kermoroc-h,299 000,Kermoroc'h 22140,168,2 000,6
"Charmante maison en pierres de 58 m2 habitables, 2 chambres et un garage",https://www.etreproprio.com/immobilier-23693184-vente-charmante-maison-en-pierres-de-58-m2-habitables-2-chambres-et-un-garage-kerpert,79 800,Kerpert 22480,58,183,2
Maison kerpert 4 pièce(s) 75 m2,https://www.etreproprio.com/immobilier-22988501-vente-maison-kerpert-4-pieces-75-m2-kerpert,51 000,Kerpert 22480,75,740,4
Maison en pierres à rénover   charme et potentiel en campagne de kerpert,https://www.etreproprio.com/immobilier-21775447-vente-maison-en-pierres-a-renover-charme-et-potentiel-en-campagne-de-kerpert-kerpert,85 500,Kerpert 22480,85,1 889,4
Longère brehand,https://www.etreproprio.com/immobilier-23881011-vente-longere-brehand-lamballe,338 000,Lamballe 22400,177,1 606,7
Maison 113m² à lamballe,https://www.etreproprio.com/immobilier-22650439-vente-maison-113m-a-lamballe-lamballe,360 000,Lamballe 22400,113,616,5
Longère secteur trégomar / trois chambres / jardin clos,https://www.etreproprio.com/immobilier-23867083-vente-longere-secteur-tregomar-trois-chambres-jardin-clos-lamballe,198 550,Lamballe 22400,90,197,4
Maison lamballe armor 3 pièce(s) 70 m2,https://www.etreproprio.com/immobilier-22924073-vente-maison-lamballe-armor-3-pieces-70-m2-lamballe,158 100,Lamballe 22400,71,1 010,3
Maison lamballe armor 6 pièce(s)  97m2,https://www.etreproprio.com/immobilier-23871965-vente-maison-lamballe-armor-6-pieces-97m2-lamballe,148 400,Lamballe 22400,97,1 408,6
Maison à vendre 5 pièces lamballe (22),https://www.etreproprio.com/immobilier-23877099-vente-maison-a-vendre-5-pieces-lamballe-22-lamballe,217 900,Lamballe 22400,96,442,5
Maison 135m² à lamballe,https://www.etreproprio.com/immobilier-23460194-vente-maison-135m-a-lamballe-lamballe,230 000,Lamballe 22400,135,189,7
Maison 262m² à lamballe,https://www.etreproprio.com/immobilier-23851933-vente-maison-262m-a-lamballe-lamballe,495 000,Lamballe 22400,262,2 103,9
Maison lamballe 6 pièce(s) 96m2,https://www.etreproprio.com/immobilier-23847461-vente-maison-lamballe-6-pieces-96m2-lamballe,247 690,Lamballe 22400,96,361,6
Maison 198m² à lamballe,https://www.etreproprio.com/immobilier-23844160-vente-maison-198m-a-lamballe-lamballe,619 000,Lamballe 22400,198,373,8
Belle maison avec extérieur,https://www.etreproprio.com/immobilier-23845835-vente-belle-maison-avec-exterieur-lamballe,224 900,Lamballe 22400,96,442,5
Maison contemporaine de plain-pied à lamballe,https://www.etreproprio.com/immobilier-23386186-vente-maison-contemporaine-de-plain-pied-a-lamballe-lamballe,366 800,Lamballe 22400,111,616,5
Maison 115m² à lamballe,https://www.etreproprio.com/immobilier-23794229-vente-maison-115m-a-lamballe-lamballe,299 900,Lamballe 22400,115,283,5
Maison 115m² à lamballe,https://www.etreproprio.com/immobilier-23790289-vente-maison-115m-a-lamballe-lamballe,284 000,Lamballe 22400,115,1 000,6
Maison 109m² à lamballe,https://www.etreproprio.com/immobilier-23786288-vente-maison-109m-a-lamballe-lamballe,285 000,Lamballe 22400,109,1 360,6
Maison contemporaine de plain-pied,https://www.etreproprio.com/immobilier-23578536-vente-maison-contemporaine-de-plain-pied-lamballe,384 710,Lamballe 22400,143,1 400,5
Maison 124m² à lamballe,https://www.etreproprio.com/immobilier-23768737-vente-maison-124m-a-lamballe-lamballe,250 000,Lamballe 22400,124,1 421,7
Maison 143m² à lamballe,https://www.etreproprio.com/immobilier-23049182-vente-maison-143m-a-lamballe-lamballe,375 000,Lamballe 22400,143,1 600,5
Maison 200m² à lamballe,https://www.etreproprio.com/immobilier-23049225-vente-maison-200m-a-lamballe-lamballe,396 000,Lamballe 22400,200,1 715,8
"Maison rénovée à vendre à lamballe   quartier calme proche centre-ville, côtes-d’armor  réf : 2025133",https://www.etreproprio.com/immobilier-23758637-vente-maison-renovee-a-vendre-a-lamballe-quartier-calme-proche-centre-ville-cotes-d-armor-ref-2025133-lamballe,499 152,Lamballe 22400,121,778,5
Maison 103m² à lancieux,https://www.etreproprio.com/immobilier-23888903-vente-maison-103m-a-lancieux-lancieux,457 895,Lancieux 22770,104,620,5
Maison lancieux 2 pièce(s) 117 m2,https://www.etreproprio.com/immobilier-23357545-vente-maison-lancieux-2-pieces-117-m2-lancieux,430 500,Lancieux 22770,108,1 500,2
"Côte d'emeraude, lancieux, maison neuve de 7 pièces",https://www.etreproprio.com/immobilier-21960346-vente-cote-d-emeraude-lancieux-maison-neuve-de-7-pieces-lancieux,603 200,Lancieux 22770,123,437,7
Maison 123m² à lancieux,https://www.etreproprio.com/immobilier-23229013-vente-maison-123m-a-lancieux-lancieux,609 000,Lancieux 22770,124,437,6
Maison à vendre 6 pièces lancieux (22),https://www.etreproprio.com/immobilier-23695350-vente-maison-a-vendre-6-pieces-lancieux-22-lancieux,,,,,
"Lancieux: maison, grand hangar et terrain constructible",https://www.etreproprio.com/immobilier-22935739-vente-lancieux-maison-grand-hangar-et-terrain-constructible-lancieux,483 800,Lancieux 22770,77,1 200,4
Maison 77m² à lancieux,https://www.etreproprio.com/immobilier-23490825-vente-maison-77m-a-lancieux-lancieux,479 900,Lancieux 22770,77,1 218,4
Maison à lancieux : plage à 2 minutes de la plage,https://www.etreproprio.com/immobilier-23254205-vente-maison-a-lancieux-plage-a-2-minutes-de-la-plage-lancieux,599 900,Lancieux 22770,100,288,5
Maison 64m² à lancieux,https://www.etreproprio.com/immobilier-23232831-vente-maison-64m-a-lancieux-lancieux,567 000,Lancieux 22770,64,1 662,2
Maison plain pied lancieux,https://www.etreproprio.com/immobilier-23150211-vente-maison-plain-pied-lancieux-lancieux,433 675,Lancieux 22770,93,,4
Maison 192m² à lancieux,https://www.etreproprio.com/immobilier-23065043-vente-maison-192m-a-lancieux-lancieux,1 425 000,Lancieux 22770,192,520,7
Maison 100m² à lancieux,https://www.etreproprio.com/immobilier-22917008-vente-maison-100m-a-lancieux-lancieux,603 750,Lancieux 22770,100,289,5
Maison de centre bourg,https://www.etreproprio.com/immobilier-23859106-vente-maison-de-centre-bourg-landebia,181 900,Landebia 22130,129,787,4
Maison landebia 11 pièce(s) 320 m2,https://www.etreproprio.com/immobilier-23274372-vente-maison-landebia-11-pieces-320-m2-landebia,350 000,Landebia 22130,320,1 606,11
Maison  7 pièce(s) 160 m2,https://www.etreproprio.com/immobilier-22393319-vente-maison-7-pieces-160-m2-landebia,260 000,Landebia 22130,160,1 000,7
Maison landebia 7 pièce(s) 124 m2,https://www.etreproprio.com/immobilier-22393318-vente-maison-landebia-7-pieces-124-m2-landebia,220 000,Landebia 22130,124,2 000,7
A vendre - maison à rénové secteur landéhen - 3 chambres -  1 bureau - terrain de 1 600m2 - dépendances,https://www.etreproprio.com/immobilier-23496101-vente-a-vendre-maison-a-renove-secteur-landehen-3-chambres-1-bureau-terrain-de-1-600m2-dependances-landehen,115 500,Landehen 22400,78,1 600,4
Exclusivité maison rouge,https://www.etreproprio.com/immobilier-22871359-vente-exclusivite-maison-rouge-landehen,334 999,Landehen 22400,177,4 380,8
Maison 5 pièces 128m2,https://www.etreproprio.com/immobilier-23451826-vente-maison-5-pieces-128m2-landehen,195 000,Landehen 22400,128,1 691,5
5mn de lamballe,https://www.etreproprio.com/immobilier-23410414-vente-5mn-de-lamballe-landehen,389 000,Landehen 22400,170,6 487,6
Maison 128m² à landehen,https://www.etreproprio.com/immobilier-23337503-vente-maison-128m-a-landehen-landehen,195 000,Landehen 22400,128,1 691,5
Propriete à vendre 7 pièces landehen (22),https://www.etreproprio.com/immobilier-23252447-vente-propriete-a-vendre-7-pieces-landehen-22-landehen,462 000,Landehen 22400,228,14 396,7
Maison 85m² à landehen,https://www.etreproprio.com/immobilier-23232389-vente-maison-85m-a-landehen-landehen,197 000,Landehen 22400,85,416,5
Maison 98m² à landehen,https://www.etreproprio.com/immobilier-23049463-vente-maison-98m-a-landehen-landehen,255 800,Landehen 22400,98,381,5
Maison a vendre,https://www.etreproprio.com/immobilier-22634716-vente-maison-a-vendre-landehen,78 960,Landehen 22400,90,455,
Maison 170m² à lamballe,https://www.etreproprio.com/immobilier-23756993-vente-maison-170m-a-lamballe-lamballe,358 000,Lamballe 22400,170,398,10
Maison lamballe centre,https://www.etreproprio.com/immobilier-23752329-vente-maison-lamballe-centre-lamballe,358 800,Lamballe 22400,170,398,8
Maison 116m² à lamballe,https://www.etreproprio.com/immobilier-23666953-vente-maison-116m-a-lamballe-lamballe,360 000,Lamballe 22400,116,558,5
Lamballe-armor:saint-aaron maison 4 pièce(s) 96 m2,https://www.etreproprio.com/immobilier-23729359-vente-lamballe-armorsaint-aaron-maison-4-pieces-96-m2-lamballe,282 150,Lamballe 22400,96,457,4
Maison 155m² à lamballe,https://www.etreproprio.com/immobilier-23703270-vente-maison-155m-a-lamballe-lamballe,259 900,Lamballe 22400,155,514,7
Maison 120m² à lamballe,https://www.etreproprio.com/immobilier-23691607-vente-maison-120m-a-lamballe-lamballe,187 200,Lamballe 22400,120,660,4
Maison avec appartement indépendant au coeur de lamballe,https://www.etreproprio.com/immobilier-23686379-vente-maison-avec-appartement-independant-au-coeur-de-lamballe-lamballe,619 000,Lamballe 22400,206,373,7
Maison familiale  lamballe centre / quartier gare !,https://www.etreproprio.com/immobilier-23654421-vente-maison-familiale-lamballe-centre-quartier-gare-lamballe,400 520,Lamballe 22400,167,859,6
Bel ensemble en pierres à rénover !,https://www.etreproprio.com/immobilier-23617648-vente-bel-ensemble-en-pierres-a-renover-lamballe,262 500,Lamballe 22400,195,9 872,3
Maison de ville 220 m2,https://www.etreproprio.com/immobilier-22345608-vente-maison-de-ville-220-m2-lamballe,299 000,Lamballe 22400,220,,11
Maison 75m² à lamballe,https://www.etreproprio.com/immobilier-23154301-vente-maison-75m-a-lamballe-lamballe,209 000,Lamballe 22400,75,579,5
Maison 175m² à lamballe,https://www.etreproprio.com/immobilier-23545806-vente-maison-175m-a-lamballe-lamballe,558 000,Lamballe 22400,175,1 107,7
Maison rénovée -centre ville lamballe,https://www.etreproprio.com/immobilier-23508065-vente-maison-renovee-centre-ville-lamballe-lamballe,222 000,Lamballe 22400,130,712,6
Maison 105m² à lamballe,https://www.etreproprio.com/immobilier-22938116-vente-maison-105m-a-lamballe-lamballe,218 500,Lamballe 22400,105,800,5
A vendre - grande maison hyper centre + logement indépendant avec excellent rendement,https://www.etreproprio.com/immobilier-23382679-vente-a-vendre-grande-maison-hyper-centre-logement-independant-avec-excellent-rendement-lamballe,619 000,Lamballe 22400,208,254,7
Maison 110m² à lamballe,https://www.etreproprio.com/immobilier-23473375-vente-maison-110m-a-lamballe-lamballe,372 000,Lamballe 22400,110,423,4
Maison 120m² à lamballe,https://www.etreproprio.com/immobilier-23473412-vente-maison-120m-a-lamballe-lamballe,382 000,Lamballe 22400,120,417,5
Maison 124m² à lamballe,https://www.etreproprio.com/immobilier-22873846-vente-maison-124m-a-lamballe-lamballe,269 000,Lamballe 22400,124,560,6
Maison 223m² à lamballe,https://www.etreproprio.com/immobilier-23459884-vente-maison-223m-a-lamballe-lamballe,499 000,Lamballe 22400,223,2 045,7
Lamballe centre / 5 chambres / belles prestations - sous-sol & garages,https://www.etreproprio.com/immobilier-22146131-vente-lamballe-centre-5-chambres-belles-prestations-sous-sol-garages-lamballe,508 280,Lamballe 22400,197,2 045,7
"Lanfains, 3.5 km de quitin, longère à vendre avec dépendances",https://www.etreproprio.com/immobilier-23636952-vente-lanfains-35-km-de-quitin-longere-a-vendre-avec-dependances-lanfains,247 680,Lanfains 22800,111,9 062,7
Maison  lanfains  bourg - 6 pièce(s) 104 m2,https://www.etreproprio.com/immobilier-23397877-vente-maison-lanfains-bourg-6-pieces-104-m2-lanfains,127 200,Lanfains 22800,104,1 570,6
Maison 111m² à lanfains,https://www.etreproprio.com/immobilier-22700591-vente-maison-111m-a-lanfains-lanfains,249 000,Lanfains 22800,111,9 062,8
"Longère en pierre avec dépendances sur 9500 m2, aux portes d",https://www.etreproprio.com/immobilier-23273204-vente-longere-en-pierre-avec-dependances-sur-9500-m2-aux-portes-d-lanfains,249 000,Lanfains 22800,111,9 500,7
Maison 115m² à lanfains,https://www.etreproprio.com/immobilier-22569688-vente-maison-115m-a-lanfains-lanfains,273 000,Lanfains 22800,115,6 950,5
"À vendre   maison en pierre dans le bourg de lanfains, proch",https://www.etreproprio.com/immobilier-21476198-vente-a-vendre-maison-en-pierre-dans-le-bourg-de-lanfains-proch-lanfains,79 800,Lanfains 22800,75,170,4
À vendre   maison en pierre avec terrain constructible de +1,https://www.etreproprio.com/immobilier-21465904-vente-a-vendre-maison-en-pierre-avec-terrain-constructible-de-1-lanfains,99 800,Lanfains 22800,75,1 342,4
"Maison de charme en bois de 190 m2, un véritable havre de pa",https://www.etreproprio.com/immobilier-20992435-vente-maison-de-charme-en-bois-de-190-m2-un-veritable-havre-de-pa-lanfains,332 160,Lanfains 22800,190,1 563,5
Maison 189m² à langast,https://www.etreproprio.com/immobilier-23591706-vente-maison-189m-a-langast-langast,170 000,Langast 22150,189,,8
Maison 152m² à langast,https://www.etreproprio.com/immobilier-23545451-vente-maison-152m-a-langast-langast,280 000,Langast 22150,152,2 010,6
Maison 60m² à langast,https://www.etreproprio.com/immobilier-22110130-vente-maison-60m-a-langast-langast,84 500,Langast 22150,60,12 579,4
A vendre - maison de bourg / terrain de 590m2 / deux chambres,https://www.etreproprio.com/immobilier-23496102-vente-a-vendre-maison-de-bourg-terrain-de-590m2-deux-chambres-langast,98 700,Langast 22150,94,590,3
Maison 175m² à langast,https://www.etreproprio.com/immobilier-23389445-vente-maison-175m-a-langast-langast,99 000,Langast 22150,175,4 004,6
Maison 60m² à langast,https://www.etreproprio.com/immobilier-22953453-vente-maison-60m-a-langast-langast,87 000,Langast 22150,60,12 833,3
A vendre - maison de 196 m2 / terrain de 313m2,https://www.etreproprio.com/immobilier-22394458-vente-a-vendre-maison-de-196-m2-terrain-de-313m2-langast,197 000,Langast 22150,196,,9
Maison + gite planguenoual,https://www.etreproprio.com/immobilier-21605297-vente-maison-gite-planguenoual-lamballe,396 153,Lamballe 22400,183,2 255,6
Maison 124m² à lamballe,https://www.etreproprio.com/immobilier-23409499-vente-maison-124m-a-lamballe-lamballe,180 000,Lamballe 22400,124,787,6
Maison 105m² à lamballe,https://www.etreproprio.com/immobilier-23404929-vente-maison-105m-a-lamballe-lamballe,364 000,Lamballe 22400,105,440,5
Maison 128m² à lamballe,https://www.etreproprio.com/immobilier-23376091-vente-maison-128m-a-lamballe-lamballe,210 000,Lamballe 22400,128,514,4
Maison landehen 8 pièce(s) 189 m2,https://www.etreproprio.com/immobilier-20442095-vente-maison-landehen-8-pieces-189-m2-lamballe,241 500,Lamballe 22400,189,1 680,8
"Exclusivité!! côtes d'armor 22400 planguenoual. 4 chambres avec salle d'eau privative dont 2 au rdc, garage, terrain",https://www.etreproprio.com/immobilier-23324177-vente-exclusivite-cotes-d-armor-22400-planguenoual-4-chambres-avec-salle-d-eau-privative-dont-2-au-rdc-garage-terrain-lamballe,636 000,Lamballe 22400,155,1 551,7
Charmante maison  proche centre lamballe,https://www.etreproprio.com/immobilier-22351741-vente-charmante-maison-proche-centre-lamballe-lamballe,225 000,Lamballe 22400,93,442,4
"Lamballe : maison moderne: 5 pièces, 120 m2.",https://www.etreproprio.com/immobilier-23258098-vente-lamballe-maison-moderne-5-pieces-120-m2-lamballe,382 950,Lamballe 22400,120,417,5
Maison 137m² à lamballe,https://www.etreproprio.com/immobilier-23259646-vente-maison-137m-a-lamballe-lamballe,343 000,Lamballe 22400,137,1 233,5
Lamballe  armor : lamballe  centre  maison t4,https://www.etreproprio.com/immobilier-23258097-vente-lamballe-armor-lamballe-centre-maison-t4-lamballe,372 600,Lamballe 22400,110,423,4
Maison lamballe,https://www.etreproprio.com/immobilier-22199737-vente-maison-lamballe-lamballe,464 880,Lamballe 22400,175,704,6
Maison lamballe,https://www.etreproprio.com/immobilier-22274136-vente-maison-lamballe-lamballe,225 750,Lamballe 22400,95,442,6
Maison 108m² à lamballe,https://www.etreproprio.com/immobilier-22628990-vente-maison-108m-a-lamballe-lamballe,90 000,Lamballe 22400,108,506,6
Maison 169m² à lamballe,https://www.etreproprio.com/immobilier-23065334-vente-maison-169m-a-lamballe-lamballe,280 000,Lamballe 22400,169,,5
Maison 214m² à lamballe,https://www.etreproprio.com/immobilier-22287790-vente-maison-214m-a-lamballe-lamballe,358 600,Lamballe 22400,214,4 214,12
Maison saint alban 7 pièce(s) 176 m2,https://www.etreproprio.com/immobilier-20840011-vente-maison-saint-alban-7-pieces-176-m2-lamballe,332 800,Lamballe 22400,176,1 936,7
Maison 214m² à lamballe,https://www.etreproprio.com/immobilier-22913079-vente-maison-214m-a-lamballe-lamballe,,,,,
Maison lamballe,https://www.etreproprio.com/immobilier-22871782-vente-maison-lamballe-lamballe,274 300,Lamballe 22400,104,483,6
Maison 93m² à lamballe,https://www.etreproprio.com/immobilier-22321281-vente-maison-93m-a-lamballe-lamballe,235 000,Lamballe 22400,93,581,5
Lamballe ville-5 chambres-garage,https://www.etreproprio.com/immobilier-22720227-vente-lamballe-ville-5-chambres-garage-lamballe,427 000,Lamballe 22400,198,1 715,8
Maison 135m² à langoat,https://www.etreproprio.com/immobilier-23713563-vente-maison-135m-a-langoat-langoat,261 000,Langoat 22450,135,2 000,5
Maison langoat 5 pièce(s) 107 m2,https://www.etreproprio.com/immobilier-22488722-vente-maison-langoat-5-pieces-107-m2-langoat,180 200,Langoat 22450,107,367,5
Ensemble immobilier de 197m2   langoat,https://www.etreproprio.com/immobilier-19878218-vente-ensemble-immobilier-de-197m2-langoat-langoat,348 500,Langoat 22450,197,1 055,10
Maison  langoat 160m²,https://www.etreproprio.com/immobilier-22600090-vente-maison-langoat-160m-langoat,223 650,Langoat 22450,160,971,6
Ensemble immobilier en pierre de 310m2   langoat,https://www.etreproprio.com/immobilier-22121262-vente-ensemble-immobilier-en-pierre-de-310m2-langoat-langoat,439 800,Langoat 22450,310,2 063,12
Maison 196m² à langoat,https://www.etreproprio.com/immobilier-23280779-vente-maison-196m-a-langoat-langoat,348 500,Langoat 22450,196,1 055,11
Maison 5 chambres + 3 locations type t2,https://www.etreproprio.com/immobilier-22313681-vente-maison-5-chambres-3-locations-type-t2-langoat,439 800,Langoat 22450,310,2 063,6
Maison 220m² à langoat,https://www.etreproprio.com/immobilier-22569904-vente-maison-220m-a-langoat-langoat,359 000,Langoat 22450,220,7 567,9
Maison langoat - 10 pièce(s) - 196 m²,https://www.etreproprio.com/immobilier-19964036-vente-maison-langoat-10-pieces-196-m-langoat,357 000,Langoat 22450,197,1 055,10
A vendre - soquet immobilier - maison familiale - langourla -,https://www.etreproprio.com/immobilier-23670868-vente-a-vendre-soquet-immobilier-maison-familiale-langourla-langourla,184 620,Langourla 22330,113,1 716,5
A vendre - soquet immobilier - langourla - maison,https://www.etreproprio.com/immobilier-23670834-vente-a-vendre-soquet-immobilier-langourla-maison-langourla,78 900,Langourla 22330,170,4 600,2
A vendre - soquet immobilier maison familiale 5 chambres - langourla,https://www.etreproprio.com/immobilier-23670866-vente-a-vendre-soquet-immobilier-maison-familiale-5-chambres-langourla-langourla,170 720,Langourla 22330,181,796,6
"Cotes d'armor, langourla, maison de caractère impeccable avec 4 chambres, grand jardin, proche du village.",https://www.etreproprio.com/immobilier-23631395-vente-cotes-d-armor-langourla-maison-de-caractere-impeccable-avec-4-chambres-grand-jardin-proche-du-village-langourla,209 547,Langourla 22330,146,8 920,6
Maison + gîte,https://www.etreproprio.com/immobilier-22173700-vente-maison-gite-langourla,198 000,Langourla 22330,172,5 300,8
Maison 172m² à lamballe,https://www.etreproprio.com/immobilier-22629965-vente-maison-172m-a-lamballe-lamballe,516 000,Lamballe 22400,172,222,8
Maison erquy 4 chambres,https://www.etreproprio.com/immobilier-20998733-vente-maison-erquy-4-chambres-lamballe,399 000,Lamballe 22400,96,111,5
Maison 106m² à lamballe,https://www.etreproprio.com/immobilier-21564576-vente-maison-106m-a-lamballe-lamballe,269 000,Lamballe 22400,106,,5
A vendre - maison 6 pièces / 123m2 / courette / 4 chambres / sous-sol / en plein cœur de lamballe / gros poten,https://www.etreproprio.com/immobilier-22553054-vente-a-vendre-maison-6-pieces-123m2-courette-4-chambres-sous-sol-en-plein-coeur-de-lamballe-gros-poten-lamballe,170 000,Lamballe 22400,123,84,6
Lamballe armor,https://www.etreproprio.com/immobilier-22546995-vente-lamballe-armor-lamballe,159 750,Lamballe 22400,56,748,2
Maison 170m² à lamballe,https://www.etreproprio.com/immobilier-22359663-vente-maison-170m-a-lamballe-lamballe,578 940,Lamballe 22400,170,12 682,8
Maison 120m² à lamballe,https://www.etreproprio.com/immobilier-22321258-vente-maison-120m-a-lamballe-lamballe,270 000,Lamballe 22400,120,1 121,6
Maison en pierre à rénover : laissez libre cours à votre imagination,https://www.etreproprio.com/immobilier-19062455-vente-maison-en-pierre-a-renover-laissez-libre-cours-a-votre-imagination-lamballe,204 360,Lamballe 22400,107,1 180,4
A vendre - maison 4 pièces / longère / 110m2 / 3 chambres / proche rn12,https://www.etreproprio.com/immobilier-20444792-vente-a-vendre-maison-4-pieces-longere-110m2-3-chambres-proche-rn12-lamballe,203 775,Lamballe 22400,110,1 180,4
"À vendre à bréhand – ensemble immobilier avec fort potentiel, à deux pas de lamballe",https://www.etreproprio.com/immobilier-21851155-vente-a-vendre-a-brehand-ensemble-immobilier-avec-fort-potentiel-a-deux-pas-de-lamballe-lamballe,351 850,Lamballe 22400,247,,10
Maison de caractère à vendre 8 pièces lamballe (22),https://www.etreproprio.com/immobilier-20397762-vente-maison-de-caractere-a-vendre-8-pieces-lamballe-22-lamballe,575 000,Lamballe 22400,245,4 035,8
Magnifique maison à morieux,https://www.etreproprio.com/immobilier-19869464-vente-magnifique-maison-a-morieux-lamballe,403 520,Lamballe 22400,164,626,7
Maison bord de rance,https://www.etreproprio.com/immobilier-21678927-vente-maison-bord-de-rance-langrolay-sur-rance,306 500,Langrolay-Sur-Rance 22490,190,900,8
Maison 179m² à langrolay-sur-rance,https://www.etreproprio.com/immobilier-23883278-vente-maison-179m-a-langrolay-sur-rance-langrolay-sur-rance,498 000,Langrolay-Sur-Rance 22490,179,1 140,8
Maison 190m² à langrolay-sur-rance,https://www.etreproprio.com/immobilier-22472888-vente-maison-190m-a-langrolay-sur-rance-langrolay-sur-rance,299 990,Langrolay-Sur-Rance 22490,190,932,8
Maison familiale à langrolay-sur-rance,https://www.etreproprio.com/immobilier-23511478-vente-maison-familiale-a-langrolay-sur-rance-langrolay-sur-rance,294 000,Langrolay-Sur-Rance 22490,98,729,5
Langrolay sur rance,https://www.etreproprio.com/immobilier-23727569-vente-langrolay-sur-rance-langrolay-sur-rance,501 600,Langrolay-Sur-Rance 22490,180,,8
Maison langrolay sur rance 7 pièce(s) 178.75 m2,https://www.etreproprio.com/immobilier-23711330-vente-maison-langrolay-sur-rance-7-pieces-17875-m2-langrolay-sur-rance,503 000,Langrolay-Sur-Rance 22490,179,1 140,7
Maison langrolay sur rance,https://www.etreproprio.com/immobilier-23471298-vente-maison-langrolay-sur-rance-langrolay-sur-rance,895 230,Langrolay-Sur-Rance 22490,360,1 136,13
Maison langrolay sur rance,https://www.etreproprio.com/immobilier-23471299-vente-maison-langrolay-sur-rance-langrolay-sur-rance,664 960,Langrolay-Sur-Rance 22490,217,542,8
Maison langrolay sur rance 3 chambres,https://www.etreproprio.com/immobilier-23422256-vente-maison-langrolay-sur-rance-3-chambres-langrolay-sur-rance,238 970,Langrolay-Sur-Rance 22490,142,590,6
Maison en pierre 4 chambres avec dépendances – langrolay-sur-rance,https://www.etreproprio.com/immobilier-23214110-vente-maison-en-pierre-4-chambres-avec-dependances-langrolay-sur-rance-langrolay-sur-rance,240 000,Langrolay-Sur-Rance 22490,105,,5
Maison languedias,https://www.etreproprio.com/immobilier-23455700-vente-maison-languedias-languedias,149 800,Languedias 22980,75,1 295,4
Maison de caractère de 190 m2 sur 2500 m2 de terrain   languenan (22130),https://www.etreproprio.com/immobilier-23877760-vente-maison-de-caractere-de-190-m2-sur-2500-m2-de-terrain-languenan-22130-languenan,389 785,Languenan 22130,190,2 500,8
Maison  bourgeoise,https://www.etreproprio.com/immobilier-23721397-vente-maison-bourgeoise-languenan,483 000,Languenan 22130,193,2 202,8
Maison languenan 12 pièces 180 m² et 94m² de dépendance,https://www.etreproprio.com/immobilier-22504846-vente-maison-languenan-12-pieces-180-m-et-94m-de-dependance-languenan,,,,,
À vendre   deux longères en pierre à languenan (2230)   proche dinan et plages,https://www.etreproprio.com/immobilier-21788217-vente-a-vendre-deux-longeres-en-pierre-a-languenan-2230-proche-dinan-et-plages-languenan,344 850,Languenan 22130,335,20 445,12
Maison languenan environ 90 m²,https://www.etreproprio.com/immobilier-22415605-vente-maison-languenan-environ-90-m-languenan,225 500,Languenan 22130,89,573,6
A vendre pleven val d'arguenon,https://www.etreproprio.com/immobilier-23096230-vente-a-vendre-pleven-val-d-arguenon-languenan,165 250,Languenan 22130,75,15 820,5
Maison type 4 de 77 m2,https://www.etreproprio.com/immobilier-23047423-vente-maison-type-4-de-77-m2-languenan,162 440,Languenan 22130,77,260,4
"Maison à languenan, à deux pas de dinan et des plages",https://www.etreproprio.com/immobilier-22867820-vente-maison-a-languenan-a-deux-pas-de-dinan-et-des-plages-languenan,177 500,Languenan 22130,71,1 000,4
Maison à vendre languenan,https://www.etreproprio.com/immobilier-20925538-vente-maison-a-vendre-languenan-languenan,149 900,Languenan 22130,74,140,3
Maison indépendante en pierres sur terrain paysagé de 2400 m²,https://www.etreproprio.com/immobilier-21688962-vente-maison-independante-en-pierres-sur-terrain-paysage-de-2400-m-languenan,408 720,Languenan 22130,190,2 400,8
Maison 105m² à langueux,https://www.etreproprio.com/immobilier-23742058-vente-maison-105m-a-langueux-langueux,300 000,Langueux 22360,105,400,5
Jolie maison cossue vivable de plain pied,https://www.etreproprio.com/immobilier-23516364-vente-jolie-maison-cossue-vivable-de-plain-pied-langueux,399 000,Langueux 22360,186,538,7
Jolie maison proche bourg langueux,https://www.etreproprio.com/immobilier-23807217-vente-jolie-maison-proche-bourg-langueux-langueux,291 200,Langueux 22360,98,421,6
Maison 104m² à langueux,https://www.etreproprio.com/immobilier-23763970-vente-maison-104m-a-langueux-langueux,88 900,Langueux 22360,104,123,3
Coup de coeur a langueux !,https://www.etreproprio.com/immobilier-23747792-vente-coup-de-coeur-a-langueux-langueux,571 200,Langueux 22360,232,1 560,5
Opportunité rare ! idéal investisseur ou projet familial,https://www.etreproprio.com/immobilier-23747784-vente-opportunite-rare-ideal-investisseur-ou-projet-familial-langueux,185 625,Langueux 22360,54,1 307,3
Maison récente 3 chambres avec vie de plain-pied   quartier calme à langueux,https://www.etreproprio.com/immobilier-23736945-vente-maison-recente-3-chambres-avec-vie-de-plain-pied-quartier-calme-a-langueux-langueux,260 000,Langueux 22360,80,385,4
Opportunité rare ! idéal investisseur ou projet familial,https://www.etreproprio.com/immobilier-23619809-vente-opportunite-rare-ideal-investisseur-ou-projet-familial-langueux,185 625,Langueux 22360,54,1 307,3
Maison langueux 8 pièce(s) 160 m2,https://www.etreproprio.com/immobilier-23600259-vente-maison-langueux-8-pieces-160-m2-langueux,231 000,Langueux 22360,162,623,8
Maison les grèves langueux  vue mer 5 pièces120 m2,https://www.etreproprio.com/immobilier-23600144-vente-maison-les-greves-langueux-vue-mer-5-pieces120-m2-langueux,494 000,Langueux 22360,120,310,5
Maison 160m² à langueux,https://www.etreproprio.com/immobilier-23559078-vente-maison-160m-a-langueux-langueux,625 000,Langueux 22360,160,700,7
Langueux : belle maison en pierres de 188 m2 à proximité des commerces et des écolesmaison,https://www.etreproprio.com/immobilier-23218908-vente-langueux-belle-maison-en-pierres-de-188-m2-a-proximite-des-commerces-et-des-ecolesmaison-langueux,279 575,Langueux 22360,188,721,8
Maison langueux 5 pièce(s) 90 m2,https://www.etreproprio.com/immobilier-23500850-vente-maison-langueux-5-pieces-90-m2-langueux,289 400,Langueux 22360,90,,5
Maison 120m² à langueux,https://www.etreproprio.com/immobilier-23440861-vente-maison-120m-a-langueux-langueux,353 425,Langueux 22360,120,1 460,6
Maison langueux 8 pièces 133 m²,https://www.etreproprio.com/immobilier-23340508-vente-maison-langueux-8-pieces-133-m-langueux,305 000,Langueux 22360,133,462,8
Maison 86m² à langueux,https://www.etreproprio.com/immobilier-22931663-vente-maison-86m-a-langueux-langueux,274 300,Langueux 22360,86,161,4
Toute l'année en grèves !,https://www.etreproprio.com/immobilier-20206386-vente-toute-l-annee-en-greves-langueux,231 000,Langueux 22360,160,623,6
Résidence séniors les hameaux du levant - tregueux,https://www.etreproprio.com/immobilier-12035587-vente-residence-seniors-les-hameaux-du-levant-tregueux-langueux,188 100,Langueux 22360,64,,3
Maison t7 - proche guerlédan - 115 m²,https://www.etreproprio.com/immobilier-23865168-vente-maison-t7-proche-guerledan-115-m-laniscat,240 000,Laniscat 22570,115,5 667,7
"Côtes-d'armor, charmante maison du xvii siècle, confort moderne et possibilités infinies",https://www.etreproprio.com/immobilier-23873321-vente-cotes-d-armor-charmante-maison-du-xvii-siecle-confort-moderne-et-possibilites-infinies-laniscat,243 000,Laniscat 22570,115,5 667,5
"Bon repos sur blavet, maison à vendre",https://www.etreproprio.com/immobilier-20180275-vente-bon-repos-sur-blavet-maison-a-vendre-laniscat,203 500,Laniscat 22570,140,12 610,7
Grande longère de 175 m2,https://www.etreproprio.com/immobilier-23585061-vente-grande-longere-de-175-m2-laniscat,172 000,Laniscat 22570,175,1 563,9
"Bon repos sur blavet, maison à vendre",https://www.etreproprio.com/immobilier-21778310-vente-bon-repos-sur-blavet-maison-a-vendre-laniscat,196 500,Laniscat 22570,122,3 266,7
Maison à vendre 5 pièces bon repos sur blavet (22),https://www.etreproprio.com/immobilier-23484229-vente-maison-a-vendre-5-pieces-bon-repos-sur-blavet-22-laniscat,78 600,Laniscat 22570,66,760,5
"Bon repos sur blavet, maison à vendre",https://www.etreproprio.com/immobilier-23130566-vente-bon-repos-sur-blavet-maison-a-vendre-laniscat,105 800,Laniscat 22570,62,788,4
"Bon repos sur blavet, bâtisse  de 6 logements, à vendre",https://www.etreproprio.com/immobilier-23075683-vente-bon-repos-sur-blavet-batisse-de-6-logements-a-vendre-laniscat,435 750,Laniscat 22570,392,409,15
Charmante maison en pierre avec dépendance,https://www.etreproprio.com/immobilier-23075647-vente-charmante-maison-en-pierre-avec-dependance-laniscat,132 663,Laniscat 22570,116,,5
Maison à vendre 6 pièces de 165 m² bon repos sur blavet (22),https://www.etreproprio.com/immobilier-23024410-vente-maison-a-vendre-6-pieces-de-165-m-bon-repos-sur-blavet-22-laniscat,158 500,Laniscat 22570,165,1 065,6
Bon repos sur blavet corps de ferme et nombreux batiments terrain de 7000m²,https://www.etreproprio.com/immobilier-22195411-vente-bon-repos-sur-blavet-corps-de-ferme-et-nombreux-batiments-terrain-de-7000m-laniscat,169 000,Laniscat 22570,55,7 015,2
"Bon repos sur blavet, maison à vendre",https://www.etreproprio.com/immobilier-19839922-vente-bon-repos-sur-blavet-maison-a-vendre-laniscat,152 700,Laniscat 22570,147,1 525,7
Maison à vendre 7 pièces proche lac de guerledan (22),https://www.etreproprio.com/immobilier-22866656-vente-maison-a-vendre-7-pieces-proche-lac-de-guerledan-22-laniscat,153 000,Laniscat 22570,150,1 525,7
Propriete à vendre 15 pièces  (22),https://www.etreproprio.com/immobilier-22779428-vente-propriete-a-vendre-15-pieces-22-laniscat,367 500,Laniscat 22570,400,45 500,15
"Maison bon repos sur blavet 6 pièce(s) 102 m2, a vendre",https://www.etreproprio.com/immobilier-19630291-vente-maison-bon-repos-sur-blavet-6-pieces-102-m2-a-vendre-laniscat,98 500,Laniscat 22570,102,504,6
Une longère pleine de charme pour une vie en famille ou gîtes,https://www.etreproprio.com/immobilier-21775461-vente-une-longere-pleine-de-charme-pour-une-vie-en-famille-ou-gites-laniscat,173 000,Laniscat 22570,172,1 563,10
"Lanloup, maison en pierre de 75 m² à vendre",https://www.etreproprio.com/immobilier-23841540-vente-lanloup-maison-en-pierre-de-75-m-a-vendre-lanloup,178 500,Lanloup 22580,75,1 804,3
Maison 78m² à lanloup,https://www.etreproprio.com/immobilier-22210779-vente-maison-78m-a-lanloup-lanloup,184 990,Lanloup 22580,78,1 800,3
Maison 105m² à lanloup,https://www.etreproprio.com/immobilier-23305777-vente-maison-105m-a-lanloup-lanloup,160 000,Lanloup 22580,105,90,3
Maison lanmodez 121 m2,https://www.etreproprio.com/immobilier-21591409-vente-maison-lanmodez-121-m2-lanmodez,116 990,Lanmodez 22610,121,,5
Maison 133m² à lannebert,https://www.etreproprio.com/immobilier-20908929-vente-maison-133m-a-lannebert-lannebert,169 000,Lannebert 22290,133,4 100,5
Maison lannebert 5 pièce(s) 130 m2,https://www.etreproprio.com/immobilier-21690392-vente-maison-lannebert-5-pieces-130-m2-lannebert,169 990,Lannebert 22290,130,4 265,5
"Maison 5 pièces, 130m2 lannebert (22290)",https://www.etreproprio.com/immobilier-19554837-vente-maison-5-pieces-130m2-lannebert-22290-lannebert,166 080,Lannebert 22290,130,4 161,5
"Lannebert - maison de 90 m2, terrain de 3850 m2, plain pied",https://www.etreproprio.com/immobilier-23354555-vente-lannebert-maison-de-90-m2-terrain-de-3850-m2-plain-pied-lannebert,211 000,Lannebert 22290,90,3 850,4
Maison lannebert 6 pièce(s) 127 m2,https://www.etreproprio.com/immobilier-23088746-vente-maison-lannebert-6-pieces-127-m2-lannebert,273 000,Lannebert 22290,127,7 950,6
Maison 150m² à lannion,https://www.etreproprio.com/immobilier-23901591-vente-maison-150m-a-lannion-lannion,419 000,Lannion 22300,150,780,6
Maison 105m² à lannion,https://www.etreproprio.com/immobilier-23883492-vente-maison-105m-a-lannion-lannion,150 000,Lannion 22300,105,392,5
Maison 120m² à lannion,https://www.etreproprio.com/immobilier-23883549-vente-maison-120m-a-lannion-lannion,299 500,Lannion 22300,120,1 200,4
Lannion : belle maison 4 chambres dans quartier calme,https://www.etreproprio.com/immobilier-23866930-vente-lannion-belle-maison-4-chambres-dans-quartier-calme-lannion,435 000,Lannion 22300,145,807,5
Maison 180m² à lannion,https://www.etreproprio.com/immobilier-23867971-vente-maison-180m-a-lannion-lannion,545 000,Lannion 22300,180,17 751,6
Maison 146m² à lannion,https://www.etreproprio.com/immobilier-23852155-vente-maison-146m-a-lannion-lannion,395 000,Lannion 22300,146,2 100,6
"Maison spacieuse, proche des commodités",https://www.etreproprio.com/immobilier-23856269-vente-maison-spacieuse-proche-des-commodites-lannion,252 000,Lannion 22300,113,1 473,9
Maison de plain-pied proche écoles et commerces,https://www.etreproprio.com/immobilier-23648321-vente-maison-de-plain-pied-proche-ecoles-et-commerces-lannion,270 000,Lannion 22300,96,768,5
Maison 78m² à lannion,https://www.etreproprio.com/immobilier-23784319-vente-maison-78m-a-lannion-lannion,243 000,Lannion 22300,78,476,4
Maison de plain-pied 105 m² ? idéal investissement ou vie familiale,https://www.etreproprio.com/immobilier-23648322-vente-maison-de-plain-pied-105-m-ideal-investissement-ou-vie-familiale-lannion,295 000,Lannion 22300,103,785,5
Maison 386m² à lannion,https://www.etreproprio.com/immobilier-23850684-vente-maison-386m-a-lannion-lannion,695 000,Lannion 22300,386,1 667,10
Maison 105m² à lannion,https://www.etreproprio.com/immobilier-23839434-vente-maison-105m-a-lannion-lannion,150 000,Lannion 22300,105,392,7
Lannion : hyper centre-ville à pied,https://www.etreproprio.com/immobilier-22623123-vente-lannion-hyper-centre-ville-a-pied-lannion,416 000,Lannion 22300,214,865,8
Maison 182m² à lannion,https://www.etreproprio.com/immobilier-23822088-vente-maison-182m-a-lannion-lannion,425 000,Lannion 22300,182,215,6
Maison 114m² à lannion,https://www.etreproprio.com/immobilier-23817622-vente-maison-114m-a-lannion-lannion,343 000,Lannion 22300,114,676,6
Maison lannion 5 pièce(s) 72 m2,https://www.etreproprio.com/immobilier-23278935-vente-maison-lannion-5-pieces-72-m2-lannion,139 500,Lannion 22300,94,48,5
Maison 345m² à lannion,https://www.etreproprio.com/immobilier-23782630-vente-maison-345m-a-lannion-lannion,695 000,Lannion 22300,345,1 800,10
Maison 100m² à lannion,https://www.etreproprio.com/immobilier-23768673-vente-maison-100m-a-lannion-lannion,255 000,Lannion 22300,100,612,3
Maison 63m² à lannion,https://www.etreproprio.com/immobilier-22530221-vente-maison-63m-a-lannion-lannion,209 000,Lannion 22300,63,480,3
"Maison, immeuble en pierres_divers projets_",https://www.etreproprio.com/immobilier-22734313-vente-maison-immeuble-en-pierresdivers-projets-lannion,273 000,Lannion 22300,293,,6
Maison 149m² à lanrelas,https://www.etreproprio.com/immobilier-23746094-vente-maison-149m-a-lanrelas-lanrelas,192 800,Lanrelas 22250,149,14 330,5
Maison 79m² à lanrelas,https://www.etreproprio.com/immobilier-23724434-vente-maison-79m-a-lanrelas-lanrelas,213 000,Lanrelas 22250,79,799,4
Maison 62m² à lanrelas,https://www.etreproprio.com/immobilier-23670835-vente-maison-62m-a-lanrelas-lanrelas,86 160,Lanrelas 22250,62,,2
Maison 353m² à lanrelas,https://www.etreproprio.com/immobilier-15122830-vente-maison-353m-a-lanrelas-lanrelas,125 000,Lanrelas 22250,353,,15
Maison 179m² à lanrelas,https://www.etreproprio.com/immobilier-20935203-vente-maison-179m-a-lanrelas-lanrelas,220 000,Lanrelas 22250,179,15 866,5
Maison 175m² à lanrelas,https://www.etreproprio.com/immobilier-18328959-vente-maison-175m-a-lanrelas-lanrelas,133 000,Lanrelas 22250,175,,10
"À vendre :  référence 150 maison de 53m2 avec dépendance, terrain de 24 8140 m2 puits et four a pain",https://www.etreproprio.com/immobilier-23586513-vente-a-vendre-reference-150-maison-de-53m2-avec-dependance-terrain-de-24-8140-m2-puits-et-four-a-pain-lanrivain,233 000,Lanrivain 22480,53,248 140,3
Maison 82m² à lanrivain,https://www.etreproprio.com/immobilier-23376615-vente-maison-82m-a-lanrivain-lanrivain,178 000,Lanrivain 22480,82,5 096,3
"Maison de 122 m2 avec véranda, sous-sol et deux cheminées ouvertes   lanrivain (22480)",https://www.etreproprio.com/immobilier-22186422-vente-maison-de-122-m2-avec-veranda-sous-sol-et-deux-cheminees-ouvertes-lanrivain-22480-lanrivain,134 000,Lanrivain 22480,122,772,5
Maison à vendre 8 pièces lanrivain (22),https://www.etreproprio.com/immobilier-20832620-vente-maison-a-vendre-8-pieces-lanrivain-22-lanrivain,127 200,Lanrivain 22480,145,192,8
Maison 92m² à lanrivain,https://www.etreproprio.com/immobilier-22880600-vente-maison-92m-a-lanrivain-lanrivain,50 000,Lanrivain 22480,92,91,4
"Maison 5 pièces (vie de plain-pied), 102m2, lanrivain (22480)",https://www.etreproprio.com/immobilier-21882741-vente-maison-5-pieces-vie-de-plain-pied-102m2-lanrivain-22480-lanrivain,94 500,Lanrivain 22480,102,3 323,5
"Corps de ferme, 97m2 + dépendances, lanrivain",https://www.etreproprio.com/immobilier-18520494-vente-corps-de-ferme-97m2-dependances-lanrivain-lanrivain,160 890,Lanrivain 22480,97,3 992,4
Ancien corps de ferme à finir de rénover de 135m2   lannion,https://www.etreproprio.com/immobilier-23737888-vente-ancien-corps-de-ferme-a-finir-de-renover-de-135m2-lannion-lannion,299 900,Lannion 22300,135,3 868,6
"Lannion, maison t 3 en parfait etat",https://www.etreproprio.com/immobilier-23737578-vente-lannion-maison-t-3-en-parfait-etat-lannion,,,,,
Maison contemporaine 121 m2  avec vie de plain pied lannion (22),https://www.etreproprio.com/immobilier-23003883-vente-maison-contemporaine-121-m2-avec-vie-de-plain-pied-lannion-22-lannion,382 000,Lannion 22300,121,540,7
Maison 145m² à lannion,https://www.etreproprio.com/immobilier-23727682-vente-maison-145m-a-lannion-lannion,325 500,Lannion 22300,145,684,5
Maison centre ville lannion (22),https://www.etreproprio.com/immobilier-23718067-vente-maison-centre-ville-lannion-22-lannion,219 500,Lannion 22300,99,249,4
Maison 76m² à lannion,https://www.etreproprio.com/immobilier-23714170-vente-maison-76m-a-lannion-lannion,195 000,Lannion 22300,76,312,4
Maison en pierre - centre de lannion,https://www.etreproprio.com/immobilier-23705173-vente-maison-en-pierre-centre-de-lannion-lannion,164 900,Lannion 22300,46,177,3
Lannion servel - maison 3 chambres - route des plages,https://www.etreproprio.com/immobilier-23683806-vente-lannion-servel-maison-3-chambres-route-des-plages-lannion,274 000,Lannion 22300,102,736,5
Maison 138m² à lannion,https://www.etreproprio.com/immobilier-23691291-vente-maison-138m-a-lannion-lannion,225 000,Lannion 22300,138,9 700,7
Loguivy-les-lannion : maison à rénover avec jardin,https://www.etreproprio.com/immobilier-22983257-vente-loguivy-les-lannion-maison-a-renover-avec-jardin-lannion,172 000,Lannion 22300,100,2 000,7
Maison 65m² à lannion,https://www.etreproprio.com/immobilier-23664725-vente-maison-65m-a-lannion-lannion,99 000,Lannion 22300,65,2 487,3
"Beg léguer  environnement littoral protégé, accès plage à pied",https://www.etreproprio.com/immobilier-23654422-vente-beg-leguer-environnement-littoral-protege-acces-plage-a-pied-lannion,426 400,Lannion 22300,102,978,6
Maison 114m² à lannion,https://www.etreproprio.com/immobilier-23636337-vente-maison-114m-a-lannion-lannion,298 920,Lannion 22300,114,459,5
Maison 388m² à lannion,https://www.etreproprio.com/immobilier-23639976-vente-maison-388m-a-lannion-lannion,1 155 000,Lannion 22300,388,1 068,10
Maison lannion 4 pièce(s) 110 m2,https://www.etreproprio.com/immobilier-23618888-vente-maison-lannion-4-pieces-110-m2-lannion,426 400,Lannion 22300,100,998,4
Maison lannion 6 pièce(s) 125 m2,https://www.etreproprio.com/immobilier-23618889-vente-maison-lannion-6-pieces-125-m2-lannion,372 750,Lannion 22300,125,733,6
Maison 122m² à lannion,https://www.etreproprio.com/immobilier-23602051-vente-maison-122m-a-lannion-lannion,191 370,Lannion 22300,122,551,5
"Maison lannion, 6 pièce(s) 160 m2",https://www.etreproprio.com/immobilier-20885060-vente-maison-lannion-6-pieces-160-m2-lannion,346 500,Lannion 22300,160,2 742,6
"Charme, calme et espace sur la côte de granit rose",https://www.etreproprio.com/immobilier-23588531-vente-charme-calme-et-espace-sur-la-cote-de-granit-rose-lannion,672 000,Lannion 22300,217,7 914,11
Maison familiale lumineuse en coeur de ville,https://www.etreproprio.com/immobilier-23576395-vente-maison-familiale-lumineuse-en-coeur-de-ville-lannion,364 140,Lannion 22300,132,490,7
"Maison 145 m2, 4 chambres, terrain de 1998m2",https://www.etreproprio.com/immobilier-23705826-vente-maison-145-m2-4-chambres-terrain-de-1998m2-lanrodec,290 640,Lanrodec 22170,145,1 998,6
"Lantic 3 km de binic, maison à vendre",https://www.etreproprio.com/immobilier-23889094-vente-lantic-3-km-de-binic-maison-a-vendre-lantic,202 800,Lantic 22410,102,1 180,5
A vendre : lantic belle contemporaine,https://www.etreproprio.com/immobilier-21788339-vente-a-vendre-lantic-belle-contemporaine-lantic,339 200,Lantic 22410,120,1 305,6
Maison 127m² à lantic,https://www.etreproprio.com/immobilier-22765057-vente-maison-127m-a-lantic-lantic,298 900,Lantic 22410,127,2 390,6
Exclusivité - 7/8 mn de la mer - maison neuve - re 2020 - plain-pied de 2025,https://www.etreproprio.com/immobilier-23748657-vente-exclusivite-78-mn-de-la-mer-maison-neuve-re-2020-plain-pied-de-2025-lantic,245 000,Lantic 22410,71,520,4
"Lantic, à 6 kms de binic,  chaumière à vendre",https://www.etreproprio.com/immobilier-22328366-vente-lantic-a-6-kms-de-binic-chaumiere-a-vendre-lantic,295 830,Lantic 22410,231,3 065,9
Maison 119m² à lantic,https://www.etreproprio.com/immobilier-23678774-vente-maison-119m-a-lantic-lantic,339 900,Lantic 22410,119,1 305,5
Maison en pierre du pays,https://www.etreproprio.com/immobilier-23656212-vente-maison-en-pierre-du-pays-lantic,251 000,Lantic 22410,,,4
Maison lantic,https://www.etreproprio.com/immobilier-22906092-vente-maison-lantic-lantic,299 500,Lantic 22410,127,2 390,6
Maison avec grande terrain proche de la mer,https://www.etreproprio.com/immobilier-22898700-vente-maison-avec-grande-terrain-proche-de-la-mer-lantic,305 000,Lantic 22410,117,2 390,6
"Lantic, à 5 minutes de binic, maison à vendre",https://www.etreproprio.com/immobilier-23626741-vente-lantic-a-5-minutes-de-binic-maison-a-vendre-lantic,299 280,Lantic 22410,116,2 390,5
"Chaumière 231 m² à lantic, proche bourg, 5 chambres, jardin de 3000 m²",https://www.etreproprio.com/immobilier-22138744-vente-chaumiere-231-m-a-lantic-proche-bourg-5-chambres-jardin-de-3000-m-lantic,296 400,Lantic 22410,231,3 065,10
"Lantic, maison à vendre avec carport et piscine",https://www.etreproprio.com/immobilier-23468011-vente-lantic-maison-a-vendre-avec-carport-et-piscine-lantic,301 600,Lantic 22410,110,880,5
Maison 231m² à lantic,https://www.etreproprio.com/immobilier-22949226-vente-maison-231m-a-lantic-lantic,296 400,Lantic 22410,231,3 065,9
Lantic quartier calme proche de binic-etables sur mer,https://www.etreproprio.com/immobilier-23397460-vente-lantic-quartier-calme-proche-de-binic-etables-sur-mer-lantic,241 000,Lantic 22410,115,,6
"Lantic, ensemble de deux maisons rénovées à vendre",https://www.etreproprio.com/immobilier-22338543-vente-lantic-ensemble-de-deux-maisons-renovees-a-vendre-lantic,548 000,Lantic 22410,161,2 271,8
Maison lantic,https://www.etreproprio.com/immobilier-23202876-vente-maison-lantic-lantic,305 000,Lantic 22410,97,880,5
"Lantic, à 6 kms de binic, jolie petite maison à vendre",https://www.etreproprio.com/immobilier-22123989-vente-lantic-a-6-kms-de-binic-jolie-petite-maison-a-vendre-lantic,144 900,Lantic 22410,42,173,2
Lantic   maison traditionnelle de 119 m2 sur un terrain de p,https://www.etreproprio.com/immobilier-22915329-vente-lantic-maison-traditionnelle-de-119-m2-sur-un-terrain-de-p-lantic,339 900,Lantic 22410,119,1 300,5
Maison 179m² à lantic,https://www.etreproprio.com/immobilier-22399823-vente-maison-179m-a-lantic-lantic,548 000,Lantic 22410,179,2 000,4
Maison  6 pièce(s) 117 m2 et 1 gite de 60 m²,https://www.etreproprio.com/immobilier-22231536-vente-maison-6-pieces-117-m2-et-1-gite-de-60-m-lantic,548 500,Lantic 22410,117,2 129,6
Maison lannion modernite et confort dpe c,https://www.etreproprio.com/immobilier-23572229-vente-maison-lannion-modernite-et-confort-dpe-c-lannion,289 000,Lannion 22300,90,700,4
Maison lannion 6 pièces 137 m2,https://www.etreproprio.com/immobilier-21842200-vente-maison-lannion-6-pieces-137-m2-lannion,199 120,Lannion 22300,137,610,6
Maison 157m² à lannion,https://www.etreproprio.com/immobilier-23304512-vente-maison-157m-a-lannion-lannion,375 000,Lannion 22300,157,4 289,7
"Vente maison de caractère en pierre 3 chambres, rive droite, lannion (22300)",https://www.etreproprio.com/immobilier-23546713-vente-vente-maison-de-caractere-en-pierre-3-chambres-rive-droite-lannion-22300-lannion,239 000,Lannion 22300,65,552,4
Maison 142m² à lannion,https://www.etreproprio.com/immobilier-22920385-vente-maison-142m-a-lannion-lannion,310 000,Lannion 22300,142,91,6
Maison 140m² à lannion,https://www.etreproprio.com/immobilier-22125359-vente-maison-140m-a-lannion-lannion,196 000,Lannion 22300,140,607,8
Maison d'architecte  de plain pied de 260 m2 en centre ville,https://www.etreproprio.com/immobilier-23518275-vente-maison-d-architecte-de-plain-pied-de-260-m2-en-centre-ville-lannion,699 990,Lannion 22300,260,4 200,8
"Belle maison a renover ! 4 chambres, quartier proche écoles",https://www.etreproprio.com/immobilier-21796164-vente-belle-maison-a-renover-4-chambres-quartier-proche-ecoles-lannion,198 500,Lannion 22300,137,607,7
Maison 256m² à lannion,https://www.etreproprio.com/immobilier-16524993-vente-maison-256m-a-lannion-lannion,388 000,Lannion 22300,256,1 258,10
Maison 177m² à lannion,https://www.etreproprio.com/immobilier-23497239-vente-maison-177m-a-lannion-lannion,546 000,Lannion 22300,177,2 414,5
"Lannion : maison de maître avec jardin, proximité centre ville",https://www.etreproprio.com/immobilier-23486393-vente-lannion-maison-de-maitre-avec-jardin-proximite-centre-ville-lannion,388 500,Lannion 22300,256,1 350,10
Maison 124m² à lannion,https://www.etreproprio.com/immobilier-22646976-vente-maison-124m-a-lannion-lannion,267 000,Lannion 22300,124,1 055,7
Lannion : maison 5 chambres avec jardin - quartier calme,https://www.etreproprio.com/immobilier-23453951-vente-lannion-maison-5-chambres-avec-jardin-quartier-calme-lannion,267 000,Lannion 22300,141,1 055,7
Maison 145m² à lannion,https://www.etreproprio.com/immobilier-23190934-vente-maison-145m-a-lannion-lannion,412 500,Lannion 22300,145,2 066,9
Maison 106m² à lannion,https://www.etreproprio.com/immobilier-23446837-vente-maison-106m-a-lannion-lannion,259 000,Lannion 22300,106,650,5
Maison 113m² à lannion,https://www.etreproprio.com/immobilier-23448119-vente-maison-113m-a-lannion-lannion,252 000,Lannion 22300,113,1 473,8
Maison 132m² à lannion,https://www.etreproprio.com/immobilier-23409136-vente-maison-132m-a-lannion-lannion,385 000,Lannion 22300,132,921,5
Maison 167m² à lannion,https://www.etreproprio.com/immobilier-23359936-vente-maison-167m-a-lannion-lannion,488 000,Lannion 22300,167,10 389,8
Maison lannion 5 pièce(s) 72.52 m2,https://www.etreproprio.com/immobilier-23357977-vente-maison-lannion-5-pieces-7252-m2-lannion,138 340,Lannion 22300,73,170,5
Maison 87m² à lannion,https://www.etreproprio.com/immobilier-23347824-vente-maison-87m-a-lannion-lannion,244 000,Lannion 22300,87,870,6
Propriete en pierres avec gite,https://www.etreproprio.com/immobilier-22198056-vente-propriete-en-pierres-avec-gite-lantic,549 900,Lantic 22410,117,2 129,6
Maison 150m² à lanvallay,https://www.etreproprio.com/immobilier-23883373-vente-maison-150m-a-lanvallay-lanvallay,166 900,Lanvallay 22100,150,594,6
Maison 146m² à lanvallay,https://www.etreproprio.com/immobilier-23882784-vente-maison-146m-a-lanvallay-lanvallay,406 153,Lanvallay 22100,146,2 255,5
Maison 22100,https://www.etreproprio.com/immobilier-23865862-vente-maison-22100-lanvallay,170 000,Lanvallay 22100,150,594,4
Maison de charme avec piscine à lanvallay,https://www.etreproprio.com/immobilier-22142124-vente-maison-de-charme-avec-piscine-a-lanvallay-lanvallay,650 000,Lanvallay 22100,246,2 605,7
Maison familiale  traditionnelle sur sous sol - 110 m2,https://www.etreproprio.com/immobilier-23814104-vente-maison-familiale-traditionnelle-sur-sous-sol-110-m2-lanvallay,332 000,Lanvallay 22100,110,4 367,6
Vente maison lanvallay(22100) 286 200ï¿œ,https://www.etreproprio.com/immobilier-23685367-vente-vente-maison-lanvallay22100-286-200i-oe-lanvallay,286 200,Lanvallay 22100,197,371,9
A vendre - soquet immobilier - maison - lanvallay,https://www.etreproprio.com/immobilier-23670883-vente-a-vendre-soquet-immobilier-maison-lanvallay-lanvallay,252 600,Lanvallay 22100,88,719,4
A vendre - soquet immobilier - maison rénovée 130 m2 centre bourg lanvallay,https://www.etreproprio.com/immobilier-23670861-vente-a-vendre-soquet-immobilier-maison-renovee-130-m2-centre-bourg-lanvallay-lanvallay,337 600,Lanvallay 22100,131,800,7
A vendre - maison - soquet immobilier - lanvallay,https://www.etreproprio.com/immobilier-23670845-vente-a-vendre-maison-soquet-immobilier-lanvallay-lanvallay,199 840,Lanvallay 22100,103,289,5
"À vendre chez christelle mesnage, proche de dinan, belle ma",https://www.etreproprio.com/immobilier-23663505-vente-a-vendre-chez-christelle-mesnage-proche-de-dinan-belle-ma-lanvallay,188 100,Lanvallay 22100,93,250,4
Maison a vendre - lanvallay (22100) - 4 pieces,https://www.etreproprio.com/immobilier-23589435-vente-maison-a-vendre-lanvallay-22100-4-pieces-lanvallay,244 770,Lanvallay 22100,121,199,4
Maison 22100,https://www.etreproprio.com/immobilier-22922202-vente-maison-22100-lanvallay,375 000,Lanvallay 22100,100,,4
Maison 296m² à lanvallay,https://www.etreproprio.com/immobilier-21582155-vente-maison-296m-a-lanvallay-lanvallay,436 800,Lanvallay 22100,296,1 482,12
À vendre – maison en pierre proche dinan - projet gite ou investissement locative,https://www.etreproprio.com/immobilier-22433784-vente-a-vendre-maison-en-pierre-proche-dinan-projet-gite-ou-investissement-locative-lanvallay,433 250,Lanvallay 22100,280,1 500,12
Maison 280m² à lanvallay,https://www.etreproprio.com/immobilier-23537331-vente-maison-280m-a-lanvallay-lanvallay,433 500,Lanvallay 22100,280,1 500,11
à vendre – propriété bretonne d’exception plein pied aux portes de dinan,https://www.etreproprio.com/immobilier-22077710-vente-a-vendre-propriete-bretonne-d-exception-plein-pied-aux-portes-de-dinan-lanvallay,433 250,Lanvallay 22100,280,1 500,12
à vendre – grande maison 12 pièces / 9 chambres – lanvallay (22) –,https://www.etreproprio.com/immobilier-22270641-vente-a-vendre-grande-maison-12-pieces-9-chambres-lanvallay-22-lanvallay,433 250,Lanvallay 22100,280,,12
Maison lanvallay 8 pièce(s) 283 m2,https://www.etreproprio.com/immobilier-23512314-vente-maison-lanvallay-8-pieces-283-m2-lanvallay,523 950,Lanvallay 22100,243,2 620,8
Maison contemporaine de 146 m2,https://www.etreproprio.com/immobilier-23475996-vente-maison-contemporaine-de-146-m2-lanvallay,411 840,Lanvallay 22100,146,2 255,6
Maison lanvallay environ 140 m2,https://www.etreproprio.com/immobilier-22534244-vente-maison-lanvallay-environ-140-m2-lanvallay,281 500,Lanvallay 22100,141,1 398,6
Maison 128m² à lannion,https://www.etreproprio.com/immobilier-22723017-vente-maison-128m-a-lannion-lannion,361 550,Lannion 22300,128,823,6
Maison lannion 4 pièce(s) 88 m2,https://www.etreproprio.com/immobilier-23208394-vente-maison-lannion-4-pieces-88-m2-lannion,179 990,Lannion 22300,88,384,4
"Lannion proche plages, propriété 6 pièces 121m² sur sous-sol",https://www.etreproprio.com/immobilier-22199051-vente-lannion-proche-plages-propriete-6-pieces-121m-sur-sous-sol-lannion,272 480,Lannion 22300,121,2 000,6
Maison 87m² à lannion,https://www.etreproprio.com/immobilier-23036914-vente-maison-87m-a-lannion-lannion,286 000,Lannion 22300,88,491,5
Villa - lannion,https://www.etreproprio.com/immobilier-23186952-vente-villa-lannion-lannion,548 000,Lannion 22300,170,2 414,6
Maison 121m² à lannion,https://www.etreproprio.com/immobilier-22232775-vente-maison-121m-a-lannion-lannion,270 000,Lannion 22300,121,2 000,7
Maison néo-bretonne de 150m2 - buhulien/lannion,https://www.etreproprio.com/immobilier-19904625-vente-maison-neo-bretonne-de-150m2-buhulienlannion-lannion,225 000,Lannion 22300,150,9 296,6
Maison 52m² à lannion,https://www.etreproprio.com/immobilier-22923802-vente-maison-52m-a-lannion-lannion,159 000,Lannion 22300,52,154,3
Maison 39m² à lannion,https://www.etreproprio.com/immobilier-22923804-vente-maison-39m-a-lannion-lannion,155 000,Lannion 22300,40,40,3
Maison 49m² à lannion,https://www.etreproprio.com/immobilier-22923801-vente-maison-49m-a-lannion-lannion,157 000,Lannion 22300,49,173,3
Maison lannion 8 pièce(s) 158m2,https://www.etreproprio.com/immobilier-23000464-vente-maison-lannion-8-pieces-158m2-lannion,399 000,Lannion 22300,158,1 121,8
"Lannion-servel : corps de ferme en pierres à rénover avec hangars, dépendances au grand calme",https://www.etreproprio.com/immobilier-23129084-vente-lannion-servel-corps-de-ferme-en-pierres-a-renover-avec-hangars-dependances-au-grand-calme-lannion,293 500,Lannion 22300,110,9 904,5
Maison 50m² à lannion,https://www.etreproprio.com/immobilier-23108883-vente-maison-50m-a-lannion-lannion,159 000,Lannion 22300,51,123,3
"Maison lumineuse au calme, proche lannion centre et mer",https://www.etreproprio.com/immobilier-22416618-vente-maison-lumineuse-au-calme-proche-lannion-centre-et-mer-lannion,214 500,Lannion 22300,92,700,4
Maison 96m² à lannion,https://www.etreproprio.com/immobilier-23064365-vente-maison-96m-a-lannion-lannion,299 000,Lannion 22300,96,553,6
Maison 275m² à lannion,https://www.etreproprio.com/immobilier-23056693-vente-maison-275m-a-lannion-lannion,380 000,Lannion 22300,275,1 344,9
Lannion-servel : propriété avec maison d'architecte dans un bel écrin de verdure au calme,https://www.etreproprio.com/immobilier-23004293-vente-lannion-servel-propriete-avec-maison-d-architecte-dans-un-bel-ecrin-de-verdure-au-calme-lannion,457 600,Lannion 22300,156,11 620,5
Lannion  - maison familiale avec jardin sur les hauteurs de lannion : entre confort et sérénité,https://www.etreproprio.com/immobilier-21140084-vente-lannion-maison-familiale-avec-jardin-sur-les-hauteurs-de-lannion-entre-confort-et-serenite-lannion,435 500,Lannion 22300,145,870,8
Maison 174m² à lannion,https://www.etreproprio.com/immobilier-22987038-vente-maison-174m-a-lannion-lannion,465 000,Lannion 22300,174,1 100,10
Maison éco-confort et raffinement : maison familiale avec piscine à lannion,https://www.etreproprio.com/immobilier-22973993-vente-maison-eco-confort-et-raffinement-maison-familiale-avec-piscine-a-lannion-lannion,497 900,Lannion 22300,170,2 700,8
Maison lanvellec 5 pièce(s) 138 m2,https://www.etreproprio.com/immobilier-18852479-vente-maison-lanvellec-5-pieces-138-m2-lanvellec,278 250,Lanvellec 22420,138,10 684,5
Maison 137m² à lanvellec,https://www.etreproprio.com/immobilier-23828619-vente-maison-137m-a-lanvellec-lanvellec,337 600,Lanvellec 22420,137,1 996,5
Lanvellec   héritage et modernité dans un jardin secret,https://www.etreproprio.com/immobilier-23776057-vente-lanvellec-heritage-et-modernite-dans-un-jardin-secret-lanvellec,524 000,Lanvellec 22420,190,8 850,6
Maison 110m² à lanvellec,https://www.etreproprio.com/immobilier-23766928-vente-maison-110m-a-lanvellec-lanvellec,298 920,Lanvellec 22420,110,950,5
Maison 96m² à lanvellec,https://www.etreproprio.com/immobilier-23635344-vente-maison-96m-a-lanvellec-lanvellec,169 990,Lanvellec 22420,96,1 675,4
"Maison lanvellec 4 pièce(s) 43,2 m2",https://www.etreproprio.com/immobilier-23329045-vente-maison-lanvellec-4-pieces-432-m2-lanvellec,74 500,Lanvellec 22420,44,712,4
Maison 85m² à lanvellec,https://www.etreproprio.com/immobilier-23253596-vente-maison-85m-a-lanvellec-lanvellec,189 000,Lanvellec 22420,85,10 868,4
Vente maison lanvallay(22100) 299 250ï¿œ,https://www.etreproprio.com/immobilier-23406165-vente-vente-maison-lanvallay22100-299-250i-oe-lanvallay,299 250,Lanvallay 22100,112,814,5
Maison 230m² à lanvallay,https://www.etreproprio.com/immobilier-23350536-vente-maison-230m-a-lanvallay-lanvallay,585 200,Lanvallay 22100,230,17 869,8
Maison 220m² à lanvallay,https://www.etreproprio.com/immobilier-22756798-vente-maison-220m-a-lanvallay-lanvallay,374 000,Lanvallay 22100,220,4 065,6
Maison d'environ 92m² - 22100 lanvallay,https://www.etreproprio.com/immobilier-22936847-vente-maison-d-environ-92m-22100-lanvallay-lanvallay,160 500,Lanvallay 22100,92,929,5
Propriété en pierres sur les bords de rance,https://www.etreproprio.com/immobilier-22739543-vente-propriete-en-pierres-sur-les-bords-de-rance-lanvallay,598 000,Lanvallay 22100,200,10 622,7
Aux portes de dinan-nouveaute rance immo,https://www.etreproprio.com/immobilier-21801769-vente-aux-portes-de-dinan-nouveaute-rance-immo-lanvallay,383 250,Lanvallay 22100,147,,7
Maison lanvallay 98m2,https://www.etreproprio.com/immobilier-22222010-vente-maison-lanvallay-98m2-lanvallay,225 750,Lanvallay 22100,98,615,6
Maison 126m² à lanvallay,https://www.etreproprio.com/immobilier-22771117-vente-maison-126m-a-lanvallay-lanvallay,330 750,Lanvallay 22100,126,1 902,7
"Maison sur sous-sol complet, 146 m2, 6 pièces, 4 chambres;",https://www.etreproprio.com/immobilier-21762065-vente-maison-sur-sous-sol-complet-146-m2-6-pieces-4-chambres-lanvallay,379 235,Lanvallay 22100,146,740,6
Maison 145m² à lanvallay,https://www.etreproprio.com/immobilier-22430810-vente-maison-145m-a-lanvallay-lanvallay,n.c.,Lanvallay 22100,145,1 230,5
Maison contemporaine de 136m2,https://www.etreproprio.com/immobilier-22670913-vente-maison-contemporaine-de-136m2-lanvallay,372 600,Lanvallay 22100,137,2 795,6
Exclusivite maison en pierres bourg lanvallay,https://www.etreproprio.com/immobilier-20532611-vente-exclusivite-maison-en-pierres-bourg-lanvallay-lanvallay,195 360,Lanvallay 22100,102,874,5
Maison 146m² à lanvallay,https://www.etreproprio.com/immobilier-22606254-vente-maison-146m-a-lanvallay-lanvallay,294 000,Lanvallay 22100,146,3 555,8
Maison en pierres lanvallay,https://www.etreproprio.com/immobilier-22229400-vente-maison-en-pierres-lanvallay-lanvallay,435 750,Lanvallay 22100,239,2 970,9
Maison 48m² à lanvallay,https://www.etreproprio.com/immobilier-21666713-vente-maison-48m-a-lanvallay-lanvallay,107 500,Lanvallay 22100,49,100,3
Ensemble maison et dépendance  sur terrain de 524 m²,https://www.etreproprio.com/immobilier-21501011-vente-ensemble-maison-et-dependance-sur-terrain-de-524-m-lanvallay,220 080,Lanvallay 22100,68,524,3
Maison lanvallay 5 pièce(s) 123 m2,https://www.etreproprio.com/immobilier-21231082-vente-maison-lanvallay-5-pieces-123-m2-lanvallay,294 000,Lanvallay 22100,123,856,5
Maison lanvollon - 196 m² - vie de plain pied - 5 chambres,https://www.etreproprio.com/immobilier-23881427-vente-maison-lanvollon-196-m-vie-de-plain-pied-5-chambres-lanvollon,299 000,Lanvollon 22290,196,780,6
Maison 225m² à lanvollon,https://www.etreproprio.com/immobilier-23670354-vente-maison-225m-a-lanvollon-lanvollon,493 000,Lanvollon 22290,225,1 345,10
Lanvollon maison en pierre renovee avec jardin  réf : 2025138,https://www.etreproprio.com/immobilier-23874371-vente-lanvollon-maison-en-pierre-renovee-avec-jardin-ref-2025138-lanvollon,492 912,Lanvollon 22290,225,1 345,11
"Maison de maître, 11 pièces, 225m2, lanvollon (22290)",https://www.etreproprio.com/immobilier-22623147-vente-maison-de-maitre-11-pieces-225m2-lanvollon-22290-lanvollon,494 400,Lanvollon 22290,225,1 345,11
Maison 70m² à lanvollon,https://www.etreproprio.com/immobilier-23550858-vente-maison-70m-a-lanvollon-lanvollon,143 000,Lanvollon 22290,70,,4
Maison 130m² à lanvollon,https://www.etreproprio.com/immobilier-22119028-vente-maison-130m-a-lanvollon-lanvollon,222 000,Lanvollon 22290,130,2 000,5
Maison 225m² à lanvollon,https://www.etreproprio.com/immobilier-22494064-vente-maison-225m-a-lanvollon-lanvollon,502 434,Lanvollon 22290,225,884,11
Maison 260m² à lanvollon,https://www.etreproprio.com/immobilier-23679209-vente-maison-260m-a-lanvollon-lanvollon,588 000,Lanvollon 22290,260,729,8
Maison 150m² à lanvollon,https://www.etreproprio.com/immobilier-23630944-vente-maison-150m-a-lanvollon-lanvollon,314 000,Lanvollon 22290,150,1 049,8
Maison 83m² à lanvollon,https://www.etreproprio.com/immobilier-23606009-vente-maison-83m-a-lanvollon-lanvollon,94 000,Lanvollon 22290,83,743,4
Maison 187m² à lanvollon,https://www.etreproprio.com/immobilier-23558732-vente-maison-187m-a-lanvollon-lanvollon,329 000,Lanvollon 22290,187,1 250,9
Maison 137m² à lanvollon,https://www.etreproprio.com/immobilier-23602727-vente-maison-137m-a-lanvollon-lanvollon,243 000,Lanvollon 22290,137,960,5
Veritable plain pieds a vendre lanvollon,https://www.etreproprio.com/immobilier-23593316-vente-veritable-plain-pieds-a-vendre-lanvollon-lanvollon,222 600,Lanvollon 22290,129,2 000,5
Maison familiale sans travaux  avec  son annexe,https://www.etreproprio.com/immobilier-23515972-vente-maison-familiale-sans-travaux-avec-son-annexe-lanvollon,367 500,Lanvollon 22290,191,429,7
Maison lanvollon 5 pièce(s) 126 m²,https://www.etreproprio.com/immobilier-23208402-vente-maison-lanvollon-5-pieces-126-m-lanvollon,184 990,Lanvollon 22290,126,1 569,5
Maison familiale avec grand terrain à lanvollon,https://www.etreproprio.com/immobilier-23485695-vente-maison-familiale-avec-grand-terrain-a-lanvollon-lanvollon,277 600,Lanvollon 22290,127,1 930,6
Maison lanvollon 6 pièce(s) 180 m2,https://www.etreproprio.com/immobilier-23469457-vente-maison-lanvollon-6-pieces-180-m2-lanvollon,681 200,Lanvollon 22290,180,11 445,6
Maison familiale sans travaux,https://www.etreproprio.com/immobilier-23414175-vente-maison-familiale-sans-travaux-lanvollon,294 000,Lanvollon 22290,99,1 500,5
Maison 190m² à lanvollon,https://www.etreproprio.com/immobilier-22765404-vente-maison-190m-a-lanvollon-lanvollon,449 000,Lanvollon 22290,190,3 575,7
Lanvollon - 160 m² - au calme - vie de plain pied - garages,https://www.etreproprio.com/immobilier-21555119-vente-lanvollon-160-m-au-calme-vie-de-plain-pied-garages-lanvollon,336 000,Lanvollon 22290,160,2 643,6
"Lumière, volumes et calme à quelques minutes du centre",https://www.etreproprio.com/immobilier-22425980-vente-lumiere-volumes-et-calme-a-quelques-minutes-du-centre-lannion,421 900,Lannion 22300,140,1 760,6
Maison 114m² à lannion,https://www.etreproprio.com/immobilier-22955894-vente-maison-114m-a-lannion-lannion,359 900,Lannion 22300,114,,5
Maison 41m² à lannion,https://www.etreproprio.com/immobilier-22633640-vente-maison-41m-a-lannion-lannion,139 000,Lannion 22300,41,193,3
Maison 125m² à lannion,https://www.etreproprio.com/immobilier-22912755-vente-maison-125m-a-lannion-lannion,182 000,Lannion 22300,125,125,5
Maison 140m² à lannion,https://www.etreproprio.com/immobilier-22098141-vente-maison-140m-a-lannion-lannion,425 000,Lannion 22300,140,1 762,5
Lannion : maison entièrement rénovée,https://www.etreproprio.com/immobilier-21615133-vente-lannion-maison-entierement-renovee-lannion,289 750,Lannion 22300,91,714,5
Maison lannion 3 pièce(s) 51 m2,https://www.etreproprio.com/immobilier-22872209-vente-maison-lannion-3-pieces-51-m2-lannion,159 990,Lannion 22300,51,123,3
Maison 128m² à lannion,https://www.etreproprio.com/immobilier-22757337-vente-maison-128m-a-lannion-lannion,480 000,Lannion 22300,128,,7
Demeure de caractère en campagne,https://www.etreproprio.com/immobilier-22760594-vente-demeure-de-caractere-en-campagne-lannion,399 900,Lannion 22300,233,24 900,9
Maison agréable à vivre à lannion,https://www.etreproprio.com/immobilier-22620164-vente-maison-agreable-a-vivre-a-lannion-lannion,298 156,Lannion 22300,120,1 200,7
Maison 101m² à lannion,https://www.etreproprio.com/immobilier-22435644-vente-maison-101m-a-lannion-lannion,338 000,Lannion 22300,101,562,5
Secrets de pierre en hypercentre : une demeure à réinventer au centre-ville de lannion,https://www.etreproprio.com/immobilier-22530200-vente-secrets-de-pierre-en-hypercentre-une-demeure-a-reinventer-au-centre-ville-de-lannion-lannion,327 050,Lannion 22300,200,600,9
Maison 117m² à lannion,https://www.etreproprio.com/immobilier-22189370-vente-maison-117m-a-lannion-lannion,193 000,Lannion 22300,117,550,7
Maison contemporaine lannion (22),https://www.etreproprio.com/immobilier-22465726-vente-maison-contemporaine-lannion-22-lannion,572 000,Lannion 22300,116,1 167,6
Maison 128m² à lannion,https://www.etreproprio.com/immobilier-22448105-vente-maison-128m-a-lannion-lannion,228 850,Lannion 22300,128,1 108,6
Maison 125m² à lannion,https://www.etreproprio.com/immobilier-22157807-vente-maison-125m-a-lannion-lannion,182 000,Lannion 22300,125,,7
À lannion - maison à fort potentiel,https://www.etreproprio.com/immobilier-22082448-vente-a-lannion-maison-a-fort-potentiel-lannion,214 839,Lannion 22300,90,700,5
Maison 44m² à lannion,https://www.etreproprio.com/immobilier-22333983-vente-maison-44m-a-lannion-lannion,146 000,Lannion 22300,44,7,3
"Lannion : maison lumineuse, jolies volumes avec vie de plain-pied, proche des commodités.",https://www.etreproprio.com/immobilier-22271379-vente-lannion-maison-lumineuse-jolies-volumes-avec-vie-de-plain-pied-proche-des-commodites-lannion,383 500,Lannion 22300,145,813,5
Maison 204m² à lannion,https://www.etreproprio.com/immobilier-22207148-vente-maison-204m-a-lannion-lannion,390 000,Lannion 22300,204,400,5
Maison 202m² à lanvollon,https://www.etreproprio.com/immobilier-22336548-vente-maison-202m-a-lanvollon-lanvollon,369 200,Lanvollon 22290,203,429,9
Rare sur le marché proprieté lanvollon  12 pièces + 1 gite t3,https://www.etreproprio.com/immobilier-20362345-vente-rare-sur-le-marche-propriete-lanvollon-12-pieces-1-gite-t3-lanvollon,503 040,Lanvollon 22290,341,1 060,12
Rare à la vente !! ensemble immobilier avec une maison familiale de caractère et un investissement locatif,https://www.etreproprio.com/immobilier-20328189-vente-rare-a-la-vente-ensemble-immobilier-avec-une-maison-familiale-de-caractere-et-un-investissement-locatif-lanvollon,504 000,Lanvollon 22290,340,1 060,14
Magnifique villa de 2020 avec piscine et spa,https://www.etreproprio.com/immobilier-22898788-vente-magnifique-villa-de-2020-avec-piscine-et-spa-lanvollon,393 800,Lanvollon 22290,135,715,5
Beau potentiel pour cette longère en pierre à rénover,https://www.etreproprio.com/immobilier-22721186-vente-beau-potentiel-pour-cette-longere-en-pierre-a-renover-lanvollon,149 000,Lanvollon 22290,77,272,3
Maison 182m² à lanvollon,https://www.etreproprio.com/immobilier-22717041-vente-maison-182m-a-lanvollon-lanvollon,299 000,Lanvollon 22290,182,779,6
Grande maison familiale de plus de 180 m2 au coeur de lanvollon,https://www.etreproprio.com/immobilier-21871795-vente-grande-maison-familiale-de-plus-de-180-m2-au-coeur-de-lanvollon-lanvollon,315 000,Lanvollon 22290,182,779,6
Maison lanvollon 128 m² - centre lanvollon - 4 chambres,https://www.etreproprio.com/immobilier-21462473-vente-maison-lanvollon-128-m-centre-lanvollon-4-chambres-lanvollon,215 000,Lanvollon 22290,128,231,5
"Maison, 6 pièces, lanvollon (22290)",https://www.etreproprio.com/immobilier-21413359-vente-maison-6-pieces-lanvollon-22290-lanvollon,212 790,Lanvollon 22290,129,231,6
"Côtes d'armor maison de campagne en pierre, 3 chambres avec terrasse, jardin, parking et bâtiment en pierre non attenant",https://www.etreproprio.com/immobilier-23244138-vente-cotes-d-armor-maison-de-campagne-en-pierre-3-chambres-avec-terrasse-jardin-parking-et-batiment-en-pierre-non-attenant-laurenan,99 750,Laurenan 22230,177,4 788,5
Maison 85m² à laurenan,https://www.etreproprio.com/immobilier-23267410-vente-maison-85m-a-laurenan-laurenan,107 000,Laurenan 22230,85,2 010,4
Maison 142m² à laurenan,https://www.etreproprio.com/immobilier-23088191-vente-maison-142m-a-laurenan-laurenan,154 425,Laurenan 22230,142,1 395,9
Maison 117m² à lannion,https://www.etreproprio.com/immobilier-21731247-vente-maison-117m-a-lannion-lannion,260 000,Lannion 22300,117,,7
Maison lannion 5 pièce(s) 155 m2,https://www.etreproprio.com/immobilier-21207539-vente-maison-lannion-5-pieces-155-m2-lannion,388 500,Lannion 22300,133,813,5
Maison 156 m² sur parc 11600 m²,https://www.etreproprio.com/immobilier-20549329-vente-maison-156-m-sur-parc-11600-m-lannion,545 900,Lannion 22300,156,11 620,6
Maison 145m² à lannion,https://www.etreproprio.com/immobilier-21203169-vente-maison-145m-a-lannion-lannion,384 000,Lannion 22300,145,813,5
Maison 62m² à lannion,https://www.etreproprio.com/immobilier-21709882-vente-maison-62m-a-lannion-lannion,119 000,Lannion 22300,62,,4
Maison 293m² à lannion,https://www.etreproprio.com/immobilier-21038653-vente-maison-293m-a-lannion-lannion,297 825,Lannion 22300,293,,1
Viager lannion,https://www.etreproprio.com/immobilier-20921204-vente-viager-lannion-lannion,97 500,Lannion 22300,78,370,3
Propriété d'exception unique sur lannion,https://www.etreproprio.com/immobilier-20710525-vente-propriete-d-exception-unique-sur-lannion-lannion,1 248 000,Lannion 22300,186,2 159,12
Maison rouge propose 3 appartements pour investisseur,https://www.etreproprio.com/immobilier-20550245-vente-maison-rouge-propose-3-appartements-pour-investisseur-lannion,241 040,Lannion 22300,101,432,6
Maison à vendre à lannion,https://www.etreproprio.com/immobilier-19820277-vente-maison-a-vendre-a-lannion-lannion,474 750,Lannion 22300,215,3 835,9
"Côtes d'armor, lannion, vente propriété de charme 427m²",https://www.etreproprio.com/immobilier-19145608-vente-cotes-d-armor-lannion-vente-propriete-de-charme-427m-lannion,735 000,Lannion 22300,428,3 790,19
Un chapitre de l'histoire de lannion à réinventer,https://www.etreproprio.com/immobilier-19079997-vente-un-chapitre-de-l-histoire-de-lannion-a-reinventer-lannion,1 257 600,Lannion 22300,220,2 150,12
Maison située en campagne,https://www.etreproprio.com/immobilier-21743656-vente-maison-situee-en-campagne-lescouet-gouarec,95 300,Lescouet-Gouarec 22570,61,4 835,4
Maison lescouet gouarec 35 m2,https://www.etreproprio.com/immobilier-23485090-vente-maison-lescouet-gouarec-35-m2-lescouet-gouarec,25 990,Lescouet-Gouarec 22570,35,,2
Charmante maison en pierre à la campagne,https://www.etreproprio.com/immobilier-21923440-vente-charmante-maison-en-pierre-a-la-campagne-lescouet-gouarec,79 300,Lescouet-Gouarec 22570,53,783,3
"Charmante maison bretonne avec grand jardin, proche quintin",https://www.etreproprio.com/immobilier-23052449-vente-charmante-maison-bretonne-avec-grand-jardin-proche-quintin-le-leslay,203 200,Le Leslay 22800,111,1 710,5
"Lezardrieux, a vendre maison en pierre avec jardinet. investissement locatif idéal.",https://www.etreproprio.com/immobilier-23856387-vente-lezardrieux-a-vendre-maison-en-pierre-avec-jardinet-investissement-locatif-ideal-lezardrieux,159 500,Lezardrieux 22740,70,58,3
"Lezardrieux, vue imprenable sur le trieux, maison 150m2, 5 chambres,  terrain 2930m2",https://www.etreproprio.com/immobilier-23833370-vente-lezardrieux-vue-imprenable-sur-le-trieux-maison-150m2-5-chambres-terrain-2930m2-lezardrieux,364 000,Lezardrieux 22740,150,2 956,6
Maison 161m² à lezardrieux,https://www.etreproprio.com/immobilier-23820920-vente-maison-161m-a-lezardrieux-lezardrieux,572 000,Lezardrieux 22740,161,1 576,6
Maison 138m² à lezardrieux,https://www.etreproprio.com/immobilier-22971763-vente-maison-138m-a-lezardrieux-lezardrieux,259 500,Lezardrieux 22740,138,647,7
Maison lezardrieux 7 pièce(s) 220 m2,https://www.etreproprio.com/immobilier-23598304-vente-maison-lezardrieux-7-pieces-220-m2-lezardrieux,388 500,Lezardrieux 22740,220,2 300,7
"Lezardrieux, maison en pierres à rénover",https://www.etreproprio.com/immobilier-22049036-vente-lezardrieux-maison-en-pierres-a-renover-lezardrieux,106 000,Lezardrieux 22740,70,,3
Maison du début du siècle offrant authenticité et histoire !,https://www.etreproprio.com/immobilier-23451972-vente-maison-du-debut-du-siecle-offrant-authenticite-et-histoire-lezardrieux,286 500,Lezardrieux 22740,100,,6
"Lezardrieux, à vendre belle propriété avec vue sur le trieux",https://www.etreproprio.com/immobilier-23393949-vente-lezardrieux-a-vendre-belle-propriete-avec-vue-sur-le-trieux-lezardrieux,572 000,Lezardrieux 22740,131,1 576,6
Maison à lézardrieux (22740),https://www.etreproprio.com/immobilier-23119020-vente-maison-a-lezardrieux-22740-lezardrieux,280 000,Lezardrieux 22740,105,531,5
Maison 211m² à lezardrieux,https://www.etreproprio.com/immobilier-23292445-vente-maison-211m-a-lezardrieux-lezardrieux,349 000,Lezardrieux 22740,211,2 055,8
Maison 138m² à lezardrieux,https://www.etreproprio.com/immobilier-22148627-vente-maison-138m-a-lezardrieux-lezardrieux,275 600,Lezardrieux 22740,138,647,7
Maison lezardrieux 6 pièce(s) 182 m2,https://www.etreproprio.com/immobilier-23164729-vente-maison-lezardrieux-6-pieces-182-m2-lezardrieux,283 500,Lezardrieux 22740,182,750,7
A vendre maison en pierres  proche de la mer,https://www.etreproprio.com/immobilier-21875383-vente-a-vendre-maison-en-pierres-proche-de-la-mer-lezardrieux,162 750,Lezardrieux 22740,60,123,3
Maison 200m² à lezardrieux,https://www.etreproprio.com/immobilier-23043706-vente-maison-200m-a-lezardrieux-lezardrieux,774 500,Lezardrieux 22740,200,2 475,7
Maison 225m² à lezardrieux,https://www.etreproprio.com/immobilier-22993034-vente-maison-225m-a-lezardrieux-lezardrieux,325 000,Lezardrieux 22740,225,3 221,12
Maison 204m² à lezardrieux,https://www.etreproprio.com/immobilier-22475354-vente-maison-204m-a-lezardrieux-lezardrieux,776 500,Lezardrieux 22740,204,6 664,7
Maison d’architecte - vue mer - piscine,https://www.etreproprio.com/immobilier-21394932-vente-maison-d-architecte-vue-mer-piscine-lezardrieux,787 500,Lezardrieux 22740,262,6 664,7
Maison de ville en pierres à lézardrieux,https://www.etreproprio.com/immobilier-22230995-vente-maison-de-ville-en-pierres-a-lezardrieux-lezardrieux,288 200,Lezardrieux 22740,100,309,6
Maison 101m² à lezardrieux,https://www.etreproprio.com/immobilier-22242218-vente-maison-101m-a-lezardrieux-lezardrieux,287 000,Lezardrieux 22740,101,309,5
Maison 170m² à lezardrieux,https://www.etreproprio.com/immobilier-21364483-vente-maison-170m-a-lezardrieux-lezardrieux,538 200,Lezardrieux 22740,170,1 862,8
Propriete à vendre 4 pièces locarn (22),https://www.etreproprio.com/immobilier-23552219-vente-propriete-a-vendre-4-pieces-locarn-22-locarn,247 500,Locarn 22340,70,18 867,4
Maison 134m² à locarn,https://www.etreproprio.com/immobilier-23349705-vente-maison-134m-a-locarn-locarn,250 000,Locarn 22340,134,2 949,4
"Maison 2 chambres au calme à locarn(22) avec garage, grand jardin et dépendances dont un gîte rénové pour revenus supplémentaire",https://www.etreproprio.com/immobilier-23066460-vente-maison-2-chambres-au-calme-a-locarn22-avec-garage-grand-jardin-et-dependances-dont-un-gite-renove-pour-revenus-supplementaire-locarn,254 178,Locarn 22340,134,2 949,5
Vie de plain-pied avec gîtes et piscine chauffée,https://www.etreproprio.com/immobilier-23073129-vente-vie-de-plain-pied-avec-gites-et-piscine-chauffee-locarn,245 000,Locarn 22340,208,3 313,9
Ensemble immobilier à fort potentiel au cœur de locarn,https://www.etreproprio.com/immobilier-22089681-vente-ensemble-immobilier-a-fort-potentiel-au-coeur-de-locarn-locarn,123 000,Locarn 22340,146,1 206,7
Maison 70m² à loguivy-plougras,https://www.etreproprio.com/immobilier-23905094-vente-maison-70m-a-loguivy-plougras-loguivy-plougras,129 900,Loguivy-Plougras 22780,70,,3
Maison 76m² à loguivy-plougras,https://www.etreproprio.com/immobilier-23660915-vente-maison-76m-a-loguivy-plougras-loguivy-plougras,149 900,Loguivy-Plougras 22780,76,,3
Maison de 88 m²,https://www.etreproprio.com/immobilier-23380727-vente-maison-de-88-m-loguivy-plougras,49 000,Loguivy-Plougras 22780,88,229,3
Jolie maison en pierre à rénover,https://www.etreproprio.com/immobilier-22269476-vente-jolie-maison-en-pierre-a-renover-loguivy-plougras,88 000,Loguivy-Plougras 22780,85,939,4
Maison loguivy plougras 4 pièce(s) 75 m2,https://www.etreproprio.com/immobilier-23219345-vente-maison-loguivy-plougras-4-pieces-75-m2-loguivy-plougras,99 500,Loguivy-Plougras 22780,75,,4
Maison 628m² à loguivy-plougras,https://www.etreproprio.com/immobilier-22378610-vente-maison-628m-a-loguivy-plougras-loguivy-plougras,599 000,Loguivy-Plougras 22780,628,2 587,18
Maison 30m² à loguivy-plougras,https://www.etreproprio.com/immobilier-22201843-vente-maison-30m-a-loguivy-plougras-loguivy-plougras,31 000,Loguivy-Plougras 22780,30,422,1
Maison 70m² à loguivy-plougras,https://www.etreproprio.com/immobilier-22975762-vente-maison-70m-a-loguivy-plougras-loguivy-plougras,66 000,Loguivy-Plougras 22780,70,,4
Maison 137m² à loguivy-plougras,https://www.etreproprio.com/immobilier-22148990-vente-maison-137m-a-loguivy-plougras-loguivy-plougras,158 000,Loguivy-Plougras 22780,137,2 441,6
"Jolie bergerie en pierre à rénover, sur terrain clos et plat....",https://www.etreproprio.com/immobilier-22734327-vente-jolie-bergerie-en-pierre-a-renover-sur-terrain-clos-et-plat-loguivy-plougras,39 000,Loguivy-Plougras 22780,39,422,1
Maison 116m² à loguivy-plougras,https://www.etreproprio.com/immobilier-22144882-vente-maison-116m-a-loguivy-plougras-loguivy-plougras,100 000,Loguivy-Plougras 22780,117,1 479,6
Lezardrieux - a deux pas du port!                  maison   7 pièces   138m²,https://www.etreproprio.com/immobilier-22263476-vente-lezardrieux-a-deux-pas-du-port-maison-7-pieces-138m-lezardrieux,303 920,Lezardrieux 22740,138,647,7
Maison 180m² à lezardrieux,https://www.etreproprio.com/immobilier-21903482-vente-maison-180m-a-lezardrieux-lezardrieux,567 000,Lezardrieux 22740,180,67 699,7
Maison 210m² à lezardrieux,https://www.etreproprio.com/immobilier-21612196-vente-maison-210m-a-lezardrieux-lezardrieux,270 000,Lezardrieux 22740,210,1 815,8
Maison de maître,https://www.etreproprio.com/immobilier-20635238-vente-maison-de-maitre-lezardrieux,280 000,Lezardrieux 22740,125,2 200,4
Charmante maison en pierres à lohuec,https://www.etreproprio.com/immobilier-23552452-vente-charmante-maison-en-pierres-a-lohuec-lohuec,95 500,Lohuec 22160,75,762,4
Maison 78m² à lohuec,https://www.etreproprio.com/immobilier-23221575-vente-maison-78m-a-lohuec-lohuec,95 500,Lohuec 22160,78,762,3
Chamante propriété bretonne,https://www.etreproprio.com/immobilier-23148276-vente-chamante-propriete-bretonne-lohuec,139 000,Lohuec 22160,157,2 452,5
"Charmante longère rénovée à la campagne, vie de plain pied, près de 1 hectare de terrain",https://www.etreproprio.com/immobilier-22043586-vente-charmante-longere-renovee-a-la-campagne-vie-de-plain-pied-pres-de-1-hectare-de-terrain-lohuec,196 000,Lohuec 22160,108,9 260,5
Maison  4 pièce(s) 100 m2,https://www.etreproprio.com/immobilier-21287064-vente-maison-4-pieces-100-m2-loscouet-sur-meu,66 127,Loscouet-Sur-Meu 22230,100,2 800,4
Maison loscouet sur meu 7 pièce(s) 190 m2,https://www.etreproprio.com/immobilier-23252748-vente-maison-loscouet-sur-meu-7-pieces-190-m2-loscouet-sur-meu,325 500,Loscouet-Sur-Meu 22230,190,5 044,7
Maison  2 pièce(s) 47 m2,https://www.etreproprio.com/immobilier-23252606-vente-maison-2-pieces-47-m2-loscouet-sur-meu,59 990,Loscouet-Sur-Meu 22230,47,5 502,2
Maison 80m² à loscouet-sur-meu,https://www.etreproprio.com/immobilier-22709283-vente-maison-80m-a-loscouet-sur-meu-loscouet-sur-meu,95 000,Loscouet-Sur-Meu 22230,80,700,4
Maison loscouet sur meu a rénover,https://www.etreproprio.com/immobilier-22081842-vente-maison-loscouet-sur-meu-a-renover-loscouet-sur-meu,74 800,Loscouet-Sur-Meu 22230,135,3 000,4
Maison 345m² à louannec,https://www.etreproprio.com/immobilier-23898652-vente-maison-345m-a-louannec-louannec,1 342 900,Louannec 22700,345,1 858,12
Maison 209m² à louannec,https://www.etreproprio.com/immobilier-23828618-vente-maison-209m-a-louannec-louannec,1 196 000,Louannec 22700,210,212,8
"Maison de plain pieds de 90 m2, 3 chambres",https://www.etreproprio.com/immobilier-23794790-vente-maison-de-plain-pieds-de-90-m2-3-chambres-louannec,247 000,Louannec 22700,90,552,4
Bourg de louannec,https://www.etreproprio.com/immobilier-23734605-vente-bourg-de-louannec-louannec,235 000,Louannec 22700,85,539,4
Maison 132m² à louannec,https://www.etreproprio.com/immobilier-23690952-vente-maison-132m-a-louannec-louannec,229 900,Louannec 22700,132,940,9
"Proche du port, au calme et fonctionnelle !",https://www.etreproprio.com/immobilier-23668018-vente-proche-du-port-au-calme-et-fonctionnelle-louannec,380 000,Louannec 22700,124,423,6
Maison de plain-pied à rénover de 75m2 - louannec,https://www.etreproprio.com/immobilier-23645026-vente-maison-de-plain-pied-a-renover-de-75m2-louannec-louannec,189 000,Louannec 22700,75,1 095,4
Maison 156m² à louannec,https://www.etreproprio.com/immobilier-23649350-vente-maison-156m-a-louannec-louannec,549 000,Louannec 22700,156,1 126,6
Bourg de louannec,https://www.etreproprio.com/immobilier-23491560-vente-bourg-de-louannec-louannec,405 000,Louannec 22700,140,700,6
Plain pied,https://www.etreproprio.com/immobilier-23641704-vente-plain-pied-louannec,189 000,Louannec 22700,75,1 095,4
Maison 104m² à louannec,https://www.etreproprio.com/immobilier-23616866-vente-maison-104m-a-louannec-louannec,291 500,Louannec 22700,105,,5
Plain pied 3 chambres louannec,https://www.etreproprio.com/immobilier-23145607-vente-plain-pied-3-chambres-louannec-louannec,329 175,Louannec 22700,85,784,4
"Maison familiale entre plages et campagne, à deux pas des  commerces",https://www.etreproprio.com/immobilier-23534009-vente-maison-familiale-entre-plages-et-campagne-a-deux-pas-des-commerces-louannec,509 000,Louannec 22700,160,1 690,8
Maison 89m² à louannec,https://www.etreproprio.com/immobilier-23390470-vente-maison-89m-a-louannec-louannec,235 000,Louannec 22700,89,529,5
Maison 111m² à louannec,https://www.etreproprio.com/immobilier-23318693-vente-maison-111m-a-louannec-louannec,399 000,Louannec 22700,111,1 213,5
Maison 90m² à louannec,https://www.etreproprio.com/immobilier-23244737-vente-maison-90m-a-louannec-louannec,245 000,Louannec 22700,90,,4
Maison 95m² à louannec,https://www.etreproprio.com/immobilier-23078525-vente-maison-95m-a-louannec-louannec,295 000,Louannec 22700,95,616,4
Maison contemporaine avec vue mer dominante,https://www.etreproprio.com/immobilier-23024321-vente-maison-contemporaine-avec-vue-mer-dominante-louannec,1 196 000,Louannec 22700,212,3 876,8
Maison 131m² à louannec,https://www.etreproprio.com/immobilier-22904770-vente-maison-131m-a-louannec-louannec,598 500,Louannec 22700,131,2 197,5
Propriété au bourg de louannec,https://www.etreproprio.com/immobilier-21386851-vente-propriete-au-bourg-de-louannec-louannec,509 600,Louannec 22700,160,,7
Spécial investisseurs - 2 logements,https://www.etreproprio.com/immobilier-23896530-vente-special-investisseurs-2-logements-louargat,128 000,Louargat 22540,113,106,5
"Belle propriété contemporaine de 2016, construction et matériaux de qualité",https://www.etreproprio.com/immobilier-22600083-vente-belle-propriete-contemporaine-de-2016-construction-et-materiaux-de-qualite-louargat,340 223,Louargat 22540,139,2 593,6
"Louargat, proche bégard et rn12, maison en pierres",https://www.etreproprio.com/immobilier-23746350-vente-louargat-proche-begard-et-rn12-maison-en-pierres-louargat,134 200,Louargat 22540,125,518,4
Propriété de 4 hectares  - 190m² habitables -,https://www.etreproprio.com/immobilier-23748550-vente-propriete-de-4-hectares-190m-habitables-louargat,389 000,Louargat 22540,190,39 020,6
Maison de 180m² - 4 chambres,https://www.etreproprio.com/immobilier-23717044-vente-maison-de-180m-4-chambres-louargat,233 500,Louargat 22540,180,1 992,7
Maison 125m² à louargat,https://www.etreproprio.com/immobilier-23558697-vente-maison-125m-a-louargat-louargat,222 000,Louargat 22540,125,3 140,6
Longère à rénover - au calme,https://www.etreproprio.com/immobilier-23252034-vente-longere-a-renover-au-calme-louargat,89 500,Louargat 22540,100,1 850,3
Maison de charme à la campagne - plus de 15000m² de terrain,https://www.etreproprio.com/immobilier-23138486-vente-maison-de-charme-a-la-campagne-plus-de-15000m-de-terrain-louargat,148 000,Louargat 22540,130,16 420,5
Belle néo-bretonne avec gd hangar sur 4000 m2 de terrain,https://www.etreproprio.com/immobilier-22621037-vente-belle-neo-bretonne-avec-gd-hangar-sur-4000-m2-de-terrain-louargat,272 000,Louargat 22540,150,4 000,7
Maison de charme à louannec,https://www.etreproprio.com/immobilier-22713455-vente-maison-de-charme-a-louannec-louannec,598 500,Louannec 22700,131,2 197,5
"Du caractère, proche de la mer !",https://www.etreproprio.com/immobilier-22703237-vente-du-caractere-proche-de-la-mer-louannec,592 000,Louannec 22700,131,2 197,5
Maison 140m² à louannec,https://www.etreproprio.com/immobilier-21681568-vente-maison-140m-a-louannec-louannec,285 000,Louannec 22700,140,802,6
Maison 140m² à louannec,https://www.etreproprio.com/immobilier-22630771-vente-maison-140m-a-louannec-louannec,285 000,Louannec 22700,140,802,6
"Louannec : maison avec jardin, quartier calme",https://www.etreproprio.com/immobilier-22384434-vente-louannec-maison-avec-jardin-quartier-calme-louannec,395 000,Louannec 22700,133,621,6
Propriété de caractère sur la côte de granit rose,https://www.etreproprio.com/immobilier-21657922-vente-propriete-de-caractere-sur-la-cote-de-granit-rose-louannec,889 900,Louannec 22700,300,11 160,12
Maison familiale 164m²  à louannec (22700),https://www.etreproprio.com/immobilier-20999946-vente-maison-familiale-164m-a-louannec-22700-louannec,549 675,Louannec 22700,164,920,6
Maison 197m² à loudeac,https://www.etreproprio.com/immobilier-22483397-vente-maison-197m-a-loudeac-loudeac,295 000,Loudeac 22600,197,910,9
Maison 180m² à loudeac,https://www.etreproprio.com/immobilier-23741535-vente-maison-180m-a-loudeac-loudeac,358 000,Loudeac 22600,180,811,6
Maison bretonne à fort potentiel locatif,https://www.etreproprio.com/immobilier-23202856-vente-maison-bretonne-a-fort-potentiel-locatif-loudeac,244 500,Loudeac 22600,235,840,8
Maison 114m² à loudeac,https://www.etreproprio.com/immobilier-23306208-vente-maison-114m-a-loudeac-loudeac,170 000,Loudeac 22600,114,700,5
Maison 95m² à loudeac,https://www.etreproprio.com/immobilier-23730662-vente-maison-95m-a-loudeac-loudeac,199 700,Loudeac 22600,95,452,4
Maison 92m² à loudeac,https://www.etreproprio.com/immobilier-23525935-vente-maison-92m-a-loudeac-loudeac,194 700,Loudeac 22600,92,463,6
Maison 197m² à loudeac,https://www.etreproprio.com/immobilier-20288020-vente-maison-197m-a-loudeac-loudeac,295 000,Loudeac 22600,197,910,9
Maison 8 pièces 217m2,https://www.etreproprio.com/immobilier-23287433-vente-maison-8-pieces-217m2-loudeac,244 300,Loudeac 22600,217,840,8
Maison familiale de 4 chambres,https://www.etreproprio.com/immobilier-23552403-vente-maison-familiale-de-4-chambres-loudeac,152 500,Loudeac 22600,85,684,6
Maison 142m² à loudeac,https://www.etreproprio.com/immobilier-22765326-vente-maison-142m-a-loudeac-loudeac,214 300,Loudeac 22600,142,507,5
Maison secteur cadelac avec terrain constructible,https://www.etreproprio.com/immobilier-22077843-vente-maison-secteur-cadelac-avec-terrain-constructible-loudeac,174 500,Loudeac 22600,90,,5
A vendre elegante demeure familiale avec appartement indepen,https://www.etreproprio.com/immobilier-23516956-vente-a-vendre-elegante-demeure-familiale-avec-appartement-indepen-loudeac,416 000,Loudeac 22600,245,1 193,8
Maison 107m² à loudeac,https://www.etreproprio.com/immobilier-23514466-vente-maison-107m-a-loudeac-loudeac,120 000,Loudeac 22600,107,,5
Maison 163m² à loudeac,https://www.etreproprio.com/immobilier-23503200-vente-maison-163m-a-loudeac-loudeac,358 000,Loudeac 22600,163,1 300,6
Maison 127m² à loudeac,https://www.etreproprio.com/immobilier-23446456-vente-maison-127m-a-loudeac-loudeac,224 250,Loudeac 22600,127,16 232,6
Maison loudeac 5 pièce(s) 116 m2,https://www.etreproprio.com/immobilier-23405133-vente-maison-loudeac-5-pieces-116-m2-loudeac,185 000,Loudeac 22600,116,645,5
Maison 171m² à loudeac,https://www.etreproprio.com/immobilier-23064402-vente-maison-171m-a-loudeac-loudeac,189 900,Loudeac 22600,171,506,6
"Maison à vendre de 165 m², 4 grandes chambres en ville loudeac(22)",https://www.etreproprio.com/immobilier-21806713-vente-maison-a-vendre-de-165-m-4-grandes-chambres-en-ville-loudeac22-loudeac,197 400,Loudeac 22600,165,431,7
Maison 145m² à loudeac,https://www.etreproprio.com/immobilier-23388755-vente-maison-145m-a-loudeac-loudeac,160 900,Loudeac 22600,145,1 420,7
Maison 145m² à loudeac,https://www.etreproprio.com/immobilier-22630634-vente-maison-145m-a-loudeac-loudeac,177 250,Loudeac 22600,145,2 980,7
Maison 85m² à mael-carhaix,https://www.etreproprio.com/immobilier-23831710-vente-maison-85m-a-mael-carhaix-mael-carhaix,111 000,Mael-Carhaix 22340,85,700,4
Maison 75m² à mael-carhaix,https://www.etreproprio.com/immobilier-23832224-vente-maison-75m-a-mael-carhaix-mael-carhaix,100 000,Mael-Carhaix 22340,75,700,3
Maison 104m² à mael-carhaix,https://www.etreproprio.com/immobilier-23814955-vente-maison-104m-a-mael-carhaix-mael-carhaix,125 000,Mael-Carhaix 22340,104,4 230,5
Exclusivité - maison à vendre 5 pièces mael carhaix (22),https://www.etreproprio.com/immobilier-23214485-vente-exclusivite-maison-a-vendre-5-pieces-mael-carhaix-22-mael-carhaix,96 900,Mael-Carhaix 22340,80,270,5
Maison 72m² à mael-carhaix,https://www.etreproprio.com/immobilier-23667355-vente-maison-72m-a-mael-carhaix-mael-carhaix,111 000,Mael-Carhaix 22340,72,700,3
Maison 83m² à mael-carhaix,https://www.etreproprio.com/immobilier-23409446-vente-maison-83m-a-mael-carhaix-mael-carhaix,161 000,Mael-Carhaix 22340,83,2 000,4
Maison 88m² à mael-carhaix,https://www.etreproprio.com/immobilier-22896060-vente-maison-88m-a-mael-carhaix-mael-carhaix,166 000,Mael-Carhaix 22340,88,2 200,4
Maison à vendre,https://www.etreproprio.com/immobilier-23516772-vente-maison-a-vendre-mael-carhaix,81 250,Mael-Carhaix 22340,65,1 050,3
Maison 75m² à mael-carhaix,https://www.etreproprio.com/immobilier-23478767-vente-maison-75m-a-mael-carhaix-mael-carhaix,85 000,Mael-Carhaix 22340,75,1 390,4
Maison de maître mael carhaix 15 pièce(s) 416 m2,https://www.etreproprio.com/immobilier-23438671-vente-maison-de-maitre-mael-carhaix-15-pieces-416-m2-mael-carhaix,467 955,Mael-Carhaix 22340,416,1 790,15
Maison 117m² à mael-carhaix,https://www.etreproprio.com/immobilier-23409400-vente-maison-117m-a-mael-carhaix-mael-carhaix,153 000,Mael-Carhaix 22340,117,758,5
"Mael-carhaix, centre bourg",https://www.etreproprio.com/immobilier-23386031-vente-mael-carhaix-centre-bourg-mael-carhaix,195 000,Mael-Carhaix 22340,198,513,6
"Cotes d'armor près de locarn, une maison en pierre de 2 chambres, un gîte de 1 chambre avec un garage",https://www.etreproprio.com/immobilier-22977771-vente-cotes-d-armor-pres-de-locarn-une-maison-en-pierre-de-2-chambres-un-gite-de-1-chambre-avec-un-garage-mael-carhaix,252 000,Mael-Carhaix 22340,136,2 949,6
Exclusivité - maison à vendre 5 pièces mael-carhaix (22),https://www.etreproprio.com/immobilier-23252419-vente-exclusivite-maison-a-vendre-5-pieces-mael-carhaix-22-mael-carhaix,68 900,Mael-Carhaix 22340,90,128,5
Maison 89m² à mael-carhaix,https://www.etreproprio.com/immobilier-23245057-vente-maison-89m-a-mael-carhaix-mael-carhaix,126 000,Mael-Carhaix 22340,89,980,4
Cotes d'armor près de locarn : une maison individuelle de deux chambres avec une vue imprenable !,https://www.etreproprio.com/immobilier-22651178-vente-cotes-d-armor-pres-de-locarn-une-maison-individuelle-de-deux-chambres-avec-une-vue-imprenable-mael-carhaix,121 000,Mael-Carhaix 22340,89,259,4
Bourg de mael-carhaix,https://www.etreproprio.com/immobilier-21820237-vente-bourg-de-mael-carhaix-mael-carhaix,128 000,Mael-Carhaix 22340,112,3 729,7
Cotes d'armor près de locarn : une maison principale du xvii^e siècle avec un cottage supplémentaire de deux chambres.,https://www.etreproprio.com/immobilier-22521218-vente-cotes-d-armor-pres-de-locarn-une-maison-principale-du-xviie-siecle-avec-un-cottage-supplementaire-de-deux-chambres-mael-carhaix,250 000,Mael-Carhaix 22340,139,3 508,8
"Mael-carhaix, maison à vendre",https://www.etreproprio.com/immobilier-21160356-vente-mael-carhaix-maison-a-vendre-mael-carhaix,137 500,Mael-Carhaix 22340,64,17 436,4
Maison 130m² à mael-carhaix,https://www.etreproprio.com/immobilier-21743721-vente-maison-130m-a-mael-carhaix-mael-carhaix,145 470,Mael-Carhaix 22340,130,5 751,5
Maison en pierres,https://www.etreproprio.com/immobilier-23851321-vente-maison-en-pierres-mael-pestivien,242 650,Mael-Pestivien 22160,144,18 760,7
Maison 100m² à mael-pestivien,https://www.etreproprio.com/immobilier-22533570-vente-maison-100m-a-mael-pestivien-mael-pestivien,139 900,Mael-Pestivien 22160,100,14 237,4
Propriété 6 pièces 118 m2,https://www.etreproprio.com/immobilier-23364416-vente-propriete-6-pieces-118-m2-magoar,275 000,Magoar 22480,118,2 975,6
Maison 66m² à magoar,https://www.etreproprio.com/immobilier-22420826-vente-maison-66m-a-magoar-magoar,129 000,Magoar 22480,66,,3
Exclusivité - ensemble de 3 logements,https://www.etreproprio.com/immobilier-23037440-vente-exclusivite-ensemble-de-3-logements-loudeac,173 000,Loudeac 22600,215,,12
Maison 104m² à loudeac,https://www.etreproprio.com/immobilier-23362484-vente-maison-104m-a-loudeac-loudeac,264 000,Loudeac 22600,104,670,6
Maison centre loudéac – idéal 1er achat ou investissement,https://www.etreproprio.com/immobilier-23369048-vente-maison-centre-loudeac-ideal-1er-achat-ou-investissement-loudeac,97 000,Loudeac 22600,75,121,4
Maison 145m² à loudeac,https://www.etreproprio.com/immobilier-23293057-vente-maison-145m-a-loudeac-loudeac,172 250,Loudeac 22600,145,816,7
Maison 144m² à loudeac,https://www.etreproprio.com/immobilier-23278564-vente-maison-144m-a-loudeac-loudeac,172 000,Loudeac 22600,144,,7
Maison 107m² à loudeac,https://www.etreproprio.com/immobilier-21813425-vente-maison-107m-a-loudeac-loudeac,157 500,Loudeac 22600,107,483,6
Maison 97m² à loudeac,https://www.etreproprio.com/immobilier-22094554-vente-maison-97m-a-loudeac-loudeac,143 000,Loudeac 22600,97,2 400,5
Maison 108m² à loudeac,https://www.etreproprio.com/immobilier-23189934-vente-maison-108m-a-loudeac-loudeac,240 000,Loudeac 22600,108,536,5
Maison de ville quartier recherché,https://www.etreproprio.com/immobilier-22510184-vente-maison-de-ville-quartier-recherche-loudeac,159 000,Loudeac 22600,150,400,4
Maison 145m² à loudeac,https://www.etreproprio.com/immobilier-23165807-vente-maison-145m-a-loudeac-loudeac,295 000,Loudeac 22600,145,985,6
Maison 187m² à loudeac,https://www.etreproprio.com/immobilier-23154744-vente-maison-187m-a-loudeac-loudeac,284 000,Loudeac 22600,187,3 714,6
Maison 165m² à loudeac,https://www.etreproprio.com/immobilier-21821090-vente-maison-165m-a-loudeac-loudeac,197 400,Loudeac 22600,165,431,7
Maison 79m² à loudeac,https://www.etreproprio.com/immobilier-22974516-vente-maison-79m-a-loudeac-loudeac,99 000,Loudeac 22600,79,518,3
Maison 126m² à loudeac,https://www.etreproprio.com/immobilier-22309011-vente-maison-126m-a-loudeac-loudeac,183 700,Loudeac 22600,126,,8
Maison 126m² à loudeac,https://www.etreproprio.com/immobilier-22723693-vente-maison-126m-a-loudeac-loudeac,183 750,Loudeac 22600,126,3 105,6
Loudeac - maison de caractere avec dependance a renover,https://www.etreproprio.com/immobilier-22712389-vente-loudeac-maison-de-caractere-avec-dependance-a-renover-loudeac,295 400,Loudeac 22600,199,1 940,9
Maison 192m² à loudeac,https://www.etreproprio.com/immobilier-22629890-vente-maison-192m-a-loudeac-loudeac,273 000,Loudeac 22600,192,2 789,9
Maison 103m² à loudeac,https://www.etreproprio.com/immobilier-22039119-vente-maison-103m-a-loudeac-loudeac,156 750,Loudeac 22600,103,670,5
Maison 320m² à loudeac,https://www.etreproprio.com/immobilier-21764668-vente-maison-320m-a-loudeac-loudeac,490 000,Loudeac 22600,320,6 702,10
Maison 58m² à loudeac,https://www.etreproprio.com/immobilier-21700389-vente-maison-58m-a-loudeac-loudeac,127 800,Loudeac 22600,58,,3
Maison 95m² à la malhoure,https://www.etreproprio.com/immobilier-23630922-vente-maison-95m-a-la-malhoure-la-malhoure,229 000,La Malhoure 22640,95,552,4
Maison à vendre,https://www.etreproprio.com/immobilier-23386187-vente-maison-a-vendre-la-malhoure,383 568,La Malhoure 22640,200,7 629,8
Maison 90m² à mantallot,https://www.etreproprio.com/immobilier-23153443-vente-maison-90m-a-mantallot-mantallot,174 990,Mantallot 22450,96,1 172,4
Maison 143m² à mantallot,https://www.etreproprio.com/immobilier-21733761-vente-maison-143m-a-mantallot-mantallot,299 000,Mantallot 22450,143,986,7
Maison 146m² à mantallot,https://www.etreproprio.com/immobilier-21868324-vente-maison-146m-a-mantallot-mantallot,303 000,Mantallot 22450,146,986,6
Maison de 100m2 sur un terrain de 535m2,https://www.etreproprio.com/immobilier-21662673-vente-maison-de-100m2-sur-un-terrain-de-535m2-loudeac,99 000,Loudeac 22600,100,535,4
Maison 78m² à loudeac,https://www.etreproprio.com/immobilier-19726529-vente-maison-78m-a-loudeac-loudeac,426 000,Loudeac 22600,78,5 083,3
Maison en pierre avec local commercial ? matignon centre,https://www.etreproprio.com/immobilier-23901565-vente-maison-en-pierre-avec-local-commercial-matignon-centre-matignon,374 400,Matignon 22550,229,529,7
Maison 154m² à matignon,https://www.etreproprio.com/immobilier-23820322-vente-maison-154m-a-matignon-matignon,259 000,Matignon 22550,154,1 615,8
Maison 97m² à matignon,https://www.etreproprio.com/immobilier-23719197-vente-maison-97m-a-matignon-matignon,335 000,Matignon 22550,97,364,4
Maison matignon,https://www.etreproprio.com/immobilier-22504362-vente-maison-matignon-matignon,286 000,Matignon 22550,113,2 632,6
Saint germain de la mer - ravissante maison en pierre 4 chambres et vue mer,https://www.etreproprio.com/immobilier-21180051-vente-saint-germain-de-la-mer-ravissante-maison-en-pierre-4-chambres-et-vue-mer-matignon,725 000,Matignon 22550,163,4 551,7
Bourg de matignon - maison de plain-pied,https://www.etreproprio.com/immobilier-23606292-vente-bourg-de-matignon-maison-de-plain-pied-matignon,340 600,Matignon 22550,100,364,4
Au coeur de matignon  au calme maison en pierre avec garage et cour fermee,https://www.etreproprio.com/immobilier-22590433-vente-au-coeur-de-matignon-au-calme-maison-en-pierre-avec-garage-et-cour-fermee-matignon,190 000,Matignon 22550,86,,4
Maison 127m² à matignon,https://www.etreproprio.com/immobilier-23446634-vente-maison-127m-a-matignon-matignon,299 900,Matignon 22550,127,1 580,5
Au coeur de matignon ensemble immobilier maison d'habitation de 4 chambres + local commercial,https://www.etreproprio.com/immobilier-23428752-vente-au-coeur-de-matignon-ensemble-immobilier-maison-d-habitation-de-4-chambres-local-commercial-matignon,374 400,Matignon 22550,159,529,6
"Ensemble immobilier: maison, appart, commerce",https://www.etreproprio.com/immobilier-21855686-vente-ensemble-immobilier-maison-appart-commerce-matignon,374 400,Matignon 22550,159,529,7
Maison 103m² à matignon,https://www.etreproprio.com/immobilier-23355836-vente-maison-103m-a-matignon-matignon,341 550,Matignon 22550,103,857,5
Maison 144m² à matignon,https://www.etreproprio.com/immobilier-21655016-vente-maison-144m-a-matignon-matignon,n.c.,Matignon 22550,144,1 133,5
Maison 5 chambres matignon,https://www.etreproprio.com/immobilier-22917390-vente-maison-5-chambres-matignon-matignon,344 850,Matignon 22550,114,682,6
Maison 113m² à matignon,https://www.etreproprio.com/immobilier-22332016-vente-maison-113m-a-matignon-matignon,n.c.,Matignon 22550,113,215,6
Rare a la vente ! appartement triplex de 240m² centre matignon,https://www.etreproprio.com/immobilier-22435591-vente-rare-a-la-vente-appartement-triplex-de-240m-centre-matignon-matignon,398 240,Matignon 22550,235,366,6
Matignon centre,https://www.etreproprio.com/immobilier-22504365-vente-matignon-centre-matignon,399 000,Matignon 22550,235,,6
Maison 123m² à matignon,https://www.etreproprio.com/immobilier-20568537-vente-maison-123m-a-matignon-matignon,355 000,Matignon 22550,124,388,5
Grande maison en granit au coeur de matignon,https://www.etreproprio.com/immobilier-21842418-vente-grande-maison-en-granit-au-coeur-de-matignon-matignon,524 000,Matignon 22550,226,936,9
Matignon - maison en pierre dans le bourg,https://www.etreproprio.com/immobilier-18680843-vente-matignon-maison-en-pierre-dans-le-bourg-matignon,522 500,Matignon 22550,235,936,10
Maison de 6 pièces de 85 m² située à la méaugon,https://www.etreproprio.com/immobilier-23866286-vente-maison-de-6-pieces-de-85-m-situee-a-la-meaugon-la-meaugon,188 000,La Meaugon 22440,84,519,6
Maison 85m² à la meaugon,https://www.etreproprio.com/immobilier-23856781-vente-maison-85m-a-la-meaugon-la-meaugon,188 000,La Meaugon 22440,85,519,6
Maison 119m² à la meaugon,https://www.etreproprio.com/immobilier-22967375-vente-maison-119m-a-la-meaugon-la-meaugon,259 875,La Meaugon 22440,119,,5
A vendre maison la meaugon,https://www.etreproprio.com/immobilier-22696269-vente-a-vendre-maison-la-meaugon-la-meaugon,189 900,La Meaugon 22440,110,3 950,5
Vente maison la meaugon(22440) 101 555ï¿œ,https://www.etreproprio.com/immobilier-23046709-vente-vente-maison-la-meaugon22440-101-555i-oe-la-meaugon,101 555,La Meaugon 22440,70,730,1
Charmante maison de village,https://www.etreproprio.com/immobilier-23624826-vente-charmante-maison-de-village-megrit,138 000,Megrit 22270,65,45,4
Jolie maison traditionnelle megrit,https://www.etreproprio.com/immobilier-23033102-vente-jolie-maison-traditionnelle-megrit-megrit,227 000,Megrit 22270,94,,4
Maison de campagne en deux logements proche commodités,https://www.etreproprio.com/immobilier-23803498-vente-maison-de-campagne-en-deux-logements-proche-commodites-mellionnec,127 500,Mellionnec 22110,90,5 300,6
"Mellionnec, maison à vendre",https://www.etreproprio.com/immobilier-22620092-vente-mellionnec-maison-a-vendre-mellionnec,81 000,Mellionnec 22110,65,1 105,3
"Mellionnec, maison à vendre",https://www.etreproprio.com/immobilier-21148278-vente-mellionnec-maison-a-vendre-mellionnec,136 500,Mellionnec 22110,67,182,4
"Longère rénovée en pierres très lumineuse, à vendre, 4 pièces  (22) au calme à la campagne avec grand terrain et dépendances",https://www.etreproprio.com/immobilier-23595541-vente-longere-renovee-en-pierres-tres-lumineuse-a-vendre-4-pieces-22-au-calme-a-la-campagne-avec-grand-terrain-et-dependances-mellionnec,229 900,Mellionnec 22110,96,4 845,4
Maison de 70 m2 sur terrain de 6638 m2 avec dépendances   environnement calme et boisé,https://www.etreproprio.com/immobilier-22877348-vente-maison-de-70-m2-sur-terrain-de-6638-m2-avec-dependances-environnement-calme-et-boise-mellionnec,69 000,Mellionnec 22110,70,6 638,2
Maison 201m² à mellionnec,https://www.etreproprio.com/immobilier-23512365-vente-maison-201m-a-mellionnec-mellionnec,463 550,Mellionnec 22110,201,130 000,10
"Mellionnec, maison à vendre",https://www.etreproprio.com/immobilier-23186946-vente-mellionnec-maison-a-vendre-mellionnec,86 400,Mellionnec 22110,85,809,6
Mellionnec maison en pierre sous ardoises a renover 2 pieces 55m² parcelle attenante de 292 m²,https://www.etreproprio.com/immobilier-22908716-vente-mellionnec-maison-en-pierre-sous-ardoises-a-renover-2-pieces-55m-parcelle-attenante-de-292-m-mellionnec,55 000,Mellionnec 22110,55,292,2
Maison 55m² à mellionnec,https://www.etreproprio.com/immobilier-22898020-vente-maison-55m-a-mellionnec-mellionnec,74 400,Mellionnec 22110,55,6 638,2
Merdrignac 102 m2 bourg,https://www.etreproprio.com/immobilier-23841547-vente-merdrignac-102-m2-bourg-merdrignac,205 530,Merdrignac 22230,102,1 165,5
Maison 172m² à merdrignac,https://www.etreproprio.com/immobilier-23361927-vente-maison-172m-a-merdrignac-merdrignac,197 500,Merdrignac 22230,172,1 514,8
Maison 63m² à merdrignac,https://www.etreproprio.com/immobilier-22495679-vente-maison-63m-a-merdrignac-merdrignac,70 000,Merdrignac 22230,64,288,3
Maison  5 pièce(s) 130 m2,https://www.etreproprio.com/immobilier-23485070-vente-maison-5-pieces-130-m2-merdrignac,226 000,Merdrignac 22230,130,5 000,5
Merdrignac maison de bourg,https://www.etreproprio.com/immobilier-22204807-vente-merdrignac-maison-de-bourg-merdrignac,69 500,Merdrignac 22230,64,288,2
Maison 159 m2 - terrain de 2287 m²,https://www.etreproprio.com/immobilier-22205498-vente-maison-159-m2-terrain-de-2287-m-merdrignac,245 000,Merdrignac 22230,159,2 287,7
Maison merdrignac 6 pièce(s) 125 m2,https://www.etreproprio.com/immobilier-23420855-vente-maison-merdrignac-6-pieces-125-m2-merdrignac,131 000,Merdrignac 22230,125,1 588,6
Maison 130m² à merdrignac,https://www.etreproprio.com/immobilier-23331826-vente-maison-130m-a-merdrignac-merdrignac,226 000,Merdrignac 22230,130,5 000,5
Campagne de meneac jolie maison en pierre de 96 m2 grand terrain,https://www.etreproprio.com/immobilier-23106735-vente-campagne-de-meneac-jolie-maison-en-pierre-de-96-m2-grand-terrain-merdrignac,111 300,Merdrignac 22230,96,2 800,3
Maison 60m² à merdrignac,https://www.etreproprio.com/immobilier-22379242-vente-maison-60m-a-merdrignac-merdrignac,64 500,Merdrignac 22230,60,328,4
"Côtes d'armor  belle maison  en pierres de caractère 3 chambres, 3 gîtes, piscine chauffée, jardin exceptionnel, dépendances",https://www.etreproprio.com/immobilier-22725946-vente-cotes-d-armor-belle-maison-en-pierres-de-caractere-3-chambres-3-gites-piscine-chauffee-jardin-exceptionnel-dependances-merdrignac,441 000,Merdrignac 22230,315,4 686,13
Maison 42m² à merdrignac,https://www.etreproprio.com/immobilier-22708392-vente-maison-42m-a-merdrignac-merdrignac,69 103,Merdrignac 22230,42,1 592,2
"Côtes d'armor maison avec garage, terrain, puits, et dépendances",https://www.etreproprio.com/immobilier-22596195-vente-cotes-d-armor-maison-avec-garage-terrain-puits-et-dependances-merdrignac,79 500,Merdrignac 22230,64,3 300,5
Maison merdrignac 10 pièce(s) 260 m2,https://www.etreproprio.com/immobilier-22586652-vente-maison-merdrignac-10-pieces-260-m2-merdrignac,467 500,Merdrignac 22230,260,2 708,10
10 minutes de merdrignac,https://www.etreproprio.com/immobilier-20383083-vente-10-minutes-de-merdrignac-merdrignac,259 000,Merdrignac 22230,130,8 910,4
Maison 196m² à merillac,https://www.etreproprio.com/immobilier-23178465-vente-maison-196m-a-merillac-merillac,167 000,Merillac 22230,196,1 434,9
Authentique maison en pierre de 150 m² avec terrain de 12 000 m² en bord de rance,https://www.etreproprio.com/immobilier-23737793-vente-authentique-maison-en-pierre-de-150-m-avec-terrain-de-12-000-m-en-bord-de-rance-merillac,192 960,Merillac 22230,150,,6
coup de cœur assuré – à vendre maison plein pied   4 chambres  130m²,https://www.etreproprio.com/immobilier-21974202-vente-coup-de-coeur-assure-a-vendre-maison-plein-pied-4-chambres-130m-merillac,239 500,Merillac 22230,101,2 850,6
"Côtes-d'armor, maison en pierre indépendante, impeccable, 4/5 chambres (années 1800) dans un cadre campagnard paisible",https://www.etreproprio.com/immobilier-23861857-vente-cotes-d-armor-maison-en-pierre-independante-impeccable-45-chambres-annees-1800-dans-un-cadre-campagnard-paisible-merleac,273 000,Merleac 22460,187,1 123,11
"Cotes d'armor, merléac, ancien maison d'école de 3 chambres avec 2 appartements à deux chambres",https://www.etreproprio.com/immobilier-21327369-vente-cotes-d-armor-merleac-ancien-maison-d-ecole-de-3-chambres-avec-2-appartements-a-deux-chambres-merleac,225 000,Merleac 22460,198,1 386,14
"Longère d'exception de 1811, alliant charme et authenticité",https://www.etreproprio.com/immobilier-23771956-vente-longere-d-exception-de-1811-alliant-charme-et-authenticite-merleac,332 000,Merleac 22460,210,2 855,8
Ancienne école à finir de rénover,https://www.etreproprio.com/immobilier-23033591-vente-ancienne-ecole-a-finir-de-renover-merleac,225 000,Merleac 22460,222,1 556,12
Maison 97m² à merleac,https://www.etreproprio.com/immobilier-23741592-vente-maison-97m-a-merleac-merleac,45 000,Merleac 22460,97,1 493,3
Manoir d'exception à merléac,https://www.etreproprio.com/immobilier-23116987-vente-manoir-d-exception-a-merleac-merleac,388 000,Merleac 22460,172,3 263,6
Maison 182m² à merleac,https://www.etreproprio.com/immobilier-19099388-vente-maison-182m-a-merleac-merleac,60 000,Merleac 22460,182,547,11
Le merzer - maison avec tipi,https://www.etreproprio.com/immobilier-23287496-vente-le-merzer-maison-avec-tipi-le-merzer,196 500,Le Merzer 22200,113,1 225,6
Maison 152m² à le merzer,https://www.etreproprio.com/immobilier-23494944-vente-maison-152m-a-le-merzer-le-merzer,365 000,Le Merzer 22200,152,3 000,5
Maison de 156 m² à 5 minutes de guingamp,https://www.etreproprio.com/immobilier-23399796-vente-maison-de-156-m-a-5-minutes-de-guingamp-le-merzer,212 000,Le Merzer 22200,156,1 622,5
Maison à vendre 5 pièces le merzer (22),https://www.etreproprio.com/immobilier-22929410-vente-maison-a-vendre-5-pieces-le-merzer-22-le-merzer,193 000,Le Merzer 22200,113,,5
Maison le merzer 4 pièce(s) 121 m2,https://www.etreproprio.com/immobilier-21071060-vente-maison-le-merzer-4-pieces-121-m2-le-merzer,129 000,Le Merzer 22200,121,152,4
Maison le merzer 4 pièce(s) 121 m2,https://www.etreproprio.com/immobilier-21547552-vente-maison-le-merzer-4-pieces-121-m2-le-merzer,129 000,Le Merzer 22200,121,152,4
Charmante maison de 123m2 - minihy-tréguier,https://www.etreproprio.com/immobilier-21985410-vente-charmante-maison-de-123m2-minihy-treguier-minihy-treguier,265 000,Minihy-Treguier 22220,123,1 499,6
Minihy-treguier maison 4 chambres,https://www.etreproprio.com/immobilier-21130809-vente-minihy-treguier-maison-4-chambres-minihy-treguier,267 240,Minihy-Treguier 22220,120,1 499,6
Maison 171m² à moncontour,https://www.etreproprio.com/immobilier-23873179-vente-maison-171m-a-moncontour-moncontour,265 000,Moncontour 22510,171,,5
Maison de caractère à moncontour,https://www.etreproprio.com/immobilier-23606507-vente-maison-de-caractere-a-moncontour-moncontour,147 000,Moncontour 22510,73,,3
Adossée au rempart de moncontour 4 chambres,https://www.etreproprio.com/immobilier-22346362-vente-adossee-au-rempart-de-moncontour-4-chambres-moncontour,289 400,Moncontour 22510,152,999,6
Charmante maison en pierre,https://www.etreproprio.com/immobilier-22086797-vente-charmante-maison-en-pierre-moncontour,267 495,Moncontour 22510,171,,6
Traditionnelle 5ch-vue dégagée,https://www.etreproprio.com/immobilier-22952258-vente-traditionnelle-5ch-vue-degagee-moncontour,204 750,Moncontour 22510,118,2 500,8
Liberkeys vous propose une maison de bourg au pied des remparts d'un  village médiéval,https://www.etreproprio.com/immobilier-23380446-vente-liberkeys-vous-propose-une-maison-de-bourg-au-pied-des-remparts-d-un-village-medieval-moncontour,233 400,Moncontour 22510,147,160,5
Maison 147m² à moncontour,https://www.etreproprio.com/immobilier-22141825-vente-maison-147m-a-moncontour-moncontour,233 200,Moncontour 22510,147,200,5
Propriété de 112m2 sur un parc arboré de plus de 6 hectares,https://www.etreproprio.com/immobilier-21728220-vente-propriete-de-112m2-sur-un-parc-arbore-de-plus-de-6-hectares-moncontour,514 000,Moncontour 22510,112,62 407,11
Magnifique propriété sur plus de 6 ha avec trois étangs (22),https://www.etreproprio.com/immobilier-22608932-vente-magnifique-propriete-sur-plus-de-6-ha-avec-trois-etangs-22-moncontour,522 500,Moncontour 22510,112,63 530,6
Propriété de charme a moncontour en bretagne  réf : 202553,https://www.etreproprio.com/immobilier-21249500-vente-propriete-de-charme-a-moncontour-en-bretagne-ref-202553-moncontour,449 236,Moncontour 22510,286,524,10
Maison moncontour 150 m2,https://www.etreproprio.com/immobilier-19387899-vente-maison-moncontour-150-m2-moncontour,95 850,Moncontour 22510,150,217,4
Maison 98m² à morieux,https://www.etreproprio.com/immobilier-23872977-vente-maison-98m-a-morieux-morieux,210 000,Morieux 22400,98,811,5
Maison 100m² à morieux,https://www.etreproprio.com/immobilier-23318642-vente-maison-100m-a-morieux-morieux,295 000,Morieux 22400,100,849,5
Maison rénovée avec goût à morieux,https://www.etreproprio.com/immobilier-19707403-vente-maison-renovee-avec-gout-a-morieux-morieux,387 760,Morieux 22400,160,620,7
Maison 75m² à morieux,https://www.etreproprio.com/immobilier-22239459-vente-maison-75m-a-morieux-morieux,159 000,Morieux 22400,75,855,3
Maison 115m² à la motte,https://www.etreproprio.com/immobilier-23883356-vente-maison-115m-a-la-motte-la-motte,207 000,La Motte 22600,115,580,5
Maison 88m² à la motte,https://www.etreproprio.com/immobilier-23741549-vente-maison-88m-a-la-motte-la-motte,160 000,La Motte 22600,88,1 360,5
Maison 103m² à la motte,https://www.etreproprio.com/immobilier-23741668-vente-maison-103m-a-la-motte-la-motte,147 000,La Motte 22600,103,636,5
Maison 107m² à la motte,https://www.etreproprio.com/immobilier-22621972-vente-maison-107m-a-la-motte-la-motte,209 000,La Motte 22600,107,580,5
Maison 123m² à la motte,https://www.etreproprio.com/immobilier-22283657-vente-maison-123m-a-la-motte-la-motte,207 000,La Motte 22600,123,650,5
"Bretagne - côtes d'armor, située sur la commune de la motte",https://www.etreproprio.com/immobilier-22891372-vente-bretagne-cotes-d-armor-situee-sur-la-commune-de-la-motte-la-motte,279 450,La Motte 22600,155,17 220,6
Maison - vie de plain-pied,https://www.etreproprio.com/immobilier-22867786-vente-maison-vie-de-plain-pied-la-motte,150 000,La Motte 22600,110,697,6
Maison 154m² à la motte,https://www.etreproprio.com/immobilier-21586326-vente-maison-154m-a-la-motte-la-motte,280 000,La Motte 22600,154,17 220,6
Maison - mousteru,https://www.etreproprio.com/immobilier-23152427-vente-maison-mousteru-mousteru,60 900,Mousteru 22200,65,10 300,
Longère mousteru 6 pièce(s) 101 m2,https://www.etreproprio.com/immobilier-21492219-vente-longere-mousteru-6-pieces-101-m2-mousteru,242 000,Mousteru 22200,101,3 200,6
Maison sur le moustoir,https://www.etreproprio.com/immobilier-23705235-vente-maison-sur-le-moustoir-le-moustoir,171 000,Le Moustoir 22340,90,,
Cotes d'armor 22 maison en pierres,https://www.etreproprio.com/immobilier-23097326-vente-cotes-d-armor-22-maison-en-pierres-le-moustoir,139 100,Le Moustoir 22340,104,1 305,4
A vendre- maison guerledan 6 pièce(s) 115m2,https://www.etreproprio.com/immobilier-23881228-vente-a-vendre-maison-guerledan-6-pieces-115m2-mur-de-bretagne,284 850,Mur-De-Bretagne 22530,115,3 985,6
"Guerlédan, maison à vendre",https://www.etreproprio.com/immobilier-23784733-vente-guerledan-maison-a-vendre-mur-de-bretagne,139 500,Mur-De-Bretagne 22530,110,1 123,6
A vendre - maison guerledan 120 m2,https://www.etreproprio.com/immobilier-23721569-vente-a-vendre-maison-guerledan-120-m2-mur-de-bretagne,,,,,
Maison à vendre 7 pièces  (22) proche du lac de guerledan,https://www.etreproprio.com/immobilier-23705882-vente-maison-a-vendre-7-pieces-22-proche-du-lac-de-guerledan-mur-de-bretagne,262 500,Mur-De-Bretagne 22530,140,1 531,7
Charmante maison 4 chambres au centre ville de mur de bretagne,https://www.etreproprio.com/immobilier-21245828-vente-charmante-maison-4-chambres-au-centre-ville-de-mur-de-bretagne-mur-de-bretagne,166 790,Mur-De-Bretagne 22530,129,439,5
Maison guerlédan 4 pièces 80 m2,https://www.etreproprio.com/immobilier-23055457-vente-maison-guerledan-4-pieces-80-m2-mur-de-bretagne,118 000,Mur-De-Bretagne 22530,80,,4
"Côtes d'armor, proche guerledan, charmante maison individuelle de 3 chambres",https://www.etreproprio.com/immobilier-22864157-vente-cotes-d-armor-proche-guerledan-charmante-maison-individuelle-de-3-chambres-mur-de-bretagne,117 500,Mur-De-Bretagne 22530,102,309,7
A vendre- maison guerledan 5 pièce(s) 123 m2,https://www.etreproprio.com/immobilier-22477618-vente-a-vendre-maison-guerledan-5-pieces-123-m2-mur-de-bretagne,211 950,Mur-De-Bretagne 22530,123,1 280,5
Maison 134m² à mur-de-bretagne,https://www.etreproprio.com/immobilier-22255923-vente-maison-134m-a-mur-de-bretagne-mur-de-bretagne,94 750,Mur-De-Bretagne 22530,134,338,5
"Guerlédan, maison à vendre",https://www.etreproprio.com/immobilier-20208979-vente-guerledan-maison-a-vendre-mur-de-bretagne,199 800,Mur-De-Bretagne 22530,163,1 555,7
Maison de 2024 / vie de plain-pied / 3 chambres / pac aérothermie,https://www.etreproprio.com/immobilier-23794463-vente-maison-de-2024-vie-de-plain-pied-3-chambres-pac-aerothermie-noyal,258 960,Noyal 22400,99,,4
Maison en pierre au charme singulier -pabu,https://www.etreproprio.com/immobilier-23815580-vente-maison-en-pierre-au-charme-singulier-pabu-pabu,175 200,Pabu 22200,78,571,4
Maison pabu,https://www.etreproprio.com/immobilier-23838140-vente-maison-pabu-pabu,191 900,Pabu 22200,80,536,
Maison 180m² à pabu,https://www.etreproprio.com/immobilier-23459719-vente-maison-180m-a-pabu-pabu,374 400,Pabu 22200,180,898,7
Bretagne maison proche centre guingamp,https://www.etreproprio.com/immobilier-23528271-vente-bretagne-maison-proche-centre-guingamp-pabu,169 910,Pabu 22200,83,597,5
Maison 136m² à pabu,https://www.etreproprio.com/immobilier-23125829-vente-maison-136m-a-pabu-pabu,209 000,Pabu 22200,136,686,7
Maison 5 chambres pabu,https://www.etreproprio.com/immobilier-23255133-vente-maison-5-chambres-pabu-pabu,213 900,Pabu 22200,159,,6
Maison pabu,https://www.etreproprio.com/immobilier-23217202-vente-maison-pabu-pabu,219 500,Pabu 22200,110,700,
Maison 100m² à pabu,https://www.etreproprio.com/immobilier-23085524-vente-maison-100m-a-pabu-pabu,179 000,Pabu 22200,100,570,5
Maison 133m² à pabu,https://www.etreproprio.com/immobilier-22969137-vente-maison-133m-a-pabu-pabu,207 000,Pabu 22200,134,957,7
Grande maison familiale à pabu avec vaste terrain arboré,https://www.etreproprio.com/immobilier-22928662-vente-grande-maison-familiale-a-pabu-avec-vaste-terrain-arbore-pabu,197 980,Pabu 22200,142,6 696,7
Maison 110m² à pabu,https://www.etreproprio.com/immobilier-22292264-vente-maison-110m-a-pabu-pabu,219 500,Pabu 22200,110,600,6
Maison 4 chambres avec jardin pabu,https://www.etreproprio.com/immobilier-20067900-vente-maison-4-chambres-avec-jardin-pabu-pabu,199 000,Pabu 22200,100,,
Maison 53m² à paimpol,https://www.etreproprio.com/immobilier-23901909-vente-maison-53m-a-paimpol-paimpol,205 700,Paimpol 22500,53,150,3
Maison 115m² à paimpol,https://www.etreproprio.com/immobilier-23800574-vente-maison-115m-a-paimpol-paimpol,307 900,Paimpol 22500,115,340,6
Paimpol- le port à 900 mètres et son centre ville !        longère familiale + 1 gîte de 142 m² sur 850 m²,https://www.etreproprio.com/immobilier-23900414-vente-paimpol-le-port-a-900-metres-et-son-centre-ville-longere-familiale-1-gite-de-142-m-sur-850-m-paimpol,366 800,Paimpol 22500,142,850,8
Maison 90m² à paimpol,https://www.etreproprio.com/immobilier-23883266-vente-maison-90m-a-paimpol-paimpol,281 000,Paimpol 22500,90,545,5
Maison 90m² à paimpol,https://www.etreproprio.com/immobilier-23839562-vente-maison-90m-a-paimpol-paimpol,375 000,Paimpol 22500,91,,4
Paimpol / plouezec - proche mer et commerces !          maison familiale 143 m² 5 chambres sur 1329 m²,https://www.etreproprio.com/immobilier-23840130-vente-paimpol-plouezec-proche-mer-et-commerces-maison-familiale-143-m-5-chambres-sur-1329-m-paimpol,379 440,Paimpol 22500,143,1 329,8
Maison 71m² à paimpol,https://www.etreproprio.com/immobilier-23517369-vente-maison-71m-a-paimpol-paimpol,143 000,Paimpol 22500,71,2 656,7
Maison 111m² à paimpol,https://www.etreproprio.com/immobilier-23839561-vente-maison-111m-a-paimpol-paimpol,395 000,Paimpol 22500,111,,5
A vendre belle maison contemporaine proche de paimpol,https://www.etreproprio.com/immobilier-23825084-vente-a-vendre-belle-maison-contemporaine-proche-de-paimpol-paimpol,645 000,Paimpol 22500,205,4 000,10
Maison 120m² à paimpol,https://www.etreproprio.com/immobilier-23821057-vente-maison-120m-a-paimpol-paimpol,445 000,Paimpol 22500,120,452,6
Paimpol - le centre et commerces : 12 min à pied !        maison familiale de charme  5 pièce(s) 103 m2 sur 744 m²,https://www.etreproprio.com/immobilier-21927910-vente-paimpol-le-centre-et-commerces-12-min-a-pied-maison-familiale-de-charme-5-pieces-103-m2-sur-744-m-paimpol,280 000,Paimpol 22500,103,744,5
Maison 156m² à paimpol,https://www.etreproprio.com/immobilier-23785939-vente-maison-156m-a-paimpol-paimpol,333 000,Paimpol 22500,156,395,5
"Maison 4 pièces, 85m2, paimpol",https://www.etreproprio.com/immobilier-23786983-vente-maison-4-pieces-85m2-paimpol-paimpol,184 764,Paimpol 22500,85,205,4
Maison 103m² à paimpol,https://www.etreproprio.com/immobilier-22937705-vente-maison-103m-a-paimpol-paimpol,280 000,Paimpol 22500,103,744,5
Longère et dépendances en pierre secteur paimpol,https://www.etreproprio.com/immobilier-23749495-vente-longere-et-dependances-en-pierre-secteur-paimpol-paimpol,142 000,Yvias 22930,82,3 691,4
"Paimpol, maison de plain-pied de 109 m² sur 3000 m² de terrain, à vendre",https://www.etreproprio.com/immobilier-23753030-vente-paimpol-maison-de-plain-pied-de-109-m-sur-3000-m-de-terrain-a-vendre-paimpol,447 200,Paimpol 22500,109,3 107,5
Paimpol maison 143 m2 jardin 999m²,https://www.etreproprio.com/immobilier-23720398-vente-paimpol-maison-143-m2-jardin-999m-paimpol,330 120,Paimpol 22500,143,999,6
Paimpol - secteur kerity / poulafret         maison familiale en pierre avec vue mer !   128 m² sur 592 m²,https://www.etreproprio.com/immobilier-23720397-vente-paimpol-secteur-kerity-poulafret-maison-familiale-en-pierre-avec-vue-mer-128-m-sur-592-m-paimpol,474 300,Paimpol 22500,128,592,7
Maison 105m² à paimpol,https://www.etreproprio.com/immobilier-23713607-vente-maison-105m-a-paimpol-paimpol,168 000,Paimpol 22500,105,203,5
Maison 125m² à paimpol,https://www.etreproprio.com/immobilier-23707116-vente-maison-125m-a-paimpol-paimpol,392 875,Paimpol 22500,125,1 054,5
Maison en pierres à vendre 3 pièces paule (22) plain pied 58m2 fort potentiel d'agrandissement,https://www.etreproprio.com/immobilier-22626483-vente-maison-en-pierres-a-vendre-3-pieces-paule-22-plain-pied-58m2-fort-potentiel-d-agrandissement-paule,98 952,Paule 22340,58,503,3
En campagne de paule,https://www.etreproprio.com/immobilier-22901358-vente-en-campagne-de-paule-paule,316 500,Paule 22340,148,2 912,8
22340 paule longère familiale ou gîte 7 chambres terrain sans vis à vis de 4900 m²,https://www.etreproprio.com/immobilier-21741182-vente-22340-paule-longere-familiale-ou-gite-7-chambres-terrain-sans-vis-a-vis-de-4900-m-paule,257 000,Paule 22340,188,4 900,10
Maison 109m² à pedernec,https://www.etreproprio.com/immobilier-23472586-vente-maison-109m-a-pedernec-pedernec,260 000,Pedernec 22540,109,8 738,4
Bretagne - côtes d'armor - 22540 pédernec - maison en pierre 108m2 habitables avec des dépendances.,https://www.etreproprio.com/immobilier-23894865-vente-bretagne-cotes-d-armor-22540-pedernec-maison-en-pierre-108m2-habitables-avec-des-dependances-pedernec,174 910,Pedernec 22540,108,1 081,5
"Pedernec, maison traditionnelle sur 1200 m2 de terrain environ",https://www.etreproprio.com/immobilier-23502604-vente-pedernec-maison-traditionnelle-sur-1200-m2-de-terrain-environ-pedernec,175 500,Pedernec 22540,123,1 200,7
"Pédernec, maison d'architecte, de plain-pied",https://www.etreproprio.com/immobilier-22600080-vente-pedernec-maison-d-architecte-de-plain-pied-pedernec,251 500,Pedernec 22540,125,4 415,9
Maison pedernec,https://www.etreproprio.com/immobilier-23217201-vente-maison-pedernec-pedernec,258 900,Pedernec 22540,88,658,
Maison - pedernec,https://www.etreproprio.com/immobilier-23187272-vente-maison-pedernec-pedernec,176 500,Pedernec 22540,116,,7
Maison récente,https://www.etreproprio.com/immobilier-23107650-vente-maison-recente-pedernec,274 300,Pedernec 22540,120,755,6
Maison à vendre à pedernec - 6 pièces avec grand terrain,https://www.etreproprio.com/immobilier-22600099-vente-maison-a-vendre-a-pedernec-6-pieces-avec-grand-terrain-pedernec,273 000,Pedernec 22540,123,7 515,6
Maison 129m² à pedernec,https://www.etreproprio.com/immobilier-22888049-vente-maison-129m-a-pedernec-pedernec,269 800,Pedernec 22540,129,7 515,6
"Pedernec, belle néo-bretonne sur 903 m2 de terrain",https://www.etreproprio.com/immobilier-22741854-vente-pedernec-belle-neo-bretonne-sur-903-m2-de-terrain-pedernec,221 500,Pedernec 22540,145,903,6
Maison 132m² à pedernec,https://www.etreproprio.com/immobilier-22294650-vente-maison-132m-a-pedernec-pedernec,193 000,Pedernec 22540,132,631,6
Maison 135m² à paimpol,https://www.etreproprio.com/immobilier-23691613-vente-maison-135m-a-paimpol-paimpol,180 000,Paimpol 22500,135,2 275,5
A vendre maison en pierres paimpol,https://www.etreproprio.com/immobilier-23674611-vente-a-vendre-maison-en-pierres-paimpol-paimpol,291 200,Paimpol 22500,111,,6
Maison 83m² à paimpol,https://www.etreproprio.com/immobilier-23664726-vente-maison-83m-a-paimpol-paimpol,94 000,Paimpol 22500,83,743,4
Maison familiale 6 chambres à proximité de paimpol,https://www.etreproprio.com/immobilier-23664082-vente-maison-familiale-6-chambres-a-proximite-de-paimpol-paimpol,457 000,Paimpol 22500,210,4 320,10
Maison 70m² à paimpol,https://www.etreproprio.com/immobilier-23640686-vente-maison-70m-a-paimpol-paimpol,65 480,Paimpol 22500,70,263,4
"Paimpol centre ville -  le port, les commerces !           maison familiale 7 pièces - 135m²   jardin & garage sur 556 m²",https://www.etreproprio.com/immobilier-23635960-vente-paimpol-centre-ville-le-port-les-commerces-maison-familiale-7-pieces-135m-jardin-garage-sur-556-m-paimpol,333 000,Paimpol 22500,134,556,7
Maison 179m² à paimpol,https://www.etreproprio.com/immobilier-23624664-vente-maison-179m-a-paimpol-paimpol,519 250,Paimpol 22500,179,788,6
"Paimpol, a vendre maison d'environ 62 m2, terrain de 2469 m2, quartier recherché",https://www.etreproprio.com/immobilier-23368468-vente-paimpol-a-vendre-maison-d-environ-62-m2-terrain-de-2469-m2-quartier-recherche-paimpol,280 000,Paimpol 22500,62,2 469,4
Maison 155m² à paimpol,https://www.etreproprio.com/immobilier-22472718-vente-maison-155m-a-paimpol-paimpol,438 500,Paimpol 22500,155,2 189,7
Maison 120m² à paimpol,https://www.etreproprio.com/immobilier-23606010-vente-maison-120m-a-paimpol-paimpol,295 000,Paimpol 22500,120,833,5
A vendre maison contemporaine paimpol,https://www.etreproprio.com/immobilier-23095502-vente-a-vendre-maison-contemporaine-paimpol-paimpol,364 000,Paimpol 22500,84,773,4
Ensemble immobilier en pierre en campagne de paimpol,https://www.etreproprio.com/immobilier-23594701-vente-ensemble-immobilier-en-pierre-en-campagne-de-paimpol-paimpol,364 750,Paimpol 22500,147,,1
Maison et sa longère proche du port,https://www.etreproprio.com/immobilier-23574517-vente-maison-et-sa-longere-proche-du-port-paimpol,438 550,Paimpol 22500,91,2 189,5
Maison 100m² à paimpol,https://www.etreproprio.com/immobilier-20349321-vente-maison-100m-a-paimpol-paimpol,270 000,Paimpol 22500,100,260,5
Paimpol - a 2 km du centre et du port !     maison familiale 4/5 chambres sur 120 m² avec vie de plain-pied !,https://www.etreproprio.com/immobilier-23564920-vente-paimpol-a-2-km-du-centre-et-du-port-maison-familiale-45-chambres-sur-120-m-avec-vie-de-plain-pied-paimpol,398 240,Paimpol 22500,123,1 610,8
Maison 168m² à paimpol,https://www.etreproprio.com/immobilier-23546945-vente-maison-168m-a-paimpol-paimpol,653 000,Paimpol 22500,168,3 641,9
Maison 120m² à paimpol,https://www.etreproprio.com/immobilier-23488310-vente-maison-120m-a-paimpol-paimpol,296 670,Paimpol 22500,120,3 597,5
Paimpol - centre / port,https://www.etreproprio.com/immobilier-23528239-vente-paimpol-centre-port-paimpol,580 000,Paimpol 22500,133,1 100,7
Paimpol maison 78 m²   et garage,https://www.etreproprio.com/immobilier-23257716-vente-paimpol-maison-78-m-et-garage-paimpol,183 400,Paimpol 22500,78,,4
Maison 154m² à paimpol,https://www.etreproprio.com/immobilier-22527165-vente-maison-154m-a-paimpol-paimpol,480 000,Paimpol 22500,154,,6
Maison 94m² à penguily,https://www.etreproprio.com/immobilier-23844322-vente-maison-94m-a-penguily-penguily,249 000,Penguily 22510,94,573,5
Maison plain pied 94m2,https://www.etreproprio.com/immobilier-23695154-vente-maison-plain-pied-94m2-penguily,249 900,Penguily 22510,94,573,5
A vendre - maison des années 50 avec dépendances et grand terrain / à 14 min de lamballe,https://www.etreproprio.com/immobilier-22752932-vente-a-vendre-maison-des-annees-50-avec-dependances-et-grand-terrain-a-14-min-de-lamballe-penguily,199 595,Penguily 22510,144,3 700,7
Maison 127m² à penvenan,https://www.etreproprio.com/immobilier-23898922-vente-maison-127m-a-penvenan-penvenan,474 000,Penvenan 22710,127,1 470,8
Maison 88m² à penvenan,https://www.etreproprio.com/immobilier-23867973-vente-maison-88m-a-penvenan-penvenan,295 000,Penvenan 22710,88,340,4
Calme - clair - vue mer étage,https://www.etreproprio.com/immobilier-23678240-vente-calme-clair-vue-mer-etage-penvenan,556 500,Penvenan 22710,169,5 654,7
Environnement degagé - vue mer étage,https://www.etreproprio.com/immobilier-23374946-vente-environnement-degage-vue-mer-etage-penvenan,249 800,Penvenan 22710,98,554,3
Maison penvenan 5 pièce(s) 93.92 m2,https://www.etreproprio.com/immobilier-23853058-vente-maison-penvenan-5-pieces-9392-m2-penvenan,219 990,Penvenan 22710,94,1 030,5
Maison 252m² à penvenan,https://www.etreproprio.com/immobilier-23849889-vente-maison-252m-a-penvenan-penvenan,677 000,Penvenan 22710,252,9 148,9
Spacieuse maison penvenan proche mer,https://www.etreproprio.com/immobilier-23836679-vente-spacieuse-maison-penvenan-proche-mer-penvenan,699 400,Penvenan 22710,164,1 499,6
Rare - propriété de charme face à la mer,https://www.etreproprio.com/immobilier-23794877-vente-rare-propriete-de-charme-face-a-la-mer-penvenan,1 196 000,Penvenan 22710,146,1 023,6
Maison rénovée à penvénan,https://www.etreproprio.com/immobilier-23728046-vente-maison-renovee-a-penvenan-penvenan,399 000,Penvenan 22710,105,1 660,6
Maison 84m² à penvenan,https://www.etreproprio.com/immobilier-23714065-vente-maison-84m-a-penvenan-penvenan,295 000,Penvenan 22710,84,339,5
Maison 106m² à penvenan,https://www.etreproprio.com/immobilier-23703440-vente-maison-106m-a-penvenan-penvenan,399 000,Penvenan 22710,106,1 673,5
Maison 99m² à penvenan,https://www.etreproprio.com/immobilier-23679243-vente-maison-99m-a-penvenan-penvenan,238 000,Penvenan 22710,99,2 302,6
Maison 101m² à penvenan,https://www.etreproprio.com/immobilier-23544326-vente-maison-101m-a-penvenan-penvenan,337 000,Penvenan 22710,101,1 000,6
Maison 163m² à penvenan,https://www.etreproprio.com/immobilier-23544434-vente-maison-163m-a-penvenan-penvenan,399 000,Penvenan 22710,163,500,6
Maison bourg de penvenan,https://www.etreproprio.com/immobilier-23516363-vente-maison-bourg-de-penvenan-penvenan,298 965,Penvenan 22710,82,154,3
Maison 109m² à penvenan,https://www.etreproprio.com/immobilier-23503328-vente-maison-109m-a-penvenan-penvenan,295 000,Penvenan 22710,109,540,5
exceptionnel : très bel ensemble de 3 gîtes vue mer et plage a pied !,https://www.etreproprio.com/immobilier-22734305-vente-exceptionnel-tres-bel-ensemble-de-3-gites-vue-mer-et-plage-a-pied-penvenan,601 000,Penvenan 22710,286,,10
"Maison à buguéles-penvenan, 4 chambres,136 m2, à 200 m de la plage",https://www.etreproprio.com/immobilier-23452336-vente-maison-a-bugueles-penvenan-4-chambres136-m2-a-200-m-de-la-plage-penvenan,389 990,Penvenan 22710,136,775,6
"Maison  à penvenan  5 chambres ,à 1800 m de la plage",https://www.etreproprio.com/immobilier-23410396-vente-maison-a-penvenan-5-chambres-a-1800-m-de-la-plage-penvenan,179 990,Penvenan 22710,142,547,8
Maison 191m² à penvenan,https://www.etreproprio.com/immobilier-23388909-vente-maison-191m-a-penvenan-penvenan,2 380 000,Penvenan 22710,191,10 000,7
Maison paimpol,https://www.etreproprio.com/immobilier-23511347-vente-maison-paimpol-paimpol,448 060,Paimpol 22500,101,1 058,5
Maison 56m² à paimpol,https://www.etreproprio.com/immobilier-23503007-vente-maison-56m-a-paimpol-paimpol,271 000,Paimpol 22500,56,403,4
Maison 220m² à paimpol,https://www.etreproprio.com/immobilier-23503662-vente-maison-220m-a-paimpol-paimpol,415 000,Paimpol 22500,220,272,9
Maison 163m² à paimpol,https://www.etreproprio.com/immobilier-23507576-vente-maison-163m-a-paimpol-paimpol,n.c.,Paimpol 22500,163,1 108,6
Maison 125m² à paimpol,https://www.etreproprio.com/immobilier-23490792-vente-maison-125m-a-paimpol-paimpol,344 800,Paimpol 22500,125,664,5
"à vendre – maison familiale à paimpol, à proximité du port et des plages",https://www.etreproprio.com/immobilier-21236787-vente-a-vendre-maison-familiale-a-paimpol-a-proximite-du-port-et-des-plages-paimpol,229 900,Paimpol 22500,99,850,5
Maison 172m² à paimpol,https://www.etreproprio.com/immobilier-23483727-vente-maison-172m-a-paimpol-paimpol,465 000,Paimpol 22500,172,481,6
"Paimpol, proche centre-ville et gare, maison 107 m2 à relooker, terrain arboré 950m2",https://www.etreproprio.com/immobilier-22958040-vente-paimpol-proche-centre-ville-et-gare-maison-107-m2-a-relooker-terrain-arbore-950m2-paimpol,348 400,Paimpol 22500,108,850,5
Maison 120m² à paimpol,https://www.etreproprio.com/immobilier-21654307-vente-maison-120m-a-paimpol-paimpol,297 250,Paimpol 22500,120,3 597,5
Paimpol maison contemporaine a 100 m de la mer,https://www.etreproprio.com/immobilier-22226968-vente-paimpol-maison-contemporaine-a-100-m-de-la-mer-paimpol,563 000,Paimpol 22500,136,464,6
Maison 186m² à paimpol,https://www.etreproprio.com/immobilier-23402543-vente-maison-186m-a-paimpol-paimpol,599 000,Paimpol 22500,186,880,10
Maison 156m² à paimpol,https://www.etreproprio.com/immobilier-23402546-vente-maison-156m-a-paimpol-paimpol,374 000,Paimpol 22500,156,,9
A vendre maison proche de la mer,https://www.etreproprio.com/immobilier-23382323-vente-a-vendre-maison-proche-de-la-mer-paimpol,271 700,Paimpol 22500,85,443,6
"Corps de ferme 132 m2, terrain 2960 m2, dependances, paimpol",https://www.etreproprio.com/immobilier-23393948-vente-corps-de-ferme-132-m2-terrain-2960-m2-dependances-paimpol-paimpol,384 800,Paimpol 22500,132,2 960,7
Maison 132m² à paimpol,https://www.etreproprio.com/immobilier-23371243-vente-maison-132m-a-paimpol-paimpol,387 000,Paimpol 22500,132,2 960,7
Ensemble immobilier proche de la mer,https://www.etreproprio.com/immobilier-23380703-vente-ensemble-immobilier-proche-de-la-mer-paimpol,305 000,Paimpol 22500,78,473,4
Maison paimpol 5 pièce(s) 100 m2,https://www.etreproprio.com/immobilier-22586782-vente-maison-paimpol-5-pieces-100-m2-paimpol,249 000,Paimpol 22500,100,850,5
"Maison, dépendances et terrain constructible",https://www.etreproprio.com/immobilier-22572870-vente-maison-dependances-et-terrain-constructible-paimpol,479 000,Paimpol 22500,90,2 186,5
"À vendre   maison 100m2 à paimpol, secteur calme, à deux pas du port et du centre-ville",https://www.etreproprio.com/immobilier-23252086-vente-a-vendre-maison-100m2-a-paimpol-secteur-calme-a-deux-pas-du-port-et-du-centre-ville-paimpol,447 200,Paimpol 22500,100,452,5
Vente maison paimpol(22500) 318 900ï¿œ,https://www.etreproprio.com/immobilier-23218082-vente-vente-maison-paimpol22500-318-900i-oe-paimpol,318 900,Paimpol 22500,151,3 300,6
Maison penvenan 5 pièce(s) 91 m2,https://www.etreproprio.com/immobilier-22169911-vente-maison-penvenan-5-pieces-91-m2-penvenan,282 450,Penvenan 22710,91,703,5
Port blanc - grande maison vue mer,https://www.etreproprio.com/immobilier-23325474-vente-port-blanc-grande-maison-vue-mer-penvenan,949 000,Penvenan 22710,215,4 394,8
Maison 90m² à penvenan,https://www.etreproprio.com/immobilier-23330834-vente-maison-90m-a-penvenan-penvenan,280 000,Penvenan 22710,90,703,5
Un emplacement d'exception à port-blanc,https://www.etreproprio.com/immobilier-23314501-vente-un-emplacement-d-exception-a-port-blanc-penvenan,949 900,Penvenan 22710,215,4 416,9
Maison penvenan 6 pièce(s) 163 m2,https://www.etreproprio.com/immobilier-23231109-vente-maison-penvenan-6-pieces-163-m2-penvenan,399 000,Penvenan 22710,163,500,6
Maison penvenan 5 pièce(s) 104 m2,https://www.etreproprio.com/immobilier-22937427-vente-maison-penvenan-5-pieces-104-m2-penvenan,218 500,Penvenan 22710,104,844,5
Maison 104m² à penvenan,https://www.etreproprio.com/immobilier-21354076-vente-maison-104m-a-penvenan-penvenan,218 500,Penvenan 22710,104,844,6
Maison 206m² à penvenan,https://www.etreproprio.com/immobilier-21364683-vente-maison-206m-a-penvenan-penvenan,464 500,Penvenan 22710,206,1 915,10
Maison penvenan 9 pièce(s) 206 m2,https://www.etreproprio.com/immobilier-22863131-vente-maison-penvenan-9-pieces-206-m2-penvenan,464 500,Penvenan 22710,206,1 915,9
"Longère de charme à vendre en bretagne, 1,5 km de la mer – 1 hectare boisé",https://www.etreproprio.com/immobilier-21777239-vente-longere-de-charme-a-vendre-en-bretagne-15-km-de-la-mer-1-hectare-boise-penvenan,696 800,Penvenan 22710,125,9 880,5
Maison penvenan 4 pièce(s) 92 m2,https://www.etreproprio.com/immobilier-22619267-vente-maison-penvenan-4-pieces-92-m2-penvenan,273 000,Penvenan 22710,90,440,4
Maison 86m² à penvenan,https://www.etreproprio.com/immobilier-22091980-vente-maison-86m-a-penvenan-penvenan,271 180,Penvenan 22710,86,2 666,4
Bugueles - au calme - sans travaux,https://www.etreproprio.com/immobilier-22083050-vente-bugueles-au-calme-sans-travaux-penvenan,468 000,Penvenan 22710,103,673,4
Lot de deux maisons i penvénan i proche bourg,https://www.etreproprio.com/immobilier-20916836-vente-lot-de-deux-maisons-i-penvenan-i-proche-bourg-penvenan,364 000,Penvenan 22710,165,3 822,8
Maison 136m² à perros-guirec,https://www.etreproprio.com/immobilier-23898651-vente-maison-136m-a-perros-guirec-perros-guirec,375 000,Perros-Guirec 22700,136,430,6
Rare - propriété atypique dans un environnement nature proche de la mer,https://www.etreproprio.com/immobilier-23901606-vente-rare-propriete-atypique-dans-un-environnement-nature-proche-de-la-mer-perros-guirec,676 000,Perros-Guirec 22700,,,6
Maison 103m² à perros-guirec,https://www.etreproprio.com/immobilier-23889194-vente-maison-103m-a-perros-guirec-perros-guirec,250 000,Perros-Guirec 22700,103,398,8
Perros guirec - petite maison pleine de charme - proximité centre ville,https://www.etreproprio.com/immobilier-23866931-vente-perros-guirec-petite-maison-pleine-de-charme-proximite-centre-ville-perros-guirec,212 500,Perros-Guirec 22700,40,118,2
Maison 180m² à perros-guirec,https://www.etreproprio.com/immobilier-21288295-vente-maison-180m-a-perros-guirec-perros-guirec,820 000,Perros-Guirec 22700,180,2 885,8
Maison 179m² à perros-guirec,https://www.etreproprio.com/immobilier-23508898-vente-maison-179m-a-perros-guirec-perros-guirec,447 400,Perros-Guirec 22700,179,6 290,7
"Maison vue mer a perros-guirec, réf : 202592",https://www.etreproprio.com/immobilier-22865693-vente-maison-vue-mer-a-perros-guirec-ref-202592-perros-guirec,343 167,Perros-Guirec 22700,126,432,6
Maison 63m² à perros-guirec,https://www.etreproprio.com/immobilier-23829019-vente-maison-63m-a-perros-guirec-perros-guirec,335 000,Perros-Guirec 22700,64,,3
Maison 39m² à perros-guirec,https://www.etreproprio.com/immobilier-23829020-vente-maison-39m-a-perros-guirec-perros-guirec,210 000,Perros-Guirec 22700,39,,2
Maison 53m² à perros-guirec,https://www.etreproprio.com/immobilier-23829018-vente-maison-53m-a-perros-guirec-perros-guirec,285 000,Perros-Guirec 22700,53,,2
Perros - guirec - belle maison lumineuse sur un grand jardin arboré,https://www.etreproprio.com/immobilier-23794214-vente-perros-guirec-belle-maison-lumineuse-sur-un-grand-jardin-arbore-perros-guirec,337 000,Perros-Guirec 22700,115,2 001,5
Perros-guirec : maison 4 chambres vue mer,https://www.etreproprio.com/immobilier-23794213-vente-perros-guirec-maison-4-chambres-vue-mer-perros-guirec,449 000,Perros-Guirec 22700,126,547,6
Maison 122m² à perros-guirec,https://www.etreproprio.com/immobilier-23802877-vente-maison-122m-a-perros-guirec-perros-guirec,498 000,Perros-Guirec 22700,122,1 933,8
Maison 140m² à perros-guirec,https://www.etreproprio.com/immobilier-23798102-vente-maison-140m-a-perros-guirec-perros-guirec,296 875,Perros-Guirec 22700,140,886,7
Maison familiale à perros-guirec  réf : 2025134,https://www.etreproprio.com/immobilier-23758638-vente-maison-familiale-a-perros-guirec-ref-2025134-perros-guirec,332 750,Perros-Guirec 22700,91,490,6
Maison d'habitation perros-guirec proche centre ville et plage,https://www.etreproprio.com/immobilier-23749780-vente-maison-d-habitation-perros-guirec-proche-centre-ville-et-plage-perros-guirec,315 000,Perros-Guirec 22700,128,368,6
Maison 206m² à perros-guirec,https://www.etreproprio.com/immobilier-23748994-vente-maison-206m-a-perros-guirec-perros-guirec,537 680,Perros-Guirec 22700,206,1 110,7
Maison 110m² à perros-guirec,https://www.etreproprio.com/immobilier-23736521-vente-maison-110m-a-perros-guirec-perros-guirec,332 750,Perros-Guirec 22700,110,483,6
Perros-guirec  maison de caractère,https://www.etreproprio.com/immobilier-23728536-vente-perros-guirec-maison-de-caractere-perros-guirec,419 200,Perros-Guirec 22700,150,287,6
Maison contemporaine perros guirec,https://www.etreproprio.com/immobilier-22479081-vente-maison-contemporaine-perros-guirec-perros-guirec,375 000,Perros-Guirec 22700,136,430,7
Maison 143m² à paimpol,https://www.etreproprio.com/immobilier-23220577-vente-maison-143m-a-paimpol-paimpol,327 825,Paimpol 22500,143,800,6
Maison 105m² à paimpol,https://www.etreproprio.com/immobilier-23220724-vente-maison-105m-a-paimpol-paimpol,445 000,Paimpol 22500,105,1 500,6
"Paimpol, centre ville, maison 7 pièces sur jardin clos et paysager de 825 m2",https://www.etreproprio.com/immobilier-22719773-vente-paimpol-centre-ville-maison-7-pieces-sur-jardin-clos-et-paysager-de-825-m2-paimpol,452 400,Paimpol 22500,142,825,7
"Maison de ville 128 m2, terrain 100 m2, centre ville et port a pied",https://www.etreproprio.com/immobilier-23203690-vente-maison-de-ville-128-m2-terrain-100-m2-centre-ville-et-port-a-pied-paimpol,272 000,Paimpol 22500,128,100,8
Paimpol maison 101 m2 jardin 825 m²,https://www.etreproprio.com/immobilier-23186771-vente-paimpol-maison-101-m2-jardin-825-m-paimpol,345 840,Paimpol 22500,101,825,6
Maison en pierre rénovée avec dépendances,https://www.etreproprio.com/immobilier-23173184-vente-maison-en-pierre-renovee-avec-dependances-paimpol,299 000,Paimpol 22500,119,545,5
Trois chambres et vue mer panoramique,https://www.etreproprio.com/immobilier-23172066-vente-trois-chambres-et-vue-mer-panoramique-paimpol,230 000,Paimpol 22500,90,,4
Maison 90m² à paimpol,https://www.etreproprio.com/immobilier-23151283-vente-maison-90m-a-paimpol-paimpol,758 680,Paimpol 22500,90,700,5
Maison 75m² à paimpol,https://www.etreproprio.com/immobilier-22069138-vente-maison-75m-a-paimpol-paimpol,165 000,Paimpol 22500,75,272,4
Maison paimpol 4 pièce(s) 118 m2,https://www.etreproprio.com/immobilier-22952409-vente-maison-paimpol-4-pieces-118-m2-paimpol,393 750,Paimpol 22500,125,1 054,5
Maison 65m² à paimpol,https://www.etreproprio.com/immobilier-22897388-vente-maison-65m-a-paimpol-paimpol,99 000,Paimpol 22500,65,103,3
"Maison avec vie de plain-pied à paimpol, proche commodités",https://www.etreproprio.com/immobilier-22114955-vente-maison-avec-vie-de-plain-pied-a-paimpol-proche-commodites-paimpol,294 792,Paimpol 22500,73,644,4
Maison 96m² à paimpol,https://www.etreproprio.com/immobilier-22873851-vente-maison-96m-a-paimpol-paimpol,329 000,Paimpol 22500,96,985,5
Paimpol maison 140 m2 jardin 514 m²,https://www.etreproprio.com/immobilier-22853838-vente-paimpol-maison-140-m2-jardin-514-m-paimpol,467 550,Paimpol 22500,140,514,6
"Maison en pierres 95 m2, terrain 237 m2, paimpol, proche centre ville, commerces et port a pied",https://www.etreproprio.com/immobilier-22858029-vente-maison-en-pierres-95-m2-terrain-237-m2-paimpol-proche-centre-ville-commerces-et-port-a-pied-paimpol,262 000,Paimpol 22500,96,237,4
Maison familiale avec grand terrain et dépendances,https://www.etreproprio.com/immobilier-22437256-vente-maison-familiale-avec-grand-terrain-et-dependances-paimpol,318 900,Paimpol 22500,151,3 300,6
Maison 93m² à paimpol,https://www.etreproprio.com/immobilier-22760742-vente-maison-93m-a-paimpol-paimpol,290 000,Paimpol 22500,93,757,5
Maison 102m² à paimpol,https://www.etreproprio.com/immobilier-22737960-vente-maison-102m-a-paimpol-paimpol,369 250,Paimpol 22500,102,514,4
Rare sur le marché,https://www.etreproprio.com/immobilier-22689521-vente-rare-sur-le-marche-paimpol,229 000,Paimpol 22500,80,,4
Paimpol  maison 140 m2 jardin 514 m²,https://www.etreproprio.com/immobilier-22668659-vente-paimpol-maison-140-m2-jardin-514-m-paimpol,471 600,Paimpol 22500,140,514,6
"Paimpol- centre - ensemble immobilier!    un commerce, 2 appartements ! de 156m² sur 395 m² environ",https://www.etreproprio.com/immobilier-22644017-vente-paimpol-centre-ensemble-immobilier-un-commerce-2-appartements-de-156m-sur-395-m-environ-paimpol,335 360,Paimpol 22500,156,395,6
Paimpol - hyper centre à pied!                                            maison de 81 m² sur 640 m² environ,https://www.etreproprio.com/immobilier-22114611-vente-paimpol-hyper-centre-a-pied-maison-de-81-m-sur-640-m-environ-paimpol,295 000,Paimpol 22500,81,644,4
Maison plehedel 5 pièce(s) 100 m2,https://www.etreproprio.com/immobilier-22602537-vente-maison-plehedel-5-pieces-100-m2-paimpol,199 990,Paimpol 22500,100,1 452,5
Maison 129m² à paimpol,https://www.etreproprio.com/immobilier-22568372-vente-maison-129m-a-paimpol-paimpol,339 000,Paimpol 22500,129,1 293,7
Maison familiale piscine chauffée,https://www.etreproprio.com/immobilier-22561180-vente-maison-familiale-piscine-chauffee-paimpol,712 000,Paimpol 22500,160,7 367,8
A vendre maison paimpol,https://www.etreproprio.com/immobilier-22493144-vente-a-vendre-maison-paimpol-paimpol,294 792,Paimpol 22500,75,644,5
Maison 83m² à paimpol,https://www.etreproprio.com/immobilier-21788177-vente-maison-83m-a-paimpol-paimpol,295 000,Paimpol 22500,83,644,4
"Paimpol - le centre à pied !                              maison familiale   6 pièces, 103 m² sur 750 m² environ",https://www.etreproprio.com/immobilier-22252831-vente-paimpol-le-centre-a-pied-maison-familiale-6-pieces-103-m-sur-750-m-environ-paimpol,320 000,Paimpol 22500,103,750,6
Maison 140m² à paimpol,https://www.etreproprio.com/immobilier-14840426-vente-maison-140m-a-paimpol-paimpol,545 900,Paimpol 22500,140,610,7
Maison 135m² à paimpol,https://www.etreproprio.com/immobilier-22243146-vente-maison-135m-a-paimpol-paimpol,434 000,Paimpol 22500,135,2 600,6
Maison paimpol 5 pièce(s) 165 m2,https://www.etreproprio.com/immobilier-22232219-vente-maison-paimpol-5-pieces-165-m2-paimpol,441 000,Paimpol 22500,165,1 500,5
maison familiale ou gîte clé en main- paimpol - 8 chambres - proche plage,https://www.etreproprio.com/immobilier-22215165-vente-maison-familiale-ou-gite-cle-en-main-paimpol-8-chambres-proche-plage-paimpol,850 000,Paimpol 22500,289,,12
Maison 192m² à paimpol,https://www.etreproprio.com/immobilier-22195596-vente-maison-192m-a-paimpol-paimpol,997 500,Paimpol 22500,192,3 973,8
Maison 70m² à paimpol,https://www.etreproprio.com/immobilier-22186372-vente-maison-70m-a-paimpol-paimpol,n.c.,Paimpol 22500,70,363,4
Paimpol-kerfot,https://www.etreproprio.com/immobilier-22070711-vente-paimpol-kerfot-paimpol,357 000,Paimpol 22500,106,,5
Maison 110m² à paimpol,https://www.etreproprio.com/immobilier-21961375-vente-maison-110m-a-paimpol-paimpol,175 000,Paimpol 22500,110,403,5
A vendre proche de paimpol (22) maison de ville,https://www.etreproprio.com/immobilier-21895773-vente-a-vendre-proche-de-paimpol-22-maison-de-ville-paimpol,801 504,Paimpol 22500,321,700,13
Bien d'exception paimpol 7 pièces -  160 m²,https://www.etreproprio.com/immobilier-21812944-vente-bien-d-exception-paimpol-7-pieces-160-m-paimpol,717 600,Paimpol 22500,160,7 367,7
Maison 160m² à paimpol,https://www.etreproprio.com/immobilier-21673422-vente-maison-160m-a-paimpol-paimpol,336 000,Paimpol 22500,160,3 352,7
Maison 192m² à paimpol,https://www.etreproprio.com/immobilier-21522731-vente-maison-192m-a-paimpol-paimpol,997 500,Paimpol 22500,192,3 973,8
Maison perros-guirec 6 pièce(s) 152 m²,https://www.etreproprio.com/immobilier-23701412-vente-maison-perros-guirec-6-pieces-152-m-perros-guirec,420 000,Perros-Guirec 22700,152,287,6
Secteur recherché de la clarté,https://www.etreproprio.com/immobilier-23530240-vente-secteur-recherche-de-la-clarte-perros-guirec,340 000,Perros-Guirec 22700,114,394,6
Maison en granit rose rénovée 4 chambres   137 m2   proche mer   perros-guirec (22700),https://www.etreproprio.com/immobilier-23683884-vente-maison-en-granit-rose-renovee-4-chambres-137-m2-proche-mer-perros-guirec-22700-perros-guirec,400 000,Perros-Guirec 22700,137,410,5
Perros-guirec - villa balnéaire des années 20 avec vue mer panoramique,https://www.etreproprio.com/immobilier-23675200-vente-perros-guirec-villa-balneaire-des-annees-20-avec-vue-mer-panoramique-perros-guirec,885 000,Perros-Guirec 22700,,,9
Maison 137m² à perros-guirec,https://www.etreproprio.com/immobilier-23679092-vente-maison-137m-a-perros-guirec-perros-guirec,400 000,Perros-Guirec 22700,137,431,8
Maison atypique vue mer,https://www.etreproprio.com/immobilier-23682451-vente-maison-atypique-vue-mer-perros-guirec,449 000,Perros-Guirec 22700,125,547,6
Maison 70m² à perros-guirec,https://www.etreproprio.com/immobilier-23656235-vente-maison-70m-a-perros-guirec-perros-guirec,291 200,Perros-Guirec 22700,70,180,5
Maison 70m² à perros-guirec,https://www.etreproprio.com/immobilier-23662025-vente-maison-70m-a-perros-guirec-perros-guirec,270 000,Perros-Guirec 22700,70,415,3
Maison 126m² à perros-guirec,https://www.etreproprio.com/immobilier-23652726-vente-maison-126m-a-perros-guirec-perros-guirec,449 190,Perros-Guirec 22700,126,547,6
Maison 180m² à perros-guirec,https://www.etreproprio.com/immobilier-23652725-vente-maison-180m-a-perros-guirec-perros-guirec,498 000,Perros-Guirec 22700,180,1 219,8
Maison récente de 2007,https://www.etreproprio.com/immobilier-23642697-vente-maison-recente-de-2007-perros-guirec,391 400,Perros-Guirec 22700,136,1 385,6
Au calme et proche plage !,https://www.etreproprio.com/immobilier-23494221-vente-au-calme-et-proche-plage-perros-guirec,423 000,Perros-Guirec 22700,127,997,5
"Elegante maison renovee,  a 10 mm a pied de la plage",https://www.etreproprio.com/immobilier-23604654-vente-elegante-maison-renovee-a-10-mm-a-pied-de-la-plage-perros-guirec,423 000,Perros-Guirec 22700,127,997,5
Maison 114m² à perros-guirec,https://www.etreproprio.com/immobilier-23290433-vente-maison-114m-a-perros-guirec-perros-guirec,340 000,Perros-Guirec 22700,114,394,5
Maison 110m² à perros-guirec,https://www.etreproprio.com/immobilier-23594344-vente-maison-110m-a-perros-guirec-perros-guirec,373 500,Perros-Guirec 22700,110,730,6
Perros-guirec  centre-ville vue mer,https://www.etreproprio.com/immobilier-22415558-vente-perros-guirec-centre-ville-vue-mer-perros-guirec,681 200,Perros-Guirec 22700,180,597,8
Maison 161m² à perros-guirec,https://www.etreproprio.com/immobilier-17923383-vente-maison-161m-a-perros-guirec-perros-guirec,420 000,Perros-Guirec 22700,161,267,6
Perros-guirec  maison  6 pièces 116 m2,https://www.etreproprio.com/immobilier-23542037-vente-perros-guirec-maison-6-pieces-116-m2-perros-guirec,396 000,Perros-Guirec 22700,116,767,6
Propriété de caractère - port & commerces à pied - perros-guirec,https://www.etreproprio.com/immobilier-21876684-vente-propriete-de-caractere-port-commerces-a-pied-perros-guirec-perros-guirec,609 000,Perros-Guirec 22700,224,,10
Très beaux volumes et fonctionnelle !,https://www.etreproprio.com/immobilier-22612545-vente-tres-beaux-volumes-et-fonctionnelle-perros-guirec,498 000,Perros-Guirec 22700,176,667,6
Vente maison plaine-haute(22800) 185 000ï¿œ,https://www.etreproprio.com/immobilier-23879376-vente-vente-maison-plaine-haute22800-185-000i-oe-plaine-haute,185 000,Plaine-Haute 22800,91,836,4
Maison familiale a plaine-haute  réf : 2025128,https://www.etreproprio.com/immobilier-23704817-vente-maison-familiale-a-plaine-haute-ref-2025128-plaine-haute,291 172,Plaine-Haute 22800,179,5 197,9
Charmante maison en pierres au coeur de la campagne,https://www.etreproprio.com/immobilier-23171098-vente-charmante-maison-en-pierres-au-coeur-de-la-campagne-plaine-haute,187 560,Plaine-Haute 22800,108,1 732,4
Maison de caractère vue sur le gouët,https://www.etreproprio.com/immobilier-22678550-vente-maison-de-caractere-vue-sur-le-gouet-plaine-haute,292 600,Plaine-Haute 22800,245,5 197,9
"Belle propriété sur 1,5 ha de terrain clos",https://www.etreproprio.com/immobilier-22279827-vente-belle-propriete-sur-15-ha-de-terrain-clos-plaine-haute,467 955,Plaine-Haute 22800,151,14 970,6
Paimpol maison 90 m² jardin 520 m²,https://www.etreproprio.com/immobilier-21062476-vente-paimpol-maison-90-m-jardin-520-m-paimpol,366 800,Paimpol 22500,90,527,5
Paimpol  centre - secteur hôpital !                      maison avec vie de plain-pied ! 5 pièce(s) 90 m2,https://www.etreproprio.com/immobilier-21489458-vente-paimpol-centre-secteur-hopital-maison-avec-vie-de-plain-pied-5-pieces-90-m2-paimpol,366 800,Paimpol 22500,89,527,5
Maison 150m² à paimpol,https://www.etreproprio.com/immobilier-19130447-vente-maison-150m-a-paimpol-paimpol,580 000,Paimpol 22500,150,,5
"Paimpol, quartier recherché, belle maison avec gite attenant.",https://www.etreproprio.com/immobilier-16879087-vente-paimpol-quartier-recherche-belle-maison-avec-gite-attenant-paimpol,478 400,Paimpol 22500,162,779,8
"Paimpol centre !                             ensemble immobilier idéal investisseurs, sur 612 m2",https://www.etreproprio.com/immobilier-20428627-vente-paimpol-centre-ensemble-immobilier-ideal-investisseurs-sur-612-m2-paimpol,419 200,Paimpol 22500,184,612,9
Maison 185m² à paimpol,https://www.etreproprio.com/immobilier-20135783-vente-maison-185m-a-paimpol-paimpol,507 000,Paimpol 22500,185,1 499,8
"Paimpol, jolie maison néo bretonne avec vue mer,  à vendre",https://www.etreproprio.com/immobilier-16672221-vente-paimpol-jolie-maison-neo-bretonne-avec-vue-mer-a-vendre-paimpol,257 500,Paimpol 22500,114,894,4
Maison 151m² à perros-guirec,https://www.etreproprio.com/immobilier-23108882-vente-maison-151m-a-perros-guirec-perros-guirec,575 000,Perros-Guirec 22700,151,922,7
Maison 180m² à perros-guirec,https://www.etreproprio.com/immobilier-23460114-vente-maison-180m-a-perros-guirec-perros-guirec,859 000,Perros-Guirec 22700,180,396,10
Maison 209m² à perros-guirec,https://www.etreproprio.com/immobilier-23446232-vente-maison-209m-a-perros-guirec-perros-guirec,320 000,Perros-Guirec 22700,209,395,11
Maison 208m² à perros-guirec,https://www.etreproprio.com/immobilier-23442321-vente-maison-208m-a-perros-guirec-perros-guirec,319 550,Perros-Guirec 22700,208,395,10
Perros guirec : très belle maison neuve - nombreuses proximités recherchées à pied,https://www.etreproprio.com/immobilier-23417594-vente-perros-guirec-tres-belle-maison-neuve-nombreuses-proximites-recherchees-a-pied-perros-guirec,420 000,Perros-Guirec 22700,120,320,5
"Perros-guirec  maison familiale avec aperçu mer, proche port de plaisance",https://www.etreproprio.com/immobilier-23399173-vente-perros-guirec-maison-familiale-avec-apercu-mer-proche-port-de-plaisance-perros-guirec,629 200,Perros-Guirec 22700,207,765,9
"Charmante maison perrosienne avec jardin – centre-ville de perros-guirec, proche plage et commerces",https://www.etreproprio.com/immobilier-23371470-vente-charmante-maison-perrosienne-avec-jardin-centre-ville-de-perros-guirec-proche-plage-et-commerces-perros-guirec,613 600,Perros-Guirec 22700,93,,4
Maison proche des plages avec vue mer à perros-guirec,https://www.etreproprio.com/immobilier-23371471-vente-maison-proche-des-plages-avec-vue-mer-a-perros-guirec-perros-guirec,509 600,Perros-Guirec 22700,132,,7
Maison 80m² à perros-guirec,https://www.etreproprio.com/immobilier-22250770-vente-maison-80m-a-perros-guirec-perros-guirec,292 500,Perros-Guirec 22700,80,387,5
Charmante maison de ville rénovée au coeur de perros-guirec - réf : 202568,https://www.etreproprio.com/immobilier-22380589-vente-charmante-maison-de-ville-renovee-au-coeur-de-perros-guirec-ref-202568-perros-guirec,358 765,Perros-Guirec 22700,76,571,5
Maison 180m² à perros-guirec,https://www.etreproprio.com/immobilier-23310778-vente-maison-180m-a-perros-guirec-perros-guirec,669 500,Perros-Guirec 22700,180,697,8
Maison 78m² à perros-guirec,https://www.etreproprio.com/immobilier-22707953-vente-maison-78m-a-perros-guirec-perros-guirec,225 000,Perros-Guirec 22700,78,531,5
Hyper plage et vue mer !,https://www.etreproprio.com/immobilier-22365721-vente-hyper-plage-et-vue-mer-perros-guirec,759 000,Perros-Guirec 22700,73,700,3
Maison perros guirec 3 pièce(s) 60 m2 proche plage,https://www.etreproprio.com/immobilier-23240655-vente-maison-perros-guirec-3-pieces-60-m2-proche-plage-perros-guirec,249 420,Perros-Guirec 22700,60,811,3
Maison 76m² à perros-guirec,https://www.etreproprio.com/immobilier-22888286-vente-maison-76m-a-perros-guirec-perros-guirec,219 000,Perros-Guirec 22700,76,250,4
Maison 105m² à perros-guirec,https://www.etreproprio.com/immobilier-23212669-vente-maison-105m-a-perros-guirec-perros-guirec,338 225,Perros-Guirec 22700,105,150,6
Maison 207m² à perros-guirec,https://www.etreproprio.com/immobilier-22384031-vente-maison-207m-a-perros-guirec-perros-guirec,619 900,Perros-Guirec 22700,207,765,9
Pas de travaux et tout confort au rdc !,https://www.etreproprio.com/immobilier-22163328-vente-pas-de-travaux-et-tout-confort-au-rdc-perros-guirec,433 000,Perros-Guirec 22700,161,798,9
Maison 148m² à perros-guirec,https://www.etreproprio.com/immobilier-23147419-vente-maison-148m-a-perros-guirec-perros-guirec,301 600,Perros-Guirec 22700,148,755,12
Maison perros guirec 9 pièce(s) 224 m2,https://www.etreproprio.com/immobilier-23114917-vente-maison-perros-guirec-9-pieces-224-m2-perros-guirec,599 900,Perros-Guirec 22700,224,294,9
Maison 88m² à plaintel,https://www.etreproprio.com/immobilier-23878378-vente-maison-88m-a-plaintel-plaintel,164 500,Plaintel 22940,88,900,4
Maison 95m² à plaintel,https://www.etreproprio.com/immobilier-23805488-vente-maison-95m-a-plaintel-plaintel,237 000,Plaintel 22940,95,429,5
Vente maison plaintel(22940) 344 950ï¿œ,https://www.etreproprio.com/immobilier-23777944-vente-vente-maison-plaintel22940-344-950i-oe-plaintel,344 950,Plaintel 22940,135,2 416,6
Jolie maison familiale au coeur de plaintel,https://www.etreproprio.com/immobilier-22552149-vente-jolie-maison-familiale-au-coeur-de-plaintel-plaintel,258 500,Plaintel 22940,120,703,7
Maison 90m² à plaintel,https://www.etreproprio.com/immobilier-23702499-vente-maison-90m-a-plaintel-plaintel,235 000,Plaintel 22940,90,6 130,7
"À vendre  maison familiale sans travaux à plaintel, proche centre-bourg",https://www.etreproprio.com/immobilier-22993282-vente-a-vendre-maison-familiale-sans-travaux-a-plaintel-proche-centre-bourg-plaintel,342 000,Plaintel 22940,162,2 400,6
Maison plaintel 6 pièce(s) 115 m2,https://www.etreproprio.com/immobilier-23626288-vente-maison-plaintel-6-pieces-115-m2-plaintel,220 500,Plaintel 22940,115,900,6
Maison 112m² à plaintel,https://www.etreproprio.com/immobilier-23605850-vente-maison-112m-a-plaintel-plaintel,220 000,Plaintel 22940,112,900,4
Jolie contemporaine de 2023,https://www.etreproprio.com/immobilier-22750695-vente-jolie-contemporaine-de-2023-plaintel,272 000,Plaintel 22940,100,457,4
"Exclusivité !! 22940 plaintel. dépendance en pierre à usage d'habitation, grand terrain",https://www.etreproprio.com/immobilier-23531337-vente-exclusivite-22940-plaintel-dependance-en-pierre-a-usage-d-habitation-grand-terrain-plaintel,59 000,Plaintel 22940,50,2 302,1
Maison néo-bretonne d'exception   cadre naturel & espaces gé,https://www.etreproprio.com/immobilier-23379985-vente-maison-neo-bretonne-d-exception-cadre-naturel-espaces-ge-plaintel,364 350,Plaintel 22940,116,10 207,5
Maison 135m² à plaintel,https://www.etreproprio.com/immobilier-22629931-vente-maison-135m-a-plaintel-plaintel,350 000,Plaintel 22940,135,2 416,6
Maison 155m² à plaintel,https://www.etreproprio.com/immobilier-22882058-vente-maison-155m-a-plaintel-plaintel,n.c.,Plaintel 22940,156,1 401,5
Maison 80m² à plaintel,https://www.etreproprio.com/immobilier-23131867-vente-maison-80m-a-plaintel-plaintel,238 000,Plaintel 22940,80,531,4
Maison 120m² à plaintel,https://www.etreproprio.com/immobilier-22535529-vente-maison-120m-a-plaintel-plaintel,259 000,Plaintel 22940,120,703,7
Maison 145m² à plaintel,https://www.etreproprio.com/immobilier-21895913-vente-maison-145m-a-plaintel-plaintel,291 172,Plaintel 22940,145,3 600,6
Maison  investissement locatif  92 m² - plaintel proche du bourg,https://www.etreproprio.com/immobilier-22437066-vente-maison-investissement-locatif-92-m-plaintel-proche-du-bourg-plaintel,178 160,Plaintel 22940,92,386,4
Cadre bucolique pour cette demeure 18e entièrement restaurée sur 8000 m2 et 3 hectares disponibles en plus,https://www.etreproprio.com/immobilier-21296244-vente-cadre-bucolique-pour-cette-demeure-18e-entierement-restauree-sur-8000-m2-et-3-hectares-disponibles-en-plus-plaintel,299 000,Plaintel 22940,150,7 976,6
Vendre   ensemble de deux bâtisses à rénover   centre de plancoët,https://www.etreproprio.com/immobilier-23867502-vente-vendre-ensemble-de-deux-batisses-a-renover-centre-de-plancoet-plancoet,76 000,Plancoet 22130,95,350,1
A vendre plancoet,https://www.etreproprio.com/immobilier-23867503-vente-a-vendre-plancoet-plancoet,47 500,Plancoet 22130,110,262,1
Grande maison avec appartement indépendant   centre-ville de plancoët,https://www.etreproprio.com/immobilier-23185175-vente-grande-maison-avec-appartement-independant-centre-ville-de-plancoet-plancoet,232 400,Plancoet 22130,176,921,7
Vente maison plancoet(22130) 176 550ï¿œ,https://www.etreproprio.com/immobilier-23852925-vente-vente-maison-plancoet22130-176-550i-oe-plancoet,176 550,Plancoet 22130,59,1 394,4
Maison récente 125m2 à plancoët,https://www.etreproprio.com/immobilier-23837299-vente-maison-recente-125m2-a-plancoet-plancoet,329 400,Plancoet 22130,125,777,5
À vendre   charmante maison en pierre en plein centre-ville de plancoët,https://www.etreproprio.com/immobilier-22950140-vente-a-vendre-charmante-maison-en-pierre-en-plein-centre-ville-de-plancoet-plancoet,191 500,Plancoet 22130,100,163,5
A vendre plain pied plancoet,https://www.etreproprio.com/immobilier-23776367-vente-a-vendre-plain-pied-plancoet-plancoet,191 500,Plancoet 22130,63,674,3
Maison plancoet 6 pièce(s) 136 m2,https://www.etreproprio.com/immobilier-23754728-vente-maison-plancoet-6-pieces-136-m2-plancoet,236 250,Plancoet 22130,136,712,6
Maison 63m² à plancoet,https://www.etreproprio.com/immobilier-23337450-vente-maison-63m-a-plancoet-plancoet,189 900,Plancoet 22130,63,674,3
Maison plancoet,https://www.etreproprio.com/immobilier-23739145-vente-maison-plancoet-plancoet,81 480,Plancoet 22130,62,663,3
À vendre : maison de caractère entièrement rénovée au cœur de plancoët,https://www.etreproprio.com/immobilier-23737922-vente-a-vendre-maison-de-caractere-entierement-renovee-au-coeur-de-plancoet-plancoet,298 500,Plancoet 22130,121,246,5
Maison 118m² à plancoet,https://www.etreproprio.com/immobilier-23742391-vente-maison-118m-a-plancoet-plancoet,341 000,Plancoet 22130,118,472,6
A vendre plancoet,https://www.etreproprio.com/immobilier-22496757-vente-a-vendre-plancoet-plancoet,299 250,Plancoet 22130,121,246,5
Maison 136m² à plancoet,https://www.etreproprio.com/immobilier-23731374-vente-maison-136m-a-plancoet-plancoet,233 900,Plancoet 22130,136,712,6
Maison 111m² à plancoet,https://www.etreproprio.com/immobilier-23731531-vente-maison-111m-a-plancoet-plancoet,220 000,Plancoet 22130,111,489,5
Centre bourg de plancoet - maison en pierres,https://www.etreproprio.com/immobilier-23709624-vente-centre-bourg-de-plancoet-maison-en-pierres-plancoet,193 880,Plancoet 22130,121,774,5
Maison familiale lumineuse,https://www.etreproprio.com/immobilier-23694445-vente-maison-familiale-lumineuse-plancoet,425 000,Plancoet 22130,187,1 213,7
Maison 187m² à plancoet,https://www.etreproprio.com/immobilier-22858878-vente-maison-187m-a-plancoet-plancoet,425 000,Plancoet 22130,187,1 213,6
Maison 5 pieces - terrain de 777 m2 - au calme,https://www.etreproprio.com/immobilier-23614525-vente-maison-5-pieces-terrain-de-777-m2-au-calme-plancoet,329 400,Plancoet 22130,125,777,5
Maison en pierre à vendre   centre de plancoët,https://www.etreproprio.com/immobilier-23563892-vente-maison-en-pierre-a-vendre-centre-de-plancoet-plancoet,196 750,Plancoet 22130,121,774,5
Maison 106m² à perros-guirec,https://www.etreproprio.com/immobilier-22738033-vente-maison-106m-a-perros-guirec-perros-guirec,499 000,Perros-Guirec 22700,106,301,5
Perros guirec: trestignel maison ancienne en pierre t4 vue mer,https://www.etreproprio.com/immobilier-22642629-vente-perros-guirec-trestignel-maison-ancienne-en-pierre-t4-vue-mer-perros-guirec,499 000,Perros-Guirec 22700,107,301,5
Maison 136m² à perros-guirec,https://www.etreproprio.com/immobilier-22987040-vente-maison-136m-a-perros-guirec-perros-guirec,419 175,Perros-Guirec 22700,136,493,8
Maison de caractère avec terrain constructible - entre port et centre-ville,https://www.etreproprio.com/immobilier-22026124-vente-maison-de-caractere-avec-terrain-constructible-entre-port-et-centre-ville-perros-guirec,441 000,Perros-Guirec 22700,85,1 070,5
Maison 142m² à perros-guirec,https://www.etreproprio.com/immobilier-22956695-vente-maison-142m-a-perros-guirec-perros-guirec,998 400,Perros-Guirec 22700,142,7 000,7
Maison 155m² à perros-guirec,https://www.etreproprio.com/immobilier-22953071-vente-maison-155m-a-perros-guirec-perros-guirec,379 080,Perros-Guirec 22700,155,784,7
"Perros-guirec: avec vue mer, belle maison ancienne t4",https://www.etreproprio.com/immobilier-22941183-vente-perros-guirec-avec-vue-mer-belle-maison-ancienne-t4-perros-guirec,445 000,Perros-Guirec 22700,85,882,5
Maison en pierre,https://www.etreproprio.com/immobilier-22939822-vente-maison-en-pierre-perros-guirec,447 200,Perros-Guirec 22700,84,550,5
Maison 147m² à perros-guirec,https://www.etreproprio.com/immobilier-22927340-vente-maison-147m-a-perros-guirec-perros-guirec,363 000,Perros-Guirec 22700,147,975,7
Maison de caractere perros guirec (22),https://www.etreproprio.com/immobilier-21149578-vente-maison-de-caractere-perros-guirec-22-perros-guirec,363 000,Perros-Guirec 22700,132,975,6
"Authenticité, volumes et potentiel à perros-guirec",https://www.etreproprio.com/immobilier-22017995-vente-authenticite-volumes-et-potentiel-a-perros-guirec-perros-guirec,998 400,Perros-Guirec 22700,142,7 000,7
Maison de plain-pied perros guirec,https://www.etreproprio.com/immobilier-22750849-vente-maison-de-plain-pied-perros-guirec-perros-guirec,434 650,Perros-Guirec 22700,103,1 400,4
Maison de plain-pied,https://www.etreproprio.com/immobilier-22736167-vente-maison-de-plain-pied-perros-guirec,124 400,Perros-Guirec 22700,38,,2
Villa d'exception à ploumanac'h,https://www.etreproprio.com/immobilier-19062490-vente-villa-d-exception-a-ploumanac-h-perros-guirec,1 823 519,Perros-Guirec 22700,230,745,12
Proche du port & des commerces,https://www.etreproprio.com/immobilier-20868024-vente-proche-du-port-des-commerces-perros-guirec,372 750,Perros-Guirec 22700,132,975,6
Maison 166m² à perros-guirec,https://www.etreproprio.com/immobilier-20910391-vente-maison-166m-a-perros-guirec-perros-guirec,314 500,Perros-Guirec 22700,166,467,6
Villa revisitée avec vue mer panoramique à perros-guirec,https://www.etreproprio.com/immobilier-22530281-vente-villa-revisitee-avec-vue-mer-panoramique-a-perros-guirec-perros-guirec,1 125 000,Perros-Guirec 22700,186,815,8
Maison 59m² à perros-guirec,https://www.etreproprio.com/immobilier-22502712-vente-maison-59m-a-perros-guirec-perros-guirec,269 990,Perros-Guirec 22700,59,997,3
A deux pas du port de perros,https://www.etreproprio.com/immobilier-22481692-vente-a-deux-pas-du-port-de-perros-perros-guirec,362 100,Perros-Guirec 22700,104,605,5
Perros guirec vue mer en impasse,https://www.etreproprio.com/immobilier-22386924-vente-perros-guirec-vue-mer-en-impasse-perros-guirec,293 000,Perros-Guirec 22700,80,387,4
Maison neuve à plancoët,https://www.etreproprio.com/immobilier-23429322-vente-maison-neuve-a-plancoet-plancoet,344 800,Plancoet 22130,118,472,5
Maison plancoet,https://www.etreproprio.com/immobilier-22611277-vente-maison-plancoet-plancoet,345 840,Plancoet 22130,118,472,5
Maison 103m² à plancoet,https://www.etreproprio.com/immobilier-22535643-vente-maison-103m-a-plancoet-plancoet,341 000,Plancoet 22130,103,472,6
A vendre centre ville plancoet,https://www.etreproprio.com/immobilier-20918507-vente-a-vendre-centre-ville-plancoet-plancoet,242 450,Plancoet 22130,132,1 404,7
Maison 92m² à plancoet,https://www.etreproprio.com/immobilier-22535859-vente-maison-92m-a-plancoet-plancoet,121 700,Plancoet 22130,92,,3
Maison 197m² à plancoet,https://www.etreproprio.com/immobilier-22855840-vente-maison-197m-a-plancoet-plancoet,399 000,Plancoet 22130,197,,6
Maison 110m² à plancoet,https://www.etreproprio.com/immobilier-22742943-vente-maison-110m-a-plancoet-plancoet,224 900,Plancoet 22130,110,617,4
Maison 171m² à plancoet,https://www.etreproprio.com/immobilier-22212037-vente-maison-171m-a-plancoet-plancoet,418 000,Plancoet 22130,171,2 041,7
A vendre plancoet,https://www.etreproprio.com/immobilier-21546053-vente-a-vendre-plancoet-plancoet,449 000,Plancoet 22130,168,10 823,5
Maison plancoet,https://www.etreproprio.com/immobilier-22435363-vente-maison-plancoet-plancoet,356 320,Plancoet 22130,127,534,6
Maison plancoet 86 m2,https://www.etreproprio.com/immobilier-21270756-vente-maison-plancoet-86-m2-plancoet,70 000,Plancoet 22130,86,285,4
Maison 109m² à plancoet,https://www.etreproprio.com/immobilier-21251998-vente-maison-109m-a-plancoet-plancoet,260 500,Plancoet 22130,109,2 744,5
Maison plancoet,https://www.etreproprio.com/immobilier-20078292-vente-maison-plancoet-plancoet,225 320,Plancoet 22130,88,617,4
Maison 105m² à planguenoual,https://www.etreproprio.com/immobilier-23844215-vente-maison-105m-a-planguenoual-planguenoual,235 000,Planguenoual 22400,105,400,6
Maison 110m² à planguenoual,https://www.etreproprio.com/immobilier-23713323-vente-maison-110m-a-planguenoual-planguenoual,364 000,Planguenoual 22400,110,4 200,4
Maison 346m² à planguenoual,https://www.etreproprio.com/immobilier-23459661-vente-maison-346m-a-planguenoual-planguenoual,1 100 000,Planguenoual 22400,346,4 718,11
Maison 102m² à planguenoual,https://www.etreproprio.com/immobilier-23640683-vente-maison-102m-a-planguenoual-planguenoual,408 479,Planguenoual 22400,102,520,5
Maison de plain-pied à planguenoual,https://www.etreproprio.com/immobilier-23399172-vente-maison-de-plain-pied-a-planguenoual-planguenoual,298 680,Planguenoual 22400,109,498,5
Maison 290m² à planguenoual,https://www.etreproprio.com/immobilier-23244685-vente-maison-290m-a-planguenoual-planguenoual,845 500,Planguenoual 22400,290,4 951,10
Maison 116m² à planguenoual,https://www.etreproprio.com/immobilier-23165613-vente-maison-116m-a-planguenoual-planguenoual,234 000,Planguenoual 22400,116,758,4
Maison 95m² à planguenoual,https://www.etreproprio.com/immobilier-22756803-vente-maison-95m-a-planguenoual-planguenoual,270 000,Planguenoual 22400,95,6 500,5
Maison indépendante proche des commerces à planguenoual,https://www.etreproprio.com/immobilier-22732205-vente-maison-independante-proche-des-commerces-a-planguenoual-planguenoual,241 040,Planguenoual 22400,111,428,5
Appartement,https://www.etreproprio.com/immobilier-22375001-vente-appartement-perros-guirec,210 000,Perros-Guirec 22700,,,
Maison 130m² à perros-guirec,https://www.etreproprio.com/immobilier-21195010-vente-maison-130m-a-perros-guirec-perros-guirec,592 000,Perros-Guirec 22700,130,1 685,6
Maison 107m² à perros-guirec,https://www.etreproprio.com/immobilier-19729735-vente-maison-107m-a-perros-guirec-perros-guirec,1 045 000,Perros-Guirec 22700,107,1 143,6
Idéal pied à terre à ploumanac'h,https://www.etreproprio.com/immobilier-22251991-vente-ideal-pied-a-terre-a-ploumanac-h-perros-guirec,450 000,Perros-Guirec 22700,79,220,4
Perros-guirec: propriété 7 pièces vue mer,https://www.etreproprio.com/immobilier-22132876-vente-perros-guirec-propriete-7-pieces-vue-mer-perros-guirec,592 800,Perros-Guirec 22700,160,1 685,7
Maison 120m² à perros-guirec,https://www.etreproprio.com/immobilier-21870429-vente-maison-120m-a-perros-guirec-perros-guirec,650 000,Perros-Guirec 22700,120,585,6
Maison 120m² à perros-guirec,https://www.etreproprio.com/immobilier-21840493-vente-maison-120m-a-perros-guirec-perros-guirec,650 000,Perros-Guirec 22700,120,585,6
Maison 180m² à perros-guirec,https://www.etreproprio.com/immobilier-21829448-vente-maison-180m-a-perros-guirec-perros-guirec,859 000,Perros-Guirec 22700,180,396,9
Maison 85m² à perros-guirec,https://www.etreproprio.com/immobilier-21742271-vente-maison-85m-a-perros-guirec-perros-guirec,260 000,Perros-Guirec 22700,85,369,5
Villa face à la mer : l'élégance d'une demeure bretonne d'exception,https://www.etreproprio.com/immobilier-20707578-vente-villa-face-a-la-mer-l-elegance-d-une-demeure-bretonne-d-exception-perros-guirec,2 112 600,Perros-Guirec 22700,260,2 170,12
Maison 199m² à perros-guirec,https://www.etreproprio.com/immobilier-17030411-vente-maison-199m-a-perros-guirec-perros-guirec,472 500,Perros-Guirec 22700,199,1 420,10
Propriété de charme proche de la mer et d'un bourg,https://www.etreproprio.com/immobilier-21198392-vente-propriete-de-charme-proche-de-la-mer-et-d-un-bourg-perros-guirec,1 352 000,Perros-Guirec 22700,345,1 858,12
Maison 236m² à perros-guirec,https://www.etreproprio.com/immobilier-20692462-vente-maison-236m-a-perros-guirec-perros-guirec,1 792 200,Perros-Guirec 22700,236,800,8
Maison 96m² à perros-guirec,https://www.etreproprio.com/immobilier-20530396-vente-maison-96m-a-perros-guirec-perros-guirec,373 500,Perros-Guirec 22700,96,280,6
Pleboulle - longère en pierres avec hangar et atelier,https://www.etreproprio.com/immobilier-23808122-vente-pleboulle-longere-en-pierres-avec-hangar-et-atelier-pleboulle,241 040,Pleboulle 22550,130,1 146,6
Maison pleboulle,https://www.etreproprio.com/immobilier-23797566-vente-maison-pleboulle-pleboulle,252 500,Pleboulle 22550,87,1 335,4
"Charmante longère rénovée à pléboulle, à proximité de la mer",https://www.etreproprio.com/immobilier-23700817-vente-charmante-longere-renovee-a-pleboulle-a-proximite-de-la-mer-pleboulle,344 850,Pleboulle 22550,90,1 140,4
Maison 110m² à pleboulle,https://www.etreproprio.com/immobilier-23707176-vente-maison-110m-a-pleboulle-pleboulle,199 000,Pleboulle 22550,110,367,5
Maison pleboulle,https://www.etreproprio.com/immobilier-23684234-vente-maison-pleboulle-pleboulle,242 000,Pleboulle 22550,129,1 146,7
Maison 183m² à pleboulle,https://www.etreproprio.com/immobilier-23004290-vente-maison-183m-a-pleboulle-pleboulle,257 000,Pleboulle 22550,183,2 692,6
Pleboulle - charmante longère en pierre située au calme,https://www.etreproprio.com/immobilier-22941100-vente-pleboulle-charmante-longere-en-pierre-situee-au-calme-pleboulle,344 850,Pleboulle 22550,90,1 140,4
Maison mitoyenne à rénover,https://www.etreproprio.com/immobilier-16665672-vente-maison-mitoyenne-a-renover-pleboulle,162 750,Pleboulle 22550,87,600,7
Maison 110m² à pledeliac,https://www.etreproprio.com/immobilier-22309139-vente-maison-110m-a-pledeliac-pledeliac,299 500,Pledeliac 22270,110,840,7
Maison à plédéliac,https://www.etreproprio.com/immobilier-22435592-vente-maison-a-pledeliac-pledeliac,178 160,Pledeliac 22270,228,122,6
Maison pledeliac 6 pièce(s) 150 m2,https://www.etreproprio.com/immobilier-22352259-vente-maison-pledeliac-6-pieces-150-m2-pledeliac,385 000,Pledeliac 22270,150,4 000,6
Pledeliac : longère 7 pièces,https://www.etreproprio.com/immobilier-21910798-vente-pledeliac-longere-7-pieces-pledeliac,346 500,Pledeliac 22270,159,1 427,7
Maison 88m² à pledran,https://www.etreproprio.com/immobilier-23890416-vente-maison-88m-a-pledran-pledran,199 780,Pledran 22960,88,400,
Le centre et les commodités à pieds - maison rénovée 3 chambres,https://www.etreproprio.com/immobilier-23836621-vente-le-centre-et-les-commodites-a-pieds-maison-renovee-3-chambres-pledran,204 600,Pledran 22960,83,250,5
Maison 81m² à pledran,https://www.etreproprio.com/immobilier-23807216-vente-maison-81m-a-pledran-pledran,204 750,Pledran 22960,82,250,4
Propriété de 2 maisons sur un parc de 18 000m2,https://www.etreproprio.com/immobilier-23791879-vente-propriete-de-2-maisons-sur-un-parc-de-18-000m2-pledran,367 150,Pledran 22960,196,17 879,8
Maison contemporaine plédran 6 pièces - 86 m²,https://www.etreproprio.com/immobilier-23587540-vente-maison-contemporaine-pledran-6-pieces-86-m-pledran,199 733,Pledran 22960,86,382,6
Pledran  -  maison rénovée de 130m² avec dépendances,https://www.etreproprio.com/immobilier-23765864-vente-pledran-maison-renovee-de-130m-avec-dependances-pledran,238 950,Pledran 22960,130,2 915,6
Maison 104 m² avec terrain 2400 m² avec parcelle constructible,https://www.etreproprio.com/immobilier-23737681-vente-maison-104-m-avec-terrain-2400-m-avec-parcelle-constructible-pledran,170 000,Pledran 22960,104,,5
Maison de village moderne à plédran 22,https://www.etreproprio.com/immobilier-22631601-vente-maison-de-village-moderne-a-pledran-22-pledran,206 700,Pledran 22960,85,250,6
Maison 85m² à pledran,https://www.etreproprio.com/immobilier-23198779-vente-maison-85m-a-pledran-pledran,,,,,
Plédran - maison en pierre 185 m2 8 pièces,https://www.etreproprio.com/immobilier-23589997-vente-pledran-maison-en-pierre-185-m2-8-pieces-pledran,431 600,Pledran 22960,186,3 965,8
Maison pledran 6 pièce(s) 116 m2,https://www.etreproprio.com/immobilier-23552679-vente-maison-pledran-6-pieces-116-m2-pledran,281 250,Pledran 22960,116,936,6
Maison familiale pledran,https://www.etreproprio.com/immobilier-23515757-vente-maison-familiale-pledran-pledran,288 000,Pledran 22960,150,1 300,5
Vente maison pledran(22960) 199 950ï¿œ,https://www.etreproprio.com/immobilier-23480801-vente-vente-maison-pledran22960-199-950i-oe-pledran,199 950,Pledran 22960,152,758,8
Maison familiale contemporaine  5 pièces  100 m²  entre plédran et trégueux,https://www.etreproprio.com/immobilier-23413786-vente-maison-familiale-contemporaine-5-pieces-100-m-entre-pledran-et-tregueux-pledran,238 000,Pledran 22960,100,,5
Maison 106m² à pledran,https://www.etreproprio.com/immobilier-23313892-vente-maison-106m-a-pledran-pledran,259 000,Pledran 22960,107,525,5
Petite propriété sur joli terrain dans bourgade dynamique aux portes de saint brieuc,https://www.etreproprio.com/immobilier-21522274-vente-petite-propriete-sur-joli-terrain-dans-bourgade-dynamique-aux-portes-de-saint-brieuc-pledran,435 750,Pledran 22960,200,3 965,7
Vente maison pledran(22960) 283 500ï¿œ,https://www.etreproprio.com/immobilier-23024869-vente-vente-maison-pledran22960-283-500i-oe-pledran,283 500,Pledran 22960,168,956,5
Traditionnelle sur 1249 m² de terrain clos,https://www.etreproprio.com/immobilier-22942535-vente-traditionnelle-sur-1249-m-de-terrain-clos-pledran,292 600,Pledran 22960,152,1 249,7
Maison pledran 6 pièce(s) 132 m2,https://www.etreproprio.com/immobilier-22583183-vente-maison-pledran-6-pieces-132-m2-pledran,219 000,Pledran 22960,132,857,6
Ensemble immobilier de 4 biens!,https://www.etreproprio.com/immobilier-21182495-vente-ensemble-immobilier-de-4-biens-pledran,863 200,Pledran 22960,400,6 700,8
Demeure de charme,https://www.etreproprio.com/immobilier-23776873-vente-demeure-de-charme-pleguien,676 650,Pleguien 22290,341,7 200,13
Maison 220m² à pleguien,https://www.etreproprio.com/immobilier-23388821-vente-maison-220m-a-pleguien-pleguien,497 000,Pleguien 22290,220,7 530,6
Pleguien : a vendre belle propriete familiale !,https://www.etreproprio.com/immobilier-23175158-vente-pleguien-a-vendre-belle-propriete-familiale-pleguien,689 000,Pleguien 22290,330,7 256,12
Maison 115m² à pleguien,https://www.etreproprio.com/immobilier-23154555-vente-maison-115m-a-pleguien-pleguien,259 000,Pleguien 22290,115,949,5
Contemporaine ossature bois,https://www.etreproprio.com/immobilier-23750443-vente-contemporaine-ossature-bois-plehedel,375 840,Plehedel 22290,122,917,5
"Plehedel, maison récente, 122 m2 habitables, terrain clos 917 m2.",https://www.etreproprio.com/immobilier-23748638-vente-plehedel-maison-recente-122-m2-habitables-terrain-clos-917-m2-plehedel,374 400,Plehedel 22290,122,917,5
Maison 127m² à plehedel,https://www.etreproprio.com/immobilier-23743967-vente-maison-127m-a-plehedel-plehedel,369 900,Plehedel 22290,127,917,6
"Maison contemporaine 127 m² – 4 chambres, suite parentale, jardin paysagé – pléhédel (10 min de paimpol)",https://www.etreproprio.com/immobilier-23736860-vente-maison-contemporaine-127-m-4-chambres-suite-parentale-jardin-paysage-plehedel-10-min-de-paimpol-plehedel,369 500,Plehedel 22290,127,917,6
"A vendre chez christelle mesnage immobilier, 4km des plages",https://www.etreproprio.com/immobilier-23705179-vente-a-vendre-chez-christelle-mesnage-immobilier-4km-des-plages-plehedel,1 236 000,Plehedel 22290,400,9 390,9
Maison 127m² à plehedel,https://www.etreproprio.com/immobilier-23679493-vente-maison-127m-a-plehedel-plehedel,369 900,Plehedel 22290,127,917,6
A vendre maison en pierres proche paimpol,https://www.etreproprio.com/immobilier-23605718-vente-a-vendre-maison-en-pierres-proche-paimpol-plehedel,271 700,Plehedel 22290,93,1 039,7
Maison plehedel 150 m2,https://www.etreproprio.com/immobilier-23428102-vente-maison-plehedel-150-m2-plehedel,167 500,Plehedel 22290,150,1 487,6
Maison 105m² à plehedel,https://www.etreproprio.com/immobilier-23401591-vente-maison-105m-a-plehedel-plehedel,245 000,Plehedel 22290,105,,6
Maison 106m² à plehedel,https://www.etreproprio.com/immobilier-21768784-vente-maison-106m-a-plehedel-plehedel,245 000,Plehedel 22290,106,1 500,6
"Maison des années 20 renovee totalement en 2025, pleine de charme, aux volumes surprenant sur terrain plat...",https://www.etreproprio.com/immobilier-23023612-vente-maison-des-annees-20-renovee-totalement-en-2025-pleine-de-charme-aux-volumes-surprenant-sur-terrain-plat-plehedel,273 000,Plehedel 22290,93,1 039,7
Maison+gîte plehedel 6 pièce(s) 130 m2,https://www.etreproprio.com/immobilier-22610287-vente-maisongite-plehedel-6-pieces-130-m2-plehedel,249 990,Plehedel 22290,130,1 645,6
Maison 104m² à plehedel,https://www.etreproprio.com/immobilier-22276909-vente-maison-104m-a-plehedel-plehedel,184 625,Plehedel 22290,104,289,5
Maison 70m² à plehedel,https://www.etreproprio.com/immobilier-22179308-vente-maison-70m-a-plehedel-plehedel,n.c.,Plehedel 22290,70,303,3
"Maison en pierres 118 m2, terrain 7781 m2, plehedel, commerces, ecole",https://www.etreproprio.com/immobilier-21983410-vente-maison-en-pierres-118-m2-terrain-7781-m2-plehedel-commerces-ecole-plehedel,313 000,Plehedel 22290,118,7 781,5
Maison 120m² à frehel,https://www.etreproprio.com/immobilier-23607828-vente-maison-120m-a-frehel-frehel,189 000,Frehel 22240,120,1 469,4
Fréhel: ensemble immobilier (2-t2 et 1-t3),https://www.etreproprio.com/immobilier-23785271-vente-frehel-ensemble-immobilier-2-t2-et-1-t3-frehel,494 000,Frehel 22240,123,1 440,8
Pleherel plage  a environ 600m de la plage de l'anse du croc,https://www.etreproprio.com/immobilier-23287293-vente-pleherel-plage-a-environ-600m-de-la-plage-de-l-anse-du-croc-frehel,272 480,Frehel 22240,85,482,4
Port a la duc - frehel uniquement a l'agence emeraude immobilier,https://www.etreproprio.com/immobilier-23324766-vente-port-a-la-duc-frehel-uniquement-a-l-agence-emeraude-immobilier-frehel,431 500,Frehel 22240,145,,5
Maison 85m² à frehel,https://www.etreproprio.com/immobilier-22316176-vente-maison-85m-a-frehel-frehel,272 480,Frehel 22240,85,482,4
Maison à vendre 6 pièces frehel (22),https://www.etreproprio.com/immobilier-23203050-vente-maison-a-vendre-6-pieces-frehel-22-frehel,436 800,Frehel 22240,121,1 763,6
Campagne de frehel,https://www.etreproprio.com/immobilier-23084409-vente-campagne-de-frehel-frehel,399 000,Frehel 22240,103,5 038,4
Corps de ferme à frehel,https://www.etreproprio.com/immobilier-23085187-vente-corps-de-ferme-a-frehel-frehel,399 000,Frehel 22240,103,5 038,4
Maison à vendre 9 pièces frehel (22),https://www.etreproprio.com/immobilier-22105347-vente-maison-a-vendre-9-pieces-frehel-22-frehel,436 800,Frehel 22240,165,,9
"Une longère en pierre d’exception — volume, élégance & charme authentique",https://www.etreproprio.com/immobilier-23897449-vente-une-longere-en-pierre-d-exception-volume-elegance-charme-authentique-plelan-le-petit,415 000,Plelan-Le-Petit 22980,182,2 060,6
Grande maison en pierres avec potentiel sur terrain de 1412 m²,https://www.etreproprio.com/immobilier-23776886-vente-grande-maison-en-pierres-avec-potentiel-sur-terrain-de-1412-m-plelan-le-petit,351 080,Plelan-Le-Petit 22980,125,1 412,6
Superbe demeure type maison de maitre sur un vaste terrain avec tous commerces accessibles a pieds,https://www.etreproprio.com/immobilier-23682990-vente-superbe-demeure-type-maison-de-maitre-sur-un-vaste-terrain-avec-tous-commerces-accessibles-a-pieds-plelan-le-petit,480 000,Plelan-Le-Petit 22980,310,,10
Maison 135m² à plelan-le-petit,https://www.etreproprio.com/immobilier-23548559-vente-maison-135m-a-plelan-le-petit-plelan-le-petit,260 000,Plelan-Le-Petit 22980,135,1 462,5
Maison en pierre à rénover – un projet plein de potentiel à plélan-le-petit,https://www.etreproprio.com/immobilier-23083333-vente-maison-en-pierre-a-renover-un-projet-plein-de-potentiel-a-plelan-le-petit-plelan-le-petit,110 000,Plelan-Le-Petit 22980,116,1 221,3
Maison 212m² à plelan-le-petit,https://www.etreproprio.com/immobilier-22647251-vente-maison-212m-a-plelan-le-petit-plelan-le-petit,384 000,Plelan-Le-Petit 22980,212,11 500,8
Demeure traditionnelle d'environ 245 m² - plelan le petit (22),https://www.etreproprio.com/immobilier-22407972-vente-demeure-traditionnelle-d-environ-245-m-plelan-le-petit-22-plelan-le-petit,449 592,Plelan-Le-Petit 22980,245,3 800,12
Maison  traditionnelle  6 pièces - 132 m2 plelan le petit (22),https://www.etreproprio.com/immobilier-21863989-vente-maison-traditionnelle-6-pieces-132-m2-plelan-le-petit-22-plelan-le-petit,281 500,Plelan-Le-Petit 22980,132,1 276,6
"Plélauff, maison à vendre",https://www.etreproprio.com/immobilier-23889095-vente-plelauff-maison-a-vendre-plelauff,108 000,Plelauff 22570,62,9 396,4
Maison 140m² à plelauff,https://www.etreproprio.com/immobilier-23723827-vente-maison-140m-a-plelauff-plelauff,90 000,Plelauff 22570,140,674,8
Jolie maison en pierres au bord du canal de nantes à brest à,https://www.etreproprio.com/immobilier-23137863-vente-jolie-maison-en-pierres-au-bord-du-canal-de-nantes-a-brest-a-plelauff,89 800,Plelauff 22570,139,674,6
Maison 158m² à plelauff,https://www.etreproprio.com/immobilier-23602322-vente-maison-158m-a-plelauff-plelauff,278 000,Plelauff 22570,158,4 000,7
"Plélauff, maison à vendre",https://www.etreproprio.com/immobilier-21584258-vente-plelauff-maison-a-vendre-plelauff,147 500,Plelauff 22570,122,5 868,7
"Maison contemporaine de 2001, commodites a pied",https://www.etreproprio.com/immobilier-23516958-vente-maison-contemporaine-de-2001-commodites-a-pied-plelo,306 200,Plelo 22170,113,1 074,5
Maison 119m² à plelo,https://www.etreproprio.com/immobilier-22569762-vente-maison-119m-a-plelo-plelo,179 900,Plelo 22170,119,718,5
Maison 198m² à plelo,https://www.etreproprio.com/immobilier-23346668-vente-maison-198m-a-plelo-plelo,634 000,Plelo 22170,198,6 565,8
Maison familiale sans travaux,https://www.etreproprio.com/immobilier-23309828-vente-maison-familiale-sans-travaux-plelo,315 000,Plelo 22170,114,1 074,6
"Maison centre bourg, 110 m2, 3 chambres",https://www.etreproprio.com/immobilier-22907760-vente-maison-centre-bourg-110-m2-3-chambres-plelo,208 400,Plelo 22170,110,120,5
Maison 186m² à plelo,https://www.etreproprio.com/immobilier-22255926-vente-maison-186m-a-plelo-plelo,449 000,Plelo 22170,186,8 212,8
Maison traditionnelle avec un grand terrain,https://www.etreproprio.com/immobilier-21908467-vente-maison-traditionnelle-avec-un-grand-terrain-plelo,239 000,Plelo 22170,125,7 760,5
Maison 217m² à plemet,https://www.etreproprio.com/immobilier-21979136-vente-maison-217m-a-plemet-plemet,278 250,Plemet 22210,217,5 109,8
Maison plemet 6 pièce(s) 124 m2,https://www.etreproprio.com/immobilier-23798513-vente-maison-plemet-6-pieces-124-m2-plemet,156 470,Plemet 22210,124,1 633,6
Maison plemet 10 pièce(s) 220 m2,https://www.etreproprio.com/immobilier-23753097-vente-maison-plemet-10-pieces-220-m2-plemet,188 000,Plemet 22210,220,9 823,10
Maison 110m² à plemet,https://www.etreproprio.com/immobilier-23659079-vente-maison-110m-a-plemet-plemet,138 450,Plemet 22210,110,219,5
Maison 80m² à plemet,https://www.etreproprio.com/immobilier-20691081-vente-maison-80m-a-plemet-plemet,95 000,Plemet 22210,80,,3
Maison plemet 6 pièce(s) 160 m2,https://www.etreproprio.com/immobilier-23628979-vente-maison-plemet-6-pieces-160-m2-plemet,209 440,Plemet 22210,152,2 868,6
Maison 80m² à plemet,https://www.etreproprio.com/immobilier-21680780-vente-maison-80m-a-plemet-plemet,95 000,Plemet 22210,80,926,3
Maison en pierre pleine de charme au coeur de plémet,https://www.etreproprio.com/immobilier-23624988-vente-maison-en-pierre-pleine-de-charme-au-coeur-de-plemet-plemet,95 000,Plemet 22210,177,1 463,6
Maison 100m² à plemet,https://www.etreproprio.com/immobilier-23591921-vente-maison-100m-a-plemet-plemet,95 000,Plemet 22210,100,885,4
Maison plemet 5 pièce(s) 110 m2,https://www.etreproprio.com/immobilier-23568389-vente-maison-plemet-5-pieces-110-m2-plemet,192 250,Plemet 22210,110,2 001,5
Maison 220m² à plemet,https://www.etreproprio.com/immobilier-23569793-vente-maison-220m-a-plemet-plemet,188 000,Plemet 22210,220,9 823,10
Maison 73m² à plemet,https://www.etreproprio.com/immobilier-23556579-vente-maison-73m-a-plemet-plemet,101 175,Plemet 22210,74,6 875,5
Maison 75m² à plemet,https://www.etreproprio.com/immobilier-23538237-vente-maison-75m-a-plemet-plemet,140 000,Plemet 22210,75,2 000,4
Maison plemet 5 pièce(s) 84.56 m2,https://www.etreproprio.com/immobilier-23443820-vente-maison-plemet-5-pieces-8456-m2-plemet,87 490,Plemet 22210,85,900,5
Maison 90m² à plemet,https://www.etreproprio.com/immobilier-23432863-vente-maison-90m-a-plemet-plemet,159 750,Plemet 22210,90,2 414,3
Maison plemet 7 pièce(s) 140 m2,https://www.etreproprio.com/immobilier-23420854-vente-maison-plemet-7-pieces-140-m2-plemet,177 670,Plemet 22210,140,2 400,7
Maison 130m² à plemet,https://www.etreproprio.com/immobilier-23376280-vente-maison-130m-a-plemet-plemet,156 400,Plemet 22210,130,2 414,5
Maison 110m² à plemet,https://www.etreproprio.com/immobilier-23259871-vente-maison-110m-a-plemet-plemet,192 250,Plemet 22210,110,2 000,5
Maison à rénover au coeur du bourg de plemet,https://www.etreproprio.com/immobilier-23193354-vente-maison-a-renover-au-coeur-du-bourg-de-plemet-plemet,74 900,Plemet 22210,143,495,7
Maison d'habitation avec beau jardin,https://www.etreproprio.com/immobilier-23149293-vente-maison-d-habitation-avec-beau-jardin-plemet,162 750,Plemet 22210,96,1 480,4
Maison 106m² à plemy,https://www.etreproprio.com/immobilier-22927944-vente-maison-106m-a-plemy-plemy,136 500,Plemy 22150,106,2 400,5
Maison 140m² à plemy,https://www.etreproprio.com/immobilier-23713143-vente-maison-140m-a-plemy-plemy,188 000,Plemy 22150,140,4 494,6
Maison 154m² à plemy,https://www.etreproprio.com/immobilier-23486633-vente-maison-154m-a-plemy-plemy,234 000,Plemy 22150,154,750,6
Maison 5 pièces 153m2,https://www.etreproprio.com/immobilier-23312912-vente-maison-5-pieces-153m2-plemy,234 000,Plemy 22150,153,750,5
Maison 151m² à plemy,https://www.etreproprio.com/immobilier-23580959-vente-maison-151m-a-plemy-plemy,321 200,Plemy 22150,151,4 500,7
Maison 389m² à plenee-jugon,https://www.etreproprio.com/immobilier-23863320-vente-maison-389m-a-plenee-jugon-plenee-jugon,220 000,Plenee-Jugon 22640,389,,9
"Maison familiale moderne, avec grand jardin et double garage attenant",https://www.etreproprio.com/immobilier-23787477-vente-maison-familiale-moderne-avec-grand-jardin-et-double-garage-attenant-plenee-jugon,210 000,Plenee-Jugon 22640,152,,6
Maison 208m² à plenee-jugon,https://www.etreproprio.com/immobilier-23331672-vente-maison-208m-a-plenee-jugon-plenee-jugon,176 500,Plenee-Jugon 22640,208,7 998,12
Maison plenee jugon 5 pièce(s) 135 m2,https://www.etreproprio.com/immobilier-23003710-vente-maison-plenee-jugon-5-pieces-135-m2-plenee-jugon,195 520,Plenee-Jugon 22640,135,620,5
Maison 135m² à plenee-jugon,https://www.etreproprio.com/immobilier-22968605-vente-maison-135m-a-plenee-jugon-plenee-jugon,195 500,Plenee-Jugon 22640,135,600,7
"Cotes d'armor maison en pierre 3 chambres, bien présentée avec magnifique terrasse surélevée, vue, atelier, terrain",https://www.etreproprio.com/immobilier-23126435-vente-cotes-d-armor-maison-en-pierre-3-chambres-bien-presentee-avec-magnifique-terrasse-surelevee-vue-atelier-terrain-plemet,159 900,Plemet 22210,83,12 000,4
Maison en pierre t6 - 127 m² - proche de loudéac,https://www.etreproprio.com/immobilier-23070641-vente-maison-en-pierre-t6-127-m-proche-de-loudeac-plemet,95 000,Plemet 22210,127,1 460,6
Maison 217m² à plemet,https://www.etreproprio.com/immobilier-23016930-vente-maison-217m-a-plemet-plemet,265 000,Plemet 22210,217,5 109,7
Maison 127m² à plemet,https://www.etreproprio.com/immobilier-22904527-vente-maison-127m-a-plemet-plemet,95 000,Plemet 22210,127,1 463,5
Maison plemet 6 pièce(s) 120 m2,https://www.etreproprio.com/immobilier-22937377-vente-maison-plemet-6-pieces-120-m2-plemet,95 000,Plemet 22210,120,1 463,6
Maison 124m² à plemet,https://www.etreproprio.com/immobilier-22904526-vente-maison-124m-a-plemet-plemet,75 000,Plemet 22210,124,124,6
Maison 168m² à plemet,https://www.etreproprio.com/immobilier-22083612-vente-maison-168m-a-plemet-plemet,157 000,Plemet 22210,168,2 227,11
Maison 167m² à plemet,https://www.etreproprio.com/immobilier-22715658-vente-maison-167m-a-plemet-plemet,159 750,Plemet 22210,168,2 227,10
"Côtes d'armor  maison de plain-pied de 2014, , 4 chambres, dans un environnement calme à proximité de plemet et de l'accès n164.",https://www.etreproprio.com/immobilier-22521212-vente-cotes-d-armor-maison-de-plain-pied-de-2014-4-chambres-dans-un-environnement-calme-a-proximite-de-plemet-et-de-l-acces-n164-plemet,252 000,Plemet 22210,190,4 143,5
Maison plemet 10 pièce(s) 176 m2,https://www.etreproprio.com/immobilier-21362652-vente-maison-plemet-10-pieces-176-m2-plemet,165 960,Plemet 22210,176,868,10
Maison 135m² à plemet,https://www.etreproprio.com/immobilier-22064179-vente-maison-135m-a-plemet-plemet,331 000,Plemet 22210,135,20 215,6
Maison 86m² à plemet,https://www.etreproprio.com/immobilier-20998295-vente-maison-86m-a-plemet-plemet,182 000,Plemet 22210,86,1 492,4
Maison 72m² à plemet,https://www.etreproprio.com/immobilier-22189901-vente-maison-72m-a-plemet-plemet,70 000,Plemet 22210,72,434,5
Maison 82m² à plemet,https://www.etreproprio.com/immobilier-22158645-vente-maison-82m-a-plemet-plemet,138 450,Plemet 22210,82,2 730,5
Maison plemet 5 pièce(s) 150 m2,https://www.etreproprio.com/immobilier-20989088-vente-maison-plemet-5-pieces-150-m2-plemet,197 500,Plemet 22210,150,3 796,5
Maison 112m² à plemet,https://www.etreproprio.com/immobilier-19635493-vente-maison-112m-a-plemet-plemet,197 025,Plemet 22210,112,9 860,4
Maison contemporaine et son camping écoresponsable,https://www.etreproprio.com/immobilier-23889327-vente-maison-contemporaine-et-son-camping-ecoresponsable-pleneuf-val-andre,932 720,Pleneuf-Val-Andre 22370,142,10 170,5
Maison neuve 6 pièces 114 m² - proximité mer,https://www.etreproprio.com/immobilier-23889326-vente-maison-neuve-6-pieces-114-m-proximite-mer-pleneuf-val-andre,450 640,Pleneuf-Val-Andre 22370,114,493,6
Maison pleneuf val andre 8 pièce(s) 156 m2,https://www.etreproprio.com/immobilier-22530491-vente-maison-pleneuf-val-andre-8-pieces-156-m2-pleneuf-val-andre,544 960,Pleneuf-Val-Andre 22370,156,487,8
"Charmante maison proche mer avec vue sur la verdure, sans jardin, avec courette",https://www.etreproprio.com/immobilier-23876588-vente-charmante-maison-proche-mer-avec-vue-sur-la-verdure-sans-jardin-avec-courette-pleneuf-val-andre,250 000,Pleneuf-Val-Andre 22370,86,,4
Maison spacieuse et lumineuse à pléneuf-val-andré,https://www.etreproprio.com/immobilier-23866310-vente-maison-spacieuse-et-lumineuse-a-pleneuf-val-andre-pleneuf-val-andre,399 000,Pleneuf-Val-Andre 22370,130,970,7
"Planguenoual, a 900 m du port de dahouët, maison avec jardin proche de la mer  réf : 202456",https://www.etreproprio.com/immobilier-23864180-vente-planguenoual-a-900-m-du-port-de-dahouet-maison-avec-jardin-proche-de-la-mer-ref-202456-pleneuf-val-andre,447 157,Pleneuf-Val-Andre 22370,114,493,5
Maison de plain-pied avec vue mer pléneuf-val-andré,https://www.etreproprio.com/immobilier-23859107-vente-maison-de-plain-pied-avec-vue-mer-pleneuf-val-andre-pleneuf-val-andre,296 500,Pleneuf-Val-Andre 22370,65,407,3
Maison de plain-pied vue mer !,https://www.etreproprio.com/immobilier-23849545-vente-maison-de-plain-pied-vue-mer-pleneuf-val-andre,295 400,Pleneuf-Val-Andre 22370,52,407,3
Maison 112m² à pleneuf-val-andre,https://www.etreproprio.com/immobilier-23836858-vente-maison-112m-a-pleneuf-val-andre-pleneuf-val-andre,514 900,Pleneuf-Val-Andre 22370,112,560,5
Maison de ville de caractère et son local professionnel,https://www.etreproprio.com/immobilier-23818139-vente-maison-de-ville-de-caractere-et-son-local-professionnel-pleneuf-val-andre,599 460,Pleneuf-Val-Andre 22370,175,262,9
Maison pleneuf val andre 6 pièce(s) 98.30 m2,https://www.etreproprio.com/immobilier-23785272-vente-maison-pleneuf-val-andre-6-pieces-9830-m2-pleneuf-val-andre,367 500,Pleneuf-Val-Andre 22370,98,545,6
Maison 85m² à pleneuf-val-andre,https://www.etreproprio.com/immobilier-23786239-vente-maison-85m-a-pleneuf-val-andre-pleneuf-val-andre,508 800,Pleneuf-Val-Andre 22370,85,258,4
Maison neuve pleneuf val andre 6 pièces 155.39 m2,https://www.etreproprio.com/immobilier-20631114-vente-maison-neuve-pleneuf-val-andre-6-pieces-15539-m2-pleneuf-val-andre,639 600,Pleneuf-Val-Andre 22370,155,419,6
Pleneuf - centre ville,https://www.etreproprio.com/immobilier-20205875-vente-pleneuf-centre-ville-pleneuf-val-andre,395 200,Pleneuf-Val-Andre 22370,160,641,8
Maison de village,https://www.etreproprio.com/immobilier-23718113-vente-maison-de-village-pleneuf-val-andre,399 000,Pleneuf-Val-Andre 22370,103,970,5
Maison 222m² à pleneuf-val-andre,https://www.etreproprio.com/immobilier-23739469-vente-maison-222m-a-pleneuf-val-andre-pleneuf-val-andre,714 000,Pleneuf-Val-Andre 22370,222,989,7
Maison 136m² à pleneuf-val-andre,https://www.etreproprio.com/immobilier-22031604-vente-maison-136m-a-pleneuf-val-andre-pleneuf-val-andre,475 000,Pleneuf-Val-Andre 22370,136,2 109,7
Maison 205m² à pleneuf-val-andre,https://www.etreproprio.com/immobilier-22678388-vente-maison-205m-a-pleneuf-val-andre-pleneuf-val-andre,999 020,Pleneuf-Val-Andre 22370,205,1 827,9
Pléneuf val-andré maison la plage à pied,https://www.etreproprio.com/immobilier-23648551-vente-pleneuf-val-andre-maison-la-plage-a-pied-pleneuf-val-andre,381 425,Pleneuf-Val-Andre 22370,93,600,6
Maison 235m² à pleneuf-val-andre,https://www.etreproprio.com/immobilier-23649528-vente-maison-235m-a-pleneuf-val-andre-pleneuf-val-andre,894 400,Pleneuf-Val-Andre 22370,235,795,7
"Plérin, belle maison  sur un terrain de 3800m²",https://www.etreproprio.com/immobilier-22528603-vente-plerin-belle-maison-sur-un-terrain-de-3800m-plerin,343 200,Plerin 22190,170,3 800,8
Maison 90m² à plerin,https://www.etreproprio.com/immobilier-23884047-vente-maison-90m-a-plerin-plerin,175 000,Plerin 22190,90,221,4
Maison plerin 7 pièce(s) 130 m2,https://www.etreproprio.com/immobilier-23881426-vente-maison-plerin-7-pieces-130-m2-plerin,441 000,Plerin 22190,130,1 225,7
Maison 127m² à plerin,https://www.etreproprio.com/immobilier-23882675-vente-maison-127m-a-plerin-plerin,317 000,Plerin 22190,127,576,5
Maison plerin 5 pièce(s),https://www.etreproprio.com/immobilier-23849199-vente-maison-plerin-5-pieces-plerin,689 700,Plerin 22190,150,610,5
Maison plerin 5 pièce(s) 146.33 m2,https://www.etreproprio.com/immobilier-23849200-vente-maison-plerin-5-pieces-14633-m2-plerin,299 990,Plerin 22190,142,,5
"Maison à rénover, beaux volumes et fort potentiel",https://www.etreproprio.com/immobilier-23844973-vente-maison-a-renover-beaux-volumes-et-fort-potentiel-plerin,137 800,Plerin 22190,120,240,6
Maison plerin - 6 pièce(s) - 180.68 m2,https://www.etreproprio.com/immobilier-23842046-vente-maison-plerin-6-pieces-18068-m2-plerin,444 125,Plerin 22190,177,1 370,6
Maison plérin 4 pièce(s) 73.10 m2,https://www.etreproprio.com/immobilier-23765527-vente-maison-plerin-4-pieces-7310-m2-plerin,221 025,Plerin 22190,73,,4
Maison 132m² à plerin,https://www.etreproprio.com/immobilier-23750390-vente-maison-132m-a-plerin-plerin,467 250,Plerin 22190,132,800,5
Plerin - maison familiale de caractère - la qualité au fil du temps,https://www.etreproprio.com/immobilier-23747799-vente-plerin-maison-familiale-de-caractere-la-qualite-au-fil-du-temps-plerin,441 875,Plerin 22190,174,1 370,7
Jolie contemporaine proche du bourg,https://www.etreproprio.com/immobilier-23273188-vente-jolie-contemporaine-proche-du-bourg-plerin,403 865,Plerin 22190,111,408,5
Maison bord de mer  à rénover  à vendre 5 pièces plerin (22),https://www.etreproprio.com/immobilier-23743641-vente-maison-bord-de-mer-a-renover-a-vendre-5-pieces-plerin-22-plerin,295 360,Plerin 22190,116,374,5
Maison 146m² à plerin,https://www.etreproprio.com/immobilier-23727873-vente-maison-146m-a-plerin-plerin,655 200,Plerin 22190,146,437,6
Maison 136m² à plerin,https://www.etreproprio.com/immobilier-23724356-vente-maison-136m-a-plerin-plerin,425 000,Plerin 22190,136,1 069,5
"Plerin, maison vue mer à vendre",https://www.etreproprio.com/immobilier-23700576-vente-plerin-maison-vue-mer-a-vendre-plerin,467 100,Plerin 22190,131,402,8
Maison 119m² à plerin,https://www.etreproprio.com/immobilier-22051691-vente-maison-119m-a-plerin-plerin,449 800,Plerin 22190,119,414,5
Maison 131m² à plerin,https://www.etreproprio.com/immobilier-22717630-vente-maison-131m-a-plerin-plerin,470 000,Plerin 22190,131,402,8
"Maison de charme plérin 6 pièces, 3/4 chambres 142 m²",https://www.etreproprio.com/immobilier-22081703-vente-maison-de-charme-plerin-6-pieces-34-chambres-142-m-plerin,299 915,Plerin 22190,142,499,6
Superbe maison a proximite du bourg de st laurent et sa vue mer,https://www.etreproprio.com/immobilier-23651244-vente-superbe-maison-a-proximite-du-bourg-de-st-laurent-et-sa-vue-mer-plerin,449 900,Plerin 22190,105,290,4
Ancien bâtiment à réhabiliter,https://www.etreproprio.com/immobilier-22609382-vente-ancien-batiment-a-rehabiliter-plerneuf,83 000,Plerneuf 22170,135,577,5
Maison néo-bretonne plerneuf - 6 pièces 115 m²,https://www.etreproprio.com/immobilier-22476517-vente-maison-neo-bretonne-plerneuf-6-pieces-115-m-plerneuf,224 796,Plerneuf 22170,115,3 055,6
Maison 148m² à pleneuf-val-andre,https://www.etreproprio.com/immobilier-22389121-vente-maison-148m-a-pleneuf-val-andre-pleneuf-val-andre,550 000,Pleneuf-Val-Andre 22370,148,1 096,5
Maison pleneuf val andre 6 pièce(s). vue port de dahouët,https://www.etreproprio.com/immobilier-21270742-vente-maison-pleneuf-val-andre-6-pieces-vue-port-de-dahouet-pleneuf-val-andre,555 440,Pleneuf-Val-Andre 22370,151,1 100,6
Maison 166m² à pleneuf-val-andre,https://www.etreproprio.com/immobilier-23621316-vente-maison-166m-a-pleneuf-val-andre-pleneuf-val-andre,480 800,Pleneuf-Val-Andre 22370,166,1 793,10
"Maison en vefa de 122 m² avec des très belles prestations, bourg de pléneuf à pied.",https://www.etreproprio.com/immobilier-22485242-vente-maison-en-vefa-de-122-m-avec-des-tres-belles-prestations-bourg-de-pleneuf-a-pied-pleneuf-val-andre,593 250,Pleneuf-Val-Andre 22370,122,419,5
Maison en pierre avec terrain constructible au val-andré  réf. 2025110,https://www.etreproprio.com/immobilier-23414332-vente-maison-en-pierre-avec-terrain-constructible-au-val-andre-ref-2025110-pleneuf-val-andre,548 550,Pleneuf-Val-Andre 22370,73,567,3
Charmante maison à proximité de la plage et des commerces,https://www.etreproprio.com/immobilier-23468262-vente-charmante-maison-a-proximite-de-la-plage-et-des-commerces-pleneuf-val-andre,548 550,Pleneuf-Val-Andre 22370,73,567,4
"A saisir: bel actif hôtelier, murs et fond dans une station balnéaire réputée",https://www.etreproprio.com/immobilier-23391297-vente-a-saisir-bel-actif-hotelier-murs-et-fond-dans-une-station-balneaire-reputee-pleneuf-val-andre,830 400,Pleneuf-Val-Andre 22370,841,,
Maison 112m² à pleneuf-val-andre,https://www.etreproprio.com/immobilier-22980579-vente-maison-112m-a-pleneuf-val-andre-pleneuf-val-andre,430 000,Pleneuf-Val-Andre 22370,112,612,4
Maison pleneuf val andre 5 pièce(s) 115 m2,https://www.etreproprio.com/immobilier-22973990-vente-maison-pleneuf-val-andre-5-pieces-115-m2-pleneuf-val-andre,431 600,Pleneuf-Val-Andre 22370,115,614,5
Pleneuf val-andré : maison de plain-pied 4 pièces 86 m2,https://www.etreproprio.com/immobilier-22593564-vente-pleneuf-val-andre-maison-de-plain-pied-4-pieces-86-m2-pleneuf-val-andre,316 050,Pleneuf-Val-Andre 22370,86,540,4
Maison de ville rénovée avec jardin au calme,https://www.etreproprio.com/immobilier-23256812-vente-maison-de-ville-renovee-avec-jardin-au-calme-pleneuf-val-andre,597 360,Pleneuf-Val-Andre 22370,133,795,7
Maison pléneuf-val-andré 8 pièce(s)  en bord de mer !,https://www.etreproprio.com/immobilier-21912526-vente-maison-pleneuf-val-andre-8-pieces-en-bord-de-mer-pleneuf-val-andre,439 000,Pleneuf-Val-Andre 22370,135,1 957,8
Maison 135m² à pleneuf-val-andre,https://www.etreproprio.com/immobilier-23178675-vente-maison-135m-a-pleneuf-val-andre-pleneuf-val-andre,480 800,Pleneuf-Val-Andre 22370,135,650,5
Villa vue mer à rénover au coeur du val andré,https://www.etreproprio.com/immobilier-23163923-vente-villa-vue-mer-a-renover-au-coeur-du-val-andre-pleneuf-val-andre,1 257 600,Pleneuf-Val-Andre 22370,144,601,10
Maison 142m² à pleneuf-val-andre,https://www.etreproprio.com/immobilier-21719532-vente-maison-142m-a-pleneuf-val-andre-pleneuf-val-andre,595 000,Pleneuf-Val-Andre 22370,142,2 619,6
Maison pleneuf val andré,https://www.etreproprio.com/immobilier-21968235-vente-maison-pleneuf-val-andre-pleneuf-val-andre,475 000,Pleneuf-Val-Andre 22370,163,400,8
Maison pleneuf val andre :  3 chambres.,https://www.etreproprio.com/immobilier-23122585-vente-maison-pleneuf-val-andre-3-chambres-pleneuf-val-andre,429 680,Pleneuf-Val-Andre 22370,99,469,4
Maison pléneuf-val-andré,https://www.etreproprio.com/immobilier-22693715-vente-maison-pleneuf-val-andre-pleneuf-val-andre,439 000,Pleneuf-Val-Andre 22370,135,1 957,6
"Pléneuf val andré 22370, coup de coeur pour cette jolie longère au calme à 500 mètres de la mer",https://www.etreproprio.com/immobilier-20234872-vente-pleneuf-val-andre-22370-coup-de-coeur-pour-cette-jolie-longere-au-calme-a-500-metres-de-la-mer-pleneuf-val-andre,595 000,Pleneuf-Val-Andre 22370,142,,6
Maison  4 pièce(s) 77 m2 - 2 chambres,https://www.etreproprio.com/immobilier-23072321-vente-maison-4-pieces-77-m2-2-chambres-pleneuf-val-andre,260 000,Pleneuf-Val-Andre 22370,77,63,4
Maison 120m² à plesidy,https://www.etreproprio.com/immobilier-23890418-vente-maison-120m-a-plesidy-plesidy,291 500,Plesidy 22720,120,1 100,6
Maison 81m² à plesidy,https://www.etreproprio.com/immobilier-23893019-vente-maison-81m-a-plesidy-plesidy,121 000,Plesidy 22720,81,684,4
Maison 147m² à plesidy,https://www.etreproprio.com/immobilier-23340983-vente-maison-147m-a-plesidy-plesidy,225 000,Plesidy 22720,147,16 884,5
Maison 211m² à plesidy,https://www.etreproprio.com/immobilier-23621220-vente-maison-211m-a-plesidy-plesidy,137 000,Plesidy 22720,211,302,12
Local commercial bar/restauration de 120 m2 + appartement de 3 chambres de 115 m2 habitables,https://www.etreproprio.com/immobilier-22269075-vente-local-commercial-barrestauration-de-120-m2-appartement-de-3-chambres-de-115-m2-habitables-plesidy,127 200,Plesidy 22720,115,152,7
Maison contemporaine proche plerin,https://www.etreproprio.com/immobilier-23651242-vente-maison-contemporaine-proche-plerin-plerin,241 800,Plerin 22190,104,394,5
Maison a deux pas de la plage,https://www.etreproprio.com/immobilier-22750844-vente-maison-a-deux-pas-de-la-plage-plerin,470 000,Plerin 22190,131,402,8
Maison rosaire vue mer  7 pièce(s) 150 m2,https://www.etreproprio.com/immobilier-19764251-vente-maison-rosaire-vue-mer-7-pieces-150-m2-plerin,468 000,Plerin 22190,131,400,7
Havre de paix a 150m de la plage,https://www.etreproprio.com/immobilier-23600145-vente-havre-de-paix-a-150m-de-la-plage-plerin,313 500,Plerin 22190,80,2 500,6
Maison 155m² à plerin,https://www.etreproprio.com/immobilier-23597072-vente-maison-155m-a-plerin-plerin,588 000,Plerin 22190,155,309,7
"Plerin, proche mer, belle maison contemporaine à vendre",https://www.etreproprio.com/immobilier-23597378-vente-plerin-proche-mer-belle-maison-contemporaine-a-vendre-plerin,686 400,Plerin 22190,150,610,5
Maison 174m² à plerin,https://www.etreproprio.com/immobilier-23592255-vente-maison-174m-a-plerin-plerin,439 000,Plerin 22190,174,1 370,8
"Maison contemporaine a plerin, proche des rosaires avec petite vue mer  réf : 202593",https://www.etreproprio.com/immobilier-22897232-vente-maison-contemporaine-a-plerin-proche-des-rosaires-avec-petite-vue-mer-ref-202593-plerin,879 750,Plerin 22190,185,668,6
Vue mer exceptionnelle-les rosaires,https://www.etreproprio.com/immobilier-23579030-vente-vue-mer-exceptionnelle-les-rosaires-plerin,884 000,Plerin 22190,130,480,6
Maison 6 chambres et ses 2 appartements,https://www.etreproprio.com/immobilier-23127293-vente-maison-6-chambres-et-ses-2-appartements-plerin,349 944,Plerin 22190,212,579,12
"Plerin, st-laurent, maison à vendre",https://www.etreproprio.com/immobilier-23519789-vente-plerin-st-laurent-maison-a-vendre-plerin,478 400,Plerin 22190,138,917,5
Maison plérin 5 pièce(s) 133.98 m2,https://www.etreproprio.com/immobilier-23489699-vente-maison-plerin-5-pieces-13398-m2-plerin,175 490,Plerin 22190,134,1 196,6
Vente maison plerin(22190) 242 800ï¿œ,https://www.etreproprio.com/immobilier-23481184-vente-vente-maison-plerin22190-242-800i-oe-plerin,242 800,Plerin 22190,112,856,5
Maison 101m² à plerin,https://www.etreproprio.com/immobilier-23460757-vente-maison-101m-a-plerin-plerin,350 000,Plerin 22190,102,600,8
Maison 103m² à plerin,https://www.etreproprio.com/immobilier-23460759-vente-maison-103m-a-plerin-plerin,239 900,Plerin 22190,104,,7
Maison 104m² à plerin,https://www.etreproprio.com/immobilier-23447575-vente-maison-104m-a-plerin-plerin,264 000,Plerin 22190,104,679,5
Maison 192m² à plerin,https://www.etreproprio.com/immobilier-21246672-vente-maison-192m-a-plerin-plerin,549 150,Plerin 22190,192,525,8
Maison 97m² à plerin,https://www.etreproprio.com/immobilier-23376946-vente-maison-97m-a-plerin-plerin,255 600,Plerin 22190,97,578,5
Coup de coeur-plerin centre,https://www.etreproprio.com/immobilier-23328773-vente-coup-de-coeur-plerin-centre-plerin,579 600,Plerin 22190,170,309,6
"Côtes d'armor 22190 plérin maison d'architecte 7 chambres, sous-sol total, terrasse exposée sud, terrain",https://www.etreproprio.com/immobilier-23324171-vente-cotes-d-armor-22190-plerin-maison-d-architecte-7-chambres-sous-sol-total-terrasse-exposee-sud-terrain-plerin,383 400,Plerin 22190,146,813,7
Maison 117m² à pleneuf-val-andre,https://www.etreproprio.com/immobilier-22061876-vente-maison-117m-a-pleneuf-val-andre-pleneuf-val-andre,390 000,Pleneuf-Val-Andre 22370,117,646,5
Maison contemporaine proche des plages et des commerces,https://www.etreproprio.com/immobilier-22983302-vente-maison-contemporaine-proche-des-plages-et-des-commerces-pleneuf-val-andre,894 400,Pleneuf-Val-Andre 22370,235,795,6
Maison 138m² à pleneuf-val-andre,https://www.etreproprio.com/immobilier-21461034-vente-maison-138m-a-pleneuf-val-andre-pleneuf-val-andre,420 000,Pleneuf-Val-Andre 22370,138,1 931,5
Maison 209m² à pleneuf-val-andre,https://www.etreproprio.com/immobilier-19892504-vente-maison-209m-a-pleneuf-val-andre-pleneuf-val-andre,607 840,Pleneuf-Val-Andre 22370,209,671,6
Vente longère avec dépendance et garage  / pléneuf-val-andré /  117m2 / vie de plain pied possible / 1 464m2,https://www.etreproprio.com/immobilier-21093064-vente-vente-longere-avec-dependance-et-garage-pleneuf-val-andre-117m2-vie-de-plain-pied-possible-1-464m2-pleneuf-val-andre,239 200,Pleneuf-Val-Andre 22370,117,1 464,5
"Proche du port de dahouët, longère à rénover",https://www.etreproprio.com/immobilier-19746224-vente-proche-du-port-de-dahouet-longere-a-renover-pleneuf-val-andre,241 500,Pleneuf-Val-Andre 22370,105,1 464,5
Maison en pierre de ville à pléneuf val andré,https://www.etreproprio.com/immobilier-20724555-vente-maison-en-pierre-de-ville-a-pleneuf-val-andre-pleneuf-val-andre,607 840,Pleneuf-Val-Andre 22370,209,671,6
Pleneuf val-andré : maison 6 pièce(s) 209 m2,https://www.etreproprio.com/immobilier-22157716-vente-pleneuf-val-andre-maison-6-pieces-209-m2-pleneuf-val-andre,603 200,Pleneuf-Val-Andre 22370,209,671,6
Pléneuf-val-andré (22370)   élégante propriété à proximité de la plage et du golf,https://www.etreproprio.com/immobilier-22877535-vente-pleneuf-val-andre-22370-elegante-propriete-a-proximite-de-la-plage-et-du-golf-pleneuf-val-andre,894 400,Pleneuf-Val-Andre 22370,235,795,6
Maison 77m² à pleneuf-val-andre,https://www.etreproprio.com/immobilier-20676458-vente-maison-77m-a-pleneuf-val-andre-pleneuf-val-andre,262 000,Pleneuf-Val-Andre 22370,77,56,4
Pleneuf-val-andre : maison  4 pièces 88 m2 env,https://www.etreproprio.com/immobilier-22593562-vente-pleneuf-val-andre-maison-4-pieces-88-m2-env-pleneuf-val-andre,290 000,Pleneuf-Val-Andre 22370,88,399,4
Maison pleneuf val andre 130 m2 - vue mer...,https://www.etreproprio.com/immobilier-21966185-vente-maison-pleneuf-val-andre-130-m2-vue-mer-pleneuf-val-andre,597 360,Pleneuf-Val-Andre 22370,130,125,6
Val-andre à seulement 300 m de la plage,https://www.etreproprio.com/immobilier-22498221-vente-val-andre-a-seulement-300-m-de-la-plage-pleneuf-val-andre,478 400,Pleneuf-Val-Andre 22370,93,160,6
Val-andre : maison familiale : idéalement située et prête à vous accueillir,https://www.etreproprio.com/immobilier-22498222-vente-val-andre-maison-familiale-idealement-situee-et-prete-a-vous-accueillir-pleneuf-val-andre,420 000,Pleneuf-Val-Andre 22370,105,230,4
Pleneuf val andre : bel ensemble immobilier à vendre,https://www.etreproprio.com/immobilier-22498215-vente-pleneuf-val-andre-bel-ensemble-immobilier-a-vendre-pleneuf-val-andre,436 800,Pleneuf-Val-Andre 22370,230,266,6
A 350 m de la plage du val-andré,https://www.etreproprio.com/immobilier-21271450-vente-a-350-m-de-la-plage-du-val-andre-pleneuf-val-andre,483 000,Pleneuf-Val-Andre 22370,93,165,5
Bien d'exception à vendre - gîte avec logements insolites et prestations haut de gamme,https://www.etreproprio.com/immobilier-22249321-vente-bien-d-exception-a-vendre-gite-avec-logements-insolites-et-prestations-haut-de-gamme-pleneuf-val-andre,930 330,Pleneuf-Val-Andre 22370,140,10 170,6
Maison contemporaine - pléneuf val-andré,https://www.etreproprio.com/immobilier-21511539-vente-maison-contemporaine-pleneuf-val-andre-pleneuf-val-andre,623 560,Pleneuf-Val-Andre 22370,125,525,5
Maison de 2005 vue mer pleneuf val andre 6 pièce(s) 172m2,https://www.etreproprio.com/immobilier-22136529-vente-maison-de-2005-vue-mer-pleneuf-val-andre-6-pieces-172m2-pleneuf-val-andre,658 350,Pleneuf-Val-Andre 22370,172,1 500,6
Villa 11 pièces 440m2 piscine intérieure,https://www.etreproprio.com/immobilier-22049157-vente-villa-11-pieces-440m2-piscine-interieure-pleneuf-val-andre,1 400 000,Pleneuf-Val-Andre 22370,440,9 000,11
Maison 123m² à pleslin-trigavou,https://www.etreproprio.com/immobilier-23904602-vente-maison-123m-a-pleslin-trigavou-pleslin-trigavou,260 000,Pleslin-Trigavou 22490,123,762,5
Maison de bourg en pierres de 114 m²,https://www.etreproprio.com/immobilier-23106630-vente-maison-de-bourg-en-pierres-de-114-m-pleslin-trigavou,239 000,Pleslin-Trigavou 22490,114,,4
Maison pleslin trigavou centre 82 m2,https://www.etreproprio.com/immobilier-23860042-vente-maison-pleslin-trigavou-centre-82-m2-pleslin-trigavou,241 040,Pleslin-Trigavou 22490,82,459,5
Maison en pierres,https://www.etreproprio.com/immobilier-23837301-vente-maison-en-pierres-pleslin-trigavou,416 000,Pleslin-Trigavou 22490,228,669,7
Maison  de plein pied  proche du bourg et la voie verte,https://www.etreproprio.com/immobilier-23654426-vente-maison-de-plein-pied-proche-du-bourg-et-la-voie-verte-pleslin-trigavou,445 400,Pleslin-Trigavou 22490,147,757,5
Au calme / proche axe routier / 5 pièces,https://www.etreproprio.com/immobilier-23793074-vente-au-calme-proche-axe-routier-5-pieces-pleslin-trigavou,376 400,Pleslin-Trigavou 22490,123,500,5
Maison 151m² à pleslin-trigavou,https://www.etreproprio.com/immobilier-23784136-vente-maison-151m-a-pleslin-trigavou-pleslin-trigavou,472 500,Pleslin-Trigavou 22490,152,478,5
Vente maison pleslin-trigavou(22490) 231 000ï¿œ,https://www.etreproprio.com/immobilier-23396274-vente-vente-maison-pleslin-trigavou22490-231-000i-oe-pleslin-trigavou,231 000,Pleslin-Trigavou 22490,94,899,4
Charmante maison en quartier résidentiel à pleslin-trigavou,https://www.etreproprio.com/immobilier-23765423-vente-charmante-maison-en-quartier-residentiel-a-pleslin-trigavou-pleslin-trigavou,171 200,Pleslin-Trigavou 22490,50,342,3
Maison de 84 m² – une belle opportunité à découvrir !,https://www.etreproprio.com/immobilier-23717455-vente-maison-de-84-m-une-belle-opportunite-a-decouvrir-pleslin-trigavou,229 500,Pleslin-Trigavou 22490,84,550,5
Pleslin trigavou-exclusivite rance immo,https://www.etreproprio.com/immobilier-23647372-vente-pleslin-trigavou-exclusivite-rance-immo-pleslin-trigavou,236 250,Pleslin-Trigavou 22490,66,684,4
Maison 3 chambres - pleslin trigavou,https://www.etreproprio.com/immobilier-23539814-vente-maison-3-chambres-pleslin-trigavou-pleslin-trigavou,227 500,Pleslin-Trigavou 22490,83,480,4
10 min au nord de dinan,https://www.etreproprio.com/immobilier-23152529-vente-10-min-au-nord-de-dinan-pleslin-trigavou,172 920,Pleslin-Trigavou 22490,88,632,6
Maison pleslin trigavou,https://www.etreproprio.com/immobilier-23512317-vente-maison-pleslin-trigavou-pleslin-trigavou,398 000,Pleslin-Trigavou 22490,104,2 129,6
Maison de caractère en centre-ville + studio,https://www.etreproprio.com/immobilier-23466471-vente-maison-de-caractere-en-centre-ville-studio-pleslin-trigavou,575 000,Pleslin-Trigavou 22490,184,1 199,9
Maison pleslin trigavou 10 pièces 355 m²,https://www.etreproprio.com/immobilier-23441868-vente-maison-pleslin-trigavou-10-pieces-355-m-pleslin-trigavou,366 800,Pleslin-Trigavou 22490,355,287,10
Maison 118m² à pleslin-trigavou,https://www.etreproprio.com/immobilier-23423729-vente-maison-118m-a-pleslin-trigavou-pleslin-trigavou,299 500,Pleslin-Trigavou 22490,118,1 850,7
Maison en pierre au calme à pleslin trigavou,https://www.etreproprio.com/immobilier-22531358-vente-maison-en-pierre-au-calme-a-pleslin-trigavou-pleslin-trigavou,299 500,Pleslin-Trigavou 22490,118,1 850,7
Maison 152m² à pleslin-trigavou,https://www.etreproprio.com/immobilier-22461273-vente-maison-152m-a-pleslin-trigavou-pleslin-trigavou,468 000,Pleslin-Trigavou 22490,152,478,6
Maison 136 m2 et hangar,https://www.etreproprio.com/immobilier-23098736-vente-maison-136-m2-et-hangar-pleslin-trigavou,488 800,Pleslin-Trigavou 22490,136,2 500,6
Maison plerin 4 pièce(s) 80 m2,https://www.etreproprio.com/immobilier-23293835-vente-maison-plerin-4-pieces-80-m2-plerin,220 500,Plerin 22190,78,644,4
Maison 91m² à plerin,https://www.etreproprio.com/immobilier-23269202-vente-maison-91m-a-plerin-plerin,401 000,Plerin 22190,91,1 464,5
"Plérin, à 15 mn à pieds de la mer, maison néo bretonne à vendre",https://www.etreproprio.com/immobilier-23216900-vente-plerin-a-15-mn-a-pieds-de-la-mer-maison-neo-bretonne-a-vendre-plerin,370 000,Plerin 22190,126,591,6
22190 plerin: propriété constructible à fort potentiel,https://www.etreproprio.com/immobilier-23214341-vente-22190-plerin-propriete-constructible-a-fort-potentiel-plerin,416 000,Plerin 22190,60,1 000,2
"Maison néo-bretonne - vue mer, volumes et potentiel à 300m de la plage",https://www.etreproprio.com/immobilier-22583408-vente-maison-neo-bretonne-vue-mer-volumes-et-potentiel-a-300m-de-la-plage-plerin,550 000,Plerin 22190,188,1 335,8
Maison moderne 4 chambres à saint-laurent-de-la-mer,https://www.etreproprio.com/immobilier-23204181-vente-maison-moderne-4-chambres-a-saint-laurent-de-la-mer-plerin,390 000,Plerin 22190,120,610,6
Propriété pierre à rénovée proche mer,https://www.etreproprio.com/immobilier-22231538-vente-propriete-pierre-a-renovee-proche-mer-plerin,353 600,Plerin 22190,150,1 500,7
Plerin- 4 chambres,https://www.etreproprio.com/immobilier-19477965-vente-plerin-4-chambres-plerin,273 000,Plerin 22190,86,680,6
Maison 159m² à plerin,https://www.etreproprio.com/immobilier-19270618-vente-maison-159m-a-plerin-plerin,367 500,Plerin 22190,159,1 000,7
Maison saint laurent,https://www.etreproprio.com/immobilier-19395177-vente-maison-saint-laurent-plerin,363 760,Plerin 22190,160,1 000,8
Vue mer maison  5 pièce(s) 85 m2,https://www.etreproprio.com/immobilier-21024693-vente-vue-mer-maison-5-pieces-85-m2-plerin,298 200,Plerin 22190,85,374,5
Maison 136m² à plerin,https://www.etreproprio.com/immobilier-22251419-vente-maison-136m-a-plerin-plerin,346 500,Plerin 22190,136,2 585,6
"Plerin, maison vue mer à vendre",https://www.etreproprio.com/immobilier-19805815-vente-plerin-maison-vue-mer-a-vendre-plerin,426 300,Plerin 22190,222,488,9
Maison 100m² à plerin,https://www.etreproprio.com/immobilier-22904006-vente-maison-100m-a-plerin-plerin,275 000,Plerin 22190,100,680,5
Maison à vendre plérin,https://www.etreproprio.com/immobilier-21775577-vente-maison-a-vendre-plerin-plerin,374 400,Plerin 22190,146,,8
"Vue panoramique , maison ensoleillée avec beau terrain",https://www.etreproprio.com/immobilier-22734330-vente-vue-panoramique-maison-ensoleillee-avec-beau-terrain-plerin,210 000,Plerin 22190,70,1 300,4
Maison 126m² à plerin,https://www.etreproprio.com/immobilier-22735069-vente-maison-126m-a-plerin-plerin,373 000,Plerin 22190,126,590,5
Maison rénovée sur 3360m2 de terrain,https://www.etreproprio.com/immobilier-22179965-vente-maison-renovee-sur-3360m2-de-terrain-plerin,297 825,Plerin 22190,158,3 360,6
Maison familiale 6 chambres,https://www.etreproprio.com/immobilier-21255612-vente-maison-familiale-6-chambres-plerin,374 040,Plerin 22190,145,813,8
Maison à vendre 5 pièces plerin (22),https://www.etreproprio.com/immobilier-22657104-vente-maison-a-vendre-5-pieces-plerin-22-plerin,406 200,Plerin 22190,156,414,5
Maison neuve à pleneuf val andre,https://www.etreproprio.com/immobilier-21968136-vente-maison-neuve-a-pleneuf-val-andre-pleneuf-val-andre,393 200,Pleneuf-Val-Andre 22370,83,480,4
Pleneuf - belle contemporaine,https://www.etreproprio.com/immobilier-21968135-vente-pleneuf-belle-contemporaine-pleneuf-val-andre,393 200,Pleneuf-Val-Andre 22370,83,480,4
Pléneuf quartier résidentiel,https://www.etreproprio.com/immobilier-20567204-vente-pleneuf-quartier-residentiel-pleneuf-val-andre,430 500,Pleneuf-Val-Andre 22370,97,305,4
élégance et confort à pleslin-trigavou (22490),https://www.etreproprio.com/immobilier-22884869-vente-elegance-et-confort-a-pleslin-trigavou-22490-pleslin-trigavou,467 000,Pleslin-Trigavou 22490,152,478,6
Proche dinard - maison 4 chambres dont une en rdc- terrain constructible/ divisible - golf de trémereuc,https://www.etreproprio.com/immobilier-23277913-vente-proche-dinard-maison-4-chambres-dont-une-en-rdc-terrain-constructible-divisible-golf-de-tremereuc-pleslin-trigavou,398 240,Pleslin-Trigavou 22490,134,2 129,6
Maison 228m² à pleslin-trigavou,https://www.etreproprio.com/immobilier-23064734-vente-maison-228m-a-pleslin-trigavou-pleslin-trigavou,412 900,Pleslin-Trigavou 22490,228,600,8
Nouveauté en exclusivité – pleslin-trigavou centre bourg,https://www.etreproprio.com/immobilier-22869541-vente-nouveaute-en-exclusivite-pleslin-trigavou-centre-bourg-pleslin-trigavou,231 000,Pleslin-Trigavou 22490,103,957,5
Maison pleslin trigavou 6 pièce(s) 140 m2,https://www.etreproprio.com/immobilier-22953809-vente-maison-pleslin-trigavou-6-pieces-140-m2-pleslin-trigavou,441 000,Pleslin-Trigavou 22490,140,415,6
Maison 305m² à pleslin-trigavou,https://www.etreproprio.com/immobilier-22716061-vente-maison-305m-a-pleslin-trigavou-pleslin-trigavou,586 880,Pleslin-Trigavou 22490,305,1 199,9
Exclusivite pleslin-trigavou,https://www.etreproprio.com/immobilier-22502588-vente-exclusivite-pleslin-trigavou-pleslin-trigavou,144 450,Pleslin-Trigavou 22490,78,90,5
Maison 123m² à pleslin-trigavou,https://www.etreproprio.com/immobilier-22414978-vente-maison-123m-a-pleslin-trigavou-pleslin-trigavou,342 870,Pleslin-Trigavou 22490,123,,5
Maison familiale pleslin trigavou,https://www.etreproprio.com/immobilier-22398875-vente-maison-familiale-pleslin-trigavou-pleslin-trigavou,343 200,Pleslin-Trigavou 22490,131,561,7
Nouveauté – pleslin-trigavou (22490),https://www.etreproprio.com/immobilier-22386664-vente-nouveaute-pleslin-trigavou-22490-pleslin-trigavou,336 000,Pleslin-Trigavou 22490,177,8 201,5
Maison pleslin trigavou 4 pièce(s) 100 m2,https://www.etreproprio.com/immobilier-22124299-vente-maison-pleslin-trigavou-4-pieces-100-m2-pleslin-trigavou,43 650,Pleslin-Trigavou 22490,100,200,4
Maison 160m² à plerin,https://www.etreproprio.com/immobilier-22632623-vente-maison-160m-a-plerin-plerin,346 500,Plerin 22190,160,3 823,9
Maison contemporaine à 2 minutes des plages,https://www.etreproprio.com/immobilier-22257053-vente-maison-contemporaine-a-2-minutes-des-plages-plerin,359 807,Plerin 22190,107,437,4
Belle maison contemporaine à plérin 5 chambres,https://www.etreproprio.com/immobilier-22610379-vente-belle-maison-contemporaine-a-plerin-5-chambres-plerin,442 500,Plerin 22190,175,1 370,9
Maison 180m² à plerin,https://www.etreproprio.com/immobilier-22460883-vente-maison-180m-a-plerin-plerin,818 850,Plerin 22190,180,3 351,6
Maison plerin centre 6 pièce(s) 110 m2,https://www.etreproprio.com/immobilier-22416413-vente-maison-plerin-centre-6-pieces-110-m2-plerin,241 500,Plerin 22190,110,431,6
Plérin   maison familiale 126 m2 avec sous-sol complet,https://www.etreproprio.com/immobilier-22381881-vente-plerin-maison-familiale-126-m2-avec-sous-sol-complet-plerin,370 800,Plerin 22190,126,590,5
Rare à la vente ? maison à rénover à plérin,https://www.etreproprio.com/immobilier-22205821-vente-rare-a-la-vente-maison-a-renover-a-plerin-plerin,305 000,Plerin 22190,56,465,2
Maison plerin 5 pièce(s) 130 m2,https://www.etreproprio.com/immobilier-22138746-vente-maison-plerin-5-pieces-130-m2-plerin,273 000,Plerin 22190,130,4 095,5
Vue mer maison plerin 9 pièce(s) 222 m2,https://www.etreproprio.com/immobilier-20058709-vente-vue-mer-maison-plerin-9-pieces-222-m2-plerin,426 400,Plerin 22190,222,488,9
Maison 320m² à plerin,https://www.etreproprio.com/immobilier-21884998-vente-maison-320m-a-plerin-plerin,525 000,Plerin 22190,320,6 073,12
Maison 101m² à plerin,https://www.etreproprio.com/immobilier-21862853-vente-maison-101m-a-plerin-plerin,263 750,Plerin 22190,101,502,5
Acheter dans station balneaire propriete vue mer entierement renovee  réf : 2024107,https://www.etreproprio.com/immobilier-20097510-vente-acheter-dans-station-balneaire-propriete-vue-mer-entierement-renovee-ref-2024107-plerin,1 499 910,Plerin 22190,234,835,7
Vente maison plerin(22190) 549 950ï¿œ,https://www.etreproprio.com/immobilier-21757537-vente-vente-maison-plerin22190-549-950i-oe-plerin,549 950,Plerin 22190,294,894,10
Maison 86m² à plerin,https://www.etreproprio.com/immobilier-19004095-vente-maison-86m-a-plerin-plerin,311 225,Plerin 22190,86,714,5
Maison 194m² à plerin,https://www.etreproprio.com/immobilier-19004133-vente-maison-194m-a-plerin-plerin,556 500,Plerin 22190,194,502,8
Maison plérin dans un cadre idyllique,https://www.etreproprio.com/immobilier-19062427-vente-maison-plerin-dans-un-cadre-idyllique-plerin,262 000,Plerin 22190,114,650,4
Maison 103m² à plerin,https://www.etreproprio.com/immobilier-19053875-vente-maison-103m-a-plerin-plerin,274 300,Plerin 22190,103,1 273,6
Maison 73m² à plerin,https://www.etreproprio.com/immobilier-19004132-vente-maison-73m-a-plerin-plerin,189 900,Plerin 22190,73,504,5
Maison 135m² à plessala,https://www.etreproprio.com/immobilier-23849893-vente-maison-135m-a-plessala-plessala,199 000,Plessala 22330,135,1 353,5
Maison 76m² à plessala,https://www.etreproprio.com/immobilier-23763128-vente-maison-76m-a-plessala-plessala,96 600,Plessala 22330,77,1 200,5
Maison 90m² à plessala,https://www.etreproprio.com/immobilier-22925217-vente-maison-90m-a-plessala-plessala,79 400,Plessala 22330,90,1 790,4
Maison 118m² à plessala,https://www.etreproprio.com/immobilier-23447070-vente-maison-118m-a-plessala-plessala,147 500,Plessala 22330,118,4 290,6
Longère à rénover entièrement avec  800 m2 de terrain,https://www.etreproprio.com/immobilier-23340537-vente-longere-a-renover-entierement-avec-800-m2-de-terrain-plessala,30 000,Plessala 22330,55,871,3
Maison 83m² à plessala,https://www.etreproprio.com/immobilier-23281040-vente-maison-83m-a-plessala-plessala,136 500,Plessala 22330,83,731,4
Maison 159m² à plessala,https://www.etreproprio.com/immobilier-23167668-vente-maison-159m-a-plessala-plessala,174 000,Plessala 22330,159,2 039,6
Maison 180m² à plessala,https://www.etreproprio.com/immobilier-23059068-vente-maison-180m-a-plessala-plessala,189 000,Plessala 22330,180,1 112,5
Maison 180m² à plessala,https://www.etreproprio.com/immobilier-22240176-vente-maison-180m-a-plessala-plessala,189 000,Plessala 22330,180,1 112,8
Maison 146m² à plessala,https://www.etreproprio.com/immobilier-22121993-vente-maison-146m-a-plessala-plessala,116 900,Plessala 22330,146,329,6
"Cotes d'armor, maison de village mitoyenne de 4 chambres avec grange attenante, tout à rénover, toiture neuve",https://www.etreproprio.com/immobilier-21327335-vente-cotes-d-armor-maison-de-village-mitoyenne-de-4-chambres-avec-grange-attenante-tout-a-renover-toiture-neuve-plessala,178 500,Plessala 22330,190,1 179,10
Maison 128m² à plessix-balisson,https://www.etreproprio.com/immobilier-23893160-vente-maison-128m-a-plessix-balisson-plessix-balisson,300 000,Plessix-Balisson 22650,128,880,6
Maison type 5 sur 750 m2 de terrain,https://www.etreproprio.com/immobilier-23877758-vente-maison-type-5-sur-750-m2-de-terrain-plessix-balisson,392 000,Plessix-Balisson 22650,105,750,5
À vendre   maison contemporaine d’exception de 154 m2 sur 900 m2 de terrain clos,https://www.etreproprio.com/immobilier-23877759-vente-a-vendre-maison-contemporaine-d-exception-de-154-m2-sur-900-m2-de-terrain-clos-plessix-balisson,588 640,Plessix-Balisson 22650,154,905,8
Maison de caratère à beaussais sur mer,https://www.etreproprio.com/immobilier-23762088-vente-maison-de-caratere-a-beaussais-sur-mer-plessix-balisson,329 000,Plessix-Balisson 22650,138,5 400,5
Maison à rénover au coeur de ploubalay . tout à pied !,https://www.etreproprio.com/immobilier-23684953-vente-maison-a-renover-au-coeur-de-ploubalay-tout-a-pied-plessix-balisson,299 250,Plessix-Balisson 22650,116,752,7
Maison 130m² à plessix-balisson,https://www.etreproprio.com/immobilier-19853203-vente-maison-130m-a-plessix-balisson-plessix-balisson,364 400,Plessix-Balisson 22650,130,,5
Maison 95m² à plessix-balisson,https://www.etreproprio.com/immobilier-23515830-vente-maison-95m-a-plessix-balisson-plessix-balisson,314 400,Plessix-Balisson 22650,95,343,4
Vente maison beaussais-sur-mer(22650) 203 300ï¿œ,https://www.etreproprio.com/immobilier-23396275-vente-vente-maison-beaussais-sur-mer22650-203-300i-oe-plessix-balisson,203 300,Plessix-Balisson 22650,59,185,3
Maison type 4 centre ploubalay (22650),https://www.etreproprio.com/immobilier-23254214-vente-maison-type-4-centre-ploubalay-22650-plessix-balisson,293 440,Plessix-Balisson 22650,72,252,4
Maison 146m² à plessix-balisson,https://www.etreproprio.com/immobilier-22950059-vente-maison-146m-a-plessix-balisson-plessix-balisson,545 800,Plessix-Balisson 22650,146,843,1
Propriété beaussais sur mer,https://www.etreproprio.com/immobilier-22935568-vente-propriete-beaussais-sur-mer-plessix-balisson,799 624,Plessix-Balisson 22650,200,7 990,6
Maison 114m² à plessix-balisson,https://www.etreproprio.com/immobilier-22427833-vente-maison-114m-a-plessix-balisson-plessix-balisson,447 200,Plessix-Balisson 22650,114,8 746,4
Maison 129m² à plessix-balisson,https://www.etreproprio.com/immobilier-22384048-vente-maison-129m-a-plessix-balisson-plessix-balisson,346 500,Plessix-Balisson 22650,129,854,6
"Beaux bâtiments, campagne de plestan, au calme !",https://www.etreproprio.com/immobilier-23457857-vente-beaux-batiments-campagne-de-plestan-au-calme-plestan,109 180,Plestan 22640,178,6 372,4
Maison 270m² à plestan,https://www.etreproprio.com/immobilier-22390494-vente-maison-270m-a-plestan-plestan,368 000,Plestan 22640,270,5 561,9
Maison 150m² à plestin-les-grèves,https://www.etreproprio.com/immobilier-23889554-vente-maison-150m-a-plestin-les-greves-plestin-les-greves,347 500,Plestin-Les-Greves 22310,150,2 730,7
Commodités à pied pour cette grande maison de famille,https://www.etreproprio.com/immobilier-23865879-vente-commodites-a-pied-pour-cette-grande-maison-de-famille-plestin-les-greves,197 000,Plestin-Les-Greves 22310,145,720,9
Maison plestin les greves (22),https://www.etreproprio.com/immobilier-23851372-vente-maison-plestin-les-greves-22-plestin-les-greves,304 910,Plestin-Les-Greves 22310,127,1 823,8
Maison 96m² à plestin-les-greves,https://www.etreproprio.com/immobilier-23843377-vente-maison-96m-a-plestin-les-greves-plestin-les-greves,322 000,Plestin-Les-Greves 22310,96,,5
Campagne plestinaise : jolie maison à moins d'1km du centre bourg,https://www.etreproprio.com/immobilier-23814277-vente-campagne-plestinaise-jolie-maison-a-moins-d-1km-du-centre-bourg-plestin-les-greves,171 000,Plestin-Les-Greves 22310,76,,5
Maison 146m² à plestin-les-grèves,https://www.etreproprio.com/immobilier-23774691-vente-maison-146m-a-plestin-les-greves-plestin-les-greves,441 000,Plestin-Les-Greves 22310,146,1 092,6
Maison 124m² à plestin-les-greves,https://www.etreproprio.com/immobilier-21748676-vente-maison-124m-a-plestin-les-greves-plestin-les-greves,266 500,Plestin-Les-Greves 22310,124,967,5
"En vente exclusive, maison d'architecte de 124 m2 sur parcelle d",https://www.etreproprio.com/immobilier-21772553-vente-en-vente-exclusive-maison-d-architecte-de-124-m2-sur-parcelle-d-plestin-les-greves,266 500,Plestin-Les-Greves 22310,124,967,5
Maison 146m² à plestin-les-greves,https://www.etreproprio.com/immobilier-22927494-vente-maison-146m-a-plestin-les-greves-plestin-les-greves,193 000,Plestin-Les-Greves 22310,146,579,5
Maison 127m² à plestin-les-greves,https://www.etreproprio.com/immobilier-22638498-vente-maison-127m-a-plestin-les-greves-plestin-les-greves,304 910,Plestin-Les-Greves 22310,127,1 823,8
Maison de caractère à vendre à plestin les grèves,https://www.etreproprio.com/immobilier-23659906-vente-maison-de-caractere-a-vendre-a-plestin-les-greves-plestin-les-greves,197 900,Plestin-Les-Greves 22310,85,387,5
Maison 50m² à plestin-les-greves,https://www.etreproprio.com/immobilier-23563439-vente-maison-50m-a-plestin-les-greves-plestin-les-greves,74 999,Plestin-Les-Greves 22310,50,54,3
Maison 671m² à plestin-les-greves,https://www.etreproprio.com/immobilier-23563277-vente-maison-671m-a-plestin-les-greves-plestin-les-greves,1 300 000,Plestin-Les-Greves 22310,671,9 725,41
"Côtes d'armor, plestin les grèves, grande maison proche plage",https://www.etreproprio.com/immobilier-18946880-vente-cotes-d-armor-plestin-les-greves-grande-maison-proche-plage-plestin-les-greves,399 000,Plestin-Les-Greves 22310,195,1 335,9
Belle propriété avec 6 gîtes à 2 km des plages,https://www.etreproprio.com/immobilier-23290801-vente-belle-propriete-avec-6-gites-a-2-km-des-plages-plestin-les-greves,1 300 000,Plestin-Les-Greves 22310,670,9 725,41
Maison 161m² à plestin-les-greves,https://www.etreproprio.com/immobilier-23479079-vente-maison-161m-a-plestin-les-greves-plestin-les-greves,419 000,Plestin-Les-Greves 22310,161,1 153,8
"Corniche de plestin, à deux pas des plages",https://www.etreproprio.com/immobilier-23462500-vente-corniche-de-plestin-a-deux-pas-des-plages-plestin-les-greves,498 000,Plestin-Les-Greves 22310,154,3 295,3
Propriété à 3km des plages,https://www.etreproprio.com/immobilier-23462501-vente-propriete-a-3km-des-plages-plestin-les-greves,479 000,Plestin-Les-Greves 22310,200,35 000,5
Maison 150m² à plestin-les-greves,https://www.etreproprio.com/immobilier-23390161-vente-maison-150m-a-plestin-les-greves-plestin-les-greves,352 000,Plestin-Les-Greves 22310,150,2 730,7
Maison 264m² à plestin-les-greves,https://www.etreproprio.com/immobilier-23245428-vente-maison-264m-a-plestin-les-greves-plestin-les-greves,284 500,Plestin-Les-Greves 22310,264,1 127,19
Maison pleubian 5 pièce(s) 143 m2,https://www.etreproprio.com/immobilier-23841334-vente-maison-pleubian-5-pieces-143-m2-pleubian,62 000,Pleubian 22610,143,4 000,5
Maison 110m² à pleubian,https://www.etreproprio.com/immobilier-23559227-vente-maison-110m-a-pleubian-pleubian,260 000,Pleubian 22610,110,2 215,4
Belle propriété sur une presqu’île face à la mer,https://www.etreproprio.com/immobilier-23684384-vente-belle-propriete-sur-une-presqu-ile-face-a-la-mer-pleubian,900 000,Pleubian 22610,140,26 195,6
Maison 157m² à pleubian,https://www.etreproprio.com/immobilier-22681338-vente-maison-157m-a-pleubian-pleubian,319 000,Pleubian 22610,157,3 128,8
Maison 96m² à pleubian,https://www.etreproprio.com/immobilier-23620092-vente-maison-96m-a-pleubian-pleubian,290 500,Pleubian 22610,96,700,5
Maison  de plain-pied bord de mer,https://www.etreproprio.com/immobilier-23475025-vente-maison-de-plain-pied-bord-de-mer-pleubian,315 700,Pleubian 22610,64,616,3
Maison pleubian 5 pièce(s) 105 m2,https://www.etreproprio.com/immobilier-21534878-vente-maison-pleubian-5-pieces-105-m2-pleubian,229 990,Pleubian 22610,120,600,5
Maison 90m² à pleubian,https://www.etreproprio.com/immobilier-22487987-vente-maison-90m-a-pleubian-pleubian,152 250,Pleubian 22610,90,264,4
Votre havre de paix à l'armor-pleubian,https://www.etreproprio.com/immobilier-23428178-vente-votre-havre-de-paix-a-l-armor-pleubian-pleubian,260 000,Pleubian 22610,128,870,5
"Maison récente 4 chambres à pleubian , grand terrain et vie à pied au bourg",https://www.etreproprio.com/immobilier-23428207-vente-maison-recente-4-chambres-a-pleubian-grand-terrain-et-vie-a-pied-au-bourg-pleubian,386 650,Pleubian 22610,113,2 248,5
"Votre refuge breton à façonner, entre terre et mer",https://www.etreproprio.com/immobilier-23428209-vente-votre-refuge-breton-a-faconner-entre-terre-et-mer-pleubian,188 460,Pleubian 22610,80,1 550,4
"Maison contemporaine avec studio indépendant à 200 m de la plage, l'armor-pleubian (presqu'île sauvage)",https://www.etreproprio.com/immobilier-22423775-vente-maison-contemporaine-avec-studio-independant-a-200-m-de-la-plage-l-armor-pleubian-presqu-ile-sauvage-pleubian,499 000,Pleubian 22610,152,1 028,6
"Maison de charme à pleubian, à deux pas du littoral",https://www.etreproprio.com/immobilier-23344439-vente-maison-de-charme-a-pleubian-a-deux-pas-du-littoral-pleubian,229 900,Pleubian 22610,93,1 274,4
Propriété pierre pleubian 6 pièce(s) 183m2,https://www.etreproprio.com/immobilier-23336695-vente-propriete-pierre-pleubian-6-pieces-183m2-pleubian,390 000,Pleubian 22610,183,2 800,6
"Maison à rénover à pleumeur-gautier, à 5 min des plages de lézardrieux",https://www.etreproprio.com/immobilier-23262247-vente-maison-a-renover-a-pleumeur-gautier-a-5-min-des-plages-de-lezardrieux-pleubian,170 000,Pleubian 22610,120,,7
Maison pleubian 6 pièce(s) 200 m2,https://www.etreproprio.com/immobilier-23242959-vente-maison-pleubian-6-pieces-200-m2-pleubian,892 500,Pleubian 22610,168,2 500,6
"Maison 3 pièces , grand terrain 2 278 m², bord de mer pleubian",https://www.etreproprio.com/immobilier-23237663-vente-maison-3-pieces-grand-terrain-2-278-m-bord-de-mer-pleubian-pleubian,230 000,Pleubian 22610,70,2 278,3
Ensemble de bâtiments en pierre à rénover – un écrin de nature à pleubian,https://www.etreproprio.com/immobilier-23158481-vente-ensemble-de-batiments-en-pierre-a-renover-un-ecrin-de-nature-a-pleubian-pleubian,499 000,Pleubian 22610,200,11 861,5
Maison pleubian 5 pièce(s) 140 m2,https://www.etreproprio.com/immobilier-23143890-vente-maison-pleubian-5-pieces-140-m2-pleubian,380 000,Pleubian 22610,140,831,5
Maison 167m² à pleubian,https://www.etreproprio.com/immobilier-23032653-vente-maison-167m-a-pleubian-pleubian,750 000,Pleubian 22610,167,4 962,7
Maison pleudaniel 2 pièce(s) 60 m2,https://www.etreproprio.com/immobilier-23421006-vente-maison-pleudaniel-2-pieces-60-m2-pleudaniel,64 500,Pleudaniel 22740,60,,2
Maison pleudaniel 4 pièce(s) 85 m2,https://www.etreproprio.com/immobilier-22232220-vente-maison-pleudaniel-4-pieces-85-m2-pleudaniel,261 500,Pleudaniel 22740,85,5 000,4
Maison 50m² à pleudaniel,https://www.etreproprio.com/immobilier-23299953-vente-maison-50m-a-pleudaniel-pleudaniel,64 500,Pleudaniel 22740,50,,2
Maison 450m² à pleudaniel,https://www.etreproprio.com/immobilier-23324673-vente-maison-450m-a-pleudaniel-pleudaniel,275 600,Pleudaniel 22740,450,1 185,12
Maison 113m² à pleudaniel,https://www.etreproprio.com/immobilier-22896089-vente-maison-113m-a-pleudaniel-pleudaniel,224 000,Pleudaniel 22740,113,443,6
A vendre maison en pierres pleudaniel,https://www.etreproprio.com/immobilier-22738160-vente-a-vendre-maison-en-pierres-pleudaniel-pleudaniel,224 675,Pleudaniel 22740,113,443,6
"Maison à vendre en pierres 110m2 , terrain 443m2 , 4 chambres, commune de pleudaniel, belle vue campagne",https://www.etreproprio.com/immobilier-22163118-vente-maison-a-vendre-en-pierres-110m2-terrain-443m2-4-chambres-commune-de-pleudaniel-belle-vue-campagne-pleudaniel,226 000,Pleudaniel 22740,110,443,6
"Pleudaniel, campagne, calme, proche pontrieux et lezardrieux",https://www.etreproprio.com/immobilier-22184655-vente-pleudaniel-campagne-calme-proche-pontrieux-et-lezardrieux-pleudaniel,272 000,Pleudaniel 22740,80,5 103,3
Maison plestin les greves 4 pièce(s),https://www.etreproprio.com/immobilier-22158589-vente-maison-plestin-les-greves-4-pieces-plestin-les-greves,184 625,Plestin-Les-Greves 22310,82,275,4
Maison 103m² à plestin-les-grèves,https://www.etreproprio.com/immobilier-23142246-vente-maison-103m-a-plestin-les-greves-plestin-les-greves,144 000,Plestin-Les-Greves 22310,103,921,5
Maison 75m² à plestin-les-greves,https://www.etreproprio.com/immobilier-23064594-vente-maison-75m-a-plestin-les-greves-plestin-les-greves,259 000,Plestin-Les-Greves 22310,75,1 003,5
Authentique propriété en pierre avec plus de 3.5 hectares de terrain – plestin-les-grèves,https://www.etreproprio.com/immobilier-23024070-vente-authentique-propriete-en-pierre-avec-plus-de-35-hectares-de-terrain-plestin-les-greves-plestin-les-greves,431 700,Plestin-Les-Greves 22310,173,31 671,8
Maison vue mer à plestin les grèves,https://www.etreproprio.com/immobilier-22866135-vente-maison-vue-mer-a-plestin-les-greves-plestin-les-greves,499 000,Plestin-Les-Greves 22310,121,3 608,5
Pieds dans l'eau & vue mer panoramique,https://www.etreproprio.com/immobilier-22759034-vente-pieds-dans-l-eau-vue-mer-panoramique-plestin-les-greves,777 450,Plestin-Les-Greves 22310,145,1 360,8
"Côtes d'armor, trémel centre, maison de 1993",https://www.etreproprio.com/immobilier-22188361-vente-cotes-d-armor-tremel-centre-maison-de-1993-plestin-les-greves,299 040,Plestin-Les-Greves 22310,130,1 170,7
"Côtes d'armor, plestin les grèves, maison de charme sur plage",https://www.etreproprio.com/immobilier-22660075-vente-cotes-d-armor-plestin-les-greves-maison-de-charme-sur-plage-plestin-les-greves,766 500,Plestin-Les-Greves 22310,140,1 360,8
"Vue mer, plage à pied : maison familiale sur la corniche de plestin-les-grèves",https://www.etreproprio.com/immobilier-22655554-vente-vue-mer-plage-a-pied-maison-familiale-sur-la-corniche-de-plestin-les-greves-plestin-les-greves,426 000,Plestin-Les-Greves 22310,160,1 153,6
Maison plestin les greves 5 pièce(s) 100 m2,https://www.etreproprio.com/immobilier-22595706-vente-maison-plestin-les-greves-5-pieces-100-m2-plestin-les-greves,213 000,Plestin-Les-Greves 22310,100,408,5
Maison 146m² à plestin-les-greves,https://www.etreproprio.com/immobilier-22535694-vente-maison-146m-a-plestin-les-greves-plestin-les-greves,432 000,Plestin-Les-Greves 22310,146,1 092,6
"Côtes d'armor, plestin les grèves, maison de charme",https://www.etreproprio.com/immobilier-22526642-vente-cotes-d-armor-plestin-les-greves-maison-de-charme-plestin-les-greves,441 000,Plestin-Les-Greves 22310,146,1 092,6
"Côtes d'armor, proche trégastel, manoir d'exception",https://www.etreproprio.com/immobilier-22477045-vente-cotes-d-armor-proche-tregastel-manoir-d-exception-plestin-les-greves,1 250 000,Plestin-Les-Greves 22310,290,,8
"Votre futur cocon à plestin-les-grèves – entre mer et centre-ville, une maison à fort potentiel vous attend !",https://www.etreproprio.com/immobilier-22418224-vente-votre-futur-cocon-a-plestin-les-greves-entre-mer-et-centre-ville-une-maison-a-fort-potentiel-vous-attend-plestin-les-greves,177 500,Plestin-Les-Greves 22310,110,1 528,6
Charmant penty breton bord de mer,https://www.etreproprio.com/immobilier-22142644-vente-charmant-penty-breton-bord-de-mer-plestin-les-greves,237 900,Plestin-Les-Greves 22310,70,110,5
Propriété à 3km des plages,https://www.etreproprio.com/immobilier-22103101-vente-propriete-a-3km-des-plages-plestin-les-greves,479 000,Plestin-Les-Greves 22310,200,35 000,5
"Côtes d'armor, plestin les grèves, maison bioclimatique avec gîte et atelier",https://www.etreproprio.com/immobilier-21170529-vente-cotes-d-armor-plestin-les-greves-maison-bioclimatique-avec-gite-et-atelier-plestin-les-greves,766 500,Plestin-Les-Greves 22310,230,14 068,12
"Côtes d'armor, plestin les grèves, vente belle maison vue mer",https://www.etreproprio.com/immobilier-19807799-vente-cotes-d-armor-plestin-les-greves-vente-belle-maison-vue-mer-plestin-les-greves,420 000,Plestin-Les-Greves 22310,150,300,6
Maison pleubian 6 pièce(s) 131.5 m2,https://www.etreproprio.com/immobilier-22974934-vente-maison-pleubian-6-pieces-1315-m2-pleubian,315 000,Pleubian 22610,132,3 000,6
Maison pleubian 6 pièce(s) 154 m2,https://www.etreproprio.com/immobilier-22943595-vente-maison-pleubian-6-pieces-154-m2-pleubian,420 000,Pleubian 22610,154,1 160,6
"Maison de charme à lanéros (pleubian), 93 m² à 50 m de la plage, jardin, garage & dépendance",https://www.etreproprio.com/immobilier-22915739-vente-maison-de-charme-a-laneros-pleubian-93-m-a-50-m-de-la-plage-jardin-garage-dependance-pleubian,228 800,Pleubian 22610,93,318,5
"Vue mer sur le sillon du talbert, un havre de paix à pleubian",https://www.etreproprio.com/immobilier-22858607-vente-vue-mer-sur-le-sillon-du-talbert-un-havre-de-paix-a-pleubian-pleubian,276 000,Pleubian 22610,90,757,5
Maison 83m² à pleubian,https://www.etreproprio.com/immobilier-22742316-vente-maison-83m-a-pleubian-pleubian,249 000,Pleubian 22610,83,399,4
Maison 157m² à pleubian,https://www.etreproprio.com/immobilier-22682899-vente-maison-157m-a-pleubian-pleubian,480 000,Pleubian 22610,157,,6
"Deux maisons, mille projets ,à deux pas de la mer !",https://www.etreproprio.com/immobilier-22686264-vente-deux-maisons-mille-projets-a-deux-pas-de-la-mer-pleubian,329 000,Pleubian 22610,184,807,7
Maison pleubian 3 pièce(s) 56 m2,https://www.etreproprio.com/immobilier-20894289-vente-maison-pleubian-3-pieces-56-m2-pleubian,144 500,Pleubian 22610,56,,3
"Charme et confort à pleubian, maison rénovée proche mer et commerces",https://www.etreproprio.com/immobilier-22561890-vente-charme-et-confort-a-pleubian-maison-renovee-proche-mer-et-commerces-pleubian,271 700,Pleubian 22610,118,780,6
Maison 167m² à pleubian,https://www.etreproprio.com/immobilier-21344787-vente-maison-167m-a-pleubian-pleubian,750 000,Pleubian 22610,167,4 962,7
Maison l'armor-pleubian 5 pièce(s) 125 m2,https://www.etreproprio.com/immobilier-22158590-vente-maison-l-armor-pleubian-5-pieces-125-m2-pleubian,367 500,Pleubian 22610,125,1 200,5
Propriété xviie 8ch proche des plages,https://www.etreproprio.com/immobilier-19471281-vente-propriete-xviie-8ch-proche-des-plages-pleubian,838 950,Pleubian 22610,280,6 000,12
Maison 190m² à pleubian,https://www.etreproprio.com/immobilier-16027075-vente-maison-190m-a-pleubian-pleubian,546 000,Pleubian 22610,190,1 433,5
Maison 104m² à pleudihen-sur-rance,https://www.etreproprio.com/immobilier-23893549-vente-maison-104m-a-pleudihen-sur-rance-pleudihen-sur-rance,295 000,Pleudihen-Sur-Rance 22690,104,576,5
Maison 130m² à pleudihen-sur-rance,https://www.etreproprio.com/immobilier-23882773-vente-maison-130m-a-pleudihen-sur-rance-pleudihen-sur-rance,512 295,Pleudihen-Sur-Rance 22690,130,592,6
Longère rénovée à pleudihen-sur-rance,https://www.etreproprio.com/immobilier-22893601-vente-longere-renovee-a-pleudihen-sur-rance-pleudihen-sur-rance,317 500,Pleudihen-Sur-Rance 22690,149,264,6
Maison 146m² à pleudihen-sur-rance,https://www.etreproprio.com/immobilier-23850541-vente-maison-146m-a-pleudihen-sur-rance-pleudihen-sur-rance,313 500,Pleudihen-Sur-Rance 22690,146,264,6
Maison 215m² à pleudihen-sur-rance,https://www.etreproprio.com/immobilier-21730742-vente-maison-215m-a-pleudihen-sur-rance-pleudihen-sur-rance,315 000,Pleudihen-Sur-Rance 22690,215,617,7
Maison à vendre pleudihen-sur-rance 152 m²  - 7 pièces,https://www.etreproprio.com/immobilier-23839805-vente-maison-a-vendre-pleudihen-sur-rance-152-m-7-pieces-pleudihen-sur-rance,373 900,Pleudihen-Sur-Rance 22690,152,1 810,7
Rare pleudihen centre,https://www.etreproprio.com/immobilier-21677859-vente-rare-pleudihen-centre-pleudihen-sur-rance,273 000,Pleudihen-Sur-Rance 22690,84,712,5
Maison pleudihen sur rance 3 pièce(s),https://www.etreproprio.com/immobilier-23827547-vente-maison-pleudihen-sur-rance-3-pieces-pleudihen-sur-rance,215 500,Pleudihen-Sur-Rance 22690,60,1 488,3
"Pleudihen sur rance, maison 6 pièces - ossature bois.",https://www.etreproprio.com/immobilier-23810317-vente-pleudihen-sur-rance-maison-6-pieces-ossature-bois-pleudihen-sur-rance,334 400,Pleudihen-Sur-Rance 22690,106,1 126,6
Maison 385 m2 - 6 pièces type longère - terrain boisé 1 ha,https://www.etreproprio.com/immobilier-23483800-vente-maison-385-m2-6-pieces-type-longere-terrain-boise-1-ha-pleudihen-sur-rance,599 500,Pleudihen-Sur-Rance 22690,385,10 355,6
Maison pleudihen sur rance 6 pièce(s) 190 m2,https://www.etreproprio.com/immobilier-23721398-vente-maison-pleudihen-sur-rance-6-pieces-190-m2-pleudihen-sur-rance,426 400,Pleudihen-Sur-Rance 22690,192,1 347,6
Maison 22690,https://www.etreproprio.com/immobilier-23682398-vente-maison-22690-pleudihen-sur-rance,393 500,Pleudihen-Sur-Rance 22690,270,1 585,7
Maison 112m² à pleudihen-sur-rance,https://www.etreproprio.com/immobilier-23175375-vente-maison-112m-a-pleudihen-sur-rance-pleudihen-sur-rance,77 500,Pleudihen-Sur-Rance 22690,112,122,4
Nouveaute exclusivite pleudihen-sur-rance,https://www.etreproprio.com/immobilier-22916886-vente-nouveaute-exclusivite-pleudihen-sur-rance-pleudihen-sur-rance,252 000,Pleudihen-Sur-Rance 22690,130,657,6
Maison 152m² à pleudihen-sur-rance,https://www.etreproprio.com/immobilier-23621430-vente-maison-152m-a-pleudihen-sur-rance-pleudihen-sur-rance,375 500,Pleudihen-Sur-Rance 22690,152,1 810,7
Maison familiale de 182m² pleudihen sur rance,https://www.etreproprio.com/immobilier-23598960-vente-maison-familiale-de-182m-pleudihen-sur-rance-pleudihen-sur-rance,336 000,Pleudihen-Sur-Rance 22690,182,683,7
Nouveaute exclusivite pleudihen-sur-rance,https://www.etreproprio.com/immobilier-23598335-vente-nouveaute-exclusivite-pleudihen-sur-rance-pleudihen-sur-rance,273 000,Pleudihen-Sur-Rance 22690,86,655,4
Exclusivite pleudihen sur rance  centre et calme,https://www.etreproprio.com/immobilier-22942379-vente-exclusivite-pleudihen-sur-rance-centre-et-calme-pleudihen-sur-rance,451 500,Pleudihen-Sur-Rance 22690,195,5 611,8
Maison 100m² à pleudihen-sur-rance,https://www.etreproprio.com/immobilier-23590567-vente-maison-100m-a-pleudihen-sur-rance-pleudihen-sur-rance,273 000,Pleudihen-Sur-Rance 22690,100,786,5
Maison 100m² à pleudihen-sur-rance,https://www.etreproprio.com/immobilier-23503253-vente-maison-100m-a-pleudihen-sur-rance-pleudihen-sur-rance,273 520,Pleudihen-Sur-Rance 22690,100,500,5
Vente maison 6 pieces a pleumeur bodou,https://www.etreproprio.com/immobilier-23629634-vente-vente-maison-6-pieces-a-pleumeur-bodou-pleumeur-bodou,491 000,Pleumeur-Bodou 22560,139,3 362,6
Maison de charme à pleumeur-bodou et sa belle endormie !,https://www.etreproprio.com/immobilier-23864993-vente-maison-de-charme-a-pleumeur-bodou-et-sa-belle-endormie-pleumeur-bodou,395 000,Pleumeur-Bodou 22560,100,,5
Pleumeur bodou/trebeurden 4 chambres beaux volumes,https://www.etreproprio.com/immobilier-23805221-vente-pleumeur-bodoutrebeurden-4-chambres-beaux-volumes-pleumeur-bodou,315 000,Pleumeur-Bodou 22560,140,2 000,5
Maison 96m² à pleumeur-bodou,https://www.etreproprio.com/immobilier-22527476-vente-maison-96m-a-pleumeur-bodou-pleumeur-bodou,374 000,Pleumeur-Bodou 22560,96,295,4
Maison 144m² à pleumeur-bodou,https://www.etreproprio.com/immobilier-23805326-vente-maison-144m-a-pleumeur-bodou-pleumeur-bodou,736 000,Pleumeur-Bodou 22560,144,623,5
Villa de bord de mer,https://www.etreproprio.com/immobilier-23760458-vente-villa-de-bord-de-mer-pleumeur-bodou,341 250,Pleumeur-Bodou 22560,115,1 200,7
Maison 104m² à pleumeur-bodou,https://www.etreproprio.com/immobilier-23744592-vente-maison-104m-a-pleumeur-bodou-pleumeur-bodou,269 700,Pleumeur-Bodou 22560,104,2 099,5
Maison 137m² à pleumeur-bodou,https://www.etreproprio.com/immobilier-23460130-vente-maison-137m-a-pleumeur-bodou-pleumeur-bodou,323 500,Pleumeur-Bodou 22560,137,2 000,6
À 2 km de la plage et des commerces,https://www.etreproprio.com/immobilier-20923859-vente-a-2-km-de-la-plage-et-des-commerces-pleumeur-bodou,599 000,Pleumeur-Bodou 22560,173,5 342,6
Maison 48m² à pleumeur-bodou,https://www.etreproprio.com/immobilier-23696040-vente-maison-48m-a-pleumeur-bodou-pleumeur-bodou,197 000,Pleumeur-Bodou 22560,48,200,3
Contemporaine au radôme - pleumeur bodou,https://www.etreproprio.com/immobilier-23663502-vente-contemporaine-au-radome-pleumeur-bodou-pleumeur-bodou,548 600,Pleumeur-Bodou 22560,115,2 911,3
Maison 81m² à pleumeur-bodou,https://www.etreproprio.com/immobilier-23647227-vente-maison-81m-a-pleumeur-bodou-pleumeur-bodou,499 000,Pleumeur-Bodou 22560,81,1 459,4
Belle propriété à penvern !,https://www.etreproprio.com/immobilier-23507215-vente-belle-propriete-a-penvern-pleumeur-bodou,395 000,Pleumeur-Bodou 22560,198,1 650,10
Maison néo-bretonne à pleumeur-bodou !,https://www.etreproprio.com/immobilier-23643292-vente-maison-neo-bretonne-a-pleumeur-bodou-pleumeur-bodou,350 000,Pleumeur-Bodou 22560,100,937,4
Maison 125m² à pleumeur-bodou,https://www.etreproprio.com/immobilier-23629787-vente-maison-125m-a-pleumeur-bodou-pleumeur-bodou,499 000,Pleumeur-Bodou 22560,125,1 459,5
Pleumeur - bodou : belle maison familiale 4 chambres - proximité plages de landrellec,https://www.etreproprio.com/immobilier-23263606-vente-pleumeur-bodou-belle-maison-familiale-4-chambres-proximite-plages-de-landrellec-pleumeur-bodou,350 000,Pleumeur-Bodou 22560,100,937,6
Garage à 200 mètres de la plage !,https://www.etreproprio.com/immobilier-23604352-vente-garage-a-200-metres-de-la-plage-pleumeur-bodou,99 900,Pleumeur-Bodou 22560,23,220,2
Maison 102m² à pleumeur-bodou,https://www.etreproprio.com/immobilier-23591955-vente-maison-102m-a-pleumeur-bodou-pleumeur-bodou,134 000,Pleumeur-Bodou 22560,102,8 078,4
Maison pleumeur bodou acces toutes les commodites a pied,https://www.etreproprio.com/immobilier-23572227-vente-maison-pleumeur-bodou-acces-toutes-les-commodites-a-pied-pleumeur-bodou,261 000,Pleumeur-Bodou 22560,93,,4
Dpt cotes d’armor (22) -à vendre -pleumeur-bodou - crec’h lagadurien - maison t9 – 200 m² - 7 chambres -terrain clos 1 661 m² -,https://www.etreproprio.com/immobilier-23552251-vente-dpt-cotes-d-armor-22-a-vendre-pleumeur-bodou-crec-h-lagadurien-maison-t9-200-m-7-chambres-terrain-clos-1-661-m-pleumeur-bodou,585 000,Pleumeur-Bodou 22560,191,1 661,9
Maison 100m² à pleumeur-gautier,https://www.etreproprio.com/immobilier-23816767-vente-maison-100m-a-pleumeur-gautier-pleumeur-gautier,239 150,Pleumeur-Gautier 22740,100,2 237,5
Maison 100m² à pleumeur-gautier,https://www.etreproprio.com/immobilier-23703518-vente-maison-100m-a-pleumeur-gautier-pleumeur-gautier,194 000,Pleumeur-Gautier 22740,100,578,6
Maison pleumeur-gautier 5 pièce(s) 106.5 m2,https://www.etreproprio.com/immobilier-23700288-vente-maison-pleumeur-gautier-5-pieces-1065-m2-pleumeur-gautier,241 500,Pleumeur-Gautier 22740,107,2 000,5
Maison 69m² à pleumeur-gautier,https://www.etreproprio.com/immobilier-22923347-vente-maison-69m-a-pleumeur-gautier-pleumeur-gautier,199 900,Pleumeur-Gautier 22740,70,1 318,4
Ensemble en pierres d'une surface habitable d'environ 211m2 sur la commune de pleumeur-gautier,https://www.etreproprio.com/immobilier-21367238-vente-ensemble-en-pierres-d-une-surface-habitable-d-environ-211m2-sur-la-commune-de-pleumeur-gautier-pleumeur-gautier,349 000,Pleumeur-Gautier 22740,211,2 055,7
Maison de bourg,https://www.etreproprio.com/immobilier-22752357-vente-maison-de-bourg-pleumeur-gautier,149 000,Pleumeur-Gautier 22740,94,774,5
"Corps de ferme en pierre à rénover ,1,4 hectare de nature à pleumeur-gautier",https://www.etreproprio.com/immobilier-22610458-vente-corps-de-ferme-en-pierre-a-renover-14-hectare-de-nature-a-pleumeur-gautier-pleumeur-gautier,219 870,Pleumeur-Gautier 22740,122,14 912,6
Maison au cœur du bourg,https://www.etreproprio.com/immobilier-22365899-vente-maison-au-coeur-du-bourg-pleumeur-gautier,204 750,Pleumeur-Gautier 22740,115,1 097,7
Entre paimpol et treguierr,https://www.etreproprio.com/immobilier-21386109-vente-entre-paimpol-et-treguierr-pleumeur-gautier,89 000,Pleumeur-Gautier 22740,52,,3
Maison pleumeur gautier 4 pièces 100 m²,https://www.etreproprio.com/immobilier-21534879-vente-maison-pleumeur-gautier-4-pieces-100-m-pleumeur-gautier,97 500,Pleumeur-Gautier 22740,88,130,4
Nouveaute exclusivite pleudihen-sur-rance,https://www.etreproprio.com/immobilier-23228194-vente-nouveaute-exclusivite-pleudihen-sur-rance-pleudihen-sur-rance,185 500,Pleudihen-Sur-Rance 22690,99,1 843,5
Maison en pierre rénovée pleudihen sur rance,https://www.etreproprio.com/immobilier-23381959-vente-maison-en-pierre-renovee-pleudihen-sur-rance-pleudihen-sur-rance,332 480,Pleudihen-Sur-Rance 22690,130,,6
Maison 103m² à pleudihen-sur-rance,https://www.etreproprio.com/immobilier-23371657-vente-maison-103m-a-pleudihen-sur-rance-pleudihen-sur-rance,322 875,Pleudihen-Sur-Rance 22690,104,582,4
Maison 164m² à pleudihen-sur-rance,https://www.etreproprio.com/immobilier-23360740-vente-maison-164m-a-pleudihen-sur-rance-pleudihen-sur-rance,336 000,Pleudihen-Sur-Rance 22690,165,683,6
"charmante maison en pierre à deux pas de la rance – idéal pied-à-terre, location saisonnière ou premier achat",https://www.etreproprio.com/immobilier-22737826-vente-charmante-maison-en-pierre-a-deux-pas-de-la-rance-ideal-pied-a-terre-location-saisonniere-ou-premier-achat-pleudihen-sur-rance,217 000,Pleudihen-Sur-Rance 22690,83,84,4
Nouveaute exclusivite pleudihen-sur-rance,https://www.etreproprio.com/immobilier-23264409-vente-nouveaute-exclusivite-pleudihen-sur-rance-pleudihen-sur-rance,174 900,Pleudihen-Sur-Rance 22690,76,591,3
Maison 130m² à pleudihen-sur-rance,https://www.etreproprio.com/immobilier-22997062-vente-maison-130m-a-pleudihen-sur-rance-pleudihen-sur-rance,314 900,Pleudihen-Sur-Rance 22690,130,950,6
Rare pleudihen,https://www.etreproprio.com/immobilier-22967043-vente-rare-pleudihen-pleudihen-sur-rance,199 500,Pleudihen-Sur-Rance 22690,96,352,97
Maison 123m² à pleudihen-sur-rance,https://www.etreproprio.com/immobilier-22962182-vente-maison-123m-a-pleudihen-sur-rance-pleudihen-sur-rance,364 000,Pleudihen-Sur-Rance 22690,123,660,6
Maison 187m² à pleudihen-sur-rance,https://www.etreproprio.com/immobilier-22953012-vente-maison-187m-a-pleudihen-sur-rance-pleudihen-sur-rance,504 000,Pleudihen-Sur-Rance 22690,187,1 387,6
Maison de navigateur du xix siècle à pleudihen-sur-rance,https://www.etreproprio.com/immobilier-22951729-vente-maison-de-navigateur-du-xix-siecle-a-pleudihen-sur-rance-pleudihen-sur-rance,504 000,Pleudihen-Sur-Rance 22690,190,1 387,6
Maison 136m² à pleudihen-sur-rance,https://www.etreproprio.com/immobilier-22873918-vente-maison-136m-a-pleudihen-sur-rance-pleudihen-sur-rance,542 000,Pleudihen-Sur-Rance 22690,136,1 962,6
Maison 179m² à pleudihen-sur-rance,https://www.etreproprio.com/immobilier-22756854-vente-maison-179m-a-pleudihen-sur-rance-pleudihen-sur-rance,473 900,Pleudihen-Sur-Rance 22690,179,647,8
Maison 96m² à pleudihen-sur-rance,https://www.etreproprio.com/immobilier-22457533-vente-maison-96m-a-pleudihen-sur-rance-pleudihen-sur-rance,199 900,Pleudihen-Sur-Rance 22690,96,217,4
Exclusivite pleudihen sur rance,https://www.etreproprio.com/immobilier-21939547-vente-exclusivite-pleudihen-sur-rance-pleudihen-sur-rance,369 200,Pleudihen-Sur-Rance 22690,154,774,5
Bords de rance maison de caractere de 1840,https://www.etreproprio.com/immobilier-22220007-vente-bords-de-rance-maison-de-caractere-de-1840-pleudihen-sur-rance,733 600,Pleudihen-Sur-Rance 22690,207,,5
Maison 8 pièces 270m2,https://www.etreproprio.com/immobilier-21162181-vente-maison-8-pieces-270m2-pleudihen-sur-rance,393 500,Pleudihen-Sur-Rance 22690,270,1 600,8
Bords de rance / pleudihen sur rance,https://www.etreproprio.com/immobilier-17720934-vente-bords-de-rance-pleudihen-sur-rance-pleudihen-sur-rance,586 880,Pleudihen-Sur-Rance 22690,188,1 387,7
Maison 63m² à pleudihen-sur-rance,https://www.etreproprio.com/immobilier-11553971-vente-maison-63m-a-pleudihen-sur-rance-pleudihen-sur-rance,340 000,Pleudihen-Sur-Rance 22690,63,30,3
Maison 214m² à pleumeur-bodou,https://www.etreproprio.com/immobilier-23459961-vente-maison-214m-a-pleumeur-bodou-pleumeur-bodou,580 000,Pleumeur-Bodou 22560,214,7 459,9
Maison vie de plain pied avec jardin,https://www.etreproprio.com/immobilier-23429228-vente-maison-vie-de-plain-pied-avec-jardin-pleumeur-bodou,428 000,Pleumeur-Bodou 22560,144,1 943,6
Maison 160m² à pleumeur-bodou,https://www.etreproprio.com/immobilier-23388633-vente-maison-160m-a-pleumeur-bodou-pleumeur-bodou,539 000,Pleumeur-Bodou 22560,160,1 182,6
"Architecture rare à 400 m de la mer – trébeurden, penvern",https://www.etreproprio.com/immobilier-22586315-vente-architecture-rare-a-400-m-de-la-mer-trebeurden-penvern-pleumeur-bodou,555 000,Pleumeur-Bodou 22560,147,2 700,8
"Penvern, pleumeur bodou  maison d'architecte signée burel",https://www.etreproprio.com/immobilier-21780180-vente-penvern-pleumeur-bodou-maison-d-architecte-signee-burel-pleumeur-bodou,550 000,Pleumeur-Bodou 22560,147,2 700,8
Vue dégagée côté mer / côté campagne,https://www.etreproprio.com/immobilier-21782373-vente-vue-degagee-cote-mer-cote-campagne-pleumeur-bodou,530 900,Pleumeur-Bodou 22560,140,3 400,5
Maison 126m² à pleumeur-bodou,https://www.etreproprio.com/immobilier-23125805-vente-maison-126m-a-pleumeur-bodou-pleumeur-bodou,299 000,Pleumeur-Bodou 22560,126,1 400,5
Maison 131m² à pleumeur-bodou,https://www.etreproprio.com/immobilier-23085406-vente-maison-131m-a-pleumeur-bodou-pleumeur-bodou,449 000,Pleumeur-Bodou 22560,131,694,4
Maison 198m² à pleumeur-bodou,https://www.etreproprio.com/immobilier-23024574-vente-maison-198m-a-pleumeur-bodou-pleumeur-bodou,417 000,Pleumeur-Bodou 22560,198,1 650,10
Maison en pierre à pleumeur-bodou,https://www.etreproprio.com/immobilier-23032962-vente-maison-en-pierre-a-pleumeur-bodou-pleumeur-bodou,,,,,
Maison 151m² à pleumeur-bodou,https://www.etreproprio.com/immobilier-22934958-vente-maison-151m-a-pleumeur-bodou-pleumeur-bodou,749 000,Pleumeur-Bodou 22560,151,557,7
Maison 239m² à pleumeur-bodou,https://www.etreproprio.com/immobilier-22888938-vente-maison-239m-a-pleumeur-bodou-pleumeur-bodou,228 500,Pleumeur-Bodou 22560,239,170,5
Grande maison avec vue mer proche du golf et des plages de landrellec,https://www.etreproprio.com/immobilier-22037856-vente-grande-maison-avec-vue-mer-proche-du-golf-et-des-plages-de-landrellec-pleumeur-bodou,776 250,Pleumeur-Bodou 22560,186,4 090,8
Maison de plain-pied avec véranda !,https://www.etreproprio.com/immobilier-22531000-vente-maison-de-plain-pied-avec-veranda-pleumeur-bodou,249 850,Pleumeur-Bodou 22560,86,991,4
Pleumeur bodou: 2 chambres fort potentiel proche de la mer,https://www.etreproprio.com/immobilier-22504557-vente-pleumeur-bodou-2-chambres-fort-potentiel-proche-de-la-mer-pleumeur-bodou,243 000,Pleumeur-Bodou 22560,80,,5
Maison 280m² à pleumeur-bodou,https://www.etreproprio.com/immobilier-22478169-vente-maison-280m-a-pleumeur-bodou-pleumeur-bodou,935 000,Pleumeur-Bodou 22560,280,4 000,5
Maison 167m² à pleumeur-bodou,https://www.etreproprio.com/immobilier-22450590-vente-maison-167m-a-pleumeur-bodou-pleumeur-bodou,698 000,Pleumeur-Bodou 22560,167,3 490,7
Et si vous profitiez de magnifiques couchers de soleil ?,https://www.etreproprio.com/immobilier-21994484-vente-et-si-vous-profitiez-de-magnifiques-couchers-de-soleil-pleumeur-bodou,795 000,Pleumeur-Bodou 22560,180,4 090,8
Nue-propriété - homme seul de 78 ans - villa avec vue panoramique sur la mer pleumeur-bodou (22),https://www.etreproprio.com/immobilier-21463016-vente-nue-propriete-homme-seul-de-78-ans-villa-avec-vue-panoramique-sur-la-mer-pleumeur-bodou-22-pleumeur-bodou,752 560,Pleumeur-Bodou 22560,185,,7
Maison 155m² à pleven,https://www.etreproprio.com/immobilier-23863364-vente-maison-155m-a-pleven-pleven,87 000,Pleven 22130,155,530,4
Maison de 5 pièces de 109 m² située à pléven,https://www.etreproprio.com/immobilier-23773004-vente-maison-de-5-pieces-de-109-m-situee-a-pleven-pleven,191 500,Pleven 22130,109,1 440,5
Maison 86m² à pleven,https://www.etreproprio.com/immobilier-23740106-vente-maison-86m-a-pleven-pleven,152 000,Pleven 22130,86,360,4
Maison proche bourg et plages,https://www.etreproprio.com/immobilier-22666617-vente-maison-proche-bourg-et-plages-plevenon,252 000,Plevenon 22240,147,550,7
Maison 142m² à plevenon,https://www.etreproprio.com/immobilier-22577613-vente-maison-142m-a-plevenon-plevenon,489 000,Plevenon 22240,142,1 333,8
Maison plévenon,https://www.etreproprio.com/immobilier-23399042-vente-maison-plevenon-plevenon,357 000,Plevenon 22240,108,2 434,4
Maison 140m² à plevenon,https://www.etreproprio.com/immobilier-22748010-vente-maison-140m-a-plevenon-plevenon,490 000,Plevenon 22240,140,560,5
Maison 124m² à plevin,https://www.etreproprio.com/immobilier-23850230-vente-maison-124m-a-plevin-plevin,165 700,Plevin 22340,124,6 500,6
"Plévin, maison à vendre",https://www.etreproprio.com/immobilier-23828820-vente-plevin-maison-a-vendre-plevin,164 000,Plevin 22340,145,2 400,7
Maison 105m² à plevin,https://www.etreproprio.com/immobilier-23742567-vente-maison-105m-a-plevin-plevin,107 000,Plevin 22340,105,462,6
Exclusivite -plevin- charmante maison de 4 pièces sur sous-sol surélevé avec grand jardin arboré/paysager et plusieurs dépendanc,https://www.etreproprio.com/immobilier-22069012-vente-exclusivite-plevin-charmante-maison-de-4-pieces-sur-sous-sol-sureleve-avec-grand-jardin-arborepaysager-et-plusieurs-dependanc-plevin,188 050,Plevin 22340,176,2 416,5
Maison 90m² à plevin,https://www.etreproprio.com/immobilier-23359824-vente-maison-90m-a-plevin-plevin,77 000,Plevin 22340,90,473,5
Maison 126m² à plevin,https://www.etreproprio.com/immobilier-22353198-vente-maison-126m-a-plevin-plevin,279 000,Plevin 22340,126,400,5
Maison 125m² à plevin,https://www.etreproprio.com/immobilier-20449391-vente-maison-125m-a-plevin-plevin,147 000,Plevin 22340,125,1 047,6
Maison 192m² à plevin,https://www.etreproprio.com/immobilier-20102612-vente-maison-192m-a-plevin-plevin,365 000,Plevin 22340,192,10 756,7
Maison 115m² à ploeuc-sur-lie,https://www.etreproprio.com/immobilier-23391431-vente-maison-115m-a-ploeuc-sur-lie-ploeuc-sur-lie,189 900,Ploeuc-Sur-Lie 22150,115,571,4
Maison 102m² à ploeuc-sur-lie,https://www.etreproprio.com/immobilier-23644250-vente-maison-102m-a-ploeuc-sur-lie-ploeuc-sur-lie,147 000,Ploeuc-Sur-Lie 22150,102,414,6
Maison 208m² à ploeuc-sur-lie,https://www.etreproprio.com/immobilier-23613640-vente-maison-208m-a-ploeuc-sur-lie-ploeuc-sur-lie,238 400,Ploeuc-Sur-Lie 22150,208,4 440,9
Maison de plain pied,https://www.etreproprio.com/immobilier-20415532-vente-maison-de-plain-pied-ploeuc-sur-lie,283 250,Ploeuc-Sur-Lie 22150,120,4 400,6
Longere 153m²,https://www.etreproprio.com/immobilier-23531082-vente-longere-153m-ploeuc-sur-lie,291 200,Ploeuc-Sur-Lie 22150,153,5 234,7
Maison 104m² à ploeuc-sur-lie,https://www.etreproprio.com/immobilier-22500124-vente-maison-104m-a-ploeuc-sur-lie-ploeuc-sur-lie,146 750,Ploeuc-Sur-Lie 22150,104,1 100,5
Maison 157m² à ploeuc-sur-lie,https://www.etreproprio.com/immobilier-23410077-vente-maison-157m-a-ploeuc-sur-lie-ploeuc-sur-lie,289 000,Ploeuc-Sur-Lie 22150,157,5 200,7
Maison de bourg 10 pièces 208 m2,https://www.etreproprio.com/immobilier-21497205-vente-maison-de-bourg-10-pieces-208-m2-ploeuc-sur-lie,126 000,Ploeuc-Sur-Lie 22150,208,,10
Maison 140m² à ploezal,https://www.etreproprio.com/immobilier-23904151-vente-maison-140m-a-ploezal-ploezal,292 000,Ploezal 22260,140,400,7
Maison en pierre de 4 chambres,https://www.etreproprio.com/immobilier-23718028-vente-maison-en-pierre-de-4-chambres-ploezal,394 000,Ploezal 22260,190,8 280,8
Maison 130m² à ploezal,https://www.etreproprio.com/immobilier-22587591-vente-maison-130m-a-ploezal-ploezal,195 000,Ploezal 22260,130,,5
Maison ploezal 4 pièce(s) 90 m2,https://www.etreproprio.com/immobilier-23590205-vente-maison-ploezal-4-pieces-90-m2-ploezal,189 990,Ploezal 22260,90,760,4
Maison 135m² à ploezal,https://www.etreproprio.com/immobilier-23558773-vente-maison-135m-a-ploezal-ploezal,292 000,Ploezal 22260,135,626,7
Maison plus appartement t4 ploëzal 22260,https://www.etreproprio.com/immobilier-23494237-vente-maison-plus-appartement-t4-ploezal-22260-ploezal,292 000,Ploezal 22260,135,626,7
Maison 3 chambres sur plus de 4900 m2 de jardin,https://www.etreproprio.com/immobilier-23202992-vente-maison-3-chambres-sur-plus-de-4900-m2-de-jardin-ploezal,274 300,Ploezal 22260,94,4 905,4
Grande maison en pierres  proche pontrieux,https://www.etreproprio.com/immobilier-21221454-vente-grande-maison-en-pierres-proche-pontrieux-ploezal,188 900,Ploezal 22260,200,,
Corps de ferme ploezal 8 pièce(s) 310 m2,https://www.etreproprio.com/immobilier-22887607-vente-corps-de-ferme-ploezal-8-pieces-310-m2-ploezal,190 000,Ploezal 22260,310,10 000,8
"Longère en campagne, belles surfaces, et terrain de loisirs...",https://www.etreproprio.com/immobilier-22734312-vente-longere-en-campagne-belles-surfaces-et-terrain-de-loisirs-ploezal,167 500,Ploezal 22260,110,,6
Maison 75m² à ploezal,https://www.etreproprio.com/immobilier-22414335-vente-maison-75m-a-ploezal-ploezal,99 000,Ploezal 22260,75,115,4
Ancien moulin sur la commune de plorec sur arguenon,https://www.etreproprio.com/immobilier-23889521-vente-ancien-moulin-sur-la-commune-de-plorec-sur-arguenon-plorec-sur-arguenon,263 500,Plorec-Sur-Arguenon 22130,132,31 825,5
Plorec sur arguenon,https://www.etreproprio.com/immobilier-23719181-vente-plorec-sur-arguenon-plorec-sur-arguenon,217 300,Plorec-Sur-Arguenon 22130,80,538,3
Proche commerces et écoles - très belle maison sur 1947 m2 de terrain,https://www.etreproprio.com/immobilier-22929320-vente-proche-commerces-et-ecoles-tres-belle-maison-sur-1947-m2-de-terrain-plouagat,245 000,Plouagat 22170,125,1 947,8
"Havre de paix, un magnifique ensemble en pierres sans vis à vis",https://www.etreproprio.com/immobilier-22612549-vente-havre-de-paix-un-magnifique-ensemble-en-pierres-sans-vis-a-vis-plouagat,509 600,Plouagat 22170,192,12 318,12
Ensemble de 2 maisons en pierres,https://www.etreproprio.com/immobilier-20965903-vente-ensemble-de-2-maisons-en-pierres-plouagat,245 600,Plouagat 22170,180,2 528,8
Maison 130m² à plouaret,https://www.etreproprio.com/immobilier-23901592-vente-maison-130m-a-plouaret-plouaret,250 000,Plouaret 22420,131,3 414,5
Maison 75m² à plouaret,https://www.etreproprio.com/immobilier-23877961-vente-maison-75m-a-plouaret-plouaret,270 000,Plouaret 22420,75,361,4
Plouaret maison 7 pièces de 154 m²,https://www.etreproprio.com/immobilier-23865712-vente-plouaret-maison-7-pieces-de-154-m-plouaret,147 500,Plouaret 22420,154,616,7
Maison au centre de plouaret,https://www.etreproprio.com/immobilier-23851058-vente-maison-au-centre-de-plouaret-plouaret,97 000,Plouaret 22420,50,50,3
Maison 76m² à plouaret,https://www.etreproprio.com/immobilier-23827436-vente-maison-76m-a-plouaret-plouaret,276 000,Plouaret 22420,77,361,3
Maison 158m² à plouaret,https://www.etreproprio.com/immobilier-23447124-vente-maison-158m-a-plouaret-plouaret,298 500,Plouaret 22420,158,1 990,7
Maison 200m² à plouaret,https://www.etreproprio.com/immobilier-23832256-vente-maison-200m-a-plouaret-plouaret,174 000,Plouaret 22420,200,1 039,8
Maison 41m² à plouaret,https://www.etreproprio.com/immobilier-23281105-vente-maison-41m-a-plouaret-plouaret,39 990,Plouaret 22420,41,81,2
Maison 87m² à plouaret,https://www.etreproprio.com/immobilier-22568750-vente-maison-87m-a-plouaret-plouaret,119 000,Plouaret 22420,87,79,4
Maison 75m² à plouaret,https://www.etreproprio.com/immobilier-23800708-vente-maison-75m-a-plouaret-plouaret,270 000,Plouaret 22420,75,361,3
Maison 108m² à plouaret,https://www.etreproprio.com/immobilier-23744594-vente-maison-108m-a-plouaret-plouaret,218 600,Plouaret 22420,108,685,5
Maison 124m² à plouaret,https://www.etreproprio.com/immobilier-23742530-vente-maison-124m-a-plouaret-plouaret,220 000,Plouaret 22420,124,2 058,5
Maison 75m² à plouaret,https://www.etreproprio.com/immobilier-23719001-vente-maison-75m-a-plouaret-plouaret,270 000,Plouaret 22420,75,361,3
Maison 70m² à plouaret,https://www.etreproprio.com/immobilier-23702405-vente-maison-70m-a-plouaret-plouaret,199 990,Plouaret 22420,70,618,4
Maison 70m² à plouaret,https://www.etreproprio.com/immobilier-23662297-vente-maison-70m-a-plouaret-plouaret,194 000,Plouaret 22420,70,618,4
Plouaret : maison familiale avec jardin - quartier calme,https://www.etreproprio.com/immobilier-23635091-vente-plouaret-maison-familiale-avec-jardin-quartier-calme-plouaret,255 000,Plouaret 22420,148,833,6
Maison 116m² à plouaret,https://www.etreproprio.com/immobilier-23135182-vente-maison-116m-a-plouaret-plouaret,260 000,Plouaret 22420,116,3 429,6
À vendre – maison rénovée de 88 m² à plouaret,https://www.etreproprio.com/immobilier-22656647-vente-a-vendre-maison-renovee-de-88-m-a-plouaret-plouaret,119 000,Plouaret 22420,88,,4
Maison 166m² à plouaret,https://www.etreproprio.com/immobilier-22568826-vente-maison-166m-a-plouaret-plouaret,324 000,Plouaret 22420,166,2 958,6
Maison 137m² à plouaret,https://www.etreproprio.com/immobilier-23490265-vente-maison-137m-a-plouaret-plouaret,298 000,Plouaret 22420,137,760,6
Maison 65m² à plouasne,https://www.etreproprio.com/immobilier-22951692-vente-maison-65m-a-plouasne-plouasne,97 500,Plouasne 22830,66,1 483,2
Plouasne- maison de bourg- 5 chambres,https://www.etreproprio.com/immobilier-23750903-vente-plouasne-maison-de-bourg-5-chambres-plouasne,255 500,Plouasne 22830,164,780,7
"A vendre chez christelle mesnage immobilier, plouasne- bell",https://www.etreproprio.com/immobilier-23705178-vente-a-vendre-chez-christelle-mesnage-immobilier-plouasne-bell-plouasne,332 800,Plouasne 22830,187,14 028,6
Maison 103m² à plouasne,https://www.etreproprio.com/immobilier-23522757-vente-maison-103m-a-plouasne-plouasne,220 500,Plouasne 22830,103,14 000,5
Maison 182m² à plouasne,https://www.etreproprio.com/immobilier-23166067-vente-maison-182m-a-plouasne-plouasne,284 000,Plouasne 22830,182,279,8
Maison a vendre plouasne (22830) - 2 chambres,https://www.etreproprio.com/immobilier-23499501-vente-maison-a-vendre-plouasne-22830-2-chambres-plouasne,145 115,Plouasne 22830,83,2 184,3
Maison 117m² à plouasne,https://www.etreproprio.com/immobilier-23299845-vente-maison-117m-a-plouasne-plouasne,154 900,Plouasne 22830,118,1 163,5
Maison plain pied rare,https://www.etreproprio.com/immobilier-23127989-vente-maison-plain-pied-rare-plouasne,266 000,Plouasne 22830,121,,6
Maison 145m² à plouasne,https://www.etreproprio.com/immobilier-22441409-vente-maison-145m-a-plouasne-plouasne,250 000,Plouasne 22830,145,2 938,7
Propriété à vendre à plouasne (22),https://www.etreproprio.com/immobilier-21070735-vente-propriete-a-vendre-a-plouasne-22-plouasne,395 000,Plouasne 22830,371,15 660,13
À vendre : longère rénovée avec potentiel de chambres d’hôtes plouasne (22),https://www.etreproprio.com/immobilier-21389561-vente-a-vendre-longere-renovee-avec-potentiel-de-chambres-d-hotes-plouasne-22-plouasne,395 000,Plouasne 22830,371,15 660,13
Maison 189m² à plouasne,https://www.etreproprio.com/immobilier-22287865-vente-maison-189m-a-plouasne-plouasne,395 000,Plouasne 22830,189,15 600,11
Ensemble de bâtiments à fort potentiel,https://www.etreproprio.com/immobilier-22194868-vente-ensemble-de-batiments-a-fort-potentiel-plouasne,180 000,Plouasne 22830,400,2 200,6
Maison de campagne à beaussais sur mer,https://www.etreproprio.com/immobilier-22375067-vente-maison-de-campagne-a-beaussais-sur-mer-ploubalay,329 000,Ploubalay 22650,138,5 424,4
Maison proche bourg,https://www.etreproprio.com/immobilier-23818959-vente-maison-proche-bourg-ploubalay,392 000,Ploubalay 22650,96,750,5
Maison 95m² à ploubalay,https://www.etreproprio.com/immobilier-23804738-vente-maison-95m-a-ploubalay-ploubalay,329 000,Ploubalay 22650,95,452,5
Une maison de plain-pied de 135 m²,https://www.etreproprio.com/immobilier-23782329-vente-une-maison-de-plain-pied-de-135-m-ploubalay,495 000,Ploubalay 22650,135,780,6
Maison beaussais sur mer à 7 minutes a pied des commerces 154 m²,https://www.etreproprio.com/immobilier-23753138-vente-maison-beaussais-sur-mer-a-7-minutes-a-pied-des-commerces-154-m-ploubalay,589 772,Ploubalay 22650,154,904,7
Longère beaussais sur mer en campagne,https://www.etreproprio.com/immobilier-23671237-vente-longere-beaussais-sur-mer-en-campagne-ploubalay,419 890,Ploubalay 22650,140,1 672,5
Maison 208m² à ploubalay,https://www.etreproprio.com/immobilier-23607689-vente-maison-208m-a-ploubalay-ploubalay,699 000,Ploubalay 22650,208,9 263,6
Maison beaussais sur mer de plain pied 3 pièces 75.34 m2,https://www.etreproprio.com/immobilier-23599537-vente-maison-beaussais-sur-mer-de-plain-pied-3-pieces-7534-m2-ploubalay,314 400,Ploubalay 22650,75,804,3
Maison beaussais sur mer 130 m²,https://www.etreproprio.com/immobilier-20698346-vente-maison-beaussais-sur-mer-130-m-ploubalay,366 800,Ploubalay 22650,130,2 546,7
Maison trégon,https://www.etreproprio.com/immobilier-23532535-vente-maison-tregon-ploubalay,225 500,Ploubalay 22650,71,,4
Maison ploubalay 7 pièces 146 m2,https://www.etreproprio.com/immobilier-23480226-vente-maison-ploubalay-7-pieces-146-m2-ploubalay,545 800,Ploubalay 22650,146,843,7
Maison familiale,https://www.etreproprio.com/immobilier-23325981-vente-maison-familiale-ploubalay,462 000,Ploubalay 22650,240,2 014,10
Maison 4 chambres,https://www.etreproprio.com/immobilier-23256845-vente-maison-4-chambres-ploubalay,357 500,Ploubalay 22650,103,342,6
Maison beaussais sur mer 4 pièce(s) 122 m2,https://www.etreproprio.com/immobilier-23218832-vente-maison-beaussais-sur-mer-4-pieces-122-m2-ploubalay,380 000,Ploubalay 22650,122,628,5
Maison ancienne de 108 m² à beaussais sur mer,https://www.etreproprio.com/immobilier-23043662-vente-maison-ancienne-de-108-m-a-beaussais-sur-mer-ploubalay,447 000,Ploubalay 22650,108,9 116,6
Maison centre bourg,https://www.etreproprio.com/immobilier-22951730-vente-maison-centre-bourg-ploubalay,420 000,Ploubalay 22650,135,1 350,5
Maison 159m² à ploubalay,https://www.etreproprio.com/immobilier-22731041-vente-maison-159m-a-ploubalay-ploubalay,451 500,Ploubalay 22650,159,376,7
Maison beaussais sur mer,https://www.etreproprio.com/immobilier-20667179-vente-maison-beaussais-sur-mer-ploubalay,503 040,Ploubalay 22650,135,780,9
Maison néo-bretonne de 35 m2 avec garage sur 780 m2 de terrain clos,https://www.etreproprio.com/immobilier-20034346-vente-maison-neo-bretonne-de-35-m2-avec-garage-sur-780-m2-de-terrain-clos-ploubalay,496 375,Ploubalay 22650,135,780,6
Ploubalay - maison avec double garage et apartement,https://www.etreproprio.com/immobilier-17952453-vente-ploubalay-maison-avec-double-garage-et-apartement-ploubalay,429 680,Ploubalay 22650,200,205,5
Maison 150m² à plouaret,https://www.etreproprio.com/immobilier-23468873-vente-maison-150m-a-plouaret-plouaret,313 500,Plouaret 22420,150,928,5
Plouaret maison à vendre avec terrain constructible 1241m2,https://www.etreproprio.com/immobilier-23451333-vente-plouaret-maison-a-vendre-avec-terrain-constructible-1241m2-plouaret,174 000,Plouaret 22420,99,1 241,4
Maison 120m² à plouaret,https://www.etreproprio.com/immobilier-23361015-vente-maison-120m-a-plouaret-plouaret,154 000,Plouaret 22420,120,344,5
Maison 80m² à plouaret,https://www.etreproprio.com/immobilier-23196149-vente-maison-80m-a-plouaret-plouaret,185 000,Plouaret 22420,80,,6
Maison 142m² à plouaret,https://www.etreproprio.com/immobilier-23166490-vente-maison-142m-a-plouaret-plouaret,349 000,Plouaret 22420,142,17 150,7
Plouaret maison 74m²,https://www.etreproprio.com/immobilier-23082570-vente-plouaret-maison-74m-plouaret,107 500,Plouaret 22420,74,354,4
Maison 84m² à plouaret,https://www.etreproprio.com/immobilier-23078702-vente-maison-84m-a-plouaret-plouaret,178 000,Plouaret 22420,84,1 122,5
Maison individuelle de 84 m² à plouaret,https://www.etreproprio.com/immobilier-23043060-vente-maison-individuelle-de-84-m-a-plouaret-plouaret,178 000,Plouaret 22420,84,1 122,5
Maison 127m² à plouaret,https://www.etreproprio.com/immobilier-23048173-vente-maison-127m-a-plouaret-plouaret,280 000,Plouaret 22420,127,1 058,7
Maison 127m² rénové à plouaret,https://www.etreproprio.com/immobilier-23034315-vente-maison-127m-renove-a-plouaret-plouaret,279 000,Plouaret 22420,127,1 058,8
Maison 99m² à plouaret,https://www.etreproprio.com/immobilier-22975783-vente-maison-99m-a-plouaret-plouaret,174 000,Plouaret 22420,99,1 241,4
Maison 79m² à plouaret,https://www.etreproprio.com/immobilier-22941704-vente-maison-79m-a-plouaret-plouaret,184 000,Plouaret 22420,80,401,4
Maison individuelle de 80 m² à plouaret,https://www.etreproprio.com/immobilier-22948233-vente-maison-individuelle-de-80-m-a-plouaret-plouaret,184 000,Plouaret 22420,85,401,5
Plouaret longère terrain et hangars,https://www.etreproprio.com/immobilier-22890406-vente-plouaret-longere-terrain-et-hangars-plouaret,336 000,Plouaret 22420,150,4 000,5
Maison 135m² à plouaret,https://www.etreproprio.com/immobilier-22724598-vente-maison-135m-a-plouaret-plouaret,349 000,Plouaret 22420,135,17 000,7
Maison 127m² à plouaret,https://www.etreproprio.com/immobilier-22321532-vente-maison-127m-a-plouaret-plouaret,282 000,Plouaret 22420,127,1 058,8
"Maison de village en pierres, avec cour fermée",https://www.etreproprio.com/immobilier-22734328-vente-maison-de-village-en-pierres-avec-cour-fermee-plouaret,106 000,Plouaret 22420,102,,4
Propriété équestre,https://www.etreproprio.com/immobilier-22720089-vente-propriete-equestre-plouaret,349 000,Plouaret 22420,161,17 150,6
Maison 82m² à plouaret,https://www.etreproprio.com/immobilier-22662140-vente-maison-82m-a-plouaret-plouaret,191 000,Plouaret 22420,82,498,7
Maison 245m² à plouaret,https://www.etreproprio.com/immobilier-21718621-vente-maison-245m-a-plouaret-plouaret,229 600,Plouaret 22420,245,765,7
"A vendre, ploubazlanec, maison 5 pieces, terrain 471 m2",https://www.etreproprio.com/immobilier-23876099-vente-a-vendre-ploubazlanec-maison-5-pieces-terrain-471-m2-ploubazlanec,231 000,Ploubazlanec 22620,91,471,5
Ploubazlanec - 1.5 km de la plage du gouern       superbe longère en pierre 8 pièces 140 m² sur 5000 m²,https://www.etreproprio.com/immobilier-23859194-vente-ploubazlanec-15-km-de-la-plage-du-gouern-superbe-longere-en-pierre-8-pieces-140-m-sur-5000-m-ploubazlanec,503 040,Ploubazlanec 22620,140,5 160,8
Maison 149m² à ploubazlanec,https://www.etreproprio.com/immobilier-23832036-vente-maison-149m-a-ploubazlanec-ploubazlanec,630 000,Ploubazlanec 22620,149,900,6
Maison 93m² à ploubazlanec,https://www.etreproprio.com/immobilier-23820157-vente-maison-93m-a-ploubazlanec-ploubazlanec,343 000,Ploubazlanec 22620,93,521,5
"Maison récente, proche des commodités et de la mer",https://www.etreproprio.com/immobilier-23824466-vente-maison-recente-proche-des-commodites-et-de-la-mer-ploubazlanec,343 000,Ploubazlanec 22620,93,521,5
"Ploubazlanec, à vendre ancienne maison de pêcheurs à loguivy-de-la-mer",https://www.etreproprio.com/immobilier-23772563-vente-ploubazlanec-a-vendre-ancienne-maison-de-pecheurs-a-loguivy-de-la-mer-ploubazlanec,194 500,Ploubazlanec 22620,55,66,3
Maison 100m² à ploubazlanec,https://www.etreproprio.com/immobilier-23761723-vente-maison-100m-a-ploubazlanec-ploubazlanec,406 000,Ploubazlanec 22620,100,125,5
Maison 141m² à ploubazlanec,https://www.etreproprio.com/immobilier-23761722-vente-maison-141m-a-ploubazlanec-ploubazlanec,504 000,Ploubazlanec 22620,141,5 521,6
Maison 120m² à ploubazlanec,https://www.etreproprio.com/immobilier-23625229-vente-maison-120m-a-ploubazlanec-ploubazlanec,n.c.,Ploubazlanec 22620,120,500,5
Maison 105m² à ploubazlanec,https://www.etreproprio.com/immobilier-23624609-vente-maison-105m-a-ploubazlanec-ploubazlanec,445 000,Ploubazlanec 22620,105,1 500,5
Maison de charme à ploubazlanec,https://www.etreproprio.com/immobilier-23556105-vente-maison-de-charme-a-ploubazlanec-ploubazlanec,672 000,Ploubazlanec 22620,180,260,5
À vendre   maison inversée avec vue imprenable sur mer   ploubazlanec,https://www.etreproprio.com/immobilier-23594891-vente-a-vendre-maison-inversee-avec-vue-imprenable-sur-mer-ploubazlanec-ploubazlanec,655 200,Ploubazlanec 22620,121,1 794,5
"Maison en pierres 53.36 m2, terrain 67 m2, loguivy de la mer, ploubazlanec, investissement",https://www.etreproprio.com/immobilier-23594889-vente-maison-en-pierres-5336-m2-terrain-67-m2-loguivy-de-la-mer-ploubazlanec-investissement-ploubazlanec,241 000,Ploubazlanec 22620,53,,3
Maison 215m² à ploubazlanec,https://www.etreproprio.com/immobilier-23558515-vente-maison-215m-a-ploubazlanec-ploubazlanec,1 270 900,Ploubazlanec 22620,215,,7
Maison 246m² à ploubazlanec,https://www.etreproprio.com/immobilier-23557934-vente-maison-246m-a-ploubazlanec-ploubazlanec,990 000,Ploubazlanec 22620,246,5 000,8
Maison 168m² à ploubazlanec,https://www.etreproprio.com/immobilier-23546944-vente-maison-168m-a-ploubazlanec-ploubazlanec,653 000,Ploubazlanec 22620,168,3 641,9
"Maison de plain pied neuve proche bourg, à 800 m de la mer",https://www.etreproprio.com/immobilier-23546436-vente-maison-de-plain-pied-neuve-proche-bourg-a-800-m-de-la-mer-ploubazlanec,333 000,Ploubazlanec 22620,92,510,4
Maison 131m² à ploubazlanec,https://www.etreproprio.com/immobilier-23537288-vente-maison-131m-a-ploubazlanec-ploubazlanec,270 000,Ploubazlanec 22620,131,635,8
Maison 101m² à ploubazlanec,https://www.etreproprio.com/immobilier-23514185-vente-maison-101m-a-ploubazlanec-ploubazlanec,260 000,Ploubazlanec 22620,101,1 023,5
"A vendre maison 115 m2, terrain 1564 m2, ploubazlanec, proche paimpol",https://www.etreproprio.com/immobilier-22464209-vente-a-vendre-maison-115-m2-terrain-1564-m2-ploubazlanec-proche-paimpol-ploubazlanec,262 000,Ploubazlanec 22620,115,1 564,5
Maison 82m² à ploubezre,https://www.etreproprio.com/immobilier-23372371-vente-maison-82m-a-ploubezre-ploubezre,180 000,Ploubezre 22300,82,3 565,3
A vendre - maison 8 pièces 173 m2,https://www.etreproprio.com/immobilier-23894154-vente-a-vendre-maison-8-pieces-173-m2-ploubezre,418 000,Ploubezre 22300,173,4 270,8
Maison 67m² à ploubezre,https://www.etreproprio.com/immobilier-23850549-vente-maison-67m-a-ploubezre-ploubezre,197 000,Ploubezre 22300,67,1 199,4
Maison trois chambres ploubezre,https://www.etreproprio.com/immobilier-23836539-vente-maison-trois-chambres-ploubezre-ploubezre,185 000,Ploubezre 22300,83,,6
Maison ploubezre 7 pièce(s) 166 m2,https://www.etreproprio.com/immobilier-23819629-vente-maison-ploubezre-7-pieces-166-m2-ploubezre,365 000,Ploubezre 22300,166,3 000,7
"A ploubezre (22300), beaucoup de charme, ensemble immobilier très cosy en pierre",https://www.etreproprio.com/immobilier-23781973-vente-a-ploubezre-22300-beaucoup-de-charme-ensemble-immobilier-tres-cosy-en-pierre-ploubezre,399 500,Ploubezre 22300,137,5 905,7
Maison 67m² à ploubezre,https://www.etreproprio.com/immobilier-23776315-vente-maison-67m-a-ploubezre-ploubezre,197 000,Ploubezre 22300,67,1 199,5
Maison 119m² à ploubezre,https://www.etreproprio.com/immobilier-23196343-vente-maison-119m-a-ploubezre-ploubezre,220 000,Ploubezre 22300,119,2 208,5
Maison 122m² ploubezre,https://www.etreproprio.com/immobilier-23195687-vente-maison-122m-ploubezre-ploubezre,222 000,Ploubezre 22300,122,2 208,5
Maison 120m² - 4 chambres,https://www.etreproprio.com/immobilier-23760468-vente-maison-120m-4-chambres-ploubezre,222 000,Ploubezre 22300,119,2 208,5
Maison 305m² à ploubezre,https://www.etreproprio.com/immobilier-23189681-vente-maison-305m-a-ploubezre-ploubezre,496 000,Ploubezre 22300,305,11 220,18
Maison 300m² à ploubezre,https://www.etreproprio.com/immobilier-22384057-vente-maison-300m-a-ploubezre-ploubezre,504 000,Ploubezre 22300,300,11 220,9
Maison 120m² à ploubezre,https://www.etreproprio.com/immobilier-23629889-vente-maison-120m-a-ploubezre-ploubezre,343 000,Ploubezre 22300,120,2 100,6
Maison ploubezre 3 pièce(s) 53 m2,https://www.etreproprio.com/immobilier-23618891-vente-maison-ploubezre-3-pieces-53-m2-ploubezre,97 500,Ploubezre 22300,53,157,3
Deux maisons- un havre de paix polyvalent,https://www.etreproprio.com/immobilier-22464320-vente-deux-maisons-un-havre-de-paix-polyvalent-ploubezre,406 000,Ploubezre 22300,173,4 270,8
Maison 45m² à ploubezre,https://www.etreproprio.com/immobilier-23360284-vente-maison-45m-a-ploubezre-ploubezre,93 000,Ploubezre 22300,45,66,2
Idéal pied-à-terre ou premier achat proche gare,https://www.etreproprio.com/immobilier-23273641-vente-ideal-pied-a-terre-ou-premier-achat-proche-gare-ploubezre,94 000,Ploubezre 22300,45,66,2
Maison 84m² à ploubezre,https://www.etreproprio.com/immobilier-22617786-vente-maison-84m-a-ploubezre-ploubezre,176 950,Ploubezre 22300,84,,4
Ploubezre : havre de paix à la campagne,https://www.etreproprio.com/immobilier-23051540-vente-ploubezre-havre-de-paix-a-la-campagne-ploubezre,412 000,Ploubezre 22300,131,4 270,4
Maison 118m² à ploubezre,https://www.etreproprio.com/immobilier-22052907-vente-maison-118m-a-ploubezre-ploubezre,181 000,Ploubezre 22300,118,1 955,8
Maison 154m² à plouaret,https://www.etreproprio.com/immobilier-22276278-vente-maison-154m-a-plouaret-plouaret,,,,,
Belle longère de pays à lannion,https://www.etreproprio.com/immobilier-22649376-vente-belle-longere-de-pays-a-lannion-ploubezre,345 840,Ploubezre 22300,100,1 330,5
Votre nouvelle vie à ploubezre?,https://www.etreproprio.com/immobilier-21406067-vente-votre-nouvelle-vie-a-ploubezre-ploubezre,419 199,Ploubezre 22300,160,4 200,10
Maison f5 en viager occupé,https://www.etreproprio.com/immobilier-22308824-vente-maison-f5-en-viager-occupe-ploubezre,38 750,Ploubezre 22300,123,1 000,5
Maison 85m² à ploubezre,https://www.etreproprio.com/immobilier-22091241-vente-maison-85m-a-ploubezre-ploubezre,119 000,Ploubezre 22300,85,412,6
Propriété de 173 m2 à acheter à ploubezre (22),https://www.etreproprio.com/immobilier-21964407-vente-propriete-de-173-m2-a-acheter-a-ploubezre-22-ploubezre,418 000,Ploubezre 22300,173,4 270,8
Maison 103m² à ploubazlanec,https://www.etreproprio.com/immobilier-22934961-vente-maison-103m-a-ploubazlanec-ploubazlanec,149 900,Ploubazlanec 22620,103,550,5
Maison ploubazlanec 5 pièce(s) 64 m2,https://www.etreproprio.com/immobilier-22912004-vente-maison-ploubazlanec-5-pieces-64-m2-ploubazlanec,249 900,Ploubazlanec 22620,58,64,5
Maison 138m² ploubazlanec,https://www.etreproprio.com/immobilier-22586785-vente-maison-138m-ploubazlanec-ploubazlanec,396 000,Ploubazlanec 22620,138,1 230,5
"A vendre, belle propriete avec vue sur mer a ploubazlanec",https://www.etreproprio.com/immobilier-23117795-vente-a-vendre-belle-propriete-avec-vue-sur-mer-a-ploubazlanec-ploubazlanec,990 000,Ploubazlanec 22620,246,4 575,8
Maison 120m² à ploubazlanec,https://www.etreproprio.com/immobilier-20279158-vente-maison-120m-a-ploubazlanec-ploubazlanec,241 500,Ploubazlanec 22620,120,1 073,6
"Ploubazlanec, a vendre, maison neuve, 90 m2, terrain de 510 m2",https://www.etreproprio.com/immobilier-22625871-vente-ploubazlanec-a-vendre-maison-neuve-90-m2-terrain-de-510-m2-ploubazlanec,333 000,Ploubazlanec 22620,90,510,4
Maison et terrain constructible à ploubazlanec,https://www.etreproprio.com/immobilier-22586790-vente-maison-et-terrain-constructible-a-ploubazlanec-ploubazlanec,270 000,Ploubazlanec 22620,130,660,6
"Vue sur mer, belle néo-bretonne rénovée, 200m2, 8 pièces, terrain de 2527m2 - launay, ploubazlanec",https://www.etreproprio.com/immobilier-23106474-vente-vue-sur-mer-belle-neo-bretonne-renovee-200m2-8-pieces-terrain-de-2527m2-launay-ploubazlanec-ploubazlanec,759 200,Ploubazlanec 22620,224,2 527,8
Maison 92m² à ploubazlanec,https://www.etreproprio.com/immobilier-22640623-vente-maison-92m-a-ploubazlanec-ploubazlanec,336 000,Ploubazlanec 22620,92,510,4
"Ploubazlanec - plage de launay à 400mètres, bourg et commerces à 1km !  familiale de charme!  8 pièces  220m²",https://www.etreproprio.com/immobilier-23046288-vente-ploubazlanec-plage-de-launay-a-400metres-bourg-et-commerces-a-1km-familiale-de-charme-8-pieces-220m-ploubazlanec,765 040,Ploubazlanec 22620,223,2 527,8
Maison à vendre 7 pièces ploubazlanec (22),https://www.etreproprio.com/immobilier-22162367-vente-maison-a-vendre-7-pieces-ploubazlanec-22-ploubazlanec,495 000,Ploubazlanec 22620,144,300,7
Maison 147m² à ploubazlanec,https://www.etreproprio.com/immobilier-22555810-vente-maison-147m-a-ploubazlanec-ploubazlanec,495 000,Ploubazlanec 22620,147,300,6
A vendre maison de ville ploubazlanec (22),https://www.etreproprio.com/immobilier-22433537-vente-a-vendre-maison-de-ville-ploubazlanec-22-ploubazlanec,495 000,Ploubazlanec 22620,144,300,7
Maison 4 pièces ploubazlanec,https://www.etreproprio.com/immobilier-22631825-vente-maison-4-pieces-ploubazlanec-ploubazlanec,110 900,Ploubazlanec 22620,80,,4
Maison 80m² à ploubazlanec,https://www.etreproprio.com/immobilier-22905250-vente-maison-80m-a-ploubazlanec-ploubazlanec,210 000,Ploubazlanec 22620,80,167,4
"A ploubazlanec, maison sur terrain de 1304m2",https://www.etreproprio.com/immobilier-22737339-vente-a-ploubazlanec-maison-sur-terrain-de-1304m2-ploubazlanec,211 000,Ploubazlanec 22620,97,1 304,4
A vendre maison proche de la mer,https://www.etreproprio.com/immobilier-22729357-vente-a-vendre-maison-proche-de-la-mer-ploubazlanec,388 854,Ploubazlanec 22620,120,1 233,5
Maison proche mer et commerces,https://www.etreproprio.com/immobilier-21762863-vente-maison-proche-mer-et-commerces-ploubazlanec,389 000,Ploubazlanec 22620,120,1 233,6
"Ploubazlanec, a vendre belle propriete en pierre proche du bord de mer - parc boise de plus de 8000 m2",https://www.etreproprio.com/immobilier-22675127-vente-ploubazlanec-a-vendre-belle-propriete-en-pierre-proche-du-bord-de-mer-parc-boise-de-plus-de-8000-m2-ploubazlanec,540 800,Ploubazlanec 22620,163,8 000,6
Maison 147m² à ploubazlanec,https://www.etreproprio.com/immobilier-22631076-vente-maison-147m-a-ploubazlanec-ploubazlanec,575 000,Ploubazlanec 22620,147,1 397,6
Maison 236m² à plouec-du-trieux,https://www.etreproprio.com/immobilier-23741755-vente-maison-236m-a-plouec-du-trieux-plouec-du-trieux,368 000,Plouec-Du-Trieux 22260,236,,8
Maison et commerce plouëc du trieux,https://www.etreproprio.com/immobilier-22659219-vente-maison-et-commerce-plouec-du-trieux-plouec-du-trieux,241 000,Plouec-Du-Trieux 22260,225,1 708,7
Maison 147m² à plouec-du-trieux,https://www.etreproprio.com/immobilier-23581607-vente-maison-147m-a-plouec-du-trieux-plouec-du-trieux,292 000,Plouec-Du-Trieux 22260,147,1 126,7
Maison 102m² à plouec-du-trieux,https://www.etreproprio.com/immobilier-23544614-vente-maison-102m-a-plouec-du-trieux-plouec-du-trieux,128 900,Plouec-Du-Trieux 22260,102,525,4
Maison 100m² à plouec-du-trieux,https://www.etreproprio.com/immobilier-21995683-vente-maison-100m-a-plouec-du-trieux-plouec-du-trieux,128 900,Plouec-Du-Trieux 22260,100,525,4
Spacieuse longère en pierre de 220m2   plouëc-du-trieux,https://www.etreproprio.com/immobilier-23453817-vente-spacieuse-longere-en-pierre-de-220m2-plouec-du-trieux-plouec-du-trieux,333 000,Plouec-Du-Trieux 22260,220,,7
Maison plouec du trieux 8 pièces 170 m2 habitables,https://www.etreproprio.com/immobilier-23457542-vente-maison-plouec-du-trieux-8-pieces-170-m2-habitables-plouec-du-trieux,333 000,Plouec-Du-Trieux 22260,170,3 120,8
Maison 217m² à plouec-du-trieux,https://www.etreproprio.com/immobilier-22170977-vente-maison-217m-a-plouec-du-trieux-plouec-du-trieux,235 000,Plouec-Du-Trieux 22260,217,,8
Maison 149m² à plouec-du-trieux,https://www.etreproprio.com/immobilier-22448173-vente-maison-149m-a-plouec-du-trieux-plouec-du-trieux,187 900,Plouec-Du-Trieux 22260,149,780,6
Plouëc du trieux maison  9 pièces 236 m2,https://www.etreproprio.com/immobilier-22409290-vente-plouec-du-trieux-maison-9-pieces-236-m2-plouec-du-trieux,372 000,Plouec-Du-Trieux 22260,236,5 682,9
"À vendre, maison de charme aux portes de paimpol...",https://www.etreproprio.com/immobilier-22613503-vente-a-vendre-maison-de-charme-aux-portes-de-paimpol-ploubazlanec,672 750,Ploubazlanec 22620,180,450,7
Emplacement de choix avec vue mer exceptionnelle !,https://www.etreproprio.com/immobilier-22582478-vente-emplacement-de-choix-avec-vue-mer-exceptionnelle-ploubazlanec,670 000,Ploubazlanec 22620,149,905,7
Maison 121m² à ploubazlanec,https://www.etreproprio.com/immobilier-22595125-vente-maison-121m-a-ploubazlanec-ploubazlanec,655 000,Ploubazlanec 22620,121,1 794,5
Ploubazlanec maison  120 m2 jardin 1230 m²,https://www.etreproprio.com/immobilier-22586146-vente-ploubazlanec-maison-120-m2-jardin-1230-m-ploubazlanec,397 100,Ploubazlanec 22620,120,1 233,6
"A vendre maison quatre pieces, terrain 600 m2, plain pied, ploubazlanec, commerces, ecole a pied",https://www.etreproprio.com/immobilier-22525327-vente-a-vendre-maison-quatre-pieces-terrain-600-m2-plain-pied-ploubazlanec-commerces-ecole-a-pied-ploubazlanec,298 000,Ploubazlanec 22620,85,600,5
Ploubazlanec   maison 195 m2  terrasse + cour,https://www.etreproprio.com/immobilier-22408384-vente-ploubazlanec-maison-195-m2-terrasse-cour-ploubazlanec,397 700,Ploubazlanec 22620,195,260,6
Maison 140m² à ploubazlanec,https://www.etreproprio.com/immobilier-22395739-vente-maison-140m-a-ploubazlanec-ploubazlanec,363 000,Ploubazlanec 22620,140,2 700,6
Ploubazlanec maison pièce à vivre avec vue mer,https://www.etreproprio.com/immobilier-22376289-vente-ploubazlanec-maison-piece-a-vivre-avec-vue-mer-ploubazlanec,482 080,Ploubazlanec 22620,97,959,6
Maison 85m² à ploubazlanec,https://www.etreproprio.com/immobilier-20994150-vente-maison-85m-a-ploubazlanec-ploubazlanec,295 000,Ploubazlanec 22620,85,886,4
Maison 120m² à ploubazlanec,https://www.etreproprio.com/immobilier-20351960-vente-maison-120m-a-ploubazlanec-ploubazlanec,470 000,Ploubazlanec 22620,120,1 108,5
"Au coeur d'un quartier résidentiel recherché de ploubazlanec, à 5 minutes à pied de la plage de launay",https://www.etreproprio.com/immobilier-22034567-vente-au-coeur-d-un-quartier-residentiel-recherche-de-ploubazlanec-a-5-minutes-a-pied-de-la-plage-de-launay-ploubazlanec,551 200,Ploubazlanec 22620,180,4 989,6
Loguivy-de-la-mer,https://www.etreproprio.com/immobilier-21499746-vente-loguivy-de-la-mer-ploubazlanec,235 000,Ploubazlanec 22620,78,463,3
Ploubazlanec - le bourg et ces commerces !       familiale de caractère en pierres 6 pièces - 147 m²,https://www.etreproprio.com/immobilier-21511540-vente-ploubazlanec-le-bourg-et-ces-commerces-familiale-de-caractere-en-pierres-6-pieces-147-m-ploubazlanec,586 880,Ploubazlanec 22620,147,1 390,6
"À vendre, villa contemporaine vue mer et piscine proche paimpol",https://www.etreproprio.com/immobilier-21479767-vente-a-vendre-villa-contemporaine-vue-mer-et-piscine-proche-paimpol-ploubazlanec,976 600,Ploubazlanec 22620,170,2 590,5
Ploubazlanec,https://www.etreproprio.com/immobilier-19700218-vente-ploubazlanec-ploubazlanec,550 000,Ploubazlanec 22620,255,4 983,7
Maison proche de la mer,https://www.etreproprio.com/immobilier-20531465-vente-maison-proche-de-la-mer-ploubazlanec,550 000,Ploubazlanec 22620,186,,7
Maison 133m² à ploubazlanec,https://www.etreproprio.com/immobilier-19703210-vente-maison-133m-a-ploubazlanec-ploubazlanec,430 000,Ploubazlanec 22620,133,602,5
Maison 91m² à plouer-sur-rance,https://www.etreproprio.com/immobilier-23889699-vente-maison-91m-a-plouer-sur-rance-plouer-sur-rance,343 350,Plouer-Sur-Rance 22490,91,852,4
Maison 147m² à plouer-sur-rance,https://www.etreproprio.com/immobilier-23310577-vente-maison-147m-a-plouer-sur-rance-plouer-sur-rance,623 400,Plouer-Sur-Rance 22490,147,439,5
Maison  contemporaine sur les bords de rance,https://www.etreproprio.com/immobilier-23860272-vente-maison-contemporaine-sur-les-bords-de-rance-plouer-sur-rance,471 600,Plouer-Sur-Rance 22490,138,350,6
Maison vie de plain pied vue rance,https://www.etreproprio.com/immobilier-21395009-vente-maison-vie-de-plain-pied-vue-rance-plouer-sur-rance,299 890,Plouer-Sur-Rance 22490,222,1 000,8
Propriété de caractère rénovée sur les bords de rance avec piscine,https://www.etreproprio.com/immobilier-23647714-vente-propriete-de-caractere-renovee-sur-les-bords-de-rance-avec-piscine-plouer-sur-rance,1 196 000,Plouer-Sur-Rance 22490,240,1 052,7
Plouer sur rance--exclusivite rance immo,https://www.etreproprio.com/immobilier-23817879-vente-plouer-sur-rance-exclusivite-rance-immo-plouer-sur-rance,698 250,Plouer-Sur-Rance 22490,203,2 403,8
2 maisons 200 m de la rance,https://www.etreproprio.com/immobilier-23686306-vente-2-maisons-200-m-de-la-rance-plouer-sur-rance,499 200,Plouer-Sur-Rance 22490,237,10 851,7
Maison contemporaine de 136m2,https://www.etreproprio.com/immobilier-23804893-vente-maison-contemporaine-de-136m2-plouer-sur-rance,524 790,Plouer-Sur-Rance 22490,136,685,6
Maison contemporaine de 136 m² - plouër-sur-rance,https://www.etreproprio.com/immobilier-23732150-vente-maison-contemporaine-de-136-m-plouer-sur-rance-plouer-sur-rance,527 000,Plouer-Sur-Rance 22490,136,685,6
Maison de charme à plouër sur rance de 149 m2,https://www.etreproprio.com/immobilier-23717512-vente-maison-de-charme-a-plouer-sur-rance-de-149-m2-plouer-sur-rance,555 000,Plouer-Sur-Rance 22490,149,3 200,6
Plouër sur rance - maison de 138 m2 - 5 chambres - terrain de 2479 m2 divisible et constructible,https://www.etreproprio.com/immobilier-23705552-vente-plouer-sur-rance-maison-de-138-m2-5-chambres-terrain-de-2479-m2-divisible-et-constructible-plouer-sur-rance,396 500,Plouer-Sur-Rance 22490,138,2 479,7
Maison à vendre - manoir de charme de 115 m²,https://www.etreproprio.com/immobilier-23673821-vente-maison-a-vendre-manoir-de-charme-de-115-m-plouer-sur-rance,1 040 000,Plouer-Sur-Rance 22490,511,12 170,12
Immeuble plouër-sur-rance,https://www.etreproprio.com/immobilier-23636338-vente-immeuble-plouer-sur-rance-plouer-sur-rance,377 280,Plouer-Sur-Rance 22490,139,224,10
Maison 105m² à plouer-sur-rance,https://www.etreproprio.com/immobilier-23557994-vente-maison-105m-a-plouer-sur-rance-plouer-sur-rance,436 000,Plouer-Sur-Rance 22490,105,337,4
Maison 149m² à plouer-sur-rance,https://www.etreproprio.com/immobilier-22451046-vente-maison-149m-a-plouer-sur-rance-plouer-sur-rance,550 000,Plouer-Sur-Rance 22490,149,3 200,7
A vendre maison plouër-sur-rance 7 pièce(s) 209 m² 1969 m² de terrain grand sous-sol hors lotissement,https://www.etreproprio.com/immobilier-22763488-vente-a-vendre-maison-plouer-sur-rance-7-pieces-209-m-1969-m-de-terrain-grand-sous-sol-hors-lotissement-plouer-sur-rance,642 424,Plouer-Sur-Rance 22490,209,1 969,7
Maison 128m² à plouer-sur-rance,https://www.etreproprio.com/immobilier-23459922-vente-maison-128m-a-plouer-sur-rance-plouer-sur-rance,279 900,Plouer-Sur-Rance 22490,128,169,6
Maison plouer sur rance 5 pièce(s) 136 m2,https://www.etreproprio.com/immobilier-23441869-vente-maison-plouer-sur-rance-5-pieces-136-m2-plouer-sur-rance,488 800,Plouer-Sur-Rance 22490,136,2 300,5
Maison contemporaine avec hangar !,https://www.etreproprio.com/immobilier-22294022-vente-maison-contemporaine-avec-hangar-plouer-sur-rance,488 800,Plouer-Sur-Rance 22490,136,2 500,5
Exclusivite rance immo - vaste maison en pierres,https://www.etreproprio.com/immobilier-20345890-vente-exclusivite-rance-immo-vaste-maison-en-pierres-plouer-sur-rance,420 000,Plouer-Sur-Rance 22490,173,975,6
Maison familiale de 140 m² à plouër-sur-rance,https://www.etreproprio.com/immobilier-21811154-vente-maison-familiale-de-140-m-a-plouer-sur-rance-plouer-sur-rance,399 000,Plouer-Sur-Rance 22490,140,1 600,6
Maison 109m² à plouer-sur-rance,https://www.etreproprio.com/immobilier-22197620-vente-maison-109m-a-plouer-sur-rance-plouer-sur-rance,351 750,Plouer-Sur-Rance 22490,110,1 671,5
Maison de plain-pied,https://www.etreproprio.com/immobilier-23285759-vente-maison-de-plain-pied-plouer-sur-rance,134 500,Plouer-Sur-Rance 22490,41,,2
Maison 136m² à plouer-sur-rance,https://www.etreproprio.com/immobilier-23282101-vente-maison-136m-a-plouer-sur-rance-plouer-sur-rance,527 850,Plouer-Sur-Rance 22490,136,685,6
Maison 141m² à plouer-sur-rance,https://www.etreproprio.com/immobilier-23280581-vente-maison-141m-a-plouer-sur-rance-plouer-sur-rance,395 000,Plouer-Sur-Rance 22490,141,1 600,6
Maison de maitre 110 m² plouer sur rance,https://www.etreproprio.com/immobilier-21974308-vente-maison-de-maitre-110-m-plouer-sur-rance-plouer-sur-rance,345 000,Plouer-Sur-Rance 22490,110,1 671,7
Maison 140m² à plouer-sur-rance,https://www.etreproprio.com/immobilier-22649580-vente-maison-140m-a-plouer-sur-rance-plouer-sur-rance,393 300,Plouer-Sur-Rance 22490,141,,5
Maison 140m² à plouer-sur-rance,https://www.etreproprio.com/immobilier-22294857-vente-maison-140m-a-plouer-sur-rance-plouer-sur-rance,393 000,Plouer-Sur-Rance 22490,140,1 600,6
plouër-sur-rance – maison familiale et terrain constructible,https://www.etreproprio.com/immobilier-23225770-vente-plouer-sur-rance-maison-familiale-et-terrain-constructible-plouer-sur-rance,293 000,Plouer-Sur-Rance 22490,95,822,5
Maison 110m² à plouer-sur-rance,https://www.etreproprio.com/immobilier-21607225-vente-maison-110m-a-plouer-sur-rance-plouer-sur-rance,345 900,Plouer-Sur-Rance 22490,110,1 671,5
Maison de charme sur plouër sur rance,https://www.etreproprio.com/immobilier-23183370-vente-maison-de-charme-sur-plouer-sur-rance-plouer-sur-rance,575 000,Plouer-Sur-Rance 22490,130,1 360,7
"A vendre chez christelle mesnage immobilier, plouer-sur-ranc",https://www.etreproprio.com/immobilier-21904009-vente-a-vendre-chez-christelle-mesnage-immobilier-plouer-sur-ranc-plouer-sur-rance,348 400,Plouer-Sur-Rance 22490,110,1 671,5
Dans commune des bords de rance,https://www.etreproprio.com/immobilier-21605922-vente-dans-commune-des-bords-de-rance-plouer-sur-rance,348 400,Plouer-Sur-Rance 22490,110,1 671,4
Rare à plouer-sur-rance – exclusivité rance immo,https://www.etreproprio.com/immobilier-23111439-vente-rare-a-plouer-sur-rance-exclusivite-rance-immo-plouer-sur-rance,231 000,Plouer-Sur-Rance 22490,89,473,3
Charme et vue rance au calme  exclu rance immo,https://www.etreproprio.com/immobilier-23045261-vente-charme-et-vue-rance-au-calme-exclu-rance-immo-plouer-sur-rance,257 250,Plouer-Sur-Rance 22490,117,1 255,4
Idéal investissement locatif,https://www.etreproprio.com/immobilier-22887287-vente-ideal-investissement-locatif-plouer-sur-rance,157 500,Plouer-Sur-Rance 22490,62,,3
Maison à vendre 2 pièces plouer sur rance,https://www.etreproprio.com/immobilier-22860367-vente-maison-a-vendre-2-pieces-plouer-sur-rance-plouer-sur-rance,136 500,Plouer-Sur-Rance 22490,41,,2
"Plouer sur rance, au calme",https://www.etreproprio.com/immobilier-22659648-vente-plouer-sur-rance-au-calme-plouer-sur-rance,420 000,Plouer-Sur-Rance 22490,146,6 631,5
Plouer sur rance - maison en pierre,https://www.etreproprio.com/immobilier-22634936-vente-plouer-sur-rance-maison-en-pierre-plouer-sur-rance,176 500,Plouer-Sur-Rance 22490,152,214,7
Maison 203m² à plouer-sur-rance,https://www.etreproprio.com/immobilier-22633564-vente-maison-203m-a-plouer-sur-rance-plouer-sur-rance,640 500,Plouer-Sur-Rance 22490,203,3 790,6
Maison 100m² à plouezec,https://www.etreproprio.com/immobilier-23903966-vente-maison-100m-a-plouezec-plouezec,61 000,Plouezec 22470,100,1 030,4
Maison 122m² à plouezec,https://www.etreproprio.com/immobilier-23883234-vente-maison-122m-a-plouezec-plouezec,270 000,Plouezec 22470,122,1 604,5
Maison 110m² à plouezec,https://www.etreproprio.com/immobilier-23873142-vente-maison-110m-a-plouezec-plouezec,320 000,Plouezec 22470,110,2 750,5
Maison 94m² à plouezec,https://www.etreproprio.com/immobilier-23862489-vente-maison-94m-a-plouezec-plouezec,190 000,Plouezec 22470,94,1 774,4
Plouezec  maison 103 m² jardin 2360 m²,https://www.etreproprio.com/immobilier-23859193-vente-plouezec-maison-103-m-jardin-2360-m-plouezec,220 080,Plouezec 22470,103,2 360,5
Maison 130m² à plouezec,https://www.etreproprio.com/immobilier-23832804-vente-maison-130m-a-plouezec-plouezec,320 000,Plouezec 22470,130,2 757,6
"Plouézec, ensemble de 2 petites maisons en pierre, à vendre",https://www.etreproprio.com/immobilier-23796715-vente-plouezec-ensemble-de-2-petites-maisons-en-pierre-a-vendre-plouezec,204 750,Plouezec 22470,70,823,4
Maison récente proche du bourg de plouézec et des plages,https://www.etreproprio.com/immobilier-23127910-vente-maison-recente-proche-du-bourg-de-plouezec-et-des-plages-plouezec,475 000,Plouezec 22470,150,680,6
Maison 170m² à plouezec,https://www.etreproprio.com/immobilier-23780453-vente-maison-170m-a-plouezec-plouezec,370 000,Plouezec 22470,170,7 415,7
Nouveauté!  maison 5pièces plouezec proche mer,https://www.etreproprio.com/immobilier-23765456-vente-nouveaute-maison-5pieces-plouezec-proche-mer-plouezec,193 880,Plouezec 22470,90,573,5
Maison lumineuse de 85 m² – 3 chambres – terrain de 570 m² – secteur très recherché de plouézec,https://www.etreproprio.com/immobilier-23614507-vente-maison-lumineuse-de-85-m-3-chambres-terrain-de-570-m-secteur-tres-recherche-de-plouezec-plouezec,274 000,Plouezec 22470,85,570,4
Maison 100m² à plouezec,https://www.etreproprio.com/immobilier-23702873-vente-maison-100m-a-plouezec-plouezec,223 000,Plouezec 22470,100,2 360,5
Maison 139m² à plouezec,https://www.etreproprio.com/immobilier-23702847-vente-maison-139m-a-plouezec-plouezec,191 000,Plouezec 22470,139,3 537,7
"Plouézec, jolie maison en pierre rénovée avec jardin",https://www.etreproprio.com/immobilier-23700577-vente-plouezec-jolie-maison-en-pierre-renovee-avec-jardin-plouezec,261 250,Plouezec 22470,56,1 101,3
Plouezec maison proche mer 122 m²  jardin 1600m²,https://www.etreproprio.com/immobilier-23542049-vente-plouezec-maison-proche-mer-122-m-jardin-1600m-plouezec,270 384,Plouezec 22470,122,1 604,6
Maison plouezec 4 pièce(s) 120 m2,https://www.etreproprio.com/immobilier-23513109-vente-maison-plouezec-4-pieces-120-m2-plouezec,252 000,Plouezec 22470,120,458,5
"Plouézec, maison en pierre rénovée de 112 m², à vendre en exclusivité",https://www.etreproprio.com/immobilier-22688141-vente-plouezec-maison-en-pierre-renovee-de-112-m-a-vendre-en-exclusivite-plouezec,343 200,Plouezec 22470,112,2 081,7
"Plouézec, maison néo-bretonne à proximité du centre bourg",https://www.etreproprio.com/immobilier-20747900-vente-plouezec-maison-neo-bretonne-a-proximite-du-centre-bourg-plouezec,262 500,Plouezec 22470,111,1 007,8
"Plouézec, belle maison en pierre de 116 m², proche mer, à vendre",https://www.etreproprio.com/immobilier-21182476-vente-plouezec-belle-maison-en-pierre-de-116-m-proche-mer-a-vendre-plouezec,315 000,Plouezec 22470,116,1 983,6
Maison 117m² à plouezec,https://www.etreproprio.com/immobilier-23408947-vente-maison-117m-a-plouezec-plouezec,315 700,Plouezec 22470,117,,5
Maison ploufragan 4 pièce(s) 78 m2,https://www.etreproprio.com/immobilier-23639583-vente-maison-ploufragan-4-pieces-78-m2-ploufragan,151 000,Ploufragan 22440,78,326,4
Maison 140m² à ploufragan,https://www.etreproprio.com/immobilier-23640980-vente-maison-140m-a-ploufragan-ploufragan,247 000,Ploufragan 22440,140,461,6
Maison 129m² à ploufragan,https://www.etreproprio.com/immobilier-23872330-vente-maison-129m-a-ploufragan-ploufragan,299 000,Ploufragan 22440,129,296,6
Maison à vendre 5 pièces ploufragan (22),https://www.etreproprio.com/immobilier-23856951-vente-maison-a-vendre-5-pieces-ploufragan-22-ploufragan,194 000,Ploufragan 22440,91,218,5
Vente maison ploufragan(22440) 299 000ï¿œ,https://www.etreproprio.com/immobilier-23839503-vente-vente-maison-ploufragan22440-299-000i-oe-ploufragan,299 000,Ploufragan 22440,129,296,6
Maison 115m² à ploufragan,https://www.etreproprio.com/immobilier-23471917-vente-maison-115m-a-ploufragan-ploufragan,158 000,Ploufragan 22440,115,325,5
Maison ploufragan 5 pièce(s) 79 m2,https://www.etreproprio.com/immobilier-23806371-vente-maison-ploufragan-5-pieces-79-m2-ploufragan,195 976,Ploufragan 22440,79,346,5
Maison 130m² à ploufragan,https://www.etreproprio.com/immobilier-23810676-vente-maison-130m-a-ploufragan-ploufragan,212 500,Ploufragan 22440,130,545,6
Vente maison ploufragan(22440) 406 850ï¿œ,https://www.etreproprio.com/immobilier-23808601-vente-vente-maison-ploufragan22440-406-850i-oe-ploufragan,406 850,Ploufragan 22440,152,1 300,7
"Maison neuve à ploufragan   luminosité, confort et prestations de qualité au cœur d’un quartier paisible",https://www.etreproprio.com/immobilier-22685968-vente-maison-neuve-a-ploufragan-luminosite-confort-et-prestations-de-qualite-au-coeur-d-un-quartier-paisible-ploufragan,300 000,Ploufragan 22440,129,298,6
Maison 140m² à ploufragan,https://www.etreproprio.com/immobilier-23775329-vente-maison-140m-a-ploufragan-ploufragan,498 000,Ploufragan 22440,141,,5
Maison 152m² à ploufragan,https://www.etreproprio.com/immobilier-23777883-vente-maison-152m-a-ploufragan-ploufragan,406 000,Ploufragan 22440,152,1 300,6
Maison 110m² à ploufragan,https://www.etreproprio.com/immobilier-23768721-vente-maison-110m-a-ploufragan-ploufragan,210 000,Ploufragan 22440,110,,5
Ploufragan : maison familiale à 10 min de la gare lgv,https://www.etreproprio.com/immobilier-23747798-vente-ploufragan-maison-familiale-a-10-min-de-la-gare-lgv-ploufragan,261 750,Ploufragan 22440,142,410,7
Maison 92m² à ploufragan,https://www.etreproprio.com/immobilier-22518112-vente-maison-92m-a-ploufragan-ploufragan,165 000,Ploufragan 22440,92,3 946,4
Maison ploufragan 4 pièces - 85 m²,https://www.etreproprio.com/immobilier-23739545-vente-maison-ploufragan-4-pieces-85-m-ploufragan,150 830,Ploufragan 22440,85,326,4
Maison 100m² à ploufragan,https://www.etreproprio.com/immobilier-23721357-vente-maison-100m-a-ploufragan-ploufragan,350 000,Ploufragan 22440,100,345,5
Vente maison ploufragan(22440) 169 950ï¿œ,https://www.etreproprio.com/immobilier-23708864-vente-vente-maison-ploufragan22440-169-950i-oe-ploufragan,169 950,Ploufragan 22440,172,581,8
Maison 123m² à ploufragan,https://www.etreproprio.com/immobilier-22748016-vente-maison-123m-a-ploufragan-ploufragan,,,,,
Maison familiale à ploufragan,https://www.etreproprio.com/immobilier-23531495-vente-maison-familiale-a-ploufragan-ploufragan,224 675,Ploufragan 22440,98,633,6
Maison vie de plain de pied proche commodités et de la rance,https://www.etreproprio.com/immobilier-22555398-vente-maison-vie-de-plain-de-pied-proche-commodites-et-de-la-rance-plouer-sur-rance,172 920,Plouer-Sur-Rance 22490,152,214,7
À vendre chez christelle mesnage immobilier - 20 minutes de,https://www.etreproprio.com/immobilier-22412893-vente-a-vendre-chez-christelle-mesnage-immobilier-20-minutes-de-plouer-sur-rance,494 000,Plouer-Sur-Rance 22490,117,500,6
Hors lotissement maison contemporaine,https://www.etreproprio.com/immobilier-21997813-vente-hors-lotissement-maison-contemporaine-plouer-sur-rance,497 800,Plouer-Sur-Rance 22490,112,500,6
Maison 145m² à plouer-sur-rance,https://www.etreproprio.com/immobilier-22486441-vente-maison-145m-a-plouer-sur-rance-plouer-sur-rance,420 000,Plouer-Sur-Rance 22490,146,6 631,5
Maison plouer sur rance 8 pièce(s) 151 m2,https://www.etreproprio.com/immobilier-21871060-vente-maison-plouer-sur-rance-8-pieces-151-m2-plouer-sur-rance,299 448,Plouer-Sur-Rance 22490,127,915,8
Maison plouer sur rance,https://www.etreproprio.com/immobilier-22318891-vente-maison-plouer-sur-rance-plouer-sur-rance,366 800,Plouer-Sur-Rance 22490,91,892,5
"Plouer sur rance, proximité axes vers st brieuc, dinard et pleurtuit",https://www.etreproprio.com/immobilier-21665703-vente-plouer-sur-rance-proximite-axes-vers-st-brieuc-dinard-et-pleurtuit-plouer-sur-rance,304 500,Plouer-Sur-Rance 22490,101,1 008,5
Maison 130m² à plouer-sur-rance,https://www.etreproprio.com/immobilier-22005300-vente-maison-130m-a-plouer-sur-rance-plouer-sur-rance,294 000,Plouer-Sur-Rance 22490,130,142,5
Maison 100m² à plouer-sur-rance,https://www.etreproprio.com/immobilier-21767781-vente-maison-100m-a-plouer-sur-rance-plouer-sur-rance,312 900,Plouer-Sur-Rance 22490,101,1 008,6
Maison de maître ou immeuble de rapport au cœur du bourg de plouer sur rance,https://www.etreproprio.com/immobilier-21545208-vente-maison-de-maitre-ou-immeuble-de-rapport-au-coeur-du-bourg-de-plouer-sur-rance-plouer-sur-rance,201 400,Plouer-Sur-Rance 22490,132,,5
Maison plouer sur rance 131 m²,https://www.etreproprio.com/immobilier-21426030-vente-maison-plouer-sur-rance-131-m-plouer-sur-rance,282 960,Plouer-Sur-Rance 22490,131,169,6
"Plouézec, maison de 2023 de 120 m² à vendre",https://www.etreproprio.com/immobilier-20724640-vente-plouezec-maison-de-2023-de-120-m-a-vendre-plouezec,343 200,Plouezec 22470,120,403,6
Maison à deux pas de la plage de bréhec,https://www.etreproprio.com/immobilier-22345364-vente-maison-a-deux-pas-de-la-plage-de-brehec-plouezec,218 400,Plouezec 22470,90,,5
"Plouézec, belle maison proche centre de 177 m², à vendre",https://www.etreproprio.com/immobilier-21210173-vente-plouezec-belle-maison-proche-centre-de-177-m-a-vendre-plouezec,331 200,Plouezec 22470,177,3 993,8
Maison 116m² à plouezec,https://www.etreproprio.com/immobilier-23305830-vente-maison-116m-a-plouezec-plouezec,399 000,Plouezec 22470,116,1 235,6
Maison a vendre plouezec avec terrain constructible,https://www.etreproprio.com/immobilier-21196823-vente-maison-a-vendre-plouezec-avec-terrain-constructible-plouezec,331 200,Plouezec 22470,176,3 993,9
Maison - 6 pièces - 155 m² - plouézec 22470,https://www.etreproprio.com/immobilier-23285003-vente-maison-6-pieces-155-m-plouezec-22470-plouezec,435 000,Plouezec 22470,155,5 000,6
Plouézec  maison 123 m² jardin 457 m²,https://www.etreproprio.com/immobilier-23265514-vente-plouezec-maison-123-m-jardin-457-m-plouezec,251 520,Plouezec 22470,123,457,7
Maison 120m² à plouezec,https://www.etreproprio.com/immobilier-23253364-vente-maison-120m-a-plouezec-plouezec,289 000,Plouezec 22470,120,1 893,8
Maison plouézec 7 pièce(s) 120 m2,https://www.etreproprio.com/immobilier-23231110-vente-maison-plouezec-7-pieces-120-m2-plouezec,346 500,Plouezec 22470,120,403,6
Maison plouezec 5 pièce(s) 90 m2,https://www.etreproprio.com/immobilier-23172357-vente-maison-plouezec-5-pieces-90-m2-plouezec,192 500,Plouezec 22470,90,573,5
Maison d'habitation récente proche du bourg et des plages,https://www.etreproprio.com/immobilier-23071352-vente-maison-d-habitation-recente-proche-du-bourg-et-des-plages-plouezec,345 000,Plouezec 22470,120,403,7
"Maison 165 m2, terrain 3806 m2, piscine, hangar, plouezec, entre terre et mer.",https://www.etreproprio.com/immobilier-22423310-vente-maison-165-m2-terrain-3806-m2-piscine-hangar-plouezec-entre-terre-et-mer-plouezec,416 000,Plouezec 22470,165,3 806,7
Maison plouezec 6 pièce(s) 123 m2,https://www.etreproprio.com/immobilier-22996562-vente-maison-plouezec-6-pieces-123-m2-plouezec,252 000,Plouezec 22470,123,457,6
Maison 130m² à plouezec,https://www.etreproprio.com/immobilier-22340758-vente-maison-130m-a-plouezec-plouezec,345 000,Plouezec 22470,130,,9
"Maison 183 m2, terrain 1893 m2, plouezec, proche commerces",https://www.etreproprio.com/immobilier-21541019-vente-maison-183-m2-terrain-1893-m2-plouezec-proche-commerces-plouezec,293 000,Plouezec 22470,183,1 893,6
Maison 120m² à plouezec,https://www.etreproprio.com/immobilier-21822656-vente-maison-120m-a-plouezec-plouezec,289 000,Plouezec 22470,120,1 893,8
"Plouézec, maison proche centre de 62m² habitables, à vendre",https://www.etreproprio.com/immobilier-22503833-vente-plouezec-maison-proche-centre-de-62m-habitables-a-vendre-plouezec,188 000,Plouezec 22470,62,400,3
Exclusivite ! ensembles de 2 maisons plouezec proche mer,https://www.etreproprio.com/immobilier-22871361-vente-exclusivite-ensembles-de-2-maisons-plouezec-proche-mer-plouezec,262 446,Plouezec 22470,,,5
"Plouézec, maison de 159 m2 proche littoral à vendre",https://www.etreproprio.com/immobilier-22660185-vente-plouezec-maison-de-159-m2-proche-littoral-a-vendre-plouezec,229 500,Plouezec 22470,154,570,8
"Maison bois, lumineuse et facile à vivre",https://www.etreproprio.com/immobilier-22501580-vente-maison-bois-lumineuse-et-facile-a-vivre-plouezec,362 000,Plouezec 22470,122,,7
Maison 152m² à ploufragan,https://www.etreproprio.com/immobilier-22338856-vente-maison-152m-a-ploufragan-ploufragan,406 900,Ploufragan 22440,152,1 300,7
Maison familiale (142 m²) - a proximité du bourg de ploufragan,https://www.etreproprio.com/immobilier-23654423-vente-maison-familiale-142-m-a-proximite-du-bourg-de-ploufragan-ploufragan,248 744,Ploufragan 22440,142,628,5
Maison 144m² à ploufragan,https://www.etreproprio.com/immobilier-22660070-vente-maison-144m-a-ploufragan-ploufragan,180 000,Ploufragan 22440,144,478,6
Vente maison ploufragan(22440) 169 950ï¿œ,https://www.etreproprio.com/immobilier-23610195-vente-vente-maison-ploufragan22440-169-950i-oe-ploufragan,169 950,Ploufragan 22440,172,581,8
Vente maison ploufragan(22440) 199 900ï¿œ,https://www.etreproprio.com/immobilier-23610193-vente-vente-maison-ploufragan22440-199-900i-oe-ploufragan,199 900,Ploufragan 22440,94,254,4
Maison 132m² à ploufragan,https://www.etreproprio.com/immobilier-23589246-vente-maison-132m-a-ploufragan-ploufragan,292 000,Ploufragan 22440,132,295,7
Maison 142m² à ploufragan,https://www.etreproprio.com/immobilier-23595704-vente-maison-142m-a-ploufragan-ploufragan,248 000,Ploufragan 22440,142,615,6
Maison 85m² à ploufragan,https://www.etreproprio.com/immobilier-21594552-vente-maison-85m-a-ploufragan-ploufragan,149 000,Ploufragan 22440,85,486,4
Maison 114m² à ploufragan,https://www.etreproprio.com/immobilier-23582981-vente-maison-114m-a-ploufragan-ploufragan,198 500,Ploufragan 22440,114,226,5
La vie de plain pied,https://www.etreproprio.com/immobilier-23562696-vente-la-vie-de-plain-pied-ploufragan,350 000,Ploufragan 22440,100,345,5
"Agréable maison de 5 pièces, secteur ploufragan, dans un quartier calme, proche de toutes commodités",https://www.etreproprio.com/immobilier-23562625-vente-agreable-maison-de-5-pieces-secteur-ploufragan-dans-un-quartier-calme-proche-de-toutes-commodites-ploufragan,240 350,Ploufragan 22440,98,633,5
Maison 125m² à ploufragan,https://www.etreproprio.com/immobilier-23563074-vente-maison-125m-a-ploufragan-ploufragan,269 025,Ploufragan 22440,125,916,6
Maison 170m² à ploufragan,https://www.etreproprio.com/immobilier-23541639-vente-maison-170m-a-ploufragan-ploufragan,483 000,Ploufragan 22440,170,436,8
Vente maison ploufragan(22440) 138 900ï¿œ,https://www.etreproprio.com/immobilier-23541659-vente-vente-maison-ploufragan22440-138-900i-oe-ploufragan,138 900,Ploufragan 22440,106,398,6
Maison 115m² à ploufragan,https://www.etreproprio.com/immobilier-23538269-vente-maison-115m-a-ploufragan-ploufragan,199 000,Ploufragan 22440,115,419,6
Maison 124m² à ploufragan,https://www.etreproprio.com/immobilier-23537905-vente-maison-124m-a-ploufragan-ploufragan,185 000,Ploufragan 22440,124,472,5
Maison 142m² à ploufragan,https://www.etreproprio.com/immobilier-23490316-vente-maison-142m-a-ploufragan-ploufragan,262 000,Ploufragan 22440,142,410,7
Maison 100m² à ploufragan,https://www.etreproprio.com/immobilier-23490804-vente-maison-100m-a-ploufragan-ploufragan,350 000,Ploufragan 22440,100,,5
"Maison de plain-pied - 89,35m² - ploufragan",https://www.etreproprio.com/immobilier-23444872-vente-maison-de-plain-pied-8935m-ploufragan-ploufragan,299 000,Ploufragan 22440,89,492,4
Maison 110m2 avec un grand garage,https://www.etreproprio.com/immobilier-23391293-vente-maison-110m2-avec-un-grand-garage-ploufragan,207 600,Ploufragan 22440,110,504,6
Charmante maison ** 4 chambres**vie de plain pied** terrain,https://www.etreproprio.com/immobilier-23573765-vente-charmante-maison-4-chambresvie-de-plain-pied-terrain-plougonver,139 900,Plougonver 22810,115,1 390,6
Maison 100m² à plougonver,https://www.etreproprio.com/immobilier-23554269-vente-maison-100m-a-plougonver-plougonver,80 500,Plougonver 22810,100,5 725,4
Longere en pierre de taille avec devis restauration!,https://www.etreproprio.com/immobilier-22609695-vente-longere-en-pierre-de-taille-avec-devis-restauration-plougonver,33 000,Plougonver 22810,93,505,4
Maison en pierre à rénover - bois de 4800m²,https://www.etreproprio.com/immobilier-23183062-vente-maison-en-pierre-a-renover-bois-de-4800m-plougonver,81 500,Plougonver 22810,102,,4
Maison à vendre 5 pièces plougonver (22),https://www.etreproprio.com/immobilier-21125650-vente-maison-a-vendre-5-pieces-plougonver-22-plougonver,149 900,Plougonver 22810,105,2 196,5
Maison 147m² à plougonver,https://www.etreproprio.com/immobilier-21877678-vente-maison-147m-a-plougonver-plougonver,299 000,Plougonver 22810,147,16 279,5
Longère bretonne isolée avec étangs et salle de cinéma,https://www.etreproprio.com/immobilier-21875674-vente-longere-bretonne-isolee-avec-etangs-et-salle-de-cinema-plougonver,299 000,Plougonver 22810,134,16 279,5
"Exclusivité !! côtes d'armor 22440 ploufragan. villa d'exception, 5 chambres dont 1 suite parentale au rdc. terrasse surélevée,",https://www.etreproprio.com/immobilier-23333829-vente-exclusivite-cotes-d-armor-22440-ploufragan-villa-d-exception-5-chambres-dont-1-suite-parentale-au-rdc-terrasse-surelevee-ploufragan,649 990,Ploufragan 22440,180,500,7
Maison 110m² à ploufragan,https://www.etreproprio.com/immobilier-23304400-vente-maison-110m-a-ploufragan-ploufragan,288 750,Ploufragan 22440,110,1 914,6
Maison familiale - 5 chambres - terrain 7000 m²,https://www.etreproprio.com/immobilier-23296592-vente-maison-familiale-5-chambres-terrain-7000-m-ploufragan,315 800,Ploufragan 22440,147,7 830,6
Maison rénovée à proximité du bourg de ploufragan - 99 m²,https://www.etreproprio.com/immobilier-23289587-vente-maison-renovee-a-proximite-du-bourg-de-ploufragan-99-m-ploufragan,263 500,Ploufragan 22440,99,319,5
Maison 119m² à ploufragan,https://www.etreproprio.com/immobilier-23264890-vente-maison-119m-a-ploufragan-ploufragan,235 000,Ploufragan 22440,119,561,7
Maison familiale avec vie de plain-pied et piscine - ploufragan,https://www.etreproprio.com/immobilier-23264464-vente-maison-familiale-avec-vie-de-plain-pied-et-piscine-ploufragan-ploufragan,257 250,Ploufragan 22440,92,1 501,6
Maison de plain-pied 85m2,https://www.etreproprio.com/immobilier-22184446-vente-maison-de-plain-pied-85m2-ploufragan,150 000,Ploufragan 22440,85,680,5
Maison 110m² à ploufragan,https://www.etreproprio.com/immobilier-22681775-vente-maison-110m-a-ploufragan-ploufragan,208 900,Ploufragan 22440,110,504,6
Maison familiale traditionelle,https://www.etreproprio.com/immobilier-23202034-vente-maison-familiale-traditionelle-ploufragan,248 000,Ploufragan 22440,142,615,6
Maison contemporaine de 143 m2 sur un hectare de terrain,https://www.etreproprio.com/immobilier-23168054-vente-maison-contemporaine-de-143-m2-sur-un-hectare-de-terrain-ploufragan,439 740,Ploufragan 22440,143,10 000,6
Belle maison néo bretonne (122 m²) - ploufragan - a proximité du bourg,https://www.etreproprio.com/immobilier-23129981-vente-belle-maison-neo-bretonne-122-m-ploufragan-a-proximite-du-bourg-ploufragan,264 554,Ploufragan 22440,122,1 172,5
Exclusivité - ploufragan : la maison qui voit grand pour vous !,https://www.etreproprio.com/immobilier-22252054-vente-exclusivite-ploufragan-la-maison-qui-voit-grand-pour-vous-ploufragan,259 000,Ploufragan 22440,165,,7
Maison ploufragan centre 6 pièce(s) 145 m2,https://www.etreproprio.com/immobilier-23072147-vente-maison-ploufragan-centre-6-pieces-145-m2-ploufragan,248 600,Ploufragan 22440,145,615,6
Vente maison ploufragan(22440) 170 000ï¿œ,https://www.etreproprio.com/immobilier-23008194-vente-vente-maison-ploufragan22440-170-000i-oe-ploufragan,170 000,Ploufragan 22440,69,478,3
"Exclusivité !! côtes d'armor 22440 ploufragan. 3 chambres dont une au rdc, terrain constructible, divisible, garage",https://www.etreproprio.com/immobilier-22881266-vente-exclusivite-cotes-d-armor-22440-ploufragan-3-chambres-dont-une-au-rdc-terrain-constructible-divisible-garage-ploufragan,236 500,Ploufragan 22440,122,2 500,6
Maison 110m² à ploufragan,https://www.etreproprio.com/immobilier-22860108-vente-maison-110m-a-ploufragan-ploufragan,211 000,Ploufragan 22440,110,472,5
Maison 70m² à ploufragan,https://www.etreproprio.com/immobilier-22737964-vente-maison-70m-a-ploufragan-ploufragan,179 700,Ploufragan 22440,70,400,3
Maison 103m² à ploufragan,https://www.etreproprio.com/immobilier-22613156-vente-maison-103m-a-ploufragan-ploufragan,219 800,Ploufragan 22440,103,286,6
Maison familiale - ploufragan - 7 pièces 188 m²,https://www.etreproprio.com/immobilier-21181399-vente-maison-familiale-ploufragan-7-pieces-188-m-ploufragan,259 904,Ploufragan 22440,188,763,7
Maison  6 pièce(s) 136 m2,https://www.etreproprio.com/immobilier-22199895-vente-maison-6-pieces-136-m2-ploufragan,397 100,Ploufragan 22440,136,900,6
"Propriété 7 pièces, 152m2, plouézec (22470)",https://www.etreproprio.com/immobilier-22648033-vente-propriete-7-pieces-152m2-plouezec-22470-plouezec,496 800,Plouezec 22470,152,2 340,7
Maison d'habitation à proximité des plages,https://www.etreproprio.com/immobilier-22641041-vente-maison-d-habitation-a-proximite-des-plages-plouezec,218 500,Plouezec 22470,90,1 016,6
"A plouezec, maison environ 159m2 habitable, terrain clos 570m2",https://www.etreproprio.com/immobilier-21422023-vente-a-plouezec-maison-environ-159m2-habitable-terrain-clos-570m2-plouezec,231 000,Plouezec 22470,159,570,8
A vendre maison proche de la mer,https://www.etreproprio.com/immobilier-22434479-vente-a-vendre-maison-proche-de-la-mer-plouezec,218 400,Plouezec 22470,90,1 016,5
"Plouézec, belle maison en pierre de 161 m², à vendre",https://www.etreproprio.com/immobilier-20953725-vente-plouezec-belle-maison-en-pierre-de-161-m-a-vendre-plouezec,435 900,Plouezec 22470,161,4 520,6
"Plouézec, maison d'environ 165 m²  habitables, sur terrain de 3806 m² à vendre",https://www.etreproprio.com/immobilier-22448224-vente-plouezec-maison-d-environ-165-m-habitables-sur-terrain-de-3806-m-a-vendre-plouezec,411 800,Plouezec 22470,165,3 806,7
Maison plouezec 7 pièce(s) 200 m2,https://www.etreproprio.com/immobilier-21472325-vente-maison-plouezec-7-pieces-200-m2-plouezec,312 000,Plouezec 22470,200,5 000,7
Maison 155m² à plouezec,https://www.etreproprio.com/immobilier-22400832-vente-maison-155m-a-plouezec-plouezec,441 000,Plouezec 22470,155,5 500,5
"Maison en pierres 161 m2, terrain 5112 m2, plouezec",https://www.etreproprio.com/immobilier-22382323-vente-maison-en-pierres-161-m2-terrain-5112-m2-plouezec-plouezec,436 800,Plouezec 22470,161,5 112,6
Maison 99m² à plouezec,https://www.etreproprio.com/immobilier-21166802-vente-maison-99m-a-plouezec-plouezec,201 400,Plouezec 22470,99,301,5
"Plouezec, maison de 90 m² idéalement située au coeur de plouézec.",https://www.etreproprio.com/immobilier-20874164-vente-plouezec-maison-de-90-m-idealement-situee-au-coeur-de-plouezec-plouezec,199 500,Plouezec 22470,90,301,5
Plouezec-                                        maison en pierres 7 pièces sur 120m²,https://www.etreproprio.com/immobilier-19921304-vente-plouezec-maison-en-pierres-7-pieces-sur-120m-plouezec,397 125,Plouezec 22470,120,4 940,7
Maison 125m² à plouezec,https://www.etreproprio.com/immobilier-19886334-vente-maison-125m-a-plouezec-plouezec,n.c.,Plouezec 22470,125,4 200,5
"Plouézec, belle maison en pierre de 165 m² à vendre",https://www.etreproprio.com/immobilier-21198543-vente-plouezec-belle-maison-en-pierre-de-165-m-a-vendre-plouezec,354 960,Plouezec 22470,165,1 980,8
"À vendre, immeuble pour investisseur ou commerçant à plouézec",https://www.etreproprio.com/immobilier-19887992-vente-a-vendre-immeuble-pour-investisseur-ou-commercant-a-plouezec-plouezec,414 000,Plouezec 22470,135,620,12
"Plouézec, maison sur 1224 m² de terrain, proche plage de bréhec, à vendre",https://www.etreproprio.com/immobilier-16672182-vente-plouezec-maison-sur-1224-m-de-terrain-proche-plage-de-brehec-a-vendre-plouezec,258 750,Plouezec 22470,108,1 224,4
5 mns des commodités et 1/2 heure des plages et de la mer,https://www.etreproprio.com/immobilier-23530219-vente-5-mns-des-commodites-et-12-heure-des-plages-et-de-la-mer-plougras,167 000,Plougras 22780,120,1 904,7
Maison 140m² à plougrescant,https://www.etreproprio.com/immobilier-23884308-vente-maison-140m-a-plougrescant-plougrescant,458 000,Plougrescant 22820,140,553,8
Maison 115m² à plougrescant,https://www.etreproprio.com/immobilier-23883506-vente-maison-115m-a-plougrescant-plougrescant,185 000,Plougrescant 22820,115,657,7
Plougrescant - maison,https://www.etreproprio.com/immobilier-23287495-vente-plougrescant-maison-plougrescant,466 000,Plougrescant 22820,88,504,6
Maison - plougrescant,https://www.etreproprio.com/immobilier-23287498-vente-maison-plougrescant-plougrescant,264 000,Plougrescant 22820,89,498,6
Maison plougrescant 6 pièce(s) 111 m2,https://www.etreproprio.com/immobilier-18482011-vente-maison-plougrescant-6-pieces-111-m2-plougrescant,364 000,Plougrescant 22820,111,5 317,6
Maison - plougrescant,https://www.etreproprio.com/immobilier-23749910-vente-maison-plougrescant-plougrescant,364 000,Plougrescant 22820,111,15 000,7
Maison 123m² à plougrescant,https://www.etreproprio.com/immobilier-23435876-vente-maison-123m-a-plougrescant-plougrescant,459 000,Plougrescant 22820,124,1 407,6
Maison 128m² à plougrescant,https://www.etreproprio.com/immobilier-23582587-vente-maison-128m-a-plougrescant-plougrescant,443 000,Plougrescant 22820,128,2 034,7
"Maison en pierres, vue mer panoramique à plougrescant.",https://www.etreproprio.com/immobilier-23397280-vente-maison-en-pierres-vue-mer-panoramique-a-plougrescant-plougrescant,492 500,Plougrescant 22820,178,746,9
Maison 215m² à plougrescant,https://www.etreproprio.com/immobilier-23389452-vente-maison-215m-a-plougrescant-plougrescant,695 000,Plougrescant 22820,215,49 244,9
Plougrescant - propriété avec piscine,https://www.etreproprio.com/immobilier-23287497-vente-plougrescant-propriete-avec-piscine-plougrescant,724 000,Plougrescant 22820,173,915,9
"Plougrescant - emplacement exceptionnel, les pieds dans l'eau !",https://www.etreproprio.com/immobilier-23265513-vente-plougrescant-emplacement-exceptionnel-les-pieds-dans-l-eau-plougrescant,324 880,Plougrescant 22820,55,520,2
Maison 140m² à plougrescant,https://www.etreproprio.com/immobilier-23191169-vente-maison-140m-a-plougrescant-plougrescant,336 000,Plougrescant 22820,140,589,7
Maison de famille avec piscine et jaccuzi,https://www.etreproprio.com/immobilier-23158461-vente-maison-de-famille-avec-piscine-et-jaccuzi-plougrescant,725 000,Plougrescant 22820,173,915,9
Maison vivable de plain-pied de 115m2 - plougrescant,https://www.etreproprio.com/immobilier-22511785-vente-maison-vivable-de-plain-pied-de-115m2-plougrescant-plougrescant,185 000,Plougrescant 22820,115,657,6
Mer a pied - meublé - renové,https://www.etreproprio.com/immobilier-22286849-vente-mer-a-pied-meuble-renove-plougrescant,355 000,Plougrescant 22820,50,1 249,2
Plougrescant spacieuse maison familiale en pierres entre la mer et le bourg,https://www.etreproprio.com/immobilier-22036878-vente-plougrescant-spacieuse-maison-familiale-en-pierres-entre-la-mer-et-le-bourg-plougrescant,576 400,Plougrescant 22820,154,2 500,7
Maison 215m² à plougrescant,https://www.etreproprio.com/immobilier-21213632-vente-maison-215m-a-plougrescant-plougrescant,695 000,Plougrescant 22820,215,49 244,9
Maison 206m² à plouguenast,https://www.etreproprio.com/immobilier-23883232-vente-maison-206m-a-plouguenast-plouguenast,220 000,Plouguenast 22150,206,320,8
Maison 94m² à plouguenast,https://www.etreproprio.com/immobilier-23811764-vente-maison-94m-a-plouguenast-plouguenast,80 000,Plouguenast 22150,94,905,4
Maison 155m² à plouguenast,https://www.etreproprio.com/immobilier-21150481-vente-maison-155m-a-plouguenast-plouguenast,296 457,Plouguenast 22150,155,3 400,5
Maison 94m² à plouguenast,https://www.etreproprio.com/immobilier-23699765-vente-maison-94m-a-plouguenast-plouguenast,99 790,Plouguenast 22150,94,157,3
Maison 112m² à plouguenast,https://www.etreproprio.com/immobilier-23692039-vente-maison-112m-a-plouguenast-plouguenast,213 000,Plouguenast 22150,112,500,6
Maison 167m² à plouguenast,https://www.etreproprio.com/immobilier-23660598-vente-maison-167m-a-plouguenast-plouguenast,330 000,Plouguenast 22150,167,5 704,6
Maison 122m² à plouguenast,https://www.etreproprio.com/immobilier-23591728-vente-maison-122m-a-plouguenast-plouguenast,186 000,Plouguenast 22150,122,563,6
Maison 94m² à plouguenast,https://www.etreproprio.com/immobilier-23537906-vente-maison-94m-a-plouguenast-plouguenast,99 700,Plouguenast 22150,94,172,4
Maison plouguenast  8 pièce(s) 4 chambres 127 m2 terrain 750m²,https://www.etreproprio.com/immobilier-23531080-vente-maison-plouguenast-8-pieces-4-chambres-127-m2-terrain-750m-plouguenast,199 680,Plouguenast 22150,127,750,8
Maison 110m² à plouguenast,https://www.etreproprio.com/immobilier-23514521-vente-maison-110m-a-plouguenast-plouguenast,140 000,Plouguenast 22150,110,1 265,6
Maison 270m² à plouguenast,https://www.etreproprio.com/immobilier-23504250-vente-maison-270m-a-plouguenast-plouguenast,145 000,Plouguenast 22150,270,750,5
Maison 96m² à plouguenast,https://www.etreproprio.com/immobilier-23402491-vente-maison-96m-a-plouguenast-plouguenast,141 500,Plouguenast 22150,96,480,5
Maison 110m² à plouguenast,https://www.etreproprio.com/immobilier-23348835-vente-maison-110m-a-plouguenast-plouguenast,139 650,Plouguenast 22150,110,1 370,6
"Côtes d'armor 22150 plouguenast. maison en pierres, 4 chambres + terrain constructible avec garage et abri de jardin",https://www.etreproprio.com/immobilier-23324173-vente-cotes-d-armor-22150-plouguenast-maison-en-pierres-4-chambres-terrain-constructible-avec-garage-et-abri-de-jardin-plouguenast,138 990,Plouguenast 22150,110,1 370,5
Maison 102m² à plouguenast,https://www.etreproprio.com/immobilier-23030233-vente-maison-102m-a-plouguenast-plouguenast,131 250,Plouguenast 22150,102,1 035,5
Maison 102m² à plouguenast,https://www.etreproprio.com/immobilier-22992057-vente-maison-102m-a-plouguenast-plouguenast,130 500,Plouguenast 22150,102,1 035,6
Maison 112m² à plouguenast,https://www.etreproprio.com/immobilier-21364086-vente-maison-112m-a-plouguenast-plouguenast,218 000,Plouguenast 22150,112,1 700,6
Maison 131m² à plouguenast,https://www.etreproprio.com/immobilier-22084488-vente-maison-131m-a-plouguenast-plouguenast,156 350,Plouguenast 22150,131,,7
Maison 167m² à plouguenast,https://www.etreproprio.com/immobilier-22639606-vente-maison-167m-a-plouguenast-plouguenast,326 000,Plouguenast 22150,167,5 795,8
"Côtes d'armor maison familiale 'pavillon' de 3 chambres bien présentée, commerces à pied",https://www.etreproprio.com/immobilier-22521211-vente-cotes-d-armor-maison-familiale-pavillon-de-3-chambres-bien-presentee-commerces-a-pied-plouguenast,144 900,Plouguenast 22150,84,528,4
Vente maison ploufragan(22440) 313 800ï¿œ,https://www.etreproprio.com/immobilier-22156628-vente-vente-maison-ploufragan22440-313-800i-oe-ploufragan,313 800,Ploufragan 22440,151,7 830,6
"Ploufragan, maison de 2020, 3 chambres",https://www.etreproprio.com/immobilier-22078490-vente-ploufragan-maison-de-2020-3-chambres-ploufragan,199 900,Ploufragan 22440,90,160,4
Ploufragan : maison contemporaine 3 chambres,https://www.etreproprio.com/immobilier-22078489-vente-ploufragan-maison-contemporaine-3-chambres-ploufragan,199 900,Ploufragan 22440,90,180,4
Ici le côté breizh y est !,https://www.etreproprio.com/immobilier-21861447-vente-ici-le-cote-breizh-y-est-ploufragan,249 375,Ploufragan 22440,119,561,7
Maison à ploufragan,https://www.etreproprio.com/immobilier-21341283-vente-maison-a-ploufragan-ploufragan,200 000,Ploufragan 22440,,,5
St herve - volumes et tranquillité,https://www.etreproprio.com/immobilier-21240693-vente-st-herve-volumes-et-tranquillite-ploufragan,444 000,Ploufragan 22440,169,10 400,7
Maison ploufragan 106.6 m2/4 chambres,https://www.etreproprio.com/immobilier-21177167-vente-maison-ploufragan-1066-m24-chambres-ploufragan,199 500,Ploufragan 22440,107,226,6
Maison contemporaine de 2016 - 114m2 habitable - 4 chambres,https://www.etreproprio.com/immobilier-20398227-vente-maison-contemporaine-de-2016-114m2-habitable-4-chambres-ploufragan,195 700,Ploufragan 22440,114,226,5
Maison  6 pièce(s) 145 m2 et t2  de 57 m² indépendant,https://www.etreproprio.com/immobilier-20413577-vente-maison-6-pieces-145-m2-et-t2-de-57-m-independant-ploufragan,334 400,Ploufragan 22440,145,517,6
Superbe propriété,https://www.etreproprio.com/immobilier-20130757-vente-superbe-propriete-ploufragan,445 825,Ploufragan 22440,165,10 000,5
Maison 35m² à plouguernevel,https://www.etreproprio.com/immobilier-23605524-vente-maison-35m-a-plouguernevel-plouguernevel,66 000,Plouguernevel 22110,35,,2
"Plouguernevel, maison à vendre",https://www.etreproprio.com/immobilier-21148276-vente-plouguernevel-maison-a-vendre-plouguernevel,120 000,Plouguernevel 22110,87,392,5
Maison 88m² à plouguernevel,https://www.etreproprio.com/immobilier-22717339-vente-maison-88m-a-plouguernevel-plouguernevel,131 900,Plouguernevel 22110,88,392,6
Maison 83m² à plouguernevel,https://www.etreproprio.com/immobilier-22547999-vente-maison-83m-a-plouguernevel-plouguernevel,147 000,Plouguernevel 22110,83,454,4
Maison 82m² à plouguernevel,https://www.etreproprio.com/immobilier-21381194-vente-maison-82m-a-plouguernevel-plouguernevel,147 000,Plouguernevel 22110,82,454,5
Plouguiel en exclusivite - maison en pierre,https://www.etreproprio.com/immobilier-23837166-vente-plouguiel-en-exclusivite-maison-en-pierre-plouguiel,168 000,Plouguiel 22220,61,117,4
Maison 51m² à plouguiel,https://www.etreproprio.com/immobilier-23831695-vente-maison-51m-a-plouguiel-plouguiel,159 000,Plouguiel 22220,51,455,2
Maison 106m² à plouguiel,https://www.etreproprio.com/immobilier-23730545-vente-maison-106m-a-plouguiel-plouguiel,170 000,Plouguiel 22220,106,2 500,5
Longere en pierre renovee plouguiel (22),https://www.etreproprio.com/immobilier-22867865-vente-longere-en-pierre-renovee-plouguiel-22-plouguiel,488 000,Plouguiel 22220,190,3 250,8
Maison  a renover  900 m du port de la roche jaune,https://www.etreproprio.com/immobilier-23043044-vente-maison-a-renover-900-m-du-port-de-la-roche-jaune-plouguiel,159 000,Plouguiel 22220,77,666,4
Maison 165m² à plouguiel,https://www.etreproprio.com/immobilier-23216800-vente-maison-165m-a-plouguiel-plouguiel,,,,,
Plouguenast langast,https://www.etreproprio.com/immobilier-22516260-vente-plouguenast-langast-plouguenast,154 425,Plouguenast 22150,250,750,6
"Cotes d'armor - maison de ville plouguenast langast 8 pièce(s) 152 m2, superbe état .",https://www.etreproprio.com/immobilier-21327315-vente-cotes-d-armor-maison-de-ville-plouguenast-langast-8-pieces-152-m2-superbe-etat-plouguenast,290 125,Plouguenast 22150,152,2 000,8
Maison 293m² à plouguenast,https://www.etreproprio.com/immobilier-15809238-vente-maison-293m-a-plouguenast-plouguenast,423 200,Plouguenast 22150,293,486,8
"Plouha, maison de 135 m² à vendre",https://www.etreproprio.com/immobilier-23587529-vente-plouha-maison-de-135-m-a-vendre-plouha,239 200,Plouha 22580,135,718,5
A vendre : plouha - grande maison et gites,https://www.etreproprio.com/immobilier-22429020-vente-a-vendre-plouha-grande-maison-et-gites-plouha,742 000,Plouha 22580,340,3 212,16
Maison 70m² à plouha,https://www.etreproprio.com/immobilier-23895460-vente-maison-70m-a-plouha-plouha,263 750,Plouha 22580,70,291,4
Maison 96m² à plouha,https://www.etreproprio.com/immobilier-23868388-vente-maison-96m-a-plouha-plouha,339 000,Plouha 22580,96,1 679,5
Baisse de prix !!! maison familiale à plouha sur terrain arboré - 5 chambres - 126 m²,https://www.etreproprio.com/immobilier-23604952-vente-baisse-de-prix-maison-familiale-a-plouha-sur-terrain-arbore-5-chambres-126-m-plouha,210 000,Plouha 22580,126,861,7
Maison 90m² à plouha,https://www.etreproprio.com/immobilier-21966151-vente-maison-90m-a-plouha-plouha,240 800,Plouha 22580,90,1 164,6
A vendre : plouha - belle maison rénovée,https://www.etreproprio.com/immobilier-22020871-vente-a-vendre-plouha-belle-maison-renovee-plouha,336 000,Plouha 22580,154,1 834,7
A vendre maison proche de la mer avec terrain constructible,https://www.etreproprio.com/immobilier-23794120-vente-a-vendre-maison-proche-de-la-mer-avec-terrain-constructible-plouha,291 200,Plouha 22580,120,2 468,6
Maison 121m² à plouha,https://www.etreproprio.com/immobilier-23099179-vente-maison-121m-a-plouha-plouha,267 750,Plouha 22580,121,1 000,6
Maison plouha 5 pièce(s) 81.18 m2,https://www.etreproprio.com/immobilier-21334090-vente-maison-plouha-5-pieces-8118-m2-plouha,199 810,Plouha 22580,81,1 312,5
Maison 193m² à plouha,https://www.etreproprio.com/immobilier-23767701-vente-maison-193m-a-plouha-plouha,310 500,Plouha 22580,193,1 475,9
Maison 72m² à plouha,https://www.etreproprio.com/immobilier-23768093-vente-maison-72m-a-plouha-plouha,157 000,Plouha 22580,72,,3
Maison rénovée dans un cadre calme et verdoyant,https://www.etreproprio.com/immobilier-23718823-vente-maison-renovee-dans-un-cadre-calme-et-verdoyant-plouha,239 200,Plouha 22580,143,718,6
Plouha maison de 132 m² sur 2000 m² de terrain à vendre,https://www.etreproprio.com/immobilier-23676746-vente-plouha-maison-de-132-m-sur-2000-m-de-terrain-a-vendre-plouha,362 250,Plouha 22580,132,1 914,8
"Maison 8 pièces, 195m2 + dépendances, plouha (22580)",https://www.etreproprio.com/immobilier-21749785-vente-maison-8-pieces-195m2-dependances-plouha-22580-plouha,310 000,Plouha 22580,195,1 475,8
Maison 154m² à plouha,https://www.etreproprio.com/immobilier-22355804-vente-maison-154m-a-plouha-plouha,336 000,Plouha 22580,154,1 834,7
Maison 111m² à plouha,https://www.etreproprio.com/immobilier-22292392-vente-maison-111m-a-plouha-plouha,369 900,Plouha 22580,111,485,5
Maison 137m² à plouha,https://www.etreproprio.com/immobilier-23610203-vente-maison-137m-a-plouha-plouha,421 000,Plouha 22580,137,770,7
Maison plouha 6 pièce(s) 150 m2,https://www.etreproprio.com/immobilier-23600453-vente-maison-plouha-6-pieces-150-m2-plouha,336 000,Plouha 22580,150,1 834,6
Maison plouha 3 pièce(s) 84.14 m2,https://www.etreproprio.com/immobilier-23578010-vente-maison-plouha-3-pieces-8414-m2-plouha,174 990,Plouha 22580,84,201,3
"Longere au calme, a finir de rénover, grand terrain au calme",https://www.etreproprio.com/immobilier-23395600-vente-longere-au-calme-a-finir-de-renover-grand-terrain-au-calme-plouisy,152 000,Plouisy 22200,150,5 592,9
Longère plouisy - 3 chambres,https://www.etreproprio.com/immobilier-22384192-vente-longere-plouisy-3-chambres-plouisy,124 000,Plouisy 22200,94,,4
Contemporaine 142 m² à ploulec'h,https://www.etreproprio.com/immobilier-23860411-vente-contemporaine-142-m-a-ploulec-h-ploulec-h,314 400,Ploulec'h 22300,142,1 652,7
Maison 116m² à ploulec'h,https://www.etreproprio.com/immobilier-23852027-vente-maison-116m-a-ploulec-h-ploulec-h,274 850,Ploulec'h 22300,116,1 058,6
Maison 156m² à ploulec'h,https://www.etreproprio.com/immobilier-23847642-vente-maison-156m-a-ploulec-h-ploulec-h,299 900,Ploulec'h 22300,156,503,5
Maison 118m² à ploulec'h,https://www.etreproprio.com/immobilier-23844082-vente-maison-118m-a-ploulec-h-ploulec-h,235 000,Ploulec'h 22300,118,2 000,6
Maison 118m² à ploulec'h,https://www.etreproprio.com/immobilier-23810994-vente-maison-118m-a-ploulec-h-ploulec-h,235 000,Ploulec'h 22300,118,2 000,6
Maison 168m² à ploulec'h,https://www.etreproprio.com/immobilier-22262978-vente-maison-168m-a-ploulec-h-ploulec-h,200 000,Ploulec'h 22300,169,,6
Maison 2 chambres - ploulec'h,https://www.etreproprio.com/immobilier-19927763-vente-maison-2-chambres-ploulec-h-ploulec-h,151 000,Ploulec'h 22300,78,388,3
Maison 107m² à plouha,https://www.etreproprio.com/immobilier-22374496-vente-maison-107m-a-plouha-plouha,220 000,Plouha 22580,108,1 400,5
Maison 98m² à plouha,https://www.etreproprio.com/immobilier-23569961-vente-maison-98m-a-plouha-plouha,220 000,Plouha 22580,98,1 394,5
Maison plouha 3 pièce(s) 69.37 m2,https://www.etreproprio.com/immobilier-23543370-vente-maison-plouha-3-pieces-6937-m2-plouha,201 400,Plouha 22580,69,655,3
"Plouha, maison de 100 m² sur 1200 m² de terrain à vendre",https://www.etreproprio.com/immobilier-22688140-vente-plouha-maison-de-100-m-sur-1200-m-de-terrain-a-vendre-plouha,249 600,Plouha 22580,100,1 195,6
Maison plouha 5 pièce(s),https://www.etreproprio.com/immobilier-22680951-vente-maison-plouha-5-pieces-plouha,252 000,Plouha 22580,104,1 195,6
Maison 130m² à plouha,https://www.etreproprio.com/immobilier-23531979-vente-maison-130m-a-plouha-plouha,245 000,Plouha 22580,130,817,6
Maison 109m² à plouha,https://www.etreproprio.com/immobilier-22706143-vente-maison-109m-a-plouha-plouha,251 000,Plouha 22580,110,1 200,6
Maison 169m² à plouha,https://www.etreproprio.com/immobilier-21788178-vente-maison-169m-a-plouha-plouha,468 500,Plouha 22580,169,2 781,7
Maison 128m² à plouha,https://www.etreproprio.com/immobilier-22717071-vente-maison-128m-a-plouha-plouha,232 000,Plouha 22580,128,741,7
Maison 128m² à plouha,https://www.etreproprio.com/immobilier-22325706-vente-maison-128m-a-plouha-plouha,226 820,Plouha 22580,128,741,7
Maison familiale avec grand terrain arboré à plouha,https://www.etreproprio.com/immobilier-23453843-vente-maison-familiale-avec-grand-terrain-arbore-a-plouha-plouha,234 000,Plouha 22580,124,2 374,5
Maison 4 chambres avec vie de plain-pied et jardin clos à plouha,https://www.etreproprio.com/immobilier-23387089-vente-maison-4-chambres-avec-vie-de-plain-pied-et-jardin-clos-a-plouha-plouha,292 600,Plouha 22580,106,633,6
Maison 105m² à plouha,https://www.etreproprio.com/immobilier-23376124-vente-maison-105m-a-plouha-plouha,292 600,Plouha 22580,105,633,6
Maison 132m² à plouha,https://www.etreproprio.com/immobilier-23305824-vente-maison-132m-a-plouha-plouha,300 000,Plouha 22580,132,663,6
Maison 195m² à plouha,https://www.etreproprio.com/immobilier-20978792-vente-maison-195m-a-plouha-plouha,399 500,Plouha 22580,195,3 109,9
Maison 105m² à plouha,https://www.etreproprio.com/immobilier-22419243-vente-maison-105m-a-plouha-plouha,296 000,Plouha 22580,106,650,5
Maison 125m² à plouha,https://www.etreproprio.com/immobilier-22910492-vente-maison-125m-a-plouha-plouha,275 000,Plouha 22580,125,956,5
"A vendre charmante maison au cur de plouha  accès direct au centre-ville, jardin et potager",https://www.etreproprio.com/immobilier-22663440-vente-a-vendre-charmante-maison-au-c-ur-de-plouha-acces-direct-au-centre-ville-jardin-et-potager-plouha,230 000,Plouha 22580,95,475,5
Maison 162m² à plouha,https://www.etreproprio.com/immobilier-23207063-vente-maison-162m-a-plouha-plouha,359 800,Plouha 22580,162,500,8
Maison 137m² à plouha,https://www.etreproprio.com/immobilier-23198382-vente-maison-137m-a-plouha-plouha,259 000,Plouha 22580,138,138,6
Maison 312m² à ploumagoar,https://www.etreproprio.com/immobilier-23702946-vente-maison-312m-a-ploumagoar-ploumagoar,994 900,Ploumagoar 22970,312,30 000,8
Maison 137m² à ploumagoar,https://www.etreproprio.com/immobilier-23662005-vente-maison-137m-a-ploumagoar-ploumagoar,215 000,Ploumagoar 22970,137,728,5
Maison 88m² à ploumagoar,https://www.etreproprio.com/immobilier-23267112-vente-maison-88m-a-ploumagoar-ploumagoar,188 000,Ploumagoar 22970,88,567,4
Maison traditionnelle a ploumagoar,https://www.etreproprio.com/immobilier-23158488-vente-maison-traditionnelle-a-ploumagoar-ploumagoar,179 000,Ploumagoar 22970,95,1 679,5
Maison 149 m² - sans vis a vis - en impasse,https://www.etreproprio.com/immobilier-23368532-vente-maison-149-m-sans-vis-a-vis-en-impasse-ploumagoar,257 500,Ploumagoar 22970,149,1 375,7
Maison à vendre ploumagoar (22),https://www.etreproprio.com/immobilier-23274217-vente-maison-a-vendre-ploumagoar-22-ploumagoar,130 000,Ploumagoar 22970,96,684,6
Maison ploumagoar 4 pièce(s) 74.30 m2,https://www.etreproprio.com/immobilier-23265776-vente-maison-ploumagoar-4-pieces-7430-m2-ploumagoar,127 500,Ploumagoar 22970,74,564,4
Maison 175m² à ploumagoar,https://www.etreproprio.com/immobilier-22549608-vente-maison-175m-a-ploumagoar-ploumagoar,257 500,Ploumagoar 22970,175,1 375,7
"Grande maison familiale, 291m2, 7 chambres",https://www.etreproprio.com/immobilier-23202039-vente-grande-maison-familiale-291m2-7-chambres-ploumagoar,467 100,Ploumagoar 22970,291,1 085,10
Maison 5 pièces ploumagoar,https://www.etreproprio.com/immobilier-23171800-vente-maison-5-pieces-ploumagoar-ploumagoar,127 500,Ploumagoar 22970,74,520,5
Maison 80m² à ploumagoar,https://www.etreproprio.com/immobilier-22925243-vente-maison-80m-a-ploumagoar-ploumagoar,178 800,Ploumagoar 22970,80,707,6
Maison - ploumagoar,https://www.etreproprio.com/immobilier-21745233-vente-maison-ploumagoar-ploumagoar,196 900,Ploumagoar 22970,90,,4
Maison ploumagoar 4 pièce(s) 85 m2,https://www.etreproprio.com/immobilier-22689998-vente-maison-ploumagoar-4-pieces-85-m2-ploumagoar,149 990,Ploumagoar 22970,85,7 000,4
Maison ploumagoar 4 pièce(s) 85 m2,https://www.etreproprio.com/immobilier-22689994-vente-maison-ploumagoar-4-pieces-85-m2-ploumagoar,149 990,Ploumagoar 22970,85,7 000,4
Maison ploumagoar 5 pièce(s) 113.38 m2,https://www.etreproprio.com/immobilier-22083048-vente-maison-ploumagoar-5-pieces-11338-m2-ploumagoar,282 500,Ploumagoar 22970,113,597,5
Très belle propriété sur un parc paysagé clos de 2354 m2,https://www.etreproprio.com/immobilier-22248950-vente-tres-belle-propriete-sur-un-parc-paysage-clos-de-2354-m2-ploumagoar,363 800,Ploumagoar 22970,209,2 354,8
Deux maisons proche centre ville.,https://www.etreproprio.com/immobilier-14968466-vente-deux-maisons-proche-centre-ville-ploumagoar,168 000,Ploumagoar 22970,134,347,5
Maison 186m² à ploumilliau,https://www.etreproprio.com/immobilier-23707898-vente-maison-186m-a-ploumilliau-ploumilliau,261 500,Ploumilliau 22300,186,2 218,7
Maison 84m² à ploumilliau,https://www.etreproprio.com/immobilier-23853636-vente-maison-84m-a-ploumilliau-ploumilliau,225 000,Ploumilliau 22300,84,1 130,3
Maison 110m² à ploumilliau,https://www.etreproprio.com/immobilier-23843850-vente-maison-110m-a-ploumilliau-ploumilliau,320 000,Ploumilliau 22300,110,11 622,7
Maison 193m² à ploumilliau,https://www.etreproprio.com/immobilier-23838789-vente-maison-193m-a-ploumilliau-ploumilliau,499 000,Ploumilliau 22300,193,43 590,6
Maison 58m² à ploumilliau,https://www.etreproprio.com/immobilier-23826492-vente-maison-58m-a-ploumilliau-ploumilliau,129 900,Ploumilliau 22300,58,190,3
Ensemble en pierre de 261m2 - ploumilliau,https://www.etreproprio.com/immobilier-22553061-vente-ensemble-en-pierre-de-261m2-ploumilliau-ploumilliau,760 000,Ploumilliau 22300,261,6 843,12
Longère de 320m2 facilement divisible en 2 parties - ploumilliau,https://www.etreproprio.com/immobilier-23486172-vente-longere-de-320m2-facilement-divisible-en-2-parties-ploumilliau-ploumilliau,390 350,Ploumilliau 22300,320,2 544,10
Maison de plain-pied sur grand terrain à ploumilliau,https://www.etreproprio.com/immobilier-23722816-vente-maison-de-plain-pied-sur-grand-terrain-a-ploumilliau-ploumilliau,201 400,Ploumilliau 22300,107,3 089,5
Maison 66m² à ploumilliau,https://www.etreproprio.com/immobilier-22148228-vente-maison-66m-a-ploumilliau-ploumilliau,189 000,Ploumilliau 22300,66,4 571,3
Maison ploumilliau 6 pièce(s) 110 m2,https://www.etreproprio.com/immobilier-21759169-vente-maison-ploumilliau-6-pieces-110-m2-ploumilliau,197 000,Ploumilliau 22300,110,1 246,6
Ensemble immobilier de caractère,https://www.etreproprio.com/immobilier-23562199-vente-ensemble-immobilier-de-caractere-ploumilliau,760 000,Ploumilliau 22300,261,,14
Maison 121m² à ploumilliau,https://www.etreproprio.com/immobilier-23558851-vente-maison-121m-a-ploumilliau-ploumilliau,170 000,Ploumilliau 22300,121,1 128,5
Maison 110m² à ploumilliau,https://www.etreproprio.com/immobilier-23545729-vente-maison-110m-a-ploumilliau-ploumilliau,197 000,Ploumilliau 22300,110,1 246,6
Maison 155m² à ploumilliau,https://www.etreproprio.com/immobilier-20155149-vente-maison-155m-a-ploumilliau-ploumilliau,463 550,Ploumilliau 22300,155,2 500,5
Charmante maison de village du xviiie proche des plages,https://www.etreproprio.com/immobilier-23290802-vente-charmante-maison-de-village-du-xviiie-proche-des-plages-ploumilliau,440 000,Ploumilliau 22300,193,1 294,9
Maison 132m² à ploumilliau,https://www.etreproprio.com/immobilier-23167239-vente-maison-132m-a-ploumilliau-ploumilliau,255 000,Ploumilliau 22300,132,1 450,6
Maison ploumilliau 5 pièce(s) 95 m2,https://www.etreproprio.com/immobilier-23057679-vente-maison-ploumilliau-5-pieces-95-m2-ploumilliau,222 600,Ploumilliau 22300,95,385,5
Maison en pierre a ploumilliau proche plages  réf : 202594,https://www.etreproprio.com/immobilier-22947046-vente-maison-en-pierre-a-ploumilliau-proche-plages-ref-202594-ploumilliau,436 758,Ploumilliau 22300,193,1 294,10
Maison 110m² à ploumilliau,https://www.etreproprio.com/immobilier-22240817-vente-maison-110m-a-ploumilliau-ploumilliau,320 000,Ploumilliau 22300,110,11 622,6
Maison 115m² à ploumilliau,https://www.etreproprio.com/immobilier-22148986-vente-maison-115m-a-ploumilliau-ploumilliau,290 000,Ploumilliau 22300,115,3 575,5
Maison sur plounerin,https://www.etreproprio.com/immobilier-23885987-vente-maison-sur-plounerin-plounerin,197 822,Plounerin 22780,90,,
Maison 143m² à plounerin,https://www.etreproprio.com/immobilier-23868795-vente-maison-143m-a-plounerin-plounerin,169 000,Plounerin 22780,143,3 760,7
À vendre maison en pierre rénovée de 112 m² à plounérin,https://www.etreproprio.com/immobilier-23803512-vente-a-vendre-maison-en-pierre-renovee-de-112-m-a-plounerin-plounerin,169 000,Plounerin 22780,112,7 366,6
Maison 230m² à plounerin,https://www.etreproprio.com/immobilier-23453780-vente-maison-230m-a-plounerin-plounerin,495 000,Plounerin 22780,230,10 060,8
Maison 110m² à plounerin,https://www.etreproprio.com/immobilier-23167625-vente-maison-110m-a-plounerin-plounerin,199 000,Plounerin 22780,110,10 626,6
Maison 114m² à plounerin,https://www.etreproprio.com/immobilier-23090343-vente-maison-114m-a-plounerin-plounerin,188 000,Plounerin 22780,114,10 960,6
Maison 109m² à plounerin,https://www.etreproprio.com/immobilier-22245494-vente-maison-109m-a-plounerin-plounerin,211 000,Plounerin 22780,109,5 580,6
Maison 81m² à plounerin,https://www.etreproprio.com/immobilier-21698022-vente-maison-81m-a-plounerin-plounerin,164 000,Plounerin 22780,81,,4
Maison 139m² à ploumilliau,https://www.etreproprio.com/immobilier-22765952-vente-maison-139m-a-ploumilliau-ploumilliau,350 000,Ploumilliau 22300,139,4 912,6
Maison 80m² à ploumilliau,https://www.etreproprio.com/immobilier-22552899-vente-maison-80m-a-ploumilliau-ploumilliau,129 900,Ploumilliau 22300,80,190,3
Maison 161m² à ploumilliau,https://www.etreproprio.com/immobilier-21055157-vente-maison-161m-a-ploumilliau-ploumilliau,259 000,Ploumilliau 22300,161,2 268,8
Maison à vendre à ploumilliau,https://www.etreproprio.com/immobilier-22471100-vente-maison-a-vendre-a-ploumilliau-ploumilliau,223 000,Ploumilliau 22300,97,385,5
Centre bourg - maison avec jardin,https://www.etreproprio.com/immobilier-23171096-vente-centre-bourg-maison-avec-jardin-plouha,172 400,Plouha 22580,75,200,3
"Maison 120m2 4chambres proche mer, terrain 1705 m2",https://www.etreproprio.com/immobilier-23148439-vente-maison-120m2-4chambres-proche-mer-terrain-1705-m2-plouha,296 000,Plouha 22580,120,1 705,6
Maison familiale à proximité du centre de plouha,https://www.etreproprio.com/immobilier-23106589-vente-maison-familiale-a-proximite-du-centre-de-plouha-plouha,279 000,Plouha 22580,172,1 213,8
"Coeur  de plouha, maison rénovée en pierre",https://www.etreproprio.com/immobilier-23062358-vente-coeur-de-plouha-maison-renovee-en-pierre-plouha,298 680,Plouha 22580,99,115,4
Maison pludual 5 pièce(s) 126 m2 double garage,https://www.etreproprio.com/immobilier-22948967-vente-maison-pludual-5-pieces-126-m2-double-garage-plouha,297 000,Plouha 22580,126,1 705,5
A vendre  : plouha - belle longère en pierre au calme,https://www.etreproprio.com/immobilier-21584247-vente-a-vendre-plouha-belle-longere-en-pierre-au-calme-plouha,199 500,Plouha 22580,129,2 809,7
Maison plouha 6 pièce(s) 130 m2,https://www.etreproprio.com/immobilier-21585221-vente-maison-plouha-6-pieces-130-m2-plouha,199 500,Plouha 22580,130,2 809,6
Maison familiale - 145 m2 - 5 chambres - à moins de 2 km des plages,https://www.etreproprio.com/immobilier-22124729-vente-maison-familiale-145-m2-5-chambres-a-moins-de-2-km-des-plages-plouha,273 000,Plouha 22580,145,2 600,6
Maison 99m² à plouha,https://www.etreproprio.com/immobilier-22638617-vente-maison-99m-a-plouha-plouha,260 200,Plouha 22580,99,,5
Maison 127m² à plouha,https://www.etreproprio.com/immobilier-21625956-vente-maison-127m-a-plouha-plouha,440 000,Plouha 22580,128,1 456,5
"Plouha, jolie maison en pierre de 122 m² à vendre",https://www.etreproprio.com/immobilier-22555117-vente-plouha-jolie-maison-en-pierre-de-122-m-a-vendre-plouha,313 500,Plouha 22580,122,1 977,5
Maison 85m² à plouha,https://www.etreproprio.com/immobilier-21022661-vente-maison-85m-a-plouha-plouha,239 000,Plouha 22580,85,93,4
Maison de bourg proche mer (proche de paimpol et des falaises de plouha),https://www.etreproprio.com/immobilier-21373970-vente-maison-de-bourg-proche-mer-proche-de-paimpol-et-des-falaises-de-plouha-plouha,210 000,Plouha 22580,90,580,6
Maison plouha 6 pièce(s) 102 m2,https://www.etreproprio.com/immobilier-22352593-vente-maison-plouha-6-pieces-102-m2-plouha,315 000,Plouha 22580,104,1 917,6
Maison 126m² à plouha,https://www.etreproprio.com/immobilier-22289916-vente-maison-126m-a-plouha-plouha,317 400,Plouha 22580,126,1 650,4
Maison 75m² à plouha,https://www.etreproprio.com/immobilier-22255924-vente-maison-75m-a-plouha-plouha,278 000,Plouha 22580,75,49,4
Prix en baisse ! maison plouha  entre mer et commerces!,https://www.etreproprio.com/immobilier-20968576-vente-prix-en-baisse-maison-plouha-entre-mer-et-commerces-plouha,293 920,Plouha 22580,125,600,6
"Plouha, maison à proximité du centre ville, à vendre",https://www.etreproprio.com/immobilier-21997808-vente-plouha-maison-a-proximite-du-centre-ville-a-vendre-plouha,214 225,Plouha 22580,82,889,6
Maison plouha 6 pièce(s) 125 m2,https://www.etreproprio.com/immobilier-20930111-vente-maison-plouha-6-pieces-125-m2-plouha,294 000,Plouha 22580,125,600,6
Maison 9 pièces proche mer et commerces sur plouha,https://www.etreproprio.com/immobilier-21647720-vente-maison-9-pieces-proche-mer-et-commerces-sur-plouha-plouha,432 140,Plouha 22580,192,3 109,9
Maison 118m² à plounevez-moedec,https://www.etreproprio.com/immobilier-23362825-vente-maison-118m-a-plounevez-moedec-plounevez-moedec,189 000,Plounevez-Moedec 22810,118,2 100,5
Maison 90m² à plounevez-moedec,https://www.etreproprio.com/immobilier-23582607-vente-maison-90m-a-plounevez-moedec-plounevez-moedec,158 000,Plounevez-Moedec 22810,90,960,4
Maison 146m² à plounevez-moedec,https://www.etreproprio.com/immobilier-22646406-vente-maison-146m-a-plounevez-moedec-plounevez-moedec,269 900,Plounevez-Moedec 22810,146,,7
Maison 109m² à plounevez-moedec,https://www.etreproprio.com/immobilier-23101404-vente-maison-109m-a-plounevez-moedec-plounevez-moedec,176 000,Plounevez-Moedec 22810,109,301,6
Maison 65m² à plounevez-moedec,https://www.etreproprio.com/immobilier-23078222-vente-maison-65m-a-plounevez-moedec-plounevez-moedec,97 500,Plounevez-Moedec 22810,65,251,5
Maison 220m² à plounevez-moedec,https://www.etreproprio.com/immobilier-22910145-vente-maison-220m-a-plounevez-moedec-plounevez-moedec,399 900,Plounevez-Moedec 22810,220,8 919,5
Maison 87m² à plounevez-moedec,https://www.etreproprio.com/immobilier-22899623-vente-maison-87m-a-plounevez-moedec-plounevez-moedec,66 000,Plounevez-Moedec 22810,87,63,4
Ravissante maison de 120m2 - plounévez-moëdec,https://www.etreproprio.com/immobilier-20998898-vente-ravissante-maison-de-120m2-plounevez-moedec-plounevez-moedec,266 475,Plounevez-Moedec 22810,120,8 110,5
Maison 133m² à plounevez-moedec,https://www.etreproprio.com/immobilier-22741993-vente-maison-133m-a-plounevez-moedec-plounevez-moedec,136 500,Plounevez-Moedec 22810,133,,8
Maison 98m² à plounevez-moedec,https://www.etreproprio.com/immobilier-22378551-vente-maison-98m-a-plounevez-moedec-plounevez-moedec,168 800,Plounevez-Moedec 22810,98,3 473,5
"À vendre, maison à bréhec...",https://www.etreproprio.com/immobilier-21423594-vente-a-vendre-maison-a-brehec-plouha,250 800,Plouha 22580,85,1 500,4
Maison 116m² à plouha,https://www.etreproprio.com/immobilier-19644803-vente-maison-116m-a-plouha-plouha,241 500,Plouha 22580,117,973,5
Maison plouha 4 pièce(s),https://www.etreproprio.com/immobilier-18863158-vente-maison-plouha-4-pieces-plouha,159 990,Plouha 22580,120,,4
"Plouha, à deux pas du centre bourg",https://www.etreproprio.com/immobilier-18991686-vente-plouha-a-deux-pas-du-centre-bourg-plouha,253 440,Plouha 22580,83,562,3
Village seniors de 24 maisons individuelles de 38 m2 à 63 m²,https://www.etreproprio.com/immobilier-17689651-vente-village-seniors-de-24-maisons-individuelles-de-38-m2-a-63-m-plouha,149 520,Plouha 22580,38,,2
Maison plouha 5 pièce(s) 111 m2,https://www.etreproprio.com/immobilier-15423148-vente-maison-plouha-5-pieces-111-m2-plouha,122 000,Plouha 22580,111,635,5
Maison spacieuse et éco-responsable,https://www.etreproprio.com/immobilier-23866616-vente-maison-spacieuse-et-eco-responsable-plounevez-quintin,,,,,
Maison à rénover avec jardin petit prix,https://www.etreproprio.com/immobilier-23856641-vente-maison-a-renover-avec-jardin-petit-prix-plounevez-quintin,39 000,Plounevez-Quintin 22110,96,1 070,5
Maison 102m² à plounevez-quintin,https://www.etreproprio.com/immobilier-23843220-vente-maison-102m-a-plounevez-quintin-plounevez-quintin,184 800,Plounevez-Quintin 22110,102,1 367,6
Maison 107m² à plounevez-quintin,https://www.etreproprio.com/immobilier-23811855-vente-maison-107m-a-plounevez-quintin-plounevez-quintin,148 000,Plounevez-Quintin 22110,107,1 250,4
"exclusivité – charmante maison en pierre à vendre à plounévez-quintin, en campagne",https://www.etreproprio.com/immobilier-23147572-vente-exclusivite-charmante-maison-en-pierre-a-vendre-a-plounevez-quintin-en-campagne-plounevez-quintin,102 000,Plounevez-Quintin 22110,57,3 431,4
Maison néo-bretonne de charme,https://www.etreproprio.com/immobilier-23716491-vente-maison-neo-bretonne-de-charme-plounevez-quintin,149 580,Plounevez-Quintin 22110,90,1 500,5
"Plounévez-quintin, maison à vendre",https://www.etreproprio.com/immobilier-23036857-vente-plounevez-quintin-maison-a-vendre-plounevez-quintin,222 500,Plounevez-Quintin 22110,92,4 134,5
"En campagne, longère en pierres sur 3813 m2 de terrain",https://www.etreproprio.com/immobilier-19113023-vente-en-campagne-longere-en-pierres-sur-3813-m2-de-terrain-plounevez-quintin,64 800,Plounevez-Quintin 22110,57,3 813,5
Maison 328m² à plounevez-quintin,https://www.etreproprio.com/immobilier-17958181-vente-maison-328m-a-plounevez-quintin-plounevez-quintin,65 000,Plounevez-Quintin 22110,328,3 813,9
Maison familiale à rénover avec sous-sol et jardin,https://www.etreproprio.com/immobilier-23371016-vente-maison-familiale-a-renover-avec-sous-sol-et-jardin-plounevez-quintin,58 000,Plounevez-Quintin 22110,93,337,4
Maison 123m² à plounevez-quintin,https://www.etreproprio.com/immobilier-23301450-vente-maison-123m-a-plounevez-quintin-plounevez-quintin,115 600,Plounevez-Quintin 22110,123,1 187,6
"Plounévez-quintin, maison à vendre",https://www.etreproprio.com/immobilier-23228226-vente-plounevez-quintin-maison-a-vendre-plounevez-quintin,127 000,Plounevez-Quintin 22110,120,939,7
Maison 73m² à plounevez-quintin,https://www.etreproprio.com/immobilier-20419774-vente-maison-73m-a-plounevez-quintin-plounevez-quintin,99 700,Plounevez-Quintin 22110,73,552,3
"Plounévez quintin, maisons à vendre",https://www.etreproprio.com/immobilier-22999673-vente-plounevez-quintin-maisons-a-vendre-plounevez-quintin,199 000,Plounevez-Quintin 22110,419,512,12
"Plounévez-quintin, domaine à vendre",https://www.etreproprio.com/immobilier-18202735-vente-plounevez-quintin-domaine-a-vendre-plounevez-quintin,464 500,Plounevez-Quintin 22110,250,21 433,10
"Domaine de 3 habitations, une longère à rénover, un four à pain, 2 puits et 2 ha de terrain",https://www.etreproprio.com/immobilier-22395061-vente-domaine-de-3-habitations-une-longere-a-renover-un-four-a-pain-2-puits-et-2-ha-de-terrain-plounevez-quintin,464 900,Plounevez-Quintin 22110,253,21 451,10
Maison à vendre 7 pièces plounevez quintin (22),https://www.etreproprio.com/immobilier-22068873-vente-maison-a-vendre-7-pieces-plounevez-quintin-22-plounevez-quintin,128 000,Plounevez-Quintin 22110,120,939,7
Maison 67m² à plourac'h,https://www.etreproprio.com/immobilier-23767780-vente-maison-67m-a-plourac-h-plourac-h,30 000,Plourac'h 22160,67,1 228,2
Maison à vendre 0 pièces plourac h (22),https://www.etreproprio.com/immobilier-23484907-vente-maison-a-vendre-0-pieces-plourac-h-22-plourac-h,178 000,Plourac'h 22160,126,143,5
Maison 120m² à plourac'h,https://www.etreproprio.com/immobilier-22730072-vente-maison-120m-a-plourac-h-plourac-h,129 900,Plourac'h 22160,120,2 796,5
"Plourhan, à 600 m du bourg, maison 5 chambres dont 3 de plain pied , jardin de 839 m²",https://www.etreproprio.com/immobilier-23591560-vente-plourhan-a-600-m-du-bourg-maison-5-chambres-dont-3-de-plain-pied-jardin-de-839-m-plourhan,269 000,Plourhan 22410,111,839,7
"Plourhan, proche du centre maison traditionnelle à vendre",https://www.etreproprio.com/immobilier-23519791-vente-plourhan-proche-du-centre-maison-traditionnelle-a-vendre-plourhan,233 550,Plourhan 22410,105,524,5
Maison 139m² à plourhan,https://www.etreproprio.com/immobilier-23295266-vente-maison-139m-a-plourhan-plourhan,290 000,Plourhan 22410,139,419,8
Maison 103m² à plourhan,https://www.etreproprio.com/immobilier-23756527-vente-maison-103m-a-plourhan-plourhan,280 000,Plourhan 22410,103,700,7
Maison 192m² à plourhan,https://www.etreproprio.com/immobilier-23756453-vente-maison-192m-a-plourhan-plourhan,512 000,Plourhan 22410,192,650,11
"A 7mn de saint quay portrieux, en campagne de plourhan",https://www.etreproprio.com/immobilier-23744781-vente-a-7mn-de-saint-quay-portrieux-en-campagne-de-plourhan-plourhan,169 600,Plourhan 22410,130,2 757,4
Maison à vendre 7 pièces plourhan (22),https://www.etreproprio.com/immobilier-23562134-vente-maison-a-vendre-7-pieces-plourhan-22-plourhan,690 000,Plourhan 22410,216,2 374,7
Plourhan : maison contemporaine de 210 m2 avec piscine,https://www.etreproprio.com/immobilier-23510319-vente-plourhan-maison-contemporaine-de-210-m2-avec-piscine-plourhan,690 000,Plourhan 22410,216,2 374,8
Aux portes de saint quay portrieux maison lumineuse sur 1700 m² de terrain,https://www.etreproprio.com/immobilier-22138767-vente-aux-portes-de-saint-quay-portrieux-maison-lumineuse-sur-1700-m-de-terrain-plourhan,313 500,Plourhan 22410,128,1 732,6
"Plourhan, maison à vendre",https://www.etreproprio.com/immobilier-23373958-vente-plourhan-maison-a-vendre-plourhan,291 200,Plourhan 22410,128,1 399,6
Maison 147m² à plourhan,https://www.etreproprio.com/immobilier-23376681-vente-maison-147m-a-plourhan-plourhan,,,,,
Saint quay portrieux en 5mn !!!,https://www.etreproprio.com/immobilier-22026217-vente-saint-quay-portrieux-en-5mn-plourhan,445 976,Plourhan 22410,125,1 000,6
A vendre : plourhan maison de plain-pied,https://www.etreproprio.com/immobilier-23228622-vente-a-vendre-plourhan-maison-de-plain-pied-plourhan,275 600,Plourhan 22410,114,1 073,4
Maison en pierre centre bourg de plourhan,https://www.etreproprio.com/immobilier-23099156-vente-maison-en-pierre-centre-bourg-de-plourhan-plourhan,315 000,Plourhan 22410,168,462,6
Maison 140m² à plourhan,https://www.etreproprio.com/immobilier-23059824-vente-maison-140m-a-plourhan-plourhan,332 000,Plourhan 22410,140,,5
Maison 89m² à plourhan,https://www.etreproprio.com/immobilier-23006105-vente-maison-89m-a-plourhan-plourhan,232 000,Plourhan 22410,89,227,4
"Maison familiale en pierre sur terrain clos, et sa dépendance, à 5 min de la mer et des plages ...",https://www.etreproprio.com/immobilier-22734320-vente-maison-familiale-en-pierre-sur-terrain-clos-et-sa-dependance-a-5-min-de-la-mer-et-des-plages-plourhan,350 000,Plourhan 22410,168,462,7
Maison 154m² à plourhan,https://www.etreproprio.com/immobilier-22445270-vente-maison-154m-a-plourhan-plourhan,346 500,Plourhan 22410,154,2 000,8
Plourhan : a vendre maison en pierre !,https://www.etreproprio.com/immobilier-22020870-vente-plourhan-a-vendre-maison-en-pierre-plourhan,233 200,Plourhan 22410,114,1 140,5
Maison plourhan 7 pièce(s) 121 m2,https://www.etreproprio.com/immobilier-20507525-vente-maison-plourhan-7-pieces-121-m2-plourhan,304 500,Plourhan 22410,121,1 010,7
Maison 104m² à plourivo,https://www.etreproprio.com/immobilier-23144878-vente-maison-104m-a-plourivo-plourivo,229 000,Plourivo 22860,104,4 105,4
Maison 85m² à plourivo,https://www.etreproprio.com/immobilier-23820833-vente-maison-85m-a-plourivo-plourivo,173 000,Plourivo 22860,85,466,4
Plourivo maison  104 m2 jardin  4105 m²,https://www.etreproprio.com/immobilier-23005380-vente-plourivo-maison-104-m2-jardin-4105-m-plourivo,230 560,Plourivo 22860,104,4 105,4
Maison 110m² à plourivo,https://www.etreproprio.com/immobilier-23334198-vente-maison-110m-a-plourivo-plourivo,259 000,Plourivo 22860,110,7 495,6
Maison de plain pied  plourivo 5 pièce(s) 95 m2,https://www.etreproprio.com/immobilier-23700289-vente-maison-de-plain-pied-plourivo-5-pieces-95-m2-plourivo,169 990,Plourivo 22860,95,870,5
Maison plourivo 3 pièce(s) 51 m2,https://www.etreproprio.com/immobilier-23700287-vente-maison-plourivo-3-pieces-51-m2-plourivo,70 800,Plourivo 22860,51,650,4
Maison 115m² à plourivo,https://www.etreproprio.com/immobilier-23589520-vente-maison-115m-a-plourivo-plourivo,307 000,Plourivo 22860,115,4 960,4
Maison récente proche du bourg de plourivo et des commodités,https://www.etreproprio.com/immobilier-23585546-vente-maison-recente-proche-du-bourg-de-plourivo-et-des-commodites-plourivo,242 000,Plourivo 22860,83,620,4
Maison 94m² à plourivo,https://www.etreproprio.com/immobilier-23581614-vente-maison-94m-a-plourivo-plourivo,295 000,Plourivo 22860,94,2 232,6
Maison 165m² à plourivo,https://www.etreproprio.com/immobilier-21668619-vente-maison-165m-a-plourivo-plourivo,475 000,Plourivo 22860,165,2 160,7
A  vendre maison plourivo,https://www.etreproprio.com/immobilier-22511583-vente-a-vendre-maison-plourivo-plourivo,279 990,Plourivo 22860,110,2 275,7
Maison de 140m2 avec jardin paysagé de 4600m2,https://www.etreproprio.com/immobilier-23562223-vente-maison-de-140m2-avec-jardin-paysage-de-4600m2-plourivo,377 000,Plourivo 22860,140,,5
Maison 210m² à plourivo,https://www.etreproprio.com/immobilier-22925100-vente-maison-210m-a-plourivo-plourivo,457 200,Plourivo 22860,210,4 320,10
"Maison sur sous sol avec beaucoup de potentiel, à rénover",https://www.etreproprio.com/immobilier-22572884-vente-maison-sur-sous-sol-avec-beaucoup-de-potentiel-a-renover-plourivo,147 000,Plourivo 22860,90,3 800,5
Maison plourivo 6 pièce(s) 140 m2,https://www.etreproprio.com/immobilier-23005644-vente-maison-plourivo-6-pieces-140-m2-plourivo,377 000,Plourivo 22860,140,4 700,6
Maison 110m² à plourivo,https://www.etreproprio.com/immobilier-23131346-vente-maison-110m-a-plourivo-plourivo,255 000,Plourivo 22860,110,7 500,5
"Plourivo, maison à vendre, 4 chambres, belle vue sur le trieux",https://www.etreproprio.com/immobilier-20932318-vente-plourivo-maison-a-vendre-4-chambres-belle-vue-sur-le-trieux-plourivo,301 000,Plourivo 22860,134,1 716,6
"Plourivo, a vendre maison de bourg, 4 pieces. ideale investissement locatif",https://www.etreproprio.com/immobilier-22986780-vente-plourivo-a-vendre-maison-de-bourg-4-pieces-ideale-investissement-locatif-plourivo,169 500,Plourivo 22860,58,68,4
Maison 105m² à plourivo,https://www.etreproprio.com/immobilier-22725587-vente-maison-105m-a-plourivo-plourivo,294 500,Plourivo 22860,105,790,5
Plourivo  maison 140 m2 jardin 4600 m2,https://www.etreproprio.com/immobilier-22649425-vente-plourivo-maison-140-m2-jardin-4600-m2-plourivo,377 280,Plourivo 22860,140,4 684,5
Nouveaute ! longère en pierre  plouvara,https://www.etreproprio.com/immobilier-23775333-vente-nouveaute-longere-en-pierre-plouvara-plouvara,398 240,Plouvara 22170,192,1 400,8
Maison 127m² à plouvara,https://www.etreproprio.com/immobilier-23306075-vente-maison-127m-a-plouvara-plouvara,225 000,Plouvara 22170,127,1 677,6
Maison familiale - 3 chambres - 4000 m²- hangar,https://www.etreproprio.com/immobilier-23451324-vente-maison-familiale-3-chambres-4000-m-hangar-plouvara,205 400,Plouvara 22170,112,23 710,6
Maison 194m² à plouvara,https://www.etreproprio.com/immobilier-23377465-vente-maison-194m-a-plouvara-plouvara,436 800,Plouvara 22170,194,2 376,7
Plein coeur de plourhan !,https://www.etreproprio.com/immobilier-19807601-vente-plein-coeur-de-plourhan-plourhan,284 040,Plourhan 22410,113,1 150,5
"Plourivo, belle maison en pierre de 155 m² à vendre",https://www.etreproprio.com/immobilier-22631144-vente-plourivo-belle-maison-en-pierre-de-155-m-a-vendre-plourivo,558 900,Plourivo 22860,155,10 715,8
"Plourivo - a vendre maison 204 m2, terrain paysager de 4391 m2, bel environnement",https://www.etreproprio.com/immobilier-22601869-vente-plourivo-a-vendre-maison-204-m2-terrain-paysager-de-4391-m2-bel-environnement-plourivo,652 272,Plourivo 22860,205,4 391,6
Maison contemporaine familiale - plourivo - 6 pièces 204 m²,https://www.etreproprio.com/immobilier-22476518-vente-maison-contemporaine-familiale-plourivo-6-pieces-204-m-plourivo,652 272,Plourivo 22860,204,4 391,6
"Plourivo, a vendre aux portes de paimpol, maison 9 pièces, terrain 3372 m2 clos",https://www.etreproprio.com/immobilier-22453640-vente-plourivo-a-vendre-aux-portes-de-paimpol-maison-9-pieces-terrain-3372-m2-clos-plourivo,403 520,Plourivo 22860,145,3 372,9
A vendre maison en pierres proche paimpol,https://www.etreproprio.com/immobilier-22004431-vente-a-vendre-maison-en-pierres-proche-paimpol-plourivo,399 510,Plourivo 22860,145,3 144,9
Propriété de caractère - 7 pièce(s) 198 m² - plourivo,https://www.etreproprio.com/immobilier-21145328-vente-propriete-de-caractere-7-pieces-198-m-plourivo-plourivo,607 840,Plourivo 22860,198,3 880,7
A 5 min de paimpol,https://www.etreproprio.com/immobilier-20668289-vente-a-5-min-de-paimpol-plourivo,333 000,Plourivo 22860,172,3 832,7
"Plourivo (22), maison avec 5 pièces à vendre.",https://www.etreproprio.com/immobilier-20916643-vente-plourivo-22-maison-avec-5-pieces-a-vendre-plourivo,375 000,Plourivo 22860,115,1 512,5
Longère à vendre à plouzélambre,https://www.etreproprio.com/immobilier-23793080-vente-longere-a-vendre-a-plouzelambre-plouzelambre,240 000,Plouzelambre 22420,110,2 076,4
"Pludual, maison de 82 m², rénovée à vendre",https://www.etreproprio.com/immobilier-23899419-vente-pludual-maison-de-82-m-renovee-a-vendre-pludual,168 000,Pludual 22290,82,293,4
Maison rénovée - 4 pièces - plages 10 km,https://www.etreproprio.com/immobilier-23585547-vente-maison-renovee-4-pieces-plages-10-km-pludual,170 300,Pludual 22290,82,293,4
"Pludual, 5 km de lanvollon, maison à vendre",https://www.etreproprio.com/immobilier-23397933-vente-pludual-5-km-de-lanvollon-maison-a-vendre-pludual,376 200,Pludual 22290,153,5 420,8
Grande maison familiale,https://www.etreproprio.com/immobilier-23201367-vente-grande-maison-familiale-pludual,378 000,Pludual 22290,153,5 420,5
A vendre : pludual - belle maison sans vis-à-vis,https://www.etreproprio.com/immobilier-22545869-vente-a-vendre-pludual-belle-maison-sans-vis-a-vis-pludual,299 250,Pludual 22290,126,1 705,5
Maison familiale avec vue dégagée - sous-sol total - 4 chambres - triple garage,https://www.etreproprio.com/immobilier-22496906-vente-maison-familiale-avec-vue-degagee-sous-sol-total-4-chambres-triple-garage-pludual,299 250,Pludual 22290,126,1 705,5
Maison 122m² à pludual,https://www.etreproprio.com/immobilier-22316552-vente-maison-122m-a-pludual-pludual,299 500,Pludual 22290,123,1 750,6
"Maison de plain-pied 4 pièces, 85m2, pludual (22290)",https://www.etreproprio.com/immobilier-22214017-vente-maison-de-plain-pied-4-pieces-85m2-pludual-22290-pludual,176 460,Pludual 22290,85,900,4
Longère en pierres,https://www.etreproprio.com/immobilier-22715264-vente-longere-en-pierres-pluduno,297 632,Pluduno 22130,160,979,6
Maison en pierres au coeur de pluduno,https://www.etreproprio.com/immobilier-23733305-vente-maison-en-pierres-au-coeur-de-pluduno-pluduno,126 480,Pluduno 22130,72,80,4
A vendre pluduno,https://www.etreproprio.com/immobilier-21008192-vente-a-vendre-pluduno-pluduno,128 500,Pluduno 22130,73,80,4
Maison 171m² à pluduno,https://www.etreproprio.com/immobilier-23446546-vente-maison-171m-a-pluduno-pluduno,399 900,Pluduno 22130,171,5 404,7
Maison pluduno,https://www.etreproprio.com/immobilier-22893616-vente-maison-pluduno-pluduno,271 432,Pluduno 22130,146,5 000,7
Maison 92m² à pluduno,https://www.etreproprio.com/immobilier-23200019-vente-maison-92m-a-pluduno-pluduno,168 425,Pluduno 22130,92,1 121,3
Maison 146m² à pluduno,https://www.etreproprio.com/immobilier-22716951-vente-maison-146m-a-pluduno-pluduno,270 000,Pluduno 22130,146,5 000,7
Maison 130m² à plufur,https://www.etreproprio.com/immobilier-23843880-vente-maison-130m-a-plufur-plufur,55 000,Plufur 22310,130,,6
Maison 130m² à plufur,https://www.etreproprio.com/immobilier-23702357-vente-maison-130m-a-plufur-plufur,55 000,Plufur 22310,130,132,5
Maison 118m² à plufur,https://www.etreproprio.com/immobilier-23221956-vente-maison-118m-a-plufur-plufur,195 000,Plufur 22310,118,3 534,4
"Côtes d'armor, plufur, maison de maître 270m² à rénover",https://www.etreproprio.com/immobilier-16245272-vente-cotes-d-armor-plufur-maison-de-maitre-270m-a-renover-plufur,194 500,Plufur 22310,270,2 115,12
Maison 270m² à plufur,https://www.etreproprio.com/immobilier-22425156-vente-maison-270m-a-plufur-plufur,195 000,Plufur 22310,270,2 115,12
Maison 102 m2 avec 4 chambres et terrain divisible/constructible,https://www.etreproprio.com/immobilier-23818980-vente-maison-102-m2-avec-4-chambres-et-terrain-divisibleconstructible-plumaudan,251 520,Plumaudan 22350,102,1 250,5
Maison 76m² à plumaudan,https://www.etreproprio.com/immobilier-23715161-vente-maison-76m-a-plumaudan-plumaudan,178 500,Plumaudan 22350,77,,11
Maison 133m² à plumaudan,https://www.etreproprio.com/immobilier-23636481-vente-maison-133m-a-plumaudan-plumaudan,159 900,Plumaudan 22350,133,962,5
Maison plumaudan 2 pièces avec fort potentiel,https://www.etreproprio.com/immobilier-23519815-vente-maison-plumaudan-2-pieces-avec-fort-potentiel-plumaudan,97 830,Plumaudan 22350,59,42,2
Maison 146m² à plumaudan,https://www.etreproprio.com/immobilier-23056720-vente-maison-146m-a-plumaudan-plumaudan,273 000,Plumaudan 22350,146,1 732,5
Maison 129m² à plumaudan,https://www.etreproprio.com/immobilier-22557789-vente-maison-129m-a-plumaudan-plumaudan,345 840,Plumaudan 22350,129,1 016,3
"A vendre chez christelle mesnage immobilier, 10 minutes au s",https://www.etreproprio.com/immobilier-18879186-vente-a-vendre-chez-christelle-mesnage-immobilier-10-minutes-au-s-plumaudan,156 750,Plumaudan 22350,130,962,6
Maison rénovée avec dépendances au coeur d'un bourg,https://www.etreproprio.com/immobilier-21282793-vente-maison-renovee-avec-dependances-au-coeur-d-un-bourg-plumaudan,345 840,Plumaudan 22350,129,1 016,5
Maison plumaudan 4 pièces 138 m²,https://www.etreproprio.com/immobilier-19945079-vente-maison-plumaudan-4-pieces-138-m-plumaudan,201 020,Plumaudan 22350,138,1 339,4
Maison plumaudan 5 pièces 106.67 m²,https://www.etreproprio.com/immobilier-20827567-vente-maison-plumaudan-5-pieces-10667-m-plumaudan,169 400,Plumaudan 22350,107,974,5
Maison plumaugat 5 pièces,https://www.etreproprio.com/immobilier-22407783-vente-maison-plumaugat-5-pieces-plumaugat,115 000,Plumaugat 22250,75,307,5
Maison 70m² à plumieux,https://www.etreproprio.com/immobilier-23753660-vente-maison-70m-a-plumieux-plumieux,60 000,Plumieux 22210,70,345,4
Maison plumieux 190m².,https://www.etreproprio.com/immobilier-22924311-vente-maison-plumieux-190m-plumieux,194 900,Plumieux 22210,190,8 255,8
Maison 135m² à plumieux,https://www.etreproprio.com/immobilier-23678617-vente-maison-135m-a-plumieux-plumieux,135 000,Plumieux 22210,135,3 073,8
Maison plumieux 7 pièce(s) 135 m2,https://www.etreproprio.com/immobilier-23637999-vente-maison-plumieux-7-pieces-135-m2-plumieux,136 500,Plumieux 22210,135,3 073,7
Maison 82m² à plumieux,https://www.etreproprio.com/immobilier-23145033-vente-maison-82m-a-plumieux-plumieux,136 000,Plumieux 22210,82,1 418,4
"Côtes d'armor spacieuse maison de 6 pieces, belle jardin / terrain 8000m2, à proximité d'une ville active",https://www.etreproprio.com/immobilier-22670902-vente-cotes-d-armor-spacieuse-maison-de-6-pieces-belle-jardin-terrain-8000m2-a-proximite-d-une-ville-active-plumieux,195 000,Plumieux 22210,200,8 000,6
Maison plumieux 3 pièce(s) 80 m2,https://www.etreproprio.com/immobilier-21942726-vente-maison-plumieux-3-pieces-80-m2-plumieux,68 000,Plumieux 22210,80,1 825,3
Tres belle longere renovee + maison 2 chambres,https://www.etreproprio.com/immobilier-20732471-vente-tres-belle-longere-renovee-maison-2-chambres-plumieux,218 400,Plumieux 22210,214,3 000,9
Maison 214m² à plumieux,https://www.etreproprio.com/immobilier-22295136-vente-maison-214m-a-plumieux-plumieux,213 500,Plumieux 22210,214,,7
Maison 135m² à plumieux,https://www.etreproprio.com/immobilier-22671775-vente-maison-135m-a-plumieux-plumieux,135 000,Plumieux 22210,135,3 073,7
Maison 191m² à plumieux,https://www.etreproprio.com/immobilier-22587922-vente-maison-191m-a-plumieux-plumieux,325 000,Plumieux 22210,191,8 075,7
Maison 85m² à plumieux,https://www.etreproprio.com/immobilier-22527803-vente-maison-85m-a-plumieux-plumieux,20 000,Plumieux 22210,85,188,2
Maison plumieux 2 pièce(s) 35 m2,https://www.etreproprio.com/immobilier-22253898-vente-maison-plumieux-2-pieces-35-m2-plumieux,43 000,Plumieux 22210,35,1 132,2
Maison récente de 126m2 à proximité des sables d'or,https://www.etreproprio.com/immobilier-21413534-vente-maison-recente-de-126m2-a-proximite-des-sables-d-or-plurien,374 400,Plurien 22240,126,765,6
Maison plurien,https://www.etreproprio.com/immobilier-23817560-vente-maison-plurien-plurien,252 500,Plurien 22240,98,772,4
Plurien centre et proche plage,https://www.etreproprio.com/immobilier-22869151-vente-plurien-centre-et-proche-plage-plurien,232 000,Plurien 22240,94,571,4
Plurien sables d'or les pins a proximite immediate du golf et de la plage a environ 1000m des commerces,https://www.etreproprio.com/immobilier-22940823-vente-plurien-sables-d-or-les-pins-a-proximite-immediate-du-golf-et-de-la-plage-a-environ-1000m-des-commerces-plurien,388 500,Plurien 22240,97,588,3
Plurien centre - maison contemporaine,https://www.etreproprio.com/immobilier-23642429-vente-plurien-centre-maison-contemporaine-plurien,299 520,Plurien 22240,87,548,5
Maison 150m² à plurien,https://www.etreproprio.com/immobilier-23537799-vente-maison-150m-a-plurien-plurien,343 000,Plurien 22240,150,685,6
Contemporaine à plurien,https://www.etreproprio.com/immobilier-23509355-vente-contemporaine-a-plurien-plurien,367 500,Plurien 22240,89,536,5
"Plurien 22240. centre bourg, au calme. maison de 108 m2",https://www.etreproprio.com/immobilier-23425162-vente-plurien-22240-centre-bourg-au-calme-maison-de-108-m2-plurien,395 200,Plurien 22240,108,1 055,5
Maison de 109m2 en plein bourg de plurien,https://www.etreproprio.com/immobilier-23360639-vente-maison-de-109m2-en-plein-bourg-de-plurien-plurien,395 200,Plurien 22240,109,1 297,5
Maison longère 8 pièces à vendre plurien (22),https://www.etreproprio.com/immobilier-23193002-vente-maison-longere-8-pieces-a-vendre-plurien-22-plurien,313 000,Plurien 22240,195,2 400,8
Maison 114m² à plurien,https://www.etreproprio.com/immobilier-23001827-vente-maison-114m-a-plurien-plurien,410 000,Plurien 22240,114,611,6
Maison plurien centre,https://www.etreproprio.com/immobilier-22950139-vente-maison-plurien-centre-plurien,577 500,Plurien 22240,281,615,10
Plurien au calme a proximite  des plages  longère indépendante (habitation + 3 gîtes / maisons),https://www.etreproprio.com/immobilier-22613582-vente-plurien-au-calme-a-proximite-des-plages-longere-independante-habitation-3-gites-maisons-plurien,682 500,Plurien 22240,289,2 789,11
Charmante maison en campagne 48 m² ** 1 chambre**terrain,https://www.etreproprio.com/immobilier-23475286-vente-charmante-maison-en-campagne-48-m-1-chambreterrain-plusquellec,72 000,Plusquellec 22160,48,1 116,2
Maison 42m² à plussulien,https://www.etreproprio.com/immobilier-23832031-vente-maison-42m-a-plussulien-plussulien,77 000,Plussulien 22320,42,,2
Maison familiale d'environ 107 m2 habitables sur 2874 m2 de terrain avec dépendances,https://www.etreproprio.com/immobilier-23747260-vente-maison-familiale-d-environ-107-m2-habitables-sur-2874-m2-de-terrain-avec-dependances-plussulien,97 520,Plussulien 22320,105,2 874,5
"Plussulien, maison à vendre",https://www.etreproprio.com/immobilier-23029952-vente-plussulien-maison-a-vendre-plussulien,199 500,Plussulien 22320,245,683,12
"Plussulien, maison à vendre",https://www.etreproprio.com/immobilier-23489326-vente-plussulien-maison-a-vendre-plussulien,105 800,Plussulien 22320,83,94,5
"Plussulien, maison à vendre",https://www.etreproprio.com/immobilier-23406392-vente-plussulien-maison-a-vendre-plussulien,252 000,Plussulien 22320,140,20 942,7
Maison plussulien 8 pièce(s) 128 m2 5 chambres,https://www.etreproprio.com/immobilier-23340507-vente-maison-plussulien-8-pieces-128-m2-5-chambres-plussulien,173 000,Plussulien 22320,128,1 762,8
Maison plussulien 6 pièce(s) 120 m2,https://www.etreproprio.com/immobilier-23340510-vente-maison-plussulien-6-pieces-120-m2-plussulien,141 000,Plussulien 22320,120,496,6
"Maison de campagne d'environ 60 m2 habitables, sur environ 1286 m2 de terrain",https://www.etreproprio.com/immobilier-22500342-vente-maison-de-campagne-d-environ-60-m2-habitables-sur-environ-1286-m2-de-terrain-plussulien,110 000,Plussulien 22320,60,1 286,3
Maison 150m² à plussulien,https://www.etreproprio.com/immobilier-20328955-vente-maison-150m-a-plussulien-plussulien,209 000,Plussulien 22320,150,683,7
Grande maison familiale + 2 maisons en pierres sur 668 m2 de terrain,https://www.etreproprio.com/immobilier-20320054-vente-grande-maison-familiale-2-maisons-en-pierres-sur-668-m2-de-terrain-plussulien,212 000,Plussulien 22320,240,683,7
Longère en pierre a pluzunet 7 chambres  réf : 2025118,https://www.etreproprio.com/immobilier-23845062-vente-longere-en-pierre-a-pluzunet-7-chambres-ref-2025118-pluzunet,488 000,Pluzunet 22140,167,10 400,11
Ensemble immobilier entre lannion et guingamp,https://www.etreproprio.com/immobilier-22600098-vente-ensemble-immobilier-entre-lannion-et-guingamp-pluzunet,180 500,Pluzunet 22140,90,790,5
Maison 116m² à pluzunet,https://www.etreproprio.com/immobilier-21815221-vente-maison-116m-a-pluzunet-pluzunet,179 000,Pluzunet 22140,116,764,5
Maison pluzunet 5 pièce(s) 108.68 m2,https://www.etreproprio.com/immobilier-19635565-vente-maison-pluzunet-5-pieces-10868-m2-pluzunet,179 990,Pluzunet 22140,109,308,5
Maison 138m² à pommeret,https://www.etreproprio.com/immobilier-23893617-vente-maison-138m-a-pommeret-pommeret,358 000,Pommeret 22120,138,600,6
Pommeret : maison de plain-pied 5 pièces,https://www.etreproprio.com/immobilier-22644730-vente-pommeret-maison-de-plain-pied-5-pieces-pommeret,361 920,Pommeret 22120,138,600,5
Traditionnelle de 1969 sur 454 m2 de terrain,https://www.etreproprio.com/immobilier-22879135-vente-traditionnelle-de-1969-sur-454-m2-de-terrain-pommeret,199 900,Pommeret 22120,112,454,6
À vendre   plain-pied 138 m2   4 chambres   double garage   parking goudronné   jardin - chauffage au sol,https://www.etreproprio.com/immobilier-23054217-vente-a-vendre-plain-pied-138-m2-4-chambres-double-garage-parking-goudronne-jardin-chauffage-au-sol-pommeret,366 950,Pommeret 22120,138,600,5
Charmante maison centre pommeret,https://www.etreproprio.com/immobilier-22593318-vente-charmante-maison-centre-pommeret-pommeret,173 250,Pommeret 22120,72,,4
Manoir du xve siècle de 16 pièces,https://www.etreproprio.com/immobilier-22345622-vente-manoir-du-xve-siecle-de-16-pieces-pommeret,589 900,Pommeret 22120,300,,16
Pavillon rénovée,https://www.etreproprio.com/immobilier-20852555-vente-pavillon-renovee-pommeret,380 000,Pommeret 22120,130,1 150,7
Authentique bâtisse en pierre du xviiie siècle de 121m2   la roche-jaudy,https://www.etreproprio.com/immobilier-21431567-vente-authentique-batisse-en-pierre-du-xviiie-siecle-de-121m2-la-roche-jaudy-pommerit-jaudy,275 000,Pommerit-Jaudy 22450,121,6 781,7
Maison 116m² à pommerit-le-vicomte,https://www.etreproprio.com/immobilier-23882936-vente-maison-116m-a-pommerit-le-vicomte-pommerit-le-vicomte,126 500,Pommerit-Le-Vicomte 22200,116,1 437,7
Maison 105m² à pommerit-le-vicomte,https://www.etreproprio.com/immobilier-23872635-vente-maison-105m-a-pommerit-le-vicomte-pommerit-le-vicomte,240 300,Pommerit-Le-Vicomte 22200,105,,6
Maison 88m² à pommerit-le-vicomte,https://www.etreproprio.com/immobilier-22888048-vente-maison-88m-a-pommerit-le-vicomte-pommerit-le-vicomte,157 000,Pommerit-Le-Vicomte 22200,88,,5
"Maison vie de plain-pied sur terrain clos, sans travaux",https://www.etreproprio.com/immobilier-22734310-vente-maison-vie-de-plain-pied-sur-terrain-clos-sans-travaux-pommerit-le-vicomte,333 000,Pommerit-Le-Vicomte 22200,138,2 390,6
Longère en pierres - pont-melvez,https://www.etreproprio.com/immobilier-23328108-vente-longere-en-pierres-pont-melvez-pont-melvez,201 900,Pont-Melvez 22390,136,,4
Maison 170m² à pont-melvez,https://www.etreproprio.com/immobilier-21607132-vente-maison-170m-a-pont-melvez-pont-melvez,198 500,Pont-Melvez 22390,170,1 854,7
Charmante maison mitoyenne en pierres - village au calme,https://www.etreproprio.com/immobilier-23033579-vente-charmante-maison-mitoyenne-en-pierres-village-au-calme-pont-melvez,72 300,Pont-Melvez 22390,55,982,3
Maison 63m² à pont-melvez,https://www.etreproprio.com/immobilier-22734202-vente-maison-63m-a-pont-melvez-pont-melvez,110 000,Pont-Melvez 22390,63,2 566,5
Maison 6 pièces 117m2,https://www.etreproprio.com/immobilier-23345505-vente-maison-6-pieces-117m2-pont-melvez,108 000,Pont-Melvez 22390,117,759,6
Maison 111m² à pont-melvez,https://www.etreproprio.com/immobilier-22518864-vente-maison-111m-a-pont-melvez-pont-melvez,152 000,Pont-Melvez 22390,111,710,4
Maison 104m² à pont-melvez,https://www.etreproprio.com/immobilier-22888650-vente-maison-104m-a-pont-melvez-pont-melvez,157 500,Pont-Melvez 22390,104,2 941,6
Les courses à pieds !,https://www.etreproprio.com/immobilier-23431268-vente-les-courses-a-pieds-pontrieux,262 000,Pontrieux 22260,103,614,4
Maison 123m² à pontrieux,https://www.etreproprio.com/immobilier-21955833-vente-maison-123m-a-pontrieux-pontrieux,199 000,Pontrieux 22260,123,140,5
Pontrieux maison  125 m²  4 chambres,https://www.etreproprio.com/immobilier-22586781-vente-pontrieux-maison-125-m-4-chambres-pontrieux,199 990,Pontrieux 22260,125,140,6
Maison 33m² à pontrieux,https://www.etreproprio.com/immobilier-23727621-vente-maison-33m-a-pontrieux-pontrieux,106 900,Pontrieux 22260,33,46,3
Maison bord de rivière,https://www.etreproprio.com/immobilier-23053455-vente-maison-bord-de-riviere-pontrieux,362 250,Pontrieux 22260,190,300,5
Maison 150m² à pontrieux,https://www.etreproprio.com/immobilier-23660923-vente-maison-150m-a-pontrieux-pontrieux,359 900,Pontrieux 22260,150,,5
Maison vie de plain pied et jardin de curé !,https://www.etreproprio.com/immobilier-23172060-vente-maison-vie-de-plain-pied-et-jardin-de-cure-pontrieux,179 000,Pontrieux 22260,142,210,7
Maison de caractère 5 pièces 145 m² pontrieux22260,https://www.etreproprio.com/immobilier-23551662-vente-maison-de-caractere-5-pieces-145-m-pontrieux22260-pontrieux,290 000,Pontrieux 22260,145,90,5
Maison 292m² à pontrieux,https://www.etreproprio.com/immobilier-23534323-vente-maison-292m-a-pontrieux-pontrieux,370 000,Pontrieux 22260,292,385,8
Le charme de la pierre à pontrieux !,https://www.etreproprio.com/immobilier-23172055-vente-le-charme-de-la-pierre-a-pontrieux-pontrieux,195 000,Pontrieux 22260,130,6 124,5
Maison 145m² à pontrieux,https://www.etreproprio.com/immobilier-22211895-vente-maison-145m-a-pontrieux-pontrieux,333 000,Pontrieux 22260,145,,7
Maison pontrieux 6 pièce(s) 125 m2,https://www.etreproprio.com/immobilier-22586779-vente-maison-pontrieux-6-pieces-125-m2-pontrieux,149 990,Pontrieux 22260,125,660,6
Maison 3 chambres,https://www.etreproprio.com/immobilier-23214618-vente-maison-3-chambres-pontrieux,168 800,Pontrieux 22260,75,385,5
Maison traditionnel proche des commodites,https://www.etreproprio.com/immobilier-23202035-vente-maison-traditionnel-proche-des-commodites-pontrieux,208 400,Pontrieux 22260,98,444,5
Maison - pontrieux,https://www.etreproprio.com/immobilier-21314975-vente-maison-pontrieux-pontrieux,107 900,Pontrieux 22260,69,,3
Maison avec sous sol,https://www.etreproprio.com/immobilier-22734308-vente-maison-avec-sous-sol-pontrieux,181 000,Pontrieux 22260,88,787,6
Maison 175m² à pontrieux,https://www.etreproprio.com/immobilier-22311454-vente-maison-175m-a-pontrieux-pontrieux,405 000,Pontrieux 22260,175,1 087,8
Maison contemporaine de 180m2   pontrieux,https://www.etreproprio.com/immobilier-20966902-vente-maison-contemporaine-de-180m2-pontrieux-pontrieux,399 750,Pontrieux 22260,180,1 087,10
Maison coup de cœur!,https://www.etreproprio.com/immobilier-21347221-vente-maison-coup-de-coeur-pontrieux,405 000,Pontrieux 22260,175,1 080,7
Bretagne maison de caractère centre pontrieux,https://www.etreproprio.com/immobilier-21200983-vente-bretagne-maison-de-caractere-centre-pontrieux-pontrieux,336 000,Pontrieux 22260,214,,7
Maison  6 pièce(s) 150 m2 et studio,https://www.etreproprio.com/immobilier-22231537-vente-maison-6-pieces-150-m2-et-studio-pordic,577 200,Pordic 22590,200,780,6
"Pordic, à 5 minutes des commodités et à 6 kms de la plage, maison à vendre",https://www.etreproprio.com/immobilier-22585900-vente-pordic-a-5-minutes-des-commodites-et-a-6-kms-de-la-plage-maison-a-vendre-pordic,331 800,Pordic 22590,164,2 500,6
"Maison en pierre 130 m2 avec cour, garage et dépendance   pordic centre, proche mer",https://www.etreproprio.com/immobilier-23462510-vente-maison-en-pierre-130-m2-avec-cour-garage-et-dependance-pordic-centre-proche-mer-pordic,321 780,Pordic 22590,130,270,7
"Pordic   maison contemporaine 128 m2, proche bourg et transp",https://www.etreproprio.com/immobilier-23772362-vente-pordic-maison-contemporaine-128-m2-proche-bourg-et-transp-pordic,370 000,Pordic 22590,128,420,5
"Pordic, à 1 km des commodités et 2.5 kms de la mer, maison en pierre à vendre",https://www.etreproprio.com/immobilier-23477736-vente-pordic-a-1-km-des-commodites-et-25-kms-de-la-mer-maison-en-pierre-a-vendre-pordic,321 780,Pordic 22590,128,272,6
Pordic maison neuve à vendre,https://www.etreproprio.com/immobilier-23700578-vente-pordic-maison-neuve-a-vendre-pordic,261 250,Pordic 22590,72,261,3
Maison 185m² à pordic,https://www.etreproprio.com/immobilier-23704518-vente-maison-185m-a-pordic-pordic,1 200 000,Pordic 22590,185,,5
Maison 160m² à pordic,https://www.etreproprio.com/immobilier-23526491-vente-maison-160m-a-pordic-pordic,360 800,Pordic 22590,160,3 710,7
Maison familiale à pordic sur un terrain clos de 850m2  réf : 2025128,https://www.etreproprio.com/immobilier-23680491-vente-maison-familiale-a-pordic-sur-un-terrain-clos-de-850m2-ref-2025128-pordic,474 996,Pordic 22590,156,850,7
Maison 125m² à pordic,https://www.etreproprio.com/immobilier-23673496-vente-maison-125m-a-pordic-pordic,288 900,Pordic 22590,125,1 476,5
Maison 160m² à pordic,https://www.etreproprio.com/immobilier-22454911-vente-maison-160m-a-pordic-pordic,360 830,Pordic 22590,160,3 600,7
Maison pordic 6 pièce(s) 165 m2,https://www.etreproprio.com/immobilier-23580189-vente-maison-pordic-6-pieces-165-m2-pordic,288 750,Pordic 22590,146,5 610,6
Maison pordic 6 pièce(s) 145 m2,https://www.etreproprio.com/immobilier-23524449-vente-maison-pordic-6-pieces-145-m2-pordic,449 000,Pordic 22590,143,1 376,6
Maison 160m² à pordic,https://www.etreproprio.com/immobilier-22363493-vente-maison-160m-a-pordic-pordic,360 830,Pordic 22590,160,3 600,8
"Contemporaine de 2005 avec piscine, terrain 3065m2",https://www.etreproprio.com/immobilier-23497514-vente-contemporaine-de-2005-avec-piscine-terrain-3065m2-pordic,986 000,Pordic 22590,214,3 065,8
Maison 136m² à pordic,https://www.etreproprio.com/immobilier-22654635-vente-maison-136m-a-pordic-pordic,399 000,Pordic 22590,136,510,5
Exclusivité ! côtes d'armor 22590 pordic. 4 chambres dont une au rdc avec sde... terrain clos sans vis à vis,https://www.etreproprio.com/immobilier-23381735-vente-exclusivite-cotes-d-armor-22590-pordic-4-chambres-dont-une-au-rdc-avec-sde-terrain-clos-sans-vis-a-vis-pordic,265 000,Pordic 22590,152,711,7
Maison pordic 4 pièce(s) 93 m2,https://www.etreproprio.com/immobilier-22872954-vente-maison-pordic-4-pieces-93-m2-pordic,350 000,Pordic 22590,93,1 088,4
Maison pordic,https://www.etreproprio.com/immobilier-22521070-vente-maison-pordic-pordic,475 000,Pordic 22590,158,850,7
"Pordic, 1.5km de binic, maison à  vendre",https://www.etreproprio.com/immobilier-22358246-vente-pordic-15km-de-binic-maison-a-vendre-pordic,330 000,Pordic 22590,93,752,5
"Ensemble rare sur le marché, avec gîte prêt à l’emploi et multiples dépendances.",https://www.etreproprio.com/immobilier-23827865-vente-ensemble-rare-sur-le-marche-avec-gite-pret-a-l-emploi-et-multiples-dependances-prat,377 000,Prat 22140,148,5 986,6
Idéal 1er achat !,https://www.etreproprio.com/immobilier-23301392-vente-ideal-1er-achat-prat,135 000,Prat 22140,105,,5
Maison 105m² à prat,https://www.etreproprio.com/immobilier-22765987-vente-maison-105m-a-prat-prat,143 000,Prat 22140,105,,4
Beau projet d'aménagement !,https://www.etreproprio.com/immobilier-23265241-vente-beau-projet-d-amenagement-prat,209 000,Prat 22140,179,1 610,8
Maison 179m² à prat,https://www.etreproprio.com/immobilier-23209645-vente-maison-179m-a-prat-prat,209 800,Prat 22140,179,1 610,8
Exclusivité - un potentiel d'aménagement incroyable !,https://www.etreproprio.com/immobilier-22951752-vente-exclusivite-un-potentiel-d-amenagement-incroyable-prat,172 000,Prat 22140,183,11 000,9
Maison 145m² à prat,https://www.etreproprio.com/immobilier-22512449-vente-maison-145m-a-prat-prat,239 150,Prat 22140,145,20 000,6
Propriété de 3 hectares  limite pontrieux.,https://www.etreproprio.com/immobilier-19301625-vente-propriete-de-3-hectares-limite-pontrieux-pontrieux,776 500,Pontrieux 22260,405,30 000,13
Maison saint-clet 8 pièce(s) 202.42 m2,https://www.etreproprio.com/immobilier-19174450-vente-maison-saint-clet-8-pieces-20242-m2-pontrieux,179 990,Pontrieux 22260,202,635,8
Pordic centre,https://www.etreproprio.com/immobilier-22585937-vente-pordic-centre-pordic,165 000,Pordic 22590,56,,3
Maison bourg de pordic,https://www.etreproprio.com/immobilier-22596111-vente-maison-bourg-de-pordic-pordic,167 000,Pordic 22590,60,50,3
Maison comptemporaine direction la pointe,https://www.etreproprio.com/immobilier-23116238-vente-maison-comptemporaine-direction-la-pointe-pordic,499 900,Pordic 22590,163,800,5
Maison pordic en très bon état,https://www.etreproprio.com/immobilier-23103372-vente-maison-pordic-en-tres-bon-etat-pordic,257 500,Pordic 22590,80,229,4
Pordic cote bleu,https://www.etreproprio.com/immobilier-22995745-vente-pordic-cote-bleu-pordic,,,,,
Maison 80m² à pordic,https://www.etreproprio.com/immobilier-22924910-vente-maison-80m-a-pordic-pordic,257 500,Pordic 22590,80,229,4
Maison 71m² à pordic,https://www.etreproprio.com/immobilier-22902762-vente-maison-71m-a-pordic-pordic,263 750,Pordic 22590,71,261,3
Plain pied à pordic,https://www.etreproprio.com/immobilier-22592084-vente-plain-pied-a-pordic-pordic,242 880,Pordic 22590,86,579,
Maison pordic 7 pièce(s) 189 m2,https://www.etreproprio.com/immobilier-22596107-vente-maison-pordic-7-pieces-189-m2-pordic,376 200,Pordic 22590,183,2 000,7
Charmante maison en pierre,https://www.etreproprio.com/immobilier-22213884-vente-charmante-maison-en-pierre-pordic,283 230,Pordic 22590,95,633,4
Maison familiale proche des commodités à pordic,https://www.etreproprio.com/immobilier-22289738-vente-maison-familiale-proche-des-commodites-a-pordic-pordic,430 000,Pordic 22590,164,1 432,7
Propriété d’exception à pordic   une maison rare proche mer,https://www.etreproprio.com/immobilier-21656162-vente-propriete-d-exception-a-pordic-une-maison-rare-proche-mer-pordic,1 245 600,Pordic 22590,238,1 100,7
"Pordic, belle propriété, cour carrée, idéal pour création gî",https://www.etreproprio.com/immobilier-20398233-vente-pordic-belle-propriete-cour-carree-ideal-pour-creation-gi-pordic,391 400,Pordic 22590,136,5 960,6
"Pordic, à 700 m des commodités, maison à vendre",https://www.etreproprio.com/immobilier-19589535-vente-pordic-a-700-m-des-commodites-maison-a-vendre-pordic,357 000,Pordic 22590,102,620,7
Maison 191m² à la prenessaye,https://www.etreproprio.com/immobilier-23764430-vente-maison-191m-a-la-prenessaye-la-prenessaye,168 400,La Prenessaye 22210,191,,6
Maison 105m² à la prenessaye,https://www.etreproprio.com/immobilier-20327924-vente-maison-105m-a-la-prenessaye-la-prenessaye,138 450,La Prenessaye 22210,106,7 491,4
Maison 222m² à la prenessaye,https://www.etreproprio.com/immobilier-23447465-vente-maison-222m-a-la-prenessaye-la-prenessaye,250 000,La Prenessaye 22210,222,5 564,8
Maison 222m² à la prenessaye,https://www.etreproprio.com/immobilier-22238646-vente-maison-222m-a-la-prenessaye-la-prenessaye,250 000,La Prenessaye 22210,222,5 564,8
Maison familiale avec jardin à la prénessaye,https://www.etreproprio.com/immobilier-21291191-vente-maison-familiale-avec-jardin-a-la-prenessaye-la-prenessaye,104 900,La Prenessaye 22210,89,1 181,5
Maison 82m² à la prenessaye,https://www.etreproprio.com/immobilier-23374968-vente-maison-82m-a-la-prenessaye-la-prenessaye,117 150,La Prenessaye 22210,82,,5
Maison 96m² à la prenessaye,https://www.etreproprio.com/immobilier-22706805-vente-maison-96m-a-la-prenessaye-la-prenessaye,267 000,La Prenessaye 22210,96,,5
Maison 191m² à la prenessaye,https://www.etreproprio.com/immobilier-23278756-vente-maison-191m-a-la-prenessaye-la-prenessaye,199 500,La Prenessaye 22210,191,4 743,7
Maison 172m² à la prenessaye,https://www.etreproprio.com/immobilier-23124931-vente-maison-172m-a-la-prenessaye-la-prenessaye,179 500,La Prenessaye 22210,172,2 807,4
Cotes d'armor - proche loudeac - maison 3 chambres proche de la forêt.,https://www.etreproprio.com/immobilier-21327310-vente-cotes-d-armor-proche-loudeac-maison-3-chambres-proche-de-la-foret-la-prenessaye,148 400,La Prenessaye 22210,106,7 500,5
Maison 60m² à quemper-guezennec,https://www.etreproprio.com/immobilier-23890237-vente-maison-60m-a-quemper-guezennec-quemper-guezennec,96 900,Quemper-Guezennec 22260,60,50,4
"Maison 4 pièces, 50m2, quemper-guézennec (22260)",https://www.etreproprio.com/immobilier-23725792-vente-maison-4-pieces-50m2-quemper-guezennec-22260-quemper-guezennec,77 000,Quemper-Guezennec 22260,50,350,4
Maison 110m² à quemper-guezennec,https://www.etreproprio.com/immobilier-23703436-vente-maison-110m-a-quemper-guezennec-quemper-guezennec,188 000,Quemper-Guezennec 22260,110,,5
Maison 126m² à quemper-guezennec,https://www.etreproprio.com/immobilier-23231871-vente-maison-126m-a-quemper-guezennec-quemper-guezennec,271 000,Quemper-Guezennec 22260,126,1 207,4
Maison à vendre 5 pièces quemper guezennec (22),https://www.etreproprio.com/immobilier-22980435-vente-maison-a-vendre-5-pieces-quemper-guezennec-22-quemper-guezennec,336 000,Quemper-Guezennec 22260,133,5 030,5
"Quemper guezennec, a vendre maison en pierres sur un parc paysager de 5841 m2",https://www.etreproprio.com/immobilier-22685886-vente-quemper-guezennec-a-vendre-maison-en-pierres-sur-un-parc-paysager-de-5841-m2-quemper-guezennec,221 000,Quemper-Guezennec 22260,76,5 841,5
Maison 133m² à quemper-guezennec,https://www.etreproprio.com/immobilier-22952891-vente-maison-133m-a-quemper-guezennec-quemper-guezennec,336 000,Quemper-Guezennec 22260,133,,5
Maison 143m² à quemper-guezennec,https://www.etreproprio.com/immobilier-22870186-vente-maison-143m-a-quemper-guezennec-quemper-guezennec,296 900,Quemper-Guezennec 22260,143,2 496,6
Maison 88m² à quemper-guezennec,https://www.etreproprio.com/immobilier-21980109-vente-maison-88m-a-quemper-guezennec-quemper-guezennec,180 000,Quemper-Guezennec 22260,88,787,4
Bretagne maison en pierres,https://www.etreproprio.com/immobilier-21934735-vente-bretagne-maison-en-pierres-quemper-guezennec,93 310,Quemper-Guezennec 22260,50,330,4
Charmante longère en pierre de 91m2 - quemperven,https://www.etreproprio.com/immobilier-22729493-vente-charmante-longere-en-pierre-de-91m2-quemperven-quemperven,189 450,Quemperven 22450,91,625,5
Maison 150m² à quemperven,https://www.etreproprio.com/immobilier-22957951-vente-maison-150m-a-quemperven-quemperven,304 500,Quemperven 22450,150,4 500,8
Maison 121m² à quessoy,https://www.etreproprio.com/immobilier-23602631-vente-maison-121m-a-quessoy-quessoy,219 900,Quessoy 22120,121,208,6
Maison à vendre quessoy,https://www.etreproprio.com/immobilier-23226197-vente-maison-a-vendre-quessoy-quessoy,182 875,Quessoy 22120,113,,5
Tres jolie maison en pierre et une depandance,https://www.etreproprio.com/immobilier-23212500-vente-tres-jolie-maison-en-pierre-et-une-depandance-quessoy,126 000,Quessoy 22120,79,171,4
Maison quessoy - 6 chambres - 181 m²,https://www.etreproprio.com/immobilier-20969303-vente-maison-quessoy-6-chambres-181-m-quessoy,209 600,Quessoy 22120,181,585,8
Maison 3 chambres aux portes de dinan,https://www.etreproprio.com/immobilier-23899347-vente-maison-3-chambres-aux-portes-de-dinan-quevert,222 600,Quevert 22100,77,483,4
Maison avec vie de plain-pied à quévert,https://www.etreproprio.com/immobilier-23899348-vente-maison-avec-vie-de-plain-pied-a-quevert-quevert,351 750,Quevert 22100,115,625,5
Maison 100m² à quevert,https://www.etreproprio.com/immobilier-23872991-vente-maison-100m-a-quevert-quevert,287 925,Quevert 22100,100,640,4
Maison  à vendre dinan-quevert 4 chambres,https://www.etreproprio.com/immobilier-23849734-vente-maison-a-vendre-dinan-quevert-4-chambres-quevert,188 500,Quevert 22100,95,478,6
A vendre - soquet immobilier - quevert - maison individuelle,https://www.etreproprio.com/immobilier-23825374-vente-a-vendre-soquet-immobilier-quevert-maison-individuelle-quevert,159 130,Quevert 22100,70,800,3
"Une longère au charme authentique, de 231 m², toute proche de dinan, pensée pour accueillir toutes vos envies !",https://www.etreproprio.com/immobilier-23793495-vente-une-longere-au-charme-authentique-de-231-m-toute-proche-de-dinan-pensee-pour-accueillir-toutes-vos-envies-quevert,518 500,Quevert 22100,202,1 512,7
Maison traditionnelle proche de dinan,https://www.etreproprio.com/immobilier-23751332-vente-maison-traditionnelle-proche-de-dinan-quevert,352 128,Quevert 22100,112,625,6
Maison 114m² à quevert,https://www.etreproprio.com/immobilier-23131782-vente-maison-114m-a-quevert-quevert,344 000,Quevert 22100,114,623,4
Exclusivité – dinan,https://www.etreproprio.com/immobilier-23647371-vente-exclusivite-dinan-quevert,309 750,Quevert 22100,93,427,4
Maison 97m² à quevert,https://www.etreproprio.com/immobilier-23641201-vente-maison-97m-a-quevert-quevert,199 000,Quevert 22100,97,,5
Maison 72m² à quevert,https://www.etreproprio.com/immobilier-23487973-vente-maison-72m-a-quevert-quevert,231 000,Quevert 22100,73,614,4
Maison d'architecte bioclimatique quévert,https://www.etreproprio.com/immobilier-23468589-vente-maison-d-architecte-bioclimatique-quevert-quevert,468 000,Quevert 22100,160,3 892,5
Maison 168m² à quevert,https://www.etreproprio.com/immobilier-23467570-vente-maison-168m-a-quevert-quevert,336 000,Quevert 22100,168,397,5
Maison  22 100 quevert 5 pièces,https://www.etreproprio.com/immobilier-22657293-vente-maison-22-100-quevert-5-pieces-quevert,286 000,Quevert 22100,118,1 900,5
Maison 194m² à quevert,https://www.etreproprio.com/immobilier-23423243-vente-maison-194m-a-quevert-quevert,331 520,Quevert 22100,194,382,6
Maison à 5 min de dinan,https://www.etreproprio.com/immobilier-22555801-vente-maison-a-5-min-de-dinan-quevert,451 500,Quevert 22100,236,7 245,7
Maison neuve  93 m2 avec 3 chambres,https://www.etreproprio.com/immobilier-23099373-vente-maison-neuve-93-m2-avec-3-chambres-quevert,251 520,Quevert 22100,92,447,4
"Le clos verde maison ou appartement, faites votre choix!",https://www.etreproprio.com/immobilier-23053583-vente-le-clos-verde-maison-ou-appartement-faites-votre-choix-quevert,273 400,Quevert 22100,108,288,5
Maison 207m² à quevert,https://www.etreproprio.com/immobilier-22932855-vente-maison-207m-a-quevert-quevert,544 000,Quevert 22100,207,727,12
"Maison à vendre à quévert (proche dinan) – 133 m², 4 chambres, terrain 1512 m², sans travaux",https://www.etreproprio.com/immobilier-22884751-vente-maison-a-vendre-a-quevert-proche-dinan-133-m-4-chambres-terrain-1512-m-sans-travaux-quevert,346 000,Quevert 22100,133,1 512,5
Maison 94m² à le quillio,https://www.etreproprio.com/immobilier-23780685-vente-maison-94m-a-le-quillio-le-quillio,178 000,Le Quillio 22460,94,772,4
Maison 88m² à le quillio,https://www.etreproprio.com/immobilier-23743325-vente-maison-88m-a-le-quillio-le-quillio,157 500,Le Quillio 22460,88,10 000,4
Maison à vendre 4 pièces le quillio (22),https://www.etreproprio.com/immobilier-23736227-vente-maison-a-vendre-4-pieces-le-quillio-22-le-quillio,159 000,Le Quillio 22460,110,10 000,4
Maison 94m² à le quillio,https://www.etreproprio.com/immobilier-23659078-vente-maison-94m-a-le-quillio-le-quillio,178 500,Le Quillio 22460,94,772,4
Maison 104m² à le quillio,https://www.etreproprio.com/immobilier-23209673-vente-maison-104m-a-le-quillio-le-quillio,178 500,Le Quillio 22460,104,755,5
Maison en pierre 4 chambres a vendre au quillio (22) bretagn,https://www.etreproprio.com/immobilier-22886954-vente-maison-en-pierre-4-chambres-a-vendre-au-quillio-22-bretagn-le-quillio,157 200,Le Quillio 22460,151,,5
Maison 197m² à le quillio,https://www.etreproprio.com/immobilier-19570027-vente-maison-197m-a-le-quillio-le-quillio,159 750,Le Quillio 22460,197,3 006,9
Maison quintin 5 pièce(s) 90 m2 -,https://www.etreproprio.com/immobilier-23397878-vente-maison-quintin-5-pieces-90-m2-quintin,153 500,Quintin 22800,90,842,5
Propriété sur 2380m2 de terrain clos,https://www.etreproprio.com/immobilier-23868289-vente-propriete-sur-2380m2-de-terrain-clos-quintin,405 561,Quintin 22800,159,2 381,6
Maison 133m² à quintin,https://www.etreproprio.com/immobilier-23811459-vente-maison-133m-a-quintin-quintin,292 600,Quintin 22800,133,,5
Ancien commerce de boulangerie d'environ 600m2,https://www.etreproprio.com/immobilier-23414967-vente-ancien-commerce-de-boulangerie-d-environ-600m2-quintin,218 400,Quintin 22800,190,389,5
Maison de ville,https://www.etreproprio.com/immobilier-23650168-vente-maison-de-ville-quintin,176 900,Quintin 22800,122,303,7
Ensemble immobilier 360 m2,https://www.etreproprio.com/immobilier-23650175-vente-ensemble-immobilier-360-m2-quintin,273 100,Quintin 22800,360,750,10
Maison quintin 6 pièce(s) 132 m2,https://www.etreproprio.com/immobilier-23636641-vente-maison-quintin-6-pieces-132-m2-quintin,294 000,Quintin 22800,132,148,6
Maison 153m² à quintin,https://www.etreproprio.com/immobilier-23612072-vente-maison-153m-a-quintin-quintin,199 600,Quintin 22800,153,1 891,7
"Maison 204 m2 environ, ideal grande famille ou investisseur",https://www.etreproprio.com/immobilier-23594294-vente-maison-204-m2-environ-ideal-grande-famille-ou-investisseur-quintin,197 400,Quintin 22800,204,1 063,10
Maison 131m² à quintin,https://www.etreproprio.com/immobilier-23583052-vente-maison-131m-a-quintin-quintin,210 000,Quintin 22800,131,190,5
Maison quintin centre-ville,https://www.etreproprio.com/immobilier-23176560-vente-maison-quintin-centre-ville-quintin,210 000,Quintin 22800,130,190,7
"Maison familiale en pierres d'environ 108 m2 habitables, terrain de 828 m2, proche de toutes commodités",https://www.etreproprio.com/immobilier-23390415-vente-maison-familiale-en-pierres-d-environ-108-m2-habitables-terrain-de-828-m2-proche-de-toutes-commodites-quintin,168 800,Quintin 22800,108,828,4
Maison 150m² à quintin,https://www.etreproprio.com/immobilier-23211377-vente-maison-150m-a-quintin-quintin,283 000,Quintin 22800,150,6 200,7
Maison 125m² à quintin,https://www.etreproprio.com/immobilier-23126996-vente-maison-125m-a-quintin-quintin,n.c.,Quintin 22800,125,576,6
12 mn de quintin - ancienne école à rénover,https://www.etreproprio.com/immobilier-22258389-vente-12-mn-de-quintin-ancienne-ecole-a-renover-quintin,66 000,Quintin 22800,140,,9
Maison quintin 8 pièce(s) 121 m2,https://www.etreproprio.com/immobilier-21604037-vente-maison-quintin-8-pieces-121-m2-quintin,176 185,Quintin 22800,121,303,7
Longere 104m² hab 7 pieces,https://www.etreproprio.com/immobilier-22737606-vente-longere-104m-hab-7-pieces-quintin,197 600,Quintin 22800,104,,7
Longère en pierres 4 chambres à finir de rénover,https://www.etreproprio.com/immobilier-22729028-vente-longere-en-pierres-4-chambres-a-finir-de-renover-quintin,171 900,Quintin 22800,110,1 600,6
Saint-brandan - maison familiale,https://www.etreproprio.com/immobilier-22555493-vente-saint-brandan-maison-familiale-quintin,309 750,Quintin 22800,128,1 702,7
Elégant hôtel particulier du xviiième siècle en ville,https://www.etreproprio.com/immobilier-22263046-vente-elegant-hotel-particulier-du-xviiieme-siecle-en-ville-quintin,498 000,Quintin 22800,260,1 172,8
Maison 120m² à le quiou,https://www.etreproprio.com/immobilier-22557760-vente-maison-120m-a-le-quiou-le-quiou,185 000,Le Quiou 22630,120,1 902,5
Maison 95m² à le quiou,https://www.etreproprio.com/immobilier-23801078-vente-maison-95m-a-le-quiou-le-quiou,177 650,Le Quiou 22630,95,240,4
Maison 124m² à le quiou,https://www.etreproprio.com/immobilier-22523857-vente-maison-124m-a-le-quiou-le-quiou,n.c.,Le Quiou 22630,124,685,6
Ensemble immobilier de caractère aux portes de dinan !,https://www.etreproprio.com/immobilier-22761950-vente-ensemble-immobilier-de-caractere-aux-portes-de-dinan-quevert,525 000,Quevert 22100,750,35 800,13
Maison 13 pièces 240m²,https://www.etreproprio.com/immobilier-21236811-vente-maison-13-pieces-240m-quevert,463 000,Quevert 22100,240,7 000,13
Vente maison quevert(22100) 235 400ï¿œ,https://www.etreproprio.com/immobilier-21160260-vente-vente-maison-quevert22100-235-400i-oe-quevert,235 400,Quevert 22100,112,2 474,6
Maison 80m² à la roche-derrien,https://www.etreproprio.com/immobilier-23899669-vente-maison-80m-a-la-roche-derrien-la-roche-derrien,198 000,La Roche-Derrien 22450,80,910,4
Pouldouran en exclusivite - maison en pierre,https://www.etreproprio.com/immobilier-23867032-vente-pouldouran-en-exclusivite-maison-en-pierre-la-roche-derrien,199 000,La Roche-Derrien 22450,88,1 310,4
Maison la roche jaudy 7 pièces136 m2,https://www.etreproprio.com/immobilier-21885756-vente-maison-la-roche-jaudy-7-pieces136-m2-la-roche-derrien,283 500,La Roche-Derrien 22450,136,1 000,7
Maison 67m² à la roche-derrien,https://www.etreproprio.com/immobilier-22212061-vente-maison-67m-a-la-roche-derrien-la-roche-derrien,76 000,La Roche-Derrien 22450,67,75,3
Maison 295m² à la roche-derrien,https://www.etreproprio.com/immobilier-22272612-vente-maison-295m-a-la-roche-derrien-la-roche-derrien,554 990,La Roche-Derrien 22450,295,3 520,7
Maison 109m² à la roche-derrien,https://www.etreproprio.com/immobilier-23472973-vente-maison-109m-a-la-roche-derrien-la-roche-derrien,117 000,La Roche-Derrien 22450,109,156,5
Grande maison 8 chambres avec gîte i pommerit-jaudy i bretagne,https://www.etreproprio.com/immobilier-22034204-vente-grande-maison-8-chambres-avec-gite-i-pommerit-jaudy-i-bretagne-la-roche-derrien,372 000,La Roche-Derrien 22450,307,3 852,10
Maison 65m² à la roche-derrien,https://www.etreproprio.com/immobilier-22411204-vente-maison-65m-a-la-roche-derrien-la-roche-derrien,99 000,La Roche-Derrien 22450,65,,3
"Longère et son gîte sur 2 hectares de verger, potager, bois i la roche-jaudy i bretagne",https://www.etreproprio.com/immobilier-20998742-vente-longere-et-son-gite-sur-2-hectares-de-verger-potager-bois-i-la-roche-jaudy-i-bretagne-la-roche-derrien,353 600,La Roche-Derrien 22450,169,23 538,7
Maison la roche jaudy 4 pièce(s) 91 m2,https://www.etreproprio.com/immobilier-21619876-vente-maison-la-roche-jaudy-4-pieces-91-m2-la-roche-derrien,68 710,La Roche-Derrien 22450,91,,5
Maison 145m² à rospez,https://www.etreproprio.com/immobilier-23867972-vente-maison-145m-a-rospez-rospez,412 550,Rospez 22300,145,2 034,6
Maison néo-bretonne de 129m2 avec une maisonnette de 65m2 - rospez,https://www.etreproprio.com/immobilier-23857677-vente-maison-neo-bretonne-de-129m2-avec-une-maisonnette-de-65m2-rospez-rospez,318 000,Rospez 22300,129,1 912,5
Maison 152m² à rospez,https://www.etreproprio.com/immobilier-23847641-vente-maison-152m-a-rospez-rospez,358 700,Rospez 22300,152,14 800,7
Maison rospez prix en baisse,https://www.etreproprio.com/immobilier-23618886-vente-maison-rospez-prix-en-baisse-rospez,129 000,Rospez 22300,67,864,3
Maison 129m² à rospez,https://www.etreproprio.com/immobilier-23609642-vente-maison-129m-a-rospez-rospez,318 000,Rospez 22300,129,,5
Maison 154m² à rospez,https://www.etreproprio.com/immobilier-23582426-vente-maison-154m-a-rospez-rospez,493 500,Rospez 22300,154,12 695,7
Maison 129m² à rospez,https://www.etreproprio.com/immobilier-23549704-vente-maison-129m-a-rospez-rospez,319 000,Rospez 22300,129,1 910,5
Maison 97m² à rospez,https://www.etreproprio.com/immobilier-23473339-vente-maison-97m-a-rospez-rospez,220 000,Rospez 22300,97,1 007,5
Maison familiale aux portes de lannion,https://www.etreproprio.com/immobilier-23469708-vente-maison-familiale-aux-portes-de-lannion-rospez,320 850,Rospez 22300,125,2 500,5
Rospez : maison en pierres avec jardin,https://www.etreproprio.com/immobilier-22997824-vente-rospez-maison-en-pierres-avec-jardin-rospez,299 900,Rospez 22300,113,4 233,6
Commerce/habitation,https://www.etreproprio.com/immobilier-22734300-vente-commercehabitation-rospez,95 500,Rospez 22300,105,,2
Maison 145m² à rospez,https://www.etreproprio.com/immobilier-22639805-vente-maison-145m-a-rospez-rospez,417 000,Rospez 22300,145,2 040,9
Maison 157m² à rospez,https://www.etreproprio.com/immobilier-17611404-vente-maison-157m-a-rospez-rospez,362 500,Rospez 22300,157,14 800,6
"Rostrenen, maison à vendre",https://www.etreproprio.com/immobilier-23808516-vente-rostrenen-maison-a-vendre-rostrenen,163 000,Rostrenen 22110,109,1 071,7
"Rostrenen, maison à vendre",https://www.etreproprio.com/immobilier-23776713-vente-rostrenen-maison-a-vendre-rostrenen,294 000,Rostrenen 22110,120,1 459,5
"Rostrenen, maison avec appartement à vendre",https://www.etreproprio.com/immobilier-23753032-vente-rostrenen-maison-avec-appartement-a-vendre-rostrenen,235 500,Rostrenen 22110,130,2 671,7
"Rostrenen, domaine à vendre",https://www.etreproprio.com/immobilier-23764295-vente-rostrenen-domaine-a-vendre-rostrenen,330 000,Rostrenen 22110,229,40 620,10
Maison rénovée à vendre en centre ville avec appartement t3 indépendant à rostrenen (22) + terrain et dépendances,https://www.etreproprio.com/immobilier-23761181-vente-maison-renovee-a-vendre-en-centre-ville-avec-appartement-t3-independant-a-rostrenen-22-terrain-et-dependances-rostrenen,236 025,Rostrenen 22110,130,2 671,7
"Maison familiale au cœur de rostrenen – espace, potentiel et confort !",https://www.etreproprio.com/immobilier-23623324-vente-maison-familiale-au-coeur-de-rostrenen-espace-potentiel-et-confort-rostrenen,177 000,Rostrenen 22110,167,650,7
Maison à vendre 3 pièces proche de rostrenen (22),https://www.etreproprio.com/immobilier-23573667-vente-maison-a-vendre-3-pieces-proche-de-rostrenen-22-rostrenen,172 500,Rostrenen 22110,72,2 700,3
Maison rostrenen 6 pièce(s) 142 m2,https://www.etreproprio.com/immobilier-23574051-vente-maison-rostrenen-6-pieces-142-m2-rostrenen,152 200,Rostrenen 22110,142,479,6
"Rostrenen, maison à vendre",https://www.etreproprio.com/immobilier-23497336-vente-rostrenen-maison-a-vendre-rostrenen,145 800,Rostrenen 22110,94,1 476,6
Maison 93m² à rostrenen,https://www.etreproprio.com/immobilier-23286513-vente-maison-93m-a-rostrenen-rostrenen,159 000,Rostrenen 22110,93,1 013,4
"Cotes d'armor proche rostrenen, une belle opportunité d'acheter une magnifique maison à côté du canal de nantes-brest",https://www.etreproprio.com/immobilier-23445630-vente-cotes-d-armor-proche-rostrenen-une-belle-opportunite-d-acheter-une-magnifique-maison-a-cote-du-canal-de-nantes-brest-rostrenen,497 000,Rostrenen 22110,418,3 465,15
Superbe longère à finir de rénover,https://www.etreproprio.com/immobilier-22504008-vente-superbe-longere-a-finir-de-renover-rostrenen,165 500,Rostrenen 22110,87,18 360,4
Maison 140m² à rostrenen,https://www.etreproprio.com/immobilier-23337649-vente-maison-140m-a-rostrenen-rostrenen,125 000,Rostrenen 22110,140,1 620,4
élégante maison rénovée avec piscine et grand garage à rostrenen,https://www.etreproprio.com/immobilier-22656270-vente-elegante-maison-renovee-avec-piscine-et-grand-garage-a-rostrenen-rostrenen,299 000,Rostrenen 22110,124,1 459,5
Authentique corps de ferme aux portes de rostrenen: un paradis rural à saisir !,https://www.etreproprio.com/immobilier-23182102-vente-authentique-corps-de-ferme-aux-portes-de-rostrenen-un-paradis-rural-a-saisir-rostrenen,334 000,Rostrenen 22110,226,40 100,7
"Rostrenen, maison de maître à vendre",https://www.etreproprio.com/immobilier-20666489-vente-rostrenen-maison-de-maitre-a-vendre-rostrenen,235 000,Rostrenen 22110,252,554,10
Maison de caractère 252 m² – 6 chambres – jardin – coeur de rostrenen,https://www.etreproprio.com/immobilier-21401780-vente-maison-de-caractere-252-m-6-chambres-jardin-coeur-de-rostrenen-rostrenen,236 000,Rostrenen 22110,252,663,10
Maison 152m² à rostrenen,https://www.etreproprio.com/immobilier-23025936-vente-maison-152m-a-rostrenen-rostrenen,680 000,Rostrenen 22110,152,291 946,6
Maison 156m² à rostrenen,https://www.etreproprio.com/immobilier-22626980-vente-maison-156m-a-rostrenen-rostrenen,680 000,Rostrenen 22110,156,290 000,6
"Rostrenen, maison à vendre",https://www.etreproprio.com/immobilier-22763142-vente-rostrenen-maison-a-vendre-rostrenen,84 800,Rostrenen 22110,130,354,7
Maison 38m² à rouillac,https://www.etreproprio.com/immobilier-22606784-vente-maison-38m-a-rouillac-rouillac,54 000,Rouillac 22250,38,1 680,3
Maison ruca,https://www.etreproprio.com/immobilier-23837639-vente-maison-ruca-ruca,441 000,Ruca 22550,167,2 988,4
Maison 162m² à ruca,https://www.etreproprio.com/immobilier-23768454-vente-maison-162m-a-ruca-ruca,282 000,Ruca 22550,162,1 632,6
Au calme sans vis-a-vis,https://www.etreproprio.com/immobilier-23456625-vente-au-calme-sans-vis-a-vis-ruca,242 000,Ruca 22550,110,2 665,6
A vendre ruca,https://www.etreproprio.com/immobilier-23399043-vente-a-vendre-ruca-ruca,175 750,Ruca 22550,105,908,3
Maison en pierres à ruca,https://www.etreproprio.com/immobilier-22754963-vente-maison-en-pierres-a-ruca-ruca,251 520,Ruca 22550,122,4 000,5
Maison ruca,https://www.etreproprio.com/immobilier-22687361-vente-maison-ruca-ruca,252 000,Ruca 22550,115,4 800,4
Maison ruca,https://www.etreproprio.com/immobilier-22687362-vente-maison-ruca-ruca,283 500,Ruca 22550,162,1 632,7
Maison plain-pied - runan,https://www.etreproprio.com/immobilier-23029782-vente-maison-plain-pied-runan-runan,124 900,Runan 22260,50,,1
Maison  avec vie de plain pied. rostrenen 7 pièce(s) 113 m2,https://www.etreproprio.com/immobilier-22934885-vente-maison-avec-vie-de-plain-pied-rostrenen-7-pieces-113-m2-rostrenen,168 200,Rostrenen 22110,113,1 071,7
Maison 100m² à rostrenen,https://www.etreproprio.com/immobilier-21956094-vente-maison-100m-a-rostrenen-rostrenen,229 000,Rostrenen 22110,100,7 230,4
Maison rostrenen 6 pièce(s) 150 m2,https://www.etreproprio.com/immobilier-22890907-vente-maison-rostrenen-6-pieces-150-m2-rostrenen,157 200,Rostrenen 22110,154,495,6
"Cotes d'armor, proche glomel, manoir avec 2 gîtes et 4 hectares de terrain",https://www.etreproprio.com/immobilier-22653267-vente-cotes-d-armor-proche-glomel-manoir-avec-2-gites-et-4-hectares-de-terrain-rostrenen,453 500,Rostrenen 22110,274,41 711,10
"Rostrenen, maison à vendre",https://www.etreproprio.com/immobilier-20608050-vente-rostrenen-maison-a-vendre-rostrenen,156 000,Rostrenen 22110,173,415,10
"Rostrenen, maison en pierre à vendre",https://www.etreproprio.com/immobilier-22408227-vente-rostrenen-maison-en-pierre-a-vendre-rostrenen,86 000,Rostrenen 22110,96,474,5
Maison de ville avec jardin et garage,https://www.etreproprio.com/immobilier-22373892-vente-maison-de-ville-avec-jardin-et-garage-rostrenen,86 900,Rostrenen 22110,96,484,4
"Côtes d'armor, rostrenen, maison individuelle à finir avec bâtiment attenant",https://www.etreproprio.com/immobilier-21327216-vente-cotes-d-armor-rostrenen-maison-individuelle-a-finir-avec-batiment-attenant-rostrenen,99 500,Rostrenen 22110,106,867,3
Maison 173 m3 4 chambres,https://www.etreproprio.com/immobilier-22043237-vente-maison-173-m3-4-chambres-rostrenen,164 304,Rostrenen 22110,173,415,10
Maison 91 m2 divisée avec rentabilité immédiate à rostrenen,https://www.etreproprio.com/immobilier-21862041-vente-maison-91-m2-divisee-avec-rentabilite-immediate-a-rostrenen-rostrenen,171 000,Rostrenen 22110,92,667,4
"Maison 5 pièces, 104m2, rostrenen (22110)",https://www.etreproprio.com/immobilier-20443102-vente-maison-5-pieces-104m2-rostrenen-22110-rostrenen,113 000,Rostrenen 22110,104,768,5
Maison 218m² à saint-agathon,https://www.etreproprio.com/immobilier-23490852-vente-maison-218m-a-saint-agathon-saint-agathon,499 000,Saint-Agathon 22200,218,2 622,9
Maison 207m² à saint-agathon,https://www.etreproprio.com/immobilier-23017365-vente-maison-207m-a-saint-agathon-saint-agathon,246 900,Saint-Agathon 22200,207,2 955,11
Rare sur le marché - dpt côtes-d'armor (22) - à vendre saint-agathon - maison t6 de 160 m² avec studio indépendant- 4 chambres -,https://www.etreproprio.com/immobilier-22748755-vente-rare-sur-le-marche-dpt-cotes-d-armor-22-a-vendre-saint-agathon-maison-t6-de-160-m-avec-studio-independant-4-chambres-saint-agathon,295 000,Saint-Agathon 22200,156,1 343,6
Maison - saint-agathon,https://www.etreproprio.com/immobilier-22447114-vente-maison-saint-agathon-saint-agathon,213 900,Saint-Agathon 22200,80,1 600,4
Maison - saint-agathon,https://www.etreproprio.com/immobilier-22447113-vente-maison-saint-agathon-saint-agathon,176 900,Saint-Agathon 22200,80,980,4
Maison 115m² à saint-alban,https://www.etreproprio.com/immobilier-22388960-vente-maison-115m-a-saint-alban-saint-alban,370 000,Saint-Alban 22400,115,462,5
Maison 74m² à saint-alban,https://www.etreproprio.com/immobilier-23821483-vente-maison-74m-a-saint-alban-saint-alban,213 000,Saint-Alban 22400,74,1 600,3
Le confort d'aujourd'hui à quelques minutes de la plage du val andré,https://www.etreproprio.com/immobilier-23799878-vente-le-confort-d-aujourd-hui-a-quelques-minutes-de-la-plage-du-val-andre-saint-alban,399 900,Saint-Alban 22400,127,449,6
Maison plain-pied saint alban 4 pièce(s) 73.90 m2,https://www.etreproprio.com/immobilier-23796891-vente-maison-plain-pied-saint-alban-4-pieces-7390-m2-saint-alban,215 250,Saint-Alban 22400,74,1 600,4
Saint-alban terrain constructible + maison de plain-pied,https://www.etreproprio.com/immobilier-23752412-vente-saint-alban-terrain-constructible-maison-de-plain-pied-saint-alban,263 500,Saint-Alban 22400,56,1 571,3
Le confort d'aujourd'hui à quelques minutes de la plage du val andré,https://www.etreproprio.com/immobilier-23747787-vente-le-confort-d-aujourd-hui-a-quelques-minutes-de-la-plage-du-val-andre-saint-alban,399 900,Saint-Alban 22400,126,449,6
Maison en pierres st alban,https://www.etreproprio.com/immobilier-20466898-vente-maison-en-pierres-st-alban-saint-alban,178 500,Saint-Alban 22400,105,837,5
Saint-aban: maison  7 pièce(s),https://www.etreproprio.com/immobilier-23512805-vente-saint-aban-maison-7-pieces-saint-alban,367 500,Saint-Alban 22400,123,447,7
Maison saint alban 5 pièce(s) 112 m2,https://www.etreproprio.com/immobilier-23508053-vente-maison-saint-alban-5-pieces-112-m2-saint-alban,397 500,Saint-Alban 22400,112,440,5
Maison 135m² à saint-alban,https://www.etreproprio.com/immobilier-20314487-vente-maison-135m-a-saint-alban-saint-alban,230 560,Saint-Alban 22400,135,2 100,6
Maison 108m² à saint-alban,https://www.etreproprio.com/immobilier-22595505-vente-maison-108m-a-saint-alban-saint-alban,239 000,Saint-Alban 22400,108,600,7
"St alban 22400. a 10 minutes de pléneuf val andré, longère de 135 m2 habitable",https://www.etreproprio.com/immobilier-22735802-vente-st-alban-22400-a-10-minutes-de-pleneuf-val-andre-longere-de-135-m2-habitable-saint-alban,228 800,Saint-Alban 22400,135,2 100,5
Maison 114m² à saint-alban,https://www.etreproprio.com/immobilier-23306346-vente-maison-114m-a-saint-alban-saint-alban,228 700,Saint-Alban 22400,114,935,5
Maison 113m² à saint-alban,https://www.etreproprio.com/immobilier-21814656-vente-maison-113m-a-saint-alban-saint-alban,199 000,Saint-Alban 22400,113,8 780,5
Maison en pierres proche de la mer rénovée en 1999,https://www.etreproprio.com/immobilier-23224966-vente-maison-en-pierres-proche-de-la-mer-renovee-en-1999-saint-alban,190 000,Saint-Alban 22400,83,1 221,5
Maison saint alban 7 pièce(s) 176 m2,https://www.etreproprio.com/immobilier-20568622-vente-maison-saint-alban-7-pieces-176-m2-saint-alban,332 800,Saint-Alban 22400,176,1 936,7
Saint-alban : maison 4 pièces 82 m2,https://www.etreproprio.com/immobilier-22862677-vente-saint-alban-maison-4-pieces-82-m2-saint-alban,242 650,Saint-Alban 22400,82,518,4
Maison à vendre 7 pièces saint alban (22),https://www.etreproprio.com/immobilier-22076197-vente-maison-a-vendre-7-pieces-saint-alban-22-saint-alban,269 500,Saint-Alban 22400,122,1 341,7
Superbe propriété contemporaine située à saint-alban proche pleneuf val andre,https://www.etreproprio.com/immobilier-22498219-vente-superbe-propriete-contemporaine-situee-a-saint-alban-proche-pleneuf-val-andre-saint-alban,735 000,Saint-Alban 22400,150,,5
Longère  3 pièce(s),https://www.etreproprio.com/immobilier-20591890-vente-longere-3-pieces-saint-alban,132 965,Saint-Alban 22400,80,900,3
Maison 175m² à saint-andre-des-eaux,https://www.etreproprio.com/immobilier-23409176-vente-maison-175m-a-saint-andre-des-eaux-saint-andre-des-eaux,180 000,Saint-Andre-Des-Eaux 22630,175,1 273,7
Maison 87m² à saint-barnabe,https://www.etreproprio.com/immobilier-22412176-vente-maison-87m-a-saint-barnabe-saint-barnabe,90 000,Saint-Barnabe 22600,87,522,6
"Maison à vendre à saint-barnabé, 230 m², 3 chambres",https://www.etreproprio.com/immobilier-23284634-vente-maison-a-vendre-a-saint-barnabe-230-m-3-chambres-saint-barnabe,270 000,Saint-Barnabe 22600,230,,6
"Maison familiale à vendre dans la campagne paisible de saint-barnabé (22600), à proximité de loudéac",https://www.etreproprio.com/immobilier-22525092-vente-maison-familiale-a-vendre-dans-la-campagne-paisible-de-saint-barnabe-22600-a-proximite-de-loudeac-saint-barnabe,179 000,Saint-Barnabe 22600,120,5 389,5
Belle contemporaine à st alban,https://www.etreproprio.com/immobilier-21394747-vente-belle-contemporaine-a-st-alban-saint-alban,497 800,Saint-Alban 22400,182,921,8
"Belle maison familiale de 5 chambres, d'environ 130 m2 habitables sur 7795 m2 de terrain",https://www.etreproprio.com/immobilier-23770844-vente-belle-maison-familiale-de-5-chambres-d-environ-130-m2-habitables-sur-7795-m2-de-terrain-saint-bihy,257 580,Saint-Bihy 22800,130,7 795,6
Maison  7 pièce(s) 147 m2,https://www.etreproprio.com/immobilier-23540317-vente-maison-7-pieces-147-m2-saint-bihy,299 520,Saint-Bihy 22800,147,,7
Maison pleine de charme avec 2 logements,https://www.etreproprio.com/immobilier-23033589-vente-maison-pleine-de-charme-avec-2-logements-saint-bihy,177 140,Saint-Bihy 22800,137,,6
Maison d'habitation avec potentiel commercial,https://www.etreproprio.com/immobilier-23650163-vente-maison-d-habitation-avec-potentiel-commercial-saint-brandan,189 900,Saint-Brandan 22800,270,787,5
Maison saint brandan 6 pièce(s) 110 m2,https://www.etreproprio.com/immobilier-23588533-vente-maison-saint-brandan-6-pieces-110-m2-saint-brandan,163 525,Saint-Brandan 22800,110,700,6
Propriété en pierre sur un parc aboré a saint-brandan  réf : 2025117,https://www.etreproprio.com/immobilier-23549826-vente-propriete-en-pierre-sur-un-parc-abore-a-saint-brandan-ref-2025117-saint-brandan,674 700,Saint-Brandan 22800,275,18 320,9
Maison saint brandan 7 pièce(s) 131 m2,https://www.etreproprio.com/immobilier-23531081-vente-maison-saint-brandan-7-pieces-131-m2-saint-brandan,192 400,Saint-Brandan 22800,131,1 000,7
Maison 54m² à saint-brandan,https://www.etreproprio.com/immobilier-23446509-vente-maison-54m-a-saint-brandan-saint-brandan,125 000,Saint-Brandan 22800,54,611,3
Exclusivité - corps de ferme - saint brandan,https://www.etreproprio.com/immobilier-23372599-vente-exclusivite-corps-de-ferme-saint-brandan-saint-brandan,241 500,Saint-Brandan 22800,67,7 023,3
Maison  6 pièce(s) 95 m2 4chambres,https://www.etreproprio.com/immobilier-23237651-vente-maison-6-pieces-95-m2-4chambres-saint-brandan,177 650,Saint-Brandan 22800,95,730,6
Maison 3 chambres + hangar,https://www.etreproprio.com/immobilier-22783691-vente-maison-3-chambres-hangar-saint-brandan,126 800,Saint-Brandan 22800,76,1 680,5
Propriété équestre - 16 hectares,https://www.etreproprio.com/immobilier-21262625-vente-propriete-equestre-16-hectares-saint-brandan,755 550,Saint-Brandan 22800,210,160 458,12
Saint brieuc plateau central,https://www.etreproprio.com/immobilier-23901678-vente-saint-brieuc-plateau-central-saint-brieuc,215 250,Saint-Brieuc 22000,80,268,5
Maison saint brieuc 6 pièce(s) 130 m2,https://www.etreproprio.com/immobilier-23902372-vente-maison-saint-brieuc-6-pieces-130-m2-saint-brieuc,282 000,Saint-Brieuc 22000,127,666,6
Maison de 6 pièces de 112 m² située à saint-brieuc,https://www.etreproprio.com/immobilier-23897070-vente-maison-de-6-pieces-de-112-m-situee-a-saint-brieuc-saint-brieuc,194 500,Saint-Brieuc 22000,112,112,6
Maison 3 chambres,https://www.etreproprio.com/immobilier-23357834-vente-maison-3-chambres-saint-brieuc,250 000,Saint-Brieuc 22000,81,108,5
Maison 5 pièces - 3 chambres - garage - jardin - terrasse,https://www.etreproprio.com/immobilier-23782806-vente-maison-5-pieces-3-chambres-garage-jardin-terrasse-saint-brieuc,180 000,Saint-Brieuc 22000,82,267,5
Maison 198m² à saint-brieuc,https://www.etreproprio.com/immobilier-23890419-vente-maison-198m-a-saint-brieuc-saint-brieuc,425 001,Saint-Brieuc 22000,198,150,11
Saint-brieuc - une belle opportunité pour cette charmante ma,https://www.etreproprio.com/immobilier-23895664-vente-saint-brieuc-une-belle-opportunite-pour-cette-charmante-ma-saint-brieuc,262 250,Saint-Brieuc 22000,148,800,7
Maison 80m² à saint-brieuc,https://www.etreproprio.com/immobilier-23893229-vente-maison-80m-a-saint-brieuc-saint-brieuc,207 500,Saint-Brieuc 22000,80,268,5
Maison de plain pied / secteur saint brieuc / deux chambres,https://www.etreproprio.com/immobilier-23888002-vente-maison-de-plain-pied-secteur-saint-brieuc-deux-chambres-saint-brieuc,172 425,Saint-Brieuc 22000,73,298,3
Jolie maison sur le secteur de robien,https://www.etreproprio.com/immobilier-23632685-vente-jolie-maison-sur-le-secteur-de-robien-saint-brieuc,221 800,Saint-Brieuc 22000,93,,6
Maison 211m² à saint-brieuc,https://www.etreproprio.com/immobilier-23882637-vente-maison-211m-a-saint-brieuc-saint-brieuc,322 000,Saint-Brieuc 22000,211,729,9
Maison 155m² à saint-brieuc,https://www.etreproprio.com/immobilier-23877962-vente-maison-155m-a-saint-brieuc-saint-brieuc,279 880,Saint-Brieuc 22000,155,300,6
Exclusivite - maison,https://www.etreproprio.com/immobilier-23887601-vente-exclusivite-maison-saint-brieuc,186 025,Saint-Brieuc 22000,110,176,6
"Coup de coeur saint-brieuc ! le charme des années 30, cachet et volume en coeur de ville",https://www.etreproprio.com/immobilier-23873301-vente-coup-de-coeur-saint-brieuc-le-charme-des-annees-30-cachet-et-volume-en-coeur-de-ville-saint-brieuc,263 250,Saint-Brieuc 22000,142,365,7
"Coup de coeur saint-brieuc ! le charme des années 30, cachet et volume en coeur de ville",https://www.etreproprio.com/immobilier-23875090-vente-coup-de-coeur-saint-brieuc-le-charme-des-annees-30-cachet-et-volume-en-coeur-de-ville-saint-brieuc,263 250,Saint-Brieuc 22000,142,365,7
Saint-brieuc - charmante maison de style avec 5 chambres !,https://www.etreproprio.com/immobilier-23855678-vente-saint-brieuc-charmante-maison-de-style-avec-5-chambres-saint-brieuc,159 003,Saint-Brieuc 22000,130,278,8
Vente maison saint-brieuc(22000) 193 700ï¿œ,https://www.etreproprio.com/immobilier-23852164-vente-vente-maison-saint-brieuc22000-193-700i-oe-saint-brieuc,193 700,Saint-Brieuc 22000,123,196,5
Maison en pierre - sans mitoyenneté - proche toutes commodités et gare tgv,https://www.etreproprio.com/immobilier-23851197-vente-maison-en-pierre-sans-mitoyennete-proche-toutes-commodites-et-gare-tgv-saint-brieuc,,,,,
Maison 90m² à saint-brieuc,https://www.etreproprio.com/immobilier-23850631-vente-maison-90m-a-saint-brieuc-saint-brieuc,176 900,Saint-Brieuc 22000,90,275,4
"Maison de ville rénovée, 216m2 de terrain",https://www.etreproprio.com/immobilier-23587623-vente-maison-de-ville-renovee-216m2-de-terrain-saint-brieuc,300 000,Saint-Brieuc 22000,150,216,5
Maison 117m² à saint-caradec,https://www.etreproprio.com/immobilier-23891512-vente-maison-117m-a-saint-caradec-saint-caradec,136 500,Saint-Caradec 22600,117,256,6
Maison 91m² à saint-caradec,https://www.etreproprio.com/immobilier-23741517-vente-maison-91m-a-saint-caradec-saint-caradec,110 000,Saint-Caradec 22600,91,833,6
Maison 68m² à saint-caradec,https://www.etreproprio.com/immobilier-23558404-vente-maison-68m-a-saint-caradec-saint-caradec,,,,,
Maison 277m² à saint-caradec,https://www.etreproprio.com/immobilier-23479266-vente-maison-277m-a-saint-caradec-saint-caradec,361 800,Saint-Caradec 22600,277,5 347,11
Maison 91m² à saint-caradec,https://www.etreproprio.com/immobilier-22917879-vente-maison-91m-a-saint-caradec-saint-caradec,112 980,Saint-Caradec 22600,91,833,5
Maison 113m² à saint-caradec,https://www.etreproprio.com/immobilier-22578312-vente-maison-113m-a-saint-caradec-saint-caradec,81 000,Saint-Caradec 22600,113,423,6
Maison 100m² à saint-caradec,https://www.etreproprio.com/immobilier-22953490-vente-maison-100m-a-saint-caradec-saint-caradec,154 000,Saint-Caradec 22600,100,1 107,5
Maison 85m² à saint-caradec,https://www.etreproprio.com/immobilier-22765196-vente-maison-85m-a-saint-caradec-saint-caradec,145 000,Saint-Caradec 22600,85,1 024,4
Maison a renover saint-caradec centre bretagne,https://www.etreproprio.com/immobilier-21599102-vente-maison-a-renover-saint-caradec-centre-bretagne-saint-caradec,85 000,Saint-Caradec 22600,200,,8
Maison 112m² à saint-caradec,https://www.etreproprio.com/immobilier-20904613-vente-maison-112m-a-saint-caradec-saint-caradec,75 000,Saint-Caradec 22600,112,270,4
Maison a vendre saint-carne (22100) - 5 pieces,https://www.etreproprio.com/immobilier-23499506-vente-maison-a-vendre-saint-carne-22100-5-pieces-saint-carne,139 870,Saint-Carne 22100,94,865,5
Maison contemporaine à proximité de dinan,https://www.etreproprio.com/immobilier-22641342-vente-maison-contemporaine-a-proximite-de-dinan-saint-carne,319 900,Saint-Carne 22100,115,,5
Maison saint-samson-sur-rance 94 m2,https://www.etreproprio.com/immobilier-23279910-vente-maison-saint-samson-sur-rance-94-m2-saint-carne,485 925,Saint-Carne 22100,94,1 489,5
Vente maison saint-carne(22100) 344 500ï¿œ,https://www.etreproprio.com/immobilier-22533505-vente-vente-maison-saint-carne22100-344-500i-oe-saint-carne,344 500,Saint-Carne 22100,125,905,7
Vente maison saint-carne(22100) 192 600ï¿œ,https://www.etreproprio.com/immobilier-21615968-vente-vente-maison-saint-carne22100-192-600i-oe-saint-carne,192 600,Saint-Carne 22100,79,817,3
Notre-dame : votre prochain coup de coeur se trouve ici,https://www.etreproprio.com/immobilier-23850761-vente-notre-dame-votre-prochain-coup-de-coeur-se-trouve-ici-saint-brieuc,201 150,Saint-Brieuc 22000,77,179,5
Maison 170m² à saint-brieuc,https://www.etreproprio.com/immobilier-23850429-vente-maison-170m-a-saint-brieuc-saint-brieuc,365 000,Saint-Brieuc 22000,170,616,8
Notre-dame : votre prochain coup de coeur se trouve ici,https://www.etreproprio.com/immobilier-23849758-vente-notre-dame-votre-prochain-coup-de-coeur-se-trouve-ici-saint-brieuc,201 150,Saint-Brieuc 22000,78,179,5
Maison composée d'un appartement à saint brieuc (22),https://www.etreproprio.com/immobilier-23851376-vente-maison-composee-d-un-appartement-a-saint-brieuc-22-saint-brieuc,231 000,Saint-Brieuc 22000,144,222,8
Maison à vendre 7 pièces saint brieuc (22),https://www.etreproprio.com/immobilier-22939289-vente-maison-a-vendre-7-pieces-saint-brieuc-22-saint-brieuc,205 000,Saint-Brieuc 22000,140,434,7
Maison de ville avec jardin et garage,https://www.etreproprio.com/immobilier-23535837-vente-maison-de-ville-avec-jardin-et-garage-saint-brieuc,193 880,Saint-Brieuc 22000,132,196,6
Saint brieuc proche gare maison de 120.18 m2,https://www.etreproprio.com/immobilier-23840519-vente-saint-brieuc-proche-gare-maison-de-12018-m2-saint-brieuc,210 000,Saint-Brieuc 22000,110,561,6
Maison familiale rénovée avec jardin   quartier sainte-thérèse à saint-brieuc,https://www.etreproprio.com/immobilier-23551985-vente-maison-familiale-renovee-avec-jardin-quartier-sainte-therese-a-saint-brieuc-saint-brieuc,300 000,Saint-Brieuc 22000,150,216,6
Maison atypique et beaux volumes proche st-brieuc centre.,https://www.etreproprio.com/immobilier-23820783-vente-maison-atypique-et-beaux-volumes-proche-st-brieuc-centre-saint-brieuc,313 000,Saint-Brieuc 22000,167,223,7
Maison 98m² à saint-brieuc,https://www.etreproprio.com/immobilier-23821711-vente-maison-98m-a-saint-brieuc-saint-brieuc,180 000,Saint-Brieuc 22000,98,670,5
Maison atypique et beaux volumes proche st-brieuc centre,https://www.etreproprio.com/immobilier-23813347-vente-maison-atypique-et-beaux-volumes-proche-st-brieuc-centre-saint-brieuc,313 000,Saint-Brieuc 22000,167,223,7
Rare sur le marché : maison de caractère sur plus de 1 100 m² de terrain clos,https://www.etreproprio.com/immobilier-23747795-vente-rare-sur-le-marche-maison-de-caractere-sur-plus-de-1-100-m-de-terrain-clos-saint-brieuc,279 380,Saint-Brieuc 22000,141,1 122,5
Maison en pierre - sans mitoyenneté - proche toutes commodités et gare tgv,https://www.etreproprio.com/immobilier-23787504-vente-maison-en-pierre-sans-mitoyennete-proche-toutes-commodites-et-gare-tgv-saint-brieuc,618 000,Saint-Brieuc 22000,241,447,10
Maison 122m² à saint-brieuc,https://www.etreproprio.com/immobilier-23780647-vente-maison-122m-a-saint-brieuc-saint-brieuc,243 000,Saint-Brieuc 22000,122,,5
Vente maison saint-brieuc(22000) 211 600ï¿œ,https://www.etreproprio.com/immobilier-23777945-vente-vente-maison-saint-brieuc22000-211-600i-oe-saint-brieuc,211 600,Saint-Brieuc 22000,112,153,5
Maison de ville des années 30 avec jardin et garage,https://www.etreproprio.com/immobilier-23777177-vente-maison-de-ville-des-annees-30-avec-jardin-et-garage-saint-brieuc,317 169,Saint-Brieuc 22000,160,358,6
Maison d'architecte quartier saint-michel,https://www.etreproprio.com/immobilier-23761427-vente-maison-d-architecte-quartier-saint-michel-saint-brieuc,467 550,Saint-Brieuc 22000,160,668,5
Maison 94m² à saint-brieuc,https://www.etreproprio.com/immobilier-23578573-vente-maison-94m-a-saint-brieuc-saint-brieuc,190 000,Saint-Brieuc 22000,94,468,4
Maison saint-brieuc 6 pièce(s) 172 m2,https://www.etreproprio.com/immobilier-23766682-vente-maison-saint-brieuc-6-pieces-172-m2-saint-brieuc,397 000,Saint-Brieuc 22000,172,178,6
Maison entièrement rénovée - centre ville de saint-brieuc,https://www.etreproprio.com/immobilier-23747785-vente-maison-entierement-renovee-centre-ville-de-saint-brieuc-saint-brieuc,199 597,Saint-Brieuc 22000,65,56,4
Maison 218m² à saint-carreuc,https://www.etreproprio.com/immobilier-23391430-vente-maison-218m-a-saint-carreuc-saint-carreuc,422 300,Saint-Carreuc 22150,218,2 450,9
Vente maison saint-carreuc(22150) 134 940ï¿œ,https://www.etreproprio.com/immobilier-23520603-vente-vente-maison-saint-carreuc22150-134-940i-oe-saint-carreuc,,,,,
Maison 139m² à saint-carreuc,https://www.etreproprio.com/immobilier-23446890-vente-maison-139m-a-saint-carreuc-saint-carreuc,285 000,Saint-Carreuc 22150,139,1 390,5
Maison 126m² à saint-carreuc,https://www.etreproprio.com/immobilier-23390098-vente-maison-126m-a-saint-carreuc-saint-carreuc,263 000,Saint-Carreuc 22150,126,948,6
Maison 126m² à saint-carreuc,https://www.etreproprio.com/immobilier-23390135-vente-maison-126m-a-saint-carreuc-saint-carreuc,299 000,Saint-Carreuc 22150,126,1 447,6
Maison 113m² à saint-carreuc,https://www.etreproprio.com/immobilier-23332017-vente-maison-113m-a-saint-carreuc-saint-carreuc,135 000,Saint-Carreuc 22150,113,649,4
Vente maison saint-carreuc(22150) 166 890ï¿œ,https://www.etreproprio.com/immobilier-22199000-vente-vente-maison-saint-carreuc22150-166-890i-oe-saint-carreuc,166 890,Saint-Carreuc 22150,86,163,4
Vente maison saint-carreuc(22150) 230 950ï¿œ,https://www.etreproprio.com/immobilier-22678969-vente-vente-maison-saint-carreuc22150-230-950i-oe-saint-carreuc,230 950,Saint-Carreuc 22150,123,961,6
Maison longère à vendre à saint carreuc (22),https://www.etreproprio.com/immobilier-20853099-vente-maison-longere-a-vendre-a-saint-carreuc-22-saint-carreuc,110 900,Saint-Carreuc 22150,82,780,4
Petite maison pleine de charme dans le bourg de notre dame du guildo,https://www.etreproprio.com/immobilier-22496754-vente-petite-maison-pleine-de-charme-dans-le-bourg-de-notre-dame-du-guildo-saint-cast-le-guildo,191 500,Saint-Cast-Le-Guildo 22380,55,425,3
Résidence de charme avec vaste jardin paysager !,https://www.etreproprio.com/immobilier-23108596-vente-residence-de-charme-avec-vaste-jardin-paysager-saint-cast-le-guildo,735 000,Saint-Cast-Le-Guildo 22380,179,2 087,6
Saint-cast à proximité des plages et des commerces maison indépendante terrain de 662m2,https://www.etreproprio.com/immobilier-20771071-vente-saint-cast-a-proximite-des-plages-et-des-commerces-maison-independante-terrain-de-662m2-saint-cast-le-guildo,376 200,Saint-Cast-Le-Guildo 22380,74,662,4
Maison 69m² à saint-cast-le-guildo,https://www.etreproprio.com/immobilier-23850010-vente-maison-69m-a-saint-cast-le-guildo-saint-cast-le-guildo,255 000,Saint-Cast-Le-Guildo 22380,69,416,4
Charmante maison néo-bretonne avec véranda à saint cast le guildo,https://www.etreproprio.com/immobilier-23837640-vente-charmante-maison-neo-bretonne-avec-veranda-a-saint-cast-le-guildo-saint-cast-le-guildo,273 000,Saint-Cast-Le-Guildo 22380,100,2 412,5
Maison 196m² à saint-cast-le-guildo,https://www.etreproprio.com/immobilier-23825644-vente-maison-196m-a-saint-cast-le-guildo-saint-cast-le-guildo,465 300,Saint-Cast-Le-Guildo 22380,196,1 052,8
Saint cast le guildo,https://www.etreproprio.com/immobilier-23825619-vente-saint-cast-le-guildo-saint-cast-le-guildo,441 000,Saint-Cast-Le-Guildo 22380,87,913,5
Maison 196m² à saint-cast-le-guildo,https://www.etreproprio.com/immobilier-23606181-vente-maison-196m-a-saint-cast-le-guildo-saint-cast-le-guildo,472 500,Saint-Cast-Le-Guildo 22380,196,1 052,6
St cast a environ 10 mn a pied des plages maison renovee 2 chambres,https://www.etreproprio.com/immobilier-23781931-vente-st-cast-a-environ-10-mn-a-pied-des-plages-maison-renovee-2-chambres-saint-cast-le-guildo,262 500,Saint-Cast-Le-Guildo 22380,74,302,4
"Saint cast le guildo - maison avec terrain de 1300 m2, dont 300 m2 constructible, à saint-cast-le-guildo",https://www.etreproprio.com/immobilier-23774258-vente-saint-cast-le-guildo-maison-avec-terrain-de-1300-m2-dont-300-m2-constructible-a-saint-cast-le-guildo-saint-cast-le-guildo,157 200,Saint-Cast-Le-Guildo 22380,22,1 300,2
Maison 107m² à saint-cast-le-guildo,https://www.etreproprio.com/immobilier-23731459-vente-maison-107m-a-saint-cast-le-guildo-saint-cast-le-guildo,465 000,Saint-Cast-Le-Guildo 22380,107,1 000,5
Maison 43m² à saint-cast-le-guildo,https://www.etreproprio.com/immobilier-23459481-vente-maison-43m-a-saint-cast-le-guildo-saint-cast-le-guildo,198 000,Saint-Cast-Le-Guildo 22380,43,,3
Maison 72m² à saint-cast-le-guildo,https://www.etreproprio.com/immobilier-23674066-vente-maison-72m-a-saint-cast-le-guildo-saint-cast-le-guildo,227 900,Saint-Cast-Le-Guildo 22380,72,1 570,6
Maison 193m² à saint-cast-le-guildo,https://www.etreproprio.com/immobilier-22553271-vente-maison-193m-a-saint-cast-le-guildo-saint-cast-le-guildo,309 900,Saint-Cast-Le-Guildo 22380,193,525,6
"Saint cast le guildo, agréable maison de ville 2 chambres dans la bourg",https://www.etreproprio.com/immobilier-23635135-vente-saint-cast-le-guildo-agreable-maison-de-ville-2-chambres-dans-la-bourg-saint-cast-le-guildo,199 000,Saint-Cast-Le-Guildo 22380,40,,3
Maison 72m² à saint-cast-le-guildo,https://www.etreproprio.com/immobilier-23679304-vente-maison-72m-a-saint-cast-le-guildo-saint-cast-le-guildo,228 000,Saint-Cast-Le-Guildo 22380,72,1 600,5
Maison 193m² à saint-cast-le-guildo,https://www.etreproprio.com/immobilier-23669606-vente-maison-193m-a-saint-cast-le-guildo-saint-cast-le-guildo,516 000,Saint-Cast-Le-Guildo 22380,193,4 370,7
Saint cast le guildo - maison en pierre pleine de charme au cœur de la station balnéaire,https://www.etreproprio.com/immobilier-23654056-vente-saint-cast-le-guildo-maison-en-pierre-pleine-de-charme-au-coeur-de-la-station-balneaire-saint-cast-le-guildo,574 750,Saint-Cast-Le-Guildo 22380,91,950,5
Saint cast le guildo- charmante maison bretonne,https://www.etreproprio.com/immobilier-22318719-vente-saint-cast-le-guildo-charmante-maison-bretonne-saint-cast-le-guildo,433 250,Saint-Cast-Le-Guildo 22380,99,545,5
Saint cast le guildo,https://www.etreproprio.com/immobilier-23614279-vente-saint-cast-le-guildo-saint-cast-le-guildo,840 000,Saint-Cast-Le-Guildo 22380,156,2 027,7
Saint-brieuc : vie de plain-pied quartier saint-michel,https://www.etreproprio.com/immobilier-23747786-vente-saint-brieuc-vie-de-plain-pied-quartier-saint-michel-saint-brieuc,313 500,Saint-Brieuc 22000,134,404,7
Coup de coeur / hyper centre,https://www.etreproprio.com/immobilier-23747802-vente-coup-de-coeur-hyper-centre-saint-brieuc,704 800,Saint-Brieuc 22000,193,292,8
Le charme de l'atypique en plein saint-brieuc !,https://www.etreproprio.com/immobilier-23747794-vente-le-charme-de-l-atypique-en-plein-saint-brieuc-saint-brieuc,199 650,Saint-Brieuc 22000,73,82,4
Vente maison saint-brieuc(22000) 273 000ï¿œ,https://www.etreproprio.com/immobilier-23744780-vente-vente-maison-saint-brieuc22000-273-000i-oe-saint-brieuc,273 000,Saint-Brieuc 22000,109,341,6
Saint-brieuc - quartier beauvallon,https://www.etreproprio.com/immobilier-23747797-vente-saint-brieuc-quartier-beauvallon-saint-brieuc,279 880,Saint-Brieuc 22000,154,300,5
Maison 132m² à saint-brieuc,https://www.etreproprio.com/immobilier-23746212-vente-maison-132m-a-saint-brieuc-saint-brieuc,210 000,Saint-Brieuc 22000,132,369,5
Maison individuelle,https://www.etreproprio.com/immobilier-23743994-vente-maison-individuelle-saint-brieuc,205 000,Saint-Brieuc 22000,112,124,6
Charmante maison à 2 minute de la gare de saint-brieuc,https://www.etreproprio.com/immobilier-23728762-vente-charmante-maison-a-2-minute-de-la-gare-de-saint-brieuc-saint-brieuc,127 200,Saint-Brieuc 22000,40,26,3
Maison 94m² à saint-brieuc,https://www.etreproprio.com/immobilier-23259895-vente-maison-94m-a-saint-brieuc-saint-brieuc,279 000,Saint-Brieuc 22000,94,533,5
Maison de ville avec terrasse et petit jardin,https://www.etreproprio.com/immobilier-23706076-vente-maison-de-ville-avec-terrasse-et-petit-jardin-saint-brieuc,374 990,Saint-Brieuc 22000,207,150,8
"Une maison, une famille, des projets de vie !",https://www.etreproprio.com/immobilier-23706832-vente-une-maison-une-famille-des-projets-de-vie-saint-brieuc,299 250,Saint-Brieuc 22000,176,,7
Maison de charme avec garage et jardin a deux pas de la gare tgv st-brieuc  réf : 2025127,https://www.etreproprio.com/immobilier-23693053-vente-maison-de-charme-avec-garage-et-jardin-a-deux-pas-de-la-gare-tgv-st-brieuc-ref-2025127-saint-brieuc,275 573,Saint-Brieuc 22000,105,133,5
Maison de ville sur 276m2 de terrain clos,https://www.etreproprio.com/immobilier-23386460-vente-maison-de-ville-sur-276m2-de-terrain-clos-saint-brieuc,256 025,Saint-Brieuc 22000,119,276,5
Maison familiale 7 pièces   quartier saint-michel,https://www.etreproprio.com/immobilier-23683395-vente-maison-familiale-7-pieces-quartier-saint-michel-saint-brieuc,341 000,Saint-Brieuc 22000,150,323,7
Maison saint-brieuc,https://www.etreproprio.com/immobilier-23687860-vente-maison-saint-brieuc-saint-brieuc,284 175,Saint-Brieuc 22000,107,435,5
"À saint-brieuc : maison familiale avec jardin arboré et vue dégagée, proche plage et commerces  réf : 2025126",https://www.etreproprio.com/immobilier-23680490-vente-a-saint-brieuc-maison-familiale-avec-jardin-arbore-et-vue-degagee-proche-plage-et-commerces-ref-2025126-saint-brieuc,499 152,Saint-Brieuc 22000,180,2 904,6
Maison 87m² à saint-brieuc,https://www.etreproprio.com/immobilier-23678924-vente-maison-87m-a-saint-brieuc-saint-brieuc,193 500,Saint-Brieuc 22000,87,160,5
Maison 74m² à saint-brieuc,https://www.etreproprio.com/immobilier-23423263-vente-maison-74m-a-saint-brieuc-saint-brieuc,199 000,Saint-Brieuc 22000,74,82,3
Maison de ville 5 chambres et jardin,https://www.etreproprio.com/immobilier-23654487-vente-maison-de-ville-5-chambres-et-jardin-saint-brieuc,399 321,Saint-Brieuc 22000,175,206,8
Vente maison saint-brieuc(22000) 450 000ï¿œ,https://www.etreproprio.com/immobilier-23657734-vente-vente-maison-saint-brieuc22000-450-000i-oe-saint-brieuc,450 000,Saint-Brieuc 22000,179,255,6
Maison saint clet 4 pièces 112 m2,https://www.etreproprio.com/immobilier-23870697-vente-maison-saint-clet-4-pieces-112-m2-saint-clet,289 000,Saint-Clet 22260,112,18 520,4
Maison 112m² à saint-clet,https://www.etreproprio.com/immobilier-23337303-vente-maison-112m-a-saint-clet-saint-clet,289 000,Saint-Clet 22260,112,19 000,5
Maison 90m² à saint-brieuc,https://www.etreproprio.com/immobilier-22115392-vente-maison-90m-a-saint-brieuc-saint-brieuc,159 000,Saint-Brieuc 22000,90,736,5
Un jardin à saint-michel !,https://www.etreproprio.com/immobilier-23381070-vente-un-jardin-a-saint-michel-saint-brieuc,364 000,Saint-Brieuc 22000,155,265,7
Maison 152m² à saint-brieuc,https://www.etreproprio.com/immobilier-23304458-vente-maison-152m-a-saint-brieuc-saint-brieuc,323 000,Saint-Brieuc 22000,152,400,6
Maison 193m² à saint-brieuc,https://www.etreproprio.com/immobilier-23043751-vente-maison-193m-a-saint-brieuc-saint-brieuc,291 760,Saint-Brieuc 22000,193,747,7
Exclusivité ! maison de 106 m2 saint-brieuc,https://www.etreproprio.com/immobilier-23610773-vente-exclusivite-maison-de-106-m2-saint-brieuc-saint-brieuc,231 000,Saint-Brieuc 22000,106,296,5
Maison entièrement rénovée - centre ville de saint-brieuc,https://www.etreproprio.com/immobilier-23612299-vente-maison-entierement-renovee-centre-ville-de-saint-brieuc-saint-brieuc,199 597,Saint-Brieuc 22000,65,56,4
Maison cocooning avec terrasse   quartier saint-michel à saint-brieuc,https://www.etreproprio.com/immobilier-23615672-vente-maison-cocooning-avec-terrasse-quartier-saint-michel-a-saint-brieuc-saint-brieuc,250 000,Saint-Brieuc 22000,104,179,4
Saint-brieuc - maison/appartement en duplex avec jardin et terrasse,https://www.etreproprio.com/immobilier-23599416-vente-saint-brieuc-maisonappartement-en-duplex-avec-jardin-et-terrasse-saint-brieuc,279 310,Saint-Brieuc 22000,133,,5
Maison saint brieuc 7 pièce(s) 121 m2,https://www.etreproprio.com/immobilier-23600254-vente-maison-saint-brieuc-7-pieces-121-m2-saint-brieuc,263 125,Saint-Brieuc 22000,121,226,7
Maison saint brieuc 6 pièce(s) 125 m2,https://www.etreproprio.com/immobilier-23600256-vente-maison-saint-brieuc-6-pieces-125-m2-saint-brieuc,363 750,Saint-Brieuc 22000,125,45,6
Maison de ville de 190 m² avec garage et patio,https://www.etreproprio.com/immobilier-22983334-vente-maison-de-ville-de-190-m-avec-garage-et-patio-saint-brieuc,383 720,Saint-Brieuc 22000,188,242,5
Maison saint brieuc 9 pièce(s) 211 m2,https://www.etreproprio.com/immobilier-23593719-vente-maison-saint-brieuc-9-pieces-211-m2-saint-brieuc,322 400,Saint-Brieuc 22000,211,729,9
Maison 96m² à saint-brieuc,https://www.etreproprio.com/immobilier-23595743-vente-maison-96m-a-saint-brieuc-saint-brieuc,249 000,Saint-Brieuc 22000,96,423,5
Maison saint brieuc 9 pièce(s) 116 m²,https://www.etreproprio.com/immobilier-23590378-vente-maison-saint-brieuc-9-pieces-116-m-saint-brieuc,180 000,Saint-Brieuc 22000,116,545,9
Maison 92m² à saint-brieuc,https://www.etreproprio.com/immobilier-23576841-vente-maison-92m-a-saint-brieuc-saint-brieuc,199 975,Saint-Brieuc 22000,92,,6
"Maison rénovée en 2019, garage, jardin clos",https://www.etreproprio.com/immobilier-23578641-vente-maison-renovee-en-2019-garage-jardin-clos-saint-brieuc,348 365,Saint-Brieuc 22000,157,333,7
Maison traditionnelle sur 666 m² de terrain clos,https://www.etreproprio.com/immobilier-22318333-vente-maison-traditionnelle-sur-666-m-de-terrain-clos-saint-brieuc,280 060,Saint-Brieuc 22000,130,666,6
Superbe maison de ville,https://www.etreproprio.com/immobilier-22980640-vente-superbe-maison-de-ville-saint-brieuc,209 500,Saint-Brieuc 22000,90,200,4
Maison 5 pièces sur sous sol avec grand garage supplémentaire à vendre  saint brieuc (22),https://www.etreproprio.com/immobilier-23552169-vente-maison-5-pieces-sur-sous-sol-avec-grand-garage-supplementaire-a-vendre-saint-brieuc-22-saint-brieuc,235 350,Saint-Brieuc 22000,97,764,5
Plein soleil,https://www.etreproprio.com/immobilier-23539953-vente-plein-soleil-saint-brieuc,397 100,Saint-Brieuc 22000,161,340,6
Maison 193m² à saint-cast-le-guildo,https://www.etreproprio.com/immobilier-22265989-vente-maison-193m-a-saint-cast-le-guildo-saint-cast-le-guildo,309 900,Saint-Cast-Le-Guildo 22380,193,525,5
Maison 42m² à saint-cast-le-guildo,https://www.etreproprio.com/immobilier-23532423-vente-maison-42m-a-saint-cast-le-guildo-saint-cast-le-guildo,199 000,Saint-Cast-Le-Guildo 22380,42,46,3
Maison 172m² à saint-cast-le-guildo,https://www.etreproprio.com/immobilier-23520257-vente-maison-172m-a-saint-cast-le-guildo-saint-cast-le-guildo,894 737,Saint-Cast-Le-Guildo 22380,173,920,7
Saint cast le guildo - maison en pierre 5 pièces,https://www.etreproprio.com/immobilier-23519811-vente-saint-cast-le-guildo-maison-en-pierre-5-pieces-saint-cast-le-guildo,482 080,Saint-Cast-Le-Guildo 22380,94,793,5
Maison 98m² à saint-cast-le-guildo,https://www.etreproprio.com/immobilier-23500519-vente-maison-98m-a-saint-cast-le-guildo-saint-cast-le-guildo,433 250,Saint-Cast-Le-Guildo 22380,99,545,5
Maison 6 pièces de 58 m2 située dans une impasse au calme saint cast le guildo,https://www.etreproprio.com/immobilier-22259212-vente-maison-6-pieces-de-58-m2-situee-dans-une-impasse-au-calme-saint-cast-le-guildo-saint-cast-le-guildo,192 400,Saint-Cast-Le-Guildo 22380,58,118,6
Maison 74m² à saint-cast-le-guildo,https://www.etreproprio.com/immobilier-23466384-vente-maison-74m-a-saint-cast-le-guildo-saint-cast-le-guildo,372 000,Saint-Cast-Le-Guildo 22380,74,662,4
Ker loved - maison contemporaine face au golf et à la plage de pen guen,https://www.etreproprio.com/immobilier-21731215-vente-ker-loved-maison-contemporaine-face-au-golf-et-a-la-plage-de-pen-guen-saint-cast-le-guildo,682 000,Saint-Cast-Le-Guildo 22380,150,4 494,6
Saint cast le guildo maison en pierres de 122 m²,https://www.etreproprio.com/immobilier-20983287-vente-saint-cast-le-guildo-maison-en-pierres-de-122-m-saint-cast-le-guildo,359 900,Saint-Cast-Le-Guildo 22380,122,5 389,
Maison 147m² à saint-cast-le-guildo,https://www.etreproprio.com/immobilier-22273074-vente-maison-147m-a-saint-cast-le-guildo-saint-cast-le-guildo,682 000,Saint-Cast-Le-Guildo 22380,148,3 879,6
Maison familiale secteur pen guen,https://www.etreproprio.com/immobilier-23456624-vente-maison-familiale-secteur-pen-guen-saint-cast-le-guildo,324 800,Saint-Cast-Le-Guildo 22380,101,510,5
Belle demeure en pierre à 50 mètre de la grande plage à st cast le guildo.,https://www.etreproprio.com/immobilier-23456626-vente-belle-demeure-en-pierre-a-50-metre-de-la-grande-plage-a-st-cast-le-guildo-saint-cast-le-guildo,844 190,Saint-Cast-Le-Guildo 22380,175,592,8
Maison 105m² à saint-cast-le-guildo,https://www.etreproprio.com/immobilier-22924230-vente-maison-105m-a-saint-cast-le-guildo-saint-cast-le-guildo,465 300,Saint-Cast-Le-Guildo 22380,105,1 000,5
Maison 127m² à saint-cast-le-guildo,https://www.etreproprio.com/immobilier-23440899-vente-maison-127m-a-saint-cast-le-guildo-saint-cast-le-guildo,482 080,Saint-Cast-Le-Guildo 22380,128,2 067,4
Saint cast le guildo - belle villa proche du golf et de la plage de pen guen,https://www.etreproprio.com/immobilier-21765020-vente-saint-cast-le-guildo-belle-villa-proche-du-golf-et-de-la-plage-de-pen-guen-saint-cast-le-guildo,682 000,Saint-Cast-Le-Guildo 22380,148,4 494,5
Maison 99m² à saint-cast-le-guildo,https://www.etreproprio.com/immobilier-23434122-vente-maison-99m-a-saint-cast-le-guildo-saint-cast-le-guildo,399 000,Saint-Cast-Le-Guildo 22380,99,,6
À vendre   maison familiale proche mer à saint-cast-le-guildo,https://www.etreproprio.com/immobilier-22303685-vente-a-vendre-maison-familiale-proche-mer-a-saint-cast-le-guildo-saint-cast-le-guildo,472 500,Saint-Cast-Le-Guildo 22380,105,1 000,5
Saint cast le guildo - villa bord de mer 7 pièces,https://www.etreproprio.com/immobilier-22157345-vente-saint-cast-le-guildo-villa-bord-de-mer-7-pieces-saint-cast-le-guildo,917 000,Saint-Cast-Le-Guildo 22380,179,766,7
Maison 277m² à saint-cast-le-guildo,https://www.etreproprio.com/immobilier-21803964-vente-maison-277m-a-saint-cast-le-guildo-saint-cast-le-guildo,674 990,Saint-Cast-Le-Guildo 22380,277,2 022,9
Saint cast le guildo - maison d'habitation 4 pièces .,https://www.etreproprio.com/immobilier-23328193-vente-saint-cast-le-guildo-maison-d-habitation-4-pieces-saint-cast-le-guildo,207 504,Saint-Cast-Le-Guildo 22380,94,767,4
Maison 145m² à saint-connan,https://www.etreproprio.com/immobilier-22332377-vente-maison-145m-a-saint-connan-saint-connan,280 000,Saint-Connan 22480,145,27 415,5
"Maison traditionnelle , terrain clos 1100m2",https://www.etreproprio.com/immobilier-23535839-vente-maison-traditionnelle-terrain-clos-1100m2-saint-brieuc,199 906,Saint-Brieuc 22000,145,1 101,5
Maison 123m² à saint-brieuc,https://www.etreproprio.com/immobilier-23513952-vente-maison-123m-a-saint-brieuc-saint-brieuc,239 000,Saint-Brieuc 22000,123,465,6
"Maison de ville en pierre a saint-brieuc, saint-michel  réf : 2025114",https://www.etreproprio.com/immobilier-23492650-vente-maison-de-ville-en-pierre-a-saint-brieuc-saint-michel-ref-2025114-saint-brieuc,467 955,Saint-Brieuc 22000,131,174,6
Maison de ville avec jardin et garage,https://www.etreproprio.com/immobilier-23478166-vente-maison-de-ville-avec-jardin-et-garage-saint-brieuc,292 600,Saint-Brieuc 22000,208,747,7
Maison en pierre - sans mitoyenneté - proche toutes commodités et gare tgv,https://www.etreproprio.com/immobilier-23475241-vente-maison-en-pierre-sans-mitoyennete-proche-toutes-commodites-et-gare-tgv-saint-brieuc,618 000,Saint-Brieuc 22000,241,447,10
Maison 166m² à saint-brieuc,https://www.etreproprio.com/immobilier-23473006-vente-maison-166m-a-saint-brieuc-saint-brieuc,280 000,Saint-Brieuc 22000,166,370,5
"Maison en pierre a saint-brieuc, saint-michel   réf : 2025111",https://www.etreproprio.com/immobilier-23474137-vente-maison-en-pierre-a-saint-brieuc-saint-michel-ref-2025111-saint-brieuc,549 932,Saint-Brieuc 22000,189,201,6
La tradition a du bon !,https://www.etreproprio.com/immobilier-18484748-vente-la-tradition-a-du-bon-saint-brieuc,199 900,Saint-Brieuc 22000,103,280,5
Maison 100m² à saint-brieuc,https://www.etreproprio.com/immobilier-23471848-vente-maison-100m-a-saint-brieuc-saint-brieuc,225 000,Saint-Brieuc 22000,100,483,5
Maison 207m² à saint-brieuc,https://www.etreproprio.com/immobilier-23472111-vente-maison-207m-a-saint-brieuc-saint-brieuc,393 700,Saint-Brieuc 22000,207,180,9
Maison 120m² à saint-brieuc,https://www.etreproprio.com/immobilier-23460760-vente-maison-120m-a-saint-brieuc-saint-brieuc,353 200,Saint-Brieuc 22000,120,,5
"Maison saint brieuc 5 pièce(s) 128,60 m2",https://www.etreproprio.com/immobilier-23458638-vente-maison-saint-brieuc-5-pieces-12860-m2-saint-brieuc,329 000,Saint-Brieuc 22000,129,235,5
Maison saint brieuc 220 m2,https://www.etreproprio.com/immobilier-22472230-vente-maison-saint-brieuc-220-m2-saint-brieuc,350 000,Saint-Brieuc 22000,220,607,8
A vendre maison saint-brieuc,https://www.etreproprio.com/immobilier-22707486-vente-a-vendre-maison-saint-brieuc-saint-brieuc,143 100,Saint-Brieuc 22000,65,350,4
"Superbe maison d'architecte, terrain 1784m2",https://www.etreproprio.com/immobilier-23442035-vente-superbe-maison-d-architecte-terrain-1784m2-saint-brieuc,747 360,Saint-Brieuc 22000,280,1 784,7
"St brieuc centre, maison avec très beau potentiel à vendre",https://www.etreproprio.com/immobilier-23432186-vente-st-brieuc-centre-maison-avec-tres-beau-potentiel-a-vendre-saint-brieuc,357 000,Saint-Brieuc 22000,200,465,8
Maison saint brieuc quartier robien,https://www.etreproprio.com/immobilier-23439272-vente-maison-saint-brieuc-quartier-robien-saint-brieuc,237 375,Saint-Brieuc 22000,107,,5
Maison 178m² à saint-brieuc,https://www.etreproprio.com/immobilier-22102272-vente-maison-178m-a-saint-brieuc-saint-brieuc,275 000,Saint-Brieuc 22000,179,99,6
"Saint-brieuc, tres belle demeure en pierre renovée et proche de la mer - réf : 2025101",https://www.etreproprio.com/immobilier-23425604-vente-saint-brieuc-tres-belle-demeure-en-pierre-renovee-et-proche-de-la-mer-ref-2025101-saint-brieuc,799 260,Saint-Brieuc 22000,366,2 790,9
Maison saint brieuc 6 pièce(s) 127 m2,https://www.etreproprio.com/immobilier-23416645-vente-maison-saint-brieuc-6-pieces-127-m2-saint-brieuc,171 600,Saint-Brieuc 22000,127,325,6
Vente maison saint-cast-le-guildo(22380) 780 000ï¿œ,https://www.etreproprio.com/immobilier-23300966-vente-vente-maison-saint-cast-le-guildo22380-780-000i-oe-saint-cast-le-guildo,780 000,Saint-Cast-Le-Guildo 22380,125,1 051,6
Maison 123m² à saint-cast-le-guildo,https://www.etreproprio.com/immobilier-22191054-vente-maison-123m-a-saint-cast-le-guildo-saint-cast-le-guildo,654 000,Saint-Cast-Le-Guildo 22380,123,,5
Saint cast le guildo - maison familiale proche de la grande plage,https://www.etreproprio.com/immobilier-23239305-vente-saint-cast-le-guildo-maison-familiale-proche-de-la-grande-plage-saint-cast-le-guildo,844 600,Saint-Cast-Le-Guildo 22380,184,592,7
Maison 200m² à saint-cast-le-guildo,https://www.etreproprio.com/immobilier-23244185-vente-maison-200m-a-saint-cast-le-guildo-saint-cast-le-guildo,988 000,Saint-Cast-Le-Guildo 22380,200,,6
Maison 138m² à saint-cast-le-guildo,https://www.etreproprio.com/immobilier-23232457-vente-maison-138m-a-saint-cast-le-guildo-saint-cast-le-guildo,445 000,Saint-Cast-Le-Guildo 22380,138,,9
Saint cast le guildo - belle longère nichée en campagne,https://www.etreproprio.com/immobilier-20435030-vente-saint-cast-le-guildo-belle-longere-nichee-en-campagne-saint-cast-le-guildo,798 250,Saint-Cast-Le-Guildo 22380,158,3 900,5
Saint cast le guildo - charmante maison familiale,https://www.etreproprio.com/immobilier-23185115-vente-saint-cast-le-guildo-charmante-maison-familiale-saint-cast-le-guildo,445 000,Saint-Cast-Le-Guildo 22380,145,800,6
Maison 150m² à saint-cast-le-guildo,https://www.etreproprio.com/immobilier-22263639-vente-maison-150m-a-saint-cast-le-guildo-saint-cast-le-guildo,444 620,Saint-Cast-Le-Guildo 22380,150,800,6
Maison plain pied proche mer,https://www.etreproprio.com/immobilier-20962075-vente-maison-plain-pied-proche-mer-saint-cast-le-guildo,251 000,Saint-Cast-Le-Guildo 22380,71,416,4
Maison 184m² à saint-cast-le-guildo,https://www.etreproprio.com/immobilier-22044163-vente-maison-184m-a-saint-cast-le-guildo-saint-cast-le-guildo,844 190,Saint-Cast-Le-Guildo 22380,184,592,10
Saint cast le guildo - maison proche commerces avec vue mer en étage,https://www.etreproprio.com/immobilier-23054481-vente-saint-cast-le-guildo-maison-proche-commerces-avec-vue-mer-en-etage-saint-cast-le-guildo,386 650,Saint-Cast-Le-Guildo 22380,79,450,3
Maison  4 pièces de plain-pied de 85m2 saint cast le guildo 4 pièce(s) 85 m2,https://www.etreproprio.com/immobilier-23043962-vente-maison-4-pieces-de-plain-pied-de-85m2-saint-cast-le-guildo-4-pieces-85-m2-saint-cast-le-guildo,371 244,Saint-Cast-Le-Guildo 22380,85,626,4
Notre dame du guildo - maison dans un environnement verdoyant au calme,https://www.etreproprio.com/immobilier-22973989-vente-notre-dame-du-guildo-maison-dans-un-environnement-verdoyant-au-calme-saint-cast-le-guildo,440 160,Saint-Cast-Le-Guildo 22380,136,1 946,7
Maison 137m² à saint-cast-le-guildo,https://www.etreproprio.com/immobilier-22950057-vente-maison-137m-a-saint-cast-le-guildo-saint-cast-le-guildo,575 000,Saint-Cast-Le-Guildo 22380,137,215,6
Maison 120m² à saint-cast-le-guildo,https://www.etreproprio.com/immobilier-22950058-vente-maison-120m-a-saint-cast-le-guildo-saint-cast-le-guildo,699 900,Saint-Cast-Le-Guildo 22380,120,428,6
Saint cast le guildo - charmante maison familiale proche de la grande plage,https://www.etreproprio.com/immobilier-22437026-vente-saint-cast-le-guildo-charmante-maison-familiale-proche-de-la-grande-plage-saint-cast-le-guildo,699 900,Saint-Cast-Le-Guildo 22380,121,426,6
Saint cast le guildo - charmante maison en pierre,https://www.etreproprio.com/immobilier-22924072-vente-saint-cast-le-guildo-charmante-maison-en-pierre-saint-cast-le-guildo,796 480,Saint-Cast-Le-Guildo 22380,203,1 513,6
Maison 124m² à saint-cast-le-guildo,https://www.etreproprio.com/immobilier-22916629-vente-maison-124m-a-saint-cast-le-guildo-saint-cast-le-guildo,670 000,Saint-Cast-Le-Guildo 22380,124,1 815,6
Maison 124m² à saint-cast-le-guildo,https://www.etreproprio.com/immobilier-22904940-vente-maison-124m-a-saint-cast-le-guildo-saint-cast-le-guildo,670 000,Saint-Cast-Le-Guildo 22380,124,1 815,6
Maison 123m² à saint-cast-le-guildo,https://www.etreproprio.com/immobilier-22859552-vente-maison-123m-a-saint-cast-le-guildo-saint-cast-le-guildo,797 860,Saint-Cast-Le-Guildo 22380,123,1 000,6
Maison de campagne,https://www.etreproprio.com/immobilier-22703268-vente-maison-de-campagne-saint-connec,205 000,Saint-Connec 22530,100,1 000,5
"Cotes d'armor, proche guerledan, complexe de 5 maisons, un appartement, petit camping et piscine",https://www.etreproprio.com/immobilier-21714727-vente-cotes-d-armor-proche-guerledan-complexe-de-5-maisons-un-appartement-petit-camping-et-piscine-saint-connec,420 000,Saint-Connec 22530,260,5 405,29
Saint cast agréable maison récente 6 chambres,https://www.etreproprio.com/immobilier-22794632-vente-saint-cast-agreable-maison-recente-6-chambres-saint-cast-le-guildo,800 000,Saint-Cast-Le-Guildo 22380,250,1 001,7
Saint cast le guildo - maison de plain pied  4 pièces,https://www.etreproprio.com/immobilier-20901283-vente-saint-cast-le-guildo-maison-de-plain-pied-4-pieces-saint-cast-le-guildo,251 520,Saint-Cast-Le-Guildo 22380,73,416,4
Maison saint cast le guildo 129.35 m2,https://www.etreproprio.com/immobilier-22715119-vente-maison-saint-cast-le-guildo-12935-m2-saint-cast-le-guildo,366 800,Saint-Cast-Le-Guildo 22380,129,1 194,5
Saint cast le guildo - charmante maison proche du quartier de l'isle,https://www.etreproprio.com/immobilier-21777595-vente-saint-cast-le-guildo-charmante-maison-proche-du-quartier-de-l-isle-saint-cast-le-guildo,376 200,Saint-Cast-Le-Guildo 22380,74,662,4
Saint cast le guildo plage de pen guen à pied et à proximité immédiate du golf,https://www.etreproprio.com/immobilier-22666483-vente-saint-cast-le-guildo-plage-de-pen-guen-a-pied-et-a-proximite-immediate-du-golf-saint-cast-le-guildo,409 500,Saint-Cast-Le-Guildo 22380,129,750,5
Maison 157m² à saint-cast-le-guildo,https://www.etreproprio.com/immobilier-22506635-vente-maison-157m-a-saint-cast-le-guildo-saint-cast-le-guildo,404 900,Saint-Cast-Le-Guildo 22380,157,750,3
Maison à vendre 5 chambres  de 195 m2 vue mer à saint-cast-le-guildo,https://www.etreproprio.com/immobilier-22617512-vente-maison-a-vendre-5-chambres-de-195-m2-vue-mer-a-saint-cast-le-guildo-saint-cast-le-guildo,875 500,Saint-Cast-Le-Guildo 22380,196,816,6
Maison 130m² à saint-cast-le-guildo,https://www.etreproprio.com/immobilier-22617159-vente-maison-130m-a-saint-cast-le-guildo-saint-cast-le-guildo,496 320,Saint-Cast-Le-Guildo 22380,130,910,6
Maison entièrement rénovée saint cast le guildo 145 m2,https://www.etreproprio.com/immobilier-22611214-vente-maison-entierement-renovee-saint-cast-le-guildo-145-m2-saint-cast-le-guildo,408 720,Saint-Cast-Le-Guildo 22380,141,840,6
Notre dame du guildo entre st cast et st jacut à quelques pas du port du guildo et du gr34.,https://www.etreproprio.com/immobilier-22562631-vente-notre-dame-du-guildo-entre-st-cast-et-st-jacut-a-quelques-pas-du-port-du-guildo-et-du-gr34-saint-cast-le-guildo,283 500,Saint-Cast-Le-Guildo 22380,108,663,5
Saint cast le guildo - belle villa familiale à seulement 800 mètres de la plage et des commerces,https://www.etreproprio.com/immobilier-22532931-vente-saint-cast-le-guildo-belle-villa-familiale-a-seulement-800-metres-de-la-plage-et-des-commerces-saint-cast-le-guildo,1 248 000,Saint-Cast-Le-Guildo 22380,198,1 465,8
Saint cast le guildo - belle longère de 200m2,https://www.etreproprio.com/immobilier-22113118-vente-saint-cast-le-guildo-belle-longere-de-200m2-saint-cast-le-guildo,790 000,Saint-Cast-Le-Guildo 22380,203,1 513,5
Maison 131m² à saint-cast-le-guildo,https://www.etreproprio.com/immobilier-22389012-vente-maison-131m-a-saint-cast-le-guildo-saint-cast-le-guildo,299 000,Saint-Cast-Le-Guildo 22380,131,,5
A vendre chez christelle mesnage immobilier. saint-cast-le-g,https://www.etreproprio.com/immobilier-20520375-vente-a-vendre-chez-christelle-mesnage-immobilier-saint-cast-le-g-saint-cast-le-guildo,875 500,Saint-Cast-Le-Guildo 22380,172,923,7
Maison 172m² à saint-cast-le-guildo,https://www.etreproprio.com/immobilier-18297156-vente-maison-172m-a-saint-cast-le-guildo-saint-cast-le-guildo,875 000,Saint-Cast-Le-Guildo 22380,173,920,7
Saint cast le guildo maison familiale 9 pièce(s) 198 m²,https://www.etreproprio.com/immobilier-22263473-vente-saint-cast-le-guildo-maison-familiale-9-pieces-198-m-saint-cast-le-guildo,1 257 600,Saint-Cast-Le-Guildo 22380,199,1 465,9
Vente maison saint-cast-le-guildo(22380) 899 580ï¿œ,https://www.etreproprio.com/immobilier-22236170-vente-vente-maison-saint-cast-le-guildo22380-899-580i-oe-saint-cast-le-guildo,899 580,Saint-Cast-Le-Guildo 22380,190,611,9
A vendre maison bord de mer,https://www.etreproprio.com/immobilier-22032167-vente-a-vendre-maison-bord-de-mer-saint-cast-le-guildo,850 500,Saint-Cast-Le-Guildo 22380,305,3 450,8
saint cast le guildo dans un ensemble residentiel,https://www.etreproprio.com/immobilier-22025056-vente-saint-cast-le-guildo-dans-un-ensemble-residentiel-saint-cast-le-guildo,998 400,Saint-Cast-Le-Guildo 22380,200,1 488,6
Maison saint cast le guildo,https://www.etreproprio.com/immobilier-21995255-vente-maison-saint-cast-le-guildo-saint-cast-le-guildo,202 000,Saint-Cast-Le-Guildo 22380,73,700,3
"Maison traditionnelle, terrain clos 369 m2",https://www.etreproprio.com/immobilier-22699887-vente-maison-traditionnelle-terrain-clos-369-m2-saint-brieuc,229 900,Saint-Brieuc 22000,154,369,5
Maison saint-brieuc 8 pièces 181 m2 - saint michel,https://www.etreproprio.com/immobilier-23400103-vente-maison-saint-brieuc-8-pieces-181-m2-saint-michel-saint-brieuc,298 000,Saint-Brieuc 22000,182,361,8
Maison 187m² à saint-brieuc,https://www.etreproprio.com/immobilier-21845493-vente-maison-187m-a-saint-brieuc-saint-brieuc,325 000,Saint-Brieuc 22000,187,210,8
Maison de ville en pierres de 116 m² avec dépendances et potentiel locatif,https://www.etreproprio.com/immobilier-23385655-vente-maison-de-ville-en-pierres-de-116-m-avec-dependances-et-potentiel-locatif-saint-brieuc,252 000,Saint-Brieuc 22000,116,297,7
Vente maison saint-brieuc(22000) 291 700ï¿œ,https://www.etreproprio.com/immobilier-23385615-vente-vente-maison-saint-brieuc22000-291-700i-oe-saint-brieuc,291 700,Saint-Brieuc 22000,123,237,6
Loft / atelier / bureau centre ville historique st brieuc,https://www.etreproprio.com/immobilier-23391290-vente-loft-atelier-bureau-centre-ville-historique-st-brieuc-saint-brieuc,555 330,Saint-Brieuc 22000,1 000,,
Maison 170m² à saint-brieuc,https://www.etreproprio.com/immobilier-23388382-vente-maison-170m-a-saint-brieuc-saint-brieuc,430 000,Saint-Brieuc 22000,170,240,8
Maison en pierre avec véranda et jardin,https://www.etreproprio.com/immobilier-23348704-vente-maison-en-pierre-avec-veranda-et-jardin-saint-brieuc,299 915,Saint-Brieuc 22000,118,371,4
Saint-brieuc - charmante maison renovee !,https://www.etreproprio.com/immobilier-23367953-vente-saint-brieuc-charmante-maison-renovee-saint-brieuc,129 992,Saint-Brieuc 22000,45,336,3
Maison saint brieuc 7 pièces - 166 m2,https://www.etreproprio.com/immobilier-23340522-vente-maison-saint-brieuc-7-pieces-166-m2-saint-brieuc,280 000,Saint-Brieuc 22000,167,378,7
Maison saint-brieuc 8 pièce(s) 148 m2,https://www.etreproprio.com/immobilier-23349006-vente-maison-saint-brieuc-8-pieces-148-m2-saint-brieuc,252 600,Saint-Brieuc 22000,148,222,8
Maison 181m² à saint-brieuc,https://www.etreproprio.com/immobilier-23350191-vente-maison-181m-a-saint-brieuc-saint-brieuc,393 000,Saint-Brieuc 22000,181,373,6
Maison saint brieuc 7 pièces 138 m2 + 47m2 aménageables - cesson,https://www.etreproprio.com/immobilier-23340519-vente-maison-saint-brieuc-7-pieces-138-m2-47m2-amenageables-cesson-saint-brieuc,263 500,Saint-Brieuc 22000,138,1 100,7
"Saint-brieuc ouest, maison traditionnelle de 107m2 habitable",https://www.etreproprio.com/immobilier-22204819-vente-saint-brieuc-ouest-maison-traditionnelle-de-107m2-habitable-saint-brieuc,276 700,Saint-Brieuc 22000,107,415,5
Maison familiale cinq chambres 135 m²  - saint-brieuc limite ploufragan,https://www.etreproprio.com/immobilier-23315109-vente-maison-familiale-cinq-chambres-135-m-saint-brieuc-limite-ploufragan-saint-brieuc,279 310,Saint-Brieuc 22000,135,350,6
Maison t5 meublée 105m² - saint brieuc - garages et jardin,https://www.etreproprio.com/immobilier-23324214-vente-maison-t5-meublee-105m-saint-brieuc-garages-et-jardin-saint-brieuc,244 400,Saint-Brieuc 22000,105,516,6
"Maison années 50 rénovée, jardin et dépendance",https://www.etreproprio.com/immobilier-22592596-vente-maison-annees-50-renovee-jardin-et-dependance-saint-brieuc,279 880,Saint-Brieuc 22000,160,300,5
Calme et volupté ; invitation au voyage !,https://www.etreproprio.com/immobilier-21861448-vente-calme-et-volupte-invitation-au-voyage-saint-brieuc,468 000,Saint-Brieuc 22000,131,174,6
Maison 134m² à saint-brieuc,https://www.etreproprio.com/immobilier-23292824-vente-maison-134m-a-saint-brieuc-saint-brieuc,435 000,Saint-Brieuc 22000,134,435,8
"Pierre, parquet et cheminées",https://www.etreproprio.com/immobilier-23297251-vente-pierre-parquet-et-cheminees-saint-brieuc,317 169,Saint-Brieuc 22000,160,358,6
A vendre en campagne de saint denoual,https://www.etreproprio.com/immobilier-23598913-vente-a-vendre-en-campagne-de-saint-denoual-saint-denoual,120 000,Saint-Denoual 22400,61,507,5
Maison saint-denoual 5 pièce(s) 92 m2,https://www.etreproprio.com/immobilier-23428121-vente-maison-saint-denoual-5-pieces-92-m2-saint-denoual,233 000,Saint-Denoual 22400,92,650,5
Belle propriété proche plage,https://www.etreproprio.com/immobilier-23278506-vente-belle-propriete-proche-plage-saint-brieuc,499 152,Saint-Brieuc 22000,188,2 904,6
Saint brieuc - maison 9 pièces 155 m2,https://www.etreproprio.com/immobilier-23274611-vente-saint-brieuc-maison-9-pieces-155-m2-saint-brieuc,225 000,Saint-Brieuc 22000,155,429,9
Maison de ville avec terrasse  et jardin,https://www.etreproprio.com/immobilier-22566584-vente-maison-de-ville-avec-terrasse-et-jardin-saint-brieuc,363 965,Saint-Brieuc 22000,150,265,6
"Maison familiale saint-brieuc saint-michel, avec grand jardin et garage  réf : 2025105",https://www.etreproprio.com/immobilier-23261190-vente-maison-familiale-saint-brieuc-saint-michel-avec-grand-jardin-et-garage-ref-2025105-saint-brieuc,384 763,Saint-Brieuc 22000,139,614,6
Maison 156m² à saint-brieuc,https://www.etreproprio.com/immobilier-23253385-vente-maison-156m-a-saint-brieuc-saint-brieuc,214 900,Saint-Brieuc 22000,156,642,7
Saint brieuc ville hellio maison de 139.4 m2,https://www.etreproprio.com/immobilier-23242143-vente-saint-brieuc-ville-hellio-maison-de-1394-m2-saint-brieuc,241 500,Saint-Brieuc 22000,139,305,7
Maison 81m² à saint-brieuc,https://www.etreproprio.com/immobilier-23232169-vente-maison-81m-a-saint-brieuc-saint-brieuc,269 000,Saint-Brieuc 22000,81,,4
Maison de ville avec terrasse et garage,https://www.etreproprio.com/immobilier-22209679-vente-maison-de-ville-avec-terrasse-et-garage-saint-brieuc,327 568,Saint-Brieuc 22000,121,100,5
"Saint-brieuc maison à vendre, écoles et commerces à pied.",https://www.etreproprio.com/immobilier-23186945-vente-saint-brieuc-maison-a-vendre-ecoles-et-commerces-a-pied-saint-brieuc,276 750,Saint-Brieuc 22000,110,415,6
Maison 177m² à saint-brieuc,https://www.etreproprio.com/immobilier-23206054-vente-maison-177m-a-saint-brieuc-saint-brieuc,346 500,Saint-Brieuc 22000,177,284,8
Saint brieuc maison de famille de 177 m2,https://www.etreproprio.com/immobilier-23194591-vente-saint-brieuc-maison-de-famille-de-177-m2-saint-brieuc,344 850,Saint-Brieuc 22000,177,284,7
Maison rénovée divisée en 2 appartements   vue imprenable   terrain 507 m2,https://www.etreproprio.com/immobilier-23193473-vente-maison-renovee-divisee-en-2-appartements-vue-imprenable-terrain-507-m2-saint-brieuc,199 000,Saint-Brieuc 22000,78,507,4
"Maison de ville , 429m2 de terrain",https://www.etreproprio.com/immobilier-23187713-vente-maison-de-ville-429m2-de-terrain-saint-brieuc,224 675,Saint-Brieuc 22000,163,429,7
Elle a tout d'une grande !,https://www.etreproprio.com/immobilier-23183683-vente-elle-a-tout-d-une-grande-saint-brieuc,241 500,Saint-Brieuc 22000,84,339,3
Maison 108m² à saint-brieuc,https://www.etreproprio.com/immobilier-22662857-vente-maison-108m-a-saint-brieuc-saint-brieuc,276 900,Saint-Brieuc 22000,108,415,6
"Belle demeure de caractère, terrasse et garage",https://www.etreproprio.com/immobilier-22375397-vente-belle-demeure-de-caractere-terrasse-et-garage-saint-brieuc,699 600,Saint-Brieuc 22000,200,326,7
Saint brieuc - proche gare,https://www.etreproprio.com/immobilier-23129283-vente-saint-brieuc-proche-gare-saint-brieuc,278 250,Saint-Brieuc 22000,107,133,6
Saint brieuc 'cesson',https://www.etreproprio.com/immobilier-22337635-vente-saint-brieuc-cesson-saint-brieuc,350 075,Saint-Brieuc 22000,157,333,10
"Saint-brieuc, proche centre-ville, maison en pierre avec jardin et garage  réf : 202573",https://www.etreproprio.com/immobilier-22489827-vente-saint-brieuc-proche-centre-ville-maison-en-pierre-avec-jardin-et-garage-ref-202573-saint-brieuc,590 000,Saint-Brieuc 22000,204,229,8
Maison 86m² à saint-brieuc,https://www.etreproprio.com/immobilier-23103747-vente-maison-86m-a-saint-brieuc-saint-brieuc,122 000,Saint-Brieuc 22000,86,,3
Saint cast le guildo maison contemporaine,https://www.etreproprio.com/immobilier-21210748-vente-saint-cast-le-guildo-maison-contemporaine-saint-cast-le-guildo,850 000,Saint-Cast-Le-Guildo 22380,197,2 167,8
Maison clé en main saint cast le guildo 120 m² proche bourg : frais de notaire réduits,https://www.etreproprio.com/immobilier-21910108-vente-maison-cle-en-main-saint-cast-le-guildo-120-m-proche-bourg-frais-de-notaire-reduits-saint-cast-le-guildo,445 400,Saint-Cast-Le-Guildo 22380,122,325,5
Saint cast le guildo - charmante maison proche des commerces,https://www.etreproprio.com/immobilier-21854276-vente-saint-cast-le-guildo-charmante-maison-proche-des-commerces-saint-cast-le-guildo,241 000,Saint-Cast-Le-Guildo 22380,125,682,6
Saint cast le guildo quartier de l'isle maison en pierre,https://www.etreproprio.com/immobilier-19968470-vente-saint-cast-le-guildo-quartier-de-l-isle-maison-en-pierre-saint-cast-le-guildo,349 500,Saint-Cast-Le-Guildo 22380,176,,11
"Saint cast le guildo, belle maison de type 6 de 200 m2",https://www.etreproprio.com/immobilier-21500566-vente-saint-cast-le-guildo-belle-maison-de-type-6-de-200-m2-saint-cast-le-guildo,988 800,Saint-Cast-Le-Guildo 22380,200,1 546,6
Maison saint cast le guildo,https://www.etreproprio.com/immobilier-20522612-vente-maison-saint-cast-le-guildo-saint-cast-le-guildo,295 260,Saint-Cast-Le-Guildo 22380,115,1 187,7
Maison 200m² à saint-cast-le-guildo,https://www.etreproprio.com/immobilier-21403800-vente-maison-200m-a-saint-cast-le-guildo-saint-cast-le-guildo,988 000,Saint-Cast-Le-Guildo 22380,200,1 546,7
Villa à vendre saint-cast-le-guildo - 7 pièces,https://www.etreproprio.com/immobilier-20997261-vente-villa-a-vendre-saint-cast-le-guildo-7-pieces-saint-cast-le-guildo,1 352 000,Saint-Cast-Le-Guildo 22380,289,3 380,7
"Saint cast, agréable maison  5 chambres en plein coeur de la station",https://www.etreproprio.com/immobilier-20997260-vente-saint-cast-agreable-maison-5-chambres-en-plein-coeur-de-la-station-saint-cast-le-guildo,676 000,Saint-Cast-Le-Guildo 22380,115,85,6
Maison 101m² à saint-cast-le-guildo,https://www.etreproprio.com/immobilier-19601719-vente-maison-101m-a-saint-cast-le-guildo-saint-cast-le-guildo,320 850,Saint-Cast-Le-Guildo 22380,101,510,5
Maison saint cast le guildo,https://www.etreproprio.com/immobilier-20434136-vente-maison-saint-cast-le-guildo-saint-cast-le-guildo,446 000,Saint-Cast-Le-Guildo 22380,116,990,5
Grande longère notre dame du guildo,https://www.etreproprio.com/immobilier-18598539-vente-grande-longere-notre-dame-du-guildo-saint-cast-le-guildo,846 000,Saint-Cast-Le-Guildo 22380,333,3 457,16
Maison 140m² à saint-cast-le-guildo,https://www.etreproprio.com/immobilier-19629825-vente-maison-140m-a-saint-cast-le-guildo-saint-cast-le-guildo,485 980,Saint-Cast-Le-Guildo 22380,141,811,7
Maison 115m² à saint-cast-le-guildo,https://www.etreproprio.com/immobilier-19601722-vente-maison-115m-a-saint-cast-le-guildo-saint-cast-le-guildo,670 800,Saint-Cast-Le-Guildo 22380,115,,6
Maison proche de la plage saint-cast-3 chambres,https://www.etreproprio.com/immobilier-18471083-vente-maison-proche-de-la-plage-saint-cast-3-chambres-saint-cast-le-guildo,345 000,Saint-Cast-Le-Guildo 22380,104,520,3
Maison 109m² à saint-donan,https://www.etreproprio.com/immobilier-23633854-vente-maison-109m-a-saint-donan-saint-donan,248 900,Saint-Donan 22800,109,2 070,5
Maison saint donan 6 pièce(s) 103 m2,https://www.etreproprio.com/immobilier-23848141-vente-maison-saint-donan-6-pieces-103-m2-saint-donan,219 450,Saint-Donan 22800,103,992,6
Vente maison saint-donan(22800) 138 970ï¿œ,https://www.etreproprio.com/immobilier-23610194-vente-vente-maison-saint-donan22800-138-970i-oe-saint-donan,138 970,Saint-Donan 22800,101,804,6
Maison 100m² à saint-donan,https://www.etreproprio.com/immobilier-23558165-vente-maison-100m-a-saint-donan-saint-donan,250 000,Saint-Donan 22800,100,5 800,6
Vente maison saint-donan(22800) 218 000ï¿œ,https://www.etreproprio.com/immobilier-23498680-vente-vente-maison-saint-donan22800-218-000i-oe-saint-donan,218 000,Saint-Donan 22800,106,992,6
Maison 151m² à saint-donan,https://www.etreproprio.com/immobilier-23476126-vente-maison-151m-a-saint-donan-saint-donan,336 000,Saint-Donan 22800,151,226,7
Belle maison néo-bretonne avec vue dégagée 111 m²  -  saint donan,https://www.etreproprio.com/immobilier-23385718-vente-belle-maison-neo-bretonne-avec-vue-degagee-111-m-saint-donan-saint-donan,242 420,Saint-Donan 22800,111,991,5
Vente maison saint-donan(22800) 227 900ï¿œ,https://www.etreproprio.com/immobilier-22746205-vente-vente-maison-saint-donan22800-227-900i-oe-saint-donan,227 900,Saint-Donan 22800,300,14 937,2
"Maison de ville, terrasse sud, garage",https://www.etreproprio.com/immobilier-22999005-vente-maison-de-ville-terrasse-sud-garage-saint-brieuc,327 566,Saint-Brieuc 22000,132,235,6
Maison  5 pièce(s) 95 m2 grand jardin,https://www.etreproprio.com/immobilier-23000257-vente-maison-5-pieces-95-m2-grand-jardin-saint-brieuc,246 750,Saint-Brieuc 22000,131,795,5
Maison robien d'environ 106 m2,https://www.etreproprio.com/immobilier-22990251-vente-maison-robien-d-environ-106-m2-saint-brieuc,241 500,Saint-Brieuc 22000,106,230,4
Cesson-3ch-jardinsud ouest,https://www.etreproprio.com/immobilier-22991187-vente-cesson-3ch-jardinsud-ouest-saint-brieuc,189 000,Saint-Brieuc 22000,104,306,5
Maison 120m² à saint-brieuc,https://www.etreproprio.com/immobilier-22961335-vente-maison-120m-a-saint-brieuc-saint-brieuc,235 000,Saint-Brieuc 22000,120,561,7
Exclusivité : magnifique villa belle époque - saint brieuc - 1922,https://www.etreproprio.com/immobilier-22936092-vente-exclusivite-magnifique-villa-belle-epoque-saint-brieuc-1922-saint-brieuc,861 000,Saint-Brieuc 22000,160,750,7
Maison 153m² à saint-brieuc,https://www.etreproprio.com/immobilier-22919895-vente-maison-153m-a-saint-brieuc-saint-brieuc,366 000,Saint-Brieuc 22000,153,,9
Coup de coeur- 3ch calme sans travaux,https://www.etreproprio.com/immobilier-22449179-vente-coup-de-coeur-3ch-calme-sans-travaux-saint-brieuc,236 250,Saint-Brieuc 22000,84,290,7
Maison saint brieuc 6 pièce(s) 62.7 m2,https://www.etreproprio.com/immobilier-22591471-vente-maison-saint-brieuc-6-pieces-627-m2-saint-brieuc,137 800,Saint-Brieuc 22000,63,,6
Maison de ville avec garage et jardin sud,https://www.etreproprio.com/immobilier-22263339-vente-maison-de-ville-avec-garage-et-jardin-sud-saint-brieuc,363 965,Saint-Brieuc 22000,167,292,7
Maison en pierre en plein coeur de saint brieuc divisée en trois logements - 133 m²,https://www.etreproprio.com/immobilier-22893381-vente-maison-en-pierre-en-plein-coeur-de-saint-brieuc-divisee-en-trois-logements-133-m-saint-brieuc,319 640,Saint-Brieuc 22000,133,623,7
A saint-brieuc maison de ville 6 chambres avec garage et jardin  réf : 202587,https://www.etreproprio.com/immobilier-22883289-vente-a-saint-brieuc-maison-de-ville-6-chambres-avec-garage-et-jardin-ref-202587-saint-brieuc,426 359,Saint-Brieuc 22000,190,245,7
Maison 129m² à saint-brieuc,https://www.etreproprio.com/immobilier-20648214-vente-maison-129m-a-saint-brieuc-saint-brieuc,211 000,Saint-Brieuc 22000,129,,6
Maison 115 m2 saint-brieuc (proche hôpital),https://www.etreproprio.com/immobilier-22744527-vente-maison-115-m2-saint-brieuc-proche-hopital-saint-brieuc,165 000,Saint-Brieuc 22000,115,550,6
Maison à rénover de 136 m2 - saint brieuc,https://www.etreproprio.com/immobilier-22729049-vente-maison-a-renover-de-136-m2-saint-brieuc-saint-brieuc,159 000,Saint-Brieuc 22000,136,272,7
Saint brieuc - cesson,https://www.etreproprio.com/immobilier-22533552-vente-saint-brieuc-cesson-saint-brieuc,168 800,Saint-Brieuc 22000,72,,4
Maison 90m² à saint-brieuc,https://www.etreproprio.com/immobilier-21548092-vente-maison-90m-a-saint-brieuc-saint-brieuc,177 000,Saint-Brieuc 22000,90,206,4
Saint brieuc maison de famille de 132 m2,https://www.etreproprio.com/immobilier-22680292-vente-saint-brieuc-maison-de-famille-de-132-m2-saint-brieuc,304 500,Saint-Brieuc 22000,132,345,8
Maison moderne,https://www.etreproprio.com/immobilier-22066140-vente-maison-moderne-saint-brieuc,748 080,Saint-Brieuc 22000,280,1 784,7
"Belle demeure rénovée à neuf, terrain 252m2",https://www.etreproprio.com/immobilier-22634752-vente-belle-demeure-renovee-a-neuf-terrain-252m2-saint-brieuc,999 000,Saint-Brieuc 22000,262,252,11
Maison 123m² à saint-etienne-du-gue-de-l'isle,https://www.etreproprio.com/immobilier-23881215-vente-maison-123m-a-saint-etienne-du-gue-de-l-isle-saint-etienne-du-gue-de-l-isle,n.c.,Saint-Etienne-Du-Gue-De-L'isle 22210,123,4 706,5
Maison saint etienne du gue de l isle 5 pièce(s) 123 m2,https://www.etreproprio.com/immobilier-22586653-vente-maison-saint-etienne-du-gue-de-l-isle-5-pieces-123-m2-saint-etienne-du-gue-de-l-isle,85 000,Saint-Etienne-Du-Gue-De-L'isle 22210,123,4 706,5
Maison 98m² à saint-etienne-du-gue-de-l'isle,https://www.etreproprio.com/immobilier-23713541-vente-maison-98m-a-saint-etienne-du-gue-de-l-isle-saint-etienne-du-gue-de-l-isle,77 000,Saint-Etienne-Du-Gue-De-L'isle 22210,98,800,5
Maison saint etienne du gue de l isle 6 pièce(s) 165 m2,https://www.etreproprio.com/immobilier-22425719-vente-maison-saint-etienne-du-gue-de-l-isle-6-pieces-165-m2-saint-etienne-du-gue-de-l-isle,250 275,Saint-Etienne-Du-Gue-De-L'isle 22210,165,3 224,6
Maison 151m² à saint-etienne-du-gue-de-l'isle,https://www.etreproprio.com/immobilier-21483424-vente-maison-151m-a-saint-etienne-du-gue-de-l-isle-saint-etienne-du-gue-de-l-isle,250 275,Saint-Etienne-Du-Gue-De-L'isle 22210,151,3 210,6
Maison à vendre 6 pièces à très fort potentiel  (22),https://www.etreproprio.com/immobilier-21233020-vente-maison-a-vendre-6-pieces-a-tres-fort-potentiel-22-saint-etienne-du-gue-de-l-isle,114 900,Saint-Etienne-Du-Gue-De-L'isle 22210,138,1 775,6
Maison saint etienne du gue de l'isle 6 pièce(s) 130 m2,https://www.etreproprio.com/immobilier-17985874-vente-maison-saint-etienne-du-gue-de-l-isle-6-pieces-130-m2-saint-etienne-du-gue-de-l-isle,114 000,Saint-Etienne-Du-Gue-De-L'isle 22210,130,1 775,6
Maison 4 pièces 97m2,https://www.etreproprio.com/immobilier-23482881-vente-maison-4-pieces-97m2-saint-fiacre,158 000,Saint-Fiacre 22720,97,5 960,4
215 m² - aucun travaux - pompe à chaleur,https://www.etreproprio.com/immobilier-23451978-vente-215-m-aucun-travaux-pompe-a-chaleur-saint-gilles-du-mene,287 000,Saint-Gilles-Du-Mene 22330,215,,11
Maison 215m² à saint-gilles-du-mene,https://www.etreproprio.com/immobilier-23401201-vente-maison-215m-a-saint-gilles-du-mene-saint-gilles-du-mene,287 000,Saint-Gilles-Du-Mene 22330,215,5 538,11
Saint brieuc - maison quartier ste therese - 186.23 m2 hab,https://www.etreproprio.com/immobilier-21890935-vente-saint-brieuc-maison-quartier-ste-therese-18623-m2-hab-saint-brieuc,335 920,Saint-Brieuc 22000,186,259,8
Maison 240m² à saint-brieuc,https://www.etreproprio.com/immobilier-22577952-vente-maison-240m-a-saint-brieuc-saint-brieuc,313 000,Saint-Brieuc 22000,240,2 000,10
Maison de charme avec jardin a saint-brieuc proche centre ville,https://www.etreproprio.com/immobilier-22580529-vente-maison-de-charme-avec-jardin-a-saint-brieuc-proche-centre-ville-saint-brieuc,399 321,Saint-Brieuc 22000,144,283,7
"Maison de caractère rénovée - charme & modernité, à 2h20 de paris",https://www.etreproprio.com/immobilier-22315315-vente-maison-de-caractere-renovee-charme-modernite-a-2h20-de-paris-saint-brieuc,348 370,Saint-Brieuc 22000,127,186,4
Maison saint brieuc 6 pièce(s) 142 m2,https://www.etreproprio.com/immobilier-22318141-vente-maison-saint-brieuc-6-pieces-142-m2-saint-brieuc,298 680,Saint-Brieuc 22000,142,487,6
"Maison de ville de 2004, garage, jardin clos",https://www.etreproprio.com/immobilier-22253313-vente-maison-de-ville-de-2004-garage-jardin-clos-saint-brieuc,348 370,Saint-Brieuc 22000,129,186,5
Maison contemporaine à saint brieuc 6 pièce(s) 123.3 m2,https://www.etreproprio.com/immobilier-22185236-vente-maison-contemporaine-a-saint-brieuc-6-pieces-1233-m2-saint-brieuc,275 600,Saint-Brieuc 22000,123,361,6
Maison 82m² à saint-brieuc,https://www.etreproprio.com/immobilier-22145364-vente-maison-82m-a-saint-brieuc-saint-brieuc,147 000,Saint-Brieuc 22000,82,250,4
Maison de caractère à vendre 7 pièces saint brieuc (22),https://www.etreproprio.com/immobilier-22022671-vente-maison-de-caractere-a-vendre-7-pieces-saint-brieuc-22-saint-brieuc,265 000,Saint-Brieuc 22000,149,,7
Maison de ville sur 729 m2 de terrain,https://www.etreproprio.com/immobilier-21831533-vente-maison-de-ville-sur-729-m2-de-terrain-saint-brieuc,322 369,Saint-Brieuc 22000,198,729,8
"Maison vue mer plerin aux portes de saint-brieuc, emplacement  exceptionnel et privilegie  réf : 202531",https://www.etreproprio.com/immobilier-21772751-vente-maison-vue-mer-plerin-aux-portes-de-saint-brieuc-emplacement-exceptionnel-et-privilegie-ref-202531-saint-brieuc,890 000,Saint-Brieuc 22000,229,4 904,8
Maison  8 pièce(s) 238 m2,https://www.etreproprio.com/immobilier-21315987-vente-maison-8-pieces-238-m2-saint-brieuc,599 000,Saint-Brieuc 22000,238,1 026,8
Saint brieuc  maison de 114 m2 quartier sainte thérèse,https://www.etreproprio.com/immobilier-21209094-vente-saint-brieuc-maison-de-114-m2-quartier-sainte-therese-saint-brieuc,189 900,Saint-Brieuc 22000,115,269,7
Maison à vendre 3 pièces avec terrain construtible saint brieuc (22),https://www.etreproprio.com/immobilier-21010800-vente-maison-a-vendre-3-pieces-avec-terrain-construtible-saint-brieuc-22-saint-brieuc,159 904,Saint-Brieuc 22000,50,476,3
Maison vue mer sur un parc arboré et paysager : unique face a la mer  réf : 2024128,https://www.etreproprio.com/immobilier-20722331-vente-maison-vue-mer-sur-un-parc-arbore-et-paysager-unique-face-a-la-mer-ref-2024128-saint-brieuc,1 172 940,Saint-Brieuc 22000,320,10 474,12
Maison 175m² à saint-brieuc,https://www.etreproprio.com/immobilier-19004130-vente-maison-175m-a-saint-brieuc-saint-brieuc,221 550,Saint-Brieuc 22000,175,190,8
Saint-brieuc- maison familiale de 180m²,https://www.etreproprio.com/immobilier-20152165-vente-saint-brieuc-maison-familiale-de-180m-saint-brieuc,419 200,Saint-Brieuc 22000,180,373,6
"Immeuble d'habitation, terrain 484m2, 2 garages",https://www.etreproprio.com/immobilier-19687528-vente-immeuble-d-habitation-terrain-484m2-2-garages-saint-brieuc,596 850,Saint-Brieuc 22000,305,484,13
Maison 230m² à saint-brieuc,https://www.etreproprio.com/immobilier-13379341-vente-maison-230m-a-saint-brieuc-saint-brieuc,315 000,Saint-Brieuc 22000,230,535,7
"Maison en pierres d'environ 79 m2 habitables, 3 chambres",https://www.etreproprio.com/immobilier-23571640-vente-maison-en-pierres-d-environ-79-m2-habitables-3-chambres-saint-gilles-pligeaux,44 800,Saint-Gilles-Pligeaux 22480,79,179,4
"Maison alimentée en eau de source avec dépendances, hangar et vaste terrain — saint-gilles-pligeaux",https://www.etreproprio.com/immobilier-22729842-vente-maison-alimentee-en-eau-de-source-avec-dependances-hangar-et-vaste-terrain-saint-gilles-pligeaux-saint-gilles-pligeaux,,,,,
"Saint gilles vieux marché, maison à vendre",https://www.etreproprio.com/immobilier-23722225-vente-saint-gilles-vieux-marche-maison-a-vendre-saint-gilles-vieux-marche,97 200,Saint-Gilles-Vieux-Marche 22530,142,305,6
Maison 164m² à saint-gilles-vieux-marche,https://www.etreproprio.com/immobilier-23537507-vente-maison-164m-a-saint-gilles-vieux-marche-saint-gilles-vieux-marche,399 000,Saint-Gilles-Vieux-Marche 22530,164,16 363,5
Longere de batiments en pierres a renover,https://www.etreproprio.com/immobilier-22935116-vente-longere-de-batiments-en-pierres-a-renover-saint-gilles-vieux-marche,34 000,Saint-Gilles-Vieux-Marche 22530,200,1 621,4
Manoir saint gilles vieux marche 5 pièce(s) 300 m2,https://www.etreproprio.com/immobilier-22068205-vente-manoir-saint-gilles-vieux-marche-5-pieces-300-m2-saint-gilles-vieux-marche,119 000,Saint-Gilles-Vieux-Marche 22530,300,6 000,5
Maison 142m² à saint-glen,https://www.etreproprio.com/immobilier-23244572-vente-maison-142m-a-saint-glen-saint-glen,250 000,Saint-Glen 22510,142,960,6
A vendre - maison mitoyenne de 142m2 / terrain de 960m2 / entièrement rénovée,https://www.etreproprio.com/immobilier-23215495-vente-a-vendre-maison-mitoyenne-de-142m2-terrain-de-960m2-entierement-renovee-saint-glen,249 600,Saint-Glen 22510,142,960,6
Maison 87m² à saint-goueno,https://www.etreproprio.com/immobilier-23447374-vente-maison-87m-a-saint-goueno-saint-goueno,112 000,Saint-Goueno 22330,87,2 390,5
Maison 55m² à saint-goueno,https://www.etreproprio.com/immobilier-23730720-vente-maison-55m-a-saint-goueno-saint-goueno,122 000,Saint-Goueno 22330,55,1 030,4
Maison 57m² à saint-goueno,https://www.etreproprio.com/immobilier-23524787-vente-maison-57m-a-saint-goueno-saint-goueno,63 500,Saint-Goueno 22330,57,334,2
Maison 117m² à saint-goueno,https://www.etreproprio.com/immobilier-21608179-vente-maison-117m-a-saint-goueno-saint-goueno,147 000,Saint-Goueno 22330,117,2 023,5
Maison 62m² à saint-goueno,https://www.etreproprio.com/immobilier-23077476-vente-maison-62m-a-saint-goueno-saint-goueno,91 500,Saint-Goueno 22330,62,2 160,3
Maison 124m² à saint-goueno,https://www.etreproprio.com/immobilier-22888995-vente-maison-124m-a-saint-goueno-saint-goueno,147 500,Saint-Goueno 22330,124,1 422,6
Maison en pierres aux portes de dinan,https://www.etreproprio.com/immobilier-23807060-vente-maison-en-pierres-aux-portes-de-dinan-saint-helen,185 500,Saint-Helen 22100,103,164,4
"Maison  5 pièce(s) 112 m2, proche lanvallay",https://www.etreproprio.com/immobilier-23796517-vente-maison-5-pieces-112-m2-proche-lanvallay-saint-helen,235 500,Saint-Helen 22100,93,800,5
Maison saint helen 6 pièce(s) 166 m2,https://www.etreproprio.com/immobilier-23675596-vente-maison-saint-helen-6-pieces-166-m2-saint-helen,316 500,Saint-Helen 22100,166,1 093,6
Maison 98m² à saint-helen,https://www.etreproprio.com/immobilier-22901554-vente-maison-98m-a-saint-helen-saint-helen,184 900,Saint-Helen 22100,98,164,3
A vendre- soquet immobilier - maison recente de plain-pied - saint helen,https://www.etreproprio.com/immobilier-23670847-vente-a-vendre-soquet-immobilier-maison-recente-de-plain-pied-saint-helen-saint-helen,420 000,Saint-Helen 22100,164,712,7
Maison en pierre d'environ 98 m2 - 22100 saint-helen,https://www.etreproprio.com/immobilier-23122440-vente-maison-en-pierre-d-environ-98-m2-22100-saint-helen-saint-helen,187 250,Saint-Helen 22100,98,164,3
Maison 114m² à saint-helen,https://www.etreproprio.com/immobilier-23340869-vente-maison-114m-a-saint-helen-saint-helen,313 500,Saint-Helen 22100,114,1 557,6
Maison de 163 m2/ 5 chambres/ terrain 2200 m2 / sous sol complet / en campagne,https://www.etreproprio.com/immobilier-22288919-vente-maison-de-163-m2-5-chambres-terrain-2200-m2-sous-sol-complet-en-campagne-saint-helen,325 000,Saint-Helen 22100,163,,7
Maison sur sous-sol aux portes de dinan,https://www.etreproprio.com/immobilier-22407883-vente-maison-sur-sous-sol-aux-portes-de-dinan-saint-helen,233 200,Saint-Helen 22100,93,800,5
Maison 125m² à saint-helen,https://www.etreproprio.com/immobilier-22348422-vente-maison-125m-a-saint-helen-saint-helen,231 000,Saint-Helen 22100,125,759,5
Maison 270m² à saint-helen,https://www.etreproprio.com/immobilier-22112896-vente-maison-270m-a-saint-helen-saint-helen,394 000,Saint-Helen 22100,270,1 600,10
Maison 67m² à saint-helen,https://www.etreproprio.com/immobilier-21877234-vente-maison-67m-a-saint-helen-saint-helen,159 900,Saint-Helen 22100,68,2 200,2
Maison 53m² à saint-herve,https://www.etreproprio.com/immobilier-23348836-vente-maison-53m-a-saint-herve-saint-herve,95 000,Saint-Herve 22460,53,65,2
Maisons en front de mer à saint-jacut.,https://www.etreproprio.com/immobilier-23625558-vente-maisons-en-front-de-mer-a-saint-jacut-saint-jacut-de-la-mer,1 690 000,Saint-Jacut-De-La-Mer 22750,207,505,7
Maison 161m² à saint-jacut-de-la-mer,https://www.etreproprio.com/immobilier-22897055-vente-maison-161m-a-saint-jacut-de-la-mer-saint-jacut-de-la-mer,628 800,Saint-Jacut-De-La-Mer 22750,162,562,5
Maison 123m² à saint-jacut-de-la-mer,https://www.etreproprio.com/immobilier-22875580-vente-maison-123m-a-saint-jacut-de-la-mer-saint-jacut-de-la-mer,555 440,Saint-Jacut-De-La-Mer 22750,123,623,4
Maison 148m² à saint-jacut-de-la-mer,https://www.etreproprio.com/immobilier-22746212-vente-maison-148m-a-saint-jacut-de-la-mer-saint-jacut-de-la-mer,,,,,
"Côte d'emeraude - presqu'ile de saint jacut de la mer, propriété de charme",https://www.etreproprio.com/immobilier-20515117-vente-cote-d-emeraude-presqu-ile-de-saint-jacut-de-la-mer-propriete-de-charme-saint-jacut-de-la-mer,1 150 000,Saint-Jacut-De-La-Mer 22750,120,3 014,6
Maison 63m² à saint-jacut-de-la-mer,https://www.etreproprio.com/immobilier-22111235-vente-maison-63m-a-saint-jacut-de-la-mer-saint-jacut-de-la-mer,n.c.,Saint-Jacut-De-La-Mer 22750,63,800,2
Vue mer maison 4 chambres avec jardin à vendre à saint-jacut de la mer en exclusivité,https://www.etreproprio.com/immobilier-21774172-vente-vue-mer-maison-4-chambres-avec-jardin-a-vendre-a-saint-jacut-de-la-mer-en-exclusivite-saint-jacut-de-la-mer,995 289,Saint-Jacut-De-La-Mer 22750,101,,5
Maison 175m² à saint-jacut-du-mene,https://www.etreproprio.com/immobilier-23077181-vente-maison-175m-a-saint-jacut-du-mene-saint-jacut-du-mene,269 900,Saint-Jacut-Du-Mene 22330,175,9 520,6
A vendre - maison de campagne à saint-jacut-du-mené / 184m2 / terrain de 5810m2 arboré / vie de plain-pied / 6,https://www.etreproprio.com/immobilier-23184895-vente-a-vendre-maison-de-campagne-a-saint-jacut-du-mene-184m2-terrain-de-5810m2-arbore-vie-de-plain-pied-6-saint-jacut-du-mene,289 800,Saint-Jacut-Du-Mene 22330,184,,7
Maison 124m² à saint-jouan-de-l'isle,https://www.etreproprio.com/immobilier-22973661-vente-maison-124m-a-saint-jouan-de-l-isle-saint-jouan-de-l-isle,378 000,Saint-Jouan-De-L'isle 22350,124,5 814,4
Maison 115m² à saint-jouan-de-l'isle,https://www.etreproprio.com/immobilier-22697659-vente-maison-115m-a-saint-jouan-de-l-isle-saint-jouan-de-l-isle,64 000,Saint-Jouan-De-L'isle 22350,115,973,4
Maison saint jouan de l isle,https://www.etreproprio.com/immobilier-21745523-vente-maison-saint-jouan-de-l-isle-saint-jouan-de-l-isle,169 400,Saint-Jouan-De-L'isle 22350,122,1 730,5
Maison 135m² à saint-judoce,https://www.etreproprio.com/immobilier-22925867-vente-maison-135m-a-saint-judoce-saint-judoce,393 750,Saint-Judoce 22630,135,17 890,8
Maison 22630,https://www.etreproprio.com/immobilier-22561213-vente-maison-22630-saint-judoce,390 000,Saint-Judoce 22630,165,17 807,7
Maison d'habitation sur sous sol total d'environ 135m² -  saint judoce,https://www.etreproprio.com/immobilier-22458673-vente-maison-d-habitation-sur-sous-sol-total-d-environ-135m-saint-judoce-saint-judoce,393 750,Saint-Judoce 22630,135,17 807,8
Maison 165m² à saint-judoce,https://www.etreproprio.com/immobilier-21710479-vente-maison-165m-a-saint-judoce-saint-judoce,384 900,Saint-Judoce 22630,165,17 807,8
Maison 174m² à saint-julien,https://www.etreproprio.com/immobilier-22975967-vente-maison-174m-a-saint-julien-saint-julien,232 000,Saint-Julien 22940,174,1 165,9
Maison 254m² à saint-julien,https://www.etreproprio.com/immobilier-23690751-vente-maison-254m-a-saint-julien-saint-julien,414 000,Saint-Julien 22940,254,3 748,9
Maison 123m² à saint-julien,https://www.etreproprio.com/immobilier-23436347-vente-maison-123m-a-saint-julien-saint-julien,296 500,Saint-Julien 22940,123,923,5
Maison 153m² à saint-julien,https://www.etreproprio.com/immobilier-23126995-vente-maison-153m-a-saint-julien-saint-julien,348 400,Saint-Julien 22940,153,3 000,6
Maison 170m² à saint-julien,https://www.etreproprio.com/immobilier-22472909-vente-maison-170m-a-saint-julien-saint-julien,179 000,Saint-Julien 22940,170,218,7
Belle contemporaine de 165m2 adaptée pmr avec grand hangar f,https://www.etreproprio.com/immobilier-20474510-vente-belle-contemporaine-de-165m2-adaptee-pmr-avec-grand-hangar-f-saint-julien,373 890,Saint-Julien 22940,165,1 300,5
Cadre de vie privilégié à saint-julien,https://www.etreproprio.com/immobilier-22224189-vente-cadre-de-vie-privilegie-a-saint-julien-saint-julien,375 700,Saint-Julien 22940,165,,4
Maison 232m² à saint-juvat,https://www.etreproprio.com/immobilier-23867669-vente-maison-232m-a-saint-juvat-saint-juvat,357 000,Saint-Juvat 22630,233,2 190,
"12 min sud de dinan, maison en granit à rénover",https://www.etreproprio.com/immobilier-19329250-vente-12-min-sud-de-dinan-maison-en-granit-a-renover-saint-juvat,126 480,Saint-Juvat 22630,114,599,6
Maison 130m² à saint-launeuc,https://www.etreproprio.com/immobilier-21317785-vente-maison-130m-a-saint-launeuc-saint-launeuc,257 000,Saint-Launeuc 22230,130,8 947,5
Maison de bourg - saint laurent,https://www.etreproprio.com/immobilier-23276794-vente-maison-de-bourg-saint-laurent-saint-laurent,65 900,Saint-Laurent 22140,42,,2
"Propriété avec longère, hangar et terrain de 5 720 m²",https://www.etreproprio.com/immobilier-23877772-vente-propriete-avec-longere-hangar-et-terrain-de-5-720-m-saint-lormel,272 000,Saint-Lormel 22130,93,5 720,5
Propriété à vendre avec dépendances 11 pièces saint lormel (22),https://www.etreproprio.com/immobilier-21466061-vente-propriete-a-vendre-avec-dependances-11-pieces-saint-lormel-22-saint-lormel,448 050,Saint-Lormel 22130,191,4 123,11
"Entre mer et campagne. ancien presbytère rénové, parc clos de 5600m²",https://www.etreproprio.com/immobilier-22996410-vente-entre-mer-et-campagne-ancien-presbytere-renove-parc-clos-de-5600m-saint-lormel,410 000,Saint-Lormel 22130,134,5 600,7
Maison 85m² à saint-lormel,https://www.etreproprio.com/immobilier-22548605-vente-maison-85m-a-saint-lormel-saint-lormel,415 000,Saint-Lormel 22130,85,,5
Maison 195m² à saint-maden,https://www.etreproprio.com/immobilier-23166621-vente-maison-195m-a-saint-maden-saint-maden,328 000,Saint-Maden 22350,195,7 596,8
"Maison spacieuse de 167m2, 5 chambres, sur un terrain de 270",https://www.etreproprio.com/immobilier-23650158-vente-maison-spacieuse-de-167m2-5-chambres-sur-un-terrain-de-270-saint-martin-des-pres,242 500,Saint-Martin-Des-Pres 22320,167,,7
Maison individuelle rénovée à saint-martin-des-près (22320),https://www.etreproprio.com/immobilier-23652587-vente-maison-individuelle-renovee-a-saint-martin-des-pres-22320-saint-martin-des-pres,154 660,Saint-Martin-Des-Pres 22320,78,2 100,4
Maison 340m² à saint-martin-des-pres,https://www.etreproprio.com/immobilier-23388061-vente-maison-340m-a-saint-martin-des-pres-saint-martin-des-pres,498 000,Saint-Martin-Des-Pres 22320,340,18 000,11
Maison 140m² à saint-martin-des-pres,https://www.etreproprio.com/immobilier-23259207-vente-maison-140m-a-saint-martin-des-pres-saint-martin-des-pres,66 000,Saint-Martin-Des-Pres 22320,140,765,8
"Côtes-d'armor, saint-martin-des-prés, charmante maison individuelle rénovée avec 2 chambres",https://www.etreproprio.com/immobilier-22913459-vente-cotes-d-armor-saint-martin-des-pres-charmante-maison-individuelle-renovee-avec-2-chambres-saint-martin-des-pres,164 000,Saint-Martin-Des-Pres 22320,78,2 128,6
"Magnifique propriete avec deux gites, piscine et dependances",https://www.etreproprio.com/immobilier-22194125-vente-magnifique-propriete-avec-deux-gites-piscine-et-dependances-saint-martin-des-pres,468 000,Saint-Martin-Des-Pres 22320,282,10 977,12
"Cotes d'armor, proche de mur de bretagne, deux propriétés en pierre de 4 chambres et une avec 1 chambre, piscine chauffée et écu",https://www.etreproprio.com/immobilier-21327370-vente-cotes-d-armor-proche-de-mur-de-bretagne-deux-proprietes-en-pierre-de-4-chambres-et-une-avec-1-chambre-piscine-chauffee-et-ecu-saint-martin-des-pres,470 000,Saint-Martin-Des-Pres 22320,240,11 110,21
"Authentique corps de ferme en pierre avec gîte, dépendances",https://www.etreproprio.com/immobilier-22076555-vente-authentique-corps-de-ferme-en-pierre-avec-gite-dependances-saint-martin-des-pres,465 750,Saint-Martin-Des-Pres 22320,282,11 110,13
"Maison noble  du xviie siècle, au calme de la campagne",https://www.etreproprio.com/immobilier-20850707-vente-maison-noble-du-xviie-siecle-au-calme-de-la-campagne-saint-martin-des-pres,348 000,Saint-Martin-Des-Pres 22320,195,2 144,6
Maison 7 pièces de 142 m2,https://www.etreproprio.com/immobilier-23083270-vente-maison-7-pieces-de-142-m2-saint-maudez,262 000,Saint-Maudez 22980,142,880,7
Vente maison saint-maudez(22980) 265 530ï¿œ,https://www.etreproprio.com/immobilier-22721811-vente-vente-maison-saint-maudez22980-265-530i-oe-saint-maudez,265 530,Saint-Maudez 22980,142,881,7
"Saint-mayeux, maison à vendre",https://www.etreproprio.com/immobilier-23841541-vente-saint-mayeux-maison-a-vendre-saint-mayeux,241 500,Saint-Mayeux 22320,108,10 362,5
Maison écologique sur 1ha de terrain,https://www.etreproprio.com/immobilier-23550940-vente-maison-ecologique-sur-1ha-de-terrain-saint-mayeux,178 100,Saint-Mayeux 22320,115,10 640,6
Havre de paix en campagne   deux maisons sur un grand terrai,https://www.etreproprio.com/immobilier-23379975-vente-havre-de-paix-en-campagne-deux-maisons-sur-un-grand-terrai-saint-mayeux,255 225,Saint-Mayeux 22320,160,3 598,8
Ferme 6 pièces 90 m2,https://www.etreproprio.com/immobilier-22929653-vente-ferme-6-pieces-90-m2-saint-mayeux,125 000,Saint-Mayeux 22320,90,5 000,6
Maison 768m² à saint-mayeux,https://www.etreproprio.com/immobilier-22637802-vente-maison-768m-a-saint-mayeux-saint-mayeux,395 000,Saint-Mayeux 22320,768,29 317,27
Maison à vendre 5 pièces saint mayeux (22),https://www.etreproprio.com/immobilier-21925249-vente-maison-a-vendre-5-pieces-saint-mayeux-22-saint-mayeux,245 640,Saint-Mayeux 22320,108,10 362,5
"Cotes d'armor , belle longère en pierre divisée en trois habitations, studio et camping - potentiel de revenus",https://www.etreproprio.com/immobilier-22046741-vente-cotes-d-armor-belle-longere-en-pierre-divisee-en-trois-habitations-studio-et-camping-potentiel-de-revenus-saint-mayeux,349 500,Saint-Mayeux 22320,241,2 580,12
Maison saint mayeux 3 pièce(s) 65 m2,https://www.etreproprio.com/immobilier-21137862-vente-maison-saint-mayeux-3-pieces-65-m2-saint-mayeux,78 300,Saint-Mayeux 22320,65,280,3
Maison st meloir des bois,https://www.etreproprio.com/immobilier-22397710-vente-maison-st-meloir-des-bois-saint-meloir-des-bois,291 200,Saint-Meloir-Des-Bois 22980,155,7 000,6
Maison familiale rénovée à 600 m de la plage – studio indépendan,https://www.etreproprio.com/immobilier-23771368-vente-maison-familiale-renovee-a-600-m-de-la-plage-studio-independan-saint-michel-en-greve,339 000,Saint-Michel-En-Greve 22300,144,807,7
Maison de charme années 30 à rénover – 500 m de la plage,https://www.etreproprio.com/immobilier-23747575-vente-maison-de-charme-annees-30-a-renover-500-m-de-la-plage-saint-michel-en-greve,161 850,Saint-Michel-En-Greve 22300,100,609,4
Maison familiale rénovée à 600 m de la plage – studio indépendan,https://www.etreproprio.com/immobilier-23041557-vente-maison-familiale-renovee-a-600-m-de-la-plage-studio-independan-saint-michel-en-greve,339 000,Saint-Michel-En-Greve 22300,144,807,7
Maison 78m² à saint-michel-en-greve,https://www.etreproprio.com/immobilier-23240792-vente-maison-78m-a-saint-michel-en-greve-saint-michel-en-greve,136 200,Saint-Michel-En-Greve 22300,78,302,5
Maison 108m² à saint-michel-en-greve,https://www.etreproprio.com/immobilier-23504182-vente-maison-108m-a-saint-michel-en-greve-saint-michel-en-greve,269 000,Saint-Michel-En-Greve 22300,108,1 316,4
Maison 147m² à saint-michel-en-greve,https://www.etreproprio.com/immobilier-22401215-vente-maison-147m-a-saint-michel-en-greve-saint-michel-en-greve,229 000,Saint-Michel-En-Greve 22300,147,8 616,7
Maison 300m² à saint-michel-en-greve,https://www.etreproprio.com/immobilier-22861898-vente-maison-300m-a-saint-michel-en-greve-saint-michel-en-greve,499 000,Saint-Michel-En-Greve 22300,300,930,10
Maison 155m² à saint-michel-en-greve,https://www.etreproprio.com/immobilier-21800841-vente-maison-155m-a-saint-michel-en-greve-saint-michel-en-greve,473 900,Saint-Michel-En-Greve 22300,155,711,6
Maison 155m² à saint-michel-en-greve,https://www.etreproprio.com/immobilier-21759975-vente-maison-155m-a-saint-michel-en-greve-saint-michel-en-greve,473 900,Saint-Michel-En-Greve 22300,155,711,7
Maison 317m² à saint-nicolas-du-pelem,https://www.etreproprio.com/immobilier-23850376-vente-maison-317m-a-saint-nicolas-du-pelem-saint-nicolas-du-pelem,313 000,Saint-Nicolas-Du-Pelem 22480,317,437,17
Maison de campagne avec dépendances et sous-sol complet à aménager,https://www.etreproprio.com/immobilier-22511810-vente-maison-de-campagne-avec-dependances-et-sous-sol-complet-a-amenager-saint-nicolas-du-pelem,99 000,Saint-Nicolas-Du-Pelem 22480,67,4 160,5
Maison à vendre 4 pièces saint nicolas du pelem (22),https://www.etreproprio.com/immobilier-23192639-vente-maison-a-vendre-4-pieces-saint-nicolas-du-pelem-22-saint-nicolas-du-pelem,100 000,Saint-Nicolas-Du-Pelem 22480,68,4 160,4
Maison à vendre 17 pièces saint nicolas du pelem (22),https://www.etreproprio.com/immobilier-23716121-vente-maison-a-vendre-17-pieces-saint-nicolas-du-pelem-22-saint-nicolas-du-pelem,316 500,Saint-Nicolas-Du-Pelem 22480,320,437,17
Maison 68m² à saint-nicolas-du-pelem,https://www.etreproprio.com/immobilier-23233156-vente-maison-68m-a-saint-nicolas-du-pelem-saint-nicolas-du-pelem,100 000,Saint-Nicolas-Du-Pelem 22480,68,,3
"Maison 5 pièces, 83m2, saint-nicolas-du-pelem",https://www.etreproprio.com/immobilier-23116402-vente-maison-5-pieces-83m2-saint-nicolas-du-pelem-saint-nicolas-du-pelem,171 270,Saint-Nicolas-Du-Pelem 22480,83,976,5
Maison saint nicolas du pelem 4 pièce(s) 68 m2,https://www.etreproprio.com/immobilier-23546720-vente-maison-saint-nicolas-du-pelem-4-pieces-68-m2-saint-nicolas-du-pelem,114 000,Saint-Nicolas-Du-Pelem 22480,68,4 160,4
Maison à rénover proche des commodités,https://www.etreproprio.com/immobilier-23453732-vente-maison-a-renover-proche-des-commodites-saint-nicolas-du-pelem,55 000,Saint-Nicolas-Du-Pelem 22480,53,1 514,3
"Saint-nicolas-du-pelem, maison à vendre",https://www.etreproprio.com/immobilier-23206624-vente-saint-nicolas-du-pelem-maison-a-vendre-saint-nicolas-du-pelem,167 000,Saint-Nicolas-Du-Pelem 22480,125,225,6
"Cotes d'armor saint nicolas du pélem, une maison de 5 chambres, un appartement d'une chambre et un gîte d'une chambre, au centre",https://www.etreproprio.com/immobilier-23068812-vente-cotes-d-armor-saint-nicolas-du-pelem-une-maison-de-5-chambres-un-appartement-d-une-chambre-et-un-gite-d-une-chambre-au-centre-saint-nicolas-du-pelem,313 500,Saint-Nicolas-Du-Pelem 22480,339,550,17
Maison de rapport,https://www.etreproprio.com/immobilier-23003966-vente-maison-de-rapport-saint-nicolas-du-pelem,319 500,Saint-Nicolas-Du-Pelem 22480,330,437,14
Grande maison en pierre sous ardoise - st nicolas du pélem,https://www.etreproprio.com/immobilier-21775460-vente-grande-maison-en-pierre-sous-ardoise-st-nicolas-du-pelem-saint-nicolas-du-pelem,89 000,Saint-Nicolas-Du-Pelem 22480,180,649,8
Maison 102m² à saint-nicolas-du-pelem,https://www.etreproprio.com/immobilier-22317662-vente-maison-102m-a-saint-nicolas-du-pelem-saint-nicolas-du-pelem,85 000,Saint-Nicolas-Du-Pelem 22480,102,369,5
Maison à vendre 6 pièces saint nicolas du pelem (22),https://www.etreproprio.com/immobilier-22193228-vente-maison-a-vendre-6-pieces-saint-nicolas-du-pelem-22-saint-nicolas-du-pelem,72 000,Saint-Nicolas-Du-Pelem 22480,110,235,6
Maison sans travaux à proximité des commodités,https://www.etreproprio.com/immobilier-21775458-vente-maison-sans-travaux-a-proximite-des-commodites-saint-nicolas-du-pelem,106 900,Saint-Nicolas-Du-Pelem 22480,65,104,3
Corps de ferme avec dependances sur 1679 m2 a renover entierement,https://www.etreproprio.com/immobilier-20329926-vente-corps-de-ferme-avec-dependances-sur-1679-m2-a-renover-entierement-saint-nicolas-du-pelem,55 000,Saint-Nicolas-Du-Pelem 22480,113,1 679,5
Maison 165m² à saint-nicolas-du-pelem,https://www.etreproprio.com/immobilier-17519409-vente-maison-165m-a-saint-nicolas-du-pelem-saint-nicolas-du-pelem,296 240,Saint-Nicolas-Du-Pelem 22480,166,4 211,8
maison en pierres- 100 m2 habitables à rénover,https://www.etreproprio.com/immobilier-11536641-vente-maison-en-pierres-100-m2-habitables-a-renover-saint-nicolas-du-pelem,30 000,Saint-Nicolas-Du-Pelem 22480,100,97,5
Maison saint pever 3 pièce(s) 106 m2,https://www.etreproprio.com/immobilier-20222803-vente-maison-saint-pever-3-pieces-106-m2-saint-pever,87 000,Saint-Pever 22720,106,562,3
Longère saint-potan,https://www.etreproprio.com/immobilier-23152530-vente-longere-saint-potan-saint-potan,262 000,Saint-Potan 22550,143,1 910,5
Maison 97m² à saint-quay-perros,https://www.etreproprio.com/immobilier-23744586-vente-maison-97m-a-saint-quay-perros-saint-quay-perros,249 350,Saint-Quay-Perros 22700,97,421,6
Propriété avec potentiel locatif,https://www.etreproprio.com/immobilier-23697732-vente-propriete-avec-potentiel-locatif-saint-quay-perros,298 000,Saint-Quay-Perros 22700,91,2 308,5
Maison 129m² à saint-quay-perros,https://www.etreproprio.com/immobilier-23652729-vente-maison-129m-a-saint-quay-perros-saint-quay-perros,306 800,Saint-Quay-Perros 22700,129,1 506,6
Maison traditionnelle et chalets locatifs,https://www.etreproprio.com/immobilier-23615322-vente-maison-traditionnelle-et-chalets-locatifs-saint-quay-perros,299 000,Saint-Quay-Perros 22700,91,2 300,7
Maison saint quay perros 7 pièce(s) 158 m2,https://www.etreproprio.com/immobilier-23568491-vente-maison-saint-quay-perros-7-pieces-158-m2-saint-quay-perros,483 000,Saint-Quay-Perros 22700,158,775,7
Maison 96m² à saint-quay-perros,https://www.etreproprio.com/immobilier-22541023-vente-maison-96m-a-saint-quay-perros-saint-quay-perros,280 000,Saint-Quay-Perros 22700,96,660,5
Maison contemporaine vue mer saint quay perros (22),https://www.etreproprio.com/immobilier-20797046-vente-maison-contemporaine-vue-mer-saint-quay-perros-22-saint-quay-perros,577 500,Saint-Quay-Perros 22700,150,3 399,6
"Aux portes de perros-guirec, maison avec piscine et vue sur la baie  réf : 202532",https://www.etreproprio.com/immobilier-21782254-vente-aux-portes-de-perros-guirec-maison-avec-piscine-et-vue-sur-la-baie-ref-202532-saint-quay-perros,1 069 140,Saint-Quay-Perros 22700,208,2 015,9
Maison saint quay perros 5 pièce(s) 120 m2,https://www.etreproprio.com/immobilier-22620132-vente-maison-saint-quay-perros-5-pieces-120-m2-saint-quay-perros,339 000,Saint-Quay-Perros 22700,120,1 314,5
Saint-quay-perros: maison 5 pièces principales sur 1300m2 de terrain,https://www.etreproprio.com/immobilier-22584219-vente-saint-quay-perros-maison-5-pieces-principales-sur-1300m2-de-terrain-saint-quay-perros,340 500,Saint-Quay-Perros 22700,124,1 300,5
Maison traditionnellle saint quay perros (22),https://www.etreproprio.com/immobilier-21557379-vente-maison-traditionnellle-saint-quay-perros-22-saint-quay-perros,535 600,Saint-Quay-Perros 22700,187,2 350,11
Ensemble immobilier au coeur du port,https://www.etreproprio.com/immobilier-23876568-vente-ensemble-immobilier-au-coeur-du-port-saint-quay-portrieux,644 800,Saint-Quay-Portrieux 22410,180,150,11
Prix en baisse ! maison saint quay portrieux  6 pièce(s),https://www.etreproprio.com/immobilier-21228522-vente-prix-en-baisse-maison-saint-quay-portrieux-6-pieces-saint-quay-portrieux,262 000,Saint-Quay-Portrieux 22410,130,249,5
Maison 47m² à saint-quay-portrieux,https://www.etreproprio.com/immobilier-23820896-vente-maison-47m-a-saint-quay-portrieux-saint-quay-portrieux,275 000,Saint-Quay-Portrieux 22410,47,,3
"Côte de goëlo, maison entourée d’un vaste jardin paysager, au cœur d’un site remarquable",https://www.etreproprio.com/immobilier-23794876-vente-cote-de-goelo-maison-entouree-d-un-vaste-jardin-paysager-au-coeur-d-un-site-remarquable-saint-quay-portrieux,315 000,Saint-Quay-Portrieux 22410,,,5
"Maison de charme rénovée à vendre à saint-quay-portrieux, proche port et plage réf : 2025125",https://www.etreproprio.com/immobilier-23770679-vente-maison-de-charme-renovee-a-vendre-a-saint-quay-portrieux-proche-port-et-plage-ref-2025125-saint-quay-portrieux,830 400,Saint-Quay-Portrieux 22410,252,1 258,7
Maison 192m² à saint-quay-portrieux,https://www.etreproprio.com/immobilier-23756529-vente-maison-192m-a-saint-quay-portrieux-saint-quay-portrieux,661 000,Saint-Quay-Portrieux 22410,192,1 200,11
Maison 118m² à saint-quay-portrieux,https://www.etreproprio.com/immobilier-23723843-vente-maison-118m-a-saint-quay-portrieux-saint-quay-portrieux,364 000,Saint-Quay-Portrieux 22410,118,266,7
A vendre : saint-quay-portrieux maison familiale,https://www.etreproprio.com/immobilier-23647037-vente-a-vendre-saint-quay-portrieux-maison-familiale-saint-quay-portrieux,371 000,Saint-Quay-Portrieux 22410,135,587,5
Saint quay portrieux : a vendre maison en impasse !,https://www.etreproprio.com/immobilier-23627379-vente-saint-quay-portrieux-a-vendre-maison-en-impasse-saint-quay-portrieux,286 200,Saint-Quay-Portrieux 22410,77,430,4
Maison 47m² à saint-quay-portrieux,https://www.etreproprio.com/immobilier-23535434-vente-maison-47m-a-saint-quay-portrieux-saint-quay-portrieux,279 575,Saint-Quay-Portrieux 22410,47,38,3
Plein coeur du bourg de saint quay !,https://www.etreproprio.com/immobilier-23477853-vente-plein-coeur-du-bourg-de-saint-quay-saint-quay-portrieux,258 720,Saint-Quay-Portrieux 22410,55,83,3
"Saint quay portrieux, maison en pierre avec hangar",https://www.etreproprio.com/immobilier-22253372-vente-saint-quay-portrieux-maison-en-pierre-avec-hangar-saint-quay-portrieux,284 580,Saint-Quay-Portrieux 22410,86,2 752,4
"Centre de saint quay, maison de maître avec jardin",https://www.etreproprio.com/immobilier-23430826-vente-centre-de-saint-quay-maison-de-maitre-avec-jardin-saint-quay-portrieux,497 000,Saint-Quay-Portrieux 22410,110,193,5
Nouveauté ensembles de 2 maisons  st quay portrieux,https://www.etreproprio.com/immobilier-22052654-vente-nouveaute-ensembles-de-2-maisons-st-quay-portrieux-saint-quay-portrieux,492 560,Saint-Quay-Portrieux 22410,136,420,8
À vendre – authentique demeure en pierres à proximité de saint quay portrieux et binic,https://www.etreproprio.com/immobilier-23409856-vente-a-vendre-authentique-demeure-en-pierres-a-proximite-de-saint-quay-portrieux-et-binic-saint-quay-portrieux,315 000,Saint-Quay-Portrieux 22410,170,480,8
Maison à vendre saint-quay-portrieux,https://www.etreproprio.com/immobilier-21937813-vente-maison-a-vendre-saint-quay-portrieux-saint-quay-portrieux,193 325,Saint-Quay-Portrieux 22410,77,340,3
"Emplacement premium lumineuse maison t4, jardin, belles prestations, proche de la mer",https://www.etreproprio.com/immobilier-22571997-vente-emplacement-premium-lumineuse-maison-t4-jardin-belles-prestations-proche-de-la-mer-saint-quay-portrieux,345 000,Saint-Quay-Portrieux 22410,84,98,4
"Lumineuse maison t3 neuve à proximité de la mer, jardin privatif, bel environnement, prestations de qualité",https://www.etreproprio.com/immobilier-22571998-vente-lumineuse-maison-t3-neuve-a-proximite-de-la-mer-jardin-privatif-bel-environnement-prestations-de-qualite-saint-quay-portrieux,303 000,Saint-Quay-Portrieux 22410,69,94,3
Saint quay portrieux : a vendre maison secteur du port !,https://www.etreproprio.com/immobilier-20698981-vente-saint-quay-portrieux-a-vendre-maison-secteur-du-port-saint-quay-portrieux,212 000,Saint-Quay-Portrieux 22410,77,152,3
Saint quay portrieux - kertugal,https://www.etreproprio.com/immobilier-22998026-vente-saint-quay-portrieux-kertugal-saint-quay-portrieux,315 000,Saint-Quay-Portrieux 22410,113,705,4
Longère sur saint-rieul / 136m2 / terrain 5 208m2 / location + habitation,https://www.etreproprio.com/immobilier-23140306-vente-longere-sur-saint-rieul-136m2-terrain-5-208m2-location-habitation-saint-rieul,309 000,Saint-Rieul 22270,136,5 208,6
Maison 96m² à saint-samson-sur-rance,https://www.etreproprio.com/immobilier-23548588-vente-maison-96m-a-saint-samson-sur-rance-saint-samson-sur-rance,239 400,Saint-Samson-Sur-Rance 22100,96,880,5
Maison 111m² à saint-samson-sur-rance,https://www.etreproprio.com/immobilier-23832166-vente-maison-111m-a-saint-samson-sur-rance-saint-samson-sur-rance,218 000,Saint-Samson-Sur-Rance 22100,111,1 400,5
Maison 85m² à saint-samson-sur-rance,https://www.etreproprio.com/immobilier-23832165-vente-maison-85m-a-saint-samson-sur-rance-saint-samson-sur-rance,157 000,Saint-Samson-Sur-Rance 22100,85,500,4
Maison 94m² à saint-samson-sur-rance,https://www.etreproprio.com/immobilier-23097059-vente-maison-94m-a-saint-samson-sur-rance-saint-samson-sur-rance,283 500,Saint-Samson-Sur-Rance 22100,95,533,4
Maison st samson sur rance 6 pièce(s) 123 m2,https://www.etreproprio.com/immobilier-23107386-vente-maison-st-samson-sur-rance-6-pieces-123-m2-saint-samson-sur-rance,222 600,Saint-Samson-Sur-Rance 22100,123,571,6
Nouveaute  saint-samson-sur -rance,https://www.etreproprio.com/immobilier-23037850-vente-nouveaute-saint-samson-sur-rance-saint-samson-sur-rance,367 500,Saint-Samson-Sur-Rance 22100,111,549,5
Nouveaute saint-samson-sur rance,https://www.etreproprio.com/immobilier-19799801-vente-nouveaute-saint-samson-sur-rance-saint-samson-sur-rance,222 600,Saint-Samson-Sur-Rance 22100,111,1 400,6
Nouveaute saint-samson-sur rance,https://www.etreproprio.com/immobilier-21233252-vente-nouveaute-saint-samson-sur-rance-saint-samson-sur-rance,159 000,Saint-Samson-Sur-Rance 22100,85,,5
Saint quay portrieux : a vendre maison emplacement ideal!,https://www.etreproprio.com/immobilier-22208555-vente-saint-quay-portrieux-a-vendre-maison-emplacement-ideal-saint-quay-portrieux,189 000,Saint-Quay-Portrieux 22410,49,59,3
Maison 4 pièces avec jardin privatif – quartier recherché à saint quay portrieux (22),https://www.etreproprio.com/immobilier-22752373-vente-maison-4-pieces-avec-jardin-privatif-quartier-recherche-a-saint-quay-portrieux-22-saint-quay-portrieux,365 000,Saint-Quay-Portrieux 22325,84,54,4
Maison 4 pièces avec jardin privatif – quartier recherché à saint quay portrieux (22),https://www.etreproprio.com/immobilier-22752371-vente-maison-4-pieces-avec-jardin-privatif-quartier-recherche-a-saint-quay-portrieux-22-saint-quay-portrieux,335 000,Saint-Quay-Portrieux 22325,79,51,4
"Maison familiale en pierre au coeur du portrieux, avec terrasse et jardin en espalier...",https://www.etreproprio.com/immobilier-22734332-vente-maison-familiale-en-pierre-au-coeur-du-portrieux-avec-terrasse-et-jardin-en-espalier-saint-quay-portrieux,354 500,Saint-Quay-Portrieux 22410,120,298,7
"Grande bâtisse en pierres, proche st quay,  ideal investisseurs ou autres",https://www.etreproprio.com/immobilier-22734301-vente-grande-batisse-en-pierres-proche-st-quay-ideal-investisseurs-ou-autres-saint-quay-portrieux,438 900,Saint-Quay-Portrieux 22410,542,841,21
"Maison de ville en pierre, à 2 pas du port et des commerces...",https://www.etreproprio.com/immobilier-22734331-vente-maison-de-ville-en-pierre-a-2-pas-du-port-et-des-commerces-saint-quay-portrieux,219 000,Saint-Quay-Portrieux 22410,72,24,3
"Maison de plain-pied, idéale pied-à-terre à saint-quay-portrieux",https://www.etreproprio.com/immobilier-22604215-vente-maison-de-plain-pied-ideale-pied-a-terre-a-saint-quay-portrieux-saint-quay-portrieux,151 990,Saint-Quay-Portrieux 22410,40,16,3
Maison en pierre saint quay,https://www.etreproprio.com/immobilier-22592083-vente-maison-en-pierre-saint-quay-saint-quay-portrieux,294 000,Saint-Quay-Portrieux 22410,81,403,3
Maison 162m² à saint-quay-portrieux,https://www.etreproprio.com/immobilier-22329615-vente-maison-162m-a-saint-quay-portrieux-saint-quay-portrieux,498 000,Saint-Quay-Portrieux 22410,162,288,9
Plein coeur du bourg de saint quay !,https://www.etreproprio.com/immobilier-21677615-vente-plein-coeur-du-bourg-de-saint-quay-saint-quay-portrieux,448 060,Saint-Quay-Portrieux 22410,155,,5
Saint quay portrieux : a vendre maison vue mer !,https://www.etreproprio.com/immobilier-19213746-vente-saint-quay-portrieux-a-vendre-maison-vue-mer-saint-quay-portrieux,610 000,Saint-Quay-Portrieux 22410,179,2 540,6
A vendre - maison balneaire - st quay - portrieux - type 6 - 160m²,https://www.etreproprio.com/immobilier-19882513-vente-a-vendre-maison-balneaire-st-quay-portrieux-type-6-160m-saint-quay-portrieux,495 704,Saint-Quay-Portrieux 22410,160,288,8
"5mn de saint quay, cadre bucolique !",https://www.etreproprio.com/immobilier-19852122-vente-5mn-de-saint-quay-cadre-bucolique-saint-quay-portrieux,348 400,Saint-Quay-Portrieux 22410,120,1 650,5
"En exclusivité, front de mer à saint quay portrieux",https://www.etreproprio.com/immobilier-19800900-vente-en-exclusivite-front-de-mer-a-saint-quay-portrieux-saint-quay-portrieux,1 100 000,Saint-Quay-Portrieux 22410,170,1 199,6
"Château de calan / villa ker moor, lieu historique de saint-quay-portrieux",https://www.etreproprio.com/immobilier-17377600-vente-chateau-de-calan-villa-ker-moor-lieu-historique-de-saint-quay-portrieux-saint-quay-portrieux,1 800 000,Saint-Quay-Portrieux 22410,330,1 200,10
"St quay portrieux, plages, port et commerces à pied",https://www.etreproprio.com/immobilier-18528715-vente-st-quay-portrieux-plages-port-et-commerces-a-pied-saint-quay-portrieux,386 280,Saint-Quay-Portrieux 22410,110,1 354,5
** exclusivite ** 3 chambres** maison familiale** grenier amenageable** terrain 2707 m²,https://www.etreproprio.com/immobilier-21412551-vente-exclusivite-3-chambres-maison-familiale-grenier-amenageable-terrain-2707-m-saint-servais,95 000,Saint-Servais 22160,97,,6
Maison en pierres à rénover,https://www.etreproprio.com/immobilier-21851214-vente-maison-en-pierres-a-renover-saint-servais,29 500,Saint-Servais 22160,135,,4
Maison 126m² à saint-thelo,https://www.etreproprio.com/immobilier-23362253-vente-maison-126m-a-saint-thelo-saint-thelo,225 000,Saint-Thelo 22460,126,11 913,4
Maison 155m² à saint-thelo,https://www.etreproprio.com/immobilier-23196411-vente-maison-155m-a-saint-thelo-saint-thelo,134 000,Saint-Thelo 22460,155,1 000,6
Maison 526m² à saint-thelo,https://www.etreproprio.com/immobilier-20970773-vente-maison-526m-a-saint-thelo-saint-thelo,1 140 000,Saint-Thelo 22460,526,31 685,17
"Sainte-tréphine, propriété à vendre",https://www.etreproprio.com/immobilier-22942709-vente-sainte-trephine-propriete-a-vendre-sainte-trephine,267 500,Sainte-Trephine 22480,190,6 500,7
"Maison 5 pièces, 115m2, sainte-tréphine (22480)",https://www.etreproprio.com/immobilier-23353989-vente-maison-5-pieces-115m2-sainte-trephine-22480-sainte-trephine,160 000,Sainte-Trephine 22480,115,1 546,5
"Sainte trephine, maison en pierre à vendre",https://www.etreproprio.com/immobilier-20800507-vente-sainte-trephine-maison-en-pierre-a-vendre-sainte-trephine,118 800,Sainte-Trephine 22480,164,10 670,6
A vendre - maison mitoyenne de 95m2 secteur saint trimoël / trois chambres / terrain de 7019m2 / dépendance,https://www.etreproprio.com/immobilier-23574958-vente-a-vendre-maison-mitoyenne-de-95m2-secteur-saint-trimoel-trois-chambres-terrain-de-7019m2-dependance-saint-trimoel,228 800,Saint-Trimoel 22510,95,,4
Maison en pierre de 93m2,https://www.etreproprio.com/immobilier-23716985-vente-maison-en-pierre-de-93m2-saint-vran,134 500,Saint-Vran 22230,92,1 966,4
Maison 127m² à saint-vran,https://www.etreproprio.com/immobilier-23205848-vente-maison-127m-a-saint-vran-saint-vran,193 300,Saint-Vran 22230,127,9 861,7
Maison 112m² à saint-vran,https://www.etreproprio.com/immobilier-23232587-vente-maison-112m-a-saint-vran-saint-vran,180 700,Saint-Vran 22230,112,2 022,4
Maison  8 pièce(s) 183 m2,https://www.etreproprio.com/immobilier-21600977-vente-maison-8-pieces-183-m2-saint-vran,215 000,Saint-Vran 22230,183,3 961,8
Maison 144m² à saint-vran,https://www.etreproprio.com/immobilier-22697583-vente-maison-144m-a-saint-vran-saint-vran,287 000,Saint-Vran 22230,144,8 480,6
Maison  7 pièce(s) 127 m2,https://www.etreproprio.com/immobilier-22573903-vente-maison-7-pieces-127-m2-saint-vran,207 980,Saint-Vran 22230,127,10 000,7
Maison contemporaine vue imprenable sur la campagne,https://www.etreproprio.com/immobilier-22213883-vente-maison-contemporaine-vue-imprenable-sur-la-campagne-saint-vran,283 230,Saint-Vran 22230,180,2 000,6
Maison 136m² à saint-vran,https://www.etreproprio.com/immobilier-19700177-vente-maison-136m-a-saint-vran-saint-vran,255 600,Saint-Vran 22230,136,2 197,7
Maison 136m² à saint-vran,https://www.etreproprio.com/immobilier-19062437-vente-maison-136m-a-saint-vran-saint-vran,251 520,Saint-Vran 22230,136,2 197,6
Maison saint igeaux 10 pièce(s) 200 m2,https://www.etreproprio.com/immobilier-23044014-vente-maison-saint-igeaux-10-pieces-200-m2-saint-igeaux,269 000,Saint-Igeaux 22570,200,3 386,10
Maison 217m² à saint-igeaux,https://www.etreproprio.com/immobilier-22763255-vente-maison-217m-a-saint-igeaux-saint-igeaux,275 600,Saint-Igeaux 22570,217,3 000,8
"Propriété à rénover avec gîte, dépendances et terrain de 8 300 m²",https://www.etreproprio.com/immobilier-22225466-vente-propriete-a-renover-avec-gite-dependances-et-terrain-de-8-300-m-saint-igeaux,137 000,Saint-Igeaux 22570,70,8 336,4
"Propriété avec 3 maisons st igeaux, à vendre",https://www.etreproprio.com/immobilier-21315403-vente-propriete-avec-3-maisons-st-igeaux-a-vendre-saint-igeaux,162 000,Saint-Igeaux 22570,288,5 278,15
Maison 134m² à senven-lehart,https://www.etreproprio.com/immobilier-23544742-vente-maison-134m-a-senven-lehart-senven-lehart,104 940,Senven-Lehart 22720,134,460,6
Maison 130m² à senven-lehart,https://www.etreproprio.com/immobilier-22734066-vente-maison-130m-a-senven-lehart-senven-lehart,129 500,Senven-Lehart 22720,130,800,4
Élégante maison de caractère de 181 m2 / grand jardin de 2 346 m2  / sévignac,https://www.etreproprio.com/immobilier-23645046-vente-elegante-maison-de-caractere-de-181-m2-grand-jardin-de-2-346-m2-sevignac-sevignac,167 200,Sevignac 22250,181,2 346,5
Maison 194m² à sevignac,https://www.etreproprio.com/immobilier-23270436-vente-maison-194m-a-sevignac-sevignac,299 000,Sevignac 22250,194,1 240,7
Maison 172m² à squiffiec,https://www.etreproprio.com/immobilier-22978370-vente-maison-172m-a-squiffiec-squiffiec,n.c.,Squiffiec 22200,173,1 930,8
Maison 110m² à taden,https://www.etreproprio.com/immobilier-23756401-vente-maison-110m-a-taden-taden,225 000,Taden 22100,110,372,5
Maison 185m² à taden,https://www.etreproprio.com/immobilier-23723958-vente-maison-185m-a-taden-taden,468 000,Taden 22100,185,2 002,7
Maison 141m² à taden,https://www.etreproprio.com/immobilier-23605759-vente-maison-141m-a-taden-taden,348 400,Taden 22100,141,,6
Nord de dinan - taden,https://www.etreproprio.com/immobilier-22732201-vente-nord-de-dinan-taden-taden,199 120,Taden 22100,81,491,4
Maison de maitre - taden,https://www.etreproprio.com/immobilier-23533742-vente-maison-de-maitre-taden-taden,525 000,Taden 22100,280,3 000,5
"Maison taden, proche dinan",https://www.etreproprio.com/immobilier-22619993-vente-maison-taden-proche-dinan-taden,337 500,Taden 22100,173,1 100,5
Cadre  de villegiature  en bord de rance,https://www.etreproprio.com/immobilier-20523489-vente-cadre-de-villegiature-en-bord-de-rance-taden,472 500,Taden 22100,143,1 900,10
Maison 120m² à tonquedec,https://www.etreproprio.com/immobilier-23768811-vente-maison-120m-a-tonquedec-tonquedec,265 000,Tonquedec 22140,120,1 665,5
Maison 136m² à tonquedec,https://www.etreproprio.com/immobilier-23620406-vente-maison-136m-a-tonquedec-tonquedec,290 000,Tonquedec 22140,136,1 194,6
Longère 80 m²  tonquédec,https://www.etreproprio.com/immobilier-23554417-vente-longere-80-m-tonquedec-tonquedec,199 120,Tonquedec 22140,80,27 226,5
Maison 115m² à tonquedec,https://www.etreproprio.com/immobilier-23538272-vente-maison-115m-a-tonquedec-tonquedec,230 000,Tonquedec 22140,115,486,6
Contemporaine 2016 avec vie de plain pied,https://www.etreproprio.com/immobilier-23534008-vente-contemporaine-2016-avec-vie-de-plain-pied-tonquedec,288 200,Tonquedec 22140,100,1 050,6
Ensemble immobilier à tonquédec,https://www.etreproprio.com/immobilier-23348676-vente-ensemble-immobilier-a-tonquedec-tonquedec,503 040,Tonquedec 22140,239,8 665,8
Maison de caractère à  rénover à  tonquédec,https://www.etreproprio.com/immobilier-22600087-vente-maison-de-caractere-a-renover-a-tonquedec-tonquedec,180 500,Tonquedec 22140,120,18 748,5
Maison 75m² à trebedan,https://www.etreproprio.com/immobilier-23582638-vente-maison-75m-a-trebedan-trebedan,82 900,Trebedan 22980,75,1 500,4
Maison sur sous-sol,https://www.etreproprio.com/immobilier-22156531-vente-maison-sur-sous-sol-trebedan,257 250,Trebedan 22980,110,903,5
Maison 128m² à trebeurden,https://www.etreproprio.com/immobilier-23899668-vente-maison-128m-a-trebeurden-trebeurden,372 000,Trebeurden 22560,128,477,4
Maison 128m² à trebeurden,https://www.etreproprio.com/immobilier-23893445-vente-maison-128m-a-trebeurden-trebeurden,430 000,Trebeurden 22560,128,2 195,7
Maison 160m² à trebeurden,https://www.etreproprio.com/immobilier-23197735-vente-maison-160m-a-trebeurden-trebeurden,644 800,Trebeurden 22560,160,960,5
Maison 160m² à trebeurden,https://www.etreproprio.com/immobilier-23251654-vente-maison-160m-a-trebeurden-trebeurden,624 000,Trebeurden 22560,160,1 749,8
Maison moderne de plain-pied de 118m2 - trébeurden,https://www.etreproprio.com/immobilier-22935265-vente-maison-moderne-de-plain-pied-de-118m2-trebeurden-trebeurden,510 000,Trebeurden 22560,118,430,5
Trebeurden - jolie maison ancienne renovee,https://www.etreproprio.com/immobilier-23866929-vente-trebeurden-jolie-maison-ancienne-renovee-trebeurden,327 050,Trebeurden 22560,86,660,3
Lan kerellec ensemble 2 maisons + terrain constructible,https://www.etreproprio.com/immobilier-23805223-vente-lan-kerellec-ensemble-2-maisons-terrain-constructible-trebeurden,624 000,Trebeurden 22560,161,1 800,6
Trebeurden proche bourg maison familiale sans travaux,https://www.etreproprio.com/immobilier-23805222-vente-trebeurden-proche-bourg-maison-familiale-sans-travaux-trebeurden,393 000,Trebeurden 22560,138,902,6
"Trebeurden ,  maison t3 vue mer",https://www.etreproprio.com/immobilier-23718765-vente-trebeurden-maison-t3-vue-mer-trebeurden,299 000,Trebeurden 22560,43,307,3
Maison 103m² à trebeurden,https://www.etreproprio.com/immobilier-23691582-vente-maison-103m-a-trebeurden-trebeurden,312 000,Trebeurden 22560,103,,4
Maison rénovée avec 4 chambres. 'dpe en c',https://www.etreproprio.com/immobilier-22734314-vente-maison-renovee-avec-4-chambres-dpe-en-c-trebeurden,405 000,Trebeurden 22560,125,843,7
Maison 138m² à trebeurden,https://www.etreproprio.com/immobilier-22577015-vente-maison-138m-a-trebeurden-trebeurden,393 000,Trebeurden 22560,138,902,6
Maison trebeurden (22),https://www.etreproprio.com/immobilier-22035404-vente-maison-trebeurden-22-trebeurden,393 000,Trebeurden 22560,138,902,8
Villa contemporaine avec vue mer à trébeurden (22),https://www.etreproprio.com/immobilier-23475005-vente-villa-contemporaine-avec-vue-mer-a-trebeurden-22-trebeurden,1 889 000,Trebeurden 22560,360,656,15
Maison 77m² à trebeurden,https://www.etreproprio.com/immobilier-23417228-vente-maison-77m-a-trebeurden-trebeurden,233 200,Trebeurden 22560,77,296,5
Maison traditionnelle,https://www.etreproprio.com/immobilier-23416310-vente-maison-traditionnelle-trebeurden,315 000,Trebeurden 22560,106,2 641,5
"Vente maison de caractère 180 m² + logement attenant , commerces à pied, plages à proximité , trébeurden (22560)",https://www.etreproprio.com/immobilier-23405029-vente-vente-maison-de-caractere-180-m-logement-attenant-commerces-a-pied-plages-a-proximite-trebeurden-22560-trebeurden,406 000,Trebeurden 22560,180,600,8
A 300 m de la plage,https://www.etreproprio.com/immobilier-23327203-vente-a-300-m-de-la-plage-trebeurden,1 893 420,Trebeurden 22560,400,650,15
Trébeurden – maison de charme avec vaste jardin et potentiel d'aménagement,https://www.etreproprio.com/immobilier-23299840-vente-trebeurden-maison-de-charme-avec-vaste-jardin-et-potentiel-d-amenagement-trebeurden,787 500,Trebeurden 22560,185,4 688,9
Trebeurden : magnifique longère proche commerces et plages,https://www.etreproprio.com/immobilier-23298746-vente-trebeurden-magnifique-longere-proche-commerces-et-plages-trebeurden,450 000,Trebeurden 22560,180,600,10
Maison 121m² à trebrivan,https://www.etreproprio.com/immobilier-23631088-vente-maison-121m-a-trebrivan-trebrivan,185 000,Trebrivan 22340,121,3 950,6
"Plain-pied avec piscine, sans voisin.",https://www.etreproprio.com/immobilier-23062803-vente-plain-pied-avec-piscine-sans-voisin-trebrivan,233 200,Trebrivan 22340,121,3 950,7
Maison néo bretonne 130m2,https://www.etreproprio.com/immobilier-23814447-vente-maison-neo-bretonne-130m2-trebry,135 000,Trebry 22510,130,2 000,8
Maison 130m2,https://www.etreproprio.com/immobilier-23252265-vente-maison-130m2-trebry,208 000,Trebry 22510,130,,8
Maison à rénover trebry,https://www.etreproprio.com/immobilier-23407853-vente-maison-a-renover-trebry-trebry,25 000,Trebry 22510,65,280,3
Maison 180m² à trebry,https://www.etreproprio.com/immobilier-23621138-vente-maison-180m-a-trebry-trebry,517 000,Trebry 22510,180,3 396,10
Ensemble immobilier en pierre,https://www.etreproprio.com/immobilier-23552376-vente-ensemble-immobilier-en-pierre-trebry,289 000,Trebry 22510,190,15 000,8
Belle contemporaine,https://www.etreproprio.com/immobilier-23170267-vente-belle-contemporaine-tredaniel,296 867,Tredaniel 22510,141,660,5
Maison d'architecte,https://www.etreproprio.com/immobilier-22915479-vente-maison-d-architecte-trebeurden,439 900,Trebeurden 22560,135,1 139,6
Maison en pierre au coeur de l'ile-grande !,https://www.etreproprio.com/immobilier-23032961-vente-maison-en-pierre-au-coeur-de-l-ile-grande-trebeurden,369 000,Trebeurden 22560,90,562,4
Maison d'architecte,https://www.etreproprio.com/immobilier-20966419-vente-maison-d-architecte-trebeurden,476 100,Trebeurden 22560,160,2 357,6
Maison rénovée avec terrain constructible,https://www.etreproprio.com/immobilier-22890411-vente-maison-renovee-avec-terrain-constructible-trebeurden,530 000,Trebeurden 22560,164,1 350,7
Maison 120m² à trebeurden,https://www.etreproprio.com/immobilier-23197734-vente-maison-120m-a-trebeurden-trebeurden,n.c.,Trebeurden 22560,120,1 042,6
Maison 160m² à trebeurden,https://www.etreproprio.com/immobilier-23102263-vente-maison-160m-a-trebeurden-trebeurden,519 000,Trebeurden 22560,160,,8
Maison rénovée trebeurden (22),https://www.etreproprio.com/immobilier-23072012-vente-maison-renovee-trebeurden-22-trebeurden,399 400,Trebeurden 22560,125,843,7
Maison 120m² à trebeurden,https://www.etreproprio.com/immobilier-23049385-vente-maison-120m-a-trebeurden-trebeurden,399 400,Trebeurden 22560,120,500,5
Maison 200m² à trebeurden,https://www.etreproprio.com/immobilier-22525990-vente-maison-200m-a-trebeurden-trebeurden,634 400,Trebeurden 22560,200,2 015,7
Maison bretonne à proximité immédiate de la mer-,https://www.etreproprio.com/immobilier-21653837-vente-maison-bretonne-a-proximite-immediate-de-la-mer-trebeurden,280 800,Trebeurden 22560,103,312,5
Maison. plain pied 2 chambres. mer à pieds,https://www.etreproprio.com/immobilier-22734298-vente-maison-plain-pied-2-chambres-mer-a-pieds-trebeurden,365 000,Trebeurden 22560,92,355,3
Opportunite t2 - proche mer - trebeurden,https://www.etreproprio.com/immobilier-22734335-vente-opportunite-t2-proche-mer-trebeurden-trebeurden,158 000,Trebeurden 22560,50,,3
"Maison neuve plain pied, 3 chambres, mer à  pieds",https://www.etreproprio.com/immobilier-22734299-vente-maison-neuve-plain-pied-3-chambres-mer-a-pieds-trebeurden,395 000,Trebeurden 22560,99,412,4
"Maison avec chambre au rdc, proche commerces et plages",https://www.etreproprio.com/immobilier-22734317-vente-maison-avec-chambre-au-rdc-proche-commerces-et-plages-trebeurden,394 000,Trebeurden 22560,95,805,6
Maison vue mer et plage à pied,https://www.etreproprio.com/immobilier-22734306-vente-maison-vue-mer-et-plage-a-pied-trebeurden,568 000,Trebeurden 22560,135,1 731,6
"Maison avec fort potentiel, terrain clos.",https://www.etreproprio.com/immobilier-22734311-vente-maison-avec-fort-potentiel-terrain-clos-trebeurden,409 500,Trebeurden 22560,100,1 661,5
Emplacement idéal,https://www.etreproprio.com/immobilier-22704063-vente-emplacement-ideal-trebeurden,312 000,Trebeurden 22560,100,270,5
Maison 188m² à trebeurden,https://www.etreproprio.com/immobilier-22478132-vente-maison-188m-a-trebeurden-trebeurden,650 000,Trebeurden 22560,188,1 338,8
Trebeurden : maison familiale avec jardin -,https://www.etreproprio.com/immobilier-22436354-vente-trebeurden-maison-familiale-avec-jardin-trebeurden,426 400,Trebeurden 22560,144,1 943,6
Trebeurden :magnifique ensemble de 2 maisons - au grand calme,https://www.etreproprio.com/immobilier-22154573-vente-trebeurden-magnifique-ensemble-de-2-maisons-au-grand-calme-trebeurden,644 800,Trebeurden 22560,140,3 491,6
Maison 94m² à tredarzec,https://www.etreproprio.com/immobilier-23844389-vente-maison-94m-a-tredarzec-tredarzec,230 000,Tredarzec 22220,94,614,5
Maison en pierres à vendre trédarzec,https://www.etreproprio.com/immobilier-23707472-vente-maison-en-pierres-a-vendre-tredarzec-tredarzec,188 100,Tredarzec 22220,95,462,6
Maison hors lotissement au bourg de trédarzec,https://www.etreproprio.com/immobilier-23148169-vente-maison-hors-lotissement-au-bourg-de-tredarzec-tredarzec,139 000,Tredarzec 22220,96,990,5
"Maison 120m2, terrain 1199 m2, tredarzec",https://www.etreproprio.com/immobilier-23594890-vente-maison-120m2-terrain-1199-m2-tredarzec-tredarzec,231 000,Tredarzec 22220,121,1 199,6
Maison tredarzec 6 pièce(s) 105m2,https://www.etreproprio.com/immobilier-23470293-vente-maison-tredarzec-6-pieces-105m2-tredarzec,234 500,Tredarzec 22220,105,4 223,6
Maison tredarzec 6 pièce(s) 105m2,https://www.etreproprio.com/immobilier-23470294-vente-maison-tredarzec-6-pieces-105m2-tredarzec,234 500,Tredarzec 22220,105,4 300,6
Maison 103m² à tredarzec,https://www.etreproprio.com/immobilier-23332059-vente-maison-103m-a-tredarzec-tredarzec,233 000,Tredarzec 22220,103,4 273,6
Maison 120m² à tredarzec,https://www.etreproprio.com/immobilier-23330713-vente-maison-120m-a-tredarzec-tredarzec,230 000,Tredarzec 22220,120,1 199,6
Maison tredarzec,https://www.etreproprio.com/immobilier-23282147-vente-maison-tredarzec-tredarzec,230 000,Tredarzec 22220,120,1 199,6
Maison 94m² à tredarzec,https://www.etreproprio.com/immobilier-23198766-vente-maison-94m-a-tredarzec-tredarzec,233 200,Tredarzec 22220,94,614,43
"Maison rénovée à trédarzec, 5 chambres sur un terrain de 1180 m2",https://www.etreproprio.com/immobilier-22501177-vente-maison-renovee-a-tredarzec-5-chambres-sur-un-terrain-de-1180-m2-tredarzec,207 000,Tredarzec 22220,144,1 180,6
Beaux espaces de vie !,https://www.etreproprio.com/immobilier-21811568-vente-beaux-espaces-de-vie-tredarzec,499 000,Tredarzec 22220,202,,9
Maison tredarzec   9 pièce(s)  202 m² habitable .,https://www.etreproprio.com/immobilier-19501225-vente-maison-tredarzec-9-pieces-202-m-habitable-tredarzec,499 000,Tredarzec 22220,202,2 015,9
maison 5 pièces – 3 chambres – centre de trédias (22250),https://www.etreproprio.com/immobilier-23876519-vente-maison-5-pieces-3-chambres-centre-de-tredias-22250-tredias,147 000,Tredias 22250,107,,5
Maison 6 pièces de 140 m² - tredias (22250),https://www.etreproprio.com/immobilier-23499507-vente-maison-6-pieces-de-140-m-tredias-22250-tredias,199 663,Tredias 22250,140,2 943,6
"Maison 4 chambres, terrain, beau potentiel",https://www.etreproprio.com/immobilier-23288785-vente-maison-4-chambres-terrain-beau-potentiel-tredias,169 000,Tredias 22250,162,330,6
Maison 200m² à tredrez-locquemeau,https://www.etreproprio.com/immobilier-23877963-vente-maison-200m-a-tredrez-locquemeau-tredrez-locquemeau,649 900,Tredrez-Locquemeau 22300,200,8 774,9
Maison 90m² à tredrez-locquemeau,https://www.etreproprio.com/immobilier-23867974-vente-maison-90m-a-tredrez-locquemeau-tredrez-locquemeau,364 900,Tredrez-Locquemeau 22300,90,504,5
Maison 95m² à tredrez-locquemeau,https://www.etreproprio.com/immobilier-23857887-vente-maison-95m-a-tredrez-locquemeau-tredrez-locquemeau,333 600,Tredrez-Locquemeau 22300,95,830,5
Maison 125m² à tredrez-locquemeau,https://www.etreproprio.com/immobilier-23200048-vente-maison-125m-a-tredrez-locquemeau-tredrez-locquemeau,180 000,Tredrez-Locquemeau 22300,125,11 000,5
Maison 110m² à tredrez-locquemeau,https://www.etreproprio.com/immobilier-23744598-vente-maison-110m-a-tredrez-locquemeau-tredrez-locquemeau,431 000,Tredrez-Locquemeau 22300,110,937,5
Maison 145m² à tredrez-locquemeau,https://www.etreproprio.com/immobilier-23744587-vente-maison-145m-a-tredrez-locquemeau-tredrez-locquemeau,635 990,Tredrez-Locquemeau 22300,145,7 570,7
Maison 143m² à tredrez-locquemeau,https://www.etreproprio.com/immobilier-23676462-vente-maison-143m-a-tredrez-locquemeau-tredrez-locquemeau,310 550,Tredrez-Locquemeau 22300,143,6 758,7
Maison 295m² à tredrez-locquemeau,https://www.etreproprio.com/immobilier-23618355-vente-maison-295m-a-tredrez-locquemeau-tredrez-locquemeau,1 050 000,Tredrez-Locquemeau 22300,295,8 946,15
Maison 110m² à tredrez-locquemeau,https://www.etreproprio.com/immobilier-23402575-vente-maison-110m-a-tredrez-locquemeau-tredrez-locquemeau,430 200,Tredrez-Locquemeau 22300,110,937,5
Maison en pierre rénovée 4 pièces  trédrez-locquémeau proche mer,https://www.etreproprio.com/immobilier-23459257-vente-maison-en-pierre-renovee-4-pieces-tredrez-locquemeau-proche-mer-tredrez-locquemeau,258 900,Tredrez-Locquemeau 22300,75,,4
Maison 75m² à tredrez-locquemeau,https://www.etreproprio.com/immobilier-22272614-vente-maison-75m-a-tredrez-locquemeau-tredrez-locquemeau,258 900,Tredrez-Locquemeau 22300,75,479,4
Maison 157m² à tredrez-locquemeau,https://www.etreproprio.com/immobilier-23290899-vente-maison-157m-a-tredrez-locquemeau-tredrez-locquemeau,351 350,Tredrez-Locquemeau 22300,157,855,5
Maison 120m² à tredrez-locquemeau,https://www.etreproprio.com/immobilier-23290898-vente-maison-120m-a-tredrez-locquemeau-tredrez-locquemeau,299 990,Tredrez-Locquemeau 22300,120,996,4
Maison 100m² à tredrez-locquemeau,https://www.etreproprio.com/immobilier-22955895-vente-maison-100m-a-tredrez-locquemeau-tredrez-locquemeau,364 900,Tredrez-Locquemeau 22300,100,504,5
"Côtes d'armor, locquémeau, maison première ligne vue mer",https://www.etreproprio.com/immobilier-22188360-vente-cotes-d-armor-locquemeau-maison-premiere-ligne-vue-mer-tredrez-locquemeau,955 500,Tredrez-Locquemeau 22300,120,,5
Maison 143m² à trédrez-locquémeau,https://www.etreproprio.com/immobilier-21777457-vente-maison-143m-a-tredrez-locquemeau-tredrez-locquemeau,317 000,Tredrez-Locquemeau 22300,143,6 758,7
Proche port de locquémeau 4 pièce(s) 140 m2,https://www.etreproprio.com/immobilier-21748055-vente-proche-port-de-locquemeau-4-pieces-140-m2-tredrez-locquemeau,336 000,Tredrez-Locquemeau 22300,140,5 174,4
Propriété avec vue mer panoramique,https://www.etreproprio.com/immobilier-21729995-vente-propriete-avec-vue-mer-panoramique-tredrez-locquemeau,665 000,Tredrez-Locquemeau 22300,110,1 140,6
Maison 130m² à trebeurden,https://www.etreproprio.com/immobilier-21798806-vente-maison-130m-a-trebeurden-trebeurden,n.c.,Trebeurden 22560,130,,7
Maison avec vue mer a trebeurden,https://www.etreproprio.com/immobilier-20277320-vente-maison-avec-vue-mer-a-trebeurden-trebeurden,728 000,Trebeurden 22560,138,872,6
Maison 144m² à trebeurden,https://www.etreproprio.com/immobilier-21297103-vente-maison-144m-a-trebeurden-trebeurden,419 900,Trebeurden 22560,144,1 943,6
Rare et exceptionnel!,https://www.etreproprio.com/immobilier-19276133-vente-rare-et-exceptionnel-trebeurden,1 648 000,Trebeurden 22560,145,2 300,5
Maison 98m² à treduder,https://www.etreproprio.com/immobilier-23537618-vente-maison-98m-a-treduder-treduder,232 055,Treduder 22310,98,1 873,5
Maison 120m² à treduder,https://www.etreproprio.com/immobilier-23860257-vente-maison-120m-a-treduder-treduder,229 900,Treduder 22310,120,965,7
Maison 120m² à treduder,https://www.etreproprio.com/immobilier-22627307-vente-maison-120m-a-treduder-treduder,229 900,Treduder 22310,120,965,7
Maison vue mer et plage à pieds sans travaux !,https://www.etreproprio.com/immobilier-23236123-vente-maison-vue-mer-et-plage-a-pieds-sans-travaux-treduder,383 400,Treduder 22310,113,2 589,5
"Maison à vendre à treduder - 5 pièces, 132 m²",https://www.etreproprio.com/immobilier-22439760-vente-maison-a-vendre-a-treduder-5-pieces-132-m-treduder,319 000,Treduder 22310,132,565,5
Maison 214m² à treduder,https://www.etreproprio.com/immobilier-21675858-vente-maison-214m-a-treduder-treduder,529 000,Treduder 22310,214,11 320,9
Maison 140m² à treffrin,https://www.etreproprio.com/immobilier-23459663-vente-maison-140m-a-treffrin-treffrin,235 000,Treffrin 22340,140,2 576,6
Maison 120m² à treffrin,https://www.etreproprio.com/immobilier-22765542-vente-maison-120m-a-treffrin-treffrin,188 000,Treffrin 22340,120,800,5
Maison 125m² à treffrin,https://www.etreproprio.com/immobilier-23220671-vente-maison-125m-a-treffrin-treffrin,209 000,Treffrin 22340,125,8 869,5
Maison 142m² à trefumel,https://www.etreproprio.com/immobilier-23780539-vente-maison-142m-a-trefumel-trefumel,262 000,Trefumel 22630,142,2 587,6
Longère rénovée,https://www.etreproprio.com/immobilier-22403797-vente-longere-renovee-trefumel,332 000,Trefumel 22630,200,800,8
Maison récente à ossature bois à 50 mètres de la plage-,https://www.etreproprio.com/immobilier-22711927-vente-maison-recente-a-ossature-bois-a-50-metres-de-la-plage-tregastel,850 000,Tregastel 22730,135,942,6
Maison 90m² à tregastel,https://www.etreproprio.com/immobilier-22031510-vente-maison-90m-a-tregastel-tregastel,271 500,Tregastel 22730,90,375,5
Trégastel - magnifique villa 5 chambres - nombreuses vues sur la mer,https://www.etreproprio.com/immobilier-23653983-vente-tregastel-magnifique-villa-5-chambres-nombreuses-vues-sur-la-mer-tregastel,1 248 000,Tregastel 22730,149,1 446,7
Maison 160m² à tregastel,https://www.etreproprio.com/immobilier-23656234-vente-maison-160m-a-tregastel-tregastel,1 005 000,Tregastel 22730,160,669,7
Maison 65m² à tregastel,https://www.etreproprio.com/immobilier-23396645-vente-maison-65m-a-tregastel-tregastel,302 000,Tregastel 22730,65,511,4
Villa en bord de mer à trégastel-tourony,https://www.etreproprio.com/immobilier-23645896-vente-villa-en-bord-de-mer-a-tregastel-tourony-tregastel,1 248 000,Tregastel 22730,149,1 446,7
Maison 72m² à tregastel,https://www.etreproprio.com/immobilier-23623558-vente-maison-72m-a-tregastel-tregastel,347 560,Tregastel 22730,72,144,4
Maison 200m² à tregastel,https://www.etreproprio.com/immobilier-23623557-vente-maison-200m-a-tregastel-tregastel,793 100,Tregastel 22730,200,2 800,10
Maison 176m² à tregastel,https://www.etreproprio.com/immobilier-23583094-vente-maison-176m-a-tregastel-tregastel,599 900,Tregastel 22730,176,1 149,7
Propriete d exception,https://www.etreproprio.com/immobilier-23572217-vente-propriete-d-exception-tregastel,783 000,Tregastel 22730,134,,8
Maison 63m² à tregastel,https://www.etreproprio.com/immobilier-23409510-vente-maison-63m-a-tregastel-tregastel,302 000,Tregastel 22730,63,511,4
Maison à vendre,https://www.etreproprio.com/immobilier-23492668-vente-maison-a-vendre-tregastel,308 850,Tregastel 22730,70,511,4
Tregastel à moins de 5 minutes des plages et des commerces,https://www.etreproprio.com/immobilier-23492663-vente-tregastel-a-moins-de-5-minutes-des-plages-et-des-commerces-tregastel,375 000,Tregastel 22730,124,2 111,5
Maison de caractère proche de la mer,https://www.etreproprio.com/immobilier-22751805-vente-maison-de-caractere-proche-de-la-mer-tregastel,694 000,Tregastel 22730,182,933,9
Maison 97m² à tregastel,https://www.etreproprio.com/immobilier-23228031-vente-maison-97m-a-tregastel-tregastel,301 250,Tregastel 22730,97,718,6
Maison avec vue mer a couper le souffle,https://www.etreproprio.com/immobilier-23214155-vente-maison-avec-vue-mer-a-couper-le-souffle-tregastel,824 000,Tregastel 22730,80,540,4
"A 5' à pied du bord de mer, maison de charme, plages à pied et accès direct gr 34 !",https://www.etreproprio.com/immobilier-22531355-vente-a-5-a-pied-du-bord-de-mer-maison-de-charme-plages-a-pied-et-acces-direct-gr-34-tregastel,297 000,Tregastel 22730,85,3 571,4
Tregastel - maison familiale - proximité plage à pied,https://www.etreproprio.com/immobilier-23073546-vente-tregastel-maison-familiale-proximite-plage-a-pied-tregastel,782 000,Tregastel 22730,185,819,9
Maison d'architecte à proximité immédiate des plages,https://www.etreproprio.com/immobilier-23070993-vente-maison-d-architecte-a-proximite-immediate-des-plages-tregastel,545 900,Tregastel 22730,110,772,4
Maison 160m² à tregastel,https://www.etreproprio.com/immobilier-22160754-vente-maison-160m-a-tregastel-tregastel,517 500,Tregastel 22730,160,1 500,6
Maison 160m² à treglamus,https://www.etreproprio.com/immobilier-23537810-vente-maison-160m-a-treglamus-treglamus,335 000,Treglamus 22540,160,2 305,5
Propriete en pierre de taille avec dependance,https://www.etreproprio.com/immobilier-22130334-vente-propriete-en-pierre-de-taille-avec-dependance-treglamus,335 000,Treglamus 22540,160,2 305,6
Maison 149m² à tregastel,https://www.etreproprio.com/immobilier-23055544-vente-maison-149m-a-tregastel-tregastel,518 000,Tregastel 22730,149,1 500,6
Trégastel – situation d’exception à deux pas des plages et du centre,https://www.etreproprio.com/immobilier-23024322-vente-tregastel-situation-d-exception-a-deux-pas-des-plages-et-du-centre-tregastel,1 019 000,Tregastel 22730,177,669,7
Maison à 30 mètres de la plage,https://www.etreproprio.com/immobilier-21580060-vente-maison-a-30-metres-de-la-plage-tregastel,750 000,Tregastel 22730,150,735,6
Maison 134m² à tregastel,https://www.etreproprio.com/immobilier-22765893-vente-maison-134m-a-tregastel-tregastel,783 000,Tregastel 22730,134,800,9
Maison 150m² à tregastel,https://www.etreproprio.com/immobilier-22753567-vente-maison-150m-a-tregastel-tregastel,750 000,Tregastel 22730,150,735,6
"Maison avec terrain constructible, proche plage et commerces",https://www.etreproprio.com/immobilier-22734319-vente-maison-avec-terrain-constructible-proche-plage-et-commerces-tregastel,387 000,Tregastel 22730,97,1 600,5
Maison à 200 mètres des plages,https://www.etreproprio.com/immobilier-22665926-vente-maison-a-200-metres-des-plages-tregastel,782 000,Tregastel 22730,185,800,9
Maison duplex au centre ville et plages-,https://www.etreproprio.com/immobilier-22491717-vente-maison-duplex-au-centre-ville-et-plages-tregastel,695 250,Tregastel 22730,222,581,7
Maison à proximité centre-ville et plages,https://www.etreproprio.com/immobilier-19113478-vente-maison-a-proximite-centre-ville-et-plages-tregastel,249 600,Tregastel 22730,95,539,4
Maison bretonne rénovée,https://www.etreproprio.com/immobilier-21924484-vente-maison-bretonne-renovee-tregastel,432 600,Tregastel 22730,96,1 442,5
Maison 236m² à tregomeur,https://www.etreproprio.com/immobilier-22487201-vente-maison-236m-a-tregomeur-tregomeur,546 000,Tregomeur 22590,236,11 141,9
Maison 136m² à tregon,https://www.etreproprio.com/immobilier-23468260-vente-maison-136m-a-tregon-tregon,336 000,Tregon 22650,137,443,5
Maison 79m² à tregon,https://www.etreproprio.com/immobilier-23406447-vente-maison-79m-a-tregon-tregon,179 900,Tregon 22650,80,400,3
Maison 178m² à tregon,https://www.etreproprio.com/immobilier-23406448-vente-maison-178m-a-tregon-tregon,325 500,Tregon 22650,178,488,6
Longere traditionnellle en pierre de taille,https://www.etreproprio.com/immobilier-23865886-vente-longere-traditionnellle-en-pierre-de-taille-tregonneau,299 000,Tregonneau 22200,195,7 660,8
Charmante longere avec beau terrain,https://www.etreproprio.com/immobilier-23633509-vente-charmante-longere-avec-beau-terrain-tregonneau,299 500,Tregonneau 22200,157,7 339,7
Maison 160m² à tregonneau,https://www.etreproprio.com/immobilier-23460259-vente-maison-160m-a-tregonneau-tregonneau,299 900,Tregonneau 22200,160,7 660,7
Maison 75m² à tregrom,https://www.etreproprio.com/immobilier-23191115-vente-maison-75m-a-tregrom-tregrom,118 500,Tregrom 22420,75,294,3
Maison en pierre - 2 chambres,https://www.etreproprio.com/immobilier-23782232-vente-maison-en-pierre-2-chambres-tregrom,117 500,Tregrom 22420,75,294,3
Maison 186m² à tregrom,https://www.etreproprio.com/immobilier-23702199-vente-maison-186m-a-tregrom-tregrom,328 000,Tregrom 22420,186,3 066,6
Maison 155m² à tregrom,https://www.etreproprio.com/immobilier-22724427-vente-maison-155m-a-tregrom-tregrom,524 500,Tregrom 22420,155,355 460,5
"Maison familiale 5 chambres à trégueux   calme, espace et confort à deux pas du centre",https://www.etreproprio.com/immobilier-23897899-vente-maison-familiale-5-chambres-a-tregueux-calme-espace-et-confort-a-deux-pas-du-centre-tregueux,365 000,Tregueux 22950,137,700,7
Maison 147m² à tregueux,https://www.etreproprio.com/immobilier-23893204-vente-maison-147m-a-tregueux-tregueux,211 700,Tregueux 22950,147,350,6
Maison moderne à trégueux 22950 - 4 chambres,https://www.etreproprio.com/immobilier-23858367-vente-maison-moderne-a-tregueux-22950-4-chambres-tregueux,420 000,Tregueux 22950,137,,5
"Maison 3 chambres + bureau à trégueux   potentiel, calme et proximité du bourg",https://www.etreproprio.com/immobilier-23866559-vente-maison-3-chambres-bureau-a-tregueux-potentiel-calme-et-proximite-du-bourg-tregueux,199 000,Tregueux 22950,108,326,6
Vente maison tregueux(22950) 221 575ï¿œ,https://www.etreproprio.com/immobilier-23846777-vente-vente-maison-tregueux22950-221-575i-oe-tregueux,221 575,Tregueux 22950,65,400,3
Maison trégueux plain-pied 2 chambres,https://www.etreproprio.com/immobilier-23718230-vente-maison-tregueux-plain-pied-2-chambres-tregueux,221 000,Tregueux 22950,66,400,3
Maison tregueux 7 pièce(s),https://www.etreproprio.com/immobilier-23842045-vente-maison-tregueux-7-pieces-tregueux,311 000,Tregueux 22950,161,543,7
Maison 100m² à tregueux,https://www.etreproprio.com/immobilier-23798023-vente-maison-100m-a-tregueux-tregueux,268 300,Tregueux 22950,100,500,6
Maison de 1970 sur 4185 m2 de terrain constructible,https://www.etreproprio.com/immobilier-23728893-vente-maison-de-1970-sur-4185-m2-de-terrain-constructible-tregueux,379 560,Tregueux 22950,250,4 185,6
Maison 78m² à tregueux,https://www.etreproprio.com/immobilier-23726620-vente-maison-78m-a-tregueux-tregueux,121 000,Tregueux 22950,78,719,3
Plein soleil,https://www.etreproprio.com/immobilier-23682661-vente-plein-soleil-tregueux,241 500,Tregueux 22950,93,406,5
Maison à rénover 5 pièces tregueux (22),https://www.etreproprio.com/immobilier-23673866-vente-maison-a-renover-5-pieces-tregueux-22-tregueux,169 120,Tregueux 22950,103,512,5
Maison familiale de 92 m² à trégueux - calme et luminosité au coeur de la ville,https://www.etreproprio.com/immobilier-23647563-vente-maison-familiale-de-92-m-a-tregueux-calme-et-luminosite-au-coeur-de-la-ville-tregueux,189 900,Tregueux 22950,92,445,4
Maison authentique trégueux 4 pièces - 122 m²,https://www.etreproprio.com/immobilier-23637155-vente-maison-authentique-tregueux-4-pieces-122-m-tregueux,199 500,Tregueux 22950,122,527,4
Charmante maison 3 chambres située à tregueux,https://www.etreproprio.com/immobilier-23634086-vente-charmante-maison-3-chambres-situee-a-tregueux-tregueux,199 500,Tregueux 22950,122,527,5
Maison 125m² à tregueux,https://www.etreproprio.com/immobilier-23602833-vente-maison-125m-a-tregueux-tregueux,290 000,Tregueux 22950,125,410,7
Maison tregueux 220 m2 : 5 chambres.,https://www.etreproprio.com/immobilier-23556388-vente-maison-tregueux-220-m2-5-chambres-tregueux,539 760,Tregueux 22950,207,1 685,6
Maison traditionnelle- 3 ch - facile à vivre,https://www.etreproprio.com/immobilier-22911813-vente-maison-traditionnelle-3-ch-facile-a-vivre-tregueux,224 000,Tregueux 22950,100,384,5
"Maison 3 chambres + bureau à trégueux   sous-sol complet, jardin et potentiel à exploiter",https://www.etreproprio.com/immobilier-22955033-vente-maison-3-chambres-bureau-a-tregueux-sous-sol-complet-jardin-et-potentiel-a-exploiter-tregueux,224 000,Tregueux 22950,111,384,5
Tregueux - charmante maison néo-bretonne de 6 chambres !,https://www.etreproprio.com/immobilier-23450273-vente-tregueux-charmante-maison-neo-bretonne-de-6-chambres-tregueux,262 250,Tregueux 22950,198,578,11
Tréguidel : charmante maison traditionnelle de 132 m2 sur un,https://www.etreproprio.com/immobilier-22345935-vente-treguidel-charmante-maison-traditionnelle-de-132-m2-sur-un-treguidel,297 000,Treguidel 22290,132,1 065,6
Maison treguidel - 140 m² - 8000 m² de terrain - dépendances,https://www.etreproprio.com/immobilier-23710833-vente-maison-treguidel-140-m-8000-m-de-terrain-dependances-treguidel,118 500,Treguidel 22290,140,8 037,4
"Belle maison au calme, à seulement 15 minutes des plages !!!",https://www.etreproprio.com/immobilier-22674273-vente-belle-maison-au-calme-a-seulement-15-minutes-des-plages-treguidel,334 000,Treguidel 22290,145,4 590,7
"Maison familiale de 170 m2 à tréguidel, au calme sur un grand terrain",https://www.etreproprio.com/immobilier-21937620-vente-maison-familiale-de-170-m2-a-treguidel-au-calme-sur-un-grand-terrain-treguidel,339 300,Treguidel 22290,170,4 590,8
Ideal famille !!!!! 145 m2 à 10 minutes des plages,https://www.etreproprio.com/immobilier-21934734-vente-ideal-famille-145-m2-a-10-minutes-des-plages-treguidel,341 250,Treguidel 22290,145,4 590,5
"Maison 6 pièces, 145m2, plage à 10km",https://www.etreproprio.com/immobilier-16132352-vente-maison-6-pieces-145m2-plage-a-10km-treguidel,337 350,Treguidel 22290,145,4 590,6
Grand potentiel : 3 chambres avec jardin - emplacement idéal !,https://www.etreproprio.com/immobilier-22447285-vente-grand-potentiel-3-chambres-avec-jardin-emplacement-ideal-treguier,193 100,Treguier 22220,100,530,4
Maison treguier 8 pièce(s) 265 m2,https://www.etreproprio.com/immobilier-23881425-vente-maison-treguier-8-pieces-265-m2-treguier,262 500,Treguier 22220,265,378,8
Charmante maison lumineuse de 124m2 - tréguier,https://www.etreproprio.com/immobilier-22326759-vente-charmante-maison-lumineuse-de-124m2-treguier-treguier,198 000,Treguier 22220,124,414,6
Maison 124m² à treguier,https://www.etreproprio.com/immobilier-21454568-vente-maison-124m-a-treguier-treguier,198 000,Treguier 22220,124,414,6
Maison 6 pièces de 124m2,https://www.etreproprio.com/immobilier-23856284-vente-maison-6-pieces-de-124m2-treguier,198 000,Treguier 22220,124,414,6
"Au coeur du centre historique de tréguier, demeure de maître de 1800",https://www.etreproprio.com/immobilier-20815268-vente-au-coeur-du-centre-historique-de-treguier-demeure-de-maitre-de-1800-treguier,600 000,Treguier 22220,222,773,12
Maison 100m² à treguier,https://www.etreproprio.com/immobilier-23588025-vente-maison-100m-a-treguier-treguier,193 200,Treguier 22220,100,530,4
Maison tréguier accès pmr,https://www.etreproprio.com/immobilier-23626069-vente-maison-treguier-acces-pmr-treguier,366 800,Treguier 22220,185,478,9
"Maison de ville atypique du 19ème, en pierres sous ardoises, au cœur de tréguier",https://www.etreproprio.com/immobilier-23624198-vente-maison-de-ville-atypique-du-19eme-en-pierres-sous-ardoises-au-coeur-de-treguier-treguier,299 250,Treguier 22220,225,281,11
Maison 140m² à treguier,https://www.etreproprio.com/immobilier-23269204-vente-maison-140m-a-treguier-treguier,224 000,Treguier 22220,140,618,8
Maison familiale à deux pas du port de tréguier,https://www.etreproprio.com/immobilier-23368507-vente-maison-familiale-a-deux-pas-du-port-de-treguier-treguier,224 000,Treguier 22220,140,618,8
Le luxe du calme en coeur de ville,https://www.etreproprio.com/immobilier-23512193-vente-le-luxe-du-calme-en-coeur-de-ville-treguier,544 960,Treguier 22220,245,190,8
Ravissante maison de ville en pierre de 127m2 - tréguier,https://www.etreproprio.com/immobilier-20502626-vente-ravissante-maison-de-ville-en-pierre-de-127m2-treguier-treguier,183 500,Treguier 22220,127,228,6
Splendide maison de maître à tréguier avec jardin clos,https://www.etreproprio.com/immobilier-23357099-vente-splendide-maison-de-maitre-a-treguier-avec-jardin-clos-treguier,317 200,Treguier 22220,121,575,6
"Maison  rénovée sur l'estuaire:  216 m2, 5 chambres, 5 wc, 4 sdb",https://www.etreproprio.com/immobilier-23338521-vente-maison-renovee-sur-l-estuaire-216-m2-5-chambres-5-wc-4-sdb-treguier,450 000,Treguier 22220,216,342,8
"Exceptionnel manoir du 16è restauré, proche de la mer  réf : 2024134",https://www.etreproprio.com/immobilier-23283619-vente-exceptionnel-manoir-du-16e-restaure-proche-de-la-mer-ref-2024134-treguier,2 179 800,Treguier 22220,474,33 553,14
Maison 112m² à treguier,https://www.etreproprio.com/immobilier-23269201-vente-maison-112m-a-treguier-treguier,317 200,Treguier 22220,112,575,5
Exceptionnelle maison familiale avec appartement indépendant à tréguier,https://www.etreproprio.com/immobilier-23217008-vente-exceptionnelle-maison-familiale-avec-appartement-independant-a-treguier-treguier,550 000,Treguier 22220,295,600,10
"Demeure traditionnelle en pierres sous ardoise, au coeur de plouguiel",https://www.etreproprio.com/immobilier-23197359-vente-demeure-traditionnelle-en-pierres-sous-ardoise-au-coeur-de-plouguiel-treguier,337 500,Treguier 22220,235,1 222,7
"Maison de ville en pierres sous ardoises de 127 m2, à proximité immédiate du centre de tréguier",https://www.etreproprio.com/immobilier-23183036-vente-maison-de-ville-en-pierres-sous-ardoises-de-127-m2-a-proximite-immediate-du-centre-de-treguier-treguier,183 500,Treguier 22220,126,228,6
Maison 120m² à tregueux,https://www.etreproprio.com/immobilier-22477875-vente-maison-120m-a-tregueux-tregueux,195 000,Tregueux 22950,120,297,4
Vente maison tregueux(22950) 199 800ï¿œ,https://www.etreproprio.com/immobilier-23361202-vente-vente-maison-tregueux22950-199-800i-oe-tregueux,199 800,Tregueux 22950,79,431,4
Charmante maison familiale spacieuse avec jardin arboré,https://www.etreproprio.com/immobilier-23342440-vente-charmante-maison-familiale-spacieuse-avec-jardin-arbore-tregueux,538 200,Tregueux 22950,207,1 672,6
Maison d'architecte avec jardin paysager a tregueux pres de saint-brieuc  réf : 202588,https://www.etreproprio.com/immobilier-22985916-vente-maison-d-architecte-avec-jardin-paysager-a-tregueux-pres-de-saint-brieuc-ref-202588-tregueux,539 760,Tregueux 22950,207,1 685,8
Maison avec jardin et sous-sol   trégueux centre à pied,https://www.etreproprio.com/immobilier-23214708-vente-maison-avec-jardin-et-sous-sol-tregueux-centre-a-pied-tregueux,136 500,Tregueux 22950,59,415,3
Maison 65m² à tregueux,https://www.etreproprio.com/immobilier-23209114-vente-maison-65m-a-tregueux-tregueux,235 110,Tregueux 22950,65,,4
"Une maison pensée pour la famille, tout près du centre",https://www.etreproprio.com/immobilier-22561342-vente-une-maison-pensee-pour-la-famille-tout-pres-du-centre-tregueux,259 500,Tregueux 22950,110,415,6
"Contemporaine de 2012, terrain 1248 m2",https://www.etreproprio.com/immobilier-22231063-vente-contemporaine-de-2012-terrain-1248-m2-tregueux,519 000,Tregueux 22950,220,1 248,6
Maison plain-pied trégueux - 4 pièces - 93 m²,https://www.etreproprio.com/immobilier-20944317-vente-maison-plain-pied-tregueux-4-pieces-93-m-tregueux,279 816,Tregueux 22950,93,595,4
Maison 103m² à tregueux,https://www.etreproprio.com/immobilier-22660514-vente-maison-103m-a-tregueux-tregueux,169 600,Tregueux 22950,103,512,6
Maison de 1992 sur 979m2 de terrain,https://www.etreproprio.com/immobilier-22592594-vente-maison-de-1992-sur-979m2-de-terrain-tregueux,374 365,Tregueux 22950,171,979,7
Vente maison tregueux(22950) 406 900ï¿œ,https://www.etreproprio.com/immobilier-22092487-vente-vente-maison-tregueux22950-406-900i-oe-tregueux,406 900,Tregueux 22950,128,1 842,6
Maison  de 128 m²  centre de tregueux,https://www.etreproprio.com/immobilier-21841844-vente-maison-de-128-m-centre-de-tregueux-tregueux,236 250,Tregueux 22950,128,342,7
Maison  6 pièce(s) trégueux centre,https://www.etreproprio.com/immobilier-19851538-vente-maison-6-pieces-tregueux-centre-tregueux,416 000,Tregueux 22950,136,550,6
Maison 4 chambres trégueux centre,https://www.etreproprio.com/immobilier-21255611-vente-maison-4-chambres-tregueux-centre-tregueux,235 125,Tregueux 22950,166,342,5
Maison à vendre dans un quartier pavillonnaire calme et familial située sur la commune de tregueux,https://www.etreproprio.com/immobilier-20053521-vente-maison-a-vendre-dans-un-quartier-pavillonnaire-calme-et-familial-situee-sur-la-commune-de-tregueux-tregueux,291 172,Tregueux 22950,93,500,4
Maison t3 - 67m² - village séniors les hameaux du levant,https://www.etreproprio.com/immobilier-12035589-vente-maison-t3-67m-village-seniors-les-hameaux-du-levant-tregueux,182 000,Tregueux 22950,67,,3
Maison 170m² à trelevern,https://www.etreproprio.com/immobilier-23849904-vente-maison-170m-a-trelevern-trelevern,289 000,Trelevern 22660,170,520,8
Maison 165m² à trelevern,https://www.etreproprio.com/immobilier-22399473-vente-maison-165m-a-trelevern-trelevern,340 500,Trelevern 22660,165,2 435,7
Maison trelevern 3 pièce(s) 46.21 m2,https://www.etreproprio.com/immobilier-23753897-vente-maison-trelevern-3-pieces-4621-m2-trelevern,169 990,Trelevern 22660,46,157,3
Maison 82m² à trelevern,https://www.etreproprio.com/immobilier-23422965-vente-maison-82m-a-trelevern-trelevern,159 000,Trelevern 22660,82,322,4
Maison 161m² à trelevern,https://www.etreproprio.com/immobilier-23649054-vente-maison-161m-a-trelevern-trelevern,250 000,Trelevern 22660,161,892,8
Maison 96m² à trelevern,https://www.etreproprio.com/immobilier-23547142-vente-maison-96m-a-trelevern-trelevern,267 000,Trelevern 22660,96,420,4
Maison 54m² à trelevern,https://www.etreproprio.com/immobilier-23423695-vente-maison-54m-a-trelevern-trelevern,185 000,Trelevern 22660,54,464,3
Trelevern : maison familiale à fort potentiel,https://www.etreproprio.com/immobilier-22620165-vente-trelevern-maison-familiale-a-fort-potentiel-trelevern,249 948,Trelevern 22660,160,900,8
Maison 136m² à trelevern,https://www.etreproprio.com/immobilier-22568740-vente-maison-136m-a-trelevern-trelevern,499 000,Trelevern 22660,136,1 460,8
Maison 136m² à trelevern,https://www.etreproprio.com/immobilier-22588614-vente-maison-136m-a-trelevern-trelevern,498 870,Trelevern 22660,136,1 460,6
Maison 140m² à trelevern,https://www.etreproprio.com/immobilier-21980092-vente-maison-140m-a-trelevern-trelevern,415 000,Trelevern 22660,140,2 043,6
Maison 273m² à trelevern,https://www.etreproprio.com/immobilier-22664365-vente-maison-273m-a-trelevern-trelevern,270 000,Trelevern 22660,273,660,9
Maison 144m² à trelevern,https://www.etreproprio.com/immobilier-20739339-vente-maison-144m-a-trelevern-trelevern,351 900,Trelevern 22660,144,2 435,7
Maison 94m² à trelivan,https://www.etreproprio.com/immobilier-23885675-vente-maison-94m-a-trelivan-trelivan,325 000,Trelivan 22100,94,396,5
Maison 113m² à trelivan,https://www.etreproprio.com/immobilier-23804666-vente-maison-113m-a-trelivan-trelivan,339 000,Trelivan 22100,113,479,6
Maison trelivan 4 pièces 142 m²,https://www.etreproprio.com/immobilier-22515649-vente-maison-trelivan-4-pieces-142-m-trelivan,295 000,Trelivan 22100,142,991,4
Maison 134m² à trelivan,https://www.etreproprio.com/immobilier-23756467-vente-maison-134m-a-trelivan-trelivan,249 900,Trelivan 22100,134,2 000,6
Vente maison trelivan(22100) 307 400ï¿œ,https://www.etreproprio.com/immobilier-23727825-vente-vente-maison-trelivan22100-307-400i-oe-trelivan,307 400,Trelivan 22100,94,400,4
Maison 2 pièces 140m2,https://www.etreproprio.com/immobilier-23354747-vente-maison-2-pieces-140m2-trelivan,69 900,Trelivan 22100,140,700,2
Maison 87m² à trelivan,https://www.etreproprio.com/immobilier-22627961-vente-maison-87m-a-trelivan-trelivan,241 500,Trelivan 22100,87,1 000,5
Maison 90m² à trelivan,https://www.etreproprio.com/immobilier-21791350-vente-maison-90m-a-trelivan-trelivan,240 000,Trelivan 22100,90,302,4
Maison en pierres 4 ou 5 chambres trédarzec,https://www.etreproprio.com/immobilier-22918449-vente-maison-en-pierres-4-ou-5-chambres-tredarzec-treguier,199 120,Treguier 22220,95,462,6
Maison 108m² à treguier,https://www.etreproprio.com/immobilier-21869151-vente-maison-108m-a-treguier-treguier,283 000,Treguier 22220,108,772,6
"Maison  de caractère 156 m2 , 4 ch, terrain de 4 000 m2, à 5 mn de la mer",https://www.etreproprio.com/immobilier-22131791-vente-maison-de-caractere-156-m2-4-ch-terrain-de-4-000-m2-a-5-mn-de-la-mer-treguier,316 000,Treguier 22220,156,4 000,6
Maison atypique d'exception de 190 m² à  tréguier,https://www.etreproprio.com/immobilier-19936876-vente-maison-atypique-d-exception-de-190-m-a-treguier-treguier,345 800,Treguier 22220,190,325,7
Maison en pierre à rénover,https://www.etreproprio.com/immobilier-23790417-vente-maison-en-pierre-a-renover-tremel,75 600,Tremel 22310,100,493,6
Maison 130m² à tremel,https://www.etreproprio.com/immobilier-22362023-vente-maison-130m-a-tremel-tremel,275 000,Tremel 22310,130,4 356,5
"Côtes d'armor, tremel, maison en pierre 5p",https://www.etreproprio.com/immobilier-17235155-vente-cotes-d-armor-tremel-maison-en-pierre-5p-tremel,151 761,Tremel 22310,62,303,5
"Côtes d'armor, tremel, vente maison 100m² à rénover",https://www.etreproprio.com/immobilier-20017970-vente-cotes-d-armor-tremel-vente-maison-100m-a-renover-tremel,75 600,Tremel 22310,100,493,6
A mi-chemin entre dinan et dinard,https://www.etreproprio.com/immobilier-23794857-vente-a-mi-chemin-entre-dinan-et-dinard-tremereuc,367 500,Tremereuc 22490,128,626,5
Maison 128m² à tremereuc,https://www.etreproprio.com/immobilier-23209605-vente-maison-128m-a-tremereuc-tremereuc,363 500,Tremereuc 22490,128,620,5
Maison tréméreuc avec vie de plain-pied,https://www.etreproprio.com/immobilier-23442942-vente-maison-tremereuc-avec-vie-de-plain-pied-tremereuc,364 000,Tremereuc 22490,128,620,5
Maison 120m² à tremereuc,https://www.etreproprio.com/immobilier-23601703-vente-maison-120m-a-tremereuc-tremereuc,340 000,Tremereuc 22490,120,,5
Maison 129m² à tremereuc,https://www.etreproprio.com/immobilier-23331256-vente-maison-129m-a-tremereuc-tremereuc,340 000,Tremereuc 22490,129,305,5
"Maison tréméreuc projet de gîtes chambres d'hôtes ou de division,  terrain constructible",https://www.etreproprio.com/immobilier-19034086-vente-maison-tremereuc-projet-de-gites-chambres-d-hotes-ou-de-division-terrain-constructible-tremereuc,303 920,Tremereuc 22490,83,2 782,4
Maison 97m² à tremereuc,https://www.etreproprio.com/immobilier-21284878-vente-maison-97m-a-tremereuc-tremereuc,324 725,Tremereuc 22490,98,560,5
A vendre - soquet immobilier - tremeur - longere,https://www.etreproprio.com/immobilier-23683883-vente-a-vendre-soquet-immobilier-tremeur-longere-tremeur,254 280,Tremeur 22250,142,757,6
Maison 237m² à tremeur,https://www.etreproprio.com/immobilier-23545006-vente-maison-237m-a-tremeur-tremeur,499 999,Tremeur 22250,237,25 802,9
Jolie maison pierre avec jardin,https://www.etreproprio.com/immobilier-23705800-vente-jolie-maison-pierre-avec-jardin-tremeven,115 600,Tremeven 22290,47,865,2
Maison 120m² à tremeven,https://www.etreproprio.com/immobilier-22427919-vente-maison-120m-a-tremeven-tremeven,199 500,Tremeven 22290,120,4 000,7
Amoureux de la nature et du calme !!! ensemble de deux maison,https://www.etreproprio.com/immobilier-22489614-vente-amoureux-de-la-nature-et-du-calme-ensemble-de-deux-maison-tremeven,199 000,Tremeven 22290,105,4 000,4
Tremorel maison en campagne,https://www.etreproprio.com/immobilier-23833680-vente-tremorel-maison-en-campagne-tremorel,141 750,Tremorel 22230,82,1 257,3
Maison 92m² à tremorel,https://www.etreproprio.com/immobilier-23602019-vente-maison-92m-a-tremorel-tremorel,101 500,Tremorel 22230,92,3 219,4
Maison entièrement rénovée – trémorel,https://www.etreproprio.com/immobilier-23585948-vente-maison-entierement-renovee-tremorel-tremorel,172 500,Tremorel 22230,61,,3
Maison 60m² à tremorel,https://www.etreproprio.com/immobilier-23362630-vente-maison-60m-a-tremorel-tremorel,172 500,Tremorel 22230,60,862,4
Maison tremorel 3 pièces 92 m²,https://www.etreproprio.com/immobilier-22134787-vente-maison-tremorel-3-pieces-92-m-tremorel,110 400,Tremorel 22230,92,3 167,3
Maison 84m² à tremuson,https://www.etreproprio.com/immobilier-23840551-vente-maison-84m-a-tremuson-tremuson,164 000,Tremuson 22440,84,,4
Vente maison tremuson(22440) 674 300ï¿œ,https://www.etreproprio.com/immobilier-23808602-vente-vente-maison-tremuson22440-674-300i-oe-tremuson,674 300,Tremuson 22440,166,550,6
Maison trémuson 6 pièce(s) 120 m2,https://www.etreproprio.com/immobilier-23711426-vente-maison-tremuson-6-pieces-120-m2-tremuson,299 990,Tremuson 22440,120,464,6
Maison avec appartement indépendant et grand garage 7 pièces tremuson (22),https://www.etreproprio.com/immobilier-22980420-vente-maison-avec-appartement-independant-et-grand-garage-7-pieces-tremuson-22-tremuson,244 000,Tremuson 22440,136,541,7
Maison tremuson 4 pièce(s) 77.13 m2,https://www.etreproprio.com/immobilier-22903637-vente-maison-tremuson-4-pieces-7713-m2-tremuson,190 800,Tremuson 22440,80,229,4
10 mn de plérin - ancien corps de ferme à rénover - dépendances - terrain constructible,https://www.etreproprio.com/immobilier-20026915-vente-10-mn-de-plerin-ancien-corps-de-ferme-a-renover-dependances-terrain-constructible-tremuson,230 500,Tremuson 22240,145,4 580,5
Maison 87m² à tremuson,https://www.etreproprio.com/immobilier-19223268-vente-maison-87m-a-tremuson-tremuson,199 900,Tremuson 22440,87,350,5
"Exclusivité!! côtes d'armor 22290 tressignaux. longère 7 chambres, grand terrain, garage",https://www.etreproprio.com/immobilier-23324175-vente-exclusivite-cotes-d-armor-22290-tressignaux-longere-7-chambres-grand-terrain-garage-tressignaux,441 000,Tressignaux 22290,160,34 102,7
Maison tressignaux 8 pièce(s) 142 m2,https://www.etreproprio.com/immobilier-22887605-vente-maison-tressignaux-8-pieces-142-m2-tressignaux,388 500,Tressignaux 22290,147,4 000,8
"Tréssignaux, maison en pierre à vendre",https://www.etreproprio.com/immobilier-16672183-vente-tressignaux-maison-en-pierre-a-vendre-tressignaux,168 000,Tressignaux 22290,110,2 576,4
Maison 111m² à treve,https://www.etreproprio.com/immobilier-23741586-vente-maison-111m-a-treve-treve,234 000,Treve 22600,111,2 100,5
Maison 155m² à treve,https://www.etreproprio.com/immobilier-23811197-vente-maison-155m-a-treve-treve,337 000,Treve 22600,155,751,8
Maison 94m² à treve,https://www.etreproprio.com/immobilier-23741515-vente-maison-94m-a-treve-treve,208 000,Treve 22600,94,732,5
Projet de vie centre bourg 22600 trévé sur 2700m2,https://www.etreproprio.com/immobilier-23476807-vente-projet-de-vie-centre-bourg-22600-treve-sur-2700m2-treve,78 500,Treve 22600,105,,4
Maison 105m² à treve,https://www.etreproprio.com/immobilier-22557611-vente-maison-105m-a-treve-treve,78 500,Treve 22600,105,2 700,4
Maison 120m² à treve,https://www.etreproprio.com/immobilier-23131621-vente-maison-120m-a-treve-treve,165 000,Treve 22600,120,1 500,7
Maison  3 pièce(s) 85 m2,https://www.etreproprio.com/immobilier-22890776-vente-maison-3-pieces-85-m2-treve,59 990,Treve 22600,85,,3
Maison de 1988 sur terrain de 1268m2,https://www.etreproprio.com/immobilier-23901824-vente-maison-de-1988-sur-terrain-de-1268m2-treveneuc,384 763,Treveneuc 22410,107,1 268,7
"Au calme à 2 pas de la mer, maison récente proche du gr34 et plage de port goret, treveneuc",https://www.etreproprio.com/immobilier-22138757-vente-au-calme-a-2-pas-de-la-mer-maison-recente-proche-du-gr34-et-plage-de-port-goret-treveneuc-treveneuc,326 400,Treveneuc 22410,140,668,8
A vendre - treveneuc :  ensemble immobilier,https://www.etreproprio.com/immobilier-22253360-vente-a-vendre-treveneuc-ensemble-immobilier-treveneuc,485 900,Treveneuc 22410,215,2 500,8
Charme de la pierre à tréveneuc,https://www.etreproprio.com/immobilier-23820763-vente-charme-de-la-pierre-a-treveneuc-treveneuc,479 000,Treveneuc 22410,222,2 499,9
Maison tréveneuc 5 pièces 112 m²,https://www.etreproprio.com/immobilier-23766444-vente-maison-treveneuc-5-pieces-112-m-treveneuc,273 000,Treveneuc 22410,112,1 580,5
Maison 145m² à treveneuc,https://www.etreproprio.com/immobilier-23640429-vente-maison-145m-a-treveneuc-treveneuc,474 000,Treveneuc 22410,145,417,5
Treveneuc : a vendre maison en pierre emplacement central !,https://www.etreproprio.com/immobilier-19467066-vente-treveneuc-a-vendre-maison-en-pierre-emplacement-central-treveneuc,360 400,Treveneuc 22410,148,538,5
A vendre : treveneuc - maison en pierres,https://www.etreproprio.com/immobilier-23456357-vente-a-vendre-treveneuc-maison-en-pierres-treveneuc,275 600,Treveneuc 22410,80,1 580,5
Maison 120m² à treveneuc,https://www.etreproprio.com/immobilier-23266520-vente-maison-120m-a-treveneuc-treveneuc,353 000,Treveneuc 22410,120,538,5
Treveneuc   maison traditionnelle au calme et sans vis-à-vis,https://www.etreproprio.com/immobilier-22194218-vente-treveneuc-maison-traditionnelle-au-calme-et-sans-vis-a-vis-treveneuc,299 700,Treveneuc 22410,100,670,4
Maison 155m² à treveneuc,https://www.etreproprio.com/immobilier-23022064-vente-maison-155m-a-treveneuc-treveneuc,525 000,Treveneuc 22410,155,1 050,8
Maison neuve tréveneuc bord de mer,https://www.etreproprio.com/immobilier-22138754-vente-maison-neuve-treveneuc-bord-de-mer-treveneuc,475 475,Treveneuc 22410,145,417,6
Maison 170m² à treveneuc,https://www.etreproprio.com/immobilier-21880191-vente-maison-170m-a-treveneuc-treveneuc,525 000,Treveneuc 22410,170,1 050,8
Maison contemporaine vue mer à tréveneuc,https://www.etreproprio.com/immobilier-19483480-vente-maison-contemporaine-vue-mer-a-treveneuc-treveneuc,726 600,Treveneuc 22410,157,1 800,6
Tres bel ensemble immobilier en pierres,https://www.etreproprio.com/immobilier-23235672-vente-tres-bel-ensemble-immobilier-en-pierres-treverec,159 910,Treverec 22290,100,1 283,4
Maison 111m² à treverec,https://www.etreproprio.com/immobilier-23563140-vente-maison-111m-a-treverec-treverec,232 100,Treverec 22290,111,2 435,5
Maison 151m² à treverec,https://www.etreproprio.com/immobilier-22487422-vente-maison-151m-a-treverec-treverec,278 000,Treverec 22290,151,,5
"Ancien moulin 6 pièces, 151m2, trévérec",https://www.etreproprio.com/immobilier-22492613-vente-ancien-moulin-6-pieces-151m2-treverec-treverec,275 070,Treverec 22290,151,46 063,6
Maison spacieuse proche de pontrieux et lanvollon avec vie de plain-pied,https://www.etreproprio.com/immobilier-22311885-vente-maison-spacieuse-proche-de-pontrieux-et-lanvollon-avec-vie-de-plain-pied-treverec,233 200,Treverec 22290,112,,4
Maison 136m² à trevou-treguignec,https://www.etreproprio.com/immobilier-23883731-vente-maison-136m-a-trevou-treguignec-trevou-treguignec,299 000,Trevou-Treguignec 22660,136,700,8
Maison 132m² à trevou-treguignec,https://www.etreproprio.com/immobilier-23843321-vente-maison-132m-a-trevou-treguignec-trevou-treguignec,289 000,Trevou-Treguignec 22660,132,722,6
Maison 92m² à trevou-treguignec,https://www.etreproprio.com/immobilier-23757463-vente-maison-92m-a-trevou-treguignec-trevou-treguignec,295 000,Trevou-Treguignec 22660,93,582,4
Prestations - vue mer terrasse,https://www.etreproprio.com/immobilier-23729474-vente-prestations-vue-mer-terrasse-trevou-treguignec,398 000,Trevou-Treguignec 22660,110,507,5
Jolie maison rénovée i jardin clos i vue mer i trévou-tréguignec,https://www.etreproprio.com/immobilier-23392943-vente-jolie-maison-renovee-i-jardin-clos-i-vue-mer-i-trevou-treguignec-trevou-treguignec,398 000,Trevou-Treguignec 22660,110,507,5
Magnifique maison proche plages,https://www.etreproprio.com/immobilier-23644389-vente-magnifique-maison-proche-plages-trevou-treguignec,439 000,Trevou-Treguignec 22660,170,770,7
Maison 120m² à trevou-treguignec,https://www.etreproprio.com/immobilier-23496469-vente-maison-120m-a-trevou-treguignec-trevou-treguignec,997 000,Trevou-Treguignec 22660,120,2 687,6
Maison 83m² à trevou-treguignec,https://www.etreproprio.com/immobilier-23304626-vente-maison-83m-a-trevou-treguignec-trevou-treguignec,299 000,Trevou-Treguignec 22660,83,832,5
Maison trévou -tréguignec 5 pièces 82 m2 plain pied,https://www.etreproprio.com/immobilier-23112205-vente-maison-trevou-treguignec-5-pieces-82-m2-plain-pied-trevou-treguignec,298 600,Trevou-Treguignec 22660,82,832,5
Grande maison familiale à trévou ? 214 m² habitables sur terrain de 3 400 m² ? proche plage,https://www.etreproprio.com/immobilier-23432869-vente-grande-maison-familiale-a-trevou-214-m-habitables-sur-terrain-de-3-400-m-proche-plage-trevou-treguignec,493 500,Trevou-Treguignec 22660,213,3 422,7
Maison familiale au royau,https://www.etreproprio.com/immobilier-23404075-vente-maison-familiale-au-royau-trevou-treguignec,289 000,Trevou-Treguignec 22660,100,,5
Maison 100m² à trevou-treguignec,https://www.etreproprio.com/immobilier-19993591-vente-maison-100m-a-trevou-treguignec-trevou-treguignec,336 900,Trevou-Treguignec 22660,100,695,5
2 maisons indépendantes à trevou treguignec,https://www.etreproprio.com/immobilier-23297799-vente-2-maisons-independantes-a-trevou-treguignec-trevou-treguignec,327 000,Trevou-Treguignec 22660,152,1 000,8
Maison 111m² à trevou-treguignec,https://www.etreproprio.com/immobilier-23281318-vente-maison-111m-a-trevou-treguignec-trevou-treguignec,472 500,Trevou-Treguignec 22660,111,803,3
Maison 120m² à trevou-treguignec,https://www.etreproprio.com/immobilier-23273572-vente-maison-120m-a-trevou-treguignec-trevou-treguignec,n.c.,Trevou-Treguignec 22660,120,490,6
Maison 213m² à trevou-treguignec,https://www.etreproprio.com/immobilier-23048555-vente-maison-213m-a-trevou-treguignec-trevou-treguignec,490 000,Trevou-Treguignec 22660,213,3 422,7
Vue mer - proche plage,https://www.etreproprio.com/immobilier-23029448-vente-vue-mer-proche-plage-trevou-treguignec,399 000,Trevou-Treguignec 22660,100,525,5
Maison + terrain constructible,https://www.etreproprio.com/immobilier-21951356-vente-maison-terrain-constructible-trevou-treguignec,273 000,Trevou-Treguignec 22660,80,1 804,4
Longère avec beau potentiel,https://www.etreproprio.com/immobilier-23006974-vente-longere-avec-beau-potentiel-trevou-treguignec,,,,,
Maison 72m² à trevou-treguignec,https://www.etreproprio.com/immobilier-22944584-vente-maison-72m-a-trevou-treguignec-trevou-treguignec,292 000,Trevou-Treguignec 22660,72,686,4
Maison 5 chambres  trevron,https://www.etreproprio.com/immobilier-23746323-vente-maison-5-chambres-trevron-trevron,258 300,Trevron 22100,110,,6
Avendre - soquet immobilier - maison en pierre et dependances - trevron,https://www.etreproprio.com/immobilier-23670877-vente-avendre-soquet-immobilier-maison-en-pierre-et-dependances-trevron-trevron,160 200,Trevron 22100,117,,4
Maison 100m² à trevou-treguignec,https://www.etreproprio.com/immobilier-22148118-vente-maison-100m-a-trevou-treguignec-trevou-treguignec,399 000,Trevou-Treguignec 22660,100,525,5
Belle longère de bourg les plages à pieds,https://www.etreproprio.com/immobilier-22743736-vente-belle-longere-de-bourg-les-plages-a-pieds-trevou-treguignec,399 000,Trevou-Treguignec 22660,126,,7
Longère en pierres à 10 min de perros-guirec i trévou-tréguignec i proche plages,https://www.etreproprio.com/immobilier-22736980-vente-longere-en-pierres-a-10-min-de-perros-guirec-i-trevou-treguignec-i-proche-plages-trevou-treguignec,354 000,Trevou-Treguignec 22660,100,692,5
Maison proche commerces et plages i trévou-tréguignec i 4 chambres i jardin,https://www.etreproprio.com/immobilier-21347124-vente-maison-proche-commerces-et-plages-i-trevou-treguignec-i-4-chambres-i-jardin-trevou-treguignec,399 000,Trevou-Treguignec 22660,126,848,7
Maison 170m² à trevou-treguignec,https://www.etreproprio.com/immobilier-22691085-vente-maison-170m-a-trevou-treguignec-trevou-treguignec,441 800,Trevou-Treguignec 22660,170,718,7
Maison 170m² à trevou-treguignec,https://www.etreproprio.com/immobilier-21531167-vente-maison-170m-a-trevou-treguignec-trevou-treguignec,449 000,Trevou-Treguignec 22660,170,,6
Maison 110m² à trezeny,https://www.etreproprio.com/immobilier-22725157-vente-maison-110m-a-trezeny-trezeny,210 000,Trezeny 22450,110,819,5
Au bourg de trézény,https://www.etreproprio.com/immobilier-23151459-vente-au-bourg-de-trezeny-trezeny,152 830,Trezeny 22450,152,,5
Maison 96m² à trezeny,https://www.etreproprio.com/immobilier-23048225-vente-maison-96m-a-trezeny-trezeny,265 500,Trezeny 22450,96,941,5
Maison vie de plain-pied 5 chambres,https://www.etreproprio.com/immobilier-23760460-vente-maison-vie-de-plain-pied-5-chambres-troguery,243 000,Troguery 22450,143,1 995,6
Maison 90m² à troguery,https://www.etreproprio.com/immobilier-21891525-vente-maison-90m-a-troguery-troguery,220 000,Troguery 22450,90,960,4
Maison 126m² à troguery,https://www.etreproprio.com/immobilier-23259712-vente-maison-126m-a-troguery-troguery,240 000,Troguery 22450,126,1 500,5
Maison 115m² à troguery,https://www.etreproprio.com/immobilier-22874911-vente-maison-115m-a-troguery-troguery,116 000,Troguery 22450,115,110,5
Maison 68m² à uzel,https://www.etreproprio.com/immobilier-23844052-vente-maison-68m-a-uzel-uzel,137 000,Uzel 22460,68,648,4
Maison 178m² à uzel,https://www.etreproprio.com/immobilier-23208071-vente-maison-178m-a-uzel-uzel,113 400,Uzel 22460,178,654,7
Maison 217m² à uzel,https://www.etreproprio.com/immobilier-23741669-vente-maison-217m-a-uzel-uzel,169 500,Uzel 22460,217,160,6
Maison  6 pièce(s) 124 m2 + terrain  de 800m² constructible,https://www.etreproprio.com/immobilier-23531083-vente-maison-6-pieces-124-m2-terrain-de-800m-constructible-uzel,161 975,Uzel 22460,124,1 442,6
Maison 124m² à uzel,https://www.etreproprio.com/immobilier-22441474-vente-maison-124m-a-uzel-uzel,162 500,Uzel 22460,124,1 442,5
Maison 284m² à uzel,https://www.etreproprio.com/immobilier-22121994-vente-maison-284m-a-uzel-uzel,70 900,Uzel 22460,284,,10
Maison 102m² à uzel,https://www.etreproprio.com/immobilier-23190133-vente-maison-102m-a-uzel-uzel,95 000,Uzel 22460,102,360,3
Maison de bourg 7 pièce(s) 180 m2,https://www.etreproprio.com/immobilier-23148914-vente-maison-de-bourg-7-pieces-180-m2-uzel,169 000,Uzel 22460,180,,7
Maison uzel 5 pièce(s) 112.02 m2,https://www.etreproprio.com/immobilier-22337634-vente-maison-uzel-5-pieces-11202-m2-uzel,179 350,Uzel 22460,112,1 948,5
À vendre – véritable plain-pied en bois – la vicomté-sur-rance,https://www.etreproprio.com/immobilier-23804103-vente-a-vendre-veritable-plain-pied-en-bois-la-vicomte-sur-rance-la-vicomte-sur-rance,384 800,La Vicomte-Sur-Rance 22690,100,,4
Maison 230m² à la vicomte-sur-rance,https://www.etreproprio.com/immobilier-23745868-vente-maison-230m-a-la-vicomte-sur-rance-la-vicomte-sur-rance,852 800,La Vicomte-Sur-Rance 22690,230,1 927,9
Maison proche bords de rance,https://www.etreproprio.com/immobilier-23699437-vente-maison-proche-bords-de-rance-la-vicomte-sur-rance,388 500,La Vicomte-Sur-Rance 22690,101,546,
Propriété en bord de rance de 9 pièces 230 m2,https://www.etreproprio.com/immobilier-23296595-vente-propriete-en-bord-de-rance-de-9-pieces-230-m2-la-vicomte-sur-rance,852 800,La Vicomte-Sur-Rance 22690,230,1 927,9
Maison proche bords de rance,https://www.etreproprio.com/immobilier-22455961-vente-maison-proche-bords-de-rance-la-vicomte-sur-rance,278 250,La Vicomte-Sur-Rance 22690,140,674,4
Maison 135m² à la vicomte-sur-rance,https://www.etreproprio.com/immobilier-22001425-vente-maison-135m-a-la-vicomte-sur-rance-la-vicomte-sur-rance,274 900,La Vicomte-Sur-Rance 22690,135,,5
Maison de charme   5 min dinan  et port,https://www.etreproprio.com/immobilier-21180180-vente-maison-de-charme-5-min-dinan-et-port-la-vicomte-sur-rance,249 500,La Vicomte-Sur-Rance 22690,95,,5
Maison t4 la vicomté sur rance,https://www.etreproprio.com/immobilier-23033109-vente-maison-t4-la-vicomte-sur-rance-la-vicomte-sur-rance,381 900,La Vicomte-Sur-Rance 22690,100,546,4
Maison de charme sur le port avec vue rance,https://www.etreproprio.com/immobilier-21745573-vente-maison-de-charme-sur-le-port-avec-vue-rance-la-vicomte-sur-rance,499 500,La Vicomte-Sur-Rance 22690,110,397,4
Charmante maison de pêcheur rénovée en bord de rance,https://www.etreproprio.com/immobilier-21406010-vente-charmante-maison-de-pecheur-renovee-en-bord-de-rance-la-vicomte-sur-rance,556 500,La Vicomte-Sur-Rance 22690,133,202,5
Chic et charme en bords de rance 15 min de st malo,https://www.etreproprio.com/immobilier-22446361-vente-chic-et-charme-en-bords-de-rance-15-min-de-st-malo-la-vicomte-sur-rance,519 750,La Vicomte-Sur-Rance 22690,150,1 602,8
Maison 80m² à le vieux-bourg,https://www.etreproprio.com/immobilier-23890414-vente-maison-80m-a-le-vieux-bourg-le-vieux-bourg,86 600,Le Vieux-Bourg 22800,80,1 344,5
Maison 70m² à le vieux-bourg,https://www.etreproprio.com/immobilier-20683371-vente-maison-70m-a-le-vieux-bourg-le-vieux-bourg,87 000,Le Vieux-Bourg 22800,70,1 344,4
Maison d'environ 105 m2 avec 3 chambres + local professionnel  sur terrain de 1173 m2,https://www.etreproprio.com/immobilier-14069675-vente-maison-d-environ-105-m2-avec-3-chambres-local-professionnel-sur-terrain-de-1173-m2-le-vieux-bourg,169 600,Le Vieux-Bourg 22800,105,1 173,5
Maison 105m² à le vieux-marche,https://www.etreproprio.com/immobilier-23883730-vente-maison-105m-a-le-vieux-marche-le-vieux-marche,165 000,Le Vieux-Marche 22420,105,140,3
Maison 48m² à le vieux-marche,https://www.etreproprio.com/immobilier-23062797-vente-maison-48m-a-le-vieux-marche-le-vieux-marche,35 000,Le Vieux-Marche 22420,48,53,3
Maison individuelle sur sous-sol complet,https://www.etreproprio.com/immobilier-23736911-vente-maison-individuelle-sur-sous-sol-complet-le-vieux-marche,286 900,Le Vieux-Marche 22420,146,2 500,6
Le vieux marché - longère - terrain et dépendances,https://www.etreproprio.com/immobilier-23673294-vente-le-vieux-marche-longere-terrain-et-dependances-le-vieux-marche,335 000,Le Vieux-Marche 22420,171,2 958,7
Maison 56m² à le vieux-marche,https://www.etreproprio.com/immobilier-23189776-vente-maison-56m-a-le-vieux-marche-le-vieux-marche,127 000,Le Vieux-Marche 22420,56,465,3
Longère rénovée avec dépendances et terrain,https://www.etreproprio.com/immobilier-23618887-vente-longere-renovee-avec-dependances-et-terrain-le-vieux-marche,201 400,Le Vieux-Marche 22420,89,3 762,4
Megagence vous propose cette belle maison de 110m²,https://www.etreproprio.com/immobilier-23561831-vente-megagence-vous-propose-cette-belle-maison-de-110m-le-vieux-marche,164 000,Le Vieux-Marche 22420,110,128,6
À vendre maison de 135 m² située au centre de le vieux-marché,https://www.etreproprio.com/immobilier-23158485-vente-a-vendre-maison-de-135-m-situee-au-centre-de-le-vieux-marche-le-vieux-marche,238 000,Le Vieux-Marche 22420,135,443,6
Maison 98m² à le vieux-marche,https://www.etreproprio.com/immobilier-23231823-vente-maison-98m-a-le-vieux-marche-le-vieux-marche,217 500,Le Vieux-Marche 22420,98,749,6
Maison 97m² à le vieux-marche,https://www.etreproprio.com/immobilier-23193652-vente-maison-97m-a-le-vieux-marche-le-vieux-marche,130 000,Le Vieux-Marche 22420,98,465,5
Maison 195m² à le vieux-marche,https://www.etreproprio.com/immobilier-23085526-vente-maison-195m-a-le-vieux-marche-le-vieux-marche,314 000,Le Vieux-Marche 22420,195,18 000,5
Maison 140m² à le vieux-marche,https://www.etreproprio.com/immobilier-22333317-vente-maison-140m-a-le-vieux-marche-le-vieux-marche,298 500,Le Vieux-Marche 22420,140,2 500,7
Maison 140m² à le vieux-marche,https://www.etreproprio.com/immobilier-21156675-vente-maison-140m-a-le-vieux-marche-le-vieux-marche,299 000,Le Vieux-Marche 22420,140,2 500,6
Maison 170m² à vilde-guingalan,https://www.etreproprio.com/immobilier-23641048-vente-maison-170m-a-vilde-guingalan-vilde-guingalan,464 900,Vilde-Guingalan 22980,170,3 111,7
Maison 144m² à vilde-guingalan,https://www.etreproprio.com/immobilier-23061829-vente-maison-144m-a-vilde-guingalan-vilde-guingalan,286 500,Vilde-Guingalan 22980,144,1 698,7
Charmante maison familiale à vendre à vildé-guingalan (22980),https://www.etreproprio.com/immobilier-20501695-vente-charmante-maison-familiale-a-vendre-a-vilde-guingalan-22980-vilde-guingalan,282 000,Vilde-Guingalan 22980,128,590,6
Charmante maison en plein centre yffiniac,https://www.etreproprio.com/immobilier-23901065-vente-charmante-maison-en-plein-centre-yffiniac-yffiniac,228 800,Yffiniac 22120,147,990,7
Maison 214m² à yffiniac,https://www.etreproprio.com/immobilier-23602862-vente-maison-214m-a-yffiniac-yffiniac,429 900,Yffiniac 22120,214,1 223,7
Maison 3 chbs - 1 rdc - yffiniac bourg,https://www.etreproprio.com/immobilier-23849125-vente-maison-3-chbs-1-rdc-yffiniac-bourg-yffiniac,229 000,Yffiniac 22120,84,354,6
Maison 167m² à yffiniac,https://www.etreproprio.com/immobilier-23843915-vente-maison-167m-a-yffiniac-yffiniac,290 000,Yffiniac 22120,167,371,7
Maison familiale à vendre à yffiniac   188 m2 avec piscine et sous-sol complet i ref 2025-135,https://www.etreproprio.com/immobilier-23833058-vente-maison-familiale-a-vendre-a-yffiniac-188-m2-avec-piscine-et-sous-sol-complet-i-ref-2025-135-yffiniac,426 359,Yffiniac 22120,188,1 000,7
Maison 82m² à yffiniac,https://www.etreproprio.com/immobilier-23821855-vente-maison-82m-a-yffiniac-yffiniac,175 000,Yffiniac 22120,82,349,4
Maison 98m² à yffiniac,https://www.etreproprio.com/immobilier-22691975-vente-maison-98m-a-yffiniac-yffiniac,234 500,Yffiniac 22120,98,704,6
Maison 47m² à yffiniac,https://www.etreproprio.com/immobilier-23745476-vente-maison-47m-a-yffiniac-yffiniac,157 000,Yffiniac 22120,48,,3
Maison 212m² à yffiniac,https://www.etreproprio.com/immobilier-23732727-vente-maison-212m-a-yffiniac-yffiniac,566 000,Yffiniac 22120,212,1 800,6
Maison 190m² à yffiniac,https://www.etreproprio.com/immobilier-21846525-vente-maison-190m-a-yffiniac-yffiniac,566 000,Yffiniac 22120,190,1 800,7
"Manoir 15ème sur une parcelle de 4,6ha",https://www.etreproprio.com/immobilier-23391289-vente-manoir-15eme-sur-une-parcelle-de-46ha-yffiniac,726 600,Yffiniac 22120,440,46 200,15
Charmante maison yffiniac,https://www.etreproprio.com/immobilier-23328554-vente-charmante-maison-yffiniac-yffiniac,301 600,Yffiniac 22120,150,864,5
Maison 100m² à yffiniac,https://www.etreproprio.com/immobilier-23306506-vente-maison-100m-a-yffiniac-yffiniac,178 950,Yffiniac 22120,100,479,5
Maison 5 pièces,https://www.etreproprio.com/immobilier-23139803-vente-maison-5-pieces-yffiniac,275 600,Yffiniac 22120,87,570,5
Maison a vendre yffiniac,https://www.etreproprio.com/immobilier-23095500-vente-maison-a-vendre-yffiniac-yffiniac,296 400,Yffiniac 22120,140,423,7
Maison 146m² à yffiniac,https://www.etreproprio.com/immobilier-23056074-vente-maison-146m-a-yffiniac-yffiniac,244 400,Yffiniac 22120,146,904,6
Belle propriété,https://www.etreproprio.com/immobilier-21673501-vente-belle-propriete-yffiniac,566 460,Yffiniac 22120,269,2 237,10
"Contemporaine de 2009, terrain 1240m2, piscine",https://www.etreproprio.com/immobilier-22318334-vente-contemporaine-de-2009-terrain-1240m2-piscine-yffiniac,656 400,Yffiniac 22120,215,1 240,7
Charmante maison en plein centre yffiniac,https://www.etreproprio.com/immobilier-22189252-vente-charmante-maison-en-plein-centre-yffiniac-yffiniac,225 000,Yffiniac 22120,179,349,5
Annonce immobilière : grande demeure du xviiie siècle à proximité de la baie de saint-brieuc,https://www.etreproprio.com/immobilier-20510242-vente-annonce-immobiliere-grande-demeure-du-xviiie-siecle-a-proximite-de-la-baie-de-saint-brieuc-yffiniac,1 138 500,Yffiniac 22120,640,38 000,25
Maison 60m² à yvias,https://www.etreproprio.com/immobilier-23821087-vente-maison-60m-a-yvias-yvias,157 000,Yvias 22930,60,920,3
Maison 108m² à yvias,https://www.etreproprio.com/immobilier-23741569-vente-maison-108m-a-yvias-yvias,247 445,Yvias 22930,108,1 662,4
Villa contemporaine en ossature bois!,https://www.etreproprio.com/immobilier-22258394-vente-villa-contemporaine-en-ossature-bois-yvias,288 000,Yvias 22930,122,1 800,4
Maison 126m² à yvias,https://www.etreproprio.com/immobilier-23209081-vente-maison-126m-a-yvias-yvias,349 000,Yvias 22930,126,2 985,7
"Maison au calme, à yvias , 4 chambres, sous sol complet, 7.5 km du port de paimpol",https://www.etreproprio.com/immobilier-22138739-vente-maison-au-calme-a-yvias-4-chambres-sous-sol-complet-75-km-du-port-de-paimpol-yvias,220 500,Yvias 22930,108,943,6
Maison yvias ossature bois 108m2 1662m2 au calme,https://www.etreproprio.com/immobilier-21973980-vente-maison-yvias-ossature-bois-108m2-1662m2-au-calme-yvias,258 000,Yvias 22930,108,1 662,5
Maison 186m² à yvignac-la-tour,https://www.etreproprio.com/immobilier-22000294-vente-maison-186m-a-yvignac-la-tour-yvignac-la-tour,233 500,Yvignac-La-Tour 22350,186,4 600,7
Maison 74m² à yvignac-la-tour,https://www.etreproprio.com/immobilier-23780846-vente-maison-74m-a-yvignac-la-tour-yvignac-la-tour,216 000,Yvignac-La-Tour 22350,74,430,4
Maison 147m² à yvignac-la-tour,https://www.etreproprio.com/immobilier-22968803-vente-maison-147m-a-yvignac-la-tour-yvignac-la-tour,293 440,Yvignac-La-Tour 22350,147,1 127,5
A vendre - belle longère du xixᵉ siècle avec dépendance et grand terrain,https://www.etreproprio.com/immobilier-23486182-vente-a-vendre-belle-longere-du-xix-siecle-avec-dependance-et-grand-terrain-yvignac-la-tour,249 600,Yvignac-La-Tour 22350,186,4 600,5
Maison 7 pièces 195 m²,https://www.etreproprio.com/immobilier-20133006-vente-maison-7-pieces-195-m-yvignac-la-tour,248 900,Yvignac-La-Tour 22350,195,5 000,7
Maison 121m² à yvignac-la-tour,https://www.etreproprio.com/immobilier-22681863-vente-maison-121m-a-yvignac-la-tour-yvignac-la-tour,215 000,Yvignac-La-Tour 22350,121,1 764,5
Maison yvignac la tour 4 pièces 57.28 m²,https://www.etreproprio.com/immobilier-22168738-vente-maison-yvignac-la-tour-4-pieces-5728-m-yvignac-la-tour,96 600,Yvignac-La-Tour 22350,58,1 845,4
Charme authentique et confort moderne : votre longère bretonne vous attend !,https://www.etreproprio.com/immobilier-22091640-vente-charme-authentique-et-confort-moderne-votre-longere-bretonne-vous-attend-yvignac-la-tour,169 400,Yvignac-La-Tour 22350,113,1 790,6
A vendre maison neuve sur yffiniac / 5 chambres / 7 pièces /  parcelle 360m2 / 160m2 habitables,https://www.etreproprio.com/immobilier-21543201-vente-a-vendre-maison-neuve-sur-yffiniac-5-chambres-7-pieces-parcelle-360m2-160m2-habitables-yffiniac,380 000,Yffiniac 22120,160,360,7
Longèreyffiniac 6 pièce(s),https://www.etreproprio.com/immobilier-18907799-vente-longereyffiniac-6-pieces-yffiniac,155 490,Yffiniac 22120,100,400,6
Maison yffiniac 6 pièce(s) 147 m2,https://www.etreproprio.com/immobilier-19047677-vente-maison-yffiniac-6-pieces-147-m2-yffiniac,246 750,Yffiniac 22120,147,904,6
