Nom,Lien,Prix,Lieu,Taille,Taille_terrain,Pieces
Longère  rénovée contemporaine t6/t7- 176 m2- piscine -secte,https://www.etreproprio.com/immobilier-23594292-vente-longere-renovee-contemporaine-t6t7-176-m2-piscine-secte-andouille-neuville,,,,,
Maison 171m² à andouille-neuville,https://www.etreproprio.com/immobilier-23048611-vente-maison-171m-a-andouille-neuville-andouille-neuville,,,,,
Spacieuse maison de caractère à amanlis,https://www.etreproprio.com/immobilier-23876452-vente-spacieuse-maison-de-caractere-a-amanlis-amanlis,,,,,
"Maison de 7 pièces de 148,83 m² située à amanlis",https://www.etreproprio.com/immobilier-23814658-vente-maison-de-7-pieces-de-14883-m-situee-a-amanlis-amanlis,,,,,
Maison 225m² à amanlis,https://www.etreproprio.com/immobilier-23634745-vente-maison-225m-a-amanlis-amanlis,,,,,
Maison 92m² à amanlis,https://www.etreproprio.com/immobilier-22460780-vente-maison-92m-a-amanlis-amanlis,,,,,
Maison non mitoyenne - 4 chambres terrain 8 377 m²,https://www.etreproprio.com/immobilier-21025853-vente-maison-non-mitoyenne-4-chambres-terrain-8-377-m-amanlis,,,,,
"Maison non mitoyenne - 3 chambres, un bureau terrain 755 m²",https://www.etreproprio.com/immobilier-20146075-vente-maison-non-mitoyenne-3-chambres-un-bureau-terrain-755-m-amanlis,,,,,
Maison amanlis 92 m2 - terrain 666 m²- dépendances,https://www.etreproprio.com/immobilier-16329394-vente-maison-amanlis-92-m2-terrain-666-m-dependances-amanlis,,,,,
Maison 126m² à acigne,https://www.etreproprio.com/immobilier-23890248-vente-maison-126m-a-acigne-acigne,,,,,
Maison 85m² à acigne,https://www.etreproprio.com/immobilier-23839384-vente-maison-85m-a-acigne-acigne,,,,,
Maison récente 5 chambres à acigné,https://www.etreproprio.com/immobilier-23810105-vente-maison-recente-5-chambres-a-acigne-acigne,,,,,
Jolie maison t5 a acigne !,https://www.etreproprio.com/immobilier-23810322-vente-jolie-maison-t5-a-acigne-acigne,,,,,
Acigne - maison 7 pièces de 135m²,https://www.etreproprio.com/immobilier-23813323-vente-acigne-maison-7-pieces-de-135m-acigne,,,,,
Maison 149m² à acigne,https://www.etreproprio.com/immobilier-23788646-vente-maison-149m-a-acigne-acigne,,,,,
Maison 153m² à acigne,https://www.etreproprio.com/immobilier-23779745-vente-maison-153m-a-acigne-acigne,,,,,
Maison 230m² à acigne,https://www.etreproprio.com/immobilier-23159377-vente-maison-230m-a-acigne-acigne,,,,,
Maison 230m² à acigne,https://www.etreproprio.com/immobilier-23609335-vente-maison-230m-a-acigne-acigne,,,,,
Acigne - longère rénovée de 210m²,https://www.etreproprio.com/immobilier-23561127-vente-acigne-longere-renovee-de-210m-acigne,,,,,
Acigne - maison 6 pièces de 121 m²,https://www.etreproprio.com/immobilier-23539139-vente-acigne-maison-6-pieces-de-121-m-acigne,,,,,
Maison acigne 4 pièce(s) 126 m2,https://www.etreproprio.com/immobilier-23512546-vente-maison-acigne-4-pieces-126-m2-acigne,,,,,
Maison 108m² à acigne,https://www.etreproprio.com/immobilier-22113663-vente-maison-108m-a-acigne-acigne,,,,,
Maison 115m² à acigne,https://www.etreproprio.com/immobilier-23102342-vente-maison-115m-a-acigne-acigne,,,,,
Maison plain pied 142m² - 6 pièces,https://www.etreproprio.com/immobilier-23367396-vente-maison-plain-pied-142m-6-pieces-acigne,,,,,
Acigne proche bourg - maison 6 pièce(s) 150 m²,https://www.etreproprio.com/immobilier-23033195-vente-acigne-proche-bourg-maison-6-pieces-150-m-acigne,,,,,
Acigne - maison sur sous-sol de 82m²,https://www.etreproprio.com/immobilier-23310464-vente-acigne-maison-sur-sous-sol-de-82m-acigne,,,,,
Maison 117m² à acigne,https://www.etreproprio.com/immobilier-23276383-vente-maison-117m-a-acigne-acigne,,,,,
Maison 6 pièces - 130m²,https://www.etreproprio.com/immobilier-23042406-vente-maison-6-pieces-130m-acigne,,,,,
"Maison en viager occupé à acigné, ille-et-vilaine",https://www.etreproprio.com/immobilier-22998381-vente-maison-en-viager-occupe-a-acigne-ille-et-vilaine-acigne,,,,,
Maison val-couesnon 9 pièce(s) 245 m2,https://www.etreproprio.com/immobilier-23909620-vente-maison-val-couesnon-9-pieces-245-m2-antrain,,,,,
Maison en pierres 75m² - 3 pièces - 2 chambres - terrain 1960m² - val-couesnon,https://www.etreproprio.com/immobilier-23894090-vente-maison-en-pierres-75m-3-pieces-2-chambres-terrain-1960m-val-couesnon-antrain,,,,,
Maison d'architecte de 245 m2 - 6 chambres - atelier de 150 m2,https://www.etreproprio.com/immobilier-23818085-vente-maison-d-architecte-de-245-m2-6-chambres-atelier-de-150-m2-antrain,,,,,
A vendre - val couesnon - maison 9 pièce(s) 250 m²,https://www.etreproprio.com/immobilier-23860578-vente-a-vendre-val-couesnon-maison-9-pieces-250-m-antrain,,,,,
Maison 75m² à antrain,https://www.etreproprio.com/immobilier-23796531-vente-maison-75m-a-antrain-antrain,,,,,
Maison 160m² à antrain,https://www.etreproprio.com/immobilier-23797775-vente-maison-160m-a-antrain-antrain,,,,,
Maison 112m² à antrain,https://www.etreproprio.com/immobilier-23785947-vente-maison-112m-a-antrain-antrain,,,,,
"Bretagne, ille et vilaine, la fontenelle, 4 chambres, garage, grange, 5526m2 terrain",https://www.etreproprio.com/immobilier-23754717-vente-bretagne-ille-et-vilaine-la-fontenelle-4-chambres-garage-grange-5526m2-terrain-antrain,,,,,
Longère en pierres – val-couesnon,https://www.etreproprio.com/immobilier-23672413-vente-longere-en-pierres-val-couesnon-antrain,,,,,
A vendre - maison de ville a renover - antrain,https://www.etreproprio.com/immobilier-23721757-vente-a-vendre-maison-de-ville-a-renover-antrain-antrain,,,,,
A vendre pavillon 2016 à tremblay de 116m2,https://www.etreproprio.com/immobilier-23687592-vente-a-vendre-pavillon-2016-a-tremblay-de-116m2-antrain,,,,,
Maison 220m² à antrain,https://www.etreproprio.com/immobilier-23602932-vente-maison-220m-a-antrain-antrain,,,,,
Maison 70m² à antrain,https://www.etreproprio.com/immobilier-23591963-vente-maison-70m-a-antrain-antrain,,,,,
Ensemble maison et atelier - idéal pour artisan - val couesnon,https://www.etreproprio.com/immobilier-23477335-vente-ensemble-maison-et-atelier-ideal-pour-artisan-val-couesnon-antrain,,,,,
Maison 206m² à antrain,https://www.etreproprio.com/immobilier-22682740-vente-maison-206m-a-antrain-antrain,,,,,
Entre pontorson et antrain. (sacey) pavillon 1993 sur sous-sol - 132 m2 - 4 chambres -  terrain: 1.038 m2.,https://www.etreproprio.com/immobilier-23312917-vente-entre-pontorson-et-antrain-sacey-pavillon-1993-sur-sous-sol-132-m2-4-chambres-terrain-1038-m2-antrain,,,,,
Maison 160m² à antrain,https://www.etreproprio.com/immobilier-23318765-vente-maison-160m-a-antrain-antrain,,,,,
Maison 8 pièces - 6 chambres - 163 m2,https://www.etreproprio.com/immobilier-22927178-vente-maison-8-pieces-6-chambres-163-m2-antrain,,,,,
Maison de ville 148 m² – centre d’antrain – 4 chambres – grande cave,https://www.etreproprio.com/immobilier-22698713-vente-maison-de-ville-148-m-centre-d-antrain-4-chambres-grande-cave-antrain,,,,,
Maison 109m² à val-couesnon,https://www.etreproprio.com/immobilier-23045712-vente-maison-109m-a-val-couesnon-antrain,,,,,
Acigne - pavillon de 118.92m²,https://www.etreproprio.com/immobilier-22087350-vente-acigne-pavillon-de-11892m-acigne,,,,,
Maison 120m² à acigne,https://www.etreproprio.com/immobilier-22744840-vente-maison-120m-a-acigne-acigne,,,,,
Longere acigné,https://www.etreproprio.com/immobilier-22520863-vente-longere-acigne-acigne,,,,,
Maison 98m² à acigne,https://www.etreproprio.com/immobilier-21952203-vente-maison-98m-a-acigne-acigne,,,,,
Maison 98m² à acigne,https://www.etreproprio.com/immobilier-21853459-vente-maison-98m-a-acigne-acigne,,,,,
Maison ancienne au coeur d'acigné,https://www.etreproprio.com/immobilier-22440390-vente-maison-ancienne-au-coeur-d-acigne-acigne,,,,,
Maison d'habitation t5 acigné,https://www.etreproprio.com/immobilier-21825530-vente-maison-d-habitation-t5-acigne-acigne,,,,,
Acigne - longère de 126m²,https://www.etreproprio.com/immobilier-22354703-vente-acigne-longere-de-126m-acigne,,,,,
Maison de campagne de 124m² sur 5700m² de terrain,https://www.etreproprio.com/immobilier-22087351-vente-maison-de-campagne-de-124m-sur-5700m-de-terrain-acigne,,,,,
Acigne hypercentre - maison t4 de 90m²,https://www.etreproprio.com/immobilier-21622219-vente-acigne-hypercentre-maison-t4-de-90m-acigne,,,,,
Maison 5 pièces - 98 m2,https://www.etreproprio.com/immobilier-21826361-vente-maison-5-pieces-98-m2-acigne,,,,,
Maison 118 m2 avec jardin en centre ville d'argentre du plessis,https://www.etreproprio.com/immobilier-23531413-vente-maison-118-m2-avec-jardin-en-centre-ville-d-argentre-du-plessis-argentre-du-plessis,,,,,
Vrai havre de paix entre vitre et laval,https://www.etreproprio.com/immobilier-21829531-vente-vrai-havre-de-paix-entre-vitre-et-laval-argentre-du-plessis,,,,,
Maison 138m² à argentre-du-plessis,https://www.etreproprio.com/immobilier-23684965-vente-maison-138m-a-argentre-du-plessis-argentre-du-plessis,,,,,
Vente maison argentre-du-plessis(35370) 204 750ï¿œ,https://www.etreproprio.com/immobilier-23597011-vente-vente-maison-argentre-du-plessis35370-204-750i-oe-argentre-du-plessis,,,,,
Maison argentre du plessis 5 pièce(s) 103 m2,https://www.etreproprio.com/immobilier-23599473-vente-maison-argentre-du-plessis-5-pieces-103-m2-argentre-du-plessis,,,,,
Maison 99m² à argentre-du-plessis,https://www.etreproprio.com/immobilier-23599508-vente-maison-99m-a-argentre-du-plessis-argentre-du-plessis,,,,,
Maison de plain pied - argentre du plessis - avec jardin,https://www.etreproprio.com/immobilier-23586700-vente-maison-de-plain-pied-argentre-du-plessis-avec-jardin-argentre-du-plessis,,,,,
Maison 119m² à argentre-du-plessis,https://www.etreproprio.com/immobilier-23566836-vente-maison-119m-a-argentre-du-plessis-argentre-du-plessis,,,,,
Maison en pierres - plein centre ville d'argentre du plessis - avec jardin,https://www.etreproprio.com/immobilier-23517771-vente-maison-en-pierres-plein-centre-ville-d-argentre-du-plessis-avec-jardin-argentre-du-plessis,,,,,
Maison 103m² à argentre-du-plessis,https://www.etreproprio.com/immobilier-22361090-vente-maison-103m-a-argentre-du-plessis-argentre-du-plessis,,,,,
Vente maison argentre-du-plessis(35370) 378 000ï¿œ,https://www.etreproprio.com/immobilier-23062483-vente-vente-maison-argentre-du-plessis35370-378-000i-oe-argentre-du-plessis,,,,,
Maison familiale de 145 m2 au coeur du centre ville d'argentre du plessis avec terrasse et dependance,https://www.etreproprio.com/immobilier-23214734-vente-maison-familiale-de-145-m2-au-coeur-du-centre-ville-d-argentre-du-plessis-avec-terrasse-et-dependance-argentre-du-plessis,,,,,
Vente maison argentre-du-plessis(35370) 229 900ï¿œ,https://www.etreproprio.com/immobilier-22528510-vente-vente-maison-argentre-du-plessis35370-229-900i-oe-argentre-du-plessis,,,,,
Vente maison argentre-du-plessis(35370) 499 800ï¿œ,https://www.etreproprio.com/immobilier-22166196-vente-vente-maison-argentre-du-plessis35370-499-800i-oe-argentre-du-plessis,,,,,
Maison 175m² à argentre-du-plessis,https://www.etreproprio.com/immobilier-18492220-vente-maison-175m-a-argentre-du-plessis-argentre-du-plessis,,,,,
Maison val couesnon 4 pièce(s) 89 m2,https://www.etreproprio.com/immobilier-22351540-vente-maison-val-couesnon-4-pieces-89-m2-antrain,,,,,
Maison val couesnon 4 pièce(s) 87 m2,https://www.etreproprio.com/immobilier-22959297-vente-maison-val-couesnon-4-pieces-87-m2-antrain,,,,,
Maison val couesnon 4 pièce(s) 36m2,https://www.etreproprio.com/immobilier-22943305-vente-maison-val-couesnon-4-pieces-36m2-antrain,,,,,
Ensemble immobilier de deux maisons,https://www.etreproprio.com/immobilier-22927185-vente-ensemble-immobilier-de-deux-maisons-antrain,,,,,
Local professionnel  + 300 m² – parking privatif,https://www.etreproprio.com/immobilier-22615866-vente-local-professionnel-300-m-parking-privatif-antrain,,,,,
Maison 83m² à antrain,https://www.etreproprio.com/immobilier-22502512-vente-maison-83m-a-antrain-antrain,,,,,
Maison saint ouen la rouerie 5 pièce(s),https://www.etreproprio.com/immobilier-22458295-vente-maison-saint-ouen-la-rouerie-5-pieces-antrain,,,,,
Maison au centre d'aubigné - opportunité d'investissement exceptionnelle,https://www.etreproprio.com/immobilier-23836468-vente-maison-au-centre-d-aubigne-opportunite-d-investissement-exceptionnelle-aubigne,,,,,
Maison au centre d'aubigné - opportunité d'investissement exceptionnelle,https://www.etreproprio.com/immobilier-23615351-vente-maison-au-centre-d-aubigne-opportunite-d-investissement-exceptionnelle-aubigne,,,,,
Maison 180m² à availles-sur-seiche,https://www.etreproprio.com/immobilier-23787440-vente-maison-180m-a-availles-sur-seiche-availles-sur-seiche,,,,,
"Availles sur seiche, maison de 6 pièces, 150.72 m2 et terrain de 1470 m²",https://www.etreproprio.com/immobilier-23755560-vente-availles-sur-seiche-maison-de-6-pieces-15072-m2-et-terrain-de-1470-m-availles-sur-seiche,,,,,
Vente maison availles-sur-seiche(35130) 99 995ï¿œ,https://www.etreproprio.com/immobilier-19054566-vente-vente-maison-availles-sur-seiche35130-99-995i-oe-availles-sur-seiche,,,,,
Baguer morvan - exclusivite,https://www.etreproprio.com/immobilier-23807236-vente-baguer-morvan-exclusivite-baguer-morvan,,,,,
Maison - 5 chambres - 35120 - baguer morvan - sous sol complet,https://www.etreproprio.com/immobilier-23717007-vente-maison-5-chambres-35120-baguer-morvan-sous-sol-complet-baguer-morvan,,,,,
Baguer-morvan - campagne,https://www.etreproprio.com/immobilier-23635883-vente-baguer-morvan-campagne-baguer-morvan,,,,,
Maison rénovée avec étang et prairie .,https://www.etreproprio.com/immobilier-23343922-vente-maison-renovee-avec-etang-et-prairie-baguer-morvan,,,,,
"Nouveauté. idéalement située, en plein coeur de baguer-morvan.",https://www.etreproprio.com/immobilier-23315862-vente-nouveaute-idealement-situee-en-plein-coeur-de-baguer-morvan-baguer-morvan,,,,,
Maison baguer morvan  93 m2,https://www.etreproprio.com/immobilier-22732990-vente-maison-baguer-morvan-93-m2-baguer-morvan,,,,,
Maison 164m² à baguer-morvan,https://www.etreproprio.com/immobilier-22008092-vente-maison-164m-a-baguer-morvan-baguer-morvan,,,,,
Maison 298m² à baguer-morvan,https://www.etreproprio.com/immobilier-21279532-vente-maison-298m-a-baguer-morvan-baguer-morvan,,,,,
Longère baguer pican 5 pièce(s) 216 m2,https://www.etreproprio.com/immobilier-23847537-vente-longere-baguer-pican-5-pieces-216-m2-baguer-pican,,,,,
Maison à vendre baguer pican 7 pièce(s) 142 m2,https://www.etreproprio.com/immobilier-22469217-vente-maison-a-vendre-baguer-pican-7-pieces-142-m2-baguer-pican,,,,,
Maison 155m² à baguer-pican,https://www.etreproprio.com/immobilier-23703354-vente-maison-155m-a-baguer-pican-baguer-pican,,,,,
Maison avec jardin baguer pican à vendre,https://www.etreproprio.com/immobilier-23403155-vente-maison-avec-jardin-baguer-pican-a-vendre-baguer-pican,,,,,
Maison en pierre proche centre commercial et gare,https://www.etreproprio.com/immobilier-23644305-vente-maison-en-pierre-proche-centre-commercial-et-gare-baguer-pican,,,,,
"Maison de 75m2, 4 pièces",https://www.etreproprio.com/immobilier-23615456-vente-maison-de-75m2-4-pieces-baguer-pican,,,,,
Baguer pican,https://www.etreproprio.com/immobilier-23326494-vente-baguer-pican-baguer-pican,,,,,
Baguer-pican - maison en pierres,https://www.etreproprio.com/immobilier-22457660-vente-baguer-pican-maison-en-pierres-baguer-pican,,,,,
Maison (5 pièces)   baguer-pican,https://www.etreproprio.com/immobilier-23380691-vente-maison-5-pieces-baguer-pican-baguer-pican,,,,,
Maison ancienne rénovée avec goûts - t6 - possibilité de louer un appartement à l'étage,https://www.etreproprio.com/immobilier-23379785-vente-maison-ancienne-renovee-avec-gouts-t6-possibilite-de-louer-un-appartement-a-l-etage-baguer-pican,,,,,
Maison à vendre à rénover baguer pican 1 pièce(s) 96m2,https://www.etreproprio.com/immobilier-23328375-vente-maison-a-vendre-a-renover-baguer-pican-1-pieces-96m2-baguer-pican,,,,,
Maison de campagne dans la baie du mt-st-michel,https://www.etreproprio.com/immobilier-21827966-vente-maison-de-campagne-dans-la-baie-du-mt-st-michel-baguer-pican,,,,,
Maison pierre et terre baguer pican,https://www.etreproprio.com/immobilier-22928510-vente-maison-pierre-et-terre-baguer-pican-baguer-pican,,,,,
"Dpt (35), à vendre maison avec 2 appartements à baguer-pican en baie du mont saint michel",https://www.etreproprio.com/immobilier-22703872-vente-dpt-35-a-vendre-maison-avec-2-appartements-a-baguer-pican-en-baie-du-mont-saint-michel-baguer-pican,,,,,
Baguer-pican - ancienne chaumière,https://www.etreproprio.com/immobilier-19617734-vente-baguer-pican-ancienne-chaumiere-baguer-pican,,,,,
Vendu - maison à rénover - 120m² - baguer pican,https://www.etreproprio.com/immobilier-21185064-vente-vendu-maison-a-renover-120m-baguer-pican-baguer-pican,,,,,
Maison 228m² à bain-de-bretagne,https://www.etreproprio.com/immobilier-23866533-vente-maison-228m-a-bain-de-bretagne-bain-de-bretagne,,,,,
Maison de bourg 50 m² - 2 pièces - 1 chambre - 470m² de terrain - plechatel,https://www.etreproprio.com/immobilier-22675588-vente-maison-de-bourg-50-m-2-pieces-1-chambre-470m-de-terrain-plechatel-bain-de-bretagne,,,,,
Maison de ville de 140 m²,https://www.etreproprio.com/immobilier-22658502-vente-maison-de-ville-de-140-m-bain-de-bretagne,,,,,
Maison 102m² à bain-de-bretagne,https://www.etreproprio.com/immobilier-23838562-vente-maison-102m-a-bain-de-bretagne-bain-de-bretagne,,,,,
Maison 200m² à bain-de-bretagne,https://www.etreproprio.com/immobilier-23838561-vente-maison-200m-a-bain-de-bretagne-bain-de-bretagne,,,,,
Maison 384m² à bain-de-bretagne,https://www.etreproprio.com/immobilier-23820378-vente-maison-384m-a-bain-de-bretagne-bain-de-bretagne,,,,,
Maison 184m² à bain-de-bretagne,https://www.etreproprio.com/immobilier-23775540-vente-maison-184m-a-bain-de-bretagne-bain-de-bretagne,,,,,
Maison 303m² à bain-de-bretagne,https://www.etreproprio.com/immobilier-23767046-vente-maison-303m-a-bain-de-bretagne-bain-de-bretagne,,,,,
Maison 150m² à bain-de-bretagne,https://www.etreproprio.com/immobilier-23728593-vente-maison-150m-a-bain-de-bretagne-bain-de-bretagne,,,,,
Maison 130m² à bain-de-bretagne,https://www.etreproprio.com/immobilier-23703108-vente-maison-130m-a-bain-de-bretagne-bain-de-bretagne,,,,,
Maison 129m² à bain-de-bretagne,https://www.etreproprio.com/immobilier-23645891-vente-maison-129m-a-bain-de-bretagne-bain-de-bretagne,,,,,
Maison 98m² à bain-de-bretagne,https://www.etreproprio.com/immobilier-23640894-vente-maison-98m-a-bain-de-bretagne-bain-de-bretagne,,,,,
"Maison de bourg t3 77,42 m2 - 1 426 m2 de terrain",https://www.etreproprio.com/immobilier-22538407-vente-maison-de-bourg-t3-7742-m2-1-426-m2-de-terrain-bain-de-bretagne,,,,,
Maison bain de bretagne,https://www.etreproprio.com/immobilier-23008833-vente-maison-bain-de-bretagne-bain-de-bretagne,,,,,
Maison 137m² à bain-de-bretagne,https://www.etreproprio.com/immobilier-23565242-vente-maison-137m-a-bain-de-bretagne-bain-de-bretagne,,,,,
"Maison a la campagne, rénovée 5 chambres avec piscine et jardin arboré",https://www.etreproprio.com/immobilier-23552363-vente-maison-a-la-campagne-renovee-5-chambres-avec-piscine-et-jardin-arbore-bain-de-bretagne,,,,,
Maison 230m² à bain-de-bretagne,https://www.etreproprio.com/immobilier-23535534-vente-maison-230m-a-bain-de-bretagne-bain-de-bretagne,,,,,
Maison 121m² à bain-de-bretagne,https://www.etreproprio.com/immobilier-23535536-vente-maison-121m-a-bain-de-bretagne-bain-de-bretagne,,,,,
L'élégance au quotidien dans un cadre de vie privilégié,https://www.etreproprio.com/immobilier-23437081-vente-l-elegance-au-quotidien-dans-un-cadre-de-vie-privilegie-bain-de-bretagne,,,,,
Maison 82m² à bain-de-bretagne,https://www.etreproprio.com/immobilier-23497244-vente-maison-82m-a-bain-de-bretagne-bain-de-bretagne,,,,,
Maison bains sur oust 4 pièce(s) 86 m2,https://www.etreproprio.com/immobilier-23891597-vente-maison-bains-sur-oust-4-pieces-86-m2-bains-sur-oust,,,,,
Maison bains sur oust 6 pièce(s) 135 m2,https://www.etreproprio.com/immobilier-23891596-vente-maison-bains-sur-oust-6-pieces-135-m2-bains-sur-oust,,,,,
Maison 121m² à bains-sur-oust,https://www.etreproprio.com/immobilier-23873886-vente-maison-121m-a-bains-sur-oust-bains-sur-oust,,,,,
Maison 102m² à bains-sur-oust,https://www.etreproprio.com/immobilier-23822457-vente-maison-102m-a-bains-sur-oust-bains-sur-oust,,,,,
A decouvrir 2 maisons sur la commune de bains sur oust (35600),https://www.etreproprio.com/immobilier-23681796-vente-a-decouvrir-2-maisons-sur-la-commune-de-bains-sur-oust-35600-bains-sur-oust,,,,,
Maison 145m² à bains-sur-oust,https://www.etreproprio.com/immobilier-23580877-vente-maison-145m-a-bains-sur-oust-bains-sur-oust,,,,,
Maison bains-sur-oust 4 pièce(s) 86 m2,https://www.etreproprio.com/immobilier-14434862-vente-maison-bains-sur-oust-4-pieces-86-m2-bains-sur-oust,,,,,
"Ancien corps de ferme en pierre - charme, calme et potentiel à la campagne",https://www.etreproprio.com/immobilier-23531216-vente-ancien-corps-de-ferme-en-pierre-charme-calme-et-potentiel-a-la-campagne-bains-sur-oust,,,,,
Maison 93m² à bains-sur-oust,https://www.etreproprio.com/immobilier-23479092-vente-maison-93m-a-bains-sur-oust-bains-sur-oust,,,,,
Maison 162m² à bains-sur-oust,https://www.etreproprio.com/immobilier-23280253-vente-maison-162m-a-bains-sur-oust-bains-sur-oust,,,,,
"Maison contemporaine de standing avec piscine — confort, élégance et sérénité 162m² - 5 chambres",https://www.etreproprio.com/immobilier-23416081-vente-maison-contemporaine-de-standing-avec-piscine-confort-elegance-et-serenite-162m-5-chambres-bains-sur-oust,,,,,
Maison 97m² à bains-sur-oust,https://www.etreproprio.com/immobilier-23280254-vente-maison-97m-a-bains-sur-oust-bains-sur-oust,,,,,
Maison de caractere 4 chambres - 200m² - bain s/ oust,https://www.etreproprio.com/immobilier-21883113-vente-maison-de-caractere-4-chambres-200m-bain-s-oust-bains-sur-oust,,,,,
Maison 103m² à bains-sur-oust,https://www.etreproprio.com/immobilier-22749310-vente-maison-103m-a-bains-sur-oust-bains-sur-oust,,,,,
Maison individuelle,https://www.etreproprio.com/immobilier-20577763-vente-maison-individuelle-bains-sur-oust,,,,,
Longère de 130 m2,https://www.etreproprio.com/immobilier-22931798-vente-longere-de-130-m2-bains-sur-oust,,,,,
Maison bains sur oust 5 pièces 400 m2,https://www.etreproprio.com/immobilier-22349864-vente-maison-bains-sur-oust-5-pieces-400-m2-bains-sur-oust,,,,,
authentique corps de ferme avec terrain de plus d’un hectare,https://www.etreproprio.com/immobilier-22193160-vente-authentique-corps-de-ferme-avec-terrain-de-plus-d-un-hectare-bains-sur-oust,,,,,
Maison 290m² à bais,https://www.etreproprio.com/immobilier-23876639-vente-maison-290m-a-bais-bais,,,,,
Maison 271m² à bais,https://www.etreproprio.com/immobilier-23843459-vente-maison-271m-a-bais-bais,,,,,
Maison bais 6 pièce(s),https://www.etreproprio.com/immobilier-23729341-vente-maison-bais-6-pieces-bais,,,,,
Maison 252m² à bais,https://www.etreproprio.com/immobilier-23655254-vente-maison-252m-a-bais-bais,,,,,
Maison bais 5 pièce(s) 115 m2,https://www.etreproprio.com/immobilier-22351784-vente-maison-bais-5-pieces-115-m2-bais,,,,,
Maison 100m² à bais,https://www.etreproprio.com/immobilier-23101748-vente-maison-100m-a-bais-bais,,,,,
Maison 296m² à bais,https://www.etreproprio.com/immobilier-23564931-vente-maison-296m-a-bais-bais,,,,,
Bâtisse à rénover avec terrain arboré et hangar.,https://www.etreproprio.com/immobilier-23485751-vente-batisse-a-renover-avec-terrain-arbore-et-hangar-bais,,,,,
Maison 180m² à bais,https://www.etreproprio.com/immobilier-23477046-vente-maison-180m-a-bais-bais,,,,,
Vente maison bais(35680) 168 000ï¿œ,https://www.etreproprio.com/immobilier-21581838-vente-vente-maison-bais35680-168-000i-oe-bais,,,,,
Maison 5 pièces 140 m2,https://www.etreproprio.com/immobilier-22404977-vente-maison-5-pieces-140-m2-bais,,,,,
Belle maison familiale,https://www.etreproprio.com/immobilier-21883759-vente-belle-maison-familiale-bais,,,,,
"Longère de caractère en pierre avec dépendances, garage et atelier   à 3 km de la guerche",https://www.etreproprio.com/immobilier-22164140-vente-longere-de-caractere-en-pierre-avec-dependances-garage-et-atelier-a-3-km-de-la-guerche-bais,,,,,
Maison 162m² à bain-de-bretagne,https://www.etreproprio.com/immobilier-23423540-vente-maison-162m-a-bain-de-bretagne-bain-de-bretagne,,,,,
Maison 580m² à bain-de-bretagne,https://www.etreproprio.com/immobilier-23417150-vente-maison-580m-a-bain-de-bretagne-bain-de-bretagne,,,,,
Maison familiale (2012) t8 - 578 m2 (5 chambres et bureau),https://www.etreproprio.com/immobilier-23410796-vente-maison-familiale-2012-t8-578-m2-5-chambres-et-bureau-bain-de-bretagne,,,,,
Longère en pierre t8 199 m2 - 3 900 m2,https://www.etreproprio.com/immobilier-23334406-vente-longere-en-pierre-t8-199-m2-3-900-m2-bain-de-bretagne,,,,,
Maison 84m² à bain-de-bretagne,https://www.etreproprio.com/immobilier-22621343-vente-maison-84m-a-bain-de-bretagne-bain-de-bretagne,,,,,
Maison bain de bretagne 4 pièce(s) 160 m2,https://www.etreproprio.com/immobilier-21020949-vente-maison-bain-de-bretagne-4-pieces-160-m2-bain-de-bretagne,,,,,
Maison 135m² à bain-de-bretagne,https://www.etreproprio.com/immobilier-23326955-vente-maison-135m-a-bain-de-bretagne-bain-de-bretagne,,,,,
Maison 165m² à bain-de-bretagne,https://www.etreproprio.com/immobilier-22668137-vente-maison-165m-a-bain-de-bretagne-bain-de-bretagne,,,,,
Maison 150m² à bain-de-bretagne,https://www.etreproprio.com/immobilier-23131715-vente-maison-150m-a-bain-de-bretagne-bain-de-bretagne,,,,,
Maison 102m² à bain-de-bretagne,https://www.etreproprio.com/immobilier-22461272-vente-maison-102m-a-bain-de-bretagne-bain-de-bretagne,,,,,
Maison 119m² à bain-de-bretagne,https://www.etreproprio.com/immobilier-23237879-vente-maison-119m-a-bain-de-bretagne-bain-de-bretagne,,,,,
Maison contemporaine de 140m² - 6 pièces - 5 chambres - terrain de 722m² - bain-de-bretagne,https://www.etreproprio.com/immobilier-22334790-vente-maison-contemporaine-de-140m-6-pieces-5-chambres-terrain-de-722m-bain-de-bretagne-bain-de-bretagne,,,,,
Maison 114m² à bain-de-bretagne,https://www.etreproprio.com/immobilier-23161681-vente-maison-114m-a-bain-de-bretagne-bain-de-bretagne,,,,,
Rare à bain de bretagne : maison familiale de 228 m2 sur 1750 m2 de jardin en centre ville,https://www.etreproprio.com/immobilier-23147364-vente-rare-a-bain-de-bretagne-maison-familiale-de-228-m2-sur-1750-m2-de-jardin-en-centre-ville-bain-de-bretagne,,,,,
Maison 228m² à bain-de-bretagne,https://www.etreproprio.com/immobilier-23111069-vente-maison-228m-a-bain-de-bretagne-bain-de-bretagne,,,,,
Maison 194m² à bain-de-bretagne,https://www.etreproprio.com/immobilier-20845660-vente-maison-194m-a-bain-de-bretagne-bain-de-bretagne,,,,,
Maison 165m² à bain-de-bretagne,https://www.etreproprio.com/immobilier-23039903-vente-maison-165m-a-bain-de-bretagne-bain-de-bretagne,,,,,
Vaste propriété et ses nombreuses pièces,https://www.etreproprio.com/immobilier-21411728-vente-vaste-propriete-et-ses-nombreuses-pieces-bain-de-bretagne,,,,,
Maison 95m² à bain-de-bretagne,https://www.etreproprio.com/immobilier-22741771-vente-maison-95m-a-bain-de-bretagne-bain-de-bretagne,,,,,
Maison 143m² à bain-de-bretagne,https://www.etreproprio.com/immobilier-22716059-vente-maison-143m-a-bain-de-bretagne-bain-de-bretagne,,,,,
Balaze - a vendre - maison,https://www.etreproprio.com/immobilier-23797605-vente-balaze-a-vendre-maison-balaze,,,,,
Maison 273m² à balaze,https://www.etreproprio.com/immobilier-23775264-vente-maison-273m-a-balaze-balaze,,,,,
"Maison neuve avec dpe en a, dans un environnement bucolique",https://www.etreproprio.com/immobilier-23736973-vente-maison-neuve-avec-dpe-en-a-dans-un-environnement-bucolique-balaze,,,,,
Balaze - maison de maître en coeur de village,https://www.etreproprio.com/immobilier-23631350-vente-balaze-maison-de-maitre-en-coeur-de-village-balaze,,,,,
Balaze - maison - vendu,https://www.etreproprio.com/immobilier-23618590-vente-balaze-maison-vendu-balaze,,,,,
Balaze - a vendre - maison,https://www.etreproprio.com/immobilier-23568176-vente-balaze-a-vendre-maison-balaze,,,,,
Maison 120m² à balaze,https://www.etreproprio.com/immobilier-23511053-vente-maison-120m-a-balaze-balaze,,,,,
Balaze - a vendre - maison,https://www.etreproprio.com/immobilier-23420652-vente-balaze-a-vendre-maison-balaze,,,,,
Maison 120m² à balaze,https://www.etreproprio.com/immobilier-21815676-vente-maison-120m-a-balaze-balaze,,,,,
Maison 120m² à balaze,https://www.etreproprio.com/immobilier-22420850-vente-maison-120m-a-balaze-balaze,,,,,
Maison 5 pièce(s) - 5min de vitre,https://www.etreproprio.com/immobilier-21751254-vente-maison-5-pieces-5min-de-vitre-balaze,,,,,
Maison 55m² à balaze,https://www.etreproprio.com/immobilier-22976362-vente-maison-55m-a-balaze-balaze,,,,,
Maison 121m² à balaze,https://www.etreproprio.com/immobilier-21912222-vente-maison-121m-a-balaze-balaze,,,,,
Maison balazé 5 pièce(s) 119 m2,https://www.etreproprio.com/immobilier-22315271-vente-maison-balaze-5-pieces-119-m2-balaze,,,,,
Balazé - ancien bâtiment de ferme à rénover 85 m2 au sol,https://www.etreproprio.com/immobilier-17444957-vente-balaze-ancien-batiment-de-ferme-a-renover-85-m2-au-sol-balaze,,,,,
Maison balaze 4 pièce(s) 90 m2,https://www.etreproprio.com/immobilier-20549894-vente-maison-balaze-4-pieces-90-m2-balaze,,,,,
Maison d'architecte baulon 5 pièces 147 m²,https://www.etreproprio.com/immobilier-23909975-vente-maison-d-architecte-baulon-5-pieces-147-m-baulon,,,,,
Maison 147m² à baulon,https://www.etreproprio.com/immobilier-23621254-vente-maison-147m-a-baulon-baulon,,,,,
Maison en pierres à rénover baulon,https://www.etreproprio.com/immobilier-23678025-vente-maison-en-pierres-a-renover-baulon-baulon,,,,,
Maison 132m² à baulon,https://www.etreproprio.com/immobilier-22744838-vente-maison-132m-a-baulon-baulon,,,,,
Maison 7 pièces 148 m²,https://www.etreproprio.com/immobilier-23499836-vente-maison-7-pieces-148-m-baulon,,,,,
Charmante maison de bourg à baulon,https://www.etreproprio.com/immobilier-23368774-vente-charmante-maison-de-bourg-a-baulon-baulon,,,,,
Baulon - coup de coeur pour ce loft lumineux de plain-pied 123 m² avec terrasse plein sud,https://www.etreproprio.com/immobilier-22912054-vente-baulon-coup-de-coeur-pour-ce-loft-lumineux-de-plain-pied-123-m-avec-terrasse-plein-sud-baulon,,,,,
Maison de ville à rénover de 79 m²,https://www.etreproprio.com/immobilier-22668465-vente-maison-de-ville-a-renover-de-79-m-bain-de-bretagne,,,,,
Maison 133m² à bain-de-bretagne,https://www.etreproprio.com/immobilier-22553595-vente-maison-133m-a-bain-de-bretagne-bain-de-bretagne,,,,,
Maison 145m² à bain-de-bretagne,https://www.etreproprio.com/immobilier-22553568-vente-maison-145m-a-bain-de-bretagne-bain-de-bretagne,,,,,
Maison 180m² à bain-de-bretagne,https://www.etreproprio.com/immobilier-22385129-vente-maison-180m-a-bain-de-bretagne-bain-de-bretagne,,,,,
Longère en pierre t9 210m2 - 3900 m2,https://www.etreproprio.com/immobilier-22299428-vente-longere-en-pierre-t9-210m2-3900-m2-bain-de-bretagne,,,,,
Ancienne halte de gare   maison de caractère avec grand terrain et dépendances,https://www.etreproprio.com/immobilier-22215070-vente-ancienne-halte-de-gare-maison-de-caractere-avec-grand-terrain-et-dependances-bain-de-bretagne,,,,,
Maison bain de bretagne 9 pièce(s) 280m²,https://www.etreproprio.com/immobilier-19645883-vente-maison-bain-de-bretagne-9-pieces-280m-bain-de-bretagne,,,,,
Vendu maison en pierres a rehabiliter  - jardin - bain de bretagne - ille et vilaine,https://www.etreproprio.com/immobilier-18500009-vente-vendu-maison-en-pierres-a-rehabiliter-jardin-bain-de-bretagne-ille-et-vilaine-bain-de-bretagne,,,,,
A vendre - soquet immobilier - maison de caractere - la baussaine,https://www.etreproprio.com/immobilier-23670836-vente-a-vendre-soquet-immobilier-maison-de-caractere-la-baussaine-la-baussaine,,,,,
Propriété avec grande maison familiale et gite indépendant la baussaine,https://www.etreproprio.com/immobilier-22496600-vente-propriete-avec-grande-maison-familiale-et-gite-independant-la-baussaine-la-baussaine,,,,,
Maison la baussaine 12 pièces 280 m²,https://www.etreproprio.com/immobilier-20466771-vente-maison-la-baussaine-12-pieces-280-m-la-baussaine,,,,,
Maison 154m² à la bazouge-du-desert,https://www.etreproprio.com/immobilier-23811528-vente-maison-154m-a-la-bazouge-du-desert-la-bazouge-du-desert,,,,,
Maison la bazouge du desert 4 pièce(s),https://www.etreproprio.com/immobilier-22286699-vente-maison-la-bazouge-du-desert-4-pieces-la-bazouge-du-desert,,,,,
Maison la bazouge du desert 6 pièce(s),https://www.etreproprio.com/immobilier-23443545-vente-maison-la-bazouge-du-desert-6-pieces-la-bazouge-du-desert,,,,,
Maison 195m² à la bazouge-du-desert,https://www.etreproprio.com/immobilier-22395968-vente-maison-195m-a-la-bazouge-du-desert-la-bazouge-du-desert,,,,,
Maison 114m² à la bazouge-du-desert,https://www.etreproprio.com/immobilier-22548821-vente-maison-114m-a-la-bazouge-du-desert-la-bazouge-du-desert,,,,,
A vendre maison la bazouge du d. 4 pièces 89 m²,https://www.etreproprio.com/immobilier-22093263-vente-a-vendre-maison-la-bazouge-du-d-4-pieces-89-m-la-bazouge-du-desert,,,,,
Maison à rénover avec terrain la bazouge du desert (35),https://www.etreproprio.com/immobilier-18624412-vente-maison-a-renover-avec-terrain-la-bazouge-du-desert-35-la-bazouge-du-desert,,,,,
Maison bazouges la perouse 6 pièce(s) 149 m2,https://www.etreproprio.com/immobilier-23828837-vente-maison-bazouges-la-perouse-6-pieces-149-m2-bazouges-la-perouse,,,,,
Charmante maison en pierre à bzaouges la pérouse 79 m² habitables + grenier sur un jardin de 285 m²,https://www.etreproprio.com/immobilier-23827976-vente-charmante-maison-en-pierre-a-bzaouges-la-perouse-79-m-habitables-grenier-sur-un-jardin-de-285-m-bazouges-la-perouse,,,,,
Maison 48m² à bazouges-la-perouse,https://www.etreproprio.com/immobilier-23786089-vente-maison-48m-a-bazouges-la-perouse-bazouges-la-perouse,,,,,
Maison 160m² à bazouges-la-perouse,https://www.etreproprio.com/immobilier-23692132-vente-maison-160m-a-bazouges-la-perouse-bazouges-la-perouse,,,,,
Maison campagne bazouges la pérouse,https://www.etreproprio.com/immobilier-23654466-vente-maison-campagne-bazouges-la-perouse-bazouges-la-perouse,,,,,
Maison 142m² à bazouges-la-perouse,https://www.etreproprio.com/immobilier-23558480-vente-maison-142m-a-bazouges-la-perouse-bazouges-la-perouse,,,,,
Corps de ferme rénové 6 pièces 4 ch 142 m² terrain 2400 m² proche combourg,https://www.etreproprio.com/immobilier-23542948-vente-corps-de-ferme-renove-6-pieces-4-ch-142-m-terrain-2400-m-proche-combourg-bazouges-la-perouse,,,,,
Bazouges-la-pérouse,https://www.etreproprio.com/immobilier-23542306-vente-bazouges-la-perouse-bazouges-la-perouse,,,,,
Maison bazouges la perouse 6 pièce(s) 154 m2,https://www.etreproprio.com/immobilier-21121160-vente-maison-bazouges-la-perouse-6-pieces-154-m2-bazouges-la-perouse,,,,,
En campagne de bazouges-la-pérouse,https://www.etreproprio.com/immobilier-23451871-vente-en-campagne-de-bazouges-la-perouse-bazouges-la-perouse,,,,,
Logement atypique avec du potentiel,https://www.etreproprio.com/immobilier-23444044-vente-logement-atypique-avec-du-potentiel-bazouges-la-perouse,,,,,
"Ille et vilaine, bazouges la pérouse. maison de campagne mitoyenne en pierre de 4 chambres avec jardin et dépendances.",https://www.etreproprio.com/immobilier-22756473-vente-ille-et-vilaine-bazouges-la-perouse-maison-de-campagne-mitoyenne-en-pierre-de-4-chambres-avec-jardin-et-dependances-bazouges-la-perouse,,,,,
Maison à fort potentiel à bazouges-la-pérouse,https://www.etreproprio.com/immobilier-23237193-vente-maison-a-fort-potentiel-a-bazouges-la-perouse-bazouges-la-perouse,,,,,
Bazouges-la-perouse - maison en pierre centre bourg,https://www.etreproprio.com/immobilier-23217405-vente-bazouges-la-perouse-maison-en-pierre-centre-bourg-bazouges-la-perouse,,,,,
Bazouge la perouse exclusivité,https://www.etreproprio.com/immobilier-22408394-vente-bazouge-la-perouse-exclusivite-bazouges-la-perouse,,,,,
Charme et authenticité!,https://www.etreproprio.com/immobilier-22929834-vente-charme-et-authenticite-bazouges-la-perouse,,,,,
Maison 75m² à bazouges-la-perouse,https://www.etreproprio.com/immobilier-22742300-vente-maison-75m-a-bazouges-la-perouse-bazouges-la-perouse,,,,,
Maison 62m² à bazouges-la-perouse,https://www.etreproprio.com/immobilier-22031467-vente-maison-62m-a-bazouges-la-perouse-bazouges-la-perouse,,,,,
Belle longère 260 m² avec dépendances 12 km de combourg,https://www.etreproprio.com/immobilier-22285851-vente-belle-longere-260-m-avec-dependances-12-km-de-combourg-bazouges-la-perouse,,,,,
Lot de 2 maisons bazouges la perouse,https://www.etreproprio.com/immobilier-19066828-vente-lot-de-2-maisons-bazouges-la-perouse-bazouges-la-perouse,,,,,
Maison contemporaine de 2022,https://www.etreproprio.com/immobilier-23793530-vente-maison-contemporaine-de-2022-beauce,,,,,
Maison 82m² à beauce,https://www.etreproprio.com/immobilier-23280152-vente-maison-82m-a-beauce-beauce,,,,,
Maison exceptionnelle – 353 m² sur parc de 3 518 m²,https://www.etreproprio.com/immobilier-23485314-vente-maison-exceptionnelle-353-m-sur-parc-de-3-518-m-beauce,,,,,
Maison 131m² à beauce,https://www.etreproprio.com/immobilier-23161630-vente-maison-131m-a-beauce-beauce,,,,,
Maison individuelle,https://www.etreproprio.com/immobilier-21992161-vente-maison-individuelle-beauce,,,,,
Maison 201m² à becherel,https://www.etreproprio.com/immobilier-23863152-vente-maison-201m-a-becherel-becherel,,,,,
Maison 247m² à becherel,https://www.etreproprio.com/immobilier-23565138-vente-maison-247m-a-becherel-becherel,,,,,
Bureaux becherel 4 pièce(s) 91 m2,https://www.etreproprio.com/immobilier-22209671-vente-bureaux-becherel-4-pieces-91-m2-becherel,,,,,
Maison 91m² à becherel,https://www.etreproprio.com/immobilier-22868378-vente-maison-91m-a-becherel-becherel,,,,,
Maison à vendre 6 pièces longaulnay (35),https://www.etreproprio.com/immobilier-23297474-vente-maison-a-vendre-6-pieces-longaulnay-35-becherel,,,,,
Maison bécherel 6 pièce(s) 135 m2,https://www.etreproprio.com/immobilier-23219197-vente-maison-becherel-6-pieces-135-m2-becherel,,,,,
Maison 112 m2,https://www.etreproprio.com/immobilier-23171090-vente-maison-112-m2-becherel,,,,,
"Maison de bourg en pierres, idéalement située à becherel",https://www.etreproprio.com/immobilier-23071682-vente-maison-de-bourg-en-pierres-idealement-situee-a-becherel-becherel,,,,,
Maison de caractère becherel,https://www.etreproprio.com/immobilier-22567236-vente-maison-de-caractere-becherel-becherel,,,,,
Maison 80m² à becherel,https://www.etreproprio.com/immobilier-22461766-vente-maison-80m-a-becherel-becherel,,,,,
Maison 169m² à becherel,https://www.etreproprio.com/immobilier-22223869-vente-maison-169m-a-becherel-becherel,,,,,
Maison en pierre à vendre 5 pièces 105 m2 becherel (35),https://www.etreproprio.com/immobilier-21838260-vente-maison-en-pierre-a-vendre-5-pieces-105-m2-becherel-35-becherel,,,,,
Manoir 17ème -13 pièces - 365 m² sur parc  de 6307 m²,https://www.etreproprio.com/immobilier-20428340-vente-manoir-17eme-13-pieces-365-m-sur-parc-de-6307-m-becherel,,,,,
Maison 150m² à becherel,https://www.etreproprio.com/immobilier-17801551-vente-maison-150m-a-becherel-becherel,,,,,
Maison 165m² à bedee,https://www.etreproprio.com/immobilier-23371998-vente-maison-165m-a-bedee-bedee,,,,,
Maison de ville,https://www.etreproprio.com/immobilier-23856717-vente-maison-de-ville-bedee,,,,,
Maison 80m² à bedee,https://www.etreproprio.com/immobilier-23856718-vente-maison-80m-a-bedee-bedee,,,,,
Maison 137m² à bedee,https://www.etreproprio.com/immobilier-23538080-vente-maison-137m-a-bedee-bedee,,,,,
Bedée longère rénovée de 143m² sur 12010m² de terrain au calme !,https://www.etreproprio.com/immobilier-23817624-vente-bedee-longere-renovee-de-143m-sur-12010m-de-terrain-au-calme-bedee,,,,,
Maison 100m² à bedee,https://www.etreproprio.com/immobilier-23599123-vente-maison-100m-a-bedee-bedee,,,,,
Maison 4 pièces - 114m2,https://www.etreproprio.com/immobilier-23653070-vente-maison-4-pieces-114m2-bedee,,,,,
Maison 102m² à bedee,https://www.etreproprio.com/immobilier-23129183-vente-maison-102m-a-bedee-bedee,,,,,
Maison bédée 5 pièce(s) 132 m2,https://www.etreproprio.com/immobilier-22496705-vente-maison-bedee-5-pieces-132-m2-bedee,,,,,
Maison 124m² à bedee,https://www.etreproprio.com/immobilier-23277569-vente-maison-124m-a-bedee-bedee,,,,,
Maison 297m² à bedee,https://www.etreproprio.com/immobilier-23194177-vente-maison-297m-a-bedee-bedee,,,,,
Maison 117m² à bedee,https://www.etreproprio.com/immobilier-23049495-vente-maison-117m-a-bedee-bedee,,,,,
Maison 80m² à bedee,https://www.etreproprio.com/immobilier-22503799-vente-maison-80m-a-bedee-bedee,,,,,
Maison 103m² à bedee,https://www.etreproprio.com/immobilier-21971463-vente-maison-103m-a-bedee-bedee,,,,,
Maison 105m² à bedee,https://www.etreproprio.com/immobilier-21743073-vente-maison-105m-a-bedee-bedee,,,,,
Maison t6 - 94 m2 - 528 m2 avec garage - emplacement prisé,https://www.etreproprio.com/immobilier-23150078-vente-maison-t6-94-m2-528-m2-avec-garage-emplacement-prise-betton,,,,,
Maison 141m² à betton,https://www.etreproprio.com/immobilier-23534139-vente-maison-141m-a-betton-betton,,,,,
"Maison betton, 135  m², 4 chambres",https://www.etreproprio.com/immobilier-23903258-vente-maison-betton-135-m-4-chambres-betton,,,,,
Maison 115m² à betton,https://www.etreproprio.com/immobilier-23125674-vente-maison-115m-a-betton-betton,,,,,
Maison 5 pièces 98 m2,https://www.etreproprio.com/immobilier-23887458-vente-maison-5-pieces-98-m2-betton,,,,,
Maison 178m² à betton,https://www.etreproprio.com/immobilier-23872881-vente-maison-178m-a-betton-betton,,,,,
A vendre - agence giboire - maison contemporaine de 150 m² - betton - quartier de la plesse,https://www.etreproprio.com/immobilier-23870730-vente-a-vendre-agence-giboire-maison-contemporaine-de-150-m-betton-quartier-de-la-plesse-betton,,,,,
Maison à vendre 7 pièces betton (35),https://www.etreproprio.com/immobilier-23865187-vente-maison-a-vendre-7-pieces-betton-35-betton,,,,,
Maison 132m² à betton,https://www.etreproprio.com/immobilier-23848293-vente-maison-132m-a-betton-betton,,,,,
Maison 166m² à betton,https://www.etreproprio.com/immobilier-23839427-vente-maison-166m-a-betton-betton,,,,,
Maison 197m² à betton,https://www.etreproprio.com/immobilier-23843905-vente-maison-197m-a-betton-betton,,,,,
Maison 7 pièces 156 m2,https://www.etreproprio.com/immobilier-23838370-vente-maison-7-pieces-156-m2-betton,,,,,
A vendre - agence giboire - maison 8 pieces 183 m² - betton,https://www.etreproprio.com/immobilier-23796574-vente-a-vendre-agence-giboire-maison-8-pieces-183-m-betton-betton,,,,,
Maison betton 6 pièces 152 m2 au sol,https://www.etreproprio.com/immobilier-23755599-vente-maison-betton-6-pieces-152-m2-au-sol-betton,,,,,
Maison betton 7 pièce(s) 127.02 m2,https://www.etreproprio.com/immobilier-23755605-vente-maison-betton-7-pieces-12702-m2-betton,,,,,
Maison betton 4 pièce(s),https://www.etreproprio.com/immobilier-23755597-vente-maison-betton-4-pieces-betton,,,,,
Maison betton 93 m2,https://www.etreproprio.com/immobilier-23755598-vente-maison-betton-93-m2-betton,,,,,
Maison betton 8 pièce(s) 179.70 m2,https://www.etreproprio.com/immobilier-23755602-vente-maison-betton-8-pieces-17970-m2-betton,,,,,
Maison  betton saint sulpice la foret 6 pièce(s) 182 m2,https://www.etreproprio.com/immobilier-23755601-vente-maison-betton-saint-sulpice-la-foret-6-pieces-182-m2-betton,,,,,
Maison 121m² à betton,https://www.etreproprio.com/immobilier-23738598-vente-maison-121m-a-betton-betton,,,,,
Belle maison en campagne 183m² à bille  (35133 ),https://www.etreproprio.com/immobilier-23508386-vente-belle-maison-en-campagne-183m-a-bille-35133-bille,,,,,
Maison 124m² à bleruais,https://www.etreproprio.com/immobilier-22636423-vente-maison-124m-a-bleruais-bleruais,,,,,
Maison 103m² à betton,https://www.etreproprio.com/immobilier-23497115-vente-maison-103m-a-betton-betton,,,,,
Maison d'habitation 2 chambres à betton,https://www.etreproprio.com/immobilier-23710524-vente-maison-d-habitation-2-chambres-a-betton-betton,,,,,
Maison 149m² à betton,https://www.etreproprio.com/immobilier-23708566-vente-maison-149m-a-betton-betton,,,,,
Maison betton 3 pièce(s) 95.7 m2,https://www.etreproprio.com/immobilier-23699968-vente-maison-betton-3-pieces-957-m2-betton,,,,,
A vendre - exclusivite agence giboire - maison 6 pièces - betton zac de la plesse,https://www.etreproprio.com/immobilier-23687400-vente-a-vendre-exclusivite-agence-giboire-maison-6-pieces-betton-zac-de-la-plesse-betton,,,,,
Maison 147m² à betton,https://www.etreproprio.com/immobilier-23388876-vente-maison-147m-a-betton-betton,,,,,
Maison 143m² à betton,https://www.etreproprio.com/immobilier-23676140-vente-maison-143m-a-betton-betton,,,,,
Betton / maison 6-7 pièces 147 m2 avec 4 chambre et une suite parentale,https://www.etreproprio.com/immobilier-23382540-vente-betton-maison-6-7-pieces-147-m2-avec-4-chambre-et-une-suite-parentale-betton,,,,,
Maison 108m² à betton,https://www.etreproprio.com/immobilier-23676142-vente-maison-108m-a-betton-betton,,,,,
Maison 167m² à betton,https://www.etreproprio.com/immobilier-23665134-vente-maison-167m-a-betton-betton,,,,,
Maison 150m² à betton,https://www.etreproprio.com/immobilier-23636018-vente-maison-150m-a-betton-betton,,,,,
Maison 110m² à betton,https://www.etreproprio.com/immobilier-23589182-vente-maison-110m-a-betton-betton,,,,,
Betton maison à rafraichir offrant 105 m2 habitables avec sous-sol complet de 70m² sur 503m² de terrain plein sud !,https://www.etreproprio.com/immobilier-22578848-vente-betton-maison-a-rafraichir-offrant-105-m2-habitables-avec-sous-sol-complet-de-70m-sur-503m-de-terrain-plein-sud-betton,,,,,
Maison 430m² à betton,https://www.etreproprio.com/immobilier-23490211-vente-maison-430m-a-betton-betton,,,,,
Maison 133m² à betton,https://www.etreproprio.com/immobilier-23350500-vente-maison-133m-a-betton-betton,,,,,
Maison 110m² à betton,https://www.etreproprio.com/immobilier-23476924-vente-maison-110m-a-betton-betton,,,,,
Maison 94m² à betton,https://www.etreproprio.com/immobilier-23459877-vente-maison-94m-a-betton-betton,,,,,
Maison - betton,https://www.etreproprio.com/immobilier-23445342-vente-maison-betton-betton,,,,,
"Maison de 75m² entierrement rénovée, à betton",https://www.etreproprio.com/immobilier-23427675-vente-maison-de-75m-entierrement-renovee-a-betton-betton,,,,,
"Maisonnette de 22m² en rez-de jardin, à betton",https://www.etreproprio.com/immobilier-23427672-vente-maisonnette-de-22m-en-rez-de-jardin-a-betton-betton,,,,,
Maison 6 pièces 121 m2,https://www.etreproprio.com/immobilier-23395306-vente-maison-6-pieces-121-m2-betton,,,,,
Maison 171m² à betton,https://www.etreproprio.com/immobilier-23402624-vente-maison-171m-a-betton-betton,,,,,
Maison betton 5 pièce(s) 105 m2,https://www.etreproprio.com/immobilier-22593437-vente-maison-betton-5-pieces-105-m2-betton,,,,,
Maison 120m² à betton,https://www.etreproprio.com/immobilier-21965922-vente-maison-120m-a-betton-betton,,,,,
Maison 83m² à betton,https://www.etreproprio.com/immobilier-23274818-vente-maison-83m-a-betton-betton,,,,,
A vendre - betton 35830 -  maison neuve - 148 m² habitables - 5 chambres - 180 m² env de terrain - garage attenant,https://www.etreproprio.com/immobilier-23208868-vente-a-vendre-betton-35830-maison-neuve-148-m-habitables-5-chambres-180-m-env-de-terrain-garage-attenant-betton,,,,,
Maison betton - 5 chambres,https://www.etreproprio.com/immobilier-23126302-vente-maison-betton-5-chambres-betton,,,,,
"Maison betton, 5 chambres",https://www.etreproprio.com/immobilier-23126301-vente-maison-betton-5-chambres-betton,,,,,
Maison 125m² à betton,https://www.etreproprio.com/immobilier-22669397-vente-maison-125m-a-betton-betton,,,,,
Maison 128m² à betton,https://www.etreproprio.com/immobilier-23024978-vente-maison-128m-a-betton-betton,,,,,
Maison - betton,https://www.etreproprio.com/immobilier-22991900-vente-maison-betton-betton,,,,,
Maison 288m² à betton,https://www.etreproprio.com/immobilier-22533922-vente-maison-288m-a-betton-betton,,,,,
Maison 288m² à betton,https://www.etreproprio.com/immobilier-22245325-vente-maison-288m-a-betton-betton,,,,,
Maison indépendante (109 m2) sur terrain de 748 m2.,https://www.etreproprio.com/immobilier-21614145-vente-maison-independante-109-m2-sur-terrain-de-748-m2-betton,,,,,
Maison 140m² à betton,https://www.etreproprio.com/immobilier-21526671-vente-maison-140m-a-betton-betton,,,,,
Maison 100m² à betton,https://www.etreproprio.com/immobilier-22145643-vente-maison-100m-a-betton-betton,,,,,
Maison 190m² à betton,https://www.etreproprio.com/immobilier-21553626-vente-maison-190m-a-betton-betton,,,,,
Maison 6 pièces de 165 m2,https://www.etreproprio.com/immobilier-19151639-vente-maison-6-pieces-de-165-m2-betton,,,,,
Maison 180m² à boisgervilly,https://www.etreproprio.com/immobilier-23901174-vente-maison-180m-a-boisgervilly-boisgervilly,,,,,
Maison 98m² à boisgervilly,https://www.etreproprio.com/immobilier-23848034-vente-maison-98m-a-boisgervilly-boisgervilly,,,,,
Maison 83m² à boisgervilly,https://www.etreproprio.com/immobilier-23800832-vente-maison-83m-a-boisgervilly-boisgervilly,,,,,
Longère de 178 m² habitables sur un terrain entièrement clos et arboré de 6650 m². + dépendances,https://www.etreproprio.com/immobilier-23655236-vente-longere-de-178-m-habitables-sur-un-terrain-entierement-clos-et-arbore-de-6650-m-dependances-boisgervilly,,,,,
"Maison contemporaine de 121 m² avec 5 chambres, garage et terrain.",https://www.etreproprio.com/immobilier-23038289-vente-maison-contemporaine-de-121-m-avec-5-chambres-garage-et-terrain-boisgervilly,,,,,
Maison boisgervilly 5 pièces 84 m2 - sous/sol complet - grenier aménageable - terrain de 641 m²,https://www.etreproprio.com/immobilier-23152591-vente-maison-boisgervilly-5-pieces-84-m2-soussol-complet-grenier-amenageable-terrain-de-641-m-boisgervilly,,,,,
Maison 102m² à boisgervilly,https://www.etreproprio.com/immobilier-22611630-vente-maison-102m-a-boisgervilly-boisgervilly,,,,,
Maison 135m² à boisgervilly,https://www.etreproprio.com/immobilier-21971445-vente-maison-135m-a-boisgervilly-boisgervilly,,,,,
Maison 95m² à boisgervilly,https://www.etreproprio.com/immobilier-21971453-vente-maison-95m-a-boisgervilly-boisgervilly,,,,,
Maison 94m² à boistrudan,https://www.etreproprio.com/immobilier-22873120-vente-maison-94m-a-boistrudan-boistrudan,,,,,
Maison 87m² à boistrudan,https://www.etreproprio.com/immobilier-23297541-vente-maison-87m-a-boistrudan-boistrudan,,,,,
Exceptionnel- maison contemporaine de caractère avec piscine 5 ch 7 p 1100 m²,https://www.etreproprio.com/immobilier-23469357-vente-exceptionnel-maison-contemporaine-de-caractere-avec-piscine-5-ch-7-p-1100-m-bonnemain,,,,,
Maison 160m² à bonnemain,https://www.etreproprio.com/immobilier-22637901-vente-maison-160m-a-bonnemain-bonnemain,,,,,
Bonnemain bourg - immeuble à usage d'habitation et de local commercial,https://www.etreproprio.com/immobilier-22695051-vente-bonnemain-bourg-immeuble-a-usage-d-habitation-et-de-local-commercial-bonnemain,,,,,
Belle longère rénovée 7 km de combourg,https://www.etreproprio.com/immobilier-22107071-vente-belle-longere-renovee-7-km-de-combourg-bonnemain,,,,,
Maison 142m² à bonnemain,https://www.etreproprio.com/immobilier-22721830-vente-maison-142m-a-bonnemain-bonnemain,,,,,
Maison de caractère en pierre 170 m² 6 p 4 ch centre bourg de bonnemain,https://www.etreproprio.com/immobilier-22973270-vente-maison-de-caractere-en-pierre-170-m-6-p-4-ch-centre-bourg-de-bonnemain-bonnemain,,,,,
Maison 128m² à bonnemain,https://www.etreproprio.com/immobilier-23472394-vente-maison-128m-a-bonnemain-bonnemain,,,,,
Maison bonnemain 6 pièce(s) 142 m2,https://www.etreproprio.com/immobilier-23100247-vente-maison-bonnemain-6-pieces-142-m2-bonnemain,,,,,
Maison 166m² à bonnemain,https://www.etreproprio.com/immobilier-22896112-vente-maison-166m-a-bonnemain-bonnemain,,,,,
Maison bonnemain 8 pièces 175 m²,https://www.etreproprio.com/immobilier-19552790-vente-maison-bonnemain-8-pieces-175-m-bonnemain,,,,,
Maison 240m² à la bosse-de-bretagne,https://www.etreproprio.com/immobilier-23727970-vente-maison-240m-a-la-bosse-de-bretagne-la-bosse-de-bretagne,,,,,
Maison familiale (2012) t8 148 m2 - 578 m2 (5 chambres et bureau),https://www.etreproprio.com/immobilier-23405681-vente-maison-familiale-2012-t8-148-m2-578-m2-5-chambres-et-bureau-la-bosse-de-bretagne,,,,,
Maison à la bosse-de-bretagne,https://www.etreproprio.com/immobilier-22989370-vente-maison-a-la-bosse-de-bretagne-la-bosse-de-bretagne,,,,,
Maison 103m² à la bouexiere,https://www.etreproprio.com/immobilier-23653710-vente-maison-103m-a-la-bouexiere-la-bouexiere,,,,,
Maison 100m² à la bouexiere,https://www.etreproprio.com/immobilier-23850297-vente-maison-100m-a-la-bouexiere-la-bouexiere,,,,,
Échappée belle : ressourcez-vous au calme absolu à la campagne !,https://www.etreproprio.com/immobilier-23820590-vente-echappee-belle-ressourcez-vous-au-calme-absolu-a-la-campagne-la-bouexiere,,,,,
Maison à vendre 3 pièces la bouexiere (35),https://www.etreproprio.com/immobilier-23737291-vente-maison-a-vendre-3-pieces-la-bouexiere-35-la-bouexiere,,,,,
Maison la bouexiere 4 pièce(s) 83 m2,https://www.etreproprio.com/immobilier-23258031-vente-maison-la-bouexiere-4-pieces-83-m2-la-bouexiere,,,,,
Maison la bouexiere 5 pièce(s) 97 m2,https://www.etreproprio.com/immobilier-23460362-vente-maison-la-bouexiere-5-pieces-97-m2-la-bouexiere,,,,,
Grange à rénover sur la bouexiere,https://www.etreproprio.com/immobilier-21978873-vente-grange-a-renover-sur-la-bouexiere-la-bouexiere,,,,,
Maison 110m² à la bouexiere,https://www.etreproprio.com/immobilier-23467263-vente-maison-110m-a-la-bouexiere-la-bouexiere,,,,,
Maison 155m² à la bouexiere,https://www.etreproprio.com/immobilier-23460111-vente-maison-155m-a-la-bouexiere-la-bouexiere,,,,,
Maison à vendre à la bouëxiére,https://www.etreproprio.com/immobilier-23408425-vente-maison-a-vendre-a-la-bouexiere-la-bouexiere,,,,,
Maison 112m² à la bouexiere,https://www.etreproprio.com/immobilier-23040210-vente-maison-112m-a-la-bouexiere-la-bouexiere,,,,,
Maison 186m² à la bouexiere,https://www.etreproprio.com/immobilier-21514235-vente-maison-186m-a-la-bouexiere-la-bouexiere,,,,,
Maison contemporaine avec dépendance - centre de la bouëxière - 6 pièces - 135 m²,https://www.etreproprio.com/immobilier-22338946-vente-maison-contemporaine-avec-dependance-centre-de-la-bouexiere-6-pieces-135-m-la-bouexiere,,,,,
Vente maison la bouexiere(35340) 273 000ï¿œ,https://www.etreproprio.com/immobilier-22534215-vente-vente-maison-la-bouexiere35340-273-000i-oe-la-bouexiere,,,,,
Vente maison la bouexiere(35340) 176 400ï¿œ,https://www.etreproprio.com/immobilier-23187642-vente-vente-maison-la-bouexiere35340-176-400i-oe-la-bouexiere,,,,,
Maison la bouexiere 7 pièce(s) 146 m2,https://www.etreproprio.com/immobilier-23177191-vente-maison-la-bouexiere-7-pieces-146-m2-la-bouexiere,,,,,
Maison 4 chambres 130 m2 prête à vivre,https://www.etreproprio.com/immobilier-23074456-vente-maison-4-chambres-130-m2-prete-a-vivre-la-bouexiere,,,,,
Maison 146m² à la bouexiere,https://www.etreproprio.com/immobilier-21746177-vente-maison-146m-a-la-bouexiere-la-bouexiere,,,,,
Maison 215m² à la bouexiere,https://www.etreproprio.com/immobilier-22765820-vente-maison-215m-a-la-bouexiere-la-bouexiere,,,,,
Maison 121m² à la bouexiere,https://www.etreproprio.com/immobilier-22752680-vente-maison-121m-a-la-bouexiere-la-bouexiere,,,,,
Maison 101m² à bourgbarre,https://www.etreproprio.com/immobilier-23831562-vente-maison-101m-a-bourgbarre-bourgbarre,,,,,
Maison 38m² à bourgbarre,https://www.etreproprio.com/immobilier-23784168-vente-maison-38m-a-bourgbarre-bourgbarre,,,,,
Maison 138m² à bourgbarre,https://www.etreproprio.com/immobilier-23734026-vente-maison-138m-a-bourgbarre-bourgbarre,,,,,
Maison 306m² à bourgbarre,https://www.etreproprio.com/immobilier-22725616-vente-maison-306m-a-bourgbarre-bourgbarre,,,,,
Maison 202m² à bourgbarre,https://www.etreproprio.com/immobilier-22138477-vente-maison-202m-a-bourgbarre-bourgbarre,,,,,
"Maison - 6 pièces - 4 chambres - 104,24 m2",https://www.etreproprio.com/immobilier-23032623-vente-maison-6-pieces-4-chambres-10424-m2-bourgbarre,,,,,
Maison - bourgbarré,https://www.etreproprio.com/immobilier-23502007-vente-maison-bourgbarre-bourgbarre,,,,,
Maison 114m² à bourgbarre,https://www.etreproprio.com/immobilier-23524555-vente-maison-114m-a-bourgbarre-bourgbarre,,,,,
Maison 173m² à bourgbarre,https://www.etreproprio.com/immobilier-23068666-vente-maison-173m-a-bourgbarre-bourgbarre,,,,,
Maison 106m² à bourgbarre,https://www.etreproprio.com/immobilier-23482111-vente-maison-106m-a-bourgbarre-bourgbarre,,,,,
"Bourgbarré, belle maison familiale de 174 m² sur terrain de 628 m²",https://www.etreproprio.com/immobilier-22459241-vente-bourgbarre-belle-maison-familiale-de-174-m-sur-terrain-de-628-m-bourgbarre,,,,,
Maison 231m² à bourgbarre,https://www.etreproprio.com/immobilier-23406166-vente-maison-231m-a-bourgbarre-bourgbarre,,,,,
Maison familiale d’exception   bourgbarré   202 m2   piscine,https://www.etreproprio.com/immobilier-23394966-vente-maison-familiale-d-exception-bourgbarre-202-m2-piscine-bourgbarre,,,,,
"à vendre – en exclusivité - maison contemporaine à bourgbarré – 124 m² habitables, 4 chambres",https://www.etreproprio.com/immobilier-23368898-vente-a-vendre-en-exclusivite-maison-contemporaine-a-bourgbarre-124-m-habitables-4-chambres-bourgbarre,,,,,
Maison 152m² à bourgbarre,https://www.etreproprio.com/immobilier-23319672-vente-maison-152m-a-bourgbarre-bourgbarre,,,,,
Maison t4 de 85m2 sur bourgbarré,https://www.etreproprio.com/immobilier-23310533-vente-maison-t4-de-85m2-sur-bourgbarre-bourgbarre,,,,,
Maison 204m² à bourgbarre,https://www.etreproprio.com/immobilier-22669265-vente-maison-204m-a-bourgbarre-bourgbarre,,,,,
Maison lotissement - 173 m² - 4 chambres,https://www.etreproprio.com/immobilier-23207986-vente-maison-lotissement-173-m-4-chambres-bourgbarre,,,,,
Maison 85m² à bourgbarre,https://www.etreproprio.com/immobilier-23219140-vente-maison-85m-a-bourgbarre-bourgbarre,,,,,
Maison contemporaine d'environ 200m²,https://www.etreproprio.com/immobilier-23208461-vente-maison-contemporaine-d-environ-200m-bourgbarre,,,,,
Maison bourg des comptes 7 chambres - 230 m2,https://www.etreproprio.com/immobilier-23755492-vente-maison-bourg-des-comptes-7-chambres-230-m2-bourg-des-comptes,,,,,
Propriété en pierres - hangar - logement indépendant,https://www.etreproprio.com/immobilier-23709584-vente-propriete-en-pierres-hangar-logement-independant-bourg-des-comptes,,,,,
Maison bourg des comptes 7 pièce(s) 126 m2,https://www.etreproprio.com/immobilier-23189053-vente-maison-bourg-des-comptes-7-pieces-126-m2-bourg-des-comptes,,,,,
"Maison de caractère 112 m2 - 944 m2 de terrain (abris de jardin, four à pain fonctionnel, garage)",https://www.etreproprio.com/immobilier-23668534-vente-maison-de-caractere-112-m2-944-m2-de-terrain-abris-de-jardin-four-a-pain-fonctionnel-garage-bourg-des-comptes,,,,,
Maison 104m² à bourg-des-comptes,https://www.etreproprio.com/immobilier-23664326-vente-maison-104m-a-bourg-des-comptes-bourg-des-comptes,,,,,
Maison 135m² à bourg-des-comptes,https://www.etreproprio.com/immobilier-22374484-vente-maison-135m-a-bourg-des-comptes-bourg-des-comptes,,,,,
Maison de village - fort potentiel,https://www.etreproprio.com/immobilier-23618192-vente-maison-de-village-fort-potentiel-bourg-des-comptes,,,,,
Maison 194m² à bourg-des-comptes,https://www.etreproprio.com/immobilier-23349464-vente-maison-194m-a-bourg-des-comptes-bourg-des-comptes,,,,,
Maison bourg des comptes 7 pièce(s) 160m²,https://www.etreproprio.com/immobilier-23279314-vente-maison-bourg-des-comptes-7-pieces-160m-bourg-des-comptes,,,,,
Maison bourg des comptes 5 pièce(s) 138 m2,https://www.etreproprio.com/immobilier-22496676-vente-maison-bourg-des-comptes-5-pieces-138-m2-bourg-des-comptes,,,,,
Maison - ancien corps de ferme,https://www.etreproprio.com/immobilier-23073764-vente-maison-ancien-corps-de-ferme-bourg-des-comptes,,,,,
Maison bourg-des-comptes 6 pièce(s) 130 m2,https://www.etreproprio.com/immobilier-23030509-vente-maison-bourg-des-comptes-6-pieces-130-m2-bourg-des-comptes,,,,,
Maison 4 chambres -  2012,https://www.etreproprio.com/immobilier-22566449-vente-maison-4-chambres-2012-bourg-des-comptes,,,,,
Maison en pierres à bourg des comptes,https://www.etreproprio.com/immobilier-22135832-vente-maison-en-pierres-a-bourg-des-comptes-bourg-des-comptes,,,,,
Maison individuelle - projet rénovation,https://www.etreproprio.com/immobilier-20582828-vente-maison-individuelle-projet-renovation-bourg-des-comptes,,,,,
Ensemble immobilier 450 m² en pierre à rénover,https://www.etreproprio.com/immobilier-20789870-vente-ensemble-immobilier-450-m-en-pierre-a-renover-bourg-des-comptes,,,,,
Maison 149m² à bourgbarre,https://www.etreproprio.com/immobilier-23145476-vente-maison-149m-a-bourgbarre-bourgbarre,,,,,
Longère rénovée avec dépendances à bourgbarré,https://www.etreproprio.com/immobilier-23065987-vente-longere-renovee-avec-dependances-a-bourgbarre-bourgbarre,,,,,
Maison 142m² à bourgbarre,https://www.etreproprio.com/immobilier-21791442-vente-maison-142m-a-bourgbarre-bourgbarre,,,,,
Maison 97m² à bourgbarre,https://www.etreproprio.com/immobilier-23031340-vente-maison-97m-a-bourgbarre-bourgbarre,,,,,
Longère en pierre avec garage et hangar,https://www.etreproprio.com/immobilier-22648103-vente-longere-en-pierre-avec-garage-et-hangar-bourgbarre,,,,,
"Maison 160m2 habitables, 5 chambres spa et sauna, sur 1000m2 de terrain, double garage.",https://www.etreproprio.com/immobilier-22559680-vente-maison-160m2-habitables-5-chambres-spa-et-sauna-sur-1000m2-de-terrain-double-garage-bourgbarre,,,,,
"Bourgbarré, pavillon indépendant 4ch sur 486m2 de terrain.",https://www.etreproprio.com/immobilier-22530923-vente-bourgbarre-pavillon-independant-4ch-sur-486m2-de-terrain-bourgbarre,,,,,
Maison 8 pièces 250 m2 - bougbarre 35230,https://www.etreproprio.com/immobilier-22504875-vente-maison-8-pieces-250-m2-bougbarre-35230-bourgbarre,,,,,
Maison 112m² à bourgbarre,https://www.etreproprio.com/immobilier-22470640-vente-maison-112m-a-bourgbarre-bourgbarre,,,,,
Maison de campagne avec de 151 m2 avec 1480 m2 de terrain clos,https://www.etreproprio.com/immobilier-21675830-vente-maison-de-campagne-avec-de-151-m2-avec-1480-m2-de-terrain-clos-bourgbarre,,,,,
Maison 160m2 - 2 700m2 de terrain - centre de bourgbarre,https://www.etreproprio.com/immobilier-19920060-vente-maison-160m2-2-700m2-de-terrain-centre-de-bourgbarre-bourgbarre,,,,,
Maison 3 chambres proche centre bourgbarré,https://www.etreproprio.com/immobilier-19757771-vente-maison-3-chambres-proche-centre-bourgbarre-bourgbarre,,,,,
A vendre maison de plain pied à bourgbarré,https://www.etreproprio.com/immobilier-19483829-vente-a-vendre-maison-de-plain-pied-a-bourgbarre-bourgbarre,,,,,
Maison 213m² à la bouexiere,https://www.etreproprio.com/immobilier-22740638-vente-maison-213m-a-la-bouexiere-la-bouexiere,,,,,
Maison 118m² à la bouexiere,https://www.etreproprio.com/immobilier-22681312-vente-maison-118m-a-la-bouexiere-la-bouexiere,,,,,
Pavillon 4 pièces - 83m²,https://www.etreproprio.com/immobilier-22151626-vente-pavillon-4-pieces-83m-la-bouexiere,,,,,
Maison 82m² à la bouexiere,https://www.etreproprio.com/immobilier-22122135-vente-maison-82m-a-la-bouexiere-la-bouexiere,,,,,
Maison à vendre 8 pièces la bouexiere (35),https://www.etreproprio.com/immobilier-20503237-vente-maison-a-vendre-8-pieces-la-bouexiere-35-la-bouexiere,,,,,
La boussac - maison idéale pour primo,https://www.etreproprio.com/immobilier-23646432-vente-la-boussac-maison-ideale-pour-primo-la-boussac,,,,,
Maison 98m² à la boussac,https://www.etreproprio.com/immobilier-22992240-vente-maison-98m-a-la-boussac-la-boussac,,,,,
Maison 220m² à la boussac,https://www.etreproprio.com/immobilier-23666965-vente-maison-220m-a-la-boussac-la-boussac,,,,,
Maison 125m² à la boussac,https://www.etreproprio.com/immobilier-23478844-vente-maison-125m-a-la-boussac-la-boussac,,,,,
"De beaux volumes pour cette maison de centre bourg avec garage de 50 m2, commerces et école à pied",https://www.etreproprio.com/immobilier-22759131-vente-de-beaux-volumes-pour-cette-maison-de-centre-bourg-avec-garage-de-50-m2-commerces-et-ecole-a-pied-la-boussac,,,,,
Maison 195m² à la boussac,https://www.etreproprio.com/immobilier-23582972-vente-maison-195m-a-la-boussac-la-boussac,,,,,
Maison 98m² à la boussac,https://www.etreproprio.com/immobilier-22942283-vente-maison-98m-a-la-boussac-la-boussac,,,,,
Maison 195m² à la boussac,https://www.etreproprio.com/immobilier-22505606-vente-maison-195m-a-la-boussac-la-boussac,,,,,
La boussac - maison avec son terrain constructible pour partie,https://www.etreproprio.com/immobilier-22861078-vente-la-boussac-maison-avec-son-terrain-constructible-pour-partie-la-boussac,,,,,
Maison à bovel  195m²,https://www.etreproprio.com/immobilier-19321381-vente-maison-a-bovel-195m-bovel,,,,,
"Maison familiale d'exception t10 de 414,18 m² surface au sol / 332 m2 habitables terrain 4 192 m² belles prestations-bréal so",https://www.etreproprio.com/immobilier-23894538-vente-maison-familiale-d-exception-t10-de-41418-m-surface-au-sol-332-m2-habitables-terrain-4-192-m-belles-prestations-breal-so-breal-sous-montfort,,,,,
Maison 395m² à breal-sous-montfort,https://www.etreproprio.com/immobilier-23863365-vente-maison-395m-a-breal-sous-montfort-breal-sous-montfort,,,,,
Maison 470m² à breal-sous-montfort,https://www.etreproprio.com/immobilier-22309518-vente-maison-470m-a-breal-sous-montfort-breal-sous-montfort,,,,,
Maison bréal sous montfort 8 pièce(s) 157 m2,https://www.etreproprio.com/immobilier-23317114-vente-maison-breal-sous-montfort-8-pieces-157-m2-breal-sous-montfort,,,,,
Bréal sous montfort maison neuve avec 5 chambres de 131m² exposée plein sud !,https://www.etreproprio.com/immobilier-23578657-vente-breal-sous-montfort-maison-neuve-avec-5-chambres-de-131m-exposee-plein-sud-breal-sous-montfort,,,,,
Maison 158m² à breal-sous-montfort,https://www.etreproprio.com/immobilier-23677130-vente-maison-158m-a-breal-sous-montfort-breal-sous-montfort,,,,,
Maison 125m² à breal-sous-montfort,https://www.etreproprio.com/immobilier-23627501-vente-maison-125m-a-breal-sous-montfort-breal-sous-montfort,,,,,
Breal sous montfort en impasse maison (2012) de 107m² hab et 117m² utiles sur 285m² de terrain  !,https://www.etreproprio.com/immobilier-23578658-vente-breal-sous-montfort-en-impasse-maison-2012-de-107m-hab-et-117m-utiles-sur-285m-de-terrain-breal-sous-montfort,,,,,
Maison - breal-sous-montfort,https://www.etreproprio.com/immobilier-23502010-vente-maison-breal-sous-montfort-breal-sous-montfort,,,,,
Maison 145m² à breal-sous-montfort,https://www.etreproprio.com/immobilier-23472701-vente-maison-145m-a-breal-sous-montfort-breal-sous-montfort,,,,,
Maison 111m² à breal-sous-montfort,https://www.etreproprio.com/immobilier-23176227-vente-maison-111m-a-breal-sous-montfort-breal-sous-montfort,,,,,
Maison 395m² à breal-sous-montfort,https://www.etreproprio.com/immobilier-22216591-vente-maison-395m-a-breal-sous-montfort-breal-sous-montfort,,,,,
Évasion aux portes de rennes – superbe propriété avec piscine et parc paysagé,https://www.etreproprio.com/immobilier-23118268-vente-evasion-aux-portes-de-rennes-superbe-propriete-avec-piscine-et-parc-paysage-breal-sous-montfort,,,,,
Pépite évolutive coeur de bourg !,https://www.etreproprio.com/immobilier-22698097-vente-pepite-evolutive-coeur-de-bourg-breal-sous-montfort,,,,,
Maison d'architecte - centre de bréal-sous-montfort - 180 m² habitables,https://www.etreproprio.com/immobilier-21844675-vente-maison-d-architecte-centre-de-breal-sous-montfort-180-m-habitables-breal-sous-montfort,,,,,
Maison 220m² à breal-sous-montfort,https://www.etreproprio.com/immobilier-22036722-vente-maison-220m-a-breal-sous-montfort-breal-sous-montfort,,,,,
Ancien corps de ferme avec maison d'hôtes en activité,https://www.etreproprio.com/immobilier-21820676-vente-ancien-corps-de-ferme-avec-maison-d-hotes-en-activite-breal-sous-montfort,,,,,
Maison 117m² à breal-sous-montfort,https://www.etreproprio.com/immobilier-21514824-vente-maison-117m-a-breal-sous-montfort-breal-sous-montfort,,,,,
A vendre maison de plain pied 5 pièces à breal-sous-vitre 125 m² - 210 000  hai,https://www.etreproprio.com/immobilier-23301687-vente-a-vendre-maison-de-plain-pied-5-pieces-a-breal-sous-vitre-125-m-210-000-hai-breal-sous-vitre,,,,,
Maison 208m² à brece,https://www.etreproprio.com/immobilier-23863226-vente-maison-208m-a-brece-brece,,,,,
Maison 148m² à brece,https://www.etreproprio.com/immobilier-22703724-vente-maison-148m-a-brece-brece,,,,,
Maison 58m² à brece,https://www.etreproprio.com/immobilier-22511875-vente-maison-58m-a-brece-brece,,,,,
Maison brece - 5 pièces - 100 m²,https://www.etreproprio.com/immobilier-23710697-vente-maison-brece-5-pieces-100-m-brece,,,,,
Maison 150m² à brece,https://www.etreproprio.com/immobilier-22557909-vente-maison-150m-a-brece-brece,,,,,
Maison brece 8 pièce(s) 150 m2,https://www.etreproprio.com/immobilier-23457845-vente-maison-brece-8-pieces-150-m2-brece,,,,,
Maison 96m² à brece,https://www.etreproprio.com/immobilier-23397417-vente-maison-96m-a-brece-brece,,,,,
Maison 8 pieces 159 m2,https://www.etreproprio.com/immobilier-20099479-vente-maison-8-pieces-159-m2-brece,,,,,
Maison 5 chambres 112m2,https://www.etreproprio.com/immobilier-19750324-vente-maison-5-chambres-112m2-brece,,,,,
Breteil en impasse au calme venez découvrir cette maison de 117.5 m2 rénovée avec sous-sol complet de 70m² le tout sur 450m² de,https://www.etreproprio.com/immobilier-23152589-vente-breteil-en-impasse-au-calme-venez-decouvrir-cette-maison-de-1175-m2-renovee-avec-sous-sol-complet-de-70m-le-tout-sur-450m-de-breteil,,,,,
Maison 90m² à breteil,https://www.etreproprio.com/immobilier-23647187-vente-maison-90m-a-breteil-breteil,,,,,
A vendre - maison 6 pièces - breteil,https://www.etreproprio.com/immobilier-23132147-vente-a-vendre-maison-6-pieces-breteil-breteil,,,,,
Maison 97m² à breteil,https://www.etreproprio.com/immobilier-22958653-vente-maison-97m-a-breteil-breteil,,,,,
Maison 115m² à breteil,https://www.etreproprio.com/immobilier-22636421-vente-maison-115m-a-breteil-breteil,,,,,
Maison sur sous-sol complet,https://www.etreproprio.com/immobilier-18115659-vente-maison-sur-sous-sol-complet-breteil,,,,,
"À vendre   exclusivité maison d’architecte 174 m2   terrain 984 m2   brie (35150), proche janzé / rennes",https://www.etreproprio.com/immobilier-23287448-vente-a-vendre-exclusivite-maison-d-architecte-174-m2-terrain-984-m2-brie-35150-proche-janze-rennes-brie,,,,,
Maison brielles 4 pièce(s) 99 m2,https://www.etreproprio.com/immobilier-23468088-vente-maison-brielles-4-pieces-99-m2-brielles,,,,,
Maison 224m² à brielles,https://www.etreproprio.com/immobilier-23477926-vente-maison-224m-a-brielles-brielles,,,,,
Maison 91m² à brielles,https://www.etreproprio.com/immobilier-23264682-vente-maison-91m-a-brielles-brielles,,,,,
Maison brielles 4 pièce(s) 97 m2,https://www.etreproprio.com/immobilier-23159036-vente-maison-brielles-4-pieces-97-m2-brielles,,,,,
Maison de 82 m2 avec trois chambres sur 744 m2 de terrain et dependances,https://www.etreproprio.com/immobilier-22602223-vente-maison-de-82-m2-avec-trois-chambres-sur-744-m2-de-terrain-et-dependances-brielles,,,,,
Maison familiale de 135 m² sur terrain de 4 400 m² avec garage et dépendance – fort potentiel,https://www.etreproprio.com/immobilier-23897227-vente-maison-familiale-de-135-m-sur-terrain-de-4-400-m-avec-garage-et-dependance-fort-potentiel-bruc-sur-aff,,,,,
Maison 5 pièces 130 m² à rénover,https://www.etreproprio.com/immobilier-23878375-vente-maison-5-pieces-130-m-a-renover-bruc-sur-aff,,,,,
Maison 125m² à bruc-sur-aff,https://www.etreproprio.com/immobilier-23702896-vente-maison-125m-a-bruc-sur-aff-bruc-sur-aff,,,,,
Maison 85m² à bruc-sur-aff,https://www.etreproprio.com/immobilier-23091238-vente-maison-85m-a-bruc-sur-aff-bruc-sur-aff,,,,,
Maison 26m² à bruc-sur-aff,https://www.etreproprio.com/immobilier-23409231-vente-maison-26m-a-bruc-sur-aff-bruc-sur-aff,,,,,
Maison bruc-sur-aff 6 pièces 116 m2,https://www.etreproprio.com/immobilier-21920394-vente-maison-bruc-sur-aff-6-pieces-116-m2-bruc-sur-aff,,,,,
Maison bruc sur aff 3 pièces 71 m2,https://www.etreproprio.com/immobilier-22094092-vente-maison-bruc-sur-aff-3-pieces-71-m2-bruc-sur-aff,,,,,
A vendre immeuble locatifs maison 35550 bruc sur aff,https://www.etreproprio.com/immobilier-22197795-vente-a-vendre-immeuble-locatifs-maison-35550-bruc-sur-aff-bruc-sur-aff,,,,,
Maison 7 pièces de 248m² sur un terrain de 2067 m²,https://www.etreproprio.com/immobilier-23795193-vente-maison-7-pieces-de-248m-sur-un-terrain-de-2067-m-les-brulais,,,,,
Maison de 106 m² sur un terrain 1980 m²,https://www.etreproprio.com/immobilier-23777561-vente-maison-de-106-m-sur-un-terrain-1980-m-les-brulais,,,,,
Maison 120m² à les brulais,https://www.etreproprio.com/immobilier-23768390-vente-maison-120m-a-les-brulais-les-brulais,,,,,
Maison 173m² à les brulais,https://www.etreproprio.com/immobilier-23667243-vente-maison-173m-a-les-brulais-les-brulais,,,,,
"Maison de ville à val d’anast – 91 m² habitables, jardin et grand garage",https://www.etreproprio.com/immobilier-21842834-vente-maison-de-ville-a-val-d-anast-91-m-habitables-jardin-et-grand-garage-les-brulais,,,,,
Vente longère val d'anast,https://www.etreproprio.com/immobilier-23566778-vente-vente-longere-val-d-anast-les-brulais,,,,,
Ensemble immobilier - val d'anast,https://www.etreproprio.com/immobilier-22634743-vente-ensemble-immobilier-val-d-anast-les-brulais,,,,,
Maison 6 pièces 155m2,https://www.etreproprio.com/immobilier-22938752-vente-maison-6-pieces-155m2-les-brulais,,,,,
Magnifique longère rénové en 2018 à val d'anast   proche plélan-le-grand,https://www.etreproprio.com/immobilier-23439064-vente-magnifique-longere-renove-en-2018-a-val-d-anast-proche-plelan-le-grand-les-brulais,,,,,
Maison 76m² à les brulais,https://www.etreproprio.com/immobilier-23309389-vente-maison-76m-a-les-brulais-les-brulais,,,,,
Maison de 103 m² sur un terrain de 1495 m²,https://www.etreproprio.com/immobilier-23142072-vente-maison-de-103-m-sur-un-terrain-de-1495-m-les-brulais,,,,,
Charmante maison en pierre - 85 m² hab - 3 chambres - dépendance,https://www.etreproprio.com/immobilier-22513092-vente-charmante-maison-en-pierre-85-m-hab-3-chambres-dependance-les-brulais,,,,,
Maison 105m² à les brulais,https://www.etreproprio.com/immobilier-21035809-vente-maison-105m-a-les-brulais-les-brulais,,,,,
Ancienne ferme à rénover - gros potentiel 3 longères,https://www.etreproprio.com/immobilier-19232461-vente-ancienne-ferme-a-renover-gros-potentiel-3-longeres-les-brulais,,,,,
Maison 135m² à bruz,https://www.etreproprio.com/immobilier-23868384-vente-maison-135m-a-bruz-bruz,,,,,
Maison 121m² à bruz,https://www.etreproprio.com/immobilier-23868383-vente-maison-121m-a-bruz-bruz,,,,,
Maison 169m² à bruz,https://www.etreproprio.com/immobilier-22540729-vente-maison-169m-a-bruz-bruz,,,,,
Belle maison familiale indépendante à bruz,https://www.etreproprio.com/immobilier-23088352-vente-belle-maison-familiale-independante-a-bruz-bruz,,,,,
Maison 94m² à bruz,https://www.etreproprio.com/immobilier-23686743-vente-maison-94m-a-bruz-bruz,,,,,
Maison contemporaine 2018 t6 - 145 m2 - environnement privilégié (vue forêt) - dpe : a,https://www.etreproprio.com/immobilier-23486283-vente-maison-contemporaine-2018-t6-145-m2-environnement-privilegie-vue-foret-dpe-a-bruz,,,,,
Maison 173m² à bruz,https://www.etreproprio.com/immobilier-23779761-vente-maison-173m-a-bruz-bruz,,,,,
Maison 195m² à bruz,https://www.etreproprio.com/immobilier-23490790-vente-maison-195m-a-bruz-bruz,,,,,
Maison bruz,https://www.etreproprio.com/immobilier-23754870-vente-maison-bruz-bruz,,,,,
Maison bruz 6 pièce(s) 133 m2,https://www.etreproprio.com/immobilier-23755496-vente-maison-bruz-6-pieces-133-m2-bruz,,,,,
Bruz secteur du boël - a rénover - maison de caractère sur 5000 m² de terrain,https://www.etreproprio.com/immobilier-23733631-vente-bruz-secteur-du-boel-a-renover-maison-de-caractere-sur-5000-m-de-terrain-bruz,,,,,
Maison - bruz,https://www.etreproprio.com/immobilier-23730053-vente-maison-bruz-bruz,,,,,
Maison 2014 - 143 m2 - 800 m2 - double garage,https://www.etreproprio.com/immobilier-23696291-vente-maison-2014-143-m2-800-m2-double-garage-bruz,,,,,
Maison t3 bruz,https://www.etreproprio.com/immobilier-23672414-vente-maison-t3-bruz-bruz,,,,,
Maison 154 m2 - pont-réan - 5 chambres - 744 m2 de terrain - garage + carport,https://www.etreproprio.com/immobilier-23654204-vente-maison-154-m2-pont-rean-5-chambres-744-m2-de-terrain-garage-carport-bruz,,,,,
Bruz - maison de 4 chambres dans le golf de cicé blossac,https://www.etreproprio.com/immobilier-23638236-vente-bruz-maison-de-4-chambres-dans-le-golf-de-cice-blossac-bruz,,,,,
"Maison - 4 chambres - 134,50 m2",https://www.etreproprio.com/immobilier-23623695-vente-maison-4-chambres-13450-m2-bruz,,,,,
Maison familiale 7 pièces   117 m2   quartier recherché du v,https://www.etreproprio.com/immobilier-23624114-vente-maison-familiale-7-pieces-117-m2-quartier-recherche-du-v-bruz,,,,,
Maison a renover a bruz !,https://www.etreproprio.com/immobilier-22945923-vente-maison-a-renover-a-bruz-bruz,,,,,
Maison - bruz,https://www.etreproprio.com/immobilier-23607119-vente-maison-bruz-bruz,,,,,
Longère cancale 5 pièce(s) 157 m2,https://www.etreproprio.com/immobilier-23900549-vente-longere-cancale-5-pieces-157-m2-cancale,,,,,
Maison 100m² à cancale,https://www.etreproprio.com/immobilier-23884665-vente-maison-100m-a-cancale-cancale,,,,,
Maison 109m² à cancale,https://www.etreproprio.com/immobilier-23863093-vente-maison-109m-a-cancale-cancale,,,,,
Maison 108m² à cancale,https://www.etreproprio.com/immobilier-22084948-vente-maison-108m-a-cancale-cancale,,,,,
Maison cancale proche centre-ville,https://www.etreproprio.com/immobilier-23808656-vente-maison-cancale-proche-centre-ville-cancale,,,,,
Maison 144m² à cancale,https://www.etreproprio.com/immobilier-23805947-vente-maison-144m-a-cancale-cancale,,,,,
Cancale port-mer - maison familiale 4 chambres à deux pas de la plage,https://www.etreproprio.com/immobilier-23755333-vente-cancale-port-mer-maison-familiale-4-chambres-a-deux-pas-de-la-plage-cancale,,,,,
Maison 67m² à cancale,https://www.etreproprio.com/immobilier-23727555-vente-maison-67m-a-cancale-cancale,,,,,
Maison 94m² à cancale,https://www.etreproprio.com/immobilier-23692479-vente-maison-94m-a-cancale-cancale,,,,,
"Centre & port de la houle à pied : maison avec vie de plain-pied, terrasse sud, garage",https://www.etreproprio.com/immobilier-23710270-vente-centre-port-de-la-houle-a-pied-maison-avec-vie-de-plain-pied-terrasse-sud-garage-cancale,,,,,
Maison cancale -152m2- terrain 500m²,https://www.etreproprio.com/immobilier-23442303-vente-maison-cancale-152m2-terrain-500m-cancale,,,,,
Maison 135m² à cancale,https://www.etreproprio.com/immobilier-23704515-vente-maison-135m-a-cancale-cancale,,,,,
Maison 154m² à cancale,https://www.etreproprio.com/immobilier-23424287-vente-maison-154m-a-cancale-cancale,,,,,
Maison 118m² à cancale,https://www.etreproprio.com/immobilier-22273180-vente-maison-118m-a-cancale-cancale,,,,,
Maison familiale 5 chambres au calme absolu à cancale,https://www.etreproprio.com/immobilier-23686566-vente-maison-familiale-5-chambres-au-calme-absolu-a-cancale-cancale,,,,,
Maison familiale contemporaine 5 chambres,https://www.etreproprio.com/immobilier-23686565-vente-maison-familiale-contemporaine-5-chambres-cancale,,,,,
Maison 87m² à cancale,https://www.etreproprio.com/immobilier-23685459-vente-maison-87m-a-cancale-cancale,,,,,
A vendre agence giboire maison saint meloir des ondes - aux portes de cancale 170 m2,https://www.etreproprio.com/immobilier-23647800-vente-a-vendre-agence-giboire-maison-saint-meloir-des-ondes-aux-portes-de-cancale-170-m2-cancale,,,,,
Propriété du xviii siècle à vendre à cancale,https://www.etreproprio.com/immobilier-22948246-vente-propriete-du-xviii-siecle-a-vendre-a-cancale-cancale,,,,,
Maison en pierre 160 m2 avec grand garage double,https://www.etreproprio.com/immobilier-22103312-vente-maison-en-pierre-160-m2-avec-grand-garage-double-cancale,,,,,
Maison cardroc 4 pièces,https://www.etreproprio.com/immobilier-23587537-vente-maison-cardroc-4-pieces-cardroc,,,,,
Maison cardroc 4 pièce(s) 112 m2,https://www.etreproprio.com/immobilier-22496576-vente-maison-cardroc-4-pieces-112-m2-cardroc,,,,,
Maison 168m² à bruz,https://www.etreproprio.com/immobilier-21665595-vente-maison-168m-a-bruz-bruz,,,,,
Maison en pierre t6 - 140 m2 - 350 m2,https://www.etreproprio.com/immobilier-23532168-vente-maison-en-pierre-t6-140-m2-350-m2-bruz,,,,,
Longère 153 m² 5 chambres,https://www.etreproprio.com/immobilier-22608425-vente-longere-153-m-5-chambres-bruz,,,,,
Achat / vente - maison - hyper centre,https://www.etreproprio.com/immobilier-23483124-vente-achat-vente-maison-hyper-centre-bruz,,,,,
Maison 187m² à bruz,https://www.etreproprio.com/immobilier-23142102-vente-maison-187m-a-bruz-bruz,,,,,
Maison 123m² à bruz,https://www.etreproprio.com/immobilier-23461797-vente-maison-123m-a-bruz-bruz,,,,,
Maison d'architecte - hypercentre de bruz,https://www.etreproprio.com/immobilier-23404560-vente-maison-d-architecte-hypercentre-de-bruz-bruz,,,,,
"A bruz, maison de 165m² sur une parcelle de 934m²",https://www.etreproprio.com/immobilier-23358105-vente-a-bruz-maison-de-165m-sur-une-parcelle-de-934m-bruz,,,,,
Maison - 8 pièces - 165 m2,https://www.etreproprio.com/immobilier-23352665-vente-maison-8-pieces-165-m2-bruz,,,,,
Maison bruz 6 pièce(s) 121 m2,https://www.etreproprio.com/immobilier-23329109-vente-maison-bruz-6-pieces-121-m2-bruz,,,,,
Maison de plain-pied 56 m2 - 2 chambres,https://www.etreproprio.com/immobilier-23333882-vente-maison-de-plain-pied-56-m2-2-chambres-bruz,,,,,
Maison 56m² à bruz,https://www.etreproprio.com/immobilier-23307216-vente-maison-56m-a-bruz-bruz,,,,,
"A vendre - agence giboire - maison d'environ 127,04 m2 - bruz, au calme dans un quartier prisé",https://www.etreproprio.com/immobilier-22688779-vente-a-vendre-agence-giboire-maison-d-environ-12704-m2-bruz-au-calme-dans-un-quartier-prise-bruz,,,,,
Maison 3 pièces 56 m²,https://www.etreproprio.com/immobilier-23310825-vente-maison-3-pieces-56-m-bruz,,,,,
"Bruz - en plein centre-ville, maison à rénover de 155m² sur une parcelle de 548m²",https://www.etreproprio.com/immobilier-23188743-vente-bruz-en-plein-centre-ville-maison-a-renover-de-155m-sur-une-parcelle-de-548m-bruz,,,,,
Bruz maison familiale de 5 chambres,https://www.etreproprio.com/immobilier-23076917-vente-bruz-maison-familiale-de-5-chambres-bruz,,,,,
Maison bruz 4 pièce(s) 118 m2,https://www.etreproprio.com/immobilier-23038800-vente-maison-bruz-4-pieces-118-m2-bruz,,,,,
Bruz maison d'architecte en lisiere de foret,https://www.etreproprio.com/immobilier-23030284-vente-bruz-maison-d-architecte-en-lisiere-de-foret-bruz,,,,,
Maison en pierre renovee bruz,https://www.etreproprio.com/immobilier-23018727-vente-maison-en-pierre-renovee-bruz-bruz,,,,,
Maison - bruz,https://www.etreproprio.com/immobilier-23015623-vente-maison-bruz-bruz,,,,,
À seulement 100 m de la mer – coup de cœur garanti pour cette maison entièrement rénovée,https://www.etreproprio.com/immobilier-23594134-vente-a-seulement-100-m-de-la-mer-coup-de-coeur-garanti-pour-cette-maison-entierement-renovee-cancale,,,,,
Maison familiale de 142 m2 - 5 chambres - cancale - 2 km du port,https://www.etreproprio.com/immobilier-23561596-vente-maison-familiale-de-142-m2-5-chambres-cancale-2-km-du-port-cancale,,,,,
Maison cancale 4 pièces. garage et dépendance. jardin,https://www.etreproprio.com/immobilier-22596221-vente-maison-cancale-4-pieces-garage-et-dependance-jardin-cancale,,,,,
Charmante maison proche plage cancale,https://www.etreproprio.com/immobilier-23316393-vente-charmante-maison-proche-plage-cancale-cancale,,,,,
"Cancale, maison 10 pièces 282 m2",https://www.etreproprio.com/immobilier-23580487-vente-cancale-maison-10-pieces-282-m2-cancale,,,,,
Maison 157m² à cancale,https://www.etreproprio.com/immobilier-23567330-vente-maison-157m-a-cancale-cancale,,,,,
Maison au calme en impasse,https://www.etreproprio.com/immobilier-23562913-vente-maison-au-calme-en-impasse-cancale,,,,,
"Maison à cancale - 5 chambres, sous-sol complet, grand jardin",https://www.etreproprio.com/immobilier-23556387-vente-maison-a-cancale-5-chambres-sous-sol-complet-grand-jardin-cancale,,,,,
Maison 4 chambres - cancale - aucun travaux,https://www.etreproprio.com/immobilier-23548911-vente-maison-4-chambres-cancale-aucun-travaux-cancale,,,,,
"À vendre - maison contemporaine avec vue mer, cancale les rimains",https://www.etreproprio.com/immobilier-22741809-vente-a-vendre-maison-contemporaine-avec-vue-mer-cancale-les-rimains-cancale,,,,,
Maison 73m² à cancale,https://www.etreproprio.com/immobilier-23535175-vente-maison-73m-a-cancale-cancale,,,,,
Maison 165m² à cancale,https://www.etreproprio.com/immobilier-23062766-vente-maison-165m-a-cancale-cancale,,,,,
Propriété d'exception - charme de l'ancien et confort contemporain,https://www.etreproprio.com/immobilier-21816666-vente-propriete-d-exception-charme-de-l-ancien-et-confort-contemporain-cancale,,,,,
Maison 135m² à cancale,https://www.etreproprio.com/immobilier-23515349-vente-maison-135m-a-cancale-cancale,,,,,
Villa  vue mer  cancale,https://www.etreproprio.com/immobilier-22862241-vente-villa-vue-mer-cancale-cancale,,,,,
Maison 158m² à cancale,https://www.etreproprio.com/immobilier-22854700-vente-maison-158m-a-cancale-cancale,,,,,
Maison 83m² à cancale,https://www.etreproprio.com/immobilier-23466810-vente-maison-83m-a-cancale-cancale,,,,,
Maison 237m² à cancale,https://www.etreproprio.com/immobilier-23454771-vente-maison-237m-a-cancale-cancale,,,,,
Agence giboire a vendre maison en pierres proximite plages et commerces vie de plain pied cancale chambre au rez de chaussee git,https://www.etreproprio.com/immobilier-21844172-vente-agence-giboire-a-vendre-maison-en-pierres-proximite-plages-et-commerces-vie-de-plain-pied-cancale-chambre-au-rez-de-chaussee-git-cancale,,,,,
Maison 182m² à cancale,https://www.etreproprio.com/immobilier-22102108-vente-maison-182m-a-cancale-cancale,,,,,
Maison cesson sevigne plein centre,https://www.etreproprio.com/immobilier-17903748-vente-maison-cesson-sevigne-plein-centre-cesson-sevigne,,,,,
A vendre maison 7 pièces à cesson sevigne - quartier bellevue,https://www.etreproprio.com/immobilier-23755263-vente-a-vendre-maison-7-pieces-a-cesson-sevigne-quartier-bellevue-cesson-sevigne,,,,,
"Maison t7 à vendre, cesson-sévigné",https://www.etreproprio.com/immobilier-23881002-vente-maison-t7-a-vendre-cesson-sevigne-cesson-sevigne,,,,,
"Maison t7 à vendre, cesson-sévigné",https://www.etreproprio.com/immobilier-23860638-vente-maison-t7-a-vendre-cesson-sevigne-cesson-sevigne,,,,,
Élégance contemporaine & piscine plein sud,https://www.etreproprio.com/immobilier-23663615-vente-elegance-contemporaine-piscine-plein-sud-cesson-sevigne,,,,,
Maison 6 pièces - secteur bellevue,https://www.etreproprio.com/immobilier-23837744-vente-maison-6-pieces-secteur-bellevue-cesson-sevigne,,,,,
Maison 106m² à cesson-sevigne,https://www.etreproprio.com/immobilier-23196079-vente-maison-106m-a-cesson-sevigne-cesson-sevigne,,,,,
Achat - exclusivité agence giboire - maison 3 chambres (possibilité 4) d'environ 122.41m² (142.63m² au sol) - cesson-sevigne,https://www.etreproprio.com/immobilier-23796573-vente-achat-exclusivite-agence-giboire-maison-3-chambres-possibilite-4-d-environ-12241m-14263m-au-sol-cesson-sevigne-cesson-sevigne,,,,,
A vendre maison 6 pièces en impasse quartier dezerseul cesson sevigne,https://www.etreproprio.com/immobilier-23795819-vente-a-vendre-maison-6-pieces-en-impasse-quartier-dezerseul-cesson-sevigne-cesson-sevigne,,,,,
Maison 86m² à cesson-sevigne,https://www.etreproprio.com/immobilier-23795135-vente-maison-86m-a-cesson-sevigne-cesson-sevigne,,,,,
Cesson sévigné - belle maison 4 chambres,https://www.etreproprio.com/immobilier-23793079-vente-cesson-sevigne-belle-maison-4-chambres-cesson-sevigne,,,,,
Maison 245m² à cesson-sevigne,https://www.etreproprio.com/immobilier-23779753-vente-maison-245m-a-cesson-sevigne-cesson-sevigne,,,,,
A vendre - exclusivite agence giboire - maison neuve 4 chambres - cesson-sevigne,https://www.etreproprio.com/immobilier-23778131-vente-a-vendre-exclusivite-agence-giboire-maison-neuve-4-chambres-cesson-sevigne-cesson-sevigne,,,,,
Maison 112m² à cesson-sevigne,https://www.etreproprio.com/immobilier-23768196-vente-maison-112m-a-cesson-sevigne-cesson-sevigne,,,,,
Maison cesson sevigne,https://www.etreproprio.com/immobilier-23755260-vente-maison-cesson-sevigne-cesson-sevigne,,,,,
A vendre - exclusivite agence giboire - maison 5 chambres - 228.59m² habitables et 301.59m² au sol - cesson-sévigné,https://www.etreproprio.com/immobilier-23751671-vente-a-vendre-exclusivite-agence-giboire-maison-5-chambres-22859m-habitables-et-30159m-au-sol-cesson-sevigne-cesson-sevigne,,,,,
Maison 89m² à cesson-sevigne,https://www.etreproprio.com/immobilier-22038559-vente-maison-89m-a-cesson-sevigne-cesson-sevigne,,,,,
A vendre maison  7 pieces d'architecte la monniais cesson-sevigne,https://www.etreproprio.com/immobilier-23755268-vente-a-vendre-maison-7-pieces-d-architecte-la-monniais-cesson-sevigne-cesson-sevigne,,,,,
Maison cesson sevigne 10 pièce(s) 197.33 m2,https://www.etreproprio.com/immobilier-23755266-vente-maison-cesson-sevigne-10-pieces-19733-m2-cesson-sevigne,,,,,
A vendre maison 7 pièces à cesson sevigne - quartier bellevue en impasse,https://www.etreproprio.com/immobilier-23755262-vente-a-vendre-maison-7-pieces-a-cesson-sevigne-quartier-bellevue-en-impasse-cesson-sevigne,,,,,
Maison bruz 5 pièce(s) 97 m2,https://www.etreproprio.com/immobilier-22937460-vente-maison-bruz-5-pieces-97-m2-bruz,,,,,
Projet de maison neuve 104m2 de plain-pied bruz,https://www.etreproprio.com/immobilier-22865738-vente-projet-de-maison-neuve-104m2-de-plain-pied-bruz-bruz,,,,,
Maison 135m² à bruz,https://www.etreproprio.com/immobilier-22662063-vente-maison-135m-a-bruz-bruz,,,,,
Maison architecte proche centre ville bruz 186 m2,https://www.etreproprio.com/immobilier-21294859-vente-maison-architecte-proche-centre-ville-bruz-186-m2-bruz,,,,,
Maison 153m² à bruz,https://www.etreproprio.com/immobilier-22607435-vente-maison-153m-a-bruz-bruz,,,,,
Maison centre-ville - 148 m2 sur une parcelle de 580 m2,https://www.etreproprio.com/immobilier-17603732-vente-maison-centre-ville-148-m2-sur-une-parcelle-de-580-m2-bruz,,,,,
Maison 195m² à bruz,https://www.etreproprio.com/immobilier-21886405-vente-maison-195m-a-bruz-bruz,,,,,
Bruz maison d'architecte domaine du golf de cice,https://www.etreproprio.com/immobilier-21111855-vente-bruz-maison-d-architecte-domaine-du-golf-de-cice-bruz,,,,,
Bruz maison  d'architecte 8 pièce(s) 161 m2,https://www.etreproprio.com/immobilier-22516810-vente-bruz-maison-d-architecte-8-pieces-161-m2-bruz,,,,,
"A bruz, maison indépendante de 161 m2",https://www.etreproprio.com/immobilier-22516835-vente-a-bruz-maison-independante-de-161-m2-bruz,,,,,
Maison 7 pièces sur domaine de cissé blossac,https://www.etreproprio.com/immobilier-20915593-vente-maison-7-pieces-sur-domaine-de-cisse-blossac-bruz,,,,,
Maison indépendante à bruz 129m²,https://www.etreproprio.com/immobilier-22135835-vente-maison-independante-a-bruz-129m-bruz,,,,,
"Maison familiale 8 pièces, bruz centre",https://www.etreproprio.com/immobilier-21360156-vente-maison-familiale-8-pieces-bruz-centre-bruz,,,,,
"A vendre - agence giboire  - en exclusivite - contemporaine d'environ189.74 m2 - rennes metropole -chavagne, au coeur d'un quart",https://www.etreproprio.com/immobilier-22253424-vente-a-vendre-agence-giboire-en-exclusivite-contemporaine-d-environ18974-m2-rennes-metropole-chavagne-au-coeur-d-un-quart-bruz,,,,,
Maison bruz 5 pièce(s) 94 m2,https://www.etreproprio.com/immobilier-21781086-vente-maison-bruz-5-pieces-94-m2-bruz,,,,,
Propriété - 185 m2 sur terrain de 1 176 m2,https://www.etreproprio.com/immobilier-22003664-vente-propriete-185-m2-sur-terrain-de-1-176-m2-bruz,,,,,
Maison 161m² à bruz,https://www.etreproprio.com/immobilier-21933036-vente-maison-161m-a-bruz-bruz,,,,,
Maison 155m² à bruz,https://www.etreproprio.com/immobilier-21918910-vente-maison-155m-a-bruz-bruz,,,,,
Maison 153m² à bruz,https://www.etreproprio.com/immobilier-21869977-vente-maison-153m-a-bruz-bruz,,,,,
Lumineuse et agréable maison en hypercentre de bruz,https://www.etreproprio.com/immobilier-21871667-vente-lumineuse-et-agreable-maison-en-hypercentre-de-bruz-bruz,,,,,
Maison 30m² à cancale,https://www.etreproprio.com/immobilier-23390750-vente-maison-30m-a-cancale-cancale,,,,,
Maison 288m² à cancale,https://www.etreproprio.com/immobilier-21410522-vente-maison-288m-a-cancale-cancale,,,,,
Maison 182m² à cancale,https://www.etreproprio.com/immobilier-22110410-vente-maison-182m-a-cancale-cancale,,,,,
Gîtes et chambres d'hôtes à cancale longère 18ème siècle !,https://www.etreproprio.com/immobilier-23321302-vente-gites-et-chambres-d-hotes-a-cancale-longere-18eme-siecle-cancale,,,,,
Maison 188m² à cancale,https://www.etreproprio.com/immobilier-23310552-vente-maison-188m-a-cancale-cancale,,,,,
Maison de charme en pierres plein centre cancale,https://www.etreproprio.com/immobilier-23276968-vente-maison-de-charme-en-pierres-plein-centre-cancale-cancale,,,,,
Maison de ville - centre cancale,https://www.etreproprio.com/immobilier-23273216-vente-maison-de-ville-centre-cancale-cancale,,,,,
Maison 169m² à cancale,https://www.etreproprio.com/immobilier-23238234-vente-maison-169m-a-cancale-cancale,,,,,
Maison cancale 140 m2 4 chambres (possibilité 6ch),https://www.etreproprio.com/immobilier-21395162-vente-maison-cancale-140-m2-4-chambres-possibilite-6ch-cancale,,,,,
Maison 136m² à cancale,https://www.etreproprio.com/immobilier-21306002-vente-maison-136m-a-cancale-cancale,,,,,
Maison 140m² à cancale,https://www.etreproprio.com/immobilier-21464182-vente-maison-140m-a-cancale-cancale,,,,,
"Maison cancale, 115 m² avec potentiel mixte – habitation et ou activité professionnelle",https://www.etreproprio.com/immobilier-23003243-vente-maison-cancale-115-m-avec-potentiel-mixte-habitation-et-ou-activite-professionnelle-cancale,,,,,
"À vendre - maison en pierres avec jardin et aperçu mer à cancale, à deux pas du gr34",https://www.etreproprio.com/immobilier-22190302-vente-a-vendre-maison-en-pierres-avec-jardin-et-apercu-mer-a-cancale-a-deux-pas-du-gr34-cancale,,,,,
Maison 159m² à cancale,https://www.etreproprio.com/immobilier-22555786-vente-maison-159m-a-cancale-cancale,,,,,
Maison 150m² à cancale,https://www.etreproprio.com/immobilier-22513179-vente-maison-150m-a-cancale-cancale,,,,,
Maison 113m² à cancale,https://www.etreproprio.com/immobilier-22473215-vente-maison-113m-a-cancale-cancale,,,,,
Maison 59m² à cancale,https://www.etreproprio.com/immobilier-22028470-vente-maison-59m-a-cancale-cancale,,,,,
Maison 88m² à cancale,https://www.etreproprio.com/immobilier-22374202-vente-maison-88m-a-cancale-cancale,,,,,
Maison 83m² à cancale,https://www.etreproprio.com/immobilier-22317754-vente-maison-83m-a-cancale-cancale,,,,,
A vendre seulement agence giboire vue mer cancale port mer maison terrain,https://www.etreproprio.com/immobilier-21967824-vente-a-vendre-seulement-agence-giboire-vue-mer-cancale-port-mer-maison-terrain-cancale,,,,,
Cesson sevigne maison,https://www.etreproprio.com/immobilier-23755261-vente-cesson-sevigne-maison-cesson-sevigne,,,,,
La boulais  - maison 4 ch +bureau sur sous-sol total,https://www.etreproprio.com/immobilier-23740850-vente-la-boulais-maison-4-ch-bureau-sur-sous-sol-total-cesson-sevigne,,,,,
Maison 197m² à cesson-sevigne,https://www.etreproprio.com/immobilier-23723655-vente-maison-197m-a-cesson-sevigne-cesson-sevigne,,,,,
Maison 197m² à cesson-sevigne,https://www.etreproprio.com/immobilier-23723654-vente-maison-197m-a-cesson-sevigne-cesson-sevigne,,,,,
Maison 122m² à cesson-sevigne,https://www.etreproprio.com/immobilier-23723902-vente-maison-122m-a-cesson-sevigne-cesson-sevigne,,,,,
Maison 110m² à cesson-sevigne,https://www.etreproprio.com/immobilier-23721785-vente-maison-110m-a-cesson-sevigne-cesson-sevigne,,,,,
Maison 140m² à cesson-sevigne,https://www.etreproprio.com/immobilier-23714000-vente-maison-140m-a-cesson-sevigne-cesson-sevigne,,,,,
Maison type 7 à vendre - cesson-sévigné,https://www.etreproprio.com/immobilier-23711348-vente-maison-type-7-a-vendre-cesson-sevigne-cesson-sevigne,,,,,
Maison 205m² à cesson-sevigne,https://www.etreproprio.com/immobilier-23714129-vente-maison-205m-a-cesson-sevigne-cesson-sevigne,,,,,
Maison 130m² à cesson-sevigne,https://www.etreproprio.com/immobilier-23699074-vente-maison-130m-a-cesson-sevigne-cesson-sevigne,,,,,
Maison 135m² à cesson-sevigne,https://www.etreproprio.com/immobilier-23699073-vente-maison-135m-a-cesson-sevigne-cesson-sevigne,,,,,
Maison 135m² à cesson-sevigne,https://www.etreproprio.com/immobilier-23109324-vente-maison-135m-a-cesson-sevigne-cesson-sevigne,,,,,
"Maison type 6 à vendre, cesson-sévigné",https://www.etreproprio.com/immobilier-23265639-vente-maison-type-6-a-vendre-cesson-sevigne-cesson-sevigne,,,,,
Maison 132m² à cesson-sevigne,https://www.etreproprio.com/immobilier-23691075-vente-maison-132m-a-cesson-sevigne-cesson-sevigne,,,,,
Cesson sévigné - quartier recherché  très calme proche tous services  maison 5 chambres + bureau avec  sous-sol,https://www.etreproprio.com/immobilier-23688173-vente-cesson-sevigne-quartier-recherche-tres-calme-proche-tous-services-maison-5-chambres-bureau-avec-sous-sol-cesson-sevigne,,,,,
Maison familiale,https://www.etreproprio.com/immobilier-23686533-vente-maison-familiale-cesson-sevigne,,,,,
Maison 150m² à cesson-sevigne,https://www.etreproprio.com/immobilier-23679592-vente-maison-150m-a-cesson-sevigne-cesson-sevigne,,,,,
Maison 180m² à cesson-sevigne,https://www.etreproprio.com/immobilier-23670326-vente-maison-180m-a-cesson-sevigne-cesson-sevigne,,,,,
Cesson sevigne,https://www.etreproprio.com/immobilier-23588873-vente-cesson-sevigne-cesson-sevigne,,,,,
Maison 97m² à cesson-sevigne,https://www.etreproprio.com/immobilier-22472245-vente-maison-97m-a-cesson-sevigne-cesson-sevigne,,,,,
Maison independante bruz 8 pieces golf cice blossac de 178m2,https://www.etreproprio.com/immobilier-21748951-vente-maison-independante-bruz-8-pieces-golf-cice-blossac-de-178m2-bruz,,,,,
Maison 137m² à bruz,https://www.etreproprio.com/immobilier-21621501-vente-maison-137m-a-bruz-bruz,,,,,
Maison indépendante de type 6 au calme,https://www.etreproprio.com/immobilier-20949474-vente-maison-independante-de-type-6-au-calme-bruz,,,,,
Découvrez le charme et le confort à proximité du centre de bruz,https://www.etreproprio.com/immobilier-18898343-vente-decouvrez-le-charme-et-le-confort-a-proximite-du-centre-de-bruz-bruz,,,,,
Maison 100m² à cancale,https://www.etreproprio.com/immobilier-21521192-vente-maison-100m-a-cancale-cancale,,,,,
Maison pierres et ardoises à rénover,https://www.etreproprio.com/immobilier-21126817-vente-maison-pierres-et-ardoises-a-renover-cancale,,,,,
Cancale - exclusivité,https://www.etreproprio.com/immobilier-20854254-vente-cancale-exclusivite-cancale,,,,,
Maison 168m² à cesson-sevigne,https://www.etreproprio.com/immobilier-23552600-vente-maison-168m-a-cesson-sevigne-cesson-sevigne,652 500,Cesson-Sevigne 35510,168,774,7
Maison 112m² à cesson-sevigne,https://www.etreproprio.com/immobilier-23103623-vente-maison-112m-a-cesson-sevigne-cesson-sevigne,496 800,Cesson-Sevigne 35510,112,309,5
Maison 76m² à cesson-sevigne,https://www.etreproprio.com/immobilier-23514400-vente-maison-76m-a-cesson-sevigne-cesson-sevigne,335 000,Cesson-Sevigne 35510,76,484,4
A vendre -  agence giboire - maison t7 - 5 chambres - 176 m² habitables - 200 m² au sol - cesson-sevigne,https://www.etreproprio.com/immobilier-22231091-vente-a-vendre-agence-giboire-maison-t7-5-chambres-176-m-habitables-200-m-au-sol-cesson-sevigne-cesson-sevigne,619 000,Cesson-Sevigne 35510,177,839,7
Maison familiale de standing de 168 m² sur 774 m² de terrain – cadre verdoyant et lumineux,https://www.etreproprio.com/immobilier-23517987-vente-maison-familiale-de-standing-de-168-m-sur-774-m-de-terrain-cadre-verdoyant-et-lumineux-cesson-sevigne,659 000,Cesson-Sevigne 35510,168,,7
Achat - agence giboire - maison 4 chambres - division parcellaire  - cesson-sévigné,https://www.etreproprio.com/immobilier-23498627-vente-achat-agence-giboire-maison-4-chambres-division-parcellaire-cesson-sevigne-cesson-sevigne,441 000,Cesson-Sevigne 35510,135,553,6
Maison 153m² à cesson-sevigne,https://www.etreproprio.com/immobilier-23016268-vente-maison-153m-a-cesson-sevigne-cesson-sevigne,674 900,Cesson-Sevigne 35510,153,630,6
Maison type 6 de 132m² à la menouriais - cesson-sévigné,https://www.etreproprio.com/immobilier-23258027-vente-maison-type-6-de-132m-a-la-menouriais-cesson-sevigne-cesson-sevigne,502 560,Cesson-Sevigne 35510,132,1 003,6
Maison 140m² à cesson-sevigne,https://www.etreproprio.com/immobilier-23491096-vente-maison-140m-a-cesson-sevigne-cesson-sevigne,625 000,Cesson-Sevigne 35510,140,374,6
Cesson sevigne - maison en campagne proche ville,https://www.etreproprio.com/immobilier-23474417-vente-cesson-sevigne-maison-en-campagne-proche-ville-cesson-sevigne,379 900,Cesson-Sevigne 35510,90,1 000,5
Achat - exclusivite agence giboire - maison 4 chambres - cesson-sevigne,https://www.etreproprio.com/immobilier-23206479-vente-achat-exclusivite-agence-giboire-maison-4-chambres-cesson-sevigne-cesson-sevigne,487 600,Cesson-Sevigne 35510,133,808,6
Maison 163m² à cesson-sevigne,https://www.etreproprio.com/immobilier-23396093-vente-maison-163m-a-cesson-sevigne-cesson-sevigne,661 500,Cesson-Sevigne 35510,163,679,7
Cesson sevigne,https://www.etreproprio.com/immobilier-23363525-vente-cesson-sevigne-cesson-sevigne,869 990,Cesson-Sevigne 35510,168,537,6
Maison 246m² à cesson-sevigne,https://www.etreproprio.com/immobilier-23340846-vente-maison-246m-a-cesson-sevigne-cesson-sevigne,748 800,Cesson-Sevigne 35510,246,849,8
Maison 160m² à cesson-sevigne,https://www.etreproprio.com/immobilier-23277899-vente-maison-160m-a-cesson-sevigne-cesson-sevigne,462 000,Cesson-Sevigne 35510,160,1 107,8
A vendre - agence giboire cesson-sévigné - maison type 9 - thorigné-fouillard - centre-ville - rennes métropole,https://www.etreproprio.com/immobilier-23256770-vente-a-vendre-agence-giboire-cesson-sevigne-maison-type-9-thorigne-fouillard-centre-ville-rennes-metropole-cesson-sevigne,556 500,Cesson-Sevigne 35510,196,459,7
Maison cesson sevigne 4 pièce(s) 94.2 m2,https://www.etreproprio.com/immobilier-21780135-vente-maison-cesson-sevigne-4-pieces-942-m2-cesson-sevigne,384 300,Cesson-Sevigne 35510,94,88,4
Maison 71m² à cesson-sevigne,https://www.etreproprio.com/immobilier-21441988-vente-maison-71m-a-cesson-sevigne-cesson-sevigne,630 000,Cesson-Sevigne 35510,71,1 515,5
Maison secteur bourchevreuil,https://www.etreproprio.com/immobilier-23176609-vente-maison-secteur-bourchevreuil-cesson-sevigne,499 000,Cesson-Sevigne 35510,133,556,6
Maison a cesson-sevigne avec piscine !,https://www.etreproprio.com/immobilier-23155650-vente-maison-a-cesson-sevigne-avec-piscine-cesson-sevigne,869 000,Cesson-Sevigne 35510,168,537,6
Champeaux - a vendre - maison,https://www.etreproprio.com/immobilier-23902103-vente-champeaux-a-vendre-maison-champeaux,199 500,Champeaux 35500,84,605,4
Vente maison champeaux(35500) 193 880ï¿œ,https://www.etreproprio.com/immobilier-22951564-vente-vente-maison-champeaux35500-193-880i-oe-champeaux,193 880,Champeaux 35500,60,,4
Maison 105m² à chanteloup,https://www.etreproprio.com/immobilier-23893024-vente-maison-105m-a-chanteloup-chanteloup,289 500,Chanteloup 35150,105,386,5
Maison 155m² à chanteloup,https://www.etreproprio.com/immobilier-23867824-vente-maison-155m-a-chanteloup-chanteloup,336 000,Chanteloup 35150,155,517,7
Maison 130m² à chanteloup,https://www.etreproprio.com/immobilier-23832000-vente-maison-130m-a-chanteloup-chanteloup,365 000,Chanteloup 35150,130,,5
Chanteloup - château et ses dépendances aux portes du village,https://www.etreproprio.com/immobilier-23631361-vente-chanteloup-chateau-et-ses-dependances-aux-portes-du-village-chanteloup,735 000,Chanteloup 35150,394,19 049,11
Maison 109m² à chanteloup,https://www.etreproprio.com/immobilier-23412314-vente-maison-109m-a-chanteloup-chanteloup,259 000,Chanteloup 35150,109,1 446,4
Maison 130m² à chanteloup,https://www.etreproprio.com/immobilier-23440751-vente-maison-130m-a-chanteloup-chanteloup,374 000,Chanteloup 35150,130,3 200,5
Maison néo-bretonne 7 pièces – 147 m² avec parc arboré,https://www.etreproprio.com/immobilier-23414855-vente-maison-neo-bretonne-7-pieces-147-m-avec-parc-arbore-chanteloup,249 900,Chanteloup 35150,144,1 500,7
Exceptionnel! manoir et ses gîtes au cœur de ville.,https://www.etreproprio.com/immobilier-23214696-vente-exceptionnel-manoir-et-ses-gites-au-coeur-de-ville-chanteloup,683 100,Chanteloup 35150,285,2 206,9
Maison de bourg à chanteloup,https://www.etreproprio.com/immobilier-19177060-vente-maison-de-bourg-a-chanteloup-chanteloup,139 900,Chanteloup 35150,70,149,5
Maison chantepie 5 pièce(s) 95 m2,https://www.etreproprio.com/immobilier-23902143-vente-maison-chantepie-5-pieces-95-m2-chantepie,325 000,Chantepie 35135,95,38,5
Maison 141m² à chantepie,https://www.etreproprio.com/immobilier-23459565-vente-maison-141m-a-chantepie-chantepie,486 000,Chantepie 35135,141,251,6
Maison familiale de 115m2 habitables(130m2 au sol)-chantepie à 10 minutes de rennes- environnement calme-jardin arboré-proche co,https://www.etreproprio.com/immobilier-23897333-vente-maison-familiale-de-115m2-habitables130m2-au-sol-chantepie-a-10-minutes-de-rennes-environnement-calme-jardin-arbore-proche-co-chantepie,350 000,Chantepie 35135,115,,6
Maison chantepie 5 pièce(s) 100 m2,https://www.etreproprio.com/immobilier-23881212-vente-maison-chantepie-5-pieces-100-m2-chantepie,229 240,Chantepie 35135,100,2 500,5
Maison 115m² à chantepie,https://www.etreproprio.com/immobilier-23710828-vente-maison-115m-a-chantepie-chantepie,357 100,Chantepie 35135,115,450,5
Maison chantepie 4 pièce(s) 92.69m2,https://www.etreproprio.com/immobilier-23755357-vente-maison-chantepie-4-pieces-9269m2-chantepie,297 500,Chantepie 35135,93,357,4
Maison 123m² à chantepie,https://www.etreproprio.com/immobilier-23121763-vente-maison-123m-a-chantepie-chantepie,409 500,Chantepie 35135,124,353,6
Maison chantepie 6 pièce(s) 141 m2,https://www.etreproprio.com/immobilier-23785374-vente-maison-chantepie-6-pieces-141-m2-chantepie,496 800,Chantepie 35135,141,251,6
Maison 139m² à chantepie,https://www.etreproprio.com/immobilier-23397710-vente-maison-139m-a-chantepie-chantepie,399 000,Chantepie 35135,139,342,4
Maison spacieuse de 7 pièces à chantepie ! un cadre de vie agréable pour votre famille !,https://www.etreproprio.com/immobilier-22060987-vente-maison-spacieuse-de-7-pieces-a-chantepie-un-cadre-de-vie-agreable-pour-votre-famille-chantepie,335 680,Chantepie 35135,112,378,7
Chantepie - maison 4 chambres - 141 m2,https://www.etreproprio.com/immobilier-23729500-vente-chantepie-maison-4-chambres-141-m2-chantepie,339 000,Chantepie 35135,141,378,6
Maison 112m² à chantepie,https://www.etreproprio.com/immobilier-23691615-vente-maison-112m-a-chantepie-chantepie,329 900,Chantepie 35135,112,378,6
Maison chantepie - 140m2 + combles aménageables,https://www.etreproprio.com/immobilier-23677730-vente-maison-chantepie-140m2-combles-amenageables-chantepie,394 000,Chantepie 35135,140,342,6
Maison 120m² à chantepie,https://www.etreproprio.com/immobilier-23607461-vente-maison-120m-a-chantepie-chantepie,347 700,Chantepie 35135,120,552,7
"Au cœur de chantepie, maison en bon état (120 m2) sur terrain clos de 550 m2.",https://www.etreproprio.com/immobilier-23605547-vente-au-coeur-de-chantepie-maison-en-bon-etat-120-m2-sur-terrain-clos-de-550-m2-chantepie,347 760,Chantepie 35135,120,552,7
"Chantepie / maison 6-7 pièces, 5 chambres, terrain clos, double garage",https://www.etreproprio.com/immobilier-23586814-vente-chantepie-maison-6-7-pieces-5-chambres-terrain-clos-double-garage-chantepie,479 926,Chantepie 35135,160,,6
Maison 123m² à chantepie,https://www.etreproprio.com/immobilier-23319718-vente-maison-123m-a-chantepie-chantepie,405 240,Chantepie 35135,123,350,6
Maison contemporaine 216m2 bois de soeuvres 2km chantepie,https://www.etreproprio.com/immobilier-23436837-vente-maison-contemporaine-216m2-bois-de-soeuvres-2km-chantepie-chantepie,799 900,Chantepie 35135,216,1 350,7
Maison 166m² à chantepie,https://www.etreproprio.com/immobilier-22251060-vente-maison-166m-a-chantepie-chantepie,550 000,Chantepie 35135,167,420,6
Maison 105m² à chantepie,https://www.etreproprio.com/immobilier-23239734-vente-maison-105m-a-chantepie-chantepie,441 000,Chantepie 35135,105,354,4
Maison 231 m2 - cesson-sévigné,https://www.etreproprio.com/immobilier-23114179-vente-maison-231-m2-cesson-sevigne-cesson-sevigne,517 000,Cesson-Sevigne 35510,231,376,9
Maison 120m² à cesson-sevigne,https://www.etreproprio.com/immobilier-23102376-vente-maison-120m-a-cesson-sevigne-cesson-sevigne,443 000,Cesson-Sevigne 35510,120,,6
Maison 120m² à cesson-sevigne,https://www.etreproprio.com/immobilier-23064733-vente-maison-120m-a-cesson-sevigne-cesson-sevigne,496 900,Cesson-Sevigne 35510,120,359,6
Belle maison familiale 120 m2 et 359 m2 de terrain,https://www.etreproprio.com/immobilier-22538408-vente-belle-maison-familiale-120-m2-et-359-m2-de-terrain-cesson-sevigne,496 800,Cesson-Sevigne 35510,120,359,7
Grande maison secteur de la chalotais à cesson-sévigné,https://www.etreproprio.com/immobilier-23061252-vente-grande-maison-secteur-de-la-chalotais-a-cesson-sevigne-cesson-sevigne,469 000,Cesson-Sevigne 35510,138,517,6
Maison contemporaine de + 190 m² avec 4 grandes chambres+ bureau et une salle multifonction,https://www.etreproprio.com/immobilier-23057661-vente-maison-contemporaine-de-190-m-avec-4-grandes-chambres-bureau-et-une-salle-multifonction-cesson-sevigne,659 900,Cesson-Sevigne 35510,190,774,8
Maison 152m² à cesson-sevigne,https://www.etreproprio.com/immobilier-22893206-vente-maison-152m-a-cesson-sevigne-cesson-sevigne,572 250,Cesson-Sevigne 35510,152,1 500,6
Maison 157m² à cesson-sevigne,https://www.etreproprio.com/immobilier-22799689-vente-maison-157m-a-cesson-sevigne-cesson-sevigne,798 000,Cesson-Sevigne 35510,158,577,7
Maison 149m² à cesson-sevigne,https://www.etreproprio.com/immobilier-22799688-vente-maison-149m-a-cesson-sevigne-cesson-sevigne,761 250,Cesson-Sevigne 35510,150,627,8
Achat - exclusivite agence giboire - terrain constructible + 2  appartements - cesson-sevigne,https://www.etreproprio.com/immobilier-22732226-vente-achat-exclusivite-agence-giboire-terrain-constructible-2-appartements-cesson-sevigne-cesson-sevigne,371 000,Cesson-Sevigne 35510,85,520,5
Emplacement privilégié au centre de cesson sévigné,https://www.etreproprio.com/immobilier-22706849-vente-emplacement-privilegie-au-centre-de-cesson-sevigne-cesson-sevigne,628 200,Cesson-Sevigne 35510,123,908,6
Maison 102m² à cesson-sevigne,https://www.etreproprio.com/immobilier-22643488-vente-maison-102m-a-cesson-sevigne-cesson-sevigne,483 000,Cesson-Sevigne 35510,102,727,5
Maison t6 a vendre - cesson-sevigne,https://www.etreproprio.com/immobilier-22550390-vente-maison-t6-a-vendre-cesson-sevigne-cesson-sevigne,682 500,Cesson-Sevigne 35510,164,1 163,6
A vendre - agence giboire - maison 5 chambres - cesson-sévigné - 192.75m² habitables - 223 m² au sol,https://www.etreproprio.com/immobilier-22546820-vente-a-vendre-agence-giboire-maison-5-chambres-cesson-sevigne-19275m-habitables-223-m-au-sol-cesson-sevigne,1 008 800,Cesson-Sevigne 35510,193,1 460,8
Maison 210m² à cesson-sevigne,https://www.etreproprio.com/immobilier-22507347-vente-maison-210m-a-cesson-sevigne-cesson-sevigne,998 500,Cesson-Sevigne 35510,210,1 500,8
Belle longère 170m2 à cesson-sévigné,https://www.etreproprio.com/immobilier-20553926-vente-belle-longere-170m2-a-cesson-sevigne-cesson-sevigne,624 000,Cesson-Sevigne 35510,170,2 800,6
Propriété aux portes de rennes maison 250 m2 + dépendances sur un terrain d'environ 3000 m2 (cesson-sévigné).,https://www.etreproprio.com/immobilier-20763261-vente-propriete-aux-portes-de-rennes-maison-250-m2-dependances-sur-un-terrain-d-environ-3000-m2-cesson-sevigne-cesson-sevigne,799 000,Cesson-Sevigne 35510,245,,9
Maison 137m² à cesson-sevigne,https://www.etreproprio.com/immobilier-21976186-vente-maison-137m-a-cesson-sevigne-cesson-sevigne,498 750,Cesson-Sevigne 35510,137,500,6
Maison 190m² à cesson-sevigne,https://www.etreproprio.com/immobilier-20670622-vente-maison-190m-a-cesson-sevigne-cesson-sevigne,1 064 700,Cesson-Sevigne 35510,190,400,6
Maison - cesson-sévigné,https://www.etreproprio.com/immobilier-19500375-vente-maison-cesson-sevigne-cesson-sevigne,724 500,Cesson-Sevigne 35510,136,522,7
Maison 111m² à la chapelle-aux-filtzmeens,https://www.etreproprio.com/immobilier-23910368-vente-maison-111m-a-la-chapelle-aux-filtzmeens-la-chapelle-aux-filtzmeens,172 500,La Chapelle-Aux-Filtzmeens 35190,111,615,4
Maison 106m² à la chapelle-aux-filtzmeens,https://www.etreproprio.com/immobilier-23459925-vente-maison-106m-a-la-chapelle-aux-filtzmeens-la-chapelle-aux-filtzmeens,199 500,La Chapelle-Aux-Filtzmeens 35190,106,560,5
Maison 152m² à la chapelle-aux-filtzmeens,https://www.etreproprio.com/immobilier-23196024-vente-maison-152m-a-la-chapelle-aux-filtzmeens-la-chapelle-aux-filtzmeens,279 000,La Chapelle-Aux-Filtzmeens 35190,152,1 210,6
Belle longère proche de combourg 11 pièce(s) 415 m2 revenus locatifs,https://www.etreproprio.com/immobilier-21160644-vente-belle-longere-proche-de-combourg-11-pieces-415-m2-revenus-locatifs-la-chapelle-aux-filtzmeens,555 440,La Chapelle-Aux-Filtzmeens 35190,415,4 220,11
Maison la chapelle aux filtzmeens 5 pièce(s) 135 m2 - 4 chambres,https://www.etreproprio.com/immobilier-22018674-vente-maison-la-chapelle-aux-filtzmeens-5-pieces-135-m2-4-chambres-la-chapelle-aux-filtzmeens,336 000,La Chapelle-Aux-Filtzmeens 35190,135,3 226,5
Maison 60m² à chantepie,https://www.etreproprio.com/immobilier-23228326-vente-maison-60m-a-chantepie-chantepie,273 000,Chantepie 35135,60,417,3
Maison 159m² à chantepie,https://www.etreproprio.com/immobilier-23154364-vente-maison-159m-a-chantepie-chantepie,469 200,Chantepie 35135,159,7 380,8
Maison 280m² à chantepie,https://www.etreproprio.com/immobilier-23145632-vente-maison-280m-a-chantepie-chantepie,726 400,Chantepie 35135,280,7 700,8
Maison 160m² à chantepie,https://www.etreproprio.com/immobilier-20096068-vente-maison-160m-a-chantepie-chantepie,467 400,Chantepie 35135,160,7 380,7
Longère chantepie t8 pièces 267 m2 (220 m2 habitable) - 5 500 m2,https://www.etreproprio.com/immobilier-22299432-vente-longere-chantepie-t8-pieces-267-m2-220-m2-habitable-5-500-m2-chantepie,985 000,Chantepie 35135,267,4 500,8
Maison 169m² à chantepie,https://www.etreproprio.com/immobilier-22649143-vente-maison-169m-a-chantepie-chantepie,424 000,Chantepie 35135,169,1 625,7
Maison 160m² à chantepie,https://www.etreproprio.com/immobilier-22070031-vente-maison-160m-a-chantepie-chantepie,540 750,Chantepie 35135,160,6 805,6
Maison 125m² à chantepie,https://www.etreproprio.com/immobilier-22440914-vente-maison-125m-a-chantepie-chantepie,465 000,Chantepie 35135,125,460,5
Maison 149m² à chantepie,https://www.etreproprio.com/immobilier-21709288-vente-maison-149m-a-chantepie-chantepie,619 500,Chantepie 35135,149,683,5
Maison 87m² à la chapelle-bouexic,https://www.etreproprio.com/immobilier-23910950-vente-maison-87m-a-la-chapelle-bouexic-la-chapelle-bouexic,239 990,La Chapelle-Bouexic 35330,87,493,6
Maison familiale rénovée – 4 chambres – terrain clos sans vis-à-vis,https://www.etreproprio.com/immobilier-23530921-vente-maison-familiale-renovee-4-chambres-terrain-clos-sans-vis-a-vis-la-chapelle-bouexic,255 000,La Chapelle-Bouexic 35330,125,329,6
"Belle longère de caractère avec potentiel, à 10 min de l'axe rennes redon",https://www.etreproprio.com/immobilier-23497779-vente-belle-longere-de-caractere-avec-potentiel-a-10-min-de-l-axe-rennes-redon-la-chapelle-bouexic,297 825,La Chapelle-Bouexic 35330,127,2 472,6
Maison moderne avec jardin – 3 chambres + garage – construction 2021,https://www.etreproprio.com/immobilier-22495945-vente-maison-moderne-avec-jardin-3-chambres-garage-construction-2021-la-chapelle-bouexic,247 000,La Chapelle-Bouexic 35330,106,328,4
Maison 127m² à la chapelle-bouexic,https://www.etreproprio.com/immobilier-22369852-vente-maison-127m-a-la-chapelle-bouexic-la-chapelle-bouexic,259 000,La Chapelle-Bouexic 35330,127,329,6
Maison en pierre avec deux dépendances à rénover - terrain constructible 1000 m² - hangar,https://www.etreproprio.com/immobilier-21740168-vente-maison-en-pierre-avec-deux-dependances-a-renover-terrain-constructible-1000-m-hangar-la-chapelle-bouexic,149 600,La Chapelle-Bouexic 35330,79,1 424,3
Maison de 100m² située à la chapelle chaussee,https://www.etreproprio.com/immobilier-23606948-vente-maison-de-100m-situee-a-la-chapelle-chaussee-la-chapelle-chaussee,298 600,La Chapelle-Chaussee 35630,99,627,5
La chapelle chaussée - a vendre - maison non mitoyenne 5 pièce de 100 m2 habitables  avec 4 chambres.,https://www.etreproprio.com/immobilier-23326636-vente-la-chapelle-chaussee-a-vendre-maison-non-mitoyenne-5-piece-de-100-m2-habitables-avec-4-chambres-la-chapelle-chaussee,291 000,La Chapelle-Chaussee 35630,100,625,5
Maison 234m² à la chapelle-chaussee,https://www.etreproprio.com/immobilier-23102798-vente-maison-234m-a-la-chapelle-chaussee-la-chapelle-chaussee,436 000,La Chapelle-Chaussee 35630,234,1 976,8
Maison 155m² à la chapelle-chaussee,https://www.etreproprio.com/immobilier-17579749-vente-maison-155m-a-la-chapelle-chaussee-la-chapelle-chaussee,374 400,La Chapelle-Chaussee 35630,155,590,9
Maison 155m² à la chapelle-chaussee,https://www.etreproprio.com/immobilier-17579752-vente-maison-155m-a-la-chapelle-chaussee-la-chapelle-chaussee,374 400,La Chapelle-Chaussee 35630,155,590,9
Maison 172m² à la chapelle-des-fougeretz,https://www.etreproprio.com/immobilier-23723780-vente-maison-172m-a-la-chapelle-des-fougeretz-la-chapelle-des-fougeretz,535 000,La Chapelle-Des-Fougeretz 35520,172,410,6
Maison 128m² à la chapelle-des-fougeretz,https://www.etreproprio.com/immobilier-23843807-vente-maison-128m-a-la-chapelle-des-fougeretz-la-chapelle-des-fougeretz,437 500,La Chapelle-Des-Fougeretz 35520,128,351,7
La chapelle des fougeretz magnifique maison aux belles prestations de 170m² (2024) sur une parcelle de 410m²,https://www.etreproprio.com/immobilier-23828427-vente-la-chapelle-des-fougeretz-magnifique-maison-aux-belles-prestations-de-170m-2024-sur-une-parcelle-de-410m-la-chapelle-des-fougeretz,534 990,La Chapelle-Des-Fougeretz 35520,170,410,6
maison contemporaine d’exception – la chapelle-des-fougeretz (2024) avec garage non mitoyenne,https://www.etreproprio.com/immobilier-23682867-vente-maison-contemporaine-d-exception-la-chapelle-des-fougeretz-2024-avec-garage-non-mitoyenne-la-chapelle-des-fougeretz,535 000,La Chapelle-Des-Fougeretz 35520,172,,6
"La chapelle des fougeretz, maison neuve de 125m² sur 393m² de terrain exposé ouest !",https://www.etreproprio.com/immobilier-23687396-vente-la-chapelle-des-fougeretz-maison-neuve-de-125m-sur-393m-de-terrain-expose-ouest-la-chapelle-des-fougeretz,429 400,La Chapelle-Des-Fougeretz 35520,125,393,6
"La chapelle des fougeretz, maison récente de 2004 de 240m² sur un magnifique jardin plein sud de 1000m² !",https://www.etreproprio.com/immobilier-23765601-vente-la-chapelle-des-fougeretz-maison-recente-de-2004-de-240m-sur-un-magnifique-jardin-plein-sud-de-1000m-la-chapelle-des-fougeretz,546 989,La Chapelle-Des-Fougeretz 35520,240,1 000,8
Maison la chapelle des fougeretz 5 pièce(s) 123.11 m2,https://www.etreproprio.com/immobilier-23755463-vente-maison-la-chapelle-des-fougeretz-5-pieces-12311-m2-la-chapelle-des-fougeretz,435 700,La Chapelle-Des-Fougeretz 35520,124,393,5
Maison la chapelle des fougeretz 7 pièce(s) 160 m²,https://www.etreproprio.com/immobilier-23755469-vente-maison-la-chapelle-des-fougeretz-7-pieces-160-m-la-chapelle-des-fougeretz,469 900,La Chapelle-Des-Fougeretz 35520,160,350,7
Maison la chapelle des fougeretz 6 pièce(s) 100 m2,https://www.etreproprio.com/immobilier-23755461-vente-maison-la-chapelle-des-fougeretz-6-pieces-100-m2-la-chapelle-des-fougeretz,349 000,La Chapelle-Des-Fougeretz 35520,101,634,6
Maison  4 chambres la chapelle des fougeretz 114m²,https://www.etreproprio.com/immobilier-23755456-vente-maison-4-chambres-la-chapelle-des-fougeretz-114m-la-chapelle-des-fougeretz,363 000,La Chapelle-Des-Fougeretz 35520,114,512,5
Maison 121m² à la chapelle-des-fougeretz,https://www.etreproprio.com/immobilier-23741633-vente-maison-121m-a-la-chapelle-des-fougeretz-la-chapelle-des-fougeretz,437 500,La Chapelle-Des-Fougeretz 35520,121,405,6
A vendre - maison 7 pièces - la chapelle des fougeretz,https://www.etreproprio.com/immobilier-23730142-vente-a-vendre-maison-7-pieces-la-chapelle-des-fougeretz-la-chapelle-des-fougeretz,544 960,La Chapelle-Des-Fougeretz 35520,174,535,7
Maison 237m² à la chapelle-des-fougeretz,https://www.etreproprio.com/immobilier-22517678-vente-maison-237m-a-la-chapelle-des-fougeretz-la-chapelle-des-fougeretz,547 000,La Chapelle-Des-Fougeretz 35520,237,1 000,8
"La chapelle des fougeretz, jolie maison de 122m² sur 490m² de terrain bien exposé au calme d'une impasse !",https://www.etreproprio.com/immobilier-23567936-vente-la-chapelle-des-fougeretz-jolie-maison-de-122m-sur-490m-de-terrain-bien-expose-au-calme-d-une-impasse-la-chapelle-des-fougeretz,402 615,La Chapelle-Des-Fougeretz 35520,122,486,7
Maison  7 pièces  - 141 m2 - sous sol complet - 476 m² de terrain,https://www.etreproprio.com/immobilier-23637035-vente-maison-7-pieces-141-m2-sous-sol-complet-476-m-de-terrain-la-chapelle-des-fougeretz,382 950,La Chapelle-Des-Fougeretz 35520,141,476,7
A vendre - agence giboire -  en exclusivite - belle longère de 105m² habitable en impasse à la chapelle des fougeretz - 10min de,https://www.etreproprio.com/immobilier-23152611-vente-a-vendre-agence-giboire-en-exclusivite-belle-longere-de-105m-habitable-en-impasse-a-la-chapelle-des-fougeretz-10min-de-la-chapelle-des-fougeretz,362 250,La Chapelle-Des-Fougeretz 35520,105,500,5
A vendre - maison 7 pièces - la chapelle des fougeretz,https://www.etreproprio.com/immobilier-23580591-vente-a-vendre-maison-7-pieces-la-chapelle-des-fougeretz-la-chapelle-des-fougeretz,440 160,La Chapelle-Des-Fougeretz 35520,124,398,7
Maison 137m² à la chapelle-des-fougeretz,https://www.etreproprio.com/immobilier-23484984-vente-maison-137m-a-la-chapelle-des-fougeretz-la-chapelle-des-fougeretz,351 572,La Chapelle-Des-Fougeretz 35520,137,1 390,7
A vendre - exclusivite agence giboire - maison neuve 145 m² - la chapelle des fougeretz - 10 minutes de rennes,https://www.etreproprio.com/immobilier-22715293-vente-a-vendre-exclusivite-agence-giboire-maison-neuve-145-m-la-chapelle-des-fougeretz-10-minutes-de-rennes-la-chapelle-des-fougeretz,504 000,La Chapelle-Des-Fougeretz 35520,145,356,6
Maison à vendre 6 pièces la chapelle des fougeretz (35),https://www.etreproprio.com/immobilier-23404835-vente-maison-a-vendre-6-pieces-la-chapelle-des-fougeretz-35-la-chapelle-des-fougeretz,506 000,La Chapelle-Des-Fougeretz 35520,188,395,6
Maison de bourg proche vitré,https://www.etreproprio.com/immobilier-21853209-vente-maison-de-bourg-proche-vitre-la-chapelle-erbree,198 360,La Chapelle-Erbree 35500,87,448,5
Maison 116m² à la chapelle-des-fougeretz,https://www.etreproprio.com/immobilier-21709436-vente-maison-116m-a-la-chapelle-des-fougeretz-la-chapelle-des-fougeretz,349 500,La Chapelle-Des-Fougeretz 35520,117,719,5
Maison 117m² à la chapelle-des-fougeretz,https://www.etreproprio.com/immobilier-22347141-vente-maison-117m-a-la-chapelle-des-fougeretz-la-chapelle-des-fougeretz,347 850,La Chapelle-Des-Fougeretz 35520,117,719,5
Maison la chapelle des fougeretz 5 pièce(s) 120 m2,https://www.etreproprio.com/immobilier-22497796-vente-maison-la-chapelle-des-fougeretz-5-pieces-120-m2-la-chapelle-des-fougeretz,349 900,La Chapelle-Des-Fougeretz 35520,117,719,5
Maison 135m² à la chapelle-des-fougeretz,https://www.etreproprio.com/immobilier-23337130-vente-maison-135m-a-la-chapelle-des-fougeretz-la-chapelle-des-fougeretz,437 000,La Chapelle-Des-Fougeretz 35520,135,395,5
Maison 174m² à la chapelle-des-fougeretz,https://www.etreproprio.com/immobilier-23023931-vente-maison-174m-a-la-chapelle-des-fougeretz-la-chapelle-des-fougeretz,546 000,La Chapelle-Des-Fougeretz 35520,174,535,7
La chapelle des fougeretz - maison type 7 pièce(s) 125 m2 sur terrain sud de près de 400 m²,https://www.etreproprio.com/immobilier-22740299-vente-la-chapelle-des-fougeretz-maison-type-7-pieces-125-m2-sur-terrain-sud-de-pres-de-400-m-la-chapelle-des-fougeretz,414 000,La Chapelle-Des-Fougeretz 35520,125,400,7
La chapelle des fougeretz magnifique maison neuve de 125.5m² aux prestations hauts de gammes !,https://www.etreproprio.com/immobilier-22578972-vente-la-chapelle-des-fougeretz-magnifique-maison-neuve-de-1255m-aux-prestations-hauts-de-gammes-la-chapelle-des-fougeretz,444 989,La Chapelle-Des-Fougeretz 35520,125,341,6
La chapelle des fougeretz - agréable maison contemporaine de près de 150m² hab sur terrain de 300 m² env,https://www.etreproprio.com/immobilier-22578903-vente-la-chapelle-des-fougeretz-agreable-maison-contemporaine-de-pres-de-150m-hab-sur-terrain-de-300-m-env-la-chapelle-des-fougeretz,429 000,La Chapelle-Des-Fougeretz 35520,148,300,6
La chapelle des fougeretz magnifique contemporaine de 133m² aux prestations hauts de gammes !,https://www.etreproprio.com/immobilier-22578968-vente-la-chapelle-des-fougeretz-magnifique-contemporaine-de-133m-aux-prestations-hauts-de-gammes-la-chapelle-des-fougeretz,476 100,La Chapelle-Des-Fougeretz 35520,133,400,6
Maison 157m² à la chapelle-des-fougeretz,https://www.etreproprio.com/immobilier-22578507-vente-maison-157m-a-la-chapelle-des-fougeretz-la-chapelle-des-fougeretz,384 900,La Chapelle-Des-Fougeretz 35520,157,736,7
A vendre - maison 6 pièces - la chapelle des fougeretz,https://www.etreproprio.com/immobilier-22178195-vente-a-vendre-maison-6-pieces-la-chapelle-des-fougeretz-la-chapelle-des-fougeretz,576 400,La Chapelle-Des-Fougeretz 35520,180,3 147,6
Maison 153m² à la chapelle-des-fougeretz,https://www.etreproprio.com/immobilier-21504342-vente-maison-153m-a-la-chapelle-des-fougeretz-la-chapelle-des-fougeretz,389 500,La Chapelle-Des-Fougeretz 35520,153,736,8
Maison 136m² à la chapelle-janson,https://www.etreproprio.com/immobilier-23785922-vente-maison-136m-a-la-chapelle-janson-la-chapelle-janson,290 000,La Chapelle-Janson 35133,136,10 824,5
Longère en pierre 5 pièces-194 m² avec parc pour chevaux,https://www.etreproprio.com/immobilier-23782370-vente-longere-en-pierre-5-pieces-194-m-avec-parc-pour-chevaux-la-chapelle-janson,197 000,La Chapelle-Janson 35133,194,,4
A découvrir !,https://www.etreproprio.com/immobilier-23594454-vente-a-decouvrir-la-chapelle-janson,194 500,La Chapelle-Janson 35133,112,1 000,5
Maison 183m² à la chapelle-janson,https://www.etreproprio.com/immobilier-23389110-vente-maison-183m-a-la-chapelle-janson-la-chapelle-janson,239 000,La Chapelle-Janson 35133,183,700,7
Maison 99m² à la chapelle-janson,https://www.etreproprio.com/immobilier-23280104-vente-maison-99m-a-la-chapelle-janson-la-chapelle-janson,195 900,La Chapelle-Janson 35133,99,515,6
Pavillon 4 chambres,https://www.etreproprio.com/immobilier-23238436-vente-pavillon-4-chambres-la-chapelle-janson,167 750,La Chapelle-Janson 35133,98,555,6
Maison la chapelle fleurigne,https://www.etreproprio.com/immobilier-20801469-vente-maison-la-chapelle-fleurigne-la-chapelle-janson,235 999,La Chapelle-Janson 35133,122,505,4
Maison la chapelle janson 5 pièce(s) 122 m2,https://www.etreproprio.com/immobilier-23086672-vente-maison-la-chapelle-janson-5-pieces-122-m2-la-chapelle-janson,238 500,La Chapelle-Janson 35133,122,505,5
Maison à vendre 6 pièces la chapelle janson (35),https://www.etreproprio.com/immobilier-22003062-vente-maison-a-vendre-6-pieces-la-chapelle-janson-35-la-chapelle-janson,206 500,La Chapelle-Janson 35133,140,7 669,6
Maison 122m² à la chapelle-janson,https://www.etreproprio.com/immobilier-23001559-vente-maison-122m-a-la-chapelle-janson-la-chapelle-janson,233 000,La Chapelle-Janson 35133,122,505,4
A découvrir !,https://www.etreproprio.com/immobilier-21612312-vente-a-decouvrir-la-chapelle-janson,231 000,La Chapelle-Janson 35133,173,1 025,7
Maison 100m² à la chapelle-janson,https://www.etreproprio.com/immobilier-22920417-vente-maison-100m-a-la-chapelle-janson-la-chapelle-janson,196 875,La Chapelle-Janson 35133,100,515,7
"À vendre à la chapelle-fleurigné, maison familiale fonctionnelle et prête à vivre",https://www.etreproprio.com/immobilier-21714153-vente-a-vendre-a-la-chapelle-fleurigne-maison-familiale-fonctionnelle-et-prete-a-vivre-la-chapelle-janson,197 300,La Chapelle-Janson 35133,101,515,6
Maison la chapelle fleurigne 7 pièce(s) 102 m2,https://www.etreproprio.com/immobilier-22618353-vente-maison-la-chapelle-fleurigne-7-pieces-102-m2-la-chapelle-janson,199 500,La Chapelle-Janson 35133,99,515,7
"Maison à vendre 100 m2, 3 chambres, sous-sol complet- la chapelle janson-",https://www.etreproprio.com/immobilier-22656241-vente-maison-a-vendre-100-m2-3-chambres-sous-sol-complet-la-chapelle-janson-la-chapelle-janson,161 000,La Chapelle-Janson 35133,100,670,4
Maison la chapelle fleurigne 2 pièce(s) 50 m2,https://www.etreproprio.com/immobilier-22189811-vente-maison-la-chapelle-fleurigne-2-pieces-50-m2-la-chapelle-janson,87 000,La Chapelle-Janson 35133,50,780,2
Maison la chapelle fleurigne 4 pièce(s) 112 m2,https://www.etreproprio.com/immobilier-22195119-vente-maison-la-chapelle-fleurigne-4-pieces-112-m2-la-chapelle-janson,155 990,La Chapelle-Janson 35133,112,1 466,4
Maison en impasse à proximité de fougeres et romagne,https://www.etreproprio.com/immobilier-22711466-vente-maison-en-impasse-a-proximite-de-fougeres-et-romagne-la-chapelle-saint-aubert,220 000,La Chapelle-Saint-Aubert 35140,109,,5
Maison 72m² à la chapelle-de-brain,https://www.etreproprio.com/immobilier-23691623-vente-maison-72m-a-la-chapelle-de-brain-la-chapelle-de-brain,84 500,La Chapelle-De-Brain 35660,72,3 426,3
Maison en pierre - tranquille à la campagne - proche de redon,https://www.etreproprio.com/immobilier-23437936-vente-maison-en-pierre-tranquille-a-la-campagne-proche-de-redon-la-chapelle-de-brain,98 000,La Chapelle-De-Brain 35660,81,395,3
Maison 176m² à la chapelle-de-brain,https://www.etreproprio.com/immobilier-20593509-vente-maison-176m-a-la-chapelle-de-brain-la-chapelle-de-brain,187 000,La Chapelle-De-Brain 35660,176,1 088,4
Maison 121m² à la chapelle-de-brain,https://www.etreproprio.com/immobilier-22682024-vente-maison-121m-a-la-chapelle-de-brain-la-chapelle-de-brain,345 000,La Chapelle-De-Brain 35660,121,2 253,5
Maison la chapelle de brain 4 pièce(s) 83 m2,https://www.etreproprio.com/immobilier-22410189-vente-maison-la-chapelle-de-brain-4-pieces-83-m2-la-chapelle-de-brain,191 800,La Chapelle-De-Brain 35660,83,1 088,3
Maison 194 m² la chapelle de brain,https://www.etreproprio.com/immobilier-22049415-vente-maison-194-m-la-chapelle-de-brain-la-chapelle-de-brain,191 800,La Chapelle-De-Brain 35660,194,1 300,8
Maison la chapelle de brain 3 pièces 81 m2,https://www.etreproprio.com/immobilier-16845920-vente-maison-la-chapelle-de-brain-3-pieces-81-m2-la-chapelle-de-brain,98 710,La Chapelle-De-Brain 35660,81,415,3
Maison 120m² à la chapelle-de-brain,https://www.etreproprio.com/immobilier-20916028-vente-maison-120m-a-la-chapelle-de-brain-la-chapelle-de-brain,186 000,La Chapelle-De-Brain 35660,120,4 735,7
La chapelle thouarault,https://www.etreproprio.com/immobilier-23848192-vente-la-chapelle-thouarault-la-chapelle-thouarault,177 990,La Chapelle-Thouarault 35590,50,530,2
Maison 5 pièces 86 m² - la chapelle thouarault,https://www.etreproprio.com/immobilier-23745565-vente-maison-5-pieces-86-m-la-chapelle-thouarault-la-chapelle-thouarault,223 600,La Chapelle-Thouarault 35590,86,489,5
Maison 3 pièces 50 m² + garage fermé - la chapelle thouarault,https://www.etreproprio.com/immobilier-23230845-vente-maison-3-pieces-50-m-garage-ferme-la-chapelle-thouarault-la-chapelle-thouarault,176 800,La Chapelle-Thouarault 35590,50,530,3
Chartres-de-bretagne / maison bourgeoise 4 chambres,https://www.etreproprio.com/immobilier-23911818-vente-chartres-de-bretagne-maison-bourgeoise-4-chambres-chartres-de-bretagne,485 000,Chartres-De-Bretagne 35131,163,,6
Maison familiale  6 pièces chartres de bretagne - proche  rennes,https://www.etreproprio.com/immobilier-23865159-vente-maison-familiale-6-pieces-chartres-de-bretagne-proche-rennes-chartres-de-bretagne,353 500,Chartres-De-Bretagne 35131,128,496,6
Jolie maison traditionnelle - 8 pièces - 5 chambres + 1 bureau - sous-sol complet - jardin clos et arboré,https://www.etreproprio.com/immobilier-23737761-vente-jolie-maison-traditionnelle-8-pieces-5-chambres-1-bureau-sous-sol-complet-jardin-clos-et-arbore-chartres-de-bretagne,380 000,Chartres-De-Bretagne 35131,136,514,8
"Secteur college, piscine et cinema",https://www.etreproprio.com/immobilier-23715849-vente-secteur-college-piscine-et-cinema-chartres-de-bretagne,496 700,Chartres-De-Bretagne 35131,167,554,7
Maison familiale de 5 chambres à chartres-de-bretagne,https://www.etreproprio.com/immobilier-23701559-vente-maison-familiale-de-5-chambres-a-chartres-de-bretagne-chartres-de-bretagne,374 000,Chartres-De-Bretagne 35131,135,428,7
Maison 103m² à chartres-de-bretagne,https://www.etreproprio.com/immobilier-22018102-vente-maison-103m-a-chartres-de-bretagne-chartres-de-bretagne,199 900,Chartres-De-Bretagne 35131,104,155,5
Maison 101m² à chartres-de-bretagne,https://www.etreproprio.com/immobilier-23036777-vente-maison-101m-a-chartres-de-bretagne-chartres-de-bretagne,283 500,Chartres-De-Bretagne 35131,102,282,6
A 2 pas du centre,https://www.etreproprio.com/immobilier-22268233-vente-a-2-pas-du-centre-chartres-de-bretagne,188 790,Chartres-De-Bretagne 35131,66,450,5
Maison 183m² à chartres-de-bretagne,https://www.etreproprio.com/immobilier-23098518-vente-maison-183m-a-chartres-de-bretagne-chartres-de-bretagne,499 900,Chartres-De-Bretagne 35131,183,532,7
Maison 165m² à chartres-de-bretagne,https://www.etreproprio.com/immobilier-23581267-vente-maison-165m-a-chartres-de-bretagne-chartres-de-bretagne,465 000,Chartres-De-Bretagne 35131,165,900,8
Maison familiale avec beaux volumes et très beau jardin idéalement exposée,https://www.etreproprio.com/immobilier-23088349-vente-maison-familiale-avec-beaux-volumes-et-tres-beau-jardin-idealement-exposee-chartres-de-bretagne,618 930,Chartres-De-Bretagne 35131,205,1 139,7
Maison - chartres-de-bretagne,https://www.etreproprio.com/immobilier-23513892-vente-maison-chartres-de-bretagne-chartres-de-bretagne,465 000,Chartres-De-Bretagne 35131,165,900,7
Maison 85m² à chartres-de-bretagne,https://www.etreproprio.com/immobilier-23499822-vente-maison-85m-a-chartres-de-bretagne-chartres-de-bretagne,220 000,Chartres-De-Bretagne 35131,86,329,4
Charmante maison à rénover à chartres de bretagne ! parfaite pour une famille !,https://www.etreproprio.com/immobilier-23489867-vente-charmante-maison-a-renover-a-chartres-de-bretagne-parfaite-pour-une-famille-chartres-de-bretagne,220 000,Chartres-De-Bretagne 35131,85,330,4
Chartres-de-bretagne : maison 6 pièces de 133 m2 - aux portes de rennes,https://www.etreproprio.com/immobilier-23457163-vente-chartres-de-bretagne-maison-6-pieces-de-133-m2-aux-portes-de-rennes-chartres-de-bretagne,375 000,Chartres-De-Bretagne 35131,133,468,6
Maison 114m² à chartres-de-bretagne,https://www.etreproprio.com/immobilier-23152028-vente-maison-114m-a-chartres-de-bretagne-chartres-de-bretagne,335 360,Chartres-De-Bretagne 35131,114,506,6
Maison contemporaine de +160 m²  avec  5 chambres et mezzanine  à 2 min à pieds des bus et 10 min collège et écoles,https://www.etreproprio.com/immobilier-23242996-vente-maison-contemporaine-de-160-m-avec-5-chambres-et-mezzanine-a-2-min-a-pieds-des-bus-et-10-min-college-et-ecoles-chartres-de-bretagne,496 800,Chartres-De-Bretagne 35131,163,554,8
Maison 110m² à chartres-de-bretagne,https://www.etreproprio.com/immobilier-23208215-vente-maison-110m-a-chartres-de-bretagne-chartres-de-bretagne,343 000,Chartres-De-Bretagne 35131,110,,5
Maison neuve,https://www.etreproprio.com/immobilier-22128163-vente-maison-neuve-chartres-de-bretagne,512 325,Chartres-De-Bretagne 35131,149,430,6
Maison 98m² à chartres-de-bretagne,https://www.etreproprio.com/immobilier-23048685-vente-maison-98m-a-chartres-de-bretagne-chartres-de-bretagne,292 000,Chartres-De-Bretagne 35131,98,254,5
Maison chasne sur illet 4 pièce(s) 137 m2,https://www.etreproprio.com/immobilier-23500789-vente-maison-chasne-sur-illet-4-pieces-137-m2-chasne-sur-illet,294 000,Chasne-Sur-Illet 35250,137,699,4
"Maison 4 chambres, chasne sur illet",https://www.etreproprio.com/immobilier-23460360-vente-maison-4-chambres-chasne-sur-illet-chasne-sur-illet,387 390,Chasne-Sur-Illet 35250,134,454,6
Maison 138m² à chasne-sur-illet,https://www.etreproprio.com/immobilier-23503300-vente-maison-138m-a-chasne-sur-illet-chasne-sur-illet,287 900,Chasne-Sur-Illet 35250,138,699,4
Maison lumineuse et de plain pied au cœur du bourg de chasné-sur-illet,https://www.etreproprio.com/immobilier-23595166-vente-maison-lumineuse-et-de-plain-pied-au-coeur-du-bourg-de-chasne-sur-illet-chasne-sur-illet,289 900,Chasne-Sur-Illet 35250,139,699,4
Maison 143m² à chasne-sur-illet,https://www.etreproprio.com/immobilier-23684523-vente-maison-143m-a-chasne-sur-illet-chasne-sur-illet,273 000,Chasne-Sur-Illet 35250,143,1 000,6
Maison 149m² à chasne-sur-illet,https://www.etreproprio.com/immobilier-23422346-vente-maison-149m-a-chasne-sur-illet-chasne-sur-illet,380 000,Chasne-Sur-Illet 35250,149,605,7
Maison chasné sur illet,https://www.etreproprio.com/immobilier-23402726-vente-maison-chasne-sur-illet-chasne-sur-illet,330 435,Chasne-Sur-Illet 35250,105,403,6
Maison 193m² à chasne-sur-illet,https://www.etreproprio.com/immobilier-23383826-vente-maison-193m-a-chasne-sur-illet-chasne-sur-illet,441 000,Chasne-Sur-Illet 35250,193,869,8
Maison chasne sur illet 3 pièce(s) 76m2,https://www.etreproprio.com/immobilier-23219063-vente-maison-chasne-sur-illet-3-pieces-76m2-chasne-sur-illet,231 000,Chasne-Sur-Illet 35250,76,2 500,3
Maison chasne sur illet 6 pièce(s) 128.37 m2,https://www.etreproprio.com/immobilier-23038512-vente-maison-chasne-sur-illet-6-pieces-12837-m2-chasne-sur-illet,393 750,Chasne-Sur-Illet 35250,128,815,6
"À vendre - maison familiale 170 m² - 5 chambres à chasné-sur-illet, au calme d'une impasse",https://www.etreproprio.com/immobilier-22618646-vente-a-vendre-maison-familiale-170-m-5-chambres-a-chasne-sur-illet-au-calme-d-une-impasse-chasne-sur-illet,471 060,Chasne-Sur-Illet 35250,170,882,7
Maison 169m² à chasne-sur-illet,https://www.etreproprio.com/immobilier-22659108-vente-maison-169m-a-chasne-sur-illet-chasne-sur-illet,471 060,Chasne-Sur-Illet 35250,170,882,7
Centre bourg,https://www.etreproprio.com/immobilier-22660471-vente-centre-bourg-chasne-sur-illet,277 455,Chasne-Sur-Illet 35250,106,595,6
Maison chateaubourg 5 pièce(s) 80 m2,https://www.etreproprio.com/immobilier-23890389-vente-maison-chateaubourg-5-pieces-80-m2-chateaubourg,194 000,Chateaubourg 35220,80,580,5
Maison 109m² à chateaubourg,https://www.etreproprio.com/immobilier-23139609-vente-maison-109m-a-chateaubourg-chateaubourg,179 900,Chateaubourg 35220,109,700,6
"Chateaubourg, campagne proche bourg",https://www.etreproprio.com/immobilier-23835411-vente-chateaubourg-campagne-proche-bourg-chateaubourg,219 900,Chateaubourg 35220,92,1 000,5
Maison 129m² à chateaubourg,https://www.etreproprio.com/immobilier-23828713-vente-maison-129m-a-chateaubourg-chateaubourg,378 000,Chateaubourg 35220,129,448,7
maison à vendre en exclusivité – châteaubourg – 63 m² – 2 chambres – garage + atelier – proche toutes commodités,https://www.etreproprio.com/immobilier-23804106-vente-maison-a-vendre-en-exclusivite-chateaubourg-63-m-2-chambres-garage-atelier-proche-toutes-commodites-chateaubourg,179 000,Chateaubourg 35220,63,,3
Maison - saint didier - vendu,https://www.etreproprio.com/immobilier-23807381-vente-maison-saint-didier-vendu-chateaubourg,273 000,Chateaubourg 35220,129,1 500,5
Vente maison chateaubourg(35220) 99 500ï¿œ,https://www.etreproprio.com/immobilier-23808338-vente-vente-maison-chateaubourg35220-99-500i-oe-chateaubourg,99 500,Chateaubourg 35220,130,,5
Grange en pierre à réhabiliter,https://www.etreproprio.com/immobilier-23792087-vente-grange-en-pierre-a-rehabiliter-chateaubourg,99 500,Chateaubourg 35220,130,,5
Nouveauté ! maison de plain-pied avec grand terrain constructible – saint-didier (35),https://www.etreproprio.com/immobilier-23717607-vente-nouveaute-maison-de-plain-pied-avec-grand-terrain-constructible-saint-didier-35-chateaubourg,229 990,Chateaubourg 35220,85,1 278,5
Maison 149m² à chateaubourg,https://www.etreproprio.com/immobilier-23683160-vente-maison-149m-a-chateaubourg-chateaubourg,339 900,Chateaubourg 35220,149,387,6
"Sous compromis ! en exclusivité cabinet diard immobilier ! jolie maison d'environ 73 m2 habitables, de plain p",https://www.etreproprio.com/immobilier-23652341-vente-sous-compromis-en-exclusivite-cabinet-diard-immobilier-jolie-maison-d-environ-73-m2-habitables-de-plain-p-chateaubourg,224 538,Chateaubourg 35220,73,1 741,3
Maison 129m² à chateaubourg,https://www.etreproprio.com/immobilier-23649385-vente-maison-129m-a-chateaubourg-chateaubourg,299 000,Chateaubourg 35220,129,811,6
"Compromis signé ! immeuble de rapport au coeur de chateaubourg, proche gare à pied",https://www.etreproprio.com/immobilier-23652334-vente-compromis-signe-immeuble-de-rapport-au-coeur-de-chateaubourg-proche-gare-a-pied-chateaubourg,240 025,Chateaubourg 35220,145,,2
Offre d'achat signée ! au cabinet diard immobilier chateaubourg ! grande maison t6 belle localisation,https://www.etreproprio.com/immobilier-23652337-vente-offre-d-achat-signee-au-cabinet-diard-immobilier-chateaubourg-grande-maison-t6-belle-localisation-chateaubourg,362 000,Chateaubourg 35220,167,1 082,6
Sous offre d'achat ! au cabinet diard immobilier ! belle maison sur sous-sol rénovée t5 de 141 m2,https://www.etreproprio.com/immobilier-23652340-vente-sous-offre-d-achat-au-cabinet-diard-immobilier-belle-maison-sur-sous-sol-renovee-t5-de-141-m2-chateaubourg,348 438,Chateaubourg 35220,141,911,5
Maison 200m² à chateaubourg,https://www.etreproprio.com/immobilier-23640274-vente-maison-200m-a-chateaubourg-chateaubourg,434 700,Chateaubourg 35220,200,3 841,6
Longère châteaubourg 7 pièce(s) 269 m2,https://www.etreproprio.com/immobilier-23628750-vente-longere-chateaubourg-7-pieces-269-m2-chateaubourg,569 000,Chateaubourg 35220,269,2 116,7
Vente maison chateaubourg(35220) 241 500ï¿œ,https://www.etreproprio.com/immobilier-23610714-vente-vente-maison-chateaubourg35220-241-500i-oe-chateaubourg,241 500,Chateaubourg 35220,139,493,7
Maison 78m² à chateaubourg,https://www.etreproprio.com/immobilier-23599299-vente-maison-78m-a-chateaubourg-chateaubourg,267 750,Chateaubourg 35220,78,516,4
Maison 139m² à chateaubourg,https://www.etreproprio.com/immobilier-23604459-vente-maison-139m-a-chateaubourg-chateaubourg,241 500,Chateaubourg 35220,139,493,7
Plein centre,https://www.etreproprio.com/immobilier-22986834-vente-plein-centre-chartres-de-bretagne,167 890,Chartres-De-Bretagne 35131,68,428,4
Maison 122m² à chartres-de-bretagne,https://www.etreproprio.com/immobilier-22972852-vente-maison-122m-a-chartres-de-bretagne-chartres-de-bretagne,273 000,Chartres-De-Bretagne 35131,122,634,6
Maison 136m² à chartres-de-bretagne,https://www.etreproprio.com/immobilier-22679254-vente-maison-136m-a-chartres-de-bretagne-chartres-de-bretagne,388 500,Chartres-De-Bretagne 35131,136,514,8
Maison de maître,https://www.etreproprio.com/immobilier-22486794-vente-maison-de-maitre-chartres-de-bretagne,832 000,Chartres-De-Bretagne 35131,195,497,7
Biens en off,https://www.etreproprio.com/immobilier-22413973-vente-biens-en-off-chartres-de-bretagne,674 000,Chartres-De-Bretagne 35131,239,,8
Maison 4 pièces 95m2,https://www.etreproprio.com/immobilier-23897167-vente-maison-4-pieces-95m2-chateaugiron,234 900,Chateaugiron 35410,95,422,4
Maison 137m² à chateaugiron,https://www.etreproprio.com/immobilier-23893843-vente-maison-137m-a-chateaugiron-chateaugiron,337 900,Chateaugiron 35410,137,1 000,8
Maison 120m² à chateaugiron,https://www.etreproprio.com/immobilier-23522680-vente-maison-120m-a-chateaugiron-chateaugiron,299 900,Chateaugiron 35410,121,400,5
Longère 144 m² - 6 pièces - maisonnette + garage et carport,https://www.etreproprio.com/immobilier-23886309-vente-longere-144-m-6-pieces-maisonnette-garage-et-carport-chateaugiron,339 900,Chateaugiron 35410,144,948,6
Maison familiale 121 m² emplacement exceptionnel à deux pas du centre historique,https://www.etreproprio.com/immobilier-23876530-vente-maison-familiale-121-m-emplacement-exceptionnel-a-deux-pas-du-centre-historique-chateaugiron,298 000,Chateaugiron 35410,121,400,6
Maison chateaugiron  6 pièce(s) - 123 m2,https://www.etreproprio.com/immobilier-23444325-vente-maison-chateaugiron-6-pieces-123-m2-chateaugiron,320 000,Chateaugiron 35410,123,529,6
Maison 134m² à chateaugiron,https://www.etreproprio.com/immobilier-23866509-vente-maison-134m-a-chateaugiron-chateaugiron,339 900,Chateaugiron 35410,134,948,6
Maison chateaugiron - dépendances - granges - terrain- campagne très proche,https://www.etreproprio.com/immobilier-23860646-vente-maison-chateaugiron-dependances-granges-terrain-campagne-tres-proche-chateaugiron,565 380,Chateaugiron 35410,134,15 000,6
Maison 80m² à chateaugiron,https://www.etreproprio.com/immobilier-23853368-vente-maison-80m-a-chateaugiron-chateaugiron,197 500,Chateaugiron 35410,80,490,4
"Maison de 123 m2 avec 4 chambres, garage, carport et jardin",https://www.etreproprio.com/immobilier-23846231-vente-maison-de-123-m2-avec-4-chambres-garage-carport-et-jardin-chateaugiron,319 850,Chateaugiron 35410,123,530,6
Maison 120m² à chateaugiron,https://www.etreproprio.com/immobilier-23150591-vente-maison-120m-a-chateaugiron-chateaugiron,330 750,Chateaugiron 35410,120,655,7
"Maison de 80 m2 avec 2 chambres, 1 bureau, garage et terrain constructible !",https://www.etreproprio.com/immobilier-23119528-vente-maison-de-80-m2-avec-2-chambres-1-bureau-garage-et-terrain-constructible-chateaugiron,196 850,Chateaugiron 35410,80,490,4
Maison- châteaugiron - proche centre -ville - potentiel -  beau terrain,https://www.etreproprio.com/immobilier-23152996-vente-maison-chateaugiron-proche-centre-ville-potentiel-beau-terrain-chateaugiron,198 930,Chateaugiron 35410,91,490,4
Maison chateaugiron 6 pièce(s) 117 m2,https://www.etreproprio.com/immobilier-23047760-vente-maison-chateaugiron-6-pieces-117-m2-chateaugiron,324 000,Chateaugiron 35410,117,287,6
Maison de 2019 non mitoyenne 3 chambres - terrain 406m²,https://www.etreproprio.com/immobilier-23599871-vente-maison-de-2019-non-mitoyenne-3-chambres-terrain-406m-chateaugiron,289 000,Chateaugiron 35410,102,406,5
Maison - 5 chambres - saint-aubin-du-pavail - jardin - lumineuse - proche châteaugiron,https://www.etreproprio.com/immobilier-23177005-vente-maison-5-chambres-saint-aubin-du-pavail-jardin-lumineuse-proche-chateaugiron-chateaugiron,326 850,Chateaugiron 35410,122,655,7
Maison indépendante de 122 m2 avec 4 chambres et bureau sur 655 m2 de terrain,https://www.etreproprio.com/immobilier-22642160-vente-maison-independante-de-122-m2-avec-4-chambres-et-bureau-sur-655-m2-de-terrain-chateaugiron,326 850,Chateaugiron 35410,122,655,7
Immeuble -chateaugiron -3 lots- hyper centre,https://www.etreproprio.com/immobilier-21524202-vente-immeuble-chateaugiron-3-lots-hyper-centre-chateaugiron,345 510,Chateaugiron 35410,169,185,7
Maison 136m² à chateaugiron,https://www.etreproprio.com/immobilier-22886733-vente-maison-136m-a-chateaugiron-chateaugiron,304 500,Chateaugiron 35410,136,3 098,8
Achat chateaugiron immeuble de caractere de rapport avec commerce possible,https://www.etreproprio.com/immobilier-23755358-vente-achat-chateaugiron-immeuble-de-caractere-de-rapport-avec-commerce-possible-chateaugiron,346 500,Chateaugiron 35410,169,185,7
Maison en pierre à rénover avec garage et jardin à proximité,https://www.etreproprio.com/immobilier-23877769-vente-maison-en-pierre-a-renover-avec-garage-et-jardin-a-proximite-chateauneuf-d-ille-et-vilaine,138 240,Chateauneuf-D'ille-Et-Vilaine 35430,47,,3
Maison 96m² à chateauneuf-d'ille-et-vilaine,https://www.etreproprio.com/immobilier-23683107-vente-maison-96m-a-chateauneuf-d-ille-et-vilaine-chateauneuf-d-ille-et-vilaine,228 800,Chateauneuf-D'ille-Et-Vilaine 35430,96,497,5
Maison 4 chambres et studio - chateauneuf d'ille et vilaine,https://www.etreproprio.com/immobilier-23824488-vente-maison-4-chambres-et-studio-chateauneuf-d-ille-et-vilaine-chateauneuf-d-ille-et-vilaine,355 000,Chateauneuf-D'ille-Et-Vilaine 35430,162,904,7
Maison 95 m² et studio 25 m² chateauneuf d ille et vilainbe,https://www.etreproprio.com/immobilier-23731827-vente-maison-95-m-et-studio-25-m-chateauneuf-d-ille-et-vilainbe-chateauneuf-d-ille-et-vilaine,260 600,Chateauneuf-D'ille-Et-Vilaine 35430,95,695,5
Maison 224m² à chateauneuf-d'ille-et-vilaine,https://www.etreproprio.com/immobilier-23703508-vente-maison-224m-a-chateauneuf-d-ille-et-vilaine-chateauneuf-d-ille-et-vilaine,599 000,Chateauneuf-D'ille-Et-Vilaine 35430,224,930,9
Maison 123m² à chateauneuf-d'ille-et-vilaine,https://www.etreproprio.com/immobilier-22252843-vente-maison-123m-a-chateauneuf-d-ille-et-vilaine-chateauneuf-d-ille-et-vilaine,283 500,Chateauneuf-D'ille-Et-Vilaine 35430,123,2 164,5
Maison de ville - châteauneuf-d'ille-et-vilaine,https://www.etreproprio.com/immobilier-23547279-vente-maison-de-ville-chateauneuf-d-ille-et-vilaine-chateauneuf-d-ille-et-vilaine,202 400,Chateauneuf-D'ille-Et-Vilaine 35430,100,868,5
Maison plein bourg,https://www.etreproprio.com/immobilier-22635051-vente-maison-plein-bourg-chateauneuf-d-ille-et-vilaine,203 520,Chateauneuf-D'ille-Et-Vilaine 35430,112,868,5
Maison de ville châteauneuf d'ille et vilaine,https://www.etreproprio.com/immobilier-21631673-vente-maison-de-ville-chateauneuf-d-ille-et-vilaine-chateauneuf-d-ille-et-vilaine,199 488,Chateauneuf-D'ille-Et-Vilaine 35430,100,870,4
Maison 100m² à chateauneuf-d'ille-et-vilaine,https://www.etreproprio.com/immobilier-22100056-vente-maison-100m-a-chateauneuf-d-ille-et-vilaine-chateauneuf-d-ille-et-vilaine,199 500,Chateauneuf-D'ille-Et-Vilaine 35430,100,870,4
A vendre maison chateauneuf d'ille et vilaine t5 100m²,https://www.etreproprio.com/immobilier-21471556-vente-a-vendre-maison-chateauneuf-d-ille-et-vilaine-t5-100m-chateauneuf-d-ille-et-vilaine,199 488,Chateauneuf-D'ille-Et-Vilaine 35430,100,870,5
Maison en pierres 7 pièces 165 m2 avec vie de plain-pied,https://www.etreproprio.com/immobilier-23451261-vente-maison-en-pierres-7-pieces-165-m2-avec-vie-de-plain-pied-chateauneuf-d-ille-et-vilaine,334 990,Chateauneuf-D'ille-Et-Vilaine 35430,165,683,7
Maison 128m² à chateauneuf-d'ille-et-vilaine,https://www.etreproprio.com/immobilier-22983186-vente-maison-128m-a-chateauneuf-d-ille-et-vilaine-chateauneuf-d-ille-et-vilaine,498 750,Chateauneuf-D'ille-Et-Vilaine 35430,129,176,5
"Propriété châteauneuf d'ille et vilaine 9 pièces 204 m2. dépendances, jardin",https://www.etreproprio.com/immobilier-22977785-vente-propriete-chateauneuf-d-ille-et-vilaine-9-pieces-204-m2-dependances-jardin-chateauneuf-d-ille-et-vilaine,435 900,Chateauneuf-D'ille-Et-Vilaine 35430,204,825,9
Vente maison chateaubourg(35220) 334 000ï¿œ,https://www.etreproprio.com/immobilier-23522304-vente-vente-maison-chateaubourg35220-334-000i-oe-chateaubourg,334 000,Chateaubourg 35220,117,495,6
Belle maison familiale  de 117 m2,https://www.etreproprio.com/immobilier-23506297-vente-belle-maison-familiale-de-117-m2-chateaubourg,334 000,Chateaubourg 35220,117,495,6
Maison 146m² à chateaubourg,https://www.etreproprio.com/immobilier-23398481-vente-maison-146m-a-chateaubourg-chateaubourg,367 500,Chateaubourg 35220,146,1 172,7
Maison chateaubourg 5 pièce(s) 101.64 m2,https://www.etreproprio.com/immobilier-23057225-vente-maison-chateaubourg-5-pieces-10164-m2-chateaubourg,288 000,Chateaubourg 35220,102,328,5
Saint-didier (5 min gare) : neuf 2024 - maison de plain-pied clés en main (pac) !,https://www.etreproprio.com/immobilier-23354701-vente-saint-didier-5-min-gare-neuf-2024-maison-de-plain-pied-cles-en-main-pac-chateaubourg,236 250,Chateaubourg 35220,77,,4
Vente maison chateaubourg(35220) 409 500ï¿œ,https://www.etreproprio.com/immobilier-23339327-vente-vente-maison-chateaubourg35220-409-500i-oe-chateaubourg,409 500,Chateaubourg 35220,200,1 100,7
Maison châteaubourg 200m²,https://www.etreproprio.com/immobilier-23332938-vente-maison-chateaubourg-200m-chateaubourg,409 500,Chateaubourg 35220,200,1 100,7
Nouveauté au cabinet diard immobilier ! maison t6 - centre-ville chateaubourg,https://www.etreproprio.com/immobilier-23323067-vente-nouveaute-au-cabinet-diard-immobilier-maison-t6-centre-ville-chateaubourg-chateaubourg,409 500,Chateaubourg 35220,200,1 000,6
Longere renovee de 214m2 - 4 chambres,https://www.etreproprio.com/immobilier-23225819-vente-longere-renovee-de-214m2-4-chambres-chateaubourg,375 000,Chateaubourg 35220,214,750,6
Maison 146m² à châteaubourg,https://www.etreproprio.com/immobilier-23176341-vente-maison-146m-a-chateaubourg-chateaubourg,364 000,Chateaubourg 35220,146,1 172,6
Sous compromis ! nouveauté en exclusivité cabinet diard immobilier ! maison contemporaine t5 de 98 m2 hab,https://www.etreproprio.com/immobilier-23172231-vente-sous-compromis-nouveaute-en-exclusivite-cabinet-diard-immobilier-maison-contemporaine-t5-de-98-m2-hab-chateaubourg,299 910,Chateaubourg 35220,98,375,5
Vente maison chateaubourg(35220) 198 360ï¿œ,https://www.etreproprio.com/immobilier-23130451-vente-vente-maison-chateaubourg35220-198-360i-oe-chateaubourg,198 360,Chateaubourg 35220,83,1 906,5
Maison avec un grand terrain arboré,https://www.etreproprio.com/immobilier-23116632-vente-maison-avec-un-grand-terrain-arbore-chateaubourg,198 360,Chateaubourg 35220,83,1 906,5
Maison 225m² à chateaubourg,https://www.etreproprio.com/immobilier-22337121-vente-maison-225m-a-chateaubourg-chateaubourg,273 000,Chateaubourg 35220,226,1 730,8
Longère entièrement rénovée,https://www.etreproprio.com/immobilier-22433653-vente-longere-entierement-renovee-chateaubourg,569 000,Chateaubourg 35220,269,,7
Maison familiale sur sous sol,https://www.etreproprio.com/immobilier-23021194-vente-maison-familiale-sur-sous-sol-chateaubourg,229 680,Chateaubourg 35220,90,1 550,4
Maison de plain-pied,https://www.etreproprio.com/immobilier-22573469-vente-maison-de-plain-pied-chateaubourg,331 650,Chateaubourg 35220,120,,6
Maison 178m² à chateaubourg,https://www.etreproprio.com/immobilier-22552468-vente-maison-178m-a-chateaubourg-chateaubourg,272 000,Chateaubourg 35220,178,600,6
Maison 176m² à chateaubourg,https://www.etreproprio.com/immobilier-22518837-vente-maison-176m-a-chateaubourg-chateaubourg,398 500,Chateaubourg 35220,176,1 002,7
Vente maison chateaubourg(35220) 313 980ï¿œ,https://www.etreproprio.com/immobilier-22059095-vente-vente-maison-chateaubourg35220-313-980i-oe-chateaubourg,313 980,Chateaubourg 35220,120,273,5
Maison chateaugiron 5 pièces avec jardin de plus de 850 m²,https://www.etreproprio.com/immobilier-23755349-vente-maison-chateaugiron-5-pieces-avec-jardin-de-plus-de-850-m-chateaugiron,259 900,Chateaugiron 35410,95,850,5
Maison châteaugiron  -  rénovation -  charme - calme - proche centre-ville,https://www.etreproprio.com/immobilier-23711360-vente-maison-chateaugiron-renovation-charme-calme-proche-centre-ville-chateaugiron,188 460,Chateaugiron 35410,66,529,4
Longère rénovée - châteaugiron - piscine- pierre - calme,https://www.etreproprio.com/immobilier-23711361-vente-longere-renovee-chateaugiron-piscine-pierre-calme-chateaugiron,617 730,Chateaugiron 35410,231,1 292,6
Maison contemporaine chateaugiron 115m2,https://www.etreproprio.com/immobilier-23323846-vente-maison-contemporaine-chateaugiron-115m2-chateaugiron,343 999,Chateaugiron 35410,115,287,5
Maison 115 m2 - chateaugiron,https://www.etreproprio.com/immobilier-23659923-vente-maison-115-m2-chateaugiron-chateaugiron,343 500,Chateaugiron 35410,115,287,6
Maison chateaugiron 5 pièce(s) 145.46 m2,https://www.etreproprio.com/immobilier-22515728-vente-maison-chateaugiron-5-pieces-14546-m2-chateaugiron,395 000,Chateaugiron 35410,145,656,5
Maison 126m² à chateaugiron,https://www.etreproprio.com/immobilier-23624612-vente-maison-126m-a-chateaugiron-chateaugiron,332 800,Chateaugiron 35410,126,647,6
Maison 115m² à chateaugiron,https://www.etreproprio.com/immobilier-23624628-vente-maison-115m-a-chateaugiron-chateaugiron,348 400,Chateaugiron 35410,115,287,5
Maison de charme rénovée - châteaugiron - 6 pièces - proche commerces,https://www.etreproprio.com/immobilier-23599934-vente-maison-de-charme-renovee-chateaugiron-6-pieces-proche-commerces-chateaugiron,599 850,Chateaugiron 35410,159,177,6
"Prestigieuse maison de ville avec 4 chambres, cour, cave, garage et dépendance aménagée.",https://www.etreproprio.com/immobilier-23596101-vente-prestigieuse-maison-de-ville-avec-4-chambres-cour-cave-garage-et-dependance-amenagee-chateaugiron,599 850,Chateaugiron 35410,180,177,7
Maison sur sous-sol complet avec 4 chambres et vaste mezzanine sur,https://www.etreproprio.com/immobilier-23574666-vente-maison-sur-sous-sol-complet-avec-4-chambres-et-vaste-mezzanine-sur-chateaugiron,379 500,Chateaugiron 35410,136,679,7
Elegante maison comtemporaine idealement situee proche chateaugiron,https://www.etreproprio.com/immobilier-23584680-vente-elegante-maison-comtemporaine-idealement-situee-proche-chateaugiron-chateaugiron,378 000,Chateaugiron 35410,126,360,6
Maison 92m² à chateaugiron,https://www.etreproprio.com/immobilier-23570325-vente-maison-92m-a-chateaugiron-chateaugiron,269 400,Chateaugiron 35410,92,485,5
Maison  architecte - chateaugiron - sobriété- lumière,https://www.etreproprio.com/immobilier-22073107-vente-maison-architecte-chateaugiron-sobriete-lumiere-chateaugiron,399 000,Chateaugiron 35410,142,606,5
Maison 150m² à chateaugiron,https://www.etreproprio.com/immobilier-23522679-vente-maison-150m-a-chateaugiron-chateaugiron,278 250,Chateaugiron 35410,150,110,6
Maison 126m² à chateaugiron,https://www.etreproprio.com/immobilier-23502067-vente-maison-126m-a-chateaugiron-chateaugiron,311 750,Chateaugiron 35410,126,611,6
Vente maison chateaugiron(35410) 472 500ï¿œ,https://www.etreproprio.com/immobilier-23500063-vente-vente-maison-chateaugiron35410-472-500i-oe-chateaugiron,472 500,Chateaugiron 35410,157,,7
Pépite en plein coeur de châteaugiron!,https://www.etreproprio.com/immobilier-23483770-vente-pepite-en-plein-coeur-de-chateaugiron-chateaugiron,472 500,Chateaugiron 35410,157,,7
À vendre – longère de charme avec toit cathédrale et jardin paysagé,https://www.etreproprio.com/immobilier-23171926-vente-a-vendre-longere-de-charme-avec-toit-cathedrale-et-jardin-paysage-chateaugiron,339 900,Chateaugiron 35410,144,948,6
Maison 74m² à chateaugiron,https://www.etreproprio.com/immobilier-22871998-vente-maison-74m-a-chateaugiron-chateaugiron,200 000,Chateaugiron 35410,74,492,4
Maison 142m² à chateaugiron,https://www.etreproprio.com/immobilier-23422915-vente-maison-142m-a-chateaugiron-chateaugiron,399 000,Chateaugiron 35410,142,606,5
Maison 100m² à chateaugiron,https://www.etreproprio.com/immobilier-23401257-vente-maison-100m-a-chateaugiron-chateaugiron,287 900,Chateaugiron 35410,100,189,5
Maison 138 m2,https://www.etreproprio.com/immobilier-22121564-vente-maison-138-m2-chateaugiron,338 000,Chateaugiron 35410,137,1 019,7
Maison tres recente en lotissement 4 chambres,https://www.etreproprio.com/immobilier-23351318-vente-maison-tres-recente-en-lotissement-4-chambres-chateaugiron,340 925,Chateaugiron 35410,110,400,5
Maison 110m² à chateaugiron,https://www.etreproprio.com/immobilier-22607429-vente-maison-110m-a-chateaugiron-chateaugiron,286 100,Chateaugiron 35410,110,100,5
Maison 112m² à chateaugiron,https://www.etreproprio.com/immobilier-23304917-vente-maison-112m-a-chateaugiron-chateaugiron,287 500,Chateaugiron 35410,112,111,5
Maison 105m² à chateaugiron,https://www.etreproprio.com/immobilier-23289531-vente-maison-105m-a-chateaugiron-chateaugiron,299 250,Chateaugiron 35410,105,1 336,6
Maison chateaugiron 5 pièce(s) 80 m2,https://www.etreproprio.com/immobilier-22755246-vente-maison-chateaugiron-5-pieces-80-m2-chateaugiron,263 000,Chateaugiron 35410,80,562,5
Maison 80m² à chateaugiron,https://www.etreproprio.com/immobilier-21615406-vente-maison-80m-a-chateaugiron-chateaugiron,262 500,Chateaugiron 35410,80,562,4
Maison 103m² à chateaugiron,https://www.etreproprio.com/immobilier-23126614-vente-maison-103m-a-chateaugiron-chateaugiron,177 320,Chateaugiron 35410,103,370,4
Une parenthèse de charme en cœur de ville   maison coup de cœur à châteaugiron,https://www.etreproprio.com/immobilier-23238731-vente-une-parenthese-de-charme-en-coeur-de-ville-maison-coup-de-coeur-a-chateaugiron-chateaugiron,278 850,Chateaugiron 35410,86,176,4
Maison 96m² à chateaugiron,https://www.etreproprio.com/immobilier-22018422-vente-maison-96m-a-chateaugiron-chateaugiron,283 500,Chateaugiron 35410,96,176,4
Maison 103m² à chateaugiron,https://www.etreproprio.com/immobilier-23196573-vente-maison-103m-a-chateaugiron-chateaugiron,176 800,Chateaugiron 35410,103,377,4
Maison de bourg de 96 m² 4 pièces,https://www.etreproprio.com/immobilier-21578048-vente-maison-de-bourg-de-96-m-4-pieces-chateaugiron,239 000,Chateaugiron 35410,97,976,4
Maison 95m² à chateaugiron,https://www.etreproprio.com/immobilier-23124598-vente-maison-95m-a-chateaugiron-chateaugiron,259 900,Chateaugiron 35410,95,410,5
"Maison de 123 m2 avec 5 chambres, sous-sol et jardin",https://www.etreproprio.com/immobilier-20723916-vente-maison-de-123-m2-avec-5-chambres-sous-sol-et-jardin-chateaugiron,329 850,Chateaugiron 35410,123,638,7
Maison 140m² à chateaugiron,https://www.etreproprio.com/immobilier-22440598-vente-maison-140m-a-chateaugiron-chateaugiron,299 000,Chateaugiron 35410,140,1 140,6
Maison 163m² à chateaugiron,https://www.etreproprio.com/immobilier-22065265-vente-maison-163m-a-chateaugiron-chateaugiron,332 720,Chateaugiron 35410,163,1 800,7
Maison chateaugiron 6 pièce(s) 110 m2,https://www.etreproprio.com/immobilier-22732400-vente-maison-chateaugiron-6-pieces-110-m2-chateaugiron,302 000,Chateaugiron 35410,110,510,6
Maison- sous-sol- jardin- chateaugiron- 110 m2,https://www.etreproprio.com/immobilier-22157650-vente-maison-sous-sol-jardin-chateaugiron-110-m2-chateaugiron,227 850,Chateaugiron 35410,110,477,6
Maison 201m² à le chatellier,https://www.etreproprio.com/immobilier-23411706-vente-maison-201m-a-le-chatellier-le-chatellier,299 900,Le Chatellier 35133,201,4 877,7
Maison 214m² à le chatellier,https://www.etreproprio.com/immobilier-21710083-vente-maison-214m-a-le-chatellier-le-chatellier,150 000,Le Chatellier 35133,214,1 250,6
Martial joyeux votre conseiller immobilier optimhome vous présente cette longère au chatellier,https://www.etreproprio.com/immobilier-21366236-vente-martial-joyeux-votre-conseiller-immobilier-optimhome-vous-presente-cette-longere-au-chatellier-le-chatellier,259 900,Le Chatellier 35133,220,1 473,6
Maison neuve 120 m² - chateaubourg,https://www.etreproprio.com/immobilier-22047711-vente-maison-neuve-120-m-chateaubourg-chateaubourg,313 980,Chateaubourg 35220,120,273,5
Vente maison chateaubourg(35220) 432 300ï¿œ,https://www.etreproprio.com/immobilier-22179829-vente-vente-maison-chateaubourg35220-432-300i-oe-chateaubourg,432 300,Chateaubourg 35220,120,492,5
Charmante maison en pierre 3 chambres 120m2,https://www.etreproprio.com/immobilier-22172684-vente-charmante-maison-en-pierre-3-chambres-120m2-chateaubourg,432 300,Chateaubourg 35220,120,492,5
Vente maison chateaubourg(35220) 319 000ï¿œ,https://www.etreproprio.com/immobilier-21581837-vente-vente-maison-chateaubourg35220-319-000i-oe-chateaubourg,319 000,Chateaubourg 35220,120,4 000,5
Maison 4 chambres 120m² terrain 4000m²,https://www.etreproprio.com/immobilier-21567918-vente-maison-4-chambres-120m-terrain-4000m-chateaubourg,319 000,Chateaubourg 35220,120,4 000,5
Maison chateaubourg 7 pièce(s) 130 m2,https://www.etreproprio.com/immobilier-22029211-vente-maison-chateaubourg-7-pieces-130-m2-chateaubourg,394 000,Chateaubourg 35220,130,647,7
Vente maison chateaubourg(35220) 549 990ï¿œ,https://www.etreproprio.com/immobilier-21692282-vente-vente-maison-chateaubourg35220-549-990i-oe-chateaubourg,549 990,Chateaubourg 35220,205,10 000,8
Maison 90m² à chateaugiron,https://www.etreproprio.com/immobilier-22726078-vente-maison-90m-a-chateaugiron-chateaugiron,319 990,Chateaugiron 35410,90,303,5
Maison 107m² à chateaugiron,https://www.etreproprio.com/immobilier-22642886-vente-maison-107m-a-chateaugiron-chateaugiron,304 500,Chateaugiron 35410,107,703,5
Maison chateaugiron 5 pièce(s) 80.21 m2,https://www.etreproprio.com/immobilier-22515727-vente-maison-chateaugiron-5-pieces-8021-m2-chateaugiron,231 000,Chateaugiron 35410,76,5 000,5
Maison 76m² à chateaugiron,https://www.etreproprio.com/immobilier-22513418-vente-maison-76m-a-chateaugiron-chateaugiron,231 000,Chateaugiron 35410,76,5 000,5
Maison -charme-centre-ville-chateaugiron,https://www.etreproprio.com/immobilier-22409594-vente-maison-charme-centre-ville-chateaugiron-chateaugiron,298 395,Chateaugiron 35410,110,111,5
Maison 112m² à chateaugiron,https://www.etreproprio.com/immobilier-22354165-vente-maison-112m-a-chateaugiron-chateaugiron,317 000,Chateaugiron 35410,112,333,6
Maison 128m² à chateaugiron,https://www.etreproprio.com/immobilier-21946000-vente-maison-128m-a-chateaugiron-chateaugiron,379 900,Chateaugiron 35410,128,360,6
Maison 169m² à chateaugiron,https://www.etreproprio.com/immobilier-22208997-vente-maison-169m-a-chateaugiron-chateaugiron,399 000,Chateaugiron 35410,169,185,7
Maison 160m² à chateaugiron,https://www.etreproprio.com/immobilier-22182169-vente-maison-160m-a-chateaugiron-chateaugiron,416 560,Chateaugiron 35410,160,1 650,8
"Maison de 160 m2 avec 5 chambres, garage, hangar et carport",https://www.etreproprio.com/immobilier-22174000-vente-maison-de-160-m2-avec-5-chambres-garage-hangar-et-carport-chateaugiron,415 850,Chateaugiron 35410,160,1 653,7
Maison 150m² à chateaugiron,https://www.etreproprio.com/immobilier-21099939-vente-maison-150m-a-chateaugiron-chateaugiron,275 740,Chateaugiron 35410,150,100,6
Maison 112m² à chateaugiron,https://www.etreproprio.com/immobilier-21816276-vente-maison-112m-a-chateaugiron-chateaugiron,312 000,Chateaugiron 35410,112,433,7
Maison à vendre - 5 pièces - récente - châteaugiron - lumineuse,https://www.etreproprio.com/immobilier-21605287-vente-maison-a-vendre-5-pieces-recente-chateaugiron-lumineuse-chateaugiron,324 570,Chateaugiron 35410,117,287,5
Vente maison chatillon-en-vendelais(35210) 254 500ï¿œ,https://www.etreproprio.com/immobilier-23889295-vente-vente-maison-chatillon-en-vendelais35210-254-500i-oe-chatillon-en-vendelais,254 500,Chatillon-En-Vendelais 35210,108,750,5
Maison 5 pièces,https://www.etreproprio.com/immobilier-23875088-vente-maison-5-pieces-chatillon-en-vendelais,254 500,Chatillon-En-Vendelais 35210,108,750,5
Maison 126m² à chatillon-en-vendelais,https://www.etreproprio.com/immobilier-22450242-vente-maison-126m-a-chatillon-en-vendelais-chatillon-en-vendelais,199 900,Chatillon-En-Vendelais 35210,126,760,5
A vendre maison 4 pièces chatillon en vendelais 96 m² - 194 500  hai,https://www.etreproprio.com/immobilier-23751924-vente-a-vendre-maison-4-pieces-chatillon-en-vendelais-96-m-194-500-hai-chatillon-en-vendelais,194 500,Chatillon-En-Vendelais 35210,96,545,4
Maison 109m² à chatillon-en-vendelais,https://www.etreproprio.com/immobilier-23698726-vente-maison-109m-a-chatillon-en-vendelais-chatillon-en-vendelais,129 900,Chatillon-En-Vendelais 35210,110,368,5
Maison 167m² à chatillon-en-vendelais,https://www.etreproprio.com/immobilier-23468859-vente-maison-167m-a-chatillon-en-vendelais-chatillon-en-vendelais,357 000,Chatillon-En-Vendelais 35210,167,5 155,6
Joli pavillon de 108 m2 clé en main,https://www.etreproprio.com/immobilier-21674253-vente-joli-pavillon-de-108-m2-cle-en-main-chatillon-en-vendelais,254 500,Chatillon-En-Vendelais 35210,108,749,5
Maison 47m² à chatillon-en-vendelais,https://www.etreproprio.com/immobilier-23058539-vente-maison-47m-a-chatillon-en-vendelais-chatillon-en-vendelais,84 500,Chatillon-En-Vendelais 35210,47,368,2
Maison 101m² à chatillon-en-vendelais,https://www.etreproprio.com/immobilier-22905159-vente-maison-101m-a-chatillon-en-vendelais-chatillon-en-vendelais,119 500,Chatillon-En-Vendelais 35210,101,368,5
Maison t7  à chatillon en vendelais,https://www.etreproprio.com/immobilier-22168718-vente-maison-t7-a-chatillon-en-vendelais-chatillon-en-vendelais,355 500,Chatillon-En-Vendelais 35210,160,5 200,7
Maison campagne chatillon en vendelais,https://www.etreproprio.com/immobilier-22120854-vente-maison-campagne-chatillon-en-vendelais-chatillon-en-vendelais,348 435,Chatillon-En-Vendelais 35210,167,,8
A vendre maison à chatillon en vendelais 4 pièces 93 m² - 207 500  hai,https://www.etreproprio.com/immobilier-21866885-vente-a-vendre-maison-a-chatillon-en-vendelais-4-pieces-93-m-207-500-hai-chatillon-en-vendelais,207 500,Chatillon-En-Vendelais 35210,94,416,4
A vendre maison à chatillon en vendelais 218 m² - 138 000  hai,https://www.etreproprio.com/immobilier-21489614-vente-a-vendre-maison-a-chatillon-en-vendelais-218-m-138-000-hai-chatillon-en-vendelais,138 000,Chatillon-En-Vendelais 35210,218,,5
Maison 124m² à chauvigne,https://www.etreproprio.com/immobilier-23742172-vente-maison-124m-a-chauvigne-chauvigne,,,,,
Maison chauvigne 7 pièce(s) 157 m2,https://www.etreproprio.com/immobilier-23656927-vente-maison-chauvigne-7-pieces-157-m2-chauvigne,273 000,Chauvigne 35490,157,13 793,7
Maison chauvigne 6 pièce(s) 160 m2,https://www.etreproprio.com/immobilier-20609632-vente-maison-chauvigne-6-pieces-160-m2-chauvigne,270 000,Chauvigne 35490,160,13 793,6
Maison chauvigne 3 pièce(s) 81 m2,https://www.etreproprio.com/immobilier-23176665-vente-maison-chauvigne-3-pieces-81-m2-chauvigne,186 375,Chauvigne 35490,84,4 559,3
Maison chauvigne 3 pièce(s) 81 m2,https://www.etreproprio.com/immobilier-23175441-vente-maison-chauvigne-3-pieces-81-m2-chauvigne,186 375,Chauvigne 35490,84,4 559,3
Maison contemporaine,https://www.etreproprio.com/immobilier-23086810-vente-maison-contemporaine-chauvigne,280 000,Chauvigne 35490,131,2 205,6
Maison 70m² à chauvigne,https://www.etreproprio.com/immobilier-22406657-vente-maison-70m-a-chauvigne-chauvigne,105 900,Chauvigne 35490,70,806,2
Maison 190m² à chavagne,https://www.etreproprio.com/immobilier-22855653-vente-maison-190m-a-chavagne-chavagne,548 000,Chavagne 35310,190,494,7
Maison 100m² à chavagne,https://www.etreproprio.com/immobilier-23826663-vente-maison-100m-a-chavagne-chavagne,325 500,Chavagne 35310,100,182,5
Maison 95m² à chavagne,https://www.etreproprio.com/immobilier-23768182-vente-maison-95m-a-chavagne-chavagne,269 900,Chavagne 35310,95,710,4
Maison 166m² à chavagne,https://www.etreproprio.com/immobilier-23746536-vente-maison-166m-a-chavagne-chavagne,480 000,Chavagne 35310,166,597,7
maison 85 m² de 2014 – terrain 200 m² – proche rennes (10 min),https://www.etreproprio.com/immobilier-23717566-vente-maison-85-m-de-2014-terrain-200-m-proche-rennes-10-min-chavagne,259 000,Chavagne 35310,85,,4
Maison 84m² à chavagne,https://www.etreproprio.com/immobilier-23534820-vente-maison-84m-a-chavagne-chavagne,278 250,Chavagne 35310,85,562,5
Maison 127 m² à chavagne - quatre chambres - 570m² terrain,https://www.etreproprio.com/immobilier-14115148-vente-maison-127-m-a-chavagne-quatre-chambres-570m-terrain-chavagne,393 300,Chavagne 35310,127,570,7
"Chelun -maison 2 chambres , jardin ,garage",https://www.etreproprio.com/immobilier-23909672-vente-chelun-maison-2-chambres-jardin-garage-chelun,128 000,Chelun 35640,110,1 453,6
"Chelun, dans le bourg, maison de 127 m², 3 chambre",https://www.etreproprio.com/immobilier-23844634-vente-chelun-dans-le-bourg-maison-de-127-m-3-chambre-chelun,106 360,Chelun 35640,127,472,5
Maison en pierres - terrain de 11845 m2,https://www.etreproprio.com/immobilier-21915742-vente-maison-en-pierres-terrain-de-11845-m2-chelun,273 000,Chelun 35640,134,11 845,6
Maison 93m² à cherrueix,https://www.etreproprio.com/immobilier-23832297-vente-maison-93m-a-cherrueix-cherrueix,240 000,Cherrueix 35120,93,,4
Maison 78m² à cherrueix,https://www.etreproprio.com/immobilier-23443358-vente-maison-78m-a-cherrueix-cherrueix,262 600,Cherrueix 35120,78,557,4
Maison 275m² à cherrueix,https://www.etreproprio.com/immobilier-22630817-vente-maison-275m-a-cherrueix-cherrueix,240 000,Cherrueix 35120,275,1 466,6
Maison 127m² à cherrueix,https://www.etreproprio.com/immobilier-23255373-vente-maison-127m-a-cherrueix-cherrueix,273 000,Cherrueix 35120,127,426,6
Authentique maison bretonne rénovée,https://www.etreproprio.com/immobilier-22609388-vente-authentique-maison-bretonne-renovee-cherrueix,518 000,Cherrueix 35120,274,9 795,8
Maison 138m² à cherrueix,https://www.etreproprio.com/immobilier-21843980-vente-maison-138m-a-cherrueix-cherrueix,275 000,Cherrueix 35120,138,426,4
"Dpt ille et vilaine (35), à vendre cherrueix propriété de 20 pièces sur 4 hectares",https://www.etreproprio.com/immobilier-21330404-vente-dpt-ille-et-vilaine-35-a-vendre-cherrueix-propriete-de-20-pieces-sur-4-hectares-cherrueix,4 000 000,Cherrueix 35120,1 500,40 023,20
Maison 295m² à cherrueix,https://www.etreproprio.com/immobilier-20743787-vente-maison-295m-a-cherrueix-cherrueix,520 000,Cherrueix 35120,295,11 488,5
Maison mouaze 6 pièce(s) 146 m2,https://www.etreproprio.com/immobilier-23711074-vente-maison-mouaze-6-pieces-146-m2-chevaigne,366 400,Chevaigne 35250,146,1 569,6
Maison 5 pièces 107 m2,https://www.etreproprio.com/immobilier-23345182-vente-maison-5-pieces-107-m2-chevaigne,275 300,Chevaigne 35250,107,323,5
Maison cintre 8 pièce(s) 200 m2,https://www.etreproprio.com/immobilier-23869818-vente-maison-cintre-8-pieces-200-m2-cintre,417 500,Cintre 35310,202,920,8
Maison 286m² à cintre,https://www.etreproprio.com/immobilier-23692245-vente-maison-286m-a-cintre-cintre,508 000,Cintre 35310,286,1 000,5
Maison 84m² à cintre,https://www.etreproprio.com/immobilier-23677131-vente-maison-84m-a-cintre-cintre,273 000,Cintre 35310,84,611,4
Maison familiale - centre de cintré - 126.31 m² habitables,https://www.etreproprio.com/immobilier-23315465-vente-maison-familiale-centre-de-cintre-12631-m-habitables-cintre,345 510,Cintre 35310,126,553,5
Maison de 2012 en ossature bois,https://www.etreproprio.com/immobilier-23265593-vente-maison-de-2012-en-ossature-bois-cintre,251 280,Cintre 35310,90,129,5
Maison contemporaine 125 m² – cintré (rennes métropole),https://www.etreproprio.com/immobilier-23262436-vente-maison-contemporaine-125-m-cintre-rennes-metropole-cintre,350 000,Cintre 35310,125,,6
maison neuve 150 m² – belle vie de plain pied avec garage,https://www.etreproprio.com/immobilier-23132913-vente-maison-neuve-150-m-belle-vie-de-plain-pied-avec-garage-cintre,370 000,Cintre 35310,150,,6
Maison 159m² à cintre,https://www.etreproprio.com/immobilier-22713416-vente-maison-159m-a-cintre-cintre,416 000,Cintre 35310,159,1 408,7
Maison à vendre 5 pièces cintre (35),https://www.etreproprio.com/immobilier-21391784-vente-maison-a-vendre-5-pieces-cintre-35-cintre,507 500,Cintre 35310,286,1 000,5
Maison clayes 5 pièces - 77 m2 - 137 m² de terrain - garage et place de parking,https://www.etreproprio.com/immobilier-23778041-vente-maison-clayes-5-pieces-77-m2-137-m-de-terrain-garage-et-place-de-parking-clayes,239 890,Clayes 35590,77,137,5
Maison 190m² à coesmes,https://www.etreproprio.com/immobilier-23779876-vente-maison-190m-a-coesmes-coesmes,218 000,Coesmes 35134,190,294,5
Maison 4 pièces - coësmes,https://www.etreproprio.com/immobilier-23370392-vente-maison-4-pieces-coesmes-coesmes,146 300,Coesmes 35134,103,1 715,4
Maison 70m² à coesmes,https://www.etreproprio.com/immobilier-23667012-vente-maison-70m-a-coesmes-coesmes,127 000,Coesmes 35134,70,246,4
Maison 130m² à coesmes,https://www.etreproprio.com/immobilier-23662029-vente-maison-130m-a-coesmes-coesmes,290 000,Coesmes 35134,130,2 392,6
Nouveauté !   maison de  4 pièces de plain-pied,https://www.etreproprio.com/immobilier-23183580-vente-nouveaute-maison-de-4-pieces-de-plain-pied-coesmes,192 000,Coesmes 35134,86,308,4
Maison 123m² à coesmes,https://www.etreproprio.com/immobilier-23603221-vente-maison-123m-a-coesmes-coesmes,229 500,Coesmes 35134,123,1 440,6
Belle propriété (170 m2) au cœur de la ville.,https://www.etreproprio.com/immobilier-23159697-vente-belle-propriete-170-m2-au-coeur-de-la-ville-coesmes,239 000,Coesmes 35134,171,1 458,7
Maison de caractère sur sous sol,https://www.etreproprio.com/immobilier-21163739-vente-maison-de-caractere-sur-sous-sol-coesmes,240 000,Coesmes 35134,171,590,5
Maison de maître,https://www.etreproprio.com/immobilier-21367934-vente-maison-de-maitre-coesmes,240 000,Coesmes 35134,171,590,5
Maison 110m² à coesmes,https://www.etreproprio.com/immobilier-23232799-vente-maison-110m-a-coesmes-coesmes,259 900,Coesmes 35134,110,1 000,5
Terrain constructible avec grange,https://www.etreproprio.com/immobilier-22728783-vente-terrain-constructible-avec-grange-coesmes,78 000,Coesmes 35134,60,1 840,1
Maison de maître 4 pièces 138 m2 - 2 270 m2 de terrain,https://www.etreproprio.com/immobilier-22612961-vente-maison-de-maitre-4-pieces-138-m2-2-270-m2-de-terrain-coesmes,261 250,Coesmes 35134,138,2 270,4
Maison 123m2 à coësmes,https://www.etreproprio.com/immobilier-21840074-vente-maison-123m2-a-coesmes-coesmes,248 000,Coesmes 35134,123,1 440,6
Charmante maison rénovée à comblessac,https://www.etreproprio.com/immobilier-23760699-vente-charmante-maison-renovee-a-comblessac-comblessac,201 400,Comblessac 35330,94,454,5
Maison combourg 8 pièce(s) 200 m2,https://www.etreproprio.com/immobilier-23909938-vente-maison-combourg-8-pieces-200-m2-combourg,320 700,Combourg 35270,200,500,8
Maison 159m² à combourg,https://www.etreproprio.com/immobilier-23895449-vente-maison-159m-a-combourg-combourg,88 000,Combourg 35270,159,,1
Maison bazouges la pérouse 10 pièce(s) 330 m2,https://www.etreproprio.com/immobilier-22339209-vente-maison-bazouges-la-perouse-10-pieces-330-m2-combourg,213 800,Combourg 35270,330,3 391,10
Maison combourg  plain-pied 4 pièce(s) 70 m2,https://www.etreproprio.com/immobilier-23842213-vente-maison-combourg-plain-pied-4-pieces-70-m2-combourg,171 040,Combourg 35270,70,406,4
Maison combourg 4 pièce(s) 85 m2,https://www.etreproprio.com/immobilier-23842214-vente-maison-combourg-4-pieces-85-m2-combourg,181 730,Combourg 35270,85,270,4
Maison combourg  5 chambres 142 m2,https://www.etreproprio.com/immobilier-22593844-vente-maison-combourg-5-chambres-142-m2-combourg,351 701,Combourg 35270,142,400,6
Longere rénovée à 10 min de combourg,https://www.etreproprio.com/immobilier-23587613-vente-longere-renovee-a-10-min-de-combourg-combourg,299 000,Combourg 35270,186,2 936,5
Grande demeure a la campagne,https://www.etreproprio.com/immobilier-23251481-vente-grande-demeure-a-la-campagne-combourg,249 120,Combourg 35270,288,,6
Maison 84m² à combourg,https://www.etreproprio.com/immobilier-23754540-vente-maison-84m-a-combourg-combourg,199 500,Combourg 35270,84,672,6
Maison 172m² à combourg,https://www.etreproprio.com/immobilier-23734046-vente-maison-172m-a-combourg-combourg,545 000,Combourg 35270,172,10 814,7
Maison combourg 5 pièce(s) 212 m2,https://www.etreproprio.com/immobilier-19894536-vente-maison-combourg-5-pieces-212-m2-combourg,288 630,Combourg 35270,212,25 000,5
Maison 110m² à combourg,https://www.etreproprio.com/immobilier-23617009-vente-maison-110m-a-combourg-combourg,134 900,Combourg 35270,110,205,6
Maison combourg 5 pièce(s) 112 m2,https://www.etreproprio.com/immobilier-21426789-vente-maison-combourg-5-pieces-112-m2-combourg,203 110,Combourg 35270,112,7 060,5
Maison 129m² à combourg,https://www.etreproprio.com/immobilier-23548604-vente-maison-129m-a-combourg-combourg,340 000,Combourg 35270,129,306,5
Combourg centre,https://www.etreproprio.com/immobilier-22476039-vente-combourg-centre-combourg,168 880,Combourg 35270,85,355,4
Maison  6 pièce(s) 143 m2,https://www.etreproprio.com/immobilier-23095120-vente-maison-6-pieces-143-m2-combourg,336 000,Combourg 35270,143,1 688,6
Maison 43m² à combourg,https://www.etreproprio.com/immobilier-22937650-vente-maison-43m-a-combourg-combourg,156 800,Combourg 35270,43,110,3
Maison combourg 7 pièce(s) 135 m2 avec sous-sol total.,https://www.etreproprio.com/immobilier-23512465-vente-maison-combourg-7-pieces-135-m2-avec-sous-sol-total-combourg,266 250,Combourg 35270,135,509,7
Maison combourg 4 pièce(s) 76.89 m2,https://www.etreproprio.com/immobilier-22286546-vente-maison-combourg-4-pieces-7689-m2-combourg,140 000,Combourg 35270,77,1 631,4
Demeure de caractère 4 ch 6 p combourg hyper centre,https://www.etreproprio.com/immobilier-21604917-vente-demeure-de-caractere-4-ch-6-p-combourg-hyper-centre-combourg,626 990,Combourg 35270,220,379,6
Entre rennes et saint-malo maison clé en main - proche gare,https://www.etreproprio.com/immobilier-22393121-vente-entre-rennes-et-saint-malo-maison-cle-en-main-proche-gare-combourg,340 000,Combourg 35270,128,306,5
À visiter sans tarder!,https://www.etreproprio.com/immobilier-22760296-vente-a-visiter-sans-tarder-combourg,340 000,Combourg 35270,128,,5
Propriété de charme rénovée à combourg  réf : 202555,https://www.etreproprio.com/immobilier-22162140-vente-propriete-de-charme-renovee-a-combourg-ref-202555-combourg,622 800,Combourg 35270,205,379,7
Maison 126m² à combourg,https://www.etreproprio.com/immobilier-23030726-vente-maison-126m-a-combourg-combourg,261 250,Combourg 35270,126,470,7
Maison combourg 5 pièce(s) 116 m2,https://www.etreproprio.com/immobilier-23399689-vente-maison-combourg-5-pieces-116-m2-combourg,267 250,Combourg 35270,116,500,5
À vendre - maison de 205 m² - 8 pièces - 5 chambres,https://www.etreproprio.com/immobilier-23374171-vente-a-vendre-maison-de-205-m-8-pieces-5-chambres-combourg,627 000,Combourg 35270,205,379,8
Maison centre ville combourg à vendre,https://www.etreproprio.com/immobilier-23330019-vente-maison-centre-ville-combourg-a-vendre-combourg,628 000,Combourg 35270,205,379,7
Rare à la vente ! maison récente à combourg,https://www.etreproprio.com/immobilier-23274418-vente-rare-a-la-vente-maison-recente-a-combourg-combourg,332 310,Combourg 35270,116,439,5
"Combourg - à vendre - pavillon de 2011, secteur résidentiel proche de la gare",https://www.etreproprio.com/immobilier-23240836-vente-combourg-a-vendre-pavillon-de-2011-secteur-residentiel-proche-de-la-gare-combourg,296 000,Combourg 35270,100,448,5
Maison 93m² à combourg,https://www.etreproprio.com/immobilier-23195221-vente-maison-93m-a-combourg-combourg,159 900,Combourg 35270,93,254,4
Maison combourg 8 pièce(s) 160 m2,https://www.etreproprio.com/immobilier-23128390-vente-maison-combourg-8-pieces-160-m2-combourg,351 750,Combourg 35270,160,3 600,8
Maison 107m² à combourg,https://www.etreproprio.com/immobilier-23108968-vente-maison-107m-a-combourg-combourg,n.c.,Combourg 35270,107,625,6
Maison 171m² à combourg,https://www.etreproprio.com/immobilier-23096428-vente-maison-171m-a-combourg-combourg,441 000,Combourg 35270,172,1 203,9
Maison 172m² à combourg,https://www.etreproprio.com/immobilier-23101054-vente-maison-172m-a-combourg-combourg,436 365,Combourg 35270,172,1 210,9
Propriété équestre,https://www.etreproprio.com/immobilier-21895577-vente-propriete-equestre-combourg,896 750,Combourg 35270,356,323 941,13
Propriété avec étang combourg 7 pièce(s) 173 m2,https://www.etreproprio.com/immobilier-22763931-vente-propriete-avec-etang-combourg-7-pieces-173-m2-combourg,561 250,Combourg 35270,173,10 814,7
Combourg centre ville 6 pièce(s) 160 m2,https://www.etreproprio.com/immobilier-21912231-vente-combourg-centre-ville-6-pieces-160-m2-combourg,267 250,Combourg 35270,160,322,6
"Combourg, emplacement recherché, proche centre ville",https://www.etreproprio.com/immobilier-21780307-vente-combourg-emplacement-recherche-proche-centre-ville-combourg,266 250,Combourg 35270,160,322,6
Maison combourg 5 pièce(s) 120 m2,https://www.etreproprio.com/immobilier-21371715-vente-maison-combourg-5-pieces-120-m2-combourg,250 146,Combourg 35270,120,794,5
Maison 45m² à combourg,https://www.etreproprio.com/immobilier-22587114-vente-maison-45m-a-combourg-combourg,57 000,Combourg 35270,45,460,3
Maison en pierres rénovée,https://www.etreproprio.com/immobilier-22927176-vente-maison-en-pierres-renovee-combourtille,229 000,Combourtille 35210,129,510,5
Belle maison en pierres à combourtille (35210),https://www.etreproprio.com/immobilier-20925531-vente-belle-maison-en-pierres-a-combourtille-35210-combourtille,148 000,Combourtille 35210,98,,5
Maison cornille 6 pièce(s) 111.38 m2,https://www.etreproprio.com/immobilier-23909839-vente-maison-cornille-6-pieces-11138-m2-cornille,320 000,Cornille 35500,111,683,6
Maison 130m² à cornille,https://www.etreproprio.com/immobilier-23702318-vente-maison-130m-a-cornille-cornille,279 000,Cornille 35500,130,1 190,6
Maison cornille 7 pièce(s) 269 m2,https://www.etreproprio.com/immobilier-23618625-vente-maison-cornille-7-pieces-269-m2-cornille,569 000,Cornille 35500,269,2 116,7
Vente maison cornille(35500) 194 250ï¿œ,https://www.etreproprio.com/immobilier-23610713-vente-vente-maison-cornille35500-194-250i-oe-cornille,194 250,Cornille 35500,95,131,5
Longère rénovée située entre châteaubourg et vitré,https://www.etreproprio.com/immobilier-22360483-vente-longere-renovee-situee-entre-chateaubourg-et-vitre-cornille,569 000,Cornille 35500,269,2 116,7
Maison 100m² à cornille,https://www.etreproprio.com/immobilier-22678502-vente-maison-100m-a-cornille-cornille,236 250,Cornille 35500,101,506,5
Maison cornille 6 pièce(s) 215 m2,https://www.etreproprio.com/immobilier-21998213-vente-maison-cornille-6-pieces-215-m2-cornille,334 000,Cornille 35500,215,2 000,6
Maison 109m² à corps-nuds,https://www.etreproprio.com/immobilier-23883362-vente-maison-109m-a-corps-nuds-corps-nuds,266 000,Corps-Nuds 35150,109,256,5
Maison 96m² à corps-nuds,https://www.etreproprio.com/immobilier-21324078-vente-maison-96m-a-corps-nuds-corps-nuds,219 990,Corps-Nuds 35150,96,432,4
Maison 102m² à corps-nuds,https://www.etreproprio.com/immobilier-22159763-vente-maison-102m-a-corps-nuds-corps-nuds,269 900,Corps-Nuds 35150,102,660,4
Maison 134m² à corps-nuds,https://www.etreproprio.com/immobilier-23670369-vente-maison-134m-a-corps-nuds-corps-nuds,338 000,Corps-Nuds 35150,134,602,6
Maison 147m² à corps-nuds,https://www.etreproprio.com/immobilier-23697765-vente-maison-147m-a-corps-nuds-corps-nuds,338 000,Corps-Nuds 35150,147,602,7
Maison avec 5 chambres,https://www.etreproprio.com/immobilier-23624145-vente-maison-avec-5-chambres-corps-nuds,343 000,Corps-Nuds 35150,127,413,7
Maison corps-nuds,https://www.etreproprio.com/immobilier-23118894-vente-maison-corps-nuds-corps-nuds,259 000,Corps-Nuds 35150,95,,5
Maison corps nuds 6 pièce(s) 123.71 m2,https://www.etreproprio.com/immobilier-23374554-vente-maison-corps-nuds-6-pieces-12371-m2-corps-nuds,376 920,Corps-Nuds 35150,124,604,6
Maison 220m² à corps-nuds,https://www.etreproprio.com/immobilier-22178844-vente-maison-220m-a-corps-nuds-corps-nuds,340 000,Corps-Nuds 35150,220,960,9
Ce bien sous compromis n'est plus disponible a la vente,https://www.etreproprio.com/immobilier-22088386-vente-ce-bien-sous-compromis-n-est-plus-disponible-a-la-vente-corps-nuds,240 000,Corps-Nuds 35150,108,2 455,6
Corps de ferme,https://www.etreproprio.com/immobilier-21828754-vente-corps-de-ferme-corps-nuds,496 800,Corps-Nuds 35150,330,12 200,7
"Aux portes de rennes, propriété d'exception sur plus d'un hectare.",https://www.etreproprio.com/immobilier-19414506-vente-aux-portes-de-rennes-propriete-d-exception-sur-plus-d-un-hectare-corps-nuds,481 275,Corps-Nuds 35150,300,12 200,9
Maison 118m² à combourg,https://www.etreproprio.com/immobilier-22559115-vente-maison-118m-a-combourg-combourg,348 400,Combourg 35270,118,306,5
Maison 123m² à combourg,https://www.etreproprio.com/immobilier-22559116-vente-maison-123m-a-combourg-combourg,369 200,Combourg 35270,123,306,5
Maison 230m² à combourg,https://www.etreproprio.com/immobilier-22528492-vente-maison-230m-a-combourg-combourg,409 000,Combourg 35270,230,9 090,8
Maison de maître - 190 m² - 10 pièces - 520 m² de terrain,https://www.etreproprio.com/immobilier-21929203-vente-maison-de-maitre-190-m-10-pieces-520-m-de-terrain-combourg,440 160,Combourg 35270,190,557,9
Maison 234m² à combourg,https://www.etreproprio.com/immobilier-22441265-vente-maison-234m-a-combourg-combourg,447 000,Combourg 35270,234,2 000,8
Maison 152m² à combourg,https://www.etreproprio.com/immobilier-22064412-vente-maison-152m-a-combourg-combourg,290 000,Combourg 35270,152,1 323,6
Maison combourg 8 pièce(s) 230 m2,https://www.etreproprio.com/immobilier-22142392-vente-maison-combourg-8-pieces-230-m2-combourg,405 600,Combourg 35270,230,9 900,8
Maison combourg 3 pièce(s) 72 m2,https://www.etreproprio.com/immobilier-22108931-vente-maison-combourg-3-pieces-72-m2-combourg,176 385,Combourg 35270,72,798,3
Maison combourg 2 pièce(s) 300 m2,https://www.etreproprio.com/immobilier-20220761-vente-maison-combourg-2-pieces-300-m2-combourg,129 000,Combourg 35270,150,375,2
Maison combourg 8 pièce(s)  139 m2,https://www.etreproprio.com/immobilier-21263822-vente-maison-combourg-8-pieces-139-m2-combourg,192 420,Combourg 35270,139,850,8
Maison à rénover combourg 2 pièce(s),https://www.etreproprio.com/immobilier-21263821-vente-maison-a-renover-combourg-2-pieces-combourg,77 000,Combourg 35270,150,1 050,2
L'élégance contemporaine avec vue panoramique  et beaux volumes 210 m² terrain 1885 m²,https://www.etreproprio.com/immobilier-21210620-vente-l-elegance-contemporaine-avec-vue-panoramique-et-beaux-volumes-210-m-terrain-1885-m-combourg,827 920,Combourg 35270,214,1 885,8
Maison combourg 3 pièce(s),https://www.etreproprio.com/immobilier-19909138-vente-maison-combourg-3-pieces-combourg,108 000,Combourg 35270,200,2 020,3
Maison 153m² à combourg,https://www.etreproprio.com/immobilier-17579756-vente-maison-153m-a-combourg-combourg,260 000,Combourg 35270,153,248,8
"Maison 4 chambres, hangars et vaste terrain",https://www.etreproprio.com/immobilier-23792583-vente-maison-4-chambres-hangars-et-vaste-terrain-la-couyere,177 200,La Couyere 35320,184,3 720,5
Charmante longère de 165m2 7 pièces,https://www.etreproprio.com/immobilier-20553927-vente-charmante-longere-de-165m2-7-pieces-la-couyere,274 900,La Couyere 35320,165,651,6
Maison en pierre dans hameau proche janzé,https://www.etreproprio.com/immobilier-23234782-vente-maison-en-pierre-dans-hameau-proche-janze-la-couyere,290 000,La Couyere 35320,157,651,7
Maison 89m² à la couyere,https://www.etreproprio.com/immobilier-21701623-vente-maison-89m-a-la-couyere-la-couyere,183 813,La Couyere 35320,89,360,4
Maison 102m² à crevin,https://www.etreproprio.com/immobilier-23335720-vente-maison-102m-a-crevin-crevin,229 000,Crevin 35320,102,300,5
Maison 96m² à crevin,https://www.etreproprio.com/immobilier-23850040-vente-maison-96m-a-crevin-crevin,249 500,Crevin 35320,96,,4
Maison 102m² à crevin,https://www.etreproprio.com/immobilier-23412594-vente-maison-102m-a-crevin-crevin,229 000,Crevin 35320,102,274,5
Maison 101m² à crevin,https://www.etreproprio.com/immobilier-23768283-vente-maison-101m-a-crevin-crevin,259 000,Crevin 35320,101,225,5
Maison 134m² à crevin,https://www.etreproprio.com/immobilier-23696696-vente-maison-134m-a-crevin-crevin,369 000,Crevin 35320,134,2 934,6
Maison 122m² à crevin,https://www.etreproprio.com/immobilier-23692482-vente-maison-122m-a-crevin-crevin,404 250,Crevin 35320,122,413,6
Maison crevin 6 pièce(s) 94 m2,https://www.etreproprio.com/immobilier-23038910-vente-maison-crevin-6-pieces-94-m2-crevin,256 750,Crevin 35320,94,280,6
Maison 5 pièces - emplacement idéal,https://www.etreproprio.com/immobilier-23547510-vente-maison-5-pieces-emplacement-ideal-crevin,199 500,Crevin 35320,95,1 000,5
Maison 134m² à crevin,https://www.etreproprio.com/immobilier-23419133-vente-maison-134m-a-crevin-crevin,369 000,Crevin 35320,134,,6
Maison 4 pièces de 97 m²,https://www.etreproprio.com/immobilier-23261718-vente-maison-4-pieces-de-97-m-crevin,199 900,Crevin 35320,98,364,4
Maison  4 chambres lotissement,https://www.etreproprio.com/immobilier-22974362-vente-maison-4-chambres-lotissement-crevin,287 925,Crevin 35320,94,308,5
"Maison récente (110 m2) sur terrain clos de 441 m2, au calme.",https://www.etreproprio.com/immobilier-22642091-vente-maison-recente-110-m2-sur-terrain-clos-de-441-m2-au-calme-crevin,222 000,Crevin 35320,110,441,6
Maison crevin 8 pièce(s) 170 m2 + sous sol + dependances de 60 m²,https://www.etreproprio.com/immobilier-21860738-vente-maison-crevin-8-pieces-170-m2-sous-sol-dependances-de-60-m-crevin,420 000,Crevin 35320,170,1 600,8
Crevin - maison plain-pied de 2021- 3 chambres,https://www.etreproprio.com/immobilier-14780954-vente-crevin-maison-plain-pied-de-2021-3-chambres-crevin,258 750,Crevin 35320,86,460,5
Maison de pays en pierre 5 pièces 130 m² 5 km de combourg,https://www.etreproprio.com/immobilier-22990625-vente-maison-de-pays-en-pierre-5-pieces-130-m-5-km-de-combourg-cuguen,260 000,Cuguen 35270,130,1 530,5
Maison avec jardin à vendre cuguen,https://www.etreproprio.com/immobilier-23601344-vente-maison-avec-jardin-a-vendre-cuguen-cuguen,215 000,Cuguen 35270,170,729,8
Dinard - maison 4 chambres avec vie de plain pied,https://www.etreproprio.com/immobilier-23906125-vente-dinard-maison-4-chambres-avec-vie-de-plain-pied-dinard,597 360,Dinard 35800,127,1 533,5
"Dinard, propriété rénovée de 252m² avec maison d'amis et deux garages sur jardin clos de 1700m² à l'abri des regards",https://www.etreproprio.com/immobilier-21831478-vente-dinard-propriete-renovee-de-252m-avec-maison-d-amis-et-deux-garages-sur-jardin-clos-de-1700m-a-l-abri-des-regards-dinard,1 164 800,Dinard 35800,252,1 700,10
"À vendre - maison d’architecte de 2009 à dinard   cadre exceptionnel, 240 m2 habitables sur 6500 m2 de terrain",https://www.etreproprio.com/immobilier-23877757-vente-a-vendre-maison-d-architecte-de-2009-a-dinard-cadre-exceptionnel-240-m2-habitables-sur-6500-m2-de-terrain-dinard,1 123 200,Dinard 35800,240,6 500,8
Maison 104m² à dinard,https://www.etreproprio.com/immobilier-23854077-vente-maison-104m-a-dinard-dinard,595 650,Dinard 35800,104,568,5
Maison 266m² à dinard,https://www.etreproprio.com/immobilier-23846670-vente-maison-266m-a-dinard-dinard,1 029 600,Dinard 35800,266,3 027,12
Maison dinard/saint enogat,https://www.etreproprio.com/immobilier-22586028-vente-maison-dinardsaint-enogat-dinard,827 920,Dinard 35800,87,366,5
Maison 87m² à dinard,https://www.etreproprio.com/immobilier-22575256-vente-maison-87m-a-dinard-dinard,827 920,Dinard 35800,88,366,5
Maison 109m² à dinard,https://www.etreproprio.com/immobilier-23806334-vente-maison-109m-a-dinard-dinard,504 000,Dinard 35800,109,564,5
Dinard port breton - villa 5 chambres,https://www.etreproprio.com/immobilier-23813736-vente-dinard-port-breton-villa-5-chambres-dinard,1 029 600,Dinard 35800,266,3 027,12
Maison dinard,https://www.etreproprio.com/immobilier-23797127-vente-maison-dinard-dinard,607 840,Dinard 35800,107,439,5
Maison 168m² à dinard,https://www.etreproprio.com/immobilier-23580862-vente-maison-168m-a-dinard-dinard,618 000,Dinard 35800,168,584,7
Maison 175m² à dinard,https://www.etreproprio.com/immobilier-23786376-vente-maison-175m-a-dinard-dinard,780 000,Dinard 35800,175,378,7
Maison 127m² à dinard,https://www.etreproprio.com/immobilier-23776339-vente-maison-127m-a-dinard-dinard,388 500,Dinard 35800,127,438,6
A vendre à dinard maison 4-5 chambres à proximité de la place du marché,https://www.etreproprio.com/immobilier-22679067-vente-a-vendre-a-dinard-maison-4-5-chambres-a-proximite-de-la-place-du-marche-dinard,1 467 200,Dinard 35800,176,387,5
Dinard centre - charmante maison au calme avec jardin et garage,https://www.etreproprio.com/immobilier-23753869-vente-dinard-centre-charmante-maison-au-calme-avec-jardin-et-garage-dinard,705 000,Dinard 35800,97,292,4
Maison dinard  plein centre 4 pièce(s) 90 m2,https://www.etreproprio.com/immobilier-23755334-vente-maison-dinard-plein-centre-4-pieces-90-m2-dinard,699 500,Dinard 35800,90,116,4
Dinard - belle maison familiale au calme,https://www.etreproprio.com/immobilier-22610759-vente-dinard-belle-maison-familiale-au-calme-dinard,699 000,Dinard 35800,218,758,5
Maison 166m² à dinard,https://www.etreproprio.com/immobilier-23752584-vente-maison-166m-a-dinard-dinard,849 000,Dinard 35800,166,1 300,7
Maison 85m² à dinard,https://www.etreproprio.com/immobilier-23720335-vente-maison-85m-a-dinard-dinard,714 000,Dinard 35800,85,116,4
Maison 100m² à dinard,https://www.etreproprio.com/immobilier-23577535-vente-maison-100m-a-dinard-dinard,499 000,Dinard 35800,101,,5
Maison 48m² à dinge,https://www.etreproprio.com/immobilier-23807467-vente-maison-48m-a-dinge-dinge,252 000,Dinge 35440,48,24 000,3
Belle contemporaine de  114 m² 3 ch 5 p dingé centre 623 m²,https://www.etreproprio.com/immobilier-23777079-vente-belle-contemporaine-de-114-m-3-ch-5-p-dinge-centre-623-m-dinge,299 728,Dinge 35440,114,623,5
Maison 153m² à dinge,https://www.etreproprio.com/immobilier-23779841-vente-maison-153m-a-dinge-dinge,329 000,Dinge 35440,153,369,5
Maison 211m² à dinge,https://www.etreproprio.com/immobilier-23548498-vente-maison-211m-a-dinge-dinge,290 000,Dinge 35440,211,26 784,5
Maison dinge 5 pièce(s) 210 m2,https://www.etreproprio.com/immobilier-23536893-vente-maison-dinge-5-pieces-210-m2-dinge,282 950,Dinge 35440,210,26 390,5
Maison a renover a dinge (35440) - 4 pieces,https://www.etreproprio.com/immobilier-23099941-vente-maison-a-renover-a-dinge-35440-4-pieces-dinge,87 900,Dinge 35440,107,347,4
Maison 122m² à dinge,https://www.etreproprio.com/immobilier-23111258-vente-maison-122m-a-dinge-dinge,261 250,Dinge 35440,122,61,7
"Dinge (35190), maison sur l'axe rennes (35000) - st malo (35400)",https://www.etreproprio.com/immobilier-19460255-vente-dinge-35190-maison-sur-l-axe-rennes-35000-st-malo-35400-dinge,146 860,Dinge 35440,114,2 866,4
Charmante maison de campagne de 212 m2  sur 3 hectares avec assainissement aux normes,https://www.etreproprio.com/immobilier-18997096-vente-charmante-maison-de-campagne-de-212-m2-sur-3-hectares-avec-assainissement-aux-normes-dinge,359 000,Dinge 35440,212,,6
"Maison à dol-de-bretagne, 35120 - 3 pieces - 81 m2",https://www.etreproprio.com/immobilier-23906512-vente-maison-a-dol-de-bretagne-35120-3-pieces-81-m2-dol-de-bretagne,222 400,Dol-De-Bretagne 35120,81,302,3
Maison dol de bretagne 3 pièce(s) 79 m2,https://www.etreproprio.com/immobilier-22220346-vente-maison-dol-de-bretagne-3-pieces-79-m2-dol-de-bretagne,154 500,Dol-De-Bretagne 35120,79,266,3
Maison dol de bretagne 5 pièce(s) 116 m2,https://www.etreproprio.com/immobilier-20836829-vente-maison-dol-de-bretagne-5-pieces-116-m2-dol-de-bretagne,338 750,Dol-De-Bretagne 35120,116,469,5
Maison traditionnelle de 2025 - plain pied - dol de bretagne - 35120,https://www.etreproprio.com/immobilier-23856260-vente-maison-traditionnelle-de-2025-plain-pied-dol-de-bretagne-35120-dol-de-bretagne,223 000,Dol-De-Bretagne 35120,70,351,2
Maison dol de bretagne 8 pièce(s) 191 m2,https://www.etreproprio.com/immobilier-23838646-vente-maison-dol-de-bretagne-8-pieces-191-m2-dol-de-bretagne,674 000,Dol-De-Bretagne 35120,191,1 600,8
Propriété,https://www.etreproprio.com/immobilier-23835412-vente-propriete-dol-de-bretagne,1 662 400,Dol-De-Bretagne 35120,435,1 666,10
Maison dol de bretagne 4 pièce(s) 100 m2,https://www.etreproprio.com/immobilier-23817985-vente-maison-dol-de-bretagne-4-pieces-100-m2-dol-de-bretagne,220 080,Dol-De-Bretagne 35120,100,576,4
Maison dol de bretagne 6 pièce(s) 213m2,https://www.etreproprio.com/immobilier-22747364-vente-maison-dol-de-bretagne-6-pieces-213m2-dol-de-bretagne,433 000,Dol-De-Bretagne 35120,213,1 100,6
Maison dol de bretagne 5 pièce(s) 110 m2,https://www.etreproprio.com/immobilier-21788419-vente-maison-dol-de-bretagne-5-pieces-110-m2-dol-de-bretagne,284 000,Dol-De-Bretagne 35120,110,571,5
Maison dol de bretagne 6 pièce(s) 213m2,https://www.etreproprio.com/immobilier-21222296-vente-maison-dol-de-bretagne-6-pieces-213m2-dol-de-bretagne,433 000,Dol-De-Bretagne 35120,213,1 100,6
Maison 81m² à dol-de-bretagne,https://www.etreproprio.com/immobilier-23789714-vente-maison-81m-a-dol-de-bretagne-dol-de-bretagne,320 400,Dol-De-Bretagne 35120,81,646,4
Maison en pierres au mont dol -140 m2,https://www.etreproprio.com/immobilier-23787145-vente-maison-en-pierres-au-mont-dol-140-m2-dol-de-bretagne,349 000,Dol-De-Bretagne 35120,140,4 650,5
Dol de bretagne plein centre historique - immeuble t3,https://www.etreproprio.com/immobilier-23759521-vente-dol-de-bretagne-plein-centre-historique-immeuble-t3-dol-de-bretagne,220 000,Dol-De-Bretagne 35120,105,,5
Maison à vendre dol de bretagne 8 pièce(s) 142 m2,https://www.etreproprio.com/immobilier-23739149-vente-maison-a-vendre-dol-de-bretagne-8-pieces-142-m2-dol-de-bretagne,448 500,Dol-De-Bretagne 35120,142,868,8
Dol-de-bretagne - maison récente,https://www.etreproprio.com/immobilier-23739507-vente-dol-de-bretagne-maison-recente-dol-de-bretagne,343 744,Dol-De-Bretagne 35120,106,469,5
Pavillon t4  dol proche centre ville,https://www.etreproprio.com/immobilier-23725698-vente-pavillon-t4-dol-proche-centre-ville-dol-de-bretagne,168 000,Dol-De-Bretagne 35120,80,270,4
Maison 185m² à dol-de-bretagne,https://www.etreproprio.com/immobilier-23691874-vente-maison-185m-a-dol-de-bretagne-dol-de-bretagne,434 000,Dol-De-Bretagne 35120,185,1 100,6
"Maison centre village, proche de dol-de-bretagne",https://www.etreproprio.com/immobilier-23474989-vente-maison-centre-village-proche-de-dol-de-bretagne-dol-de-bretagne,275 000,Dol-De-Bretagne 35120,140,600,5
Maison proche centre dol de bretagne,https://www.etreproprio.com/immobilier-23652330-vente-maison-proche-centre-dol-de-bretagne-dol-de-bretagne,169 900,Dol-De-Bretagne 35120,93,67,4
Maison 207m² à dol-de-bretagne,https://www.etreproprio.com/immobilier-23649669-vente-maison-207m-a-dol-de-bretagne-dol-de-bretagne,158 000,Dol-De-Bretagne 35120,207,,3
Maison de ville à dinard,https://www.etreproprio.com/immobilier-23675965-vente-maison-de-ville-a-dinard-dinard,838 400,Dinard 35800,138,,5
"Quartier la vicomté lumineuse maison t5 neuve, bel environnement, prestations qualitatives",https://www.etreproprio.com/immobilier-20786326-vente-quartier-la-vicomte-lumineuse-maison-t5-neuve-bel-environnement-prestations-qualitatives-dinard,499 000,Dinard 35800,101,280,5
"Emplacement premium belle maison t4, terrasse, jardin, environnement boisé, proche plage, prestations qualitatives, dpe : a",https://www.etreproprio.com/immobilier-23572125-vente-emplacement-premium-belle-maison-t4-terrasse-jardin-environnement-boise-proche-plage-prestations-qualitatives-dpe-a-dinard,479 000,Dinard 35800,92,300,4
Maison 138m² à dinard,https://www.etreproprio.com/immobilier-23679860-vente-maison-138m-a-dinard-dinard,836 000,Dinard 35800,138,,5
Maison t5 dinard,https://www.etreproprio.com/immobilier-22208060-vente-maison-t5-dinard-dinard,465 000,Dinard 35800,94,,5
A vendre - soquet immobilier -  maison -  dinard,https://www.etreproprio.com/immobilier-23670854-vente-a-vendre-soquet-immobilier-maison-dinard-dinard,549 176,Dinard 35800,129,976,5
Dinard maison avec jardin proche plage et commerces à rénover en vente à dinard,https://www.etreproprio.com/immobilier-21873312-vente-dinard-maison-avec-jardin-proche-plage-et-commerces-a-renover-en-vente-a-dinard-dinard,397 100,Dinard 35800,110,,5
Maison 101m² à dinard,https://www.etreproprio.com/immobilier-23662461-vente-maison-101m-a-dinard-dinard,450 400,Dinard 35800,101,553,6
Maison dinard 7 pièce(s) 6 chambres - jardin de 1498 m² - garage- remise - quartier résidentiel,https://www.etreproprio.com/immobilier-22878651-vente-maison-dinard-7-pieces-6-chambres-jardin-de-1498-m-garage-remise-quartier-residentiel-dinard,895 000,Dinard 35800,191,1 498,7
Maison 290m² à dinard,https://www.etreproprio.com/immobilier-23630789-vente-maison-290m-a-dinard-dinard,748 400,Dinard 35800,290,1 250,9
Maison 8 pièces de 230 m2 habitables - terrain 1250 m2,https://www.etreproprio.com/immobilier-22537471-vente-maison-8-pieces-de-230-m2-habitables-terrain-1250-m2-dinard,748 400,Dinard 35800,290,1 250,8
Maison dinard 6 pièces149.66 m² dans un environnement calme,https://www.etreproprio.com/immobilier-23617004-vente-maison-dinard-6-pieces14966-m-dans-un-environnement-calme-dinard,595 650,Dinard 35800,150,457,6
"Maison de 101.52 m² plus une véranda de 14.50m² sur jardin clos de 552 m², 4 chambres. plages et commerces à pied",https://www.etreproprio.com/immobilier-23614039-vente-maison-de-10152-m-plus-une-veranda-de-1450m-sur-jardin-clos-de-552-m-4-chambres-plages-et-commerces-a-pied-dinard,447 200,Dinard 35800,102,552,5
La mer vous fera voir toutes ses couleurs de cette propriété de 1ère ligne offrant des points de vue exceptionnels,https://www.etreproprio.com/immobilier-22048079-vente-la-mer-vous-fera-voir-toutes-ses-couleurs-de-cette-propriete-de-1ere-ligne-offrant-des-points-de-vue-exceptionnels-dinard,1 331 200,Dinard 35800,144,70,10
Maison d 'architecte 240 m² - dinard,https://www.etreproprio.com/immobilier-23225914-vente-maison-d-architecte-240-m-dinard-dinard,1 115 000,Dinard 35800,240,6 443,6
Maison dinard quartier résidentiel 4 chambres et studio indépendant terrain 1283 m²,https://www.etreproprio.com/immobilier-20837758-vente-maison-dinard-quartier-residentiel-4-chambres-et-studio-independant-terrain-1283-m-dinard,748 571,Dinard 35800,165,1 283,6
Maison dinard,https://www.etreproprio.com/immobilier-23576847-vente-maison-dinard-dinard,786 000,Dinard 35800,135,89,6
Maison 178m² à dinard,https://www.etreproprio.com/immobilier-23155885-vente-maison-178m-a-dinard-dinard,998 400,Dinard 35800,178,582,6
Maison 189m² à dinard,https://www.etreproprio.com/immobilier-23580945-vente-maison-189m-a-dinard-dinard,1 278 500,Dinard 35800,189,2 591,5
Maison 106m² à dinard,https://www.etreproprio.com/immobilier-20349079-vente-maison-106m-a-dinard-dinard,465 090,Dinard 35800,106,501,6
Maison rénovée proche dol de bretagne,https://www.etreproprio.com/immobilier-18693651-vente-maison-renovee-proche-dol-de-bretagne-dol-de-bretagne,298 200,Dol-De-Bretagne 35120,155,,6
Maison a la campagne - 75 m2 -la boussac - 35120,https://www.etreproprio.com/immobilier-23644301-vente-maison-a-la-campagne-75-m2-la-boussac-35120-dol-de-bretagne,188 000,Dol-De-Bretagne 35120,75,612,4
Dol-de-bretagne - maison traditionnelle,https://www.etreproprio.com/immobilier-23626431-vente-dol-de-bretagne-maison-traditionnelle-dol-de-bretagne,284 580,Dol-De-Bretagne 35120,106,571,6
Dol de bretagne,https://www.etreproprio.com/immobilier-21227112-vente-dol-de-bretagne-dol-de-bretagne,435 000,Dol-De-Bretagne 35120,185,1 100,6
Maison neuve dol de bretagne,https://www.etreproprio.com/immobilier-23324809-vente-maison-neuve-dol-de-bretagne-dol-de-bretagne,308 728,Dol-De-Bretagne 35120,98,447,4
Maison contemporaine - 98 m2- dol de bretagne 35120,https://www.etreproprio.com/immobilier-23573104-vente-maison-contemporaine-98-m2-dol-de-bretagne-35120-dol-de-bretagne,309 500,Dol-De-Bretagne 35120,98,447,4
Maison de plain pied dans un cadre bucolique - mont dol - 35120,https://www.etreproprio.com/immobilier-23551673-vente-maison-de-plain-pied-dans-un-cadre-bucolique-mont-dol-35120-dol-de-bretagne,218 500,Dol-De-Bretagne 35120,100,1 283,5
Maison 240m² à dol-de-bretagne,https://www.etreproprio.com/immobilier-23434448-vente-maison-240m-a-dol-de-bretagne-dol-de-bretagne,436 800,Dol-De-Bretagne 35120,240,750,11
Dol-de-bretagne,https://www.etreproprio.com/immobilier-23519730-vente-dol-de-bretagne-dol-de-bretagne,315 000,Dol-De-Bretagne 35120,88,447,5
Maison 541m² à dol-de-bretagne,https://www.etreproprio.com/immobilier-23502958-vente-maison-541m-a-dol-de-bretagne-dol-de-bretagne,820 000,Dol-De-Bretagne 35120,541,12 286,6
Dol de bretagne,https://www.etreproprio.com/immobilier-23038024-vente-dol-de-bretagne-dol-de-bretagne,520 000,Dol-De-Bretagne 35120,179,2 941,5
Maison 95m² à dol-de-bretagne,https://www.etreproprio.com/immobilier-23490451-vente-maison-95m-a-dol-de-bretagne-dol-de-bretagne,187 000,Dol-De-Bretagne 35120,95,633,5
Baisse de prix ! immeuble dol de bretagne,https://www.etreproprio.com/immobilier-20062079-vente-baisse-de-prix-immeuble-dol-de-bretagne-dol-de-bretagne,218 000,Dol-De-Bretagne 35120,62,39,4
Maison dol de bretagne 5 pièce(s) 110 m2,https://www.etreproprio.com/immobilier-22146169-vente-maison-dol-de-bretagne-5-pieces-110-m2-dol-de-bretagne,194 000,Dol-De-Bretagne 35120,110,250,5
Longère de charme à 5 mn du golf des ormes,https://www.etreproprio.com/immobilier-22313696-vente-longere-de-charme-a-5-mn-du-golf-des-ormes-dol-de-bretagne,351 000,Dol-De-Bretagne 35120,280,8 154,8
Maison 100m² à dol-de-bretagne,https://www.etreproprio.com/immobilier-22252104-vente-maison-100m-a-dol-de-bretagne-dol-de-bretagne,251 500,Dol-De-Bretagne 35120,101,1 677,4
Maison de plain-pied à 1200 m de tous commerces,https://www.etreproprio.com/immobilier-22582141-vente-maison-de-plain-pied-a-1200-m-de-tous-commerces-dol-de-bretagne,218 000,Dol-De-Bretagne 35120,81,1 823,4
Maison 107m² à dol-de-bretagne,https://www.etreproprio.com/immobilier-23398623-vente-maison-107m-a-dol-de-bretagne-dol-de-bretagne,117 500,Dol-De-Bretagne 35120,108,193,5
Maison 428m² à dol-de-bretagne,https://www.etreproprio.com/immobilier-22686382-vente-maison-428m-a-dol-de-bretagne-dol-de-bretagne,1 050 000,Dol-De-Bretagne 35120,428,2 200,13
Maison 110m² à dol-de-bretagne,https://www.etreproprio.com/immobilier-23304473-vente-maison-110m-a-dol-de-bretagne-dol-de-bretagne,244 165,Dol-De-Bretagne 35120,110,77,6
"Maison hyper centre dinard 190m² 6 chambres, terrasse, garage.",https://www.etreproprio.com/immobilier-22176555-vente-maison-hyper-centre-dinard-190m-6-chambres-terrasse-garage-dinard,1 383 360,Dinard 35800,190,91,7
Maison pleurtuit cancaval 210 m2,https://www.etreproprio.com/immobilier-20590026-vente-maison-pleurtuit-cancaval-210-m2-dinard,1 048 000,Dinard 35800,210,3 200,6
Dinard - plain-pied,https://www.etreproprio.com/immobilier-23522212-vente-dinard-plain-pied-dinard,369 600,Dinard 35800,65,18,3
Maison 71m² à dinard,https://www.etreproprio.com/immobilier-23500185-vente-maison-71m-a-dinard-dinard,420 000,Dinard 35800,71,314,4
Maison dinard- plage de l'ecluse,https://www.etreproprio.com/immobilier-23500511-vente-maison-dinard-plage-de-l-ecluse-dinard,1 362 400,Dinard 35800,163,335,9
A vendre dinard maison 3 chambres 82.83 m² proche commerces et plages,https://www.etreproprio.com/immobilier-23500406-vente-a-vendre-dinard-maison-3-chambres-8283-m-proche-commerces-et-plages-dinard,419 200,Dinard 35800,83,314,4
Maison avec espace d'activité - dinard 10 pièces 443 m2,https://www.etreproprio.com/immobilier-23485203-vente-maison-avec-espace-d-activite-dinard-10-pieces-443-m2-dinard,1 630 000,Dinard 35800,443,5 397,10
Maison  6 pièce(s) 137.7 m2 dinard ? hyper centre,https://www.etreproprio.com/immobilier-23457117-vente-maison-6-pieces-1377-m2-dinard-hyper-centre-dinard,1 250 000,Dinard 35800,138,314,6
Maison 105m² à dinard,https://www.etreproprio.com/immobilier-21120333-vente-maison-105m-a-dinard-dinard,467 368,Dinard 35800,105,501,5
Maison 35800,https://www.etreproprio.com/immobilier-23451369-vente-maison-35800-dinard,1 250 000,Dinard 35800,137,314,5
Agence giboire à vendre maison dinard saint enogat,https://www.etreproprio.com/immobilier-22754203-vente-agence-giboire-a-vendre-maison-dinard-saint-enogat-dinard,737 900,Dinard 35800,125,510,7
Maison à vendre à dinard quartier du prieuré maison en pierres avec dépendances en vente,https://www.etreproprio.com/immobilier-23417126-vente-maison-a-vendre-a-dinard-quartier-du-prieure-maison-en-pierres-avec-dependances-en-vente-dinard,790 400,Dinard 35800,103,865,5
"A vendre à dinard maison familiale, 4 chambres dont une suite parentale au rez-de-chaussée bureau proche plages et commodités",https://www.etreproprio.com/immobilier-23419551-vente-a-vendre-a-dinard-maison-familiale-4-chambres-dont-une-suite-parentale-au-rez-de-chaussee-bureau-proche-plages-et-commodites-dinard,628 800,Dinard 35800,137,550,6
Maison 164m² à dinard,https://www.etreproprio.com/immobilier-22860515-vente-maison-164m-a-dinard-dinard,750 000,Dinard 35800,164,1 283,6
Maison 189m² à dinard,https://www.etreproprio.com/immobilier-23403324-vente-maison-189m-a-dinard-dinard,576 400,Dinard 35800,190,1 206,7
Maison 187m² à dinard,https://www.etreproprio.com/immobilier-23385173-vente-maison-187m-a-dinard-dinard,609 000,Dinard 35800,188,1 408,5
Maison 188m² à dinard,https://www.etreproprio.com/immobilier-23383242-vente-maison-188m-a-dinard-dinard,610 526,Dinard 35800,188,1 408,6
Maison dinard 108m²,https://www.etreproprio.com/immobilier-23386691-vente-maison-dinard-108m-dinard,599 000,Dinard 35800,109,131,5
"Dinard, st enogat , port blanc, maison de 43.5m² avec 2 chambres et jardinet prête à vivre. plages et commerces à pied",https://www.etreproprio.com/immobilier-23353549-vente-dinard-st-enogat-port-blanc-maison-de-435m-avec-2-chambres-et-jardinet-prete-a-vivre-plages-et-commerces-a-pied-dinard,334 400,Dinard 35800,44,55,3
Maison 222m² à dinard,https://www.etreproprio.com/immobilier-23347723-vente-maison-222m-a-dinard-dinard,1 736 842,Dinard 35800,222,575,14
Maison 199m² à domagne,https://www.etreproprio.com/immobilier-23828712-vente-maison-199m-a-domagne-domagne,436 800,Domagne 35113,200,3 841,9
Une maison de centre bourg de domagné,https://www.etreproprio.com/immobilier-23705884-vente-une-maison-de-centre-bourg-de-domagne-domagne,177 900,Domagne 35113,73,287,3
Maison 112m² à domagne,https://www.etreproprio.com/immobilier-23691890-vente-maison-112m-a-domagne-domagne,278 000,Domagne 35113,112,436,5
Maison 73m² à domagne,https://www.etreproprio.com/immobilier-23659889-vente-maison-73m-a-domagne-domagne,178 500,Domagne 35113,73,,3
Longère de charme avec toit cathédrale et jardin paysagé,https://www.etreproprio.com/immobilier-23171918-vente-longere-de-charme-avec-toit-cathedrale-et-jardin-paysage-domagne,339 900,Domagne 35113,144,948,6
Maison 59m² à domagne,https://www.etreproprio.com/immobilier-23327667-vente-maison-59m-a-domagne-domagne,246 750,Domagne 35113,60,315,2
Maison 78m² à domagne,https://www.etreproprio.com/immobilier-23055603-vente-maison-78m-a-domagne-domagne,189 900,Domagne 35113,79,600,4
"Longere en pierre , fort potentiel",https://www.etreproprio.com/immobilier-23021196-vente-longere-en-pierre-fort-potentiel-domagne,331 650,Domagne 35113,160,1 158,6
Domagne - a vendre - maison de campagne,https://www.etreproprio.com/immobilier-23005524-vente-domagne-a-vendre-maison-de-campagne-domagne,343 200,Domagne 35113,157,9 090,5
Maison domagne 3 pièce(s) 66 m2,https://www.etreproprio.com/immobilier-22998152-vente-maison-domagne-3-pieces-66-m2-domagne,127 000,Domagne 35113,66,273,3
Maison bourgeoise proche de chateaubourg,https://www.etreproprio.com/immobilier-22234192-vente-maison-bourgeoise-proche-de-chateaubourg-domagne,343 500,Domagne 35113,157,9 090,6
Maison 93m² à domagne,https://www.etreproprio.com/immobilier-20676452-vente-maison-93m-a-domagne-domagne,219 500,Domagne 35113,93,138,5
Vente maison domagne(35113) 260 000ï¿œ,https://www.etreproprio.com/immobilier-22861275-vente-vente-maison-domagne35113-260-000i-oe-domagne,260 000,Domagne 35113,232,2 080,6
Maison centre domagné,https://www.etreproprio.com/immobilier-22815575-vente-maison-centre-domagne-domagne,218 000,Domagne 35113,93,138,5
"Propriété à vendre dol de bretagne 12 pièces, 12289m² terrain",https://www.etreproprio.com/immobilier-23291013-vente-propriete-a-vendre-dol-de-bretagne-12-pieces-12289m-terrain-dol-de-bretagne,819 500,Dol-De-Bretagne 35120,507,10 861,12
Maison 219m² à dol-de-bretagne,https://www.etreproprio.com/immobilier-23266452-vente-maison-219m-a-dol-de-bretagne-dol-de-bretagne,565 990,Dol-De-Bretagne 35120,219,8 524,6
Belle demeure centre dol-de-bretagne,https://www.etreproprio.com/immobilier-23261431-vente-belle-demeure-centre-dol-de-bretagne-dol-de-bretagne,685 000,Dol-De-Bretagne 35120,270,2 300,7
Demeure de prestige (35),https://www.etreproprio.com/immobilier-23225291-vente-demeure-de-prestige-35-dol-de-bretagne,1 650 000,Dol-De-Bretagne 35120,435,1 666,17
Maison 187m² à dol-de-bretagne,https://www.etreproprio.com/immobilier-22031038-vente-maison-187m-a-dol-de-bretagne-dol-de-bretagne,398 240,Dol-De-Bretagne 35120,187,,5
Belle demeure centre dol-de-bretagne,https://www.etreproprio.com/immobilier-23192429-vente-belle-demeure-centre-dol-de-bretagne-dol-de-bretagne,580 000,Dol-De-Bretagne 35120,200,2 300,5
Epiniac - maison en pierres,https://www.etreproprio.com/immobilier-21342528-vente-epiniac-maison-en-pierres-dol-de-bretagne,230 560,Dol-De-Bretagne 35120,132,665,5
Maison 93m² à dol-de-bretagne,https://www.etreproprio.com/immobilier-23154738-vente-maison-93m-a-dol-de-bretagne-dol-de-bretagne,279 990,Dol-De-Bretagne 35120,93,,4
Maison 358m² à dol-de-bretagne,https://www.etreproprio.com/immobilier-23135961-vente-maison-358m-a-dol-de-bretagne-dol-de-bretagne,731 500,Dol-De-Bretagne 35120,358,,18
Maison 90m² à dol-de-bretagne,https://www.etreproprio.com/immobilier-21683093-vente-maison-90m-a-dol-de-bretagne-dol-de-bretagne,228 575,Dol-De-Bretagne 35120,90,551,5
Ille-et-vilaine 35120 saint broladre - belle maison familiale  4 chambres de 140m2  sur un terrain constructible de 5137 m2,https://www.etreproprio.com/immobilier-23128099-vente-ille-et-vilaine-35120-saint-broladre-belle-maison-familiale-4-chambres-de-140m2-sur-un-terrain-constructible-de-5137-m2-dol-de-bretagne,343 000,Dol-De-Bretagne 35120,140,5 137,5
Maison 118m² à dol-de-bretagne,https://www.etreproprio.com/immobilier-23058325-vente-maison-118m-a-dol-de-bretagne-dol-de-bretagne,344 960,Dol-De-Bretagne 35120,118,1 514,4
Dol de bretagne,https://www.etreproprio.com/immobilier-21283908-vente-dol-de-bretagne-dol-de-bretagne,281 000,Dol-De-Bretagne 35120,120,,5
Maison 211m² à dol-de-bretagne,https://www.etreproprio.com/immobilier-22992128-vente-maison-211m-a-dol-de-bretagne-dol-de-bretagne,499 900,Dol-De-Bretagne 35120,211,664,11
Maison 293m² à dol-de-bretagne,https://www.etreproprio.com/immobilier-22973380-vente-maison-293m-a-dol-de-bretagne-dol-de-bretagne,761 250,Dol-De-Bretagne 35120,293,1 140,10
Maison 313m² à dol-de-bretagne,https://www.etreproprio.com/immobilier-22919965-vente-maison-313m-a-dol-de-bretagne-dol-de-bretagne,753 000,Dol-De-Bretagne 35120,313,1 160,9
Dol de bretagne,https://www.etreproprio.com/immobilier-22723275-vente-dol-de-bretagne-dol-de-bretagne,347 000,Dol-De-Bretagne 35120,141,931,5
Dol de bretagne - exclusivite,https://www.etreproprio.com/immobilier-22386893-vente-dol-de-bretagne-exclusivite-dol-de-bretagne,220 000,Dol-De-Bretagne 35120,82,106,4
Maison dol de bretagne  en pierres 6 chambres 242.78 m2,https://www.etreproprio.com/immobilier-22619673-vente-maison-dol-de-bretagne-en-pierres-6-chambres-24278-m2-dol-de-bretagne,424 500,Dol-De-Bretagne 35120,243,2 872,7
Propriété 7 pièce(s) 186.77 m2,https://www.etreproprio.com/immobilier-22566555-vente-propriete-7-pieces-18677-m2-dol-de-bretagne,398 240,Dol-De-Bretagne 35120,187,6 025,7
Maison de ville,https://www.etreproprio.com/immobilier-23310597-vente-maison-de-ville-dinard,581 840,Dinard 35800,123,559,7
Maison en pierres,https://www.etreproprio.com/immobilier-23310598-vente-maison-en-pierres-dinard,789 640,Dinard 35800,101,865,6
Maison 108m² à dinard,https://www.etreproprio.com/immobilier-23310574-vente-maison-108m-a-dinard-dinard,674 311,Dinard 35800,108,,5
Maison dinard 6 pièce(s) 116 m2 et 134 m² au sol,https://www.etreproprio.com/immobilier-20389340-vente-maison-dinard-6-pieces-116-m2-et-134-m-au-sol-dinard,628 800,Dinard 35800,116,300,6
"Maison 186 m² située dans un quartier résidentiel, proche plage et commerces",https://www.etreproprio.com/immobilier-23269303-vente-maison-186-m-situee-dans-un-quartier-residentiel-proche-plage-et-commerces-dinard,890 800,Dinard 35800,186,1 935,6
Maison 125m² à dinard,https://www.etreproprio.com/immobilier-22753693-vente-maison-125m-a-dinard-dinard,736 842,Dinard 35800,125,510,7
"Maison non mitoyenne, 4 chambres, garage, jardin",https://www.etreproprio.com/immobilier-23262569-vente-maison-non-mitoyenne-4-chambres-garage-jardin-dinard,415 700,Dinard 35800,114,502,6
Maison 84m² à dinard,https://www.etreproprio.com/immobilier-23241415-vente-maison-84m-a-dinard-dinard,547 368,Dinard 35800,85,94,4
Maison dinard,https://www.etreproprio.com/immobilier-23217673-vente-maison-dinard-dinard,440 160,Dinard 35800,97,298,5
Maison familiale dinard proche des plages - 6 pièces 127 m2,https://www.etreproprio.com/immobilier-23202275-vente-maison-familiale-dinard-proche-des-plages-6-pieces-127-m2-dinard,683 000,Dinard 35800,127,620,5
Maison à vendre 6 pièces dinard (35),https://www.etreproprio.com/immobilier-23202988-vente-maison-a-vendre-6-pieces-dinard-35-dinard,355 000,Dinard 35800,109,322,6
Maison dinard proche du bourg de saint enogat,https://www.etreproprio.com/immobilier-23202869-vente-maison-dinard-proche-du-bourg-de-saint-enogat-dinard,683 000,Dinard 35800,127,620,6
Maison 239m² à dinard,https://www.etreproprio.com/immobilier-22251402-vente-maison-239m-a-dinard-dinard,1 134 000,Dinard 35800,239,6 443,7
Maison dinard 125 m2 à deux pas de la plage,https://www.etreproprio.com/immobilier-22416220-vente-maison-dinard-125-m2-a-deux-pas-de-la-plage-dinard,599 000,Dinard 35800,125,31,6
Maison 171m² à dinard,https://www.etreproprio.com/immobilier-23185877-vente-maison-171m-a-dinard-dinard,1 155 000,Dinard 35800,171,372,8
Maison 75m² à dinard,https://www.etreproprio.com/immobilier-23185662-vente-maison-75m-a-dinard-dinard,599 000,Dinard 35800,75,113,5
"Maison 116 m2 hab env, 6 pièces..",https://www.etreproprio.com/immobilier-21279096-vente-maison-116-m2-hab-env-6-pieces-dinard,623 400,Dinard 35800,116,300,6
Maison dinard 6 pièce(s) 118 m2 - place du marché,https://www.etreproprio.com/immobilier-22208708-vente-maison-dinard-6-pieces-118-m2-place-du-marche-dinard,848 880,Dinard 35800,118,146,6
"Dinard, le prieuré, villa de caractère de 270m² , chambre en suite au rdc sur son parc clos arboré de 3000m². garages",https://www.etreproprio.com/immobilier-23158010-vente-dinard-le-prieure-villa-de-caractere-de-270m-chambre-en-suite-au-rdc-sur-son-parc-clos-arbore-de-3000m-garages-dinard,1 029 600,Dinard 35800,267,3 000,9
Maison dinard 7 pièce(s) 165 m2 - 5 chambres,https://www.etreproprio.com/immobilier-23142805-vente-maison-dinard-7-pieces-165-m2-5-chambres-dinard,859 360,Dinard 35800,165,786,7
Belle maison familiale à vendre – domalain,https://www.etreproprio.com/immobilier-23726475-vente-belle-maison-familiale-a-vendre-domalain-domalain,239 500,Domalain 35680,105,977,5
Maison de plain-pied à vendre sur la commune de domalain,https://www.etreproprio.com/immobilier-23718249-vente-maison-de-plain-pied-a-vendre-sur-la-commune-de-domalain-domalain,209 050,Domalain 35680,91,691,5
Maison 105 m²- 4 chambres - 977 ² terrain- impasse- 239500 euros hai- domalain 35680,https://www.etreproprio.com/immobilier-23586291-vente-maison-105-m-4-chambres-977-terrain-impasse-239500-euros-hai-domalain-35680-domalain,239 500,Domalain 35680,105,977,5
Maison spacieuse et lumineuse-180 m² - 4 chambres- piscine- domalain 35680-349 990 euros,https://www.etreproprio.com/immobilier-23438622-vente-maison-spacieuse-et-lumineuse-180-m-4-chambres-piscine-domalain-35680-349-990-euros-domalain,349 990,Domalain 35680,178,636,6
Maison 147m² à domalain,https://www.etreproprio.com/immobilier-22526363-vente-maison-147m-a-domalain-domalain,397 100,Domalain 35680,148,5 083,6
Maison basse consommation- 4 chambres - 128 m2 - tout faire a pied- 278 000 euros,https://www.etreproprio.com/immobilier-22964491-vente-maison-basse-consommation-4-chambres-128-m2-tout-faire-a-pied-278-000-euros-domalain,278 000,Domalain 35680,128,423,5
Longère et corps de ferme a rafraichir  en campagne,https://www.etreproprio.com/immobilier-20974825-vente-longere-et-corps-de-ferme-a-rafraichir-en-campagne-domalain,188 000,Domalain 35680,110,5 000,6
Une longère pleine de charme à découvrir,https://www.etreproprio.com/immobilier-22057516-vente-une-longere-pleine-de-charme-a-decouvrir-domalain,334 000,Domalain 35680,176,3 423,6
Vente maison domalain(35680) 388 500ï¿œ,https://www.etreproprio.com/immobilier-21666800-vente-vente-maison-domalain35680-388-500i-oe-domalain,388 500,Domalain 35680,187,4 456,7
Maison 50m² à domalain,https://www.etreproprio.com/immobilier-19460291-vente-maison-50m-a-domalain-domalain,55 000,Domalain 35680,50,,1
"Maison bourgeoise à vendre dol de bretagne 7 pièce(s) 153.65 m², terrain de 763m² , double garage.",https://www.etreproprio.com/immobilier-22175411-vente-maison-bourgeoise-a-vendre-dol-de-bretagne-7-pieces-15365-m-terrain-de-763m-double-garage-dol-de-bretagne,407 355,Dol-De-Bretagne 35120,154,768,7
A 10 minutes de dol de bretagne,https://www.etreproprio.com/immobilier-19236936-vente-a-10-minutes-de-dol-de-bretagne-dol-de-bretagne,649 000,Dol-De-Bretagne 35120,350,3 450,8
Dol-de-bretagne - maison de ville avec piscine,https://www.etreproprio.com/immobilier-22397485-vente-dol-de-bretagne-maison-de-ville-avec-piscine-dol-de-bretagne,445 400,Dol-De-Bretagne 35120,215,441,7
Dol de bretagne,https://www.etreproprio.com/immobilier-22157320-vente-dol-de-bretagne-dol-de-bretagne,233 000,Dol-De-Bretagne 35120,108,260,5
Maison 91m² à dol-de-bretagne,https://www.etreproprio.com/immobilier-22060158-vente-maison-91m-a-dol-de-bretagne-dol-de-bretagne,297 000,Dol-De-Bretagne 35120,92,310,5
Ille-et-vilaine 35 -proche de saint malo  maison  4 chambres 232 m2,https://www.etreproprio.com/immobilier-21963939-vente-ille-et-vilaine-35-proche-de-saint-malo-maison-4-chambres-232-m2-dol-de-bretagne,675 300,Dol-De-Bretagne 35120,232,,6
Maison 94m² à dol-de-bretagne,https://www.etreproprio.com/immobilier-21302039-vente-maison-94m-a-dol-de-bretagne-dol-de-bretagne,266 250,Dol-De-Bretagne 35120,94,551,5
Maison 526m² à dol-de-bretagne,https://www.etreproprio.com/immobilier-16704567-vente-maison-526m-a-dol-de-bretagne-dol-de-bretagne,1 228 500,Dol-De-Bretagne 35120,527,2 234,11
Maison 70m² à dinard,https://www.etreproprio.com/immobilier-23135959-vente-maison-70m-a-dinard-dinard,344 850,Dinard 35800,70,100,4
Maison 127m² à dinard,https://www.etreproprio.com/immobilier-23135958-vente-maison-127m-a-dinard-dinard,815 100,Dinard 35800,127,138,6
Maison 108m² à dinard,https://www.etreproprio.com/immobilier-23128594-vente-maison-108m-a-dinard-dinard,459 950,Dinard 35800,108,501,6
Maison familiale à 1 km de la plage et des commerces.,https://www.etreproprio.com/immobilier-22435715-vente-maison-familiale-a-1-km-de-la-plage-et-des-commerces-dinard,543 920,Dinard 35800,140,665,6
Maison 5 chambres et terrain constructible/divisible,https://www.etreproprio.com/immobilier-23087534-vente-maison-5-chambres-et-terrain-constructibledivisible-dinard,450 640,Dinard 35800,107,561,6
Dinard: maison de 89m² avec garage sur jardin clos de 353m². 4 chambres. plages et commerces à 15 minutes à pied,https://www.etreproprio.com/immobilier-22162410-vente-dinard-maison-de-89m-avec-garage-sur-jardin-clos-de-353m-4-chambres-plages-et-commerces-a-15-minutes-a-pied-dinard,428 400,Dinard 35800,89,353,5
Maison 88m² à dinard,https://www.etreproprio.com/immobilier-22144951-vente-maison-88m-a-dinard-dinard,430 500,Dinard 35800,89,353,5
Maison 105m² à dinard,https://www.etreproprio.com/immobilier-22984856-vente-maison-105m-a-dinard-dinard,577 500,Dinard 35800,105,254,5
Charmante maison avec jardin 5 chambres et dépendance à vendre à dinard,https://www.etreproprio.com/immobilier-22972038-vente-charmante-maison-avec-jardin-5-chambres-et-dependance-a-vendre-a-dinard-dinard,449 350,Dinard 35800,107,,6
Maison en parfait état dinard la vicomté,https://www.etreproprio.com/immobilier-22951804-vente-maison-en-parfait-etat-dinard-la-vicomte-dinard,1 199 960,Dinard 35800,167,1 632,6
Maison 123m² à dinard,https://www.etreproprio.com/immobilier-21926942-vente-maison-123m-a-dinard-dinard,588 000,Dinard 35800,123,559,5
Maison 150m² à dinard,https://www.etreproprio.com/immobilier-22195206-vente-maison-150m-a-dinard-dinard,778 675,Dinard 35800,150,138,5
Maison 153m² à dinard,https://www.etreproprio.com/immobilier-22671591-vente-maison-153m-a-dinard-dinard,768 700,Dinard 35800,153,183,9
Dinard propriete de caractère de 163 m2,https://www.etreproprio.com/immobilier-22143806-vente-dinard-propriete-de-caractere-de-163-m2-dinard,754 560,Dinard 35800,163,1 490,7
Maison 159m² à dinard,https://www.etreproprio.com/immobilier-21688404-vente-maison-159m-a-dinard-dinard,1 296 750,Dinard 35800,159,837,7
Maison dinard 5 pièces 120 m² 4 chambres 547 m² de terrain,https://www.etreproprio.com/immobilier-22514716-vente-maison-dinard-5-pieces-120-m-4-chambres-547-m-de-terrain-dinard,445 400,Dinard 35800,120,547,5
Maison 84m² à dinard,https://www.etreproprio.com/immobilier-22486442-vente-maison-84m-a-dinard-dinard,252 000,Dinard 35800,84,50,4
Maison dinard 5 pièce(s),https://www.etreproprio.com/immobilier-22397754-vente-maison-dinard-5-pieces-dinard,789 640,Dinard 35800,103,865,5
Maison 140m² à dinard,https://www.etreproprio.com/immobilier-22390541-vente-maison-140m-a-dinard-dinard,790 860,Dinard 35800,140,620,5
Dinard résidentiel : maison de charme posée sur son magnifique jardin en pente douce,https://www.etreproprio.com/immobilier-22358109-vente-dinard-residentiel-maison-de-charme-posee-sur-son-magnifique-jardin-en-pente-douce-dinard,1 044 750,Dinard 35800,180,1 100,8
Maison à rénover de plain-pied 116m2 - grand terrain avec étang,https://www.etreproprio.com/immobilier-23837741-vente-maison-a-renover-de-plain-pied-116m2-grand-terrain-avec-etang-la-dominelais,87 000,La Dominelais 35390,116,3 380,3
Maison 191m² à la dominelais,https://www.etreproprio.com/immobilier-23700087-vente-maison-191m-a-la-dominelais-la-dominelais,299 250,La Dominelais 35390,191,2 200,4
Maison 129m² à la dominelais,https://www.etreproprio.com/immobilier-22595467-vente-maison-129m-a-la-dominelais-la-dominelais,259 900,La Dominelais 35390,129,2 161,5
Corps de ferme à rénover 160m² au sol - 2700m² de terrain - la dominelais,https://www.etreproprio.com/immobilier-21192319-vente-corps-de-ferme-a-renover-160m-au-sol-2700m-de-terrain-la-dominelais-la-dominelais,74 000,La Dominelais 35390,160,2 700,4
Maison 160m² à domloup,https://www.etreproprio.com/immobilier-23883450-vente-maison-160m-a-domloup-domloup,399 000,Domloup 35410,160,950,7
Maison domloup 6 pièce(s) 121.59 m2,https://www.etreproprio.com/immobilier-23500709-vente-maison-domloup-6-pieces-12159-m2-domloup,355 000,Domloup 35410,122,238,6
Maison contemporaine de 2022 de 122 m2 habitables sur 426 m2 de terrain,https://www.etreproprio.com/immobilier-23866726-vente-maison-contemporaine-de-2022-de-122-m2-habitables-sur-426-m2-de-terrain-domloup,385 000,Domloup 35410,122,426,6
Maison 89m² à domloup,https://www.etreproprio.com/immobilier-23853312-vente-maison-89m-a-domloup-domloup,230 000,Domloup 35410,89,161,4
Maison - récente - 4 chambres - domloup,https://www.etreproprio.com/immobilier-23819225-vente-maison-recente-4-chambres-domloup-domloup,355 980,Domloup 35410,120,238,6
Longère 140 m² habitables avec potentiel de surface à aménager exceptionnel,https://www.etreproprio.com/immobilier-23782384-vente-longere-140-m-habitables-avec-potentiel-de-surface-a-amenager-exceptionnel-domloup,620 000,Domloup 35410,140,,4
Maison domloup 5 pièce(s) 114.18 m² a vendre,https://www.etreproprio.com/immobilier-23755356-vente-maison-domloup-5-pieces-11418-m-a-vendre-domloup,357 000,Domloup 35410,114,357,5
Domloup maison 6 pièces 97 m2 avec jardin de 430 m²,https://www.etreproprio.com/immobilier-23755364-vente-domloup-maison-6-pieces-97-m2-avec-jardin-de-430-m-domloup,273 000,Domloup 35410,97,430,6
Maison domloup 9 pièces 118.8 m²,https://www.etreproprio.com/immobilier-23755345-vente-maison-domloup-9-pieces-1188-m-domloup,289 500,Domloup 35410,119,440,8
Maison - domloup,https://www.etreproprio.com/immobilier-23745713-vente-maison-domloup-domloup,331 200,Domloup 35410,111,846,5
Maison domloup 6 pièce(s) 130 m2,https://www.etreproprio.com/immobilier-23164390-vente-maison-domloup-6-pieces-130-m2-domloup,455 000,Domloup 35410,130,419,6
Maison de 141 m2 avec garage et jardin,https://www.etreproprio.com/immobilier-23718426-vente-maison-de-141-m2-avec-garage-et-jardin-domloup,393 850,Domloup 35410,142,525,7
Maison domloup 5 pièce(s) 129.42 m2,https://www.etreproprio.com/immobilier-23710698-vente-maison-domloup-5-pieces-12942-m2-domloup,350 000,Domloup 35410,129,1 178,5
Maison 122m² à domloup,https://www.etreproprio.com/immobilier-23640504-vente-maison-122m-a-domloup-domloup,385 000,Domloup 35410,122,426,5
Domloup - magnifique longère rénovée de 270m²,https://www.etreproprio.com/immobilier-23631358-vente-domloup-magnifique-longere-renovee-de-270m-domloup,794 200,Domloup 35410,261,10 791,9
Domloup - métairie et ses dépendances à quelques km de cesson,https://www.etreproprio.com/immobilier-23631355-vente-domloup-metairie-et-ses-dependances-a-quelques-km-de-cesson-domloup,735 000,Domloup 35410,280,7 840,8
Maison - domloup,https://www.etreproprio.com/immobilier-23524308-vente-maison-domloup-domloup,346 900,Domloup 35410,141,524,6
Maison 62m² à domloup,https://www.etreproprio.com/immobilier-23460744-vente-maison-62m-a-domloup-domloup,182 500,Domloup 35410,62,100,3
Maison 134m² à domloup,https://www.etreproprio.com/immobilier-23452086-vente-maison-134m-a-domloup-domloup,338 000,Domloup 35410,134,296,6
Maison 98m² à domloup,https://www.etreproprio.com/immobilier-23402289-vente-maison-98m-a-domloup-domloup,274 000,Domloup 35410,98,2 613,6
Maison 124m² à dinard,https://www.etreproprio.com/immobilier-22359880-vente-maison-124m-a-dinard-dinard,n.c.,Dinard 35800,125,484,7
Maison 101m² à dinard,https://www.etreproprio.com/immobilier-22354211-vente-maison-101m-a-dinard-dinard,796 100,Dinard 35800,102,863,6
Maison 100m² à dinard,https://www.etreproprio.com/immobilier-21515252-vente-maison-100m-a-dinard-dinard,378 000,Dinard 35800,100,455,5
Maison 101m² à dinard,https://www.etreproprio.com/immobilier-22327072-vente-maison-101m-a-dinard-dinard,377 280,Dinard 35800,101,455,5
Maison 93m² à dinard,https://www.etreproprio.com/immobilier-22276359-vente-maison-93m-a-dinard-dinard,314 400,Dinard 35800,94,442,4
Maison 158m² à dinard,https://www.etreproprio.com/immobilier-22218211-vente-maison-158m-a-dinard-dinard,950 000,Dinard 35800,158,334,9
Dinard belle villa de 147 m²,https://www.etreproprio.com/immobilier-22058725-vente-dinard-belle-villa-de-147-m-dinard,985 000,Dinard 35800,147,944,6
Dinard maison renovee 128 m²,https://www.etreproprio.com/immobilier-21958885-vente-dinard-maison-renovee-128-m-dinard,548 500,Dinard 35800,129,975,
Maison 92m² à dinard,https://www.etreproprio.com/immobilier-21913743-vente-maison-92m-a-dinard-dinard,599 900,Dinard 35800,92,,4
Prieuré dinard maison avec jardin à vendre proche plage,https://www.etreproprio.com/immobilier-21873313-vente-prieure-dinard-maison-avec-jardin-a-vendre-proche-plage-dinard,323 950,Dinard 35800,70,494,3
Maison dinard 5 pièces,https://www.etreproprio.com/immobilier-21832281-vente-maison-dinard-5-pieces-dinard,443 990,Dinard 35800,86,3 760,5
"Maison 128 m2 env. avec garage, dinard st enogat",https://www.etreproprio.com/immobilier-21663647-vente-maison-128-m2-env-avec-garage-dinard-st-enogat-dinard,945 000,Dinard 35800,128,,4
En vente à dinard maison de pêcheur à rénover 2 chambres,https://www.etreproprio.com/immobilier-21633413-vente-en-vente-a-dinard-maison-de-pecheur-a-renover-2-chambres-dinard,343 200,Dinard 35800,70,,4
Maison 81m² à dinard,https://www.etreproprio.com/immobilier-21603980-vente-maison-81m-a-dinard-dinard,336 000,Dinard 35800,82,199,4
Maison 165m² à dinard,https://www.etreproprio.com/immobilier-21603981-vente-maison-165m-a-dinard-dinard,577 500,Dinard 35800,165,1 206,7
Maison dinard 4 pièces 70 m2,https://www.etreproprio.com/immobilier-21613636-vente-maison-dinard-4-pieces-70-m2-dinard,343 000,Dinard 35800,70,,4
Maison 40m² à dinard,https://www.etreproprio.com/immobilier-20905751-vente-maison-40m-a-dinard-dinard,294 000,Dinard 35800,40,116,4
Maison  4 pièce(s) 109.69 m2,https://www.etreproprio.com/immobilier-21316944-vente-maison-4-pieces-10969-m2-dinard,540 000,Dinard 35800,110,221,5
Maison 189m² à dinard,https://www.etreproprio.com/immobilier-20349127-vente-maison-189m-a-dinard-dinard,572 000,Dinard 35800,189,,6
Maison dinard 7 pièce(s),https://www.etreproprio.com/immobilier-20286460-vente-maison-dinard-7-pieces-dinard,576 400,Dinard 35800,190,1 206,7
Maison domloup 6 pièce(s) 149.10 m2,https://www.etreproprio.com/immobilier-23328606-vente-maison-domloup-6-pieces-14910-m2-domloup,350 000,Domloup 35410,149,1 416,6
Maison 109m² à domloup,https://www.etreproprio.com/immobilier-22586030-vente-maison-109m-a-domloup-domloup,273 000,Domloup 35410,109,431,5
Maison 97m² à domloup,https://www.etreproprio.com/immobilier-22480879-vente-maison-97m-a-domloup-domloup,269 500,Domloup 35410,97,430,5
Maison de type 5 avec 4 chambres et garage sur 200 m2 de terrain,https://www.etreproprio.com/immobilier-23045022-vente-maison-de-type-5-avec-4-chambres-et-garage-sur-200-m2-de-terrain-domloup,268 850,Domloup 35410,95,200,5
A venddre - domloup 35410 - longère rénovée - 261 m² habitables  et 329 m² au sol- terrain de 10 700 m² - piscine chauffée - pre,https://www.etreproprio.com/immobilier-22904592-vente-a-venddre-domloup-35410-longere-renovee-261-m-habitables-et-329-m-au-sol-terrain-de-10-700-m-piscine-chauffee-pre-domloup,790 000,Domloup 35410,270,10 700,8
"Maison de 149 m2 avec 4 chambres, bureau, buanderie, garage, dépendance de 40 m2 et jardin",https://www.etreproprio.com/immobilier-22583808-vente-maison-de-149-m2-avec-4-chambres-bureau-buanderie-garage-dependance-de-40-m2-et-jardin-domloup,349 850,Domloup 35410,149,1 416,6
Maison domloup 6 pièce(s) 246 m2,https://www.etreproprio.com/immobilier-22680724-vente-maison-domloup-6-pieces-246-m2-domloup,737 000,Domloup 35410,246,580,6
Maison 130m² à domloup,https://www.etreproprio.com/immobilier-22638037-vente-maison-130m-a-domloup-domloup,349 900,Domloup 35410,130,1 178,5
Maison 118m² à dinard,https://www.etreproprio.com/immobilier-19712369-vente-maison-118m-a-dinard-dinard,623 900,Dinard 35800,118,,5
Maison dinard hyper centre 4 chambres 135 m² terrasse orientée au sud,https://www.etreproprio.com/immobilier-19359765-vente-maison-dinard-hyper-centre-4-chambres-135-m-terrasse-orientee-au-sud-dinard,880 320,Dinard 35800,135,138,6
Maison dinard,https://www.etreproprio.com/immobilier-17944082-vente-maison-dinard-dinard,183 225,Dinard 35800,30,45,2
Maison d'architecte dinard,https://www.etreproprio.com/immobilier-17709085-vente-maison-d-architecte-dinard-dinard,1 558 000,Dinard 35800,160,623,5
Maison 128m² à dourdain,https://www.etreproprio.com/immobilier-23897524-vente-maison-128m-a-dourdain-dourdain,294 000,Dourdain 35450,128,736,6
Maison 103m² à dourdain,https://www.etreproprio.com/immobilier-23605390-vente-maison-103m-a-dourdain-dourdain,238 050,Dourdain 35450,103,472,4
Maison dourdain,https://www.etreproprio.com/immobilier-23502180-vente-maison-dourdain-dourdain,241 270,Dourdain 35450,110,1 007,5
Maison sur sous sol située en campagne,https://www.etreproprio.com/immobilier-23907068-vente-maison-sur-sous-sol-situee-en-campagne-drouges,250 350,Drouges 35130,165,4 154,7
Maison 164m² à drouges,https://www.etreproprio.com/immobilier-23831211-vente-maison-164m-a-drouges-drouges,252 000,Drouges 35130,164,2 400,8
"Entre rennes et laval, très belle propriété de 372 m2 sur 5200 m2 de terrain",https://www.etreproprio.com/immobilier-23394859-vente-entre-rennes-et-laval-tres-belle-propriete-de-372-m2-sur-5200-m2-de-terrain-drouges,649 900,Drouges 35130,372,5 200,15
Maison 67m² à drouges,https://www.etreproprio.com/immobilier-22052586-vente-maison-67m-a-drouges-drouges,37 500,Drouges 35130,68,2 013,1
Maison 184m² à eance,https://www.etreproprio.com/immobilier-23337231-vente-maison-184m-a-eance-eance,139 500,Eance 35640,184,7 991,6
Vente maison eance(35640) 59 785ï¿œ,https://www.etreproprio.com/immobilier-19323242-vente-vente-maison-eance35640-59-785i-oe-eance,59 785,Eance 35640,68,,3
Vente maison eance(35640) 89 580ï¿œ,https://www.etreproprio.com/immobilier-19054540-vente-vente-maison-eance35640-89-580i-oe-eance,89 580,Eance 35640,,,3
Maison 60m² à epiniac,https://www.etreproprio.com/immobilier-23885034-vente-maison-60m-a-epiniac-epiniac,76 000,Epiniac 35120,61,290,3
Maison 126m² à epiniac,https://www.etreproprio.com/immobilier-23885033-vente-maison-126m-a-epiniac-epiniac,245 000,Epiniac 35120,127,476,5
Maison avec jardin epiniac à vendre,https://www.etreproprio.com/immobilier-23861944-vente-maison-avec-jardin-epiniac-a-vendre-epiniac,230 560,Epiniac 35120,105,1 494,5
Epiniac - maison de ville en pierres,https://www.etreproprio.com/immobilier-23151951-vente-epiniac-maison-de-ville-en-pierres-epiniac,256 760,Epiniac 35120,146,923,5
Maison avec jardin epiniac à vendre,https://www.etreproprio.com/immobilier-23822169-vente-maison-avec-jardin-epiniac-a-vendre-epiniac,103 900,Epiniac 35120,70,350,3
Maison 156m² à epiniac,https://www.etreproprio.com/immobilier-23780315-vente-maison-156m-a-epiniac-epiniac,270 000,Epiniac 35120,156,923,5
Maison 80m² à epiniac,https://www.etreproprio.com/immobilier-23746448-vente-maison-80m-a-epiniac-epiniac,127 200,Epiniac 35120,80,760,5
Maison 80m² à epiniac,https://www.etreproprio.com/immobilier-23746449-vente-maison-80m-a-epiniac-epiniac,159 000,Epiniac 35120,80,1 290,5
Epiniac centre,https://www.etreproprio.com/immobilier-23584679-vente-epiniac-centre-epiniac,298 000,Epiniac 35120,142,800,6
Longère epiniac 3 pièce(s) 73 m2,https://www.etreproprio.com/immobilier-23383330-vente-longere-epiniac-3-pieces-73-m2-epiniac,263 500,Epiniac 35120,73,2 850,3
Epiniac - maison en pierres avec un gite et une roulotte,https://www.etreproprio.com/immobilier-23357094-vente-epiniac-maison-en-pierres-avec-un-gite-et-une-roulotte-epiniac,395 000,Epiniac 35120,193,4 747,9
Immeuble epiniac - 3 lots - 285m²,https://www.etreproprio.com/immobilier-23348702-vente-immeuble-epiniac-3-lots-285m-epiniac,55 000,Epiniac 35120,285,560,8
Ensemble immobilier à vendre - epiniac en baie du mont saint michel - bretagne,https://www.etreproprio.com/immobilier-22289033-vente-ensemble-immobilier-a-vendre-epiniac-en-baie-du-mont-saint-michel-bretagne-epiniac,395 000,Epiniac 35120,163,4 700,8
Centre bourg epiniac maison 3 pièce(s) 82 m2,https://www.etreproprio.com/immobilier-21584266-vente-centre-bourg-epiniac-maison-3-pieces-82-m2-epiniac,126 960,Epiniac 35120,80,760,3
Maison 155m² à epiniac,https://www.etreproprio.com/immobilier-23163723-vente-maison-155m-a-epiniac-epiniac,272 000,Epiniac 35120,155,932,5
Vous serez séduit par l'authenticité qu'apporte le charme de l'ancien avec pierres et poutres apparentes et cette rénovation réa,https://www.etreproprio.com/immobilier-23137431-vente-vous-serez-seduit-par-l-authenticite-qu-apporte-le-charme-de-l-ancien-avec-pierres-et-poutres-apparentes-et-cette-renovation-rea-epiniac,229 000,Epiniac 35120,115,665,6
Epiniac - maison sur sous sol avec potentiel,https://www.etreproprio.com/immobilier-21304021-vente-epiniac-maison-sur-sous-sol-avec-potentiel-epiniac,230 560,Epiniac 35120,105,1 494,4
Maison erbree,https://www.etreproprio.com/immobilier-23804631-vente-maison-erbree-erbree,152 260,Erbree 35500,126,,5
Erbree - a vendre - maison,https://www.etreproprio.com/immobilier-23068111-vente-erbree-a-vendre-maison-erbree,155 800,Erbree 35500,97,613,97
Maison 277m² à erbree,https://www.etreproprio.com/immobilier-23479206-vente-maison-277m-a-erbree-erbree,437 000,Erbree 35500,277,1 950,8
Maison 142m² à erbree,https://www.etreproprio.com/immobilier-22584544-vente-maison-142m-a-erbree-erbree,257 250,Erbree 35500,142,2 023,6
Maison 125m² à erbree,https://www.etreproprio.com/immobilier-23304454-vente-maison-125m-a-erbree-erbree,238 000,Erbree 35500,125,1 150,5
A vendre maison 5 pièces à erbree 125 m² - 240 000  hai,https://www.etreproprio.com/immobilier-21988540-vente-a-vendre-maison-5-pieces-a-erbree-125-m-240-000-hai-erbree,240 000,Erbree 35500,125,1 150,5
Maison erbree 4 pièce(s) 125 m2,https://www.etreproprio.com/immobilier-21523320-vente-maison-erbree-4-pieces-125-m2-erbree,240 120,Erbree 35500,125,1 150,4
A vendre longère en pierres à erbrée 125 m² - 87 000  hai,https://www.etreproprio.com/immobilier-13572997-vente-a-vendre-longere-en-pierres-a-erbree-125-m-87-000-hai-erbree,87 000,Erbree 35500,125,2 500,1
Orpi provost immobilier,https://www.etreproprio.com/immobilier-22640758-vente-orpi-provost-immobilier-erce-en-lamee,173 900,Erce-En-Lamee 35620,174,550,5
Maison 116m² à erce-en-lamee,https://www.etreproprio.com/immobilier-22916927-vente-maison-116m-a-erce-en-lamee-erce-en-lamee,229 950,Erce-En-Lamee 35620,116,1 588,4
Maison 167m² à erce-en-lamee,https://www.etreproprio.com/immobilier-22972857-vente-maison-167m-a-erce-en-lamee-erce-en-lamee,139 900,Erce-En-Lamee 35620,167,2 909,9
Maison 85m² à erce-pres-liffre,https://www.etreproprio.com/immobilier-23900817-vente-maison-85m-a-erce-pres-liffre-erce-pres-liffre,255 000,Erce-Pres-Liffre 35340,85,467,5
Maison 101m² à erce-pres-liffre,https://www.etreproprio.com/immobilier-23900818-vente-maison-101m-a-erce-pres-liffre-erce-pres-liffre,283 500,Erce-Pres-Liffre 35340,101,520,6
Liffre - maison d'architecte au coeur d'un parc paysager,https://www.etreproprio.com/immobilier-23891996-vente-liffre-maison-d-architecte-au-coeur-d-un-parc-paysager-erce-pres-liffre,899 000,Erce-Pres-Liffre 35340,207,8 087,8
Maison 95m² à erce-pres-liffre,https://www.etreproprio.com/immobilier-23888689-vente-maison-95m-a-erce-pres-liffre-erce-pres-liffre,289 800,Erce-Pres-Liffre 35340,95,,4
Maison 136m² à erce-pres-liffre,https://www.etreproprio.com/immobilier-23838161-vente-maison-136m-a-erce-pres-liffre-erce-pres-liffre,330 750,Erce-Pres-Liffre 35340,136,550,6
Maison erce pres liffre 6 pièce(s) 1445 m2,https://www.etreproprio.com/immobilier-23778440-vente-maison-erce-pres-liffre-6-pieces-1445-m2-erce-pres-liffre,330 750,Erce-Pres-Liffre 35340,145,527,6
Maison 93m² à erce-pres-liffre,https://www.etreproprio.com/immobilier-23779787-vente-maison-93m-a-erce-pres-liffre-erce-pres-liffre,255 400,Erce-Pres-Liffre 35340,93,1 495,4
Liffre - maison de maître au coeur de son parc de 7ha,https://www.etreproprio.com/immobilier-23631364-vente-liffre-maison-de-maitre-au-coeur-de-son-parc-de-7ha-erce-pres-liffre,943 200,Erce-Pres-Liffre 35340,348,66 852,9
Maison familiale d'exception -154m² - ercé-près-liffré - 5 chambres,https://www.etreproprio.com/immobilier-22252650-vente-maison-familiale-d-exception-154m-erce-pres-liffre-5-chambres-erce-pres-liffre,359 500,Erce-Pres-Liffre 35340,154,542,9
Maison familiale 154m² à vendre ercé-près-liffré - 5 chambres - terrain 540m²,https://www.etreproprio.com/immobilier-22252428-vente-maison-familiale-154m-a-vendre-erce-pres-liffre-5-chambres-terrain-540m-erce-pres-liffre,359 500,Erce-Pres-Liffre 35340,154,542,9
Maison 160m² à erce-pres-liffre,https://www.etreproprio.com/immobilier-23589926-vente-maison-160m-a-erce-pres-liffre-erce-pres-liffre,299 250,Erce-Pres-Liffre 35340,160,9 368,6
Maison ercé-près-liffré,https://www.etreproprio.com/immobilier-22993162-vente-maison-erce-pres-liffre-erce-pres-liffre,126 500,Erce-Pres-Liffre 35340,83,515,5
Maison 244m² à erce-pres-liffre,https://www.etreproprio.com/immobilier-22984890-vente-maison-244m-a-erce-pres-liffre-erce-pres-liffre,592 000,Erce-Pres-Liffre 35340,244,2 712,8
Maison 120m² à erce-pres-liffre,https://www.etreproprio.com/immobilier-22708567-vente-maison-120m-a-erce-pres-liffre-erce-pres-liffre,363 500,Erce-Pres-Liffre 35340,120,1 570,5
Maison en pierres avec dépendances,https://www.etreproprio.com/immobilier-22657642-vente-maison-en-pierres-avec-dependances-erce-pres-liffre,364 000,Erce-Pres-Liffre 35340,120,1 570,6
A vendre maison 6 pièces à etrelles  143 m² - 324 500  hai,https://www.etreproprio.com/immobilier-23841607-vente-a-vendre-maison-6-pieces-a-etrelles-143-m-324-500-hai-etrelles,324 500,Etrelles 35370,143,555,5
Maison 143m² à etrelles,https://www.etreproprio.com/immobilier-23838735-vente-maison-143m-a-etrelles-etrelles,325 500,Etrelles 35370,143,555,4
Maison etrelles de 147 m2 avec chambre et salle d'eau au rdc,https://www.etreproprio.com/immobilier-23834703-vente-maison-etrelles-de-147-m2-avec-chambre-et-salle-d-eau-au-rdc-etrelles,322 625,Etrelles 35370,147,555,6
Nouveaute etrelles - maison 4 chambres - double garage,https://www.etreproprio.com/immobilier-23834708-vente-nouveaute-etrelles-maison-4-chambres-double-garage-etrelles,240 025,Etrelles 35370,98,570,5
Maison - a vendre - etrelles,https://www.etreproprio.com/immobilier-23432445-vente-maison-a-vendre-etrelles-etrelles,172 800,Etrelles 35370,88,6 600,4
Maison contemporaine de plain-pied – cadre paisible proche de la guerche-de-bretagne,https://www.etreproprio.com/immobilier-23615449-vente-maison-contemporaine-de-plain-pied-cadre-paisible-proche-de-la-guerche-de-bretagne-etrelles,210 000,Etrelles 35370,86,690,5
Maison familiale lumineuse – 6 chambres,https://www.etreproprio.com/immobilier-23464632-vente-maison-familiale-lumineuse-6-chambres-etrelles,234 600,Etrelles 35370,160,900,8
Maison 228m² à etrelles,https://www.etreproprio.com/immobilier-23429812-vente-maison-228m-a-etrelles-etrelles,362 250,Etrelles 35370,228,1 500,6
Maison 81m² à etrelles,https://www.etreproprio.com/immobilier-23197760-vente-maison-81m-a-etrelles-etrelles,135 200,Etrelles 35370,81,475,4
Maison 228m² à etrelles,https://www.etreproprio.com/immobilier-23190858-vente-maison-228m-a-etrelles-etrelles,412 500,Etrelles 35370,228,1 012,7
Campagne etrelles a 5 kms de vitre - maison en pierres  a renover avec ses 4 dependances,https://www.etreproprio.com/immobilier-22269751-vente-campagne-etrelles-a-5-kms-de-vitre-maison-en-pierres-a-renover-avec-ses-4-dependances-etrelles,219 375,Etrelles 35370,75,8 472,4
Maison 125m² à étrelles,https://www.etreproprio.com/immobilier-20698026-vente-maison-125m-a-etrelles-etrelles,250 800,Etrelles 35370,125,1 050,5
A vendre maison 6 pièces à etrelles 124 m² - 251 200  hai,https://www.etreproprio.com/immobilier-20688712-vente-a-vendre-maison-6-pieces-a-etrelles-124-m-251-200-hai-etrelles,251 200,Etrelles 35370,124,1 053,6
Maison neuve - etrelles,https://www.etreproprio.com/immobilier-22868469-vente-maison-neuve-etrelles-etrelles,219 375,Etrelles 35370,80,235,4
Maison etrelles 4 pièce(s) 80 m2,https://www.etreproprio.com/immobilier-22642939-vente-maison-etrelles-4-pieces-80-m2-etrelles,224 460,Etrelles 35370,80,235,4
Maison 80m² à etrelles,https://www.etreproprio.com/immobilier-22155516-vente-maison-80m-a-etrelles-etrelles,225 750,Etrelles 35370,80,235,4
Maison avec jardin feins à vendre,https://www.etreproprio.com/immobilier-23903516-vente-maison-avec-jardin-feins-a-vendre-feins,255 000,Feins 35440,165,966,6
Maison feins 8 pièce(s) 147m2,https://www.etreproprio.com/immobilier-23327575-vente-maison-feins-8-pieces-147m2-feins,302 100,Feins 35440,147,1 086,6
Maison 245m² à le ferre,https://www.etreproprio.com/immobilier-23786033-vente-maison-245m-a-le-ferre-le-ferre,399 000,Le Ferre 35420,245,1 091,7
"Magnifique manoir du 17ᵉ, 8 chambres, belles dépendances, implanté dans un superbe parc avec étang",https://www.etreproprio.com/immobilier-23011195-vente-magnifique-manoir-du-17-8-chambres-belles-dependances-implante-dans-un-superbe-parc-avec-etang-le-ferre,489 000,Le Ferre 35420,440,12 464,10
A découvrir !,https://www.etreproprio.com/immobilier-21466084-vente-a-decouvrir-le-ferre,35 000,Le Ferre 35420,150,1 098,6
Maison 5 pièces 165 m2,https://www.etreproprio.com/immobilier-19805271-vente-maison-5-pieces-165-m2-le-ferre,185 500,Le Ferre 35420,232,2 046,5
Maison 65m² à forges-la-foret,https://www.etreproprio.com/immobilier-23580188-vente-maison-65m-a-forges-la-foret-forges-la-foret,99 900,Forges-La-Foret 35640,65,1 510,4
Maison 240m² à fougeres,https://www.etreproprio.com/immobilier-23908091-vente-maison-240m-a-fougeres-fougeres,309 000,Fougeres 35300,240,1 690,11
Maison (appartement loft) située au coeur de fougeres 35300,https://www.etreproprio.com/immobilier-23897220-vente-maison-appartement-loft-situee-au-coeur-de-fougeres-35300-fougeres,249 900,Fougeres 35300,118,,5
"Élégante maison de caractère – quartier montaubert, cadre verdoyant",https://www.etreproprio.com/immobilier-23897272-vente-elegante-maison-de-caractere-quartier-montaubert-cadre-verdoyant-fougeres,398 000,Fougeres 35300,164,960,7
Maison 125m² à fougeres,https://www.etreproprio.com/immobilier-23870523-vente-maison-125m-a-fougeres-fougeres,189 900,Fougeres 35300,125,390,5
Maison 4 chambres,https://www.etreproprio.com/immobilier-23877186-vente-maison-4-chambres-fougeres,167 750,Fougeres 35300,74,45,5
Maison 118m² à fougeres,https://www.etreproprio.com/immobilier-23863563-vente-maison-118m-a-fougeres-fougeres,249 500,Fougeres 35300,118,165,6
Maison 7 pièces 168 m2,https://www.etreproprio.com/immobilier-23838353-vente-maison-7-pieces-168-m2-fougeres,392 000,Fougeres 35300,168,960,7
Maison fougeres 4 pièce(s) 81 m2,https://www.etreproprio.com/immobilier-23829153-vente-maison-fougeres-4-pieces-81-m2-fougeres,178 000,Fougeres 35300,63,470,4
Maison de ville type 4,https://www.etreproprio.com/immobilier-23834707-vente-maison-de-ville-type-4-fougeres,167 750,Fougeres 35300,53,71,5
Maison 110m² à fougeres,https://www.etreproprio.com/immobilier-23826685-vente-maison-110m-a-fougeres-fougeres,332 800,Fougeres 35300,110,212,4
Belle maison en pierres - centre ville,https://www.etreproprio.com/immobilier-23824734-vente-belle-maison-en-pierres-centre-ville-fougeres,315 000,Fougeres 35300,170,,7
Maison 175m² à fougeres,https://www.etreproprio.com/immobilier-23641155-vente-maison-175m-a-fougeres-fougeres,285 000,Fougeres 35300,175,1 200,7
Maison de ville 63m² 'idéal investisseur',https://www.etreproprio.com/immobilier-23252337-vente-maison-de-ville-63m-ideal-investisseur-fougeres,167 500,Fougeres 35300,63,,2
"Maison contemporaine 110m², 3 chambres",https://www.etreproprio.com/immobilier-23793542-vente-maison-contemporaine-110m-3-chambres-fougeres,331 000,Fougeres 35300,110,212,5
Maison 152m² à fougeres,https://www.etreproprio.com/immobilier-23220474-vente-maison-152m-a-fougeres-fougeres,346 000,Fougeres 35300,152,193,7
Maison 152m² à fougeres,https://www.etreproprio.com/immobilier-23074523-vente-maison-152m-a-fougeres-fougeres,350 410,Fougeres 35300,152,193,7
"Maison de ville rénovée, surface de 152 m² sur un terrain de 193 m²-avec 5 chambres, cuisine a/e , grand salon expo sud avec che",https://www.etreproprio.com/immobilier-23770456-vente-maison-de-ville-renovee-surface-de-152-m-sur-un-terrain-de-193-m-avec-5-chambres-cuisine-ae-grand-salon-expo-sud-avec-che-fougeres,348 400,Fougeres 35300,152,193,7
Maison 103m² à fougeres,https://www.etreproprio.com/immobilier-23757548-vente-maison-103m-a-fougeres-fougeres,229 500,Fougeres 35300,103,1 234,4
Maison 87m² à fougeres,https://www.etreproprio.com/immobilier-22502910-vente-maison-87m-a-fougeres-fougeres,166 240,Fougeres 35133,87,,3
Maison fougeres  5 pièce(s),https://www.etreproprio.com/immobilier-23740666-vente-maison-fougeres-5-pieces-fougeres,231 000,Fougeres 35300,103,1 234,5
Maison 153m² à la fresnais,https://www.etreproprio.com/immobilier-22276038-vente-maison-153m-a-la-fresnais-la-fresnais,342 000,La Fresnais 35111,153,2 088,6
Maison 35111,https://www.etreproprio.com/immobilier-23906497-vente-maison-35111-la-fresnais,365 000,La Fresnais 35111,144,5 081,4
"La fresnais, demeure rénovée en pierres, grand terrain, dépendances et box à chevaux.",https://www.etreproprio.com/immobilier-23843061-vente-la-fresnais-demeure-renovee-en-pierres-grand-terrain-dependances-et-box-a-chevaux-la-fresnais,365 750,La Fresnais 35111,151,5 081,5
La fresnais,https://www.etreproprio.com/immobilier-23826528-vente-la-fresnais-la-fresnais,197 000,La Fresnais 35111,103,388,6
Maison 87m² à la fresnais,https://www.etreproprio.com/immobilier-22910558-vente-maison-87m-a-la-fresnais-la-fresnais,207 000,La Fresnais 35111,87,332,4
La fresnais - maison entièrement rénovée,https://www.etreproprio.com/immobilier-23784934-vente-la-fresnais-maison-entierement-renovee-la-fresnais,342 990,La Fresnais 35111,146,2 013,5
Maison 161m² à la fresnais,https://www.etreproprio.com/immobilier-23783367-vente-maison-161m-a-la-fresnais-la-fresnais,293 000,La Fresnais 35111,161,993,5
Maison individuelle rénovée avec grand hangar,https://www.etreproprio.com/immobilier-23202326-vente-maison-individuelle-renovee-avec-grand-hangar-la-fresnais,335 000,La Fresnais 35111,118,1 710,5
Maison 200m² à la fresnais,https://www.etreproprio.com/immobilier-21791658-vente-maison-200m-a-la-fresnais-la-fresnais,324 880,La Fresnais 35111,200,637,4
"Maison en pierre, tous commerces et gare à pied",https://www.etreproprio.com/immobilier-23673337-vente-maison-en-pierre-tous-commerces-et-gare-a-pied-la-fresnais,341 000,La Fresnais 35111,160,2 008,6
Maison de caractère,https://www.etreproprio.com/immobilier-23668002-vente-maison-de-caractere-la-fresnais,249 900,La Fresnais 35111,125,766,5
Maison 171m² à la fresnais,https://www.etreproprio.com/immobilier-23609825-vente-maison-171m-a-la-fresnais-la-fresnais,320 000,La Fresnais 35111,171,999,7
Maison de charme la fresnais,https://www.etreproprio.com/immobilier-23342682-vente-maison-de-charme-la-fresnais-la-fresnais,341 900,La Fresnais 35111,150,,5
Maison 78m² à la fresnais,https://www.etreproprio.com/immobilier-22946568-vente-maison-78m-a-la-fresnais-la-fresnais,n.c.,La Fresnais 35111,78,918,3
Maison à vendre  de 180m² à finir de rénover - la fresnais,https://www.etreproprio.com/immobilier-22918221-vente-maison-a-vendre-de-180m-a-finir-de-renover-la-fresnais-la-fresnais,336 000,La Fresnais 35111,180,474,5
Maison de 180m² à finir de rénover - la fresnais,https://www.etreproprio.com/immobilier-22870388-vente-maison-de-180m-a-finir-de-renover-la-fresnais-la-fresnais,336 000,La Fresnais 35111,180,434,5
Maison 170m² à la fresnais,https://www.etreproprio.com/immobilier-22690917-vente-maison-170m-a-la-fresnais-la-fresnais,457 000,La Fresnais 35111,170,821,4
Maison de caractere a proximite de saint-malo,https://www.etreproprio.com/immobilier-20111182-vente-maison-de-caractere-a-proximite-de-saint-malo-la-fresnais,399 000,La Fresnais 35111,188,,9
"Maison à vendre la fresnais 8 pièce(s), 215m² hab., 5 chambres, 3254m² de terrain, 450m² dépendances.",https://www.etreproprio.com/immobilier-19293059-vente-maison-a-vendre-la-fresnais-8-pieces-215m-hab-5-chambres-3254m-de-terrain-450m-dependances-la-fresnais,395 580,La Fresnais 35111,215,3 254,8
Maison 177m² à la fresnais,https://www.etreproprio.com/immobilier-19844724-vente-maison-177m-a-la-fresnais-la-fresnais,334 000,La Fresnais 35111,177,491,5
Maison 63m² à gael,https://www.etreproprio.com/immobilier-23882692-vente-maison-63m-a-gael-gael,147 500,Gael 35290,63,1 722,5
Maison 150m² à gael,https://www.etreproprio.com/immobilier-23843246-vente-maison-150m-a-gael-gael,176 900,Gael 35290,150,1 927,5
Maison 134m² à gael,https://www.etreproprio.com/immobilier-23643910-vente-maison-134m-a-gael-gael,191 475,Gael 35290,134,1 647,5
Maison 188m² à gael,https://www.etreproprio.com/immobilier-23603485-vente-maison-188m-a-gael-gael,312 500,Gael 35290,188,1 892,6
"Gael, proximité du bourg, maison élevée sur cave de 100m2 habiatable",https://www.etreproprio.com/immobilier-23573385-vente-gael-proximite-du-bourg-maison-elevee-sur-cave-de-100m2-habiatable-gael,157 200,Gael 35290,100,1 281,6
à vendre – domaine de caractère avec étangs et espaces événementiels – gaël (35),https://www.etreproprio.com/immobilier-23475336-vente-a-vendre-domaine-de-caractere-avec-etangs-et-espaces-evenementiels-gael-35-gael,569 000,Gael 35290,380,,4
"À 30 minutes de rennes, et 15 minutes de ploërmel",https://www.etreproprio.com/immobilier-23262403-vente-a-30-minutes-de-rennes-et-15-minutes-de-ploermel-gael,298 970,Gael 35290,230,12 448,10
"Ensemble immobilier, 3 maisons  dont un gîte ,gael  268 m2 habitable au total.",https://www.etreproprio.com/immobilier-23250223-vente-ensemble-immobilier-3-maisons-dont-un-gite-gael-268-m2-habitable-au-total-gael,285 000,Gael 35290,185,2 500,8
Maison 88m² à gael,https://www.etreproprio.com/immobilier-22920439-vente-maison-88m-a-gael-gael,150 000,Gael 35290,88,424,4
Maison 230m² à gael,https://www.etreproprio.com/immobilier-23064224-vente-maison-230m-a-gael-gael,299 000,Gael 35290,230,12 448,10
Ensemble immobilier à gael 8 pièces 300 m²,https://www.etreproprio.com/immobilier-21988476-vente-ensemble-immobilier-a-gael-8-pieces-300-m-gael,138 200,Gael 35290,300,1 455,8
Maison gael 8 pièces 242 m²,https://www.etreproprio.com/immobilier-22285882-vente-maison-gael-8-pieces-242-m-gael,304 500,Gael 35290,242,1 455,8
Maison  8 pièce(s) 181 m2,https://www.etreproprio.com/immobilier-21165788-vente-maison-8-pieces-181-m2-gael,336 000,Gael 35290,181,2 500,8
Maison a gael 35290,https://www.etreproprio.com/immobilier-22134786-vente-maison-a-gael-35290-gael,129 200,Gael 35290,65,677,4
Maison 106m² à gael,https://www.etreproprio.com/immobilier-21971461-vente-maison-106m-a-gael-gael,136 100,Gael 35290,106,909,5
Maison gael 8 pièces 230 m²,https://www.etreproprio.com/immobilier-21928543-vente-maison-gael-8-pieces-230-m-gael,334 000,Gael 35290,230,11 613,8
Maison  5 pièce(s) 157 m2,https://www.etreproprio.com/immobilier-21374512-vente-maison-5-pieces-157-m2-gael,315 000,Gael 35290,157,3 707,6
Ancien presbytère avec jardin clos de 2343 m²,https://www.etreproprio.com/immobilier-19062351-vente-ancien-presbytere-avec-jardin-clos-de-2343-m-gael,393 000,Gael 35290,260,2 343,8
Longère en pierre 220m2,https://www.etreproprio.com/immobilier-23886210-vente-longere-en-pierre-220m2-gahard,407 400,Gahard 35490,220,2 180,8
Maison 110m² à gahard,https://www.etreproprio.com/immobilier-23821309-vente-maison-110m-a-gahard-gahard,195 000,Gahard 35490,110,1 280,4
Charmante maison à gahard,https://www.etreproprio.com/immobilier-23778318-vente-charmante-maison-a-gahard-gahard,195 789,Gahard 35490,93,1 279,5
Maison à vendre à gahard - référence 5297ib,https://www.etreproprio.com/immobilier-23660115-vente-maison-a-vendre-a-gahard-reference-5297ib-gahard,241 270,Gahard 35490,147,1 185,6
Maison 147m² à gahard,https://www.etreproprio.com/immobilier-23592450-vente-maison-147m-a-gahard-gahard,239 000,Gahard 35490,147,1 185,6
Maison 62m² à gahard,https://www.etreproprio.com/immobilier-23661533-vente-maison-62m-a-gahard-gahard,103 000,Gahard 35490,62,210,3
Maison 92m² à gahard,https://www.etreproprio.com/immobilier-22190790-vente-maison-92m-a-gahard-gahard,198 000,Gahard 35490,92,,5
Maison 220m² à gahard,https://www.etreproprio.com/immobilier-23293407-vente-maison-220m-a-gahard-gahard,398 000,Gahard 35490,220,2 176,8
Maison 130m² à gahard,https://www.etreproprio.com/immobilier-23245464-vente-maison-130m-a-gahard-gahard,60 000,Gahard 35490,130,140,1
"Batiment à rénover gahard  + 280 m² aménageable, jardin plus de 950 m²",https://www.etreproprio.com/immobilier-21767750-vente-batiment-a-renover-gahard-280-m-amenageable-jardin-plus-de-950-m-gahard,119 840,Gahard 35490,284,967,5
Maison 109m² à fougeres,https://www.etreproprio.com/immobilier-21677430-vente-maison-109m-a-fougeres-fougeres,179 900,Fougeres 35300,109,600,4
Maison 157m² à fougeres,https://www.etreproprio.com/immobilier-23718250-vente-maison-157m-a-fougeres-fougeres,364 000,Fougeres 35300,158,250,6
A vendre - maison fougères centre ville,https://www.etreproprio.com/immobilier-23720671-vente-a-vendre-maison-fougeres-centre-ville-fougeres,267 000,Fougeres 35300,136,101,5
Pavillon lumineux de 81 m2 à fougères bien exposé,https://www.etreproprio.com/immobilier-23726476-vente-pavillon-lumineux-de-81-m2-a-fougeres-bien-expose-fougeres,176 000,Fougeres 35300,81,470,4
Maison 87m² à fougeres,https://www.etreproprio.com/immobilier-23714423-vente-maison-87m-a-fougeres-fougeres,168 000,Fougeres 35300,87,280,5
Maison 175m² à fougeres,https://www.etreproprio.com/immobilier-23713769-vente-maison-175m-a-fougeres-fougeres,458 000,Fougeres 35300,175,498,6
Fougeres dans quartier calme,https://www.etreproprio.com/immobilier-23701932-vente-fougeres-dans-quartier-calme-fougeres,363 650,Fougeres 35300,159,250,5
Maison fougeres  5 pièce(s) 1 m2,https://www.etreproprio.com/immobilier-22937338-vente-maison-fougeres-5-pieces-1-m2-fougeres,169 000,Fougeres 35300,111,695,6
Maison 500m² à fougeres,https://www.etreproprio.com/immobilier-23693735-vente-maison-500m-a-fougeres-fougeres,301 484,Fougeres 35300,500,1 464,20
Maison mitoyenne exposée plein sud de 123 m2 à rénover sur fougères,https://www.etreproprio.com/immobilier-22915466-vente-maison-mitoyenne-exposee-plein-sud-de-123-m2-a-renover-sur-fougeres-fougeres,168 500,Fougeres 35300,123,695,7
Maison 81m² à fougeres,https://www.etreproprio.com/immobilier-23656845-vente-maison-81m-a-fougeres-fougeres,176 000,Fougeres 35300,81,470,4
Maison 72m² à fougeres,https://www.etreproprio.com/immobilier-23660809-vente-maison-72m-a-fougeres-fougeres,179 000,Fougeres 35300,72,1 197,3
Martial joyeux conseiller immobilier optimhome vous présente cette maison d'environs 115 m² à fougères,https://www.etreproprio.com/immobilier-23663856-vente-martial-joyeux-conseiller-immobilier-optimhome-vous-presente-cette-maison-d-environs-115-m-a-fougeres-fougeres,266 000,Fougeres 35300,115,437,6
Maison 146m² à fougeres,https://www.etreproprio.com/immobilier-22921570-vente-maison-146m-a-fougeres-fougeres,259 000,Fougeres 35300,147,415,5
Maison contemporaine de 2021,https://www.etreproprio.com/immobilier-23416245-vente-maison-contemporaine-de-2021-fougeres,410 000,Fougeres 35300,130,754,6
Maison en pierres à rénover avec garage - centre fougères,https://www.etreproprio.com/immobilier-21604837-vente-maison-en-pierres-a-renover-avec-garage-centre-fougeres-fougeres,144 900,Fougeres 35300,100,142,4
Maison 177m² à fougeres,https://www.etreproprio.com/immobilier-23537714-vente-maison-177m-a-fougeres-fougeres,300 000,Fougeres 35300,177,421,9
Maison située au calme à fougeres 35300,https://www.etreproprio.com/immobilier-23183314-vente-maison-situee-au-calme-a-fougeres-35300-fougeres,167 500,Fougeres 35300,87,,4
Maison de prestige en forêt,https://www.etreproprio.com/immobilier-21197310-vente-maison-de-prestige-en-foret-fougeres,499 792,Fougeres 35300,,,11
Maison 63m² à fougeres,https://www.etreproprio.com/immobilier-23017138-vente-maison-63m-a-fougeres-fougeres,170 000,Fougeres 35300,63,176,3
Maison 290m² à gennes-sur-seiche,https://www.etreproprio.com/immobilier-23620517-vente-maison-290m-a-gennes-sur-seiche-gennes-sur-seiche,598 000,Gennes-Sur-Seiche 35370,290,2 200,8
Maison 290m² à gennes-sur-seiche,https://www.etreproprio.com/immobilier-23615544-vente-maison-290m-a-gennes-sur-seiche-gennes-sur-seiche,598 000,Gennes-Sur-Seiche 35370,290,2 200,8
En campagne,https://www.etreproprio.com/immobilier-23606473-vente-en-campagne-geveze,313 990,Geveze 35850,145,1 685,6
En campagne,https://www.etreproprio.com/immobilier-23606472-vente-en-campagne-geveze,397 860,Geveze 35850,203,1 900,6
A vendre manoir 5 min de pacé,https://www.etreproprio.com/immobilier-23022297-vente-a-vendre-manoir-5-min-de-pace-geveze,624 000,Geveze 35850,348,,10
rare à la vente – ensemble de 2 maisons + 2 garages au cœur de gévezé,https://www.etreproprio.com/immobilier-23897224-vente-rare-a-la-vente-ensemble-de-2-maisons-2-garages-au-coeur-de-geveze-geveze,275 000,Geveze 35850,160,480,6
Maison contemporaine à gévezé axe rennes / saint-malo,https://www.etreproprio.com/immobilier-22497810-vente-maison-contemporaine-a-geveze-axe-rennes-saint-malo-geveze,543 400,Geveze 35850,133,759,5
Maison 165m² à geveze,https://www.etreproprio.com/immobilier-23700106-vente-maison-165m-a-geveze-geveze,475 000,Geveze 35850,165,633,7
Maison familiale 4 chambres - 117 m² - jardin & garage - gevezé,https://www.etreproprio.com/immobilier-23809575-vente-maison-familiale-4-chambres-117-m-jardin-garage-geveze-geveze,382 500,Geveze 35850,117,445,5
Gévezé jolie maison t7 sur l'axe rennes st malo,https://www.etreproprio.com/immobilier-23278755-vente-geveze-jolie-maison-t7-sur-l-axe-rennes-st-malo-geveze,478 400,Geveze 35850,165,691,7
Maison 120m² à geveze,https://www.etreproprio.com/immobilier-23797270-vente-maison-120m-a-geveze-geveze,355 000,Geveze 35850,120,968,6
"Maison 4 chambres, gévezé",https://www.etreproprio.com/immobilier-23779408-vente-maison-4-chambres-geveze-geveze,338 827,Geveze 35850,110,254,6
Gevezé  maison contemporaine de 2021 avec jardin et pergola bioclimatique,https://www.etreproprio.com/immobilier-22732954-vente-geveze-maison-contemporaine-de-2021-avec-jardin-et-pergola-bioclimatique-geveze,426 536,Geveze 35850,108,452,6
Maison geveze 6 pièce(s) 130 m2,https://www.etreproprio.com/immobilier-23755465-vente-maison-geveze-6-pieces-130-m2-geveze,393 750,Geveze 35850,127,392,6
Maison 79m² à geveze,https://www.etreproprio.com/immobilier-23750970-vente-maison-79m-a-geveze-geveze,249 900,Geveze 35850,80,187,5
A vendre - maison 8 pièces - geveze,https://www.etreproprio.com/immobilier-23755470-vente-a-vendre-maison-8-pieces-geveze-geveze,453 000,Geveze 35850,144,476,8
Maison de 8 pièces de 350 m² située à gévezé,https://www.etreproprio.com/immobilier-23749229-vente-maison-de-8-pieces-de-350-m-situee-a-geveze-geveze,924 000,Geveze 35850,350,10 399,8
Maison 80m² à geveze,https://www.etreproprio.com/immobilier-23267251-vente-maison-80m-a-geveze-geveze,249 900,Geveze 35850,80,187,4
Maison 127m² à geveze,https://www.etreproprio.com/immobilier-23590134-vente-maison-127m-a-geveze-geveze,390 000,Geveze 35850,127,392,7
Maison 6 pièces 119 m2 - gévezé,https://www.etreproprio.com/immobilier-23290332-vente-maison-6-pieces-119-m2-geveze-geveze,384 990,Geveze 35850,119,,6
Maison à vendre 7 pièces geveze (35),https://www.etreproprio.com/immobilier-23529290-vente-maison-a-vendre-7-pieces-geveze-35-geveze,244 870,Geveze 35850,95,,7
Maison geveze 145 m2,https://www.etreproprio.com/immobilier-23501318-vente-maison-geveze-145-m2-geveze,399 900,Geveze 35850,140,1 850,7
Maison à rénover gosné potentiel 151 m²,https://www.etreproprio.com/immobilier-23870955-vente-maison-a-renover-gosne-potentiel-151-m-gosne,167 520,Gosne 35140,151,25 026,2
Maison 45m² à gosne,https://www.etreproprio.com/immobilier-23850221-vente-maison-45m-a-gosne-gosne,80 000,Gosne 35140,45,8 200,2
Maison 83m² à gosne,https://www.etreproprio.com/immobilier-23779786-vente-maison-83m-a-gosne-gosne,230 000,Gosne 35140,83,254,4
Maison 124m² à gosne,https://www.etreproprio.com/immobilier-23739279-vente-maison-124m-a-gosne-gosne,449 400,Gosne 35140,125,8 138,6
Maison de 7 pièces de 186 m² située à gosné - 20 min de rennes,https://www.etreproprio.com/immobilier-23562802-vente-maison-de-7-pieces-de-186-m-situee-a-gosne-20-min-de-rennes-gosne,445 000,Gosne 35140,186,560,7
Maison 77m² à gosne,https://www.etreproprio.com/immobilier-23484977-vente-maison-77m-a-gosne-gosne,79 000,Gosne 35140,77,250,2
Maison 102m² à gosne,https://www.etreproprio.com/immobilier-23509766-vente-maison-102m-a-gosne-gosne,299 250,Gosne 35140,102,1 145,6
À saisir en exclusivité : maison contemporaine de 81m² prête à poser vos valises- gosne,https://www.etreproprio.com/immobilier-23109660-vente-a-saisir-en-exclusivite-maison-contemporaine-de-81m-prete-a-poser-vos-valises-gosne-gosne,239 625,Gosne 35140,81,196,4
Maison de plain pied t4 ou t3 avec terrasse,https://www.etreproprio.com/immobilier-23088913-vente-maison-de-plain-pied-t4-ou-t3-avec-terrasse-fougeres,250 300,Fougeres 35300,100,169,4
Maison fougères 8 pièces 318 m²,https://www.etreproprio.com/immobilier-23533266-vente-maison-fougeres-8-pieces-318-m-fougeres,609 000,Fougeres 35300,318,1 550,8
Maison de 200m2 5 chambres + 1 bureau - garages 170m2,https://www.etreproprio.com/immobilier-23485476-vente-maison-de-200m2-5-chambres-1-bureau-garages-170m2-fougeres,351 900,Fougeres 35300,200,3 200,8
A vendre maison fougères 6 pièce(s) 144 m²,https://www.etreproprio.com/immobilier-22504905-vente-a-vendre-maison-fougeres-6-pieces-144-m-fougeres,282 000,Fougeres 35300,144,1 200,6
Maison 81m² à fougeres,https://www.etreproprio.com/immobilier-23443201-vente-maison-81m-a-fougeres-fougeres,179 900,Fougeres 35300,82,763,3
Maison fougeres 6 pièce(s) 170 m2,https://www.etreproprio.com/immobilier-20884751-vente-maison-fougeres-6-pieces-170-m2-fougeres,336 000,Fougeres 35300,177,350,7
Maison 158m² à fougeres,https://www.etreproprio.com/immobilier-21526720-vente-maison-158m-a-fougeres-fougeres,241 500,Fougeres 35300,159,240,8
Immeuble de rapport monopropriété composé de 5 appartements,https://www.etreproprio.com/immobilier-23354394-vente-immeuble-de-rapport-monopropriete-compose-de-5-appartements-fougeres,372 000,Fougeres 35300,250,650,11
Maison 253m² à fougeres,https://www.etreproprio.com/immobilier-23344336-vente-maison-253m-a-fougeres-fougeres,436 800,Fougeres 35300,253,702,15
Maison 104m² à fougeres,https://www.etreproprio.com/immobilier-23344345-vente-maison-104m-a-fougeres-fougeres,199 900,Fougeres 35300,104,151,4
Maison de caractere - 85 m² - 3 chambres,https://www.etreproprio.com/immobilier-23338400-vente-maison-de-caractere-85-m-3-chambres-fougeres,248 000,Fougeres 35300,85,,4
Maison familiale de 181 m2 en centre ville de fougères,https://www.etreproprio.com/immobilier-21936873-vente-maison-familiale-de-181-m2-en-centre-ville-de-fougeres-fougeres,340 000,Fougeres 35300,181,403,8
Maison à vendre 9 pièces fougeres (35),https://www.etreproprio.com/immobilier-22710492-vente-maison-a-vendre-9-pieces-fougeres-35-fougeres,412 000,Fougeres 35300,230,1 011,9
Maison t5 lumineuse,https://www.etreproprio.com/immobilier-23238434-vente-maison-t5-lumineuse-fougeres,188 400,Fougeres 35300,112,337,6
Magnifique pavillon de 142 m2 clé en main,https://www.etreproprio.com/immobilier-23225916-vente-magnifique-pavillon-de-142-m2-cle-en-main-fougeres,341 500,Fougeres 35300,142,587,5
Jolie maison avec garage et jardin exposé sud et ouest,https://www.etreproprio.com/immobilier-23212882-vente-jolie-maison-avec-garage-et-jardin-expose-sud-et-ouest-fougeres,194 950,Fougeres 35300,100,536,6
Maison 142m² à fougeres,https://www.etreproprio.com/immobilier-23195273-vente-maison-142m-a-fougeres-fougeres,343 200,Fougeres 35300,142,587,5
Maison 158m² à fougeres,https://www.etreproprio.com/immobilier-23191716-vente-maison-158m-a-fougeres-fougeres,222 000,Fougeres 35300,158,750,8
Maison 158m² à fougeres,https://www.etreproprio.com/immobilier-21429965-vente-maison-158m-a-fougeres-fougeres,222 000,Fougeres 35300,158,750,8
Maison 112m² à fougeres,https://www.etreproprio.com/immobilier-23161629-vente-maison-112m-a-fougeres-fougeres,278 250,Fougeres 35300,112,233,5
Maison 145m² à geveze,https://www.etreproprio.com/immobilier-23423752-vente-maison-145m-a-geveze-geveze,321 000,Geveze 35850,145,1 700,6
Maison 203m² à geveze,https://www.etreproprio.com/immobilier-23402426-vente-maison-203m-a-geveze-geveze,435 000,Geveze 35850,203,1 900,6
Maison 98m² à geveze,https://www.etreproprio.com/immobilier-23363615-vente-maison-98m-a-geveze-geveze,348 400,Geveze 35850,99,236,5
Maison 116m² à geveze,https://www.etreproprio.com/immobilier-23289855-vente-maison-116m-a-geveze-geveze,292 490,Geveze 35850,116,665,6
Maison  sur sous sol complet 4 chambres,https://www.etreproprio.com/immobilier-23270001-vente-maison-sur-sous-sol-complet-4-chambres-geveze,429 680,Geveze 35850,125,1 390,6
Maison 350m² à geveze,https://www.etreproprio.com/immobilier-23242218-vente-maison-350m-a-geveze-geveze,929 964,Geveze 35850,350,10 399,8
Maison 144m² à geveze,https://www.etreproprio.com/immobilier-23120123-vente-maison-144m-a-geveze-geveze,450 000,Geveze 35850,144,476,8
Maison de centre ville,https://www.etreproprio.com/immobilier-22497821-vente-maison-de-centre-ville-geveze,272 480,Geveze 35850,91,455,5
Maison geveze  3 pièce(s) 70 m2,https://www.etreproprio.com/immobilier-22497809-vente-maison-geveze-3-pieces-70-m2-geveze,241 000,Geveze 35850,70,654,3
Maison 113m² à geveze,https://www.etreproprio.com/immobilier-23055121-vente-maison-113m-a-geveze-geveze,385 000,Geveze 35850,113,425,6
Maison gévezé,https://www.etreproprio.com/immobilier-22945663-vente-maison-geveze-geveze,364 900,Geveze 35850,121,2 122,6
Gévezé longère très bien située de 130m² de plain-pied rénovée en 2021 avec dépendances sur 1500m² de terrain environ !,https://www.etreproprio.com/immobilier-22732219-vente-geveze-longere-tres-bien-situee-de-130m-de-plain-pied-renovee-en-2021-avec-dependances-sur-1500m-de-terrain-environ-geveze,346 725,Geveze 35850,130,1 500,5
Maison 98m² à geveze,https://www.etreproprio.com/immobilier-22245317-vente-maison-98m-a-geveze-geveze,348 400,Geveze 35850,98,236,5
Maison 155m² à geveze,https://www.etreproprio.com/immobilier-21581511-vente-maison-155m-a-geveze-geveze,535 500,Geveze 35850,155,547,6
Longère à rénover à vendre 5 pièces 13000m2  étang et 700m2 hangars  geveze (35),https://www.etreproprio.com/immobilier-22531379-vente-longere-a-renover-a-vendre-5-pieces-13000m2-etang-et-700m2-hangars-geveze-35-geveze,316 500,Geveze 35850,107,13 000,4
Longère 7 pièces de 260m2,https://www.etreproprio.com/immobilier-19847792-vente-longere-7-pieces-de-260m2-geveze,618 600,Geveze 35850,260,1 074,7
Maison geveze 7 pièce(s) 116 m2,https://www.etreproprio.com/immobilier-19894523-vente-maison-geveze-7-pieces-116-m2-geveze,384 840,Geveze 35850,116,925,7
Maison 203m² à fougeres,https://www.etreproprio.com/immobilier-22636831-vente-maison-203m-a-fougeres-fougeres,262 500,Fougeres 35300,203,655,8
Maison 5 pièces à proximité du centre-ville,https://www.etreproprio.com/immobilier-23139041-vente-maison-5-pieces-a-proximite-du-centre-ville-fougeres,220 000,Fougeres 35300,88,,5
Maison en pierre au cœur du centre-ville,https://www.etreproprio.com/immobilier-23053310-vente-maison-en-pierre-au-coeur-du-centre-ville-fougeres,160 000,Fougeres 35300,99,142,5
"Ille et vilaine, les portes du coglais, près de fougères.  maison plein pied 3 chs etang privé, bois, champ, jardins, 1,4 hectar",https://www.etreproprio.com/immobilier-22977775-vente-ille-et-vilaine-les-portes-du-coglais-pres-de-fougeres-maison-plein-pied-3-chs-etang-prive-bois-champ-jardins-14-hectar-fougeres,349 000,Fougeres 35300,128,14 211,5
Maison + étang à 9 kms de fougeres,https://www.etreproprio.com/immobilier-22974691-vente-maison-etang-a-9-kms-de-fougeres-fougeres,294 000,Fougeres 35300,136,10 824,8
A vendre maison fougères 5 pièce(s) 81 m2,https://www.etreproprio.com/immobilier-22951831-vente-a-vendre-maison-fougeres-5-pieces-81-m2-fougeres,222 805,Fougeres 35300,82,126,5
A vendre - maison d'exception 10 pièces  302 m²,https://www.etreproprio.com/immobilier-22937092-vente-a-vendre-maison-d-exception-10-pieces-302-m-fougeres,829 500,Fougeres 35300,295,2 700,10
Maison fougeres 5 pièce(s) 141.13 m2,https://www.etreproprio.com/immobilier-22894526-vente-maison-fougeres-5-pieces-14113-m2-fougeres,210 499,Fougeres 35300,138,157,5
Maison 7 pièces 134 m² odorico / novello & art déco,https://www.etreproprio.com/immobilier-22688452-vente-maison-7-pieces-134-m-odorico-novello-art-deco-fougeres,210 000,Fougeres 35300,134,,7
Maison 255m² à fougeres,https://www.etreproprio.com/immobilier-22679902-vente-maison-255m-a-fougeres-fougeres,592 800,Fougeres 35300,255,2 751,7
Maison 184m² à fougeres,https://www.etreproprio.com/immobilier-22026230-vente-maison-184m-a-fougeres-fougeres,294 000,Fougeres 35300,184,1 200,6
Proche fougeres - a vendre - maison,https://www.etreproprio.com/immobilier-14515058-vente-proche-fougeres-a-vendre-maison-fougeres,592 250,Fougeres 35300,214,2 601,6
Maison fougeres 4 pièce(s) 89m2,https://www.etreproprio.com/immobilier-22514726-vente-maison-fougeres-4-pieces-89m2-fougeres,307 000,Fougeres 35300,90,18,4
Maison fougeres 5 pièce(s) 170 m2,https://www.etreproprio.com/immobilier-22444897-vente-maison-fougeres-5-pieces-170-m2-fougeres,467 000,Fougeres 35300,170,4 946,5
Belle maison au centre de fougères 4 pièces 107 m2,https://www.etreproprio.com/immobilier-22304777-vente-belle-maison-au-centre-de-fougeres-4-pieces-107-m2-fougeres,243 800,Fougeres 35300,107,440,4
Maison 620m² à fougeres,https://www.etreproprio.com/immobilier-21650999-vente-maison-620m-a-fougeres-fougeres,416 800,Fougeres 35300,620,,1
Maison 108m² à fougeres,https://www.etreproprio.com/immobilier-21650998-vente-maison-108m-a-fougeres-fougeres,117 000,Fougeres 35300,108,,1
Maison individuelle,https://www.etreproprio.com/immobilier-21505717-vente-maison-individuelle-fougeres,114 356,Fougeres 35300,61,249,3
"Maison fougères 3 pièces 58,50 m²",https://www.etreproprio.com/immobilier-21386982-vente-maison-fougeres-3-pieces-5850-m-fougeres,117 500,Fougeres 35300,59,249,3
Vente maison fougeres t3 avec jardin,https://www.etreproprio.com/immobilier-21386980-vente-vente-maison-fougeres-t3-avec-jardin-fougeres,149 500,Fougeres 35300,55,179,4
"Maison de caractère, très beau grenier aménageable",https://www.etreproprio.com/immobilier-23895661-vente-maison-de-caractere-tres-beau-grenier-amenageable-la-gouesniere,329 900,La Gouesniere 35350,142,625,6
Maison la gouesniere 5 pièce(s),https://www.etreproprio.com/immobilier-22689805-vente-maison-la-gouesniere-5-pieces-la-gouesniere,375 000,La Gouesniere 35350,128,464,5
Maison 94m² à la gouesniere,https://www.etreproprio.com/immobilier-23811747-vente-maison-94m-a-la-gouesniere-la-gouesniere,260 000,Saint-Malo 35400,94,588,4
Maison 98m² à la gouesnière,https://www.etreproprio.com/immobilier-23783093-vente-maison-98m-a-la-gouesniere-la-gouesniere,297 660,La Gouesniere 35350,98,1 356,5
Maison en pierres la gouesniere rénovée,https://www.etreproprio.com/immobilier-23686563-vente-maison-en-pierres-la-gouesniere-renovee-la-gouesniere,576 240,La Gouesniere 35350,200,806,6
Maison 109m² à la gouesniere,https://www.etreproprio.com/immobilier-23670347-vente-maison-109m-a-la-gouesniere-la-gouesniere,255 000,La Gouesniere 35350,109,147,5
Maison 6 pièces 109 m2,https://www.etreproprio.com/immobilier-23451268-vente-maison-6-pieces-109-m2-la-gouesniere,349 600,La Gouesniere 35350,109,420,6
La gouesniere - exclusivité.,https://www.etreproprio.com/immobilier-22504838-vente-la-gouesniere-exclusivite-la-gouesniere,133 000,La Gouesniere 35350,32,30,2
"La gouesnière, maison récente de type 5, terrasse, jardin, garage.",https://www.etreproprio.com/immobilier-23337837-vente-la-gouesniere-maison-recente-de-type-5-terrasse-jardin-garage-la-gouesniere,378 870,La Gouesniere 35350,128,464,5
Maison 184m² à la gouesniere,https://www.etreproprio.com/immobilier-23073969-vente-maison-184m-a-la-gouesniere-la-gouesniere,449 925,La Gouesniere 35350,184,669,7
"Maison contemporaine la gouesnière 6p, 136 m2",https://www.etreproprio.com/immobilier-22069822-vente-maison-contemporaine-la-gouesniere-6p-136-m2-la-gouesniere,415 910,La Gouesniere 35350,136,660,6
Maison fougères 4 pièce(s) 115 m2,https://www.etreproprio.com/immobilier-21343402-vente-maison-fougeres-4-pieces-115-m2-fougeres,195 000,Fougeres 35300,115,80,4
Maison 203m² à goven,https://www.etreproprio.com/immobilier-23689525-vente-maison-203m-a-goven-goven,199 500,Goven 35580,203,380,10
Maison 4 pièces 93m²,https://www.etreproprio.com/immobilier-23847759-vente-maison-4-pieces-93m-goven,232 100,Goven 35580,93,,4
Maison 111m² à goven,https://www.etreproprio.com/immobilier-23779577-vente-maison-111m-a-goven-goven,280 000,Goven 35580,111,1 000,4
Maison de type 5 avec un jardin de 790 m2,https://www.etreproprio.com/immobilier-22933284-vente-maison-de-type-5-avec-un-jardin-de-790-m2-goven,186 518,Goven 35580,113,790,6
Maison 139m² à goven,https://www.etreproprio.com/immobilier-23713992-vente-maison-139m-a-goven-goven,450 000,Goven 35580,139,1 195,6
Maison 115m² à goven,https://www.etreproprio.com/immobilier-20087292-vente-maison-115m-a-goven-goven,81 000,Goven 35580,115,584,6
Maison 9 pièces goven,https://www.etreproprio.com/immobilier-23647657-vente-maison-9-pieces-goven-goven,520 000,Goven 35580,196,988,9
Maison 118m² à goven,https://www.etreproprio.com/immobilier-23522252-vente-maison-118m-a-goven-goven,362 250,Goven 35580,119,629,5
Maison neuve livrée,https://www.etreproprio.com/immobilier-23236267-vente-maison-neuve-livree-goven,318 000,Goven 35580,117,350,6
Maison 247m² à goven,https://www.etreproprio.com/immobilier-23580083-vente-maison-247m-a-goven-goven,220 000,Goven 35580,247,2 000,6
Maison 211m² à goven,https://www.etreproprio.com/immobilier-23580084-vente-maison-211m-a-goven-goven,200 000,Goven 35580,211,3 000,4
Maison 92m² à goven,https://www.etreproprio.com/immobilier-23537161-vente-maison-92m-a-goven-goven,220 500,Goven 35580,92,2 541,5
Nouveaute - maison en centre bourg de goven,https://www.etreproprio.com/immobilier-23449320-vente-nouveaute-maison-en-centre-bourg-de-goven-goven,323 950,Goven 35580,101,428,5
Maison goven,https://www.etreproprio.com/immobilier-23383273-vente-maison-goven-goven,278 250,Goven 35580,117,574,7
Maison 105m² à goven,https://www.etreproprio.com/immobilier-23376587-vente-maison-105m-a-goven-goven,346 500,Goven 35580,105,,5
Maison 458m² à goven,https://www.etreproprio.com/immobilier-22945647-vente-maison-458m-a-goven-goven,399 900,Goven 35580,458,5 140,11
maison 4 chambres avec piscine – 1900 m² de terrain – proximité bréal-sous-montfort (4 km) – 15 min de rennes,https://www.etreproprio.com/immobilier-23262562-vente-maison-4-chambres-avec-piscine-1900-m-de-terrain-proximite-breal-sous-montfort-4-km-15-min-de-rennes-goven,347 000,Goven 35580,105,1 952,5
Maison 185m² à goven,https://www.etreproprio.com/immobilier-23244806-vente-maison-185m-a-goven-goven,499 000,Goven 35580,185,11 019,8
Maison 185m² à goven,https://www.etreproprio.com/immobilier-23187871-vente-maison-185m-a-goven-goven,655 000,Goven 35580,185,38 284,7
Maison 110m² à goven,https://www.etreproprio.com/immobilier-22945648-vente-maison-110m-a-goven-goven,127 000,Goven 35580,110,304,2
Maison 125m² à grand-fougeray,https://www.etreproprio.com/immobilier-23889679-vente-maison-125m-a-grand-fougeray-grand-fougeray,277 900,Grand-Fougeray 35390,125,3 344,5
Maison d'habitation d'environ 115 m2,https://www.etreproprio.com/immobilier-23493580-vente-maison-d-habitation-d-environ-115-m2-grand-fougeray,276 900,Grand-Fougeray 35390,115,3 344,6
Maison 115m² à grand-fougeray,https://www.etreproprio.com/immobilier-23446830-vente-maison-115m-a-grand-fougeray-grand-fougeray,277 000,Grand-Fougeray 35390,115,3 344,6
Maison en pierre rénovée : authenticité & modernité réunies,https://www.etreproprio.com/immobilier-23384863-vente-maison-en-pierre-renovee-authenticite-modernite-reunies-grand-fougeray,219 000,Grand-Fougeray 35390,147,774,6
"Vente maison de bourg grand-fougeray (35390)   4 pièces, 89 m2,",https://www.etreproprio.com/immobilier-23634833-vente-vente-maison-de-bourg-grand-fougeray-35390-4-pieces-89-m2-grand-fougeray,115 000,Grand-Fougeray 35390,89,99,4
Maison 169m² à grand-fougeray,https://www.etreproprio.com/immobilier-23620302-vente-maison-169m-a-grand-fougeray-grand-fougeray,450 000,Grand-Fougeray 35390,169,2 501,6
Maison 7 pièce(s),https://www.etreproprio.com/immobilier-23512581-vente-maison-7-pieces-grand-fougeray,199 000,Grand-Fougeray 35390,172,1 038,7
Maison 100m² à grand-fougeray,https://www.etreproprio.com/immobilier-23497246-vente-maison-100m-a-grand-fougeray-grand-fougeray,210 000,Grand-Fougeray 35390,100,122,5
Maison 209m² à grand-fougeray,https://www.etreproprio.com/immobilier-22378525-vente-maison-209m-a-grand-fougeray-grand-fougeray,368 000,Grand-Fougeray 35390,209,22 182,8
Maison - dépendance - terrain 2390 m² - bâtiment de 300 m² - idéal jardin,https://www.etreproprio.com/immobilier-22751782-vente-maison-dependance-terrain-2390-m-batiment-de-300-m-ideal-jardin-grand-fougeray,149 000,Grand-Fougeray 35390,73,2 390,3
Maison de plain-pied à 10 min de l’axe nantes/rennes + terrain constructible,https://www.etreproprio.com/immobilier-22673808-vente-maison-de-plain-pied-a-10-min-de-l-axe-nantesrennes-terrain-constructible-grand-fougeray,209 300,Grand-Fougeray 35390,91,3 072,4
Maison 115m² à goven,https://www.etreproprio.com/immobilier-22461368-vente-maison-115m-a-goven-goven,176 400,Goven 35580,115,2 181,3
Maison indépendante à goven de  142m²,https://www.etreproprio.com/immobilier-22135837-vente-maison-independante-a-goven-de-142m-goven,331 200,Goven 35580,142,9 600,6
Maison 5 chambres - terrain 5 800 m2,https://www.etreproprio.com/immobilier-21851069-vente-maison-5-chambres-terrain-5-800-m2-goven,517 500,Goven 35580,209,5 800,7
A vendre en exclusivite - domaine sur 4 hectares,https://www.etreproprio.com/immobilier-20514411-vente-a-vendre-en-exclusivite-domaine-sur-4-hectares-goven,655 000,Goven 35580,185,38 284,7
Maison 95m² à la guerche-de-bretagne,https://www.etreproprio.com/immobilier-23910704-vente-maison-95m-a-la-guerche-de-bretagne-la-guerche-de-bretagne,182 000,La Guerche-De-Bretagne 35130,95,1 021,4
Maison 145m² à la guerche-de-bretagne,https://www.etreproprio.com/immobilier-22328021-vente-maison-145m-a-la-guerche-de-bretagne-la-guerche-de-bretagne,174 900,La Guerche-De-Bretagne 35130,145,451,6
Maison 145m² à la guerche-de-bretagne,https://www.etreproprio.com/immobilier-23107550-vente-maison-145m-a-la-guerche-de-bretagne-la-guerche-de-bretagne,174 500,La Guerche-De-Bretagne 35130,145,451,7
Vente maison la guerche-de-bretagne(35130) 207 200ï¿œ,https://www.etreproprio.com/immobilier-23096623-vente-vente-maison-la-guerche-de-bretagne35130-207-200i-oe-la-guerche-de-bretagne,207 200,La Guerche-De-Bretagne 35130,135,168,6
Maison 283m² à la guerche-de-bretagne,https://www.etreproprio.com/immobilier-23883589-vente-maison-283m-a-la-guerche-de-bretagne-la-guerche-de-bretagne,342 000,La Guerche-De-Bretagne 35130,283,4 046,10
Maison neuve moderne et prête à accueillir votre famille.,https://www.etreproprio.com/immobilier-23139786-vente-maison-neuve-moderne-et-prete-a-accueillir-votre-famille-la-guerche-de-bretagne,290 000,La Guerche-De-Bretagne 35130,110,312,5
Spacieuse maison 8 pièces au cœur de la guerche,https://www.etreproprio.com/immobilier-23876456-vente-spacieuse-maison-8-pieces-au-coeur-de-la-guerche-la-guerche-de-bretagne,279 500,La Guerche-De-Bretagne 35130,324,383,8
Vente maison la guerche-de-bretagne(35130) 309 750ï¿œ,https://www.etreproprio.com/immobilier-23870413-vente-vente-maison-la-guerche-de-bretagne35130-309-750i-oe-la-guerche-de-bretagne,309 750,La Guerche-De-Bretagne 35130,150,7 124,5
Sublime maison atypique 134 m²,https://www.etreproprio.com/immobilier-23081480-vente-sublime-maison-atypique-134-m-la-guerche-de-bretagne,207 200,La Guerche-De-Bretagne 35130,134,168,6
Longère 6 pièces 150 m² habitables,https://www.etreproprio.com/immobilier-23855427-vente-longere-6-pieces-150-m-habitables-la-guerche-de-bretagne,309 750,La Guerche-De-Bretagne 35130,150,7 124,5
"La guerche de bretagne, pavillon sur sou-sol de 77 m² et  terrain de 719 m²",https://www.etreproprio.com/immobilier-23844628-vente-la-guerche-de-bretagne-pavillon-sur-sou-sol-de-77-m-et-terrain-de-719-m-la-guerche-de-bretagne,126 960,La Guerche-De-Bretagne 35130,77,719,3
"Exclusivité, la guerche de bretagne, longère de 110 m² et terrain de 1 ha 16",https://www.etreproprio.com/immobilier-23844624-vente-exclusivite-la-guerche-de-bretagne-longere-de-110-m-et-terrain-de-1-ha-16-la-guerche-de-bretagne,235 110,La Guerche-De-Bretagne 35130,110,11 652,5
"Exclusivité, la guerche de bretagne, pavillon sur sous-sol avec 3 chambres et un bureau.",https://www.etreproprio.com/immobilier-23844625-vente-exclusivite-la-guerche-de-bretagne-pavillon-sur-sous-sol-avec-3-chambres-et-un-bureau-la-guerche-de-bretagne,199 060,La Guerche-De-Bretagne 35130,116,536,5
"À la guerche-de-bretagne, pavillon sur sous-sol de 150 m² avec 2697 m² de terrain.",https://www.etreproprio.com/immobilier-23844629-vente-a-la-guerche-de-bretagne-pavillon-sur-sous-sol-de-150-m-avec-2697-m-de-terrain-la-guerche-de-bretagne,248 500,La Guerche-De-Bretagne 35130,150,2 697,8
"La guerche-de-bretagne, maison neuve avec 4 chambres",https://www.etreproprio.com/immobilier-23844636-vente-la-guerche-de-bretagne-maison-neuve-avec-4-chambres-la-guerche-de-bretagne,306 000,La Guerche-De-Bretagne 35130,110,299,5
"La guerche de bretagne, proche centre, maison7 pièce(s) 171.73 m2 et 1 107 m² de terrain",https://www.etreproprio.com/immobilier-23830838-vente-la-guerche-de-bretagne-proche-centre-maison7-pieces-17173-m2-et-1-107-m-de-terrain-la-guerche-de-bretagne,240 260,La Guerche-De-Bretagne 35130,172,1 107,7
"La guerche de bretagne, maison en centre-ville.",https://www.etreproprio.com/immobilier-23830839-vente-la-guerche-de-bretagne-maison-en-centre-ville-la-guerche-de-bretagne,55 744,La Guerche-De-Bretagne 35130,39,31,3
Vente maison la guerche-de-bretagne(35130) 236 000ï¿œ,https://www.etreproprio.com/immobilier-23816559-vente-vente-maison-la-guerche-de-bretagne35130-236-000i-oe-la-guerche-de-bretagne,236 000,La Guerche-De-Bretagne 35130,141,679,5
Maison la guerche de bretagne 4 pièce(s) 103 m2,https://www.etreproprio.com/immobilier-23810382-vente-maison-la-guerche-de-bretagne-4-pieces-103-m2-la-guerche-de-bretagne,146 300,La Guerche-De-Bretagne 35130,103,255,4
"A 10 minutes de la guerche de bretagne : maison familiale avec jardin, terrasse couverte",https://www.etreproprio.com/immobilier-23802505-vente-a-10-minutes-de-la-guerche-de-bretagne-maison-familiale-avec-jardin-terrasse-couverte-la-guerche-de-bretagne,236 000,La Guerche-De-Bretagne 35130,141,679,5
Maison contemporaine 2018 t6 - 145 m2 - pont rean - environnement privilégié (vue forêt) - dpe : a,https://www.etreproprio.com/immobilier-23912295-vente-maison-contemporaine-2018-t6-145-m2-pont-rean-environnement-privilegie-vue-foret-dpe-a-guichen,418 000,Guichen 35580,145,845,6
Maison t7 - 160 m2 - 1095 m2 - sous-sol + garage + abri de jardin,https://www.etreproprio.com/immobilier-23888168-vente-maison-t7-160-m2-1095-m2-sous-sol-garage-abri-de-jardin-guichen,348 500,Guichen 35580,160,1 095,7
Maison pont-rean (guichen) 6 pièce(s) 145 m2,https://www.etreproprio.com/immobilier-23869624-vente-maison-pont-rean-guichen-6-pieces-145-m2-guichen,399 000,Guichen 35580,144,2 095,6
Maison 150m² à guichen,https://www.etreproprio.com/immobilier-23598299-vente-maison-150m-a-guichen-guichen,389 000,Guichen 35580,150,1 200,6
Maison 65m² à guichen,https://www.etreproprio.com/immobilier-23796532-vente-maison-65m-a-guichen-guichen,260 500,Guichen 35580,65,66,3
Maison 150m² à guichen,https://www.etreproprio.com/immobilier-23601684-vente-maison-150m-a-guichen-guichen,389 000,Guichen 35580,150,1 206,6
Maison t5 bourg pont rean à rénover - 148 m2 - 1 615 m2 terrain - possibilité d'édifier une autre construction,https://www.etreproprio.com/immobilier-23774371-vente-maison-t5-bourg-pont-rean-a-renover-148-m2-1-615-m2-terrain-possibilite-d-edifier-une-autre-construction-guichen,262 500,Guichen 35580,148,1 615,6
Maison guichen 4 pièce(s) 73 m2,https://www.etreproprio.com/immobilier-23755495-vente-maison-guichen-4-pieces-73-m2-guichen,224 000,Guichen 35580,73,2 663,4
Guichen magnifique contemporaine 179m2 sur 963 m2 de terrain,https://www.etreproprio.com/immobilier-23747069-vente-guichen-magnifique-contemporaine-179m2-sur-963-m2-de-terrain-guichen,755 550,Guichen 35580,179,963,6
Maison 166m² à guichen,https://www.etreproprio.com/immobilier-23746100-vente-maison-166m-a-guichen-guichen,478 000,Guichen 35580,166,3 250,9
Maison 2014 - 143 m2 - 800 m2 - double garage,https://www.etreproprio.com/immobilier-23684126-vente-maison-2014-143-m2-800-m2-double-garage-guichen,472 290,Guichen 35580,143,800,6
Maison 144m² à guichen,https://www.etreproprio.com/immobilier-23679644-vente-maison-144m-a-guichen-guichen,473 000,Guichen 35580,144,800,5
Maison neuve à guignen   128 m2   4 chambres   garage et jardin,https://www.etreproprio.com/immobilier-23486284-vente-maison-neuve-a-guignen-128-m2-4-chambres-garage-et-jardin-guichen,326 600,Guichen 35580,128,374,6
Maison 154 m2 - pont-réan - 5 chambres - 744 m2 de terrain - garage + carport,https://www.etreproprio.com/immobilier-23654203-vente-maison-154-m2-pont-rean-5-chambres-744-m2-de-terrain-garage-carport-guichen,499 900,Guichen 35580,154,744,7
Maison t9 en pierre - 1509 m2 de terrain - deux garages - commodités accessibles à pied,https://www.etreproprio.com/immobilier-22383884-vente-maison-t9-en-pierre-1509-m2-de-terrain-deux-garages-commodites-accessibles-a-pied-guichen,362 250,Guichen 35580,176,1 539,7
Maison 127m² à guichen,https://www.etreproprio.com/immobilier-23640800-vente-maison-127m-a-guichen-guichen,445 000,Guichen 35580,127,427,5
Maison contemporaine dpe a avec piscine ? guichen ? plain-pied ? secteur calme,https://www.etreproprio.com/immobilier-22952450-vente-maison-contemporaine-dpe-a-avec-piscine-guichen-plain-pied-secteur-calme-guichen,449 900,Guichen 35580,133,1 200,5
Maison 75m² à guichen,https://www.etreproprio.com/immobilier-22615249-vente-maison-75m-a-guichen-guichen,173 000,Guichen 35580,75,86,4
Maison 75m² à guichen,https://www.etreproprio.com/immobilier-23570118-vente-maison-75m-a-guichen-guichen,173 000,Guichen 35580,75,40,4
Maison 140m² à guichen,https://www.etreproprio.com/immobilier-22745644-vente-maison-140m-a-guichen-guichen,264 500,Guichen 35580,140,350,7
Maison 115m² à guignen,https://www.etreproprio.com/immobilier-23913900-vente-maison-115m-a-guignen-guignen,199 900,Guignen 35580,115,583,5
Maison 139m² à guignen,https://www.etreproprio.com/immobilier-23848491-vente-maison-139m-a-guignen-guignen,299 250,Guignen 35580,140,1 401,5
Maison guignen 5 pièces 125 m2 avec hangar/atelier de 250 m²,https://www.etreproprio.com/immobilier-23849273-vente-maison-guignen-5-pieces-125-m2-avec-hangaratelier-de-250-m-guignen,299 000,Guignen 35580,125,1 715,5
Maison neuve à guignen   128 m2   4 chambres   garage et jardin,https://www.etreproprio.com/immobilier-23440078-vente-maison-neuve-a-guignen-128-m2-4-chambres-garage-et-jardin-guignen,326 600,Guignen 35580,128,374,6
Maison 143m² à guignen,https://www.etreproprio.com/immobilier-23557502-vente-maison-143m-a-guignen-guignen,341 000,Guignen 35580,143,725,6
Longère 4 pièces 83 m2,https://www.etreproprio.com/immobilier-23366508-vente-longere-4-pieces-83-m2-guignen,196 900,Guignen 35580,83,572,4
"Maison guignen rénovée avec parc, dépendances et projet d'agrandissement",https://www.etreproprio.com/immobilier-23057797-vente-maison-guignen-renovee-avec-parc-dependances-et-projet-d-agrandissement-guignen,284 000,Guignen 35580,82,10 000,4
Maison guignen 80 m² à rénover,https://www.etreproprio.com/immobilier-23000522-vente-maison-guignen-80-m-a-renover-guignen,98 185,Guignen 35580,80,479,3
Longère en pierres t6 guignen 218 m2 - 4550 m2 - four à pain et puit en pierre.,https://www.etreproprio.com/immobilier-22299436-vente-longere-en-pierres-t6-guignen-218-m2-4550-m2-four-a-pain-et-puit-en-pierre-guignen,539 000,Guignen 35580,218,4 550,6
Maison d'architecte de 236 m2- 4 chambres -  730 m2  terrain arboré -,https://www.etreproprio.com/immobilier-22003404-vente-maison-d-architecte-de-236-m2-4-chambres-730-m2-terrain-arbore-guignen,521 000,Guignen 35580,236,,6
Maison de 192m2,https://www.etreproprio.com/immobilier-19409839-vente-maison-de-192m2-guignen,249 000,Guignen 35580,192,400,7
Maison en pierre de 218m2,https://www.etreproprio.com/immobilier-18914007-vente-maison-en-pierre-de-218m2-guignen,539 000,Guignen 35580,218,15 000,6
Maison t6 guichen - 140 m2 - 350 m2,https://www.etreproprio.com/immobilier-22299431-vente-maison-t6-guichen-140-m2-350-m2-guichen,264 500,Guichen 35580,140,350,7
Maison familiale de 167 m2 et 3408 m2 de terrain fort potentiel à exploiter,https://www.etreproprio.com/immobilier-23466159-vente-maison-familiale-de-167-m2-et-3408-m2-de-terrain-fort-potentiel-a-exploiter-guichen,208 400,Guichen 35580,167,3 408,7
Longère en pierre t6 guichen 140 m2 - 4 980 m2 de terrain,https://www.etreproprio.com/immobilier-22299439-vente-longere-en-pierre-t6-guichen-140-m2-4-980-m2-de-terrain-guichen,359 800,Guichen 35580,140,4 981,6
Maison 140m² à guichen,https://www.etreproprio.com/immobilier-23434550-vente-maison-140m-a-guichen-guichen,359 900,Guichen 35580,140,4 981,6
"Maison de caractère 112 m2 - 944 m2 de terrain (abris de jardin, four à pain fonctionnel, garage)",https://www.etreproprio.com/immobilier-23417634-vente-maison-de-caractere-112-m2-944-m2-de-terrain-abris-de-jardin-four-a-pain-fonctionnel-garage-guichen,296 625,Guichen 35580,112,944,5
Maison 232m² à guichen,https://www.etreproprio.com/immobilier-21565906-vente-maison-232m-a-guichen-guichen,330 000,Guichen 35580,232,1 100,9
Maison guichen 6 pieces 140m2,https://www.etreproprio.com/immobilier-23425449-vente-maison-guichen-6-pieces-140m2-guichen,298 804,Guichen 35580,140,,6
Maison 264m² à guichen,https://www.etreproprio.com/immobilier-22680299-vente-maison-264m-a-guichen-guichen,422 990,Guichen 35580,264,1 917,8
Maison 106m² à guichen,https://www.etreproprio.com/immobilier-23402402-vente-maison-106m-a-guichen-guichen,229 900,Guichen 35580,106,538,5
Longère en pierres t6 guignen 218 m2 - 4550 m2 - four à pain et puit en pierre.,https://www.etreproprio.com/immobilier-23395574-vente-longere-en-pierres-t6-guignen-218-m2-4550-m2-four-a-pain-et-puit-en-pierre-guichen,539 000,Guichen 35580,218,4 550,6
"Maison 7 pièces 115,75 m2",https://www.etreproprio.com/immobilier-20187825-vente-maison-7-pieces-11575-m2-guichen,249 360,Guichen 35580,116,1 500,7
Maison t6 107 m2 (construite en 2019) - pont rean - grand garage - hors zone inondable,https://www.etreproprio.com/immobilier-23364685-vente-maison-t6-107-m2-construite-en-2019-pont-rean-grand-garage-hors-zone-inondable-guichen,331 200,Guichen 35580,107,760,6
Propriété t5 75 m2 - 3480 m2 de terrain avec plan d'eau et sous-sol - combles aménageables,https://www.etreproprio.com/immobilier-23334407-vente-propriete-t5-75-m2-3480-m2-de-terrain-avec-plan-d-eau-et-sous-sol-combles-amenageables-guichen,259 000,Guichen 35580,75,3 480,5
Maison familiale - coeur de ville,https://www.etreproprio.com/immobilier-23276119-vente-maison-familiale-coeur-de-ville-guichen,350 000,Guichen 35580,154,474,6
Maison 3 chambres sur un terrain de 1300m²,https://www.etreproprio.com/immobilier-23234783-vente-maison-3-chambres-sur-un-terrain-de-1300m-guichen,220 500,Guichen 35580,114,1 368,5
Maison 70m² à guichen,https://www.etreproprio.com/immobilier-23226001-vente-maison-70m-a-guichen-guichen,200 000,Guichen 35580,70,,4
Maison 140m² à guichen,https://www.etreproprio.com/immobilier-23191392-vente-maison-140m-a-guichen-guichen,362 000,Guichen 35580,140,4 981,6
Maison indépendante 98m² à guichen,https://www.etreproprio.com/immobilier-23177070-vente-maison-independante-98m-a-guichen-guichen,244 800,Guichen 35580,98,472,5
Maison guichen 5 pièce(s) 108m2,https://www.etreproprio.com/immobilier-23177067-vente-maison-guichen-5-pieces-108m2-guichen,223 000,Guichen 35580,108,484,5
Maison t7 guichen 132 m2 - 605 m2,https://www.etreproprio.com/immobilier-23160382-vente-maison-t7-guichen-132-m2-605-m2-guichen,285 500,Guichen 35580,132,605,7
Maison 180m² à la guerche-de-bretagne,https://www.etreproprio.com/immobilier-23797978-vente-maison-180m-a-la-guerche-de-bretagne-la-guerche-de-bretagne,999 900,La Guerche-De-Bretagne 35130,180,4 000,6
Maison 147m² à la guerche-de-bretagne,https://www.etreproprio.com/immobilier-23360626-vente-maison-147m-a-la-guerche-de-bretagne-la-guerche-de-bretagne,236 000,La Guerche-De-Bretagne 35130,147,679,7
Belle maison familiale à vendre – domalain,https://www.etreproprio.com/immobilier-23726477-vente-belle-maison-familiale-a-vendre-domalain-la-guerche-de-bretagne,239 500,La Guerche-De-Bretagne 35130,105,977,5
Maison 4 pièces 71m2,https://www.etreproprio.com/immobilier-23717303-vente-maison-4-pieces-71m2-la-guerche-de-bretagne,90 000,La Guerche-De-Bretagne 35130,71,332,4
Maison 73m² à la guerche-de-bretagne,https://www.etreproprio.com/immobilier-23663190-vente-maison-73m-a-la-guerche-de-bretagne-la-guerche-de-bretagne,106 000,La Guerche-De-Bretagne 35130,73,,4
Maison de bourg,https://www.etreproprio.com/immobilier-23653765-vente-maison-de-bourg-la-guerche-de-bretagne,76 550,La Guerche-De-Bretagne 35130,56,,3
Maison de maître,https://www.etreproprio.com/immobilier-23599170-vente-maison-de-maitre-la-guerche-de-bretagne,149 000,La Guerche-De-Bretagne 35130,136,600,6
Vente maison la guerche-de-bretagne(35130) 276 300ï¿œ,https://www.etreproprio.com/immobilier-23564772-vente-vente-maison-la-guerche-de-bretagne35130-276-300i-oe-la-guerche-de-bretagne,276 300,La Guerche-De-Bretagne 35130,131,1 250,5
Maison 242m² à la guerche-de-bretagne,https://www.etreproprio.com/immobilier-23016251-vente-maison-242m-a-la-guerche-de-bretagne-la-guerche-de-bretagne,269 000,La Guerche-De-Bretagne 35130,242,534,8
Pavillon 6 pièces 132 m²,https://www.etreproprio.com/immobilier-23550662-vente-pavillon-6-pieces-132-m-la-guerche-de-bretagne,276 300,La Guerche-De-Bretagne 35130,131,1 250,5
Maison 4 chambres- geothermie- dependances- campagne- 140m² - 243 990 hai - 4 600 m² terrain,https://www.etreproprio.com/immobilier-23552751-vente-maison-4-chambres-geothermie-dependances-campagne-140m-243-990-hai-4-600-m-terrain-la-guerche-de-bretagne,243 990,La Guerche-De-Bretagne 35130,140,4 692,6
Maison sur sous-sol,https://www.etreproprio.com/immobilier-23563192-vente-maison-sur-sous-sol-la-guerche-de-bretagne,167 750,La Guerche-De-Bretagne 35130,122,1 364,5
Corps de ferme 220 m2 et dépendances,https://www.etreproprio.com/immobilier-23551927-vente-corps-de-ferme-220-m2-et-dependances-la-guerche-de-bretagne,372 240,La Guerche-De-Bretagne 35130,225,2 220,8
Maison 150m² à la guerche-de-bretagne,https://www.etreproprio.com/immobilier-23544490-vente-maison-150m-a-la-guerche-de-bretagne-la-guerche-de-bretagne,249 900,La Guerche-De-Bretagne 35130,150,2 697,8
Maison familiale de 124m2 sur sous-sol,https://www.etreproprio.com/immobilier-23531412-vente-maison-familiale-de-124m2-sur-sous-sol-la-guerche-de-bretagne,188 400,La Guerche-De-Bretagne 35130,123,682,6
Exclusivité - ensemble de maisons 260 m2 à rénover entièrement sur la commune de la guerche de bretagne (35),https://www.etreproprio.com/immobilier-21209616-vente-exclusivite-ensemble-de-maisons-260-m2-a-renover-entierement-sur-la-commune-de-la-guerche-de-bretagne-35-la-guerche-de-bretagne,59 400,La Guerche-De-Bretagne 35130,260,472,12
Vente maison la guerche-de-bretagne(35130) 126 000ï¿œ,https://www.etreproprio.com/immobilier-23477988-vente-vente-maison-la-guerche-de-bretagne35130-126-000i-oe-la-guerche-de-bretagne,126 000,La Guerche-De-Bretagne 35130,98,,3
Maison de ville entièrement rénovée à la guerche de bretagne,https://www.etreproprio.com/immobilier-23464948-vente-maison-de-ville-entierement-renovee-a-la-guerche-de-bretagne-la-guerche-de-bretagne,193 562,La Guerche-De-Bretagne 35130,108,70,6
Maison de plain pied -la guerche de bretagne,https://www.etreproprio.com/immobilier-23462822-vente-maison-de-plain-pied-la-guerche-de-bretagne-la-guerche-de-bretagne,126 000,La Guerche-De-Bretagne 35130,98,,3
Maison 134m² à la guerche-de-bretagne,https://www.etreproprio.com/immobilier-23452080-vente-maison-134m-a-la-guerche-de-bretagne-la-guerche-de-bretagne,197 500,La Guerche-De-Bretagne 35130,134,529,5
Maison t5 117 m²,https://www.etreproprio.com/immobilier-23531053-vente-maison-t5-117-m-guipel,267 800,Guipel 35440,117,,5
Propriété au calme située à guipel,https://www.etreproprio.com/immobilier-22496602-vente-propriete-au-calme-situee-a-guipel-guipel,450 500,Guipel 35440,216,20 000,5
Maison 1m² à guipel,https://www.etreproprio.com/immobilier-23767867-vente-maison-1m-a-guipel-guipel,65 000,Guipel 35440,1,634,1
Maison 117m² à guipel,https://www.etreproprio.com/immobilier-23447445-vente-maison-117m-a-guipel-guipel,268 000,Guipel 35440,117,461,5
Maison guipel 7 pièce(s) 172 m2,https://www.etreproprio.com/immobilier-23654432-vente-maison-guipel-7-pieces-172-m2-guipel,378 000,Guipel 35440,172,2 278,7
Maison 93m² à guipel,https://www.etreproprio.com/immobilier-22588283-vente-maison-93m-a-guipel-guipel,188 000,Guipel 35440,93,1 676,5
Maison guipel 5 pièce(s) 86.30 m2,https://www.etreproprio.com/immobilier-23565441-vente-maison-guipel-5-pieces-8630-m2-guipel,229 950,Guipel 35440,86,4 110,5
Maison 157m² à guipel,https://www.etreproprio.com/immobilier-23006656-vente-maison-157m-a-guipel-guipel,299 900,Guipel 35440,157,12 481,8
Maison 87m² à guipel,https://www.etreproprio.com/immobilier-22998373-vente-maison-87m-a-guipel-guipel,229 950,Guipel 35440,87,4 110,5
Maison guipel 3 pièce(s),https://www.etreproprio.com/immobilier-19460670-vente-maison-guipel-3-pieces-guipel,154 000,Guipel 35440,74,92,3
Maison familiale spacieuse au coeur du bourg,https://www.etreproprio.com/immobilier-23000521-vente-maison-familiale-spacieuse-au-coeur-du-bourg-guichen,336 170,Guichen 35580,161,380,7
Maison 140m² à guichen,https://www.etreproprio.com/immobilier-22412525-vente-maison-140m-a-guichen-guichen,350 000,Guichen 35580,140,473,6
Maison 185m² à guichen,https://www.etreproprio.com/immobilier-22575127-vente-maison-185m-a-guichen-guichen,644 900,Guichen 35580,185,1 150,7
Exclusivité. demeure de prestige,https://www.etreproprio.com/immobilier-21541328-vente-exclusivite-demeure-de-prestige-guichen,849 500,Guichen 35580,337,,11
Maison 155m² à guichen,https://www.etreproprio.com/immobilier-22461367-vente-maison-155m-a-guichen-guichen,369 500,Guichen 35580,155,2 639,7
Maison 8 pièces 190 m2,https://www.etreproprio.com/immobilier-22391285-vente-maison-8-pieces-190-m2-guichen,649 375,Guichen 35580,190,1 109,8
Maison t5 127 m2 - 4 300 m2 - garage et plan d'eau,https://www.etreproprio.com/immobilier-22299443-vente-maison-t5-127-m2-4-300-m2-garage-et-plan-d-eau-guichen,249 000,Guichen 35580,127,4 325,5
Maison 168m² à guichen,https://www.etreproprio.com/immobilier-22252413-vente-maison-168m-a-guichen-guichen,483 000,Guichen 35580,168,3 250,6
Maison 65m² à guichen,https://www.etreproprio.com/immobilier-22178310-vente-maison-65m-a-guichen-guichen,260 500,Guichen 35580,65,,3
Maison 127m² à guichen,https://www.etreproprio.com/immobilier-21670068-vente-maison-127m-a-guichen-guichen,336 000,Guichen 35580,127,2 015,6
Maison familiale - 6 chambres - piscine,https://www.etreproprio.com/immobilier-21350081-vente-maison-familiale-6-chambres-piscine-guichen,465 750,Guichen 35580,205,1 569,8
Maison 24 m2 - extension possible sur terrain de 1 380 m2,https://www.etreproprio.com/immobilier-16695444-vente-maison-24-m2-extension-possible-sur-terrain-de-1-380-m2-guichen,108 654,Guichen 35580,25,1 380,2
Coup de cœur assuré – maison contemporaine de 2019 à 4 min de la guerche-de-bretagne !,https://www.etreproprio.com/immobilier-23451822-vente-coup-de-coeur-assure-maison-contemporaine-de-2019-a-4-min-de-la-guerche-de-bretagne-la-guerche-de-bretagne,210 000,La Guerche-De-Bretagne 35130,86,690,5
Maison à vendre 6 pièces la guerche de bretagne (35),https://www.etreproprio.com/immobilier-23438797-vente-maison-a-vendre-6-pieces-la-guerche-de-bretagne-35-la-guerche-de-bretagne,194 000,La Guerche-De-Bretagne 35130,123,532,6
Maison de ville de 324m2 5 chambres,https://www.etreproprio.com/immobilier-23427620-vente-maison-de-ville-de-324m2-5-chambres-la-guerche-de-bretagne,292 400,La Guerche-De-Bretagne 35130,324,,8
"Proche la guerche-de-bretagne maison de caractère d'environ 260 m2, 11 pièces, 6 ch, terrain environ 1000m2",https://www.etreproprio.com/immobilier-23334308-vente-proche-la-guerche-de-bretagne-maison-de-caractere-d-environ-260-m2-11-pieces-6-ch-terrain-environ-1000m2-la-guerche-de-bretagne,249 000,La Guerche-De-Bretagne 35130,260,980,11
Maison de caractère en ville de 164 m² - la guerche de bretagne (35130),https://www.etreproprio.com/immobilier-23273865-vente-maison-de-caractere-en-ville-de-164-m-la-guerche-de-bretagne-35130-la-guerche-de-bretagne,321 000,La Guerche-De-Bretagne 35130,164,,6
Maison sur sous-sol de 1970,https://www.etreproprio.com/immobilier-23238437-vente-maison-sur-sous-sol-de-1970-la-guerche-de-bretagne,136 775,La Guerche-De-Bretagne 35130,87,805,1
Vente maison la guerche-de-bretagne(35130) 183 750ï¿œ,https://www.etreproprio.com/immobilier-23173846-vente-vente-maison-la-guerche-de-bretagne35130-183-750i-oe-la-guerche-de-bretagne,183 750,La Guerche-De-Bretagne 35130,80,12 000,3
Maison 280m² à la guerche-de-bretagne,https://www.etreproprio.com/immobilier-23167009-vente-maison-280m-a-la-guerche-de-bretagne-la-guerche-de-bretagne,54 900,La Guerche-De-Bretagne 35130,280,2 200,6
Maison 103m² à la guerche-de-bretagne,https://www.etreproprio.com/immobilier-20814948-vente-maison-103m-a-la-guerche-de-bretagne-la-guerche-de-bretagne,178 500,La Guerche-De-Bretagne 35130,103,255,4
Ancienne école rénovée – charme et volumes dans un écrin de verdure,https://www.etreproprio.com/immobilier-22939762-vente-ancienne-ecole-renovee-charme-et-volumes-dans-un-ecrin-de-verdure-la-guerche-de-bretagne,488 800,La Guerche-De-Bretagne 35130,273,4 600,7
À vendre – spacieuse maison familiale à la guerche-de-bretagne,https://www.etreproprio.com/immobilier-22929750-vente-a-vendre-spacieuse-maison-familiale-a-la-guerche-de-bretagne-la-guerche-de-bretagne,234 600,La Guerche-De-Bretagne 35130,160,900,8
"Ensemble immobilier avec fort potentiel, idéal investisseur ou projet familial.",https://www.etreproprio.com/immobilier-22752631-vente-ensemble-immobilier-avec-fort-potentiel-ideal-investisseur-ou-projet-familial-la-guerche-de-bretagne,209 050,La Guerche-De-Bretagne 35130,122,1 848,5
Maison  5 pièce(s) 128.5 m2,https://www.etreproprio.com/immobilier-22723450-vente-maison-5-pieces-1285-m2-la-guerche-de-bretagne,107 900,La Guerche-De-Bretagne 35130,129,472,5
Maison 111m² à la guerche-de-bretagne,https://www.etreproprio.com/immobilier-22662354-vente-maison-111m-a-la-guerche-de-bretagne-la-guerche-de-bretagne,n.c.,La Guerche-De-Bretagne 35130,111,235,4
Maison la guerche de bretagne  12 pièce(s) 260 m2,https://www.etreproprio.com/immobilier-21721575-vente-maison-la-guerche-de-bretagne-12-pieces-260-m2-la-guerche-de-bretagne,398 000,La Guerche-De-Bretagne 35130,260,961,12
Maison familiale 134 m2 avec dépendance et studio,https://www.etreproprio.com/immobilier-21998651-vente-maison-familiale-134-m2-avec-dependance-et-studio-la-guerche-de-bretagne,197 500,La Guerche-De-Bretagne 35130,134,529,6
Maison 134m² à la guerche-de-bretagne,https://www.etreproprio.com/immobilier-21564609-vente-maison-134m-a-la-guerche-de-bretagne-la-guerche-de-bretagne,198 000,La Guerche-De-Bretagne 35130,134,529,6
Longere en pierres - superbe cadre -  secteur la guerche de bretagne,https://www.etreproprio.com/immobilier-18920945-vente-longere-en-pierres-superbe-cadre-secteur-la-guerche-de-bretagne-la-guerche-de-bretagne,322 625,La Guerche-De-Bretagne 35130,217,2 027,8
Propriété de caractère en pierre de 273m2 habitables + salle de réception.,https://www.etreproprio.com/immobilier-22153941-vente-propriete-de-caractere-en-pierre-de-273m2-habitables-salle-de-reception-la-guerche-de-bretagne,488 800,La Guerche-De-Bretagne 35130,273,4 594,8
Maison atypique,https://www.etreproprio.com/immobilier-22005177-vente-maison-atypique-la-guerche-de-bretagne,322 400,La Guerche-De-Bretagne 35130,164,561,6
Longère hede-bazouges proche canal,https://www.etreproprio.com/immobilier-22496591-vente-longere-hede-bazouges-proche-canal-hede,293 400,Hede 35630,134,943,6
Maison de maître hédé-bazouges,https://www.etreproprio.com/immobilier-23747771-vente-maison-de-maitre-hede-bazouges-hede,856 900,Hede 35630,290,5 695,9
Maison de 6 pièces hédé-bazouges,https://www.etreproprio.com/immobilier-23672412-vente-maison-de-6-pieces-hede-bazouges-hede,311 900,Hede 35630,130,,6
Maison 195m² à hede,https://www.etreproprio.com/immobilier-23359993-vente-maison-195m-a-hede-hede,511 600,Hede 35630,195,1 000,9
Maison 95m² à hede,https://www.etreproprio.com/immobilier-23184170-vente-maison-95m-a-hede-hede,242 000,Hede 35630,95,,4
Maison coup de coeur hede bazougues,https://www.etreproprio.com/immobilier-23033101-vente-maison-coup-de-coeur-hede-bazougues-hede,396 900,Hede 35630,146,,6
Propriété d'exception hede,https://www.etreproprio.com/immobilier-22496571-vente-propriete-d-exception-hede-hede,997 690,Hede 35630,372,16 000,13
Maison  8 pièce(s) 215 m2,https://www.etreproprio.com/immobilier-21741467-vente-maison-8-pieces-215-m2-hede,394 000,Hede 35630,215,399,8
"Exclusivite - maison bazouges sous hede 5 pièces 100 m², 300 m² potentiel",https://www.etreproprio.com/immobilier-19697432-vente-exclusivite-maison-bazouges-sous-hede-5-pieces-100-m-300-m-potentiel-hede,349 800,Hede 35630,100,3 000,5
Manoir du xivème siècle dans son écrin de verdure,https://www.etreproprio.com/immobilier-20758855-vente-manoir-du-xiveme-siecle-dans-son-ecrin-de-verdure-hede,521 000,Hede 35630,250,,9
Maison 150m² à hede,https://www.etreproprio.com/immobilier-17801550-vente-maison-150m-a-hede-hede,442 000,Hede 35630,150,1 569,7
Maison 146m² à hede,https://www.etreproprio.com/immobilier-17579754-vente-maison-146m-a-hede-hede,428 450,Hede 35630,146,4 650,8
Maison 146m² à hede,https://www.etreproprio.com/immobilier-17579750-vente-maison-146m-a-hede-hede,428 450,Hede 35630,146,4 650,8
Vente maison la guerche-de-bretagne(35130) 119 880ï¿œ,https://www.etreproprio.com/immobilier-19054531-vente-vente-maison-la-guerche-de-bretagne35130-119-880i-oe-la-guerche-de-bretagne,119 880,La Guerche-De-Bretagne 35130,74,513,5
Maison 63m² à l'hermitage,https://www.etreproprio.com/immobilier-23255374-vente-maison-63m-a-l-hermitage-l-hermitage,194 900,L'hermitage 35590,63,715,2
L'hermitage,https://www.etreproprio.com/immobilier-23256406-vente-l-hermitage-l-hermitage,420 390,L'hermitage 35590,144,2 948,8
L hermitage de 105 m2 construite en 2016 sur 300m² de terrain plein sud !,https://www.etreproprio.com/immobilier-23176684-vente-l-hermitage-de-105-m2-construite-en-2016-sur-300m-de-terrain-plein-sud-l-hermitage,326 000,L'hermitage 35590,105,300,6
"L hermitage, contemporaine de 2016 offrant 131m² habitables sur un terrain de 310m² plein sud !",https://www.etreproprio.com/immobilier-23152588-vente-l-hermitage-contemporaine-de-2016-offrant-131m-habitables-sur-un-terrain-de-310m-plein-sud-l-hermitage,398 464,L'hermitage 35590,131,310,6
Maison l hermitage 5 pièces 102 m2,https://www.etreproprio.com/immobilier-23126385-vente-maison-l-hermitage-5-pieces-102-m2-l-hermitage,304 210,L'hermitage 35590,102,475,5
L'hermitage en campagne maison rénovée de 195m² habitables sur 3250m² de terrain et 7 chambres !,https://www.etreproprio.com/immobilier-22578864-vente-l-hermitage-en-campagne-maison-renovee-de-195m-habitables-sur-3250m-de-terrain-et-7-chambres-l-hermitage,424 300,L'hermitage 35590,195,3 250,9
Maison 92m² à l'hermitage,https://www.etreproprio.com/immobilier-21643033-vente-maison-92m-a-l-hermitage-l-hermitage,242 000,L'hermitage 35590,92,454,4
Rennes/l'hermitage- maison t5 sur terrain clos,https://www.etreproprio.com/immobilier-18298118-vente-rennesl-hermitage-maison-t5-sur-terrain-clos-l-hermitage,379 990,L'hermitage 35590,128,741,6
À vendre - maison avec vue mer,https://www.etreproprio.com/immobilier-23893694-vente-a-vendre-maison-avec-vue-mer-hirel,266 475,Hirel 35120,85,199,4
Maison 83m² à hirel,https://www.etreproprio.com/immobilier-23859190-vente-maison-83m-a-hirel-hirel,220 500,Hirel 35120,84,1 320,4
Maison 120m² à hirel,https://www.etreproprio.com/immobilier-23467116-vente-maison-120m-a-hirel-hirel,357 000,Hirel 35120,120,410,5
Maison à vendre 6/7 pièces hirel (35) jardin et dependances,https://www.etreproprio.com/immobilier-23717872-vente-maison-a-vendre-67-pieces-hirel-35-jardin-et-dependances-hirel,239 200,Hirel 35120,106,553,7
Maison de plain-pied 80 m2 avec 3 chambres et sans travaux,https://www.etreproprio.com/immobilier-23673327-vente-maison-de-plain-pied-80-m2-avec-3-chambres-et-sans-travaux-hirel,254 990,Hirel 35120,80,624,4
Maison 80m² à hirel,https://www.etreproprio.com/immobilier-23467115-vente-maison-80m-a-hirel-hirel,220 500,Hirel 35120,80,749,4
"Vilde la marine, ensemble de 2 maisons à rénover. cour et jardinet",https://www.etreproprio.com/immobilier-23319311-vente-vilde-la-marine-ensemble-de-2-maisons-a-renover-cour-et-jardinet-hirel,251 520,Hirel 35120,233,416,8
Maison vue mer 320m² hirel,https://www.etreproprio.com/immobilier-23163998-vente-maison-vue-mer-320m-hirel-hirel,266 250,Hirel 35120,320,263,7
Maison 82m² à hirel,https://www.etreproprio.com/immobilier-22168690-vente-maison-82m-a-hirel-hirel,223 000,Hirel 35120,82,1 320,5
Maison hirel 4 pièce(s) 83 m2 sur 1320 m² de terrain,https://www.etreproprio.com/immobilier-22082443-vente-maison-hirel-4-pieces-83-m2-sur-1320-m-de-terrain-hirel,220 000,Hirel 35120,84,1 320,4
Maison 126m² à hirel,https://www.etreproprio.com/immobilier-22251190-vente-maison-126m-a-hirel-hirel,378 000,Hirel 35120,126,2 685,7
Maison en pierre rénovée à hirel - 150 m² de charme sur un terrain de 650 m²,https://www.etreproprio.com/immobilier-21816664-vente-maison-en-pierre-renovee-a-hirel-150-m-de-charme-sur-un-terrain-de-650-m-hirel,731 500,Hirel 35120,149,654,7
Ille-et-vilaine 35120 hirel - maison 165 m2 à 5 km de la gare de dol de bretagne,https://www.etreproprio.com/immobilier-21613570-vente-ille-et-vilaine-35120-hirel-maison-165-m2-a-5-km-de-la-gare-de-dol-de-bretagne-hirel,297 400,Hirel 35120,165,1 100,5
Maison hirel 6 pièces 165 m²,https://www.etreproprio.com/immobilier-21533729-vente-maison-hirel-6-pieces-165-m-hirel,299 728,Hirel 35120,165,1 143,6
Maison de vacances en campagne de brocéliande - tremelin– 4 pièces - 128m² habitable - 640m² de terrain,https://www.etreproprio.com/immobilier-23494842-vente-maison-de-vacances-en-campagne-de-broceliande-tremelin-4-pieces-128m-habitable-640m-de-terrain-iffendic,178 000,Iffendic 35750,107,640,4
"Iffendic, propriété de caractère en campagne 6 pièce(s) 141 m2",https://www.etreproprio.com/immobilier-23632987-vente-iffendic-propriete-de-caractere-en-campagne-6-pieces-141-m2-iffendic,344 900,Iffendic 35750,141,3 020,6
Maison 142m² à iffendic,https://www.etreproprio.com/immobilier-23376543-vente-maison-142m-a-iffendic-iffendic,279 000,Iffendic 35750,142,700,7
Maison 164m² à iffendic,https://www.etreproprio.com/immobilier-23255641-vente-maison-164m-a-iffendic-iffendic,441 000,Iffendic 35750,165,26 780,6
Maison de 2006 – 6 pièces - 142m² habitable - 700 m² de terrain,https://www.etreproprio.com/immobilier-22674111-vente-maison-de-2006-6-pieces-142m-habitable-700-m-de-terrain-iffendic,279 500,Iffendic 35750,142,700,6
Maison à vendre 5 pièces iffendic (35),https://www.etreproprio.com/immobilier-22561970-vente-maison-a-vendre-5-pieces-iffendic-35-iffendic,264 000,Iffendic 35750,110,1 071,5
Maison 147m² à iffendic,https://www.etreproprio.com/immobilier-22546716-vente-maison-147m-a-iffendic-iffendic,294 000,Iffendic 35750,148,3 290,5
Maison 110m² à iffendic,https://www.etreproprio.com/immobilier-22375889-vente-maison-110m-a-iffendic-iffendic,267 750,Iffendic 35750,110,1 071,5
Maison 7 pièces,https://www.etreproprio.com/immobilier-20980429-vente-maison-7-pieces-iffendic,261 000,Iffendic 35750,130,1 050,7
Maison 7 pièces,https://www.etreproprio.com/immobilier-20873229-vente-maison-7-pieces-iffendic,261 000,Iffendic 35750,130,1 050,7
Maison  6 pièce(s) 125 m2,https://www.etreproprio.com/immobilier-20311453-vente-maison-6-pieces-125-m2-iffendic,292 900,Iffendic 35750,125,1 690,7
Maison 135m² à les iffs,https://www.etreproprio.com/immobilier-23548640-vente-maison-135m-a-les-iffs-les-iffs,299 000,Les Iffs 35630,135,1 400,6
Maison 174m² à les iffs,https://www.etreproprio.com/immobilier-22458090-vente-maison-174m-a-les-iffs-les-iffs,410 800,Les Iffs 35630,174,1 577,6
Maison a vendre les iffs (35630) ) - 5 pieces,https://www.etreproprio.com/immobilier-23336580-vente-maison-a-vendre-les-iffs-35630-5-pieces-les-iffs,244 770,Les Iffs 35630,101,500,4
Maison a vendre les iffs (35630) ) - 5 pieces,https://www.etreproprio.com/immobilier-23336579-vente-maison-a-vendre-les-iffs-35630-5-pieces-les-iffs,291 975,Les Iffs 35630,101,1 554,4
Maison 296m² à les iffs,https://www.etreproprio.com/immobilier-22455019-vente-maison-296m-a-les-iffs-les-iffs,999 000,Les Iffs 35630,296,20 000,15
Maison à vendre 5 pièces irodouer (35),https://www.etreproprio.com/immobilier-23897876-vente-maison-a-vendre-5-pieces-irodouer-35-irodouer,230 000,Irodouer 35850,79,537,4
Maison à vendre 6 pièces 152m2   irodouër sur sous sol,https://www.etreproprio.com/immobilier-23856807-vente-maison-a-vendre-6-pieces-152m2-irodouer-sur-sous-sol-irodouer,283 000,Irodouer 35850,152,911,6
Propriété rurale à restaurer,https://www.etreproprio.com/immobilier-22354704-vente-propriete-rurale-a-restaurer-irodouer,220 000,Irodouer 35850,450,12 000,8
Maison à vendre 3 pièces irodouer (35),https://www.etreproprio.com/immobilier-23804409-vente-maison-a-vendre-3-pieces-irodouer-35-irodouer,219 000,Irodouer 35850,200,12 465,3
Maison avec hangar,https://www.etreproprio.com/immobilier-23624733-vente-maison-avec-hangar-irodouer,383 000,Irodouer 35850,146,2 807,6
Maison 130m² à irodouer,https://www.etreproprio.com/immobilier-23277568-vente-maison-130m-a-irodouer-irodouer,327 600,Irodouer 35850,130,723,6
Maison à vendre 6 pièces irodouer (35),https://www.etreproprio.com/immobilier-23562159-vente-maison-a-vendre-6-pieces-irodouer-35-irodouer,358 500,Irodouer 35850,126,813,6
Maison 222m² à irodouer,https://www.etreproprio.com/immobilier-23470692-vente-maison-222m-a-irodouer-irodouer,419 200,Irodouer 35850,222,5 890,7
Maison à vendre 5 pièces terrain et bâtisse a rénover    (35),https://www.etreproprio.com/immobilier-22779435-vente-maison-a-vendre-5-pieces-terrain-et-batisse-a-renover-35-irodouer,270 400,Irodouer 35850,92,2 516,4
Maison 114m² à irodouer,https://www.etreproprio.com/immobilier-22978113-vente-maison-114m-a-irodouer-irodouer,281 600,Irodouer 35850,114,506,8
"Dpt ille et vilaine (35), à vendre irodouer maison p3",https://www.etreproprio.com/immobilier-22131493-vente-dpt-ille-et-vilaine-35-a-vendre-irodouer-maison-p3-irodouer,107 000,Irodouer 35850,80,3 224,3
"Dpt ille et vilaine (35), à vendre saint pern propriete p6 de 228,5 m² - terrain de 5 218,00 m²",https://www.etreproprio.com/immobilier-20752591-vente-dpt-ille-et-vilaine-35-a-vendre-saint-pern-propriete-p6-de-2285-m-terrain-de-5-21800-m-irodouer,520 000,Irodouer 35850,228,5 218,6
Maison 5 pièces de 126 m2 + 80m2,https://www.etreproprio.com/immobilier-16969289-vente-maison-5-pieces-de-126-m2-80m2-irodouer,455 400,Irodouer 35850,126,800,5
À vendre   terrain à bâtir viabilisé de 207 m2 + maison à piré-chancé (35150) avec maison racine,https://www.etreproprio.com/immobilier-23907100-vente-a-vendre-terrain-a-batir-viabilise-de-207-m2-maison-a-pire-chance-35150-avec-maison-racine-janze,233 471,Janze 35150,76,207,4
Maison janze 135 m²,https://www.etreproprio.com/immobilier-23890818-vente-maison-janze-135-m-janze,279 900,Janze 35150,136,529,5
Maison passive dpe a+ 100 m2 de plain-pied janze,https://www.etreproprio.com/immobilier-23051328-vente-maison-passive-dpe-a-100-m2-de-plain-pied-janze-janze,238 950,Janze 35150,99,1 056,5
Maison tresboeuf  4 pièce(s) 99 m2,https://www.etreproprio.com/immobilier-23126520-vente-maison-tresboeuf-4-pieces-99-m2-janze,240 350,Janze 35150,99,1 056,4
Maison 125m² à janze,https://www.etreproprio.com/immobilier-23124305-vente-maison-125m-a-janze-janze,259 900,Janze 35150,125,1 738,4
Maison de 114m2 avec 5 chambres,https://www.etreproprio.com/immobilier-23772739-vente-maison-de-114m2-avec-5-chambres-janze,199 000,Janze 35150,114,700,6
Maison 45m² à janze,https://www.etreproprio.com/immobilier-23708127-vente-maison-45m-a-janze-janze,102 500,Janze 35150,45,2 208,1
Maison janzé - 4 chambres,https://www.etreproprio.com/immobilier-21025852-vente-maison-janze-4-chambres-janze,217 350,Janze 35150,97,278,5
Maison 219m² à janze,https://www.etreproprio.com/immobilier-23669986-vente-maison-219m-a-janze-janze,350 000,Janze 35150,219,4 841,9
Maison 94m² à janze,https://www.etreproprio.com/immobilier-22879863-vente-maison-94m-a-janze-janze,237 000,Janze 35150,95,422,5
Maison 131m² à janze,https://www.etreproprio.com/immobilier-23630905-vente-maison-131m-a-janze-janze,167 000,Janze 35150,131,620,6
Maison 115m² à janze,https://www.etreproprio.com/immobilier-22082368-vente-maison-115m-a-janze-janze,262 500,Janze 35150,115,305,5
Maison en campagne de janzé,https://www.etreproprio.com/immobilier-23595966-vente-maison-en-campagne-de-janze-janze,198 725,Janze 35150,122,2 050,4
Maison plain pied - 3 chambres - garage,https://www.etreproprio.com/immobilier-23578880-vente-maison-plain-pied-3-chambres-garage-janze,281 000,Janze 35150,89,595,4
Rare à la vente   maison plain-pied avec véranda et dépendances,https://www.etreproprio.com/immobilier-23066742-vente-rare-a-la-vente-maison-plain-pied-avec-veranda-et-dependances-janze,280 000,Janze 35150,88,595,5
Maison 160m² à janze,https://www.etreproprio.com/immobilier-23569821-vente-maison-160m-a-janze-janze,353 000,Janze 35150,160,4 390,5
Maison de charme  166 m² - janzé,https://www.etreproprio.com/immobilier-23561138-vente-maison-de-charme-166-m-janze-janze,353 000,Janze 35150,166,4 340,5
À seulement 11 minutes de janze – maison familiale récente à retiers (2018),https://www.etreproprio.com/immobilier-23552286-vente-a-seulement-11-minutes-de-janze-maison-familiale-recente-a-retiers-2018-janze,240 000,Janze 35150,109,415,6
Maison bourgeoise à rénover – centre-ville de janzé,https://www.etreproprio.com/immobilier-23540079-vente-maison-bourgeoise-a-renover-centre-ville-de-janze-janze,188 200,Janze 35150,150,660,6
Maison janze 5 pièce(s) 104 m2,https://www.etreproprio.com/immobilier-23489492-vente-maison-janze-5-pieces-104-m2-janze,268 000,Janze 35150,104,404,5
Maison javene rt 2020 bbc,https://www.etreproprio.com/immobilier-23433503-vente-maison-javene-rt-2020-bbc-javene,363 600,Javene 35133,156,480,7
Exclusivité maison mitoyenne en pierre de 182 m2 sur la commune de javené (35),https://www.etreproprio.com/immobilier-23793563-vente-exclusivite-maison-mitoyenne-en-pierre-de-182-m2-sur-la-commune-de-javene-35-javene,228 800,Javene 35133,182,1 500,6
Maison 150m² à javene,https://www.etreproprio.com/immobilier-23131757-vente-maison-150m-a-javene-javene,340 000,Javene 35133,150,1 500,7
Maison 178m² à javene,https://www.etreproprio.com/immobilier-22456584-vente-maison-178m-a-javene-javene,247 200,Javene 35133,179,2 784,7
"Exclusivité propriété de 325 m2 sur la commune de javené (35), rare à la vente !",https://www.etreproprio.com/immobilier-23634202-vente-exclusivite-propriete-de-325-m2-sur-la-commune-de-javene-35-rare-a-la-vente-javene,464 500,Javene 35133,325,4 389,11
Maison mitoyenne en pierre de 144 m2 exposée plein sud sur la commune de javené,https://www.etreproprio.com/immobilier-22077686-vente-maison-mitoyenne-en-pierre-de-144-m2-exposee-plein-sud-sur-la-commune-de-javene-javene,238 800,Javene 35133,144,4 169,6
Maison 4 pièces 75 m2,https://www.etreproprio.com/immobilier-23428909-vente-maison-4-pieces-75-m2-javene,100 000,Javene 35133,75,600,4
Maison à vendre 6 pièces javene (35),https://www.etreproprio.com/immobilier-22779426-vente-maison-a-vendre-6-pieces-javene-35-javene,250 000,Javene 35133,125,3 947,6
Longere lalleu,https://www.etreproprio.com/immobilier-23489494-vente-longere-lalleu-janze,279 000,Janze 35150,230,4 680,7
Maison 103m² à janze,https://www.etreproprio.com/immobilier-22574141-vente-maison-103m-a-janze-janze,299 000,Janze 35150,103,550,6
Maison 6 pièces de 103m2 à janzé,https://www.etreproprio.com/immobilier-23464228-vente-maison-6-pieces-de-103m2-a-janze-janze,299 000,Janze 35150,103,570,6
Maison janzé 4 pièces - 900 m2 de terrain,https://www.etreproprio.com/immobilier-23464299-vente-maison-janze-4-pieces-900-m2-de-terrain-janze,266 475,Janze 35150,110,900,4
Maison 136m² à janze,https://www.etreproprio.com/immobilier-23464510-vente-maison-136m-a-janze-janze,364 000,Janze 35150,136,5 080,6
Maison 147m² à janze,https://www.etreproprio.com/immobilier-23447658-vente-maison-147m-a-janze-janze,356 300,Janze 35150,147,1 880,6
Maison plain-pied 6 pièces,https://www.etreproprio.com/immobilier-23428263-vente-maison-plain-pied-6-pieces-janze,360 525,Janze 35150,126,628,6
Janze quartier calme et résidentiel,https://www.etreproprio.com/immobilier-23428264-vente-janze-quartier-calme-et-residentiel-janze,266 475,Janze 35150,110,,5
Maison 102m² à janze,https://www.etreproprio.com/immobilier-23386068-vente-maison-102m-a-janze-janze,252 000,Janze 35150,102,319,6
Maison 147m² à janze,https://www.etreproprio.com/immobilier-23380631-vente-maison-147m-a-janze-janze,357 680,Janze 35150,147,1 800,6
Maison neuve - le theil de bretagne - 4 chambres,https://www.etreproprio.com/immobilier-23374555-vente-maison-neuve-le-theil-de-bretagne-4-chambres-janze,324 500,Janze 35150,135,495,6
Maison plain pied - 2 chambres,https://www.etreproprio.com/immobilier-22983687-vente-maison-plain-pied-2-chambres-janze,198 930,Janze 35150,85,488,4
Maison 5 pièces janzé,https://www.etreproprio.com/immobilier-23343726-vente-maison-5-pieces-janze-janze,240 350,Janze 35150,115,599,5
Maison janze 6 pièce(s) 113 m2,https://www.etreproprio.com/immobilier-23329337-vente-maison-janze-6-pieces-113-m2-janze,198 930,Janze 35150,113,682,6
Maison 175m² à janze,https://www.etreproprio.com/immobilier-23299459-vente-maison-175m-a-janze-janze,493 500,Janze 35150,175,892,6
Maison 5 pièces et dépendances - 5080 m2 de jardin,https://www.etreproprio.com/immobilier-23312278-vente-maison-5-pieces-et-dependances-5080-m2-de-jardin-janze,365 750,Janze 35150,136,5 080,5
Maison 170m² à janze,https://www.etreproprio.com/immobilier-23280473-vente-maison-170m-a-janze-janze,265 000,Janze 35150,170,520,8
"Grande maison en pierres de 300 m2 avec terrain, hangar   parfaite pour une grande famille ou un projet multi-",https://www.etreproprio.com/immobilier-23270648-vente-grande-maison-en-pierres-de-300-m2-avec-terrain-hangar-parfaite-pour-une-grande-famille-ou-un-projet-multi-janze,519 500,Janze 35150,300,20 000,12
Maison 180m² à janze,https://www.etreproprio.com/immobilier-23264382-vente-maison-180m-a-janze-janze,546 000,Janze 35150,180,2 242,7
"Janze - longère 12 pièce(s) de 300 m2 - 1,6 hectare de terrain",https://www.etreproprio.com/immobilier-23262635-vente-janze-longere-12-pieces-de-300-m2-16-hectare-de-terrain-janze,524 000,Janze 35150,300,16 000,12
"Maison 106m², 4 chambres",https://www.etreproprio.com/immobilier-23793447-vente-maison-106m-4-chambres-laignelet,257 000,Laignelet 35133,106,566,5
Maison à rénover,https://www.etreproprio.com/immobilier-22431453-vente-maison-a-renover-laignelet,53 600,Laignelet 35133,60,942,4
Maison individuelle,https://www.etreproprio.com/immobilier-23693736-vente-maison-individuelle-laignelet,293 168,Laignelet 35133,121,1 109,7
Maison 6 pièces 121 m2,https://www.etreproprio.com/immobilier-23653057-vente-maison-6-pieces-121-m2-laignelet,289 000,Laignelet 35133,121,1 109,6
Maison laignelet 4 pièce(s) 82 m2,https://www.etreproprio.com/immobilier-23628919-vente-maison-laignelet-4-pieces-82-m2-laignelet,185 500,Laignelet 35133,82,,4
Maison en pierres 112m² 3chambres à laignelet 35133,https://www.etreproprio.com/immobilier-23438241-vente-maison-en-pierres-112m-3chambres-a-laignelet-35133-laignelet,258 000,Laignelet 35133,111,,5
Maison 183m² à laignelet,https://www.etreproprio.com/immobilier-21639644-vente-maison-183m-a-laignelet-laignelet,284 000,Laignelet 35133,183,1 364,6
Maison 182m² à janze,https://www.etreproprio.com/immobilier-23260039-vente-maison-182m-a-janze-janze,473 200,Janze 35150,182,1 524,10
Maison de bourg janzé- 2 pièces,https://www.etreproprio.com/immobilier-22393988-vente-maison-de-bourg-janze-2-pieces-janze,100 000,Janze 35150,40,,2
Maison en impasse de janzé - belles prestations,https://www.etreproprio.com/immobilier-23207985-vente-maison-en-impasse-de-janze-belles-prestations-janze,492 000,Janze 35150,176,892,6
Maison 182m² à janze,https://www.etreproprio.com/immobilier-23207157-vente-maison-182m-a-janze-janze,477 750,Janze 35150,182,1 524,10
Maison 215m² à janze,https://www.etreproprio.com/immobilier-23207156-vente-maison-215m-a-janze-janze,378 000,Janze 35150,215,379,9
Maison janze 4 pièce(s) 85.5 m2,https://www.etreproprio.com/immobilier-23195581-vente-maison-janze-4-pieces-855-m2-janze,181 500,Janze 35150,86,11 710,4
Maison 110m² à janze,https://www.etreproprio.com/immobilier-23118345-vente-maison-110m-a-janze-janze,266 475,Janze 35150,110,370,5
À seulement 11 min de janzé – maison contemporaine de 2018 à retiers,https://www.etreproprio.com/immobilier-23106947-vente-a-seulement-11-min-de-janze-maison-contemporaine-de-2018-a-retiers-janze,240 000,Janze 35150,109,415,6
Maison plain-pied 5 pièces - centre de janzé,https://www.etreproprio.com/immobilier-23094293-vente-maison-plain-pied-5-pieces-centre-de-janze-janze,365 750,Janze 35150,131,,5
"Centre de janzé   calme, espace et luminosité",https://www.etreproprio.com/immobilier-23094251-vente-centre-de-janze-calme-espace-et-luminosite-janze,449 800,Janze 35150,176,890,9
Maison le theil de bretagne 4 pièce(s) 133 m2,https://www.etreproprio.com/immobilier-23063883-vente-maison-le-theil-de-bretagne-4-pieces-133-m2-janze,230 000,Janze 35150,133,642,4
Maison 188m² à janze,https://www.etreproprio.com/immobilier-23046966-vente-maison-188m-a-janze-janze,315 000,Janze 35150,188,721,7
Maison 120m² à janze,https://www.etreproprio.com/immobilier-22855432-vente-maison-120m-a-janze-janze,240 000,Janze 35150,120,13 755,5
Maison lotissement - 5 chambres,https://www.etreproprio.com/immobilier-22974360-vente-maison-lotissement-5-chambres-janze,272 000,Janze 35150,112,560,6
Maison familiale 5 chambres   quartier calme   janzé,https://www.etreproprio.com/immobilier-22709945-vente-maison-familiale-5-chambres-quartier-calme-janze-janze,255 000,Janze 35150,114,432,6
Maison 185m² à janze,https://www.etreproprio.com/immobilier-22440729-vente-maison-185m-a-janze-janze,343 000,Janze 35150,185,1 032,7
Maison 4 pièces 95m2,https://www.etreproprio.com/immobilier-22590268-vente-maison-4-pieces-95m2-janze,135 850,Janze 35150,94,4 980,4
Maison 71m² à janze,https://www.etreproprio.com/immobilier-22450436-vente-maison-71m-a-janze-janze,159 900,Janze 35150,71,223,4
Maison  113 m2,https://www.etreproprio.com/immobilier-22546960-vente-maison-113-m2-janze,198 930,Janze 35150,113,416,6
Maison 170m² à janze,https://www.etreproprio.com/immobilier-22504125-vente-maison-170m-a-janze-janze,357 000,Janze 35150,170,4 340,5
Maison t7 - 160 m2 - 1095 m2 - sous-sol + garage + abri de jardin,https://www.etreproprio.com/immobilier-23888170-vente-maison-t7-160-m2-1095-m2-sous-sol-garage-abri-de-jardin-laille,348 500,Laille 35890,160,1 095,7
Maison laille 6 pièce(s) 142m2,https://www.etreproprio.com/immobilier-23755497-vente-maison-laille-6-pieces-142m2-laille,399 000,Laille 35890,142,1 100,6
Maison 65m² à laille,https://www.etreproprio.com/immobilier-23788177-vente-maison-65m-a-laille-laille,260 500,Laille 35890,65,66,3
Maison laille 6 pièce(s) 104 m2,https://www.etreproprio.com/immobilier-22606422-vente-maison-laille-6-pieces-104-m2-laille,282 960,Laille 35890,104,4 275,6
"Maison en bois rt 2012, de plain-pied",https://www.etreproprio.com/immobilier-23737782-vente-maison-en-bois-rt-2012-de-plain-pied-laille,332 400,Laille 35890,106,,4
Maison laille 6 pièces 123.67 m²,https://www.etreproprio.com/immobilier-23740612-vente-maison-laille-6-pieces-12367-m-laille,399 000,Laille 35890,124,362,6
Maison 117m² à laille,https://www.etreproprio.com/immobilier-23712444-vente-maison-117m-a-laille-laille,340 000,Laille 35890,117,336,5
Maison 139m² à laille,https://www.etreproprio.com/immobilier-23665436-vente-maison-139m-a-laille-laille,399 600,Laille 35890,139,638,6
Maison laillé,https://www.etreproprio.com/immobilier-23164399-vente-maison-laille-laille,382 520,Laille 35890,145,762,6
Maison laille 7 pièce(s) 129 m2,https://www.etreproprio.com/immobilier-23619128-vente-maison-laille-7-pieces-129-m2-laille,382 520,Laille 35890,129,762,7
Maison 123m² à laille,https://www.etreproprio.com/immobilier-23588026-vente-maison-123m-a-laille-laille,240 000,Laille 35890,123,,7
Maison 144m² à laille,https://www.etreproprio.com/immobilier-23588024-vente-maison-144m-a-laille-laille,241 000,Laille 35890,144,6 419,5
Maison individuelle 6 pièces – 130 m² plain pied sur sous sol complet– laillé (rennes métropole),https://www.etreproprio.com/immobilier-23562276-vente-maison-individuelle-6-pieces-130-m-plain-pied-sur-sous-sol-complet-laille-rennes-metropole-laille,365 000,Laille 35890,130,,7
Maison 121m² à laille,https://www.etreproprio.com/immobilier-23543037-vente-maison-121m-a-laille-laille,367 500,Laille 35890,122,1 393,7
Maison 196m² à laille,https://www.etreproprio.com/immobilier-23525939-vente-maison-196m-a-laille-laille,519 000,Laille 35890,196,7 070,6
Maison 120m² à laille,https://www.etreproprio.com/immobilier-23459585-vente-maison-120m-a-laille-laille,375 000,Laille 35890,120,580,6
Longère rénovée - coup de coeur,https://www.etreproprio.com/immobilier-22228859-vente-longere-renovee-coup-de-coeur-laille,455 400,Laille 35890,162,1 400,5
Propriété à fort potentiel - sud de rennes,https://www.etreproprio.com/immobilier-22611126-vente-propriete-a-fort-potentiel-sud-de-rennes-laille,793 000,Laille 35890,169,6 740,6
Tranquillité en cœur de ville,https://www.etreproprio.com/immobilier-23297058-vente-tranquillite-en-coeur-de-ville-laille,289 800,Laille 35890,103,,6
Maison  4 pièces  116 m²,https://www.etreproprio.com/immobilier-23231433-vente-maison-4-pieces-116-m-laille,345 840,Laille 35890,116,1 304,6
Maison 98m² à janze,https://www.etreproprio.com/immobilier-22378497-vente-maison-98m-a-janze-janze,283 900,Janze 35150,98,607,5
Maison de village,https://www.etreproprio.com/immobilier-22165673-vente-maison-de-village-janze,313 165,Janze 35150,151,10 051,6
Maison 55m² à janze,https://www.etreproprio.com/immobilier-22155522-vente-maison-55m-a-janze-janze,189 900,Janze 35150,55,616,3
Maison en pierre à vendre 8 pièces à janze,https://www.etreproprio.com/immobilier-21223111-vente-maison-en-pierre-a-vendre-8-pieces-a-janze-janze,495 000,Janze 35150,184,2 390,8
Maison 175m² à janze,https://www.etreproprio.com/immobilier-21997683-vente-maison-175m-a-janze-janze,311 850,Janze 35150,176,915,7
Vente maison janze(35150) 308 800ï¿œ,https://www.etreproprio.com/immobilier-21986483-vente-vente-maison-janze35150-308-800i-oe-janze,308 800,Janze 35150,175,,6
Maison 112m² à janze,https://www.etreproprio.com/immobilier-21983570-vente-maison-112m-a-janze-janze,272 480,Janze 35150,112,4 800,4
Pavillon 6 pièces 175 m²,https://www.etreproprio.com/immobilier-21972658-vente-pavillon-6-pieces-175-m-janze,308 800,Janze 35150,175,,6
Maison 4 pièces janzé,https://www.etreproprio.com/immobilier-21964169-vente-maison-4-pieces-janze-janze,334 400,Janze 35150,138,2 083,4
Charmante maison individuelle à janzé (35150) - proche de toutes commodités,https://www.etreproprio.com/immobilier-20606804-vente-charmante-maison-individuelle-a-janze-35150-proche-de-toutes-commodites-janze,308 523,Janze 35150,176,915,8
Maison 175m² à janze,https://www.etreproprio.com/immobilier-20307763-vente-maison-175m-a-janze-janze,308 800,Janze 35150,175,900,8
Maison 124m² à janze,https://www.etreproprio.com/immobilier-21852905-vente-maison-124m-a-janze-janze,336 000,Janze 35150,124,421,6
Maison à vendre,https://www.etreproprio.com/immobilier-18532608-vente-maison-a-vendre-janze,304 700,Janze 35150,153,826,7
"Grande maison en pierres de 300 m2 avec terrain, hangar, étang et bois* parfaite pour une grande famille ou un",https://www.etreproprio.com/immobilier-20099588-vente-grande-maison-en-pierres-de-300-m2-avec-terrain-hangar-etang-et-bois-parfaite-pour-une-grande-famille-ou-un-janze,630 900,Janze 35150,300,63 240,12
Maison 118 m² non mitoyenne 5 chambres dont 1 au rdc avec salle d'eau,https://www.etreproprio.com/immobilier-20523822-vente-maison-118-m-non-mitoyenne-5-chambres-dont-1-au-rdc-avec-salle-d-eau-janze,319 800,Janze 35150,118,327,7
Belle maison contemporaine 4 chambres et un bureau - terrain 950 m2,https://www.etreproprio.com/immobilier-20004228-vente-belle-maison-contemporaine-4-chambres-et-un-bureau-terrain-950-m2-janze,224 900,Janze 35150,116,950,6
Longère découpée en appartements,https://www.etreproprio.com/immobilier-19894727-vente-longere-decoupee-en-appartements-janze,340 000,Janze 35150,217,,13
Janzé -maison non mitoyenne sans vis à vis - 4 chambres dont 1 rdc et un bureau - 721 m²  terrain,https://www.etreproprio.com/immobilier-19499126-vente-janze-maison-non-mitoyenne-sans-vis-a-vis-4-chambres-dont-1-rdc-et-un-bureau-721-m-terrain-janze,424 350,Janze 35150,180,721,7
Janzé - maison 153m² sur parcelle de 1349m2,https://www.etreproprio.com/immobilier-18438803-vente-janze-maison-153m-sur-parcelle-de-1349m2-janze,382 000,Janze 35150,153,1 349,7
Janzé  bourg- maison plain-pied - 2 chambres- 409 m² terrain,https://www.etreproprio.com/immobilier-15653190-vente-janze-bourg-maison-plain-pied-2-chambres-409-m-terrain-janze,227 700,Janze 35150,73,409,3
Maison 58m² à lalleu,https://www.etreproprio.com/immobilier-23265277-vente-maison-58m-a-lalleu-lalleu,86 700,Lalleu 35320,58,225,2
A 2 pas du centre,https://www.etreproprio.com/immobilier-23212351-vente-a-2-pas-du-centre-laille,318 000,Laille 35890,113,276,5
Maison 151m² à laille,https://www.etreproprio.com/immobilier-22989560-vente-maison-151m-a-laille-laille,476 000,Laille 35890,151,478,7
Maison laille 2 pièce(s) 23.80 m2,https://www.etreproprio.com/immobilier-22496664-vente-maison-laille-2-pieces-2380-m2-laille,128 400,Laille 35890,24,1 438,2
Viager - maison laille 5 pièce(s) 80 m2,https://www.etreproprio.com/immobilier-22496665-vente-viager-maison-laille-5-pieces-80-m2-laille,72 720,Laille 35890,80,477,5
Maison laille 7 pièce(s) 120 m2,https://www.etreproprio.com/immobilier-22496669-vente-maison-laille-7-pieces-120-m2-laille,377 280,Laille 35890,120,580,7
Maison 110m² à laille,https://www.etreproprio.com/immobilier-22441727-vente-maison-110m-a-laille-laille,228 800,Laille 35890,110,330,5
Maison 125m² à laille,https://www.etreproprio.com/immobilier-21564592-vente-maison-125m-a-laille-laille,399 500,Laille 35890,125,535,6
Maison 81m² à laille,https://www.etreproprio.com/immobilier-22354212-vente-maison-81m-a-laille-laille,218 400,Laille 35890,81,,4
Propriété laillé avec vue exceptionnelle sur la vallée,https://www.etreproprio.com/immobilier-22277551-vente-propriete-laille-avec-vue-exceptionnelle-sur-la-vallee-laille,573 100,Laille 35890,202,4 300,1
Maison familiale à laillé,https://www.etreproprio.com/immobilier-21097888-vente-maison-familiale-a-laille-laille,279 000,Laille 35890,100,420,6
Maison 186m² à laille,https://www.etreproprio.com/immobilier-21765243-vente-maison-186m-a-laille-laille,n.c.,Laille 35890,186,5 480,8
Maison laillé 120 m2,https://www.etreproprio.com/immobilier-20228922-vente-maison-laille-120-m2-laille,285 274,Laille 35890,95,732,3
A vendre maison 5 pièces à landavran 105 m² - 157 900  hai,https://www.etreproprio.com/immobilier-22592876-vente-a-vendre-maison-5-pieces-a-landavran-105-m-157-900-hai-landavran,157 900,Landavran 35450,105,7 170,5
Maison 115m² à landean,https://www.etreproprio.com/immobilier-23908085-vente-maison-115m-a-landean-landean,182 000,Landean 35133,115,,5
Maison en pierres à finir de rénover - gros potentiel,https://www.etreproprio.com/immobilier-23897430-vente-maison-en-pierres-a-finir-de-renover-gros-potentiel-landean,101 000,Landean 35133,81,700,5
"Maison en pierres, 3ch, à finir de rénover - gros potentiel",https://www.etreproprio.com/immobilier-23897432-vente-maison-en-pierres-3ch-a-finir-de-renover-gros-potentiel-landean,86 000,Landean 35133,65,,4
Maison à vendre 6 pièces landean (35),https://www.etreproprio.com/immobilier-23856904-vente-maison-a-vendre-6-pieces-landean-35-landean,599 000,Landean 35133,190,7 762,6
Maison 75 m² à landean (35133 ) plain-pied,https://www.etreproprio.com/immobilier-18962986-vente-maison-75-m-a-landean-35133-plain-pied-landean,164 000,Landean 35133,75,701,4
Maison landean 5 pièce(s),https://www.etreproprio.com/immobilier-23536369-vente-maison-landean-5-pieces-landean,185 000,Landean 35133,117,4 790,5
Maison 190m² à landean,https://www.etreproprio.com/immobilier-22322415-vente-maison-190m-a-landean-landean,599 000,Landean 35133,190,8 191,7
Maison  9 pièces + dépendances,https://www.etreproprio.com/immobilier-20316759-vente-maison-9-pieces-dependances-landean,599 000,Landean 35133,190,8 001,9
Maison 127m² à landean,https://www.etreproprio.com/immobilier-22494529-vente-maison-127m-a-landean-landean,72 500,Landean 35133,127,201,5
Demeure en pierres,https://www.etreproprio.com/immobilier-21917240-vente-demeure-en-pierres-landean,674 700,Landean 35133,190,8 190,14
Maison landujan 7 pièces 166 m2 - 5 chambres - dépendances - 7500 m² de terrain,https://www.etreproprio.com/immobilier-22715055-vente-maison-landujan-7-pieces-166-m2-5-chambres-dependances-7500-m-de-terrain-landujan,342 550,Landujan 35360,166,7 500,7
Maison 125m² à landujan,https://www.etreproprio.com/immobilier-21971459-vente-maison-125m-a-landujan-landujan,188 000,Landujan 35360,125,1 024,6
"Dpt ille et vilaine (35), à vendre landujan maison",https://www.etreproprio.com/immobilier-21613376-vente-dpt-ille-et-vilaine-35-a-vendre-landujan-maison-landujan,299 900,Landujan 35360,132,380,5
Maison 113m² à langan,https://www.etreproprio.com/immobilier-23214814-vente-maison-113m-a-langan-langan,223 600,Langan 35850,113,4 870,5
Jolie maison de 4 chambres et piscine proche de langon,https://www.etreproprio.com/immobilier-23903236-vente-jolie-maison-de-4-chambres-et-piscine-proche-de-langon-langon,275 600,Langon 35660,179,1 665,8
Maison 119m² à langon,https://www.etreproprio.com/immobilier-23607383-vente-maison-119m-a-langon-langon,286 000,Langon 35660,119,2 560,5
Maison langon 35660- cadre verdoyant et calme - 4 chambres,https://www.etreproprio.com/immobilier-23290142-vente-maison-langon-35660-cadre-verdoyant-et-calme-4-chambres-langon,316 000,Langon 35660,153,612,5
Maison langon 10 pièce(s) 160 m2,https://www.etreproprio.com/immobilier-22420206-vente-maison-langon-10-pieces-160-m2-langon,130 390,Langon 35660,155,707,10
Maison - la chapelle de brain - 3 pièces -  81 m2,https://www.etreproprio.com/immobilier-23220271-vente-maison-la-chapelle-de-brain-3-pieces-81-m2-langon,96 830,Langon 35660,81,415,3
Maison 30m² à langon,https://www.etreproprio.com/immobilier-23152302-vente-maison-30m-a-langon-langon,50 000,Langon 35660,30,624,2
Maison langon 15 pièce(s) 500 m2,https://www.etreproprio.com/immobilier-22937375-vente-maison-langon-15-pieces-500-m2-langon,917 000,Langon 35660,500,48 635,15
Maison 84m² à langon,https://www.etreproprio.com/immobilier-22070420-vente-maison-84m-a-langon-langon,127 200,Langon 35660,84,890,5
Maison 90m² à langon,https://www.etreproprio.com/immobilier-22854883-vente-maison-90m-a-langon-langon,128 400,Langon 35660,90,800,4
Maison langon 6 pièce(s) 165 m2,https://www.etreproprio.com/immobilier-22567112-vente-maison-langon-6-pieces-165-m2-langon,258 600,Langon 35660,165,3 035,6
A vendre maison t3 avec jardin a langon,https://www.etreproprio.com/immobilier-22032137-vente-a-vendre-maison-t3-avec-jardin-a-langon-langon,123 050,Langon 35660,48,1 193,3
Manoir d'exception  xv émé au xix ème  siècle   parc paysager de près de 3 hectares  dépendances  jardin à la française,https://www.etreproprio.com/immobilier-22060204-vente-manoir-d-exception-xv-eme-au-xix-eme-siecle-parc-paysager-de-pres-de-3-hectares-dependances-jardin-a-la-francaise-langon,917 000,Langon 35660,500,29 585,
Maison 101m² à langouet,https://www.etreproprio.com/immobilier-23768625-vente-maison-101m-a-langouet-langouet,291 000,Langouet 35630,101,416,5
Maison 137m² à langouet,https://www.etreproprio.com/immobilier-22725480-vente-maison-137m-a-langouet-langouet,299 900,Langouet 35630,137,1 036,5
Maison 107m² à langouet,https://www.etreproprio.com/immobilier-23649484-vente-maison-107m-a-langouet-langouet,316 000,Langouet 35630,107,558,4
Maison langouet t7 220 m²,https://www.etreproprio.com/immobilier-23285702-vente-maison-langouet-t7-220-m-langouet,408 825,Langouet 35630,220,2 100,7
Maison contemporaine récente - 101 m2 - 3 chambres,https://www.etreproprio.com/immobilier-23183268-vente-maison-contemporaine-recente-101-m2-3-chambres-langouet,291 200,Langouet 35630,101,416,5
Longère authentique langouet 6 pièce(s) 203 m2,https://www.etreproprio.com/immobilier-22497799-vente-longere-authentique-langouet-6-pieces-203-m2-langouet,440 160,Langouet 35630,203,2 178,6
Maison 146m² à langouet,https://www.etreproprio.com/immobilier-17579748-vente-maison-146m-a-langouet-langouet,428 450,Langouet 35630,146,4 650,8
Maison 146m² à langouet,https://www.etreproprio.com/immobilier-17579751-vente-maison-146m-a-langouet-langouet,428 450,Langouet 35630,146,4 650,8
Maison 5 pièces 102m²,https://www.etreproprio.com/immobilier-23888912-vente-maison-5-pieces-102m-lassy,250 800,Lassy 35580,102,228,5
Maison secteur calme,https://www.etreproprio.com/immobilier-23709950-vente-maison-secteur-calme-lassy,241 000,Lassy 35580,115,,5
Maison 8 pieces lassy terrain 6100m2,https://www.etreproprio.com/immobilier-23642173-vente-maison-8-pieces-lassy-terrain-6100m2-lassy,438 900,Lassy 35580,190,6 100,8
Maison en pierres en campagne,https://www.etreproprio.com/immobilier-21005812-vente-maison-en-pierres-en-campagne-lassy,299 000,Lassy 35580,159,2 693,6
Maison  indépendante lassy 7 pièce(s) 199m²,https://www.etreproprio.com/immobilier-19321385-vente-maison-independante-lassy-7-pieces-199m-lassy,465 750,Lassy 35580,199,2 500,7
Campagne de lecousse,https://www.etreproprio.com/immobilier-23910229-vente-campagne-de-lecousse-lecousse,188 300,Lecousse 35133,92,800,5
Maison 91m² à lecousse,https://www.etreproprio.com/immobilier-23901861-vente-maison-91m-a-lecousse-lecousse,186 900,Lecousse 35133,91,600,4
Maison 80m² à lecousse,https://www.etreproprio.com/immobilier-23533067-vente-maison-80m-a-lecousse-lecousse,252 000,Lecousse 35133,80,298,5
Maison lecousse  4 pièce(s) 80 m2,https://www.etreproprio.com/immobilier-23536370-vente-maison-lecousse-4-pieces-80-m2-lecousse,252 000,Lecousse 35133,80,298,4
"Maison de 156m² à lécousse, proche commerces et écoles",https://www.etreproprio.com/immobilier-19484846-vente-maison-de-156m-a-lecousse-proche-commerces-et-ecoles-lecousse,219 500,Lecousse 35133,156,719,7
Maison 87m² à lecousse,https://www.etreproprio.com/immobilier-23502918-vente-maison-87m-a-lecousse-lecousse,259 000,Lecousse 35133,87,391,4
Maison très récente à vendre 4 pièces lecousse (35),https://www.etreproprio.com/immobilier-23493235-vente-maison-tres-recente-a-vendre-4-pieces-lecousse-35-lecousse,258 750,Lecousse 35133,88,392,4
Maison 156m² à lecousse,https://www.etreproprio.com/immobilier-23661001-vente-maison-156m-a-lecousse-lecousse,220 000,Lecousse 35133,156,719,6
Maison récente 3 chambres avec suite parentale - lecousse,https://www.etreproprio.com/immobilier-23606364-vente-maison-recente-3-chambres-avec-suite-parentale-lecousse-lecousse,258 880,Lecousse 35133,96,340,4
Maison t5 lecousse,https://www.etreproprio.com/immobilier-23479711-vente-maison-t5-lecousse-lecousse,210 200,Lecousse 35133,100,,4
Jolie maison avec garage et jardin exposé sud et ouest,https://www.etreproprio.com/immobilier-23212881-vente-jolie-maison-avec-garage-et-jardin-expose-sud-et-ouest-lecousse,194 950,Lecousse 35133,100,536,6
A la recherche d'une maison familliale 5 chambres avec un beau jardin ? ne chercher plus,https://www.etreproprio.com/immobilier-22612408-vente-a-la-recherche-d-une-maison-familliale-5-chambres-avec-un-beau-jardin-ne-chercher-plus-lecousse,196 700,Lecousse 35133,100,536,7
Votre nouvelle histoire commence à lécousse !,https://www.etreproprio.com/immobilier-23201407-vente-votre-nouvelle-histoire-commence-a-lecousse-lecousse,145 880,Lecousse 35133,68,458,4
A vendre - maison romagne 132 m²,https://www.etreproprio.com/immobilier-23151751-vente-a-vendre-maison-romagne-132-m-lecousse,334 500,Lecousse 35133,132,7 600,5
"Maison de 155 m², 7 pièces sur 1400 m² de terrain",https://www.etreproprio.com/immobilier-22609363-vente-maison-de-155-m-7-pieces-sur-1400-m-de-terrain-lecousse,320 000,Lecousse 35133,155,1 400,7
Maison 138m² à lecousse,https://www.etreproprio.com/immobilier-23113613-vente-maison-138m-a-lecousse-lecousse,295 000,Lecousse 35133,138,486,8
Maison lécousse 5 pièce(s),https://www.etreproprio.com/immobilier-23078860-vente-maison-lecousse-5-pieces-lecousse,199 300,Lecousse 35133,107,100,5
Maison lécousse,https://www.etreproprio.com/immobilier-22974692-vente-maison-lecousse-lecousse,210 500,Lecousse 35133,96,517,4
A vendre maison fougère lecousse 6 pièce(s) 99.2 m2,https://www.etreproprio.com/immobilier-22942741-vente-a-vendre-maison-fougere-lecousse-6-pieces-992-m2-lecousse,255 712,Lecousse 35133,99,138,6
Maison 3 pièces 55 m2,https://www.etreproprio.com/immobilier-21675805-vente-maison-3-pieces-55-m2-lecousse,119 500,Lecousse 35133,55,502,3
Maison 136m² à lieuron,https://www.etreproprio.com/immobilier-23244487-vente-maison-136m-a-lieuron-lieuron,247 990,Lieuron 35550,136,8 167,9
Maison de 88 m² sur un terrain de 759 m²,https://www.etreproprio.com/immobilier-23466686-vente-maison-de-88-m-sur-un-terrain-de-759-m-lieuron,232 000,Lieuron 35550,88,759,6
A vendre maison d'architecte à  lécousse 7 pièce(s) 215m²,https://www.etreproprio.com/immobilier-21584297-vente-a-vendre-maison-d-architecte-a-lecousse-7-pieces-215m-lecousse,413 000,Lecousse 35133,216,6 700,7
Maison 6 pièces 120 m2,https://www.etreproprio.com/immobilier-22165709-vente-maison-6-pieces-120-m2-lecousse,192 000,Lecousse 35133,120,675,6
Maison 200m² à lecousse,https://www.etreproprio.com/immobilier-22026236-vente-maison-200m-a-lecousse-lecousse,488 775,Lecousse 35133,200,522,8
"Maison lécousse, proche fougeres 6 pièce(s) 107 m2",https://www.etreproprio.com/immobilier-21235400-vente-maison-lecousse-proche-fougeres-6-pieces-107-m2-lecousse,200 000,Lecousse 35133,107,100,6
Maison 5 pièces 95 m2,https://www.etreproprio.com/immobilier-20207833-vente-maison-5-pieces-95-m2-lecousse,220 000,Lecousse 35133,95,500,5
Maison 92m² à lecousse,https://www.etreproprio.com/immobilier-16119280-vente-maison-92m-a-lecousse-lecousse,233 910,Lecousse 35133,92,480,5
Maison 114m² à liffre,https://www.etreproprio.com/immobilier-23900816-vente-maison-114m-a-liffre-liffre,379 900,Liffre 35340,114,589,6
Maison 101m² à liffre,https://www.etreproprio.com/immobilier-23905351-vente-maison-101m-a-liffre-liffre,271 000,Liffre 35340,101,2 238,4
Maison 115m² à liffre,https://www.etreproprio.com/immobilier-23889547-vente-maison-115m-a-liffre-liffre,290 040,Liffre 35340,115,618,5
Maison de bourg - liffré -  6 pièce(s)  - 142 m2 - jardin,https://www.etreproprio.com/immobilier-20936767-vente-maison-de-bourg-liffre-6-pieces-142-m2-jardin-liffre,320 000,Liffre 35340,142,760,6
Maison coup de cœur entourée de nature à erce-près-liffre,https://www.etreproprio.com/immobilier-23857141-vente-maison-coup-de-coeur-entouree-de-nature-a-erce-pres-liffre-liffre,335 000,Liffre 35340,122,3 800,5
Maison liffré,https://www.etreproprio.com/immobilier-23849723-vente-maison-liffre-liffre,209 800,Liffre 35340,60,590,4
Maison liffre 6 pièce(s) 181.67 m2,https://www.etreproprio.com/immobilier-23841963-vente-maison-liffre-6-pieces-18167-m2-liffre,546 000,Liffre 35340,182,491,6
Maison à liffré de 169 m2,https://www.etreproprio.com/immobilier-23840569-vente-maison-a-liffre-de-169-m2-liffre,303 630,Liffre 35340,170,815,7
Maison liffre 5 pièce(s) 126.12 m2,https://www.etreproprio.com/immobilier-22319772-vente-maison-liffre-5-pieces-12612-m2-liffre,439 950,Liffre 35340,126,437,5
Maison 143m² à liffre,https://www.etreproprio.com/immobilier-23806275-vente-maison-143m-a-liffre-liffre,322 400,Liffre 35340,143,770,5
Maison 106m² à liffre,https://www.etreproprio.com/immobilier-23765587-vente-maison-106m-a-liffre-liffre,262 500,Liffre 35340,106,573,6
Maison 140m² à liffre,https://www.etreproprio.com/immobilier-23755925-vente-maison-140m-a-liffre-liffre,398 600,Liffre 35340,140,306,6
Maison 145m² à liffre,https://www.etreproprio.com/immobilier-23714112-vente-maison-145m-a-liffre-liffre,249 800,Liffre 35340,145,276,6
Maison 80m² à liffre,https://www.etreproprio.com/immobilier-23684524-vente-maison-80m-a-liffre-liffre,229 500,Liffre 35340,80,709,4
Maison familiale avec chambre au rdc idéalement située à liffré,https://www.etreproprio.com/immobilier-23687704-vente-maison-familiale-avec-chambre-au-rdc-idealement-situee-a-liffre-liffre,319 335,Liffre 35340,101,327,5
Maison 179m² à liffre,https://www.etreproprio.com/immobilier-23684525-vente-maison-179m-a-liffre-liffre,441 000,Liffre 35340,179,1 500,8
Maison liffré,https://www.etreproprio.com/immobilier-23689519-vente-maison-liffre-liffre,303 630,Liffre 35340,100,400,6
À vendre - belle maison contemporaine aux prestations de qualité sur la commune de liffré,https://www.etreproprio.com/immobilier-23687702-vente-a-vendre-belle-maison-contemporaine-aux-prestations-de-qualite-sur-la-commune-de-liffre-liffre,434 505,Liffre 35340,129,690,6
Maison liffré,https://www.etreproprio.com/immobilier-23689518-vente-maison-liffre-liffre,367 150,Liffre 35340,155,530,7
Maison liffré,https://www.etreproprio.com/immobilier-23687707-vente-maison-liffre-liffre,136 700,Liffre 35340,,,4
"Maison à vendre lillemer 6 pièces, 4 chambres, 993m² de terrain",https://www.etreproprio.com/immobilier-23880760-vente-maison-a-vendre-lillemer-6-pieces-4-chambres-993m-de-terrain-lillemer,296 400,Lillemer 35111,137,993,6
Maison 108m² à lillemer,https://www.etreproprio.com/immobilier-23735105-vente-maison-108m-a-lillemer-lillemer,282 000,Lillemer 35111,108,1 514,5
Maison avec jardin lillemer à vendre,https://www.etreproprio.com/immobilier-21795120-vente-maison-avec-jardin-lillemer-a-vendre-lillemer,299 900,Lillemer 35111,205,579,7
Maison 136m² à livre-sur-changeon,https://www.etreproprio.com/immobilier-23883151-vente-maison-136m-a-livre-sur-changeon-livre-sur-changeon,260 000,Livre-Sur-Changeon 35450,136,1 907,7
Maison 175m² à livre-sur-changeon,https://www.etreproprio.com/immobilier-23001271-vente-maison-175m-a-livre-sur-changeon-livre-sur-changeon,269 000,Livre-Sur-Changeon 35450,175,3 039,5
Maison 132m² à livre-sur-changeon,https://www.etreproprio.com/immobilier-23756878-vente-maison-132m-a-livre-sur-changeon-livre-sur-changeon,393 000,Livre-Sur-Changeon 35450,132,12 080,5
Maison livre sur changeon 5 pièce(s) 140 m2,https://www.etreproprio.com/immobilier-23386872-vente-maison-livre-sur-changeon-5-pieces-140-m2-livre-sur-changeon,399 000,Livre-Sur-Changeon 35450,140,12 000,5
Maison liffré -  5 pièces - 76 m² - chambre au rez-de-chaussée,https://www.etreproprio.com/immobilier-23687700-vente-maison-liffre-5-pieces-76-m-chambre-au-rez-de-chaussee-liffre,256 515,Liffre 35340,76,57,5
Maison en campagne de liffré,https://www.etreproprio.com/immobilier-23687706-vente-maison-en-campagne-de-liffre-liffre,167 520,Liffre 35340,116,800,5
Maison 143m² à liffre,https://www.etreproprio.com/immobilier-23184072-vente-maison-143m-a-liffre-liffre,320 000,Liffre 35340,143,770,5
"Centre ville, maison 130m2, 4 chambres.",https://www.etreproprio.com/immobilier-20104212-vente-centre-ville-maison-130m2-4-chambres-liffre,290 500,Liffre 35340,110,618,6
Maison 248m² à liffre,https://www.etreproprio.com/immobilier-23660998-vente-maison-248m-a-liffre-liffre,496 000,Liffre 35340,248,4 479,8
Maison liffré,https://www.etreproprio.com/immobilier-23619575-vente-maison-liffre-liffre,356 660,Liffre 35340,110,2 700,7
Maison 118m² à liffre,https://www.etreproprio.com/immobilier-22145533-vente-maison-118m-a-liffre-liffre,303 000,Liffre 35340,118,449,6
Maison 94m² à liffre,https://www.etreproprio.com/immobilier-23548810-vente-maison-94m-a-liffre-liffre,326 000,Liffre 35340,94,330,4
Maison 92m² à liffre,https://www.etreproprio.com/immobilier-23545519-vente-maison-92m-a-liffre-liffre,292 600,Liffre 35340,92,265,4
Maison 133m² à liffre,https://www.etreproprio.com/immobilier-22927493-vente-maison-133m-a-liffre-liffre,399 500,Liffre 35340,133,384,6
Maison 129m² à liffre,https://www.etreproprio.com/immobilier-23130360-vente-maison-129m-a-liffre-liffre,405 600,Liffre 35340,129,384,6
Maison 117m² à liffre,https://www.etreproprio.com/immobilier-22631421-vente-maison-117m-a-liffre-liffre,315 000,Liffre 35340,118,3 396,4
Maison 203m² à liffre,https://www.etreproprio.com/immobilier-23507711-vente-maison-203m-a-liffre-liffre,330 000,Liffre 35340,203,,8
Maison 144m² à liffre,https://www.etreproprio.com/immobilier-23490278-vente-maison-144m-a-liffre-liffre,271 800,Liffre 35340,144,260,6
Maison 122m² à liffre,https://www.etreproprio.com/immobilier-23490228-vente-maison-122m-a-liffre-liffre,363 500,Liffre 35340,122,236,5
Maison 127m² à liffre,https://www.etreproprio.com/immobilier-23467264-vente-maison-127m-a-liffre-liffre,346 500,Liffre 35340,127,5 316,5
Maison liffré 8 pièce(s) 170m2,https://www.etreproprio.com/immobilier-23457843-vente-maison-liffre-8-pieces-170m2-liffre,497 325,Liffre 35340,171,612,8
Maison 151m² à liffre,https://www.etreproprio.com/immobilier-21995845-vente-maison-151m-a-liffre-liffre,433 000,Liffre 35340,152,770,8
Maison récente 85 m² 3 chambres à liffré,https://www.etreproprio.com/immobilier-23444038-vente-maison-recente-85-m-3-chambres-a-liffre-liffre,293 160,Liffre 35340,85,191,5
Maison liffre 8 pièce(s) 277 m2,https://www.etreproprio.com/immobilier-23219062-vente-maison-liffre-8-pieces-277-m2-liffre,546 000,Liffre 35340,277,2 163,8
Maison 140m² à loheac,https://www.etreproprio.com/immobilier-22322387-vente-maison-140m-a-loheac-loheac,284 625,Loheac 35550,140,630,8
"Idéal investisseur, 2 logements, proche axe rennes st malo",https://www.etreproprio.com/immobilier-23848112-vente-ideal-investisseur-2-logements-proche-axe-rennes-st-malo-longaulnay,209 500,Longaulnay 35190,147,1 874,7
Maison longaulnay 6 pièce(s) 200 m2,https://www.etreproprio.com/immobilier-22688188-vente-maison-longaulnay-6-pieces-200-m2-longaulnay,398 240,Longaulnay 35190,200,1 691,6
Maison 173m² à liffre,https://www.etreproprio.com/immobilier-23394094-vente-maison-173m-a-liffre-liffre,445 000,Liffre 35340,173,559,7
"À vendre - belle longère en pierre avec vaste terrain arboré, sans vis-à-vis",https://www.etreproprio.com/immobilier-22644597-vente-a-vendre-belle-longere-en-pierre-avec-vaste-terrain-arbore-sans-vis-a-vis-liffre,544 440,Liffre 35340,249,2 160,8
Maison 118m² à liffre,https://www.etreproprio.com/immobilier-23313487-vente-maison-118m-a-liffre-liffre,297 825,Liffre 35340,118,338,6
Vendu par l'agence la française immobilière liffré !,https://www.etreproprio.com/immobilier-23316603-vente-vendu-par-l-agence-la-francaise-immobiliere-liffre-liffre,293 160,Liffre 35340,88,858,5
Maison 149m² à liffre,https://www.etreproprio.com/immobilier-23306404-vente-maison-149m-a-liffre-liffre,415 000,Liffre 35340,149,384,6
Liffré centre   grande maison 7 ch avec piscine et potentiel,https://www.etreproprio.com/immobilier-23284718-vente-liffre-centre-grande-maison-7-ch-avec-piscine-et-potentiel-liffre,474 999,Liffre 35340,346,,15
Maison contemporaine,https://www.etreproprio.com/immobilier-23273842-vente-maison-contemporaine-liffre,299 800,Liffre 35340,92,327,4
Prestations de qualité et cadre serein : votre future maison à liffré,https://www.etreproprio.com/immobilier-23273792-vente-prestations-de-qualite-et-cadre-serein-votre-future-maison-a-liffre-liffre,499 000,Liffre 35340,150,804,6
A vendre - 35340 liffre  - maison de charme - centre ville - 4 chambres - 167 m² hab et 207 m² au sol - expo sud - terrain de 33,https://www.etreproprio.com/immobilier-23231557-vente-a-vendre-35340-liffre-maison-de-charme-centre-ville-4-chambres-167-m-hab-et-207-m-au-sol-expo-sud-terrain-de-33-liffre,489 740,Liffre 35340,167,330,7
Maison contemporaine liffre 6 pièce(s) 112.67 m2,https://www.etreproprio.com/immobilier-23188212-vente-maison-contemporaine-liffre-6-pieces-11267-m2-liffre,364 356,Liffre 35340,113,236,6
Maison chasné sur illet,https://www.etreproprio.com/immobilier-23168010-vente-maison-chasne-sur-illet-liffre,392 607,Liffre 35340,130,815,7
"À liffré, dans un quartier très recherché, venez découvrir cette jolie maison familiale pleine de charme et de potentiel !",https://www.etreproprio.com/immobilier-23138905-vente-a-liffre-dans-un-quartier-tres-recherche-venez-decouvrir-cette-jolie-maison-familiale-pleine-de-charme-et-de-potentiel-liffre,356 000,Liffre 35340,111,,5
Maison 112m² à liffre,https://www.etreproprio.com/immobilier-22981468-vente-maison-112m-a-liffre-liffre,356 000,Liffre 35340,112,446,6
Maison 104m² à liffre,https://www.etreproprio.com/immobilier-23089529-vente-maison-104m-a-liffre-liffre,282 700,Liffre 35340,104,460,4
Maison 247m² à liffre,https://www.etreproprio.com/immobilier-23026763-vente-maison-247m-a-liffre-liffre,592 000,Liffre 35340,247,2 712,9
Maison contemporaire coup de coeur à liffré,https://www.etreproprio.com/immobilier-22995726-vente-maison-contemporaire-coup-de-coeur-a-liffre-liffre,369 500,Liffre 35340,115,290,5
Vendu - 35340 liffre - centre ville - maison - 5 chambres - 162 m² hab. et 188m² au sol - terrain 590 m²- garage.,https://www.etreproprio.com/immobilier-22904591-vente-vendu-35340-liffre-centre-ville-maison-5-chambres-162-m-hab-et-188m-au-sol-terrain-590-m-garage-liffre,360 000,Liffre 35340,162,590,8
Rare longére liffre 10 pièce(s) 277 m2 proximité centre ville de liffré et a84,https://www.etreproprio.com/immobilier-21683976-vente-rare-longere-liffre-10-pieces-277-m2-proximite-centre-ville-de-liffre-et-a84-liffre,574 750,Liffre 35340,277,2 163,8
Maison liffré,https://www.etreproprio.com/immobilier-22863962-vente-maison-liffre-liffre,262 250,Liffre 35340,145,780,7
Maison 93m² à liffre,https://www.etreproprio.com/immobilier-22506133-vente-maison-93m-a-liffre-liffre,275 000,Liffre 35340,93,673,5
Charmante maison de bourg,https://www.etreproprio.com/immobilier-23464614-vente-charmante-maison-de-bourg-le-loroux,120 000,Le Loroux 35133,75,,4
Maison 145m² à le loroux,https://www.etreproprio.com/immobilier-23786521-vente-maison-145m-a-le-loroux-le-loroux,181 000,Le Loroux 35133,145,,5
Martial joyeux conseiller immobilier optimhome vous présente :,https://www.etreproprio.com/immobilier-23594417-vente-martial-joyeux-conseiller-immobilier-optimhome-vous-presente-le-loroux,181 000,Le Loroux 35133,144,1 075,7
Maison pierre de 110 m2 très bien entretenue en centre bourg avec ses dépendances,https://www.etreproprio.com/immobilier-23368766-vente-maison-pierre-de-110-m2-tres-bien-entretenue-en-centre-bourg-avec-ses-dependances-le-loroux,183 800,Le Loroux 35133,112,519,7
"Maison type longère 166m², 4 chambres",https://www.etreproprio.com/immobilier-20846281-vente-maison-type-longere-166m-4-chambres-le-loroux,199 000,Le Loroux 35133,166,2 083,6
Maison 124m² à lourmais,https://www.etreproprio.com/immobilier-21745480-vente-maison-124m-a-lourmais-lourmais,240 000,Lourmais 35270,124,437,4
Maison lourmais 6 pièce(s) 166 m2,https://www.etreproprio.com/immobilier-23777094-vente-maison-lourmais-6-pieces-166-m2-lourmais,249 900,Lourmais 35270,166,622,6
Maison proche combourg 131 m2,https://www.etreproprio.com/immobilier-21396646-vente-maison-proche-combourg-131-m2-lourmais,249 120,Lourmais 35270,131,415,6
Maison liffre 8 pièce(s) 156m2,https://www.etreproprio.com/immobilier-22853414-vente-maison-liffre-8-pieces-156m2-liffre,454 357,Liffre 35340,156,770,8
"Maison 180,78 m² - centre-ville de liffré - 6 chambres - sous-sol",https://www.etreproprio.com/immobilier-22330915-vente-maison-18078-m-centre-ville-de-liffre-6-chambres-sous-sol-liffre,481 620,Liffre 35340,181,456,8
Maison 110m² à liffre,https://www.etreproprio.com/immobilier-22356393-vente-maison-110m-a-liffre-liffre,357 000,Liffre 35340,110,2 694,6
Maison à vendre liffré centre,https://www.etreproprio.com/immobilier-22243438-vente-maison-a-vendre-liffre-centre-liffre,350 000,Liffre 35340,145,774,5
Maison liffré,https://www.etreproprio.com/immobilier-22221815-vente-maison-liffre-liffre,314 700,Liffre 35340,95,2 120,4
A vendre manoir du 17ème de 400 m² environ plus 400 m² (5 logements independants) sur 11 hectares,https://www.etreproprio.com/immobilier-21988462-vente-a-vendre-manoir-du-17eme-de-400-m-environ-plus-400-m-5-logements-independants-sur-11-hectares-liffre,1 493 400,Liffre 35340,800,110 000,34
Manoir de prestige à vendre à liffre,https://www.etreproprio.com/immobilier-21990594-vente-manoir-de-prestige-a-vendre-a-liffre-liffre,1 491 975,Liffre 35340,800,111 876,15
Charmante maison aux portes de rennes – idéale pour un nouveau départ en 2025 !,https://www.etreproprio.com/immobilier-21974181-vente-charmante-maison-aux-portes-de-rennes-ideale-pour-un-nouveau-depart-en-2025-liffre,332 000,Liffre 35340,112,,6
Liffré -   à 100 m de commerces,https://www.etreproprio.com/immobilier-21878798-vente-liffre-a-100-m-de-commerces-liffre,357 000,Liffre 35340,129,46,6
Liffré -   à 100 m de commerces,https://www.etreproprio.com/immobilier-21878799-vente-liffre-a-100-m-de-commerces-liffre,268 000,Liffre 35340,91,46,4
De nouveaux biens arrivent bientôt… et si c’était le vôtre ?,https://www.etreproprio.com/immobilier-21716946-vente-de-nouveaux-biens-arrivent-bientot-et-si-c-etait-le-votre-liffre,296 000,Liffre 35340,121,,5
Maison liffré,https://www.etreproprio.com/immobilier-21417983-vente-maison-liffre-liffre,379 200,Liffre 35340,129,,7
Maison liffre,https://www.etreproprio.com/immobilier-21417982-vente-maison-liffre-liffre,288 495,Liffre 35340,91,,5
Maison 97m² à liffré,https://www.etreproprio.com/immobilier-18909874-vente-maison-97m-a-liffre-liffre,293 000,Liffre 35340,97,280,4
Maison liffre 6 pièce(s) 70 m2,https://www.etreproprio.com/immobilier-21316340-vente-maison-liffre-6-pieces-70-m2-liffre,293 440,Liffre 35340,106,673,6
Maison 96 m² à liffré,https://www.etreproprio.com/immobilier-21194653-vente-maison-96-m-a-liffre-liffre,285 000,Liffre 35340,97,280,4
Maison de ville neuve 91 m2 située en plein centre-ville de liffré - 6 pièces.,https://www.etreproprio.com/immobilier-20998282-vente-maison-de-ville-neuve-91-m2-situee-en-plein-centre-ville-de-liffre-6-pieces-liffre,288 495,Liffre 35340,91,,5
Maison de ville neuve 129 m2 située en plein centre-ville de liffré - 7 pièces.,https://www.etreproprio.com/immobilier-20998281-vente-maison-de-ville-neuve-129-m2-situee-en-plein-centre-ville-de-liffre-7-pieces-liffre,379 200,Liffre 35340,129,,7
Maison récente de plain pied de 2020,https://www.etreproprio.com/immobilier-20636510-vente-maison-recente-de-plain-pied-de-2020-liffre,249 000,Liffre 35340,82,335,4
Maison en campagne à environ 2 kms du bourg,https://www.etreproprio.com/immobilier-20560068-vente-maison-en-campagne-a-environ-2-kms-du-bourg-liffre,285 000,Liffre 35340,121,,5
Charmante maison de bourg de loutehel (35330),https://www.etreproprio.com/immobilier-22935041-vente-charmante-maison-de-bourg-de-loutehel-35330-loutehel,180 200,Loutehel 35330,116,544,5
Maison 140m² à louvigné-de-bais,https://www.etreproprio.com/immobilier-23299874-vente-maison-140m-a-louvigne-de-bais-louvigne-de-bais,245 575,Louvigne-De-Bais 35680,140,370,5
Nouveauté au cabinet diard immobilier ! maison type 4 de plain pied 70 m2 sur terrain clos de 379 m2,https://www.etreproprio.com/immobilier-23736977-vente-nouveaute-au-cabinet-diard-immobilier-maison-type-4-de-plain-pied-70-m2-sur-terrain-clos-de-379-m2-louvigne-de-bais,116 125,Louvigne-De-Bais 35680,70,379,4
Maison 271m² à louvigne-de-bais,https://www.etreproprio.com/immobilier-23691929-vente-maison-271m-a-louvigne-de-bais-louvigne-de-bais,309 000,Louvigne-De-Bais 35680,271,319,7
A vendre maison 6 pièces à louvigné de bais 110 m² - 198 900 hai,https://www.etreproprio.com/immobilier-21855154-vente-a-vendre-maison-6-pieces-a-louvigne-de-bais-110-m-198-900-hai-louvigne-de-bais,198 900,Louvigne-De-Bais 35680,110,575,6
Maison 155m² à louvigne-de-bais,https://www.etreproprio.com/immobilier-23300175-vente-maison-155m-a-louvigne-de-bais-louvigne-de-bais,338 000,Louvigne-De-Bais 35680,155,1 000,7
Maison 220m² à louvigne-de-bais,https://www.etreproprio.com/immobilier-22437538-vente-maison-220m-a-louvigne-de-bais-louvigne-de-bais,425 250,Louvigne-De-Bais 35680,220,2 066,7
Maisons au cœur de louvigné de bais,https://www.etreproprio.com/immobilier-22531940-vente-maisons-au-coeur-de-louvigne-de-bais-louvigne-de-bais,290 000,Louvigne-De-Bais 35680,271,300,9
Maison 170m² à louvigne-de-bais,https://www.etreproprio.com/immobilier-23107592-vente-maison-170m-a-louvigne-de-bais-louvigne-de-bais,310 000,Louvigne-De-Bais 35680,170,3 500,5
Maison 400m² à louvigne-de-bais,https://www.etreproprio.com/immobilier-23394121-vente-maison-400m-a-louvigne-de-bais-louvigne-de-bais,364 000,Louvigne-De-Bais 35680,400,3 871,12
Maison louvigne de bais 6 pièce(s) 105 m2,https://www.etreproprio.com/immobilier-21880991-vente-maison-louvigne-de-bais-6-pieces-105-m2-louvigne-de-bais,199 000,Louvigne-De-Bais 35680,105,575,6
Maison 106m² à louvigne-de-bais,https://www.etreproprio.com/immobilier-23129355-vente-maison-106m-a-louvigne-de-bais-louvigne-de-bais,336 000,Louvigne-De-Bais 35680,106,506,5
"Maison 138 m2 sur terrain de 520 m2 avec 4 chambres, terrasse, cour et jardin exposé sud, double carport, cave",https://www.etreproprio.com/immobilier-23108093-vente-maison-138-m2-sur-terrain-de-520-m2-avec-4-chambres-terrasse-cour-et-jardin-expose-sud-double-carport-cave-louvigne-de-bais,227 850,Louvigne-De-Bais 35680,138,520,6
Maison 49m² à louvigne-de-bais,https://www.etreproprio.com/immobilier-22961815-vente-maison-49m-a-louvigne-de-bais-louvigne-de-bais,85 000,Louvigne-De-Bais 35680,49,425,1
Maison louvigne de bais 7 pièce(s) 206 m2,https://www.etreproprio.com/immobilier-22680723-vente-maison-louvigne-de-bais-7-pieces-206-m2-louvigne-de-bais,330 000,Louvigne-De-Bais 35680,206,272,7
Maison 252m² à louvigné-de-bais,https://www.etreproprio.com/immobilier-22658676-vente-maison-252m-a-louvigne-de-bais-louvigne-de-bais,299 000,Louvigne-De-Bais 35680,252,421,6
"Maison familiale , 4 chambres",https://www.etreproprio.com/immobilier-22573467-vente-maison-familiale-4-chambres-louvigne-de-bais,331 650,Louvigne-De-Bais 35680,110,,6
Maison 109m² à louvigne-de-bais,https://www.etreproprio.com/immobilier-21521649-vente-maison-109m-a-louvigne-de-bais-louvigne-de-bais,204 900,Louvigne-De-Bais 35680,110,575,5
A vendre - maison + hangar à louvigne de bais - 438 000  hai,https://www.etreproprio.com/immobilier-20584204-vente-a-vendre-maison-hangar-a-louvigne-de-bais-438-000-hai-louvigne-de-bais,438 000,Louvigne-De-Bais 35680,114,2 904,5
Maison 115m² à louvigne-du-desert,https://www.etreproprio.com/immobilier-23665767-vente-maison-115m-a-louvigne-du-desert-louvigne-du-desert,99 900,Louvigne-Du-Desert 35420,115,8 172,4
Maison 114m² à louvigne-du-desert,https://www.etreproprio.com/immobilier-23873202-vente-maison-114m-a-louvigne-du-desert-louvigne-du-desert,158 000,Louvigne-Du-Desert 35420,114,,5
Maison louvigne du desert 5 pièce(s) 100 m2,https://www.etreproprio.com/immobilier-23860815-vente-maison-louvigne-du-desert-5-pieces-100-m2-louvigne-du-desert,128 000,Louvigne-Du-Desert 35420,100,103,5
Maison 145m² à louvigne-du-desert,https://www.etreproprio.com/immobilier-23402107-vente-maison-145m-a-louvigne-du-desert-louvigne-du-desert,125 000,Louvigne-Du-Desert 35420,145,865,5
Maison 140m² à louvigne-du-desert,https://www.etreproprio.com/immobilier-23751031-vente-maison-140m-a-louvigne-du-desert-louvigne-du-desert,162 900,Louvigne-Du-Desert 35420,140,703,7
Maison 70m² à louvigne-du-desert,https://www.etreproprio.com/immobilier-23361748-vente-maison-70m-a-louvigne-du-desert-louvigne-du-desert,89 900,Louvigne-Du-Desert 35420,70,566,3
Maison louvigne du desert 8 pièce(s) 195.14 m2,https://www.etreproprio.com/immobilier-23678022-vente-maison-louvigne-du-desert-8-pieces-19514-m2-louvigne-du-desert,66 000,Louvigne-Du-Desert 35420,195,142,8
Maison louvigne du desert 5 pièce(s) 105 m2,https://www.etreproprio.com/immobilier-23628918-vente-maison-louvigne-du-desert-5-pieces-105-m2-louvigne-du-desert,199 900,Louvigne-Du-Desert 35420,105,6 000,5
Maison louvigne du desert  4 pièce(s),https://www.etreproprio.com/immobilier-22618352-vente-maison-louvigne-du-desert-4-pieces-louvigne-du-desert,113 000,Louvigne-Du-Desert 35420,77,983,4
A vendre - louvigné du désert - maison 4 pièce(s) 104 m² - terrain 1ha9a,https://www.etreproprio.com/immobilier-23555843-vente-a-vendre-louvigne-du-desert-maison-4-pieces-104-m-terrain-1ha9a-louvigne-du-desert,108 000,Louvigne-Du-Desert 35420,104,19 004,4
Maison 178m² à louvigne-du-desert,https://www.etreproprio.com/immobilier-23541621-vente-maison-178m-a-louvigne-du-desert-louvigne-du-desert,233 900,Louvigne-Du-Desert 35420,178,290,6
Maison 80m² à louvigne-du-desert,https://www.etreproprio.com/immobilier-23130111-vente-maison-80m-a-louvigne-du-desert-louvigne-du-desert,165 900,Louvigne-Du-Desert 35420,80,482,5
Maison à vendre à louvigné du désert - référence 373bl,https://www.etreproprio.com/immobilier-23533267-vente-maison-a-vendre-a-louvigne-du-desert-reference-373bl-louvigne-du-desert,181 500,Louvigne-Du-Desert 35420,108,6 600,4
Charmante maison de ville – 88 m² – 505 m² de terrain clos,https://www.etreproprio.com/immobilier-22980069-vente-charmante-maison-de-ville-88-m-505-m-de-terrain-clos-louvigne-du-desert,87 000,Louvigne-Du-Desert 35420,88,504,3
Maison louvigné-du-désert 8 pièces 212 m2,https://www.etreproprio.com/immobilier-23349534-vente-maison-louvigne-du-desert-8-pieces-212-m2-louvigne-du-desert,285 300,Louvigne-Du-Desert 35420,212,4 075,8
Maison 61m² à louvigne-du-desert,https://www.etreproprio.com/immobilier-22972983-vente-maison-61m-a-louvigne-du-desert-louvigne-du-desert,95 900,Louvigne-Du-Desert 35420,61,356,4
Maison louvigné,https://www.etreproprio.com/immobilier-23292273-vente-maison-louvigne-louvigne-du-desert,273 300,Louvigne-Du-Desert 35420,190,850,8
Maison 190m² à louvigne-du-desert,https://www.etreproprio.com/immobilier-21765049-vente-maison-190m-a-louvigne-du-desert-louvigne-du-desert,320 000,Louvigne-Du-Desert 35420,190,2 640,7
Maison 143m² à louvigne-du-desert,https://www.etreproprio.com/immobilier-23256751-vente-maison-143m-a-louvigne-du-desert-louvigne-du-desert,209 000,Louvigne-Du-Desert 35420,143,3 075,5
Maison 243m² à louvigne-du-desert,https://www.etreproprio.com/immobilier-22058748-vente-maison-243m-a-louvigne-du-desert-louvigne-du-desert,137 000,Louvigne-Du-Desert 35420,243,463,7
A vendre maison en pierre luitré 35133,https://www.etreproprio.com/immobilier-23565796-vente-a-vendre-maison-en-pierre-luitre-35133-luitre,118 500,Luitre 35133,114,1 976,5
Maison 144m² à luitre,https://www.etreproprio.com/immobilier-23280101-vente-maison-144m-a-luitre-luitre,197 500,Luitre 35133,144,1 435,5
Belle longère située à luitre,https://www.etreproprio.com/immobilier-21236892-vente-belle-longere-situee-a-luitre-luitre,197 500,Luitre 35133,144,,6
Maison luitre dompierre,https://www.etreproprio.com/immobilier-23432397-vente-maison-luitre-dompierre-luitre,59 000,Luitre 35133,100,3 121,1
Maison luitre 278m²,https://www.etreproprio.com/immobilier-23386032-vente-maison-luitre-278m-luitre,300 000,Luitre 35133,257,3 413,10
2 maisons d'habitation à rénover dans un hameau sur la commune de luitré,https://www.etreproprio.com/immobilier-20705556-vente-2-maisons-d-habitation-a-renover-dans-un-hameau-sur-la-commune-de-luitre-luitre,167 500,Luitre 35133,207,,10
Maison 72m² à marcille-raoul,https://www.etreproprio.com/immobilier-22417069-vente-maison-72m-a-marcille-raoul-marcille-raoul,159 000,Marcille-Raoul 35560,72,3 938,3
Maison 272m² à louvigne-du-desert,https://www.etreproprio.com/immobilier-23099337-vente-maison-272m-a-louvigne-du-desert-louvigne-du-desert,353 260,Louvigne-Du-Desert 35420,272,,8
Maison 210m² à louvigne-du-desert,https://www.etreproprio.com/immobilier-23046508-vente-maison-210m-a-louvigne-du-desert-louvigne-du-desert,166 300,Louvigne-Du-Desert 35420,210,165,9
Maison 353m² à louvigne-du-desert,https://www.etreproprio.com/immobilier-22252335-vente-maison-353m-a-louvigne-du-desert-louvigne-du-desert,44 900,Louvigne-Du-Desert 35420,353,1 200,1
Maison louvigne du desert 7 pièce(s),https://www.etreproprio.com/immobilier-22124557-vente-maison-louvigne-du-desert-7-pieces-louvigne-du-desert,355 000,Louvigne-Du-Desert 35420,180,36 431,7
Maison à vendre 1 pièce louvigne du desert (35),https://www.etreproprio.com/immobilier-22657082-vente-maison-a-vendre-1-piece-louvigne-du-desert-35-louvigne-du-desert,22 500,Louvigne-Du-Desert 35420,110,3 113,1
Maison 94m² à louvigne-du-desert,https://www.etreproprio.com/immobilier-21691873-vente-maison-94m-a-louvigne-du-desert-louvigne-du-desert,159 900,Louvigne-Du-Desert 35420,94,527,6
Maison louvigne du desert,https://www.etreproprio.com/immobilier-22496800-vente-maison-louvigne-du-desert-louvigne-du-desert,278 000,Louvigne-Du-Desert 35420,186,11 116,9
Maison 156m² à louvigne-du-desert,https://www.etreproprio.com/immobilier-22446909-vente-maison-156m-a-louvigne-du-desert-louvigne-du-desert,259 975,Louvigne-Du-Desert 35420,156,2 394,6
Maison 249m² à louvigne-du-desert,https://www.etreproprio.com/immobilier-22415959-vente-maison-249m-a-louvigne-du-desert-louvigne-du-desert,464 625,Louvigne-Du-Desert 35420,249,6 803,6
Maison 69m² à louvigne-du-desert,https://www.etreproprio.com/immobilier-21954302-vente-maison-69m-a-louvigne-du-desert-louvigne-du-desert,134 000,Louvigne-Du-Desert 35420,69,336,4
Maison 10 pièces 218 m2,https://www.etreproprio.com/immobilier-19805263-vente-maison-10-pieces-218-m2-louvigne-du-desert,135 000,Louvigne-Du-Desert 35420,218,561,10
"Maison pavillon 96m², 4 chambres",https://www.etreproprio.com/immobilier-23726542-vente-maison-pavillon-96m-4-chambres-marpire,246 000,Marpire 35220,96,562,5
Maison 112m² à marpire,https://www.etreproprio.com/immobilier-23645769-vente-maison-112m-a-marpire-marpire,257 250,Marpire 35220,112,863,6
Maison marpire 1 pièce(s) 145 m2,https://www.etreproprio.com/immobilier-22943054-vente-maison-marpire-1-pieces-145-m2-marpire,65 500,Marpire 35220,145,1 558,1
Ensemble immobilier 203m2,https://www.etreproprio.com/immobilier-23866416-vente-ensemble-immobilier-203m2-martigne-ferchaud,75 000,Martigne-Ferchaud 35640,203,249,7
Le charme et le potentiel sont au rendez-vous!,https://www.etreproprio.com/immobilier-23865696-vente-le-charme-et-le-potentiel-sont-au-rendez-vous-martigne-ferchaud,176 000,Martigne-Ferchaud 35640,150,400,9
Vente maison martigne-ferchaud(35640) 69 920ï¿œ,https://www.etreproprio.com/immobilier-23838012-vente-vente-maison-martigne-ferchaud35640-69-920i-oe-martigne-ferchaud,69 920,Martigne-Ferchaud 35640,100,,3
Vente maison martigne-ferchaud(35640) 109 200ï¿œ,https://www.etreproprio.com/immobilier-23838013-vente-vente-maison-martigne-ferchaud35640-109-200i-oe-martigne-ferchaud,109 200,Martigne-Ferchaud 35640,117,,4
Vente maison martigne-ferchaud(35640) 178 000ï¿œ,https://www.etreproprio.com/immobilier-23818629-vente-vente-maison-martigne-ferchaud35640-178-000i-oe-martigne-ferchaud,178 000,Martigne-Ferchaud 35640,90,,3
"Maison de charme , entre nature et confort en campagne de martigné ferchaud",https://www.etreproprio.com/immobilier-23710696-vente-maison-de-charme-entre-nature-et-confort-en-campagne-de-martigne-ferchaud-martigne-ferchaud,243 200,Martigne-Ferchaud 35640,158,1 738,7
Maison 110m² à martigne-ferchaud,https://www.etreproprio.com/immobilier-23661573-vente-maison-110m-a-martigne-ferchaud-martigne-ferchaud,69 900,Martigne-Ferchaud 35640,110,71,4
Vente maison martigne-ferchaud(35640) 69 248ï¿œ,https://www.etreproprio.com/immobilier-23314483-vente-vente-maison-martigne-ferchaud35640-69-248i-oe-martigne-ferchaud,69 248,Martigne-Ferchaud 35640,79,,4
Maison à vendre,https://www.etreproprio.com/immobilier-23652541-vente-maison-a-vendre-martigne-ferchaud,82 500,Martigne-Ferchaud 35640,113,4 451,2
Longère martigné-ferchaud 6 pièce(s) 112 m2,https://www.etreproprio.com/immobilier-23488545-vente-longere-martigne-ferchaud-6-pieces-112-m2-martigne-ferchaud,248 070,Martigne-Ferchaud 35640,112,2 173,6
Fermette à rénover,https://www.etreproprio.com/immobilier-23494764-vente-fermette-a-renover-martigne-ferchaud,56 000,Martigne-Ferchaud 35640,1 577,,2
Ensemble immobilier 220 m2,https://www.etreproprio.com/immobilier-23238025-vente-ensemble-immobilier-220-m2-martigne-ferchaud,158 840,Martigne-Ferchaud 35640,218,,5
Bien mixte 143m2,https://www.etreproprio.com/immobilier-23238027-vente-bien-mixte-143m2-martigne-ferchaud,70 000,Martigne-Ferchaud 35640,143,72,4
Maison 5 pièces 115 m2,https://www.etreproprio.com/immobilier-23238026-vente-maison-5-pieces-115-m2-martigne-ferchaud,108 000,Martigne-Ferchaud 35640,115,67,5
Maison 117m² à martigne-ferchaud,https://www.etreproprio.com/immobilier-23402198-vente-maison-117m-a-martigne-ferchaud-martigne-ferchaud,109 000,Martigne-Ferchaud 35640,117,69,4
Maison 227m² à martigne-ferchaud,https://www.etreproprio.com/immobilier-23402199-vente-maison-227m-a-martigne-ferchaud-martigne-ferchaud,158 500,Martigne-Ferchaud 35640,227,140,7
Maison 146m² à martigne-ferchaud,https://www.etreproprio.com/immobilier-22505672-vente-maison-146m-a-martigne-ferchaud-martigne-ferchaud,239 000,Martigne-Ferchaud 35640,146,571,5
Maison en pierre martigne ferchaud,https://www.etreproprio.com/immobilier-22234561-vente-maison-en-pierre-martigne-ferchaud-martigne-ferchaud,93 900,Martigne-Ferchaud 35640,73,330,3
Maison 125m² à martigne-ferchaud,https://www.etreproprio.com/immobilier-23389428-vente-maison-125m-a-martigne-ferchaud-martigne-ferchaud,252 000,Martigne-Ferchaud 35640,125,47 000,6
Maison 88m² à martigne-ferchaud,https://www.etreproprio.com/immobilier-23331783-vente-maison-88m-a-martigne-ferchaud-martigne-ferchaud,157 500,Martigne-Ferchaud 35640,88,,4
Maison à vendre val d'anast,https://www.etreproprio.com/immobilier-23896053-vente-maison-a-vendre-val-d-anast-maure-de-bretagne,265 000,Maure-De-Bretagne 35330,164,4 000,8
"Charmante maison en pierres, cadre idyllique !",https://www.etreproprio.com/immobilier-23834023-vente-charmante-maison-en-pierres-cadre-idyllique-maure-de-bretagne,137 800,Maure-De-Bretagne 35330,68,1 800,4
Maison en pierres 5 pièces maure de bretagne (35),https://www.etreproprio.com/immobilier-23804317-vente-maison-en-pierres-5-pieces-maure-de-bretagne-35-maure-de-bretagne,159 000,Maure-De-Bretagne 35330,138,370,6
Maison val d'anast 5 chambres garage sous-sol jardin dépendance terrain clos,https://www.etreproprio.com/immobilier-21968496-vente-maison-val-d-anast-5-chambres-garage-sous-sol-jardin-dependance-terrain-clos-maure-de-bretagne,202 900,Maure-De-Bretagne 35330,140,1 680,7
Maison val d anast 4 pièce(s) 94 m²,https://www.etreproprio.com/immobilier-22872080-vente-maison-val-d-anast-4-pieces-94-m-maure-de-bretagne,129 790,Maure-De-Bretagne 35330,86,5 327,4
Maison val d'anast 135 m2 4 chambres terrasse garage jardin,https://www.etreproprio.com/immobilier-22488581-vente-maison-val-d-anast-135-m2-4-chambres-terrasse-garage-jardin-maure-de-bretagne,230 840,Maure-De-Bretagne 35330,135,680,6
Maison val d anast 102m² 4 chambres sous sol jardin,https://www.etreproprio.com/immobilier-23678088-vente-maison-val-d-anast-102m-4-chambres-sous-sol-jardin-maure-de-bretagne,155 872,Maure-De-Bretagne 35330,102,2 880,5
Maison en pierre avec dependances maure de bretagne,https://www.etreproprio.com/immobilier-23060400-vente-maison-en-pierre-avec-dependances-maure-de-bretagne-maure-de-bretagne,117 000,Maure-De-Bretagne 35330,65,3 300,3
Belle longère en campagne de val d'anast sur 5 000m²,https://www.etreproprio.com/immobilier-23551810-vente-belle-longere-en-campagne-de-val-d-anast-sur-5-000m-maure-de-bretagne,199 000,Maure-De-Bretagne 35330,100,,3
Maure-de-bretagne – maison familiale 7 pièces – 140 m²,https://www.etreproprio.com/immobilier-23508192-vente-maure-de-bretagne-maison-familiale-7-pieces-140-m-maure-de-bretagne,202 900,Maure-De-Bretagne 35330,140,1 680,6
"Maison val d anast 4-5 chambres, sous-sol, jardin clos",https://www.etreproprio.com/immobilier-23000376-vente-maison-val-d-anast-4-5-chambres-sous-sol-jardin-clos-maure-de-bretagne,191 922,Maure-De-Bretagne 35330,140,700,6
Centre de campel - maisons à rénover - 2 maisons,https://www.etreproprio.com/immobilier-21125881-vente-centre-de-campel-maisons-a-renover-2-maisons-maure-de-bretagne,177 800,Maure-De-Bretagne 35330,244,810,9
Maison 86m² à maure-de-bretagne,https://www.etreproprio.com/immobilier-23159342-vente-maison-86m-a-maure-de-bretagne-maure-de-bretagne,229 900,Maure-De-Bretagne 35330,86,2 893,1
Maison 218m² à maure-de-bretagne,https://www.etreproprio.com/immobilier-23070228-vente-maison-218m-a-maure-de-bretagne-maure-de-bretagne,352 500,Maure-De-Bretagne 35330,218,4 510,8
Maison t6 maure-de-bretagne,https://www.etreproprio.com/immobilier-21412703-vente-maison-t6-maure-de-bretagne-maure-de-bretagne,221 600,Maure-De-Bretagne 35330,131,686,6
Maison à vendre 6 pièces maure de bretagne (35),https://www.etreproprio.com/immobilier-22372140-vente-maison-a-vendre-6-pieces-maure-de-bretagne-35-maure-de-bretagne,354 460,Maure-De-Bretagne 35330,218,4 510,6
Maison de 77m² sur un terrain de 550m²,https://www.etreproprio.com/immobilier-22563331-vente-maison-de-77m-sur-un-terrain-de-550m-maure-de-bretagne,158 000,Maure-De-Bretagne 35330,77,,4
Maison pipriac 8 pièce(s) 250 m2 + spa de nage,https://www.etreproprio.com/immobilier-22444958-vente-maison-pipriac-8-pieces-250-m2-spa-de-nage-maure-de-bretagne,415 000,Maure-De-Bretagne 35330,250,2 107,8
Propriété en brocéliande sur plus d’un hectare,https://www.etreproprio.com/immobilier-23876026-vente-propriete-en-broceliande-sur-plus-d-un-hectare-maxent,405 000,Maxent 35380,180,,8
À acheter : maison de ville en pierre à rénover à maxent,https://www.etreproprio.com/immobilier-23876844-vente-a-acheter-maison-de-ville-en-pierre-a-renover-a-maxent-maxent,116 600,Maxent 35380,118,587,5
Charmante longère d'environ 180m2 au sol en pierres avec potentiel à maxent,https://www.etreproprio.com/immobilier-22581459-vente-charmante-longere-d-environ-180m2-au-sol-en-pierres-avec-potentiel-a-maxent-maxent,121 900,Maxent 35380,180,4 300,3
Bâtisse en pierre à rénover à maxent,https://www.etreproprio.com/immobilier-22581460-vente-batisse-en-pierre-a-renover-a-maxent-maxent,95 400,Maxent 35380,140,6 500,2
Maison 154m² à martigne-ferchaud,https://www.etreproprio.com/immobilier-23191242-vente-maison-154m-a-martigne-ferchaud-martigne-ferchaud,265 000,Martigne-Ferchaud 35640,154,3 916,6
Maison à rénover forges la fôret,https://www.etreproprio.com/immobilier-23171011-vente-maison-a-renover-forges-la-foret-martigne-ferchaud,39 900,Martigne-Ferchaud 35640,100,695,2
Maison martigne ferchaud 7 pièce(s) 220 m2,https://www.etreproprio.com/immobilier-22510991-vente-maison-martigne-ferchaud-7-pieces-220-m2-martigne-ferchaud,285 580,Martigne-Ferchaud 35640,220,13 000,7
Vente maison martigne-ferchaud(35640) 275 335ï¿œ,https://www.etreproprio.com/immobilier-23109174-vente-vente-maison-martigne-ferchaud35640-275-335i-oe-martigne-ferchaud,275 335,Martigne-Ferchaud 35640,215,,7
Maison 100m² à martigne-ferchaud,https://www.etreproprio.com/immobilier-22417489-vente-maison-100m-a-martigne-ferchaud-martigne-ferchaud,86 500,Martigne-Ferchaud 35640,100,1 085,3
Vente maison martigne-ferchaud(35640) 79 600ï¿œ,https://www.etreproprio.com/immobilier-22955908-vente-vente-maison-martigne-ferchaud35640-79-600i-oe-martigne-ferchaud,79 600,Martigne-Ferchaud 35640,43,,2
Vente maison martigne-ferchaud(35640) 109 100ï¿œ,https://www.etreproprio.com/immobilier-22910087-vente-vente-maison-martigne-ferchaud35640-109-100i-oe-martigne-ferchaud,109 100,Martigne-Ferchaud 35640,55,,4
Maison 115m² à martigne-ferchaud,https://www.etreproprio.com/immobilier-22691606-vente-maison-115m-a-martigne-ferchaud-martigne-ferchaud,248 070,Martigne-Ferchaud 35640,115,2 173,5
Vente maison martigne-ferchaud(35640) 129 500ï¿œ,https://www.etreproprio.com/immobilier-22591496-vente-vente-maison-martigne-ferchaud35640-129-500i-oe-martigne-ferchaud,129 500,Martigne-Ferchaud 35640,102,,4
Vente maison martigne-ferchaud(35640) 139 600ï¿œ,https://www.etreproprio.com/immobilier-22538933-vente-vente-maison-martigne-ferchaud35640-139-600i-oe-martigne-ferchaud,139 600,Martigne-Ferchaud 35640,83,,4
Vente maison martigne-ferchaud(35640) 250 000ï¿œ,https://www.etreproprio.com/immobilier-22175732-vente-vente-maison-martigne-ferchaud35640-250-000i-oe-martigne-ferchaud,250 000,Martigne-Ferchaud 35640,135,,6
Vente maison martigne-ferchaud(35640) 159 860ï¿œ,https://www.etreproprio.com/immobilier-22155143-vente-vente-maison-martigne-ferchaud35640-159-860i-oe-martigne-ferchaud,159 860,Martigne-Ferchaud 35640,69,,3
Maison plain-pied martigné-ferchaud 5 pièces 146 m²,https://www.etreproprio.com/immobilier-21236049-vente-maison-plain-pied-martigne-ferchaud-5-pieces-146-m-martigne-ferchaud,246 000,Martigne-Ferchaud 35640,146,571,5
Vente maison martigne-ferchaud(35640) 33 960ï¿œ,https://www.etreproprio.com/immobilier-19054533-vente-vente-maison-martigne-ferchaud35640-33-960i-oe-martigne-ferchaud,33 960,Martigne-Ferchaud 35640,30,,2
Maison 2 chambres,https://www.etreproprio.com/immobilier-21760613-vente-maison-2-chambres-martigne-ferchaud,86 000,Martigne-Ferchaud 35640,75,177,3
Vente maison martigne-ferchaud(35640) 116 270ï¿œ,https://www.etreproprio.com/immobilier-21678294-vente-vente-maison-martigne-ferchaud35640-116-270i-oe-martigne-ferchaud,116 270,Martigne-Ferchaud 35640,90,,4
Vente maison martigne-ferchaud(35640) 157 350ï¿œ,https://www.etreproprio.com/immobilier-21678295-vente-vente-maison-martigne-ferchaud35640-157-350i-oe-martigne-ferchaud,157 350,Martigne-Ferchaud 35640,100,,6
Maison 158m² à martigne-ferchaud,https://www.etreproprio.com/immobilier-21605542-vente-maison-158m-a-martigne-ferchaud-martigne-ferchaud,330 000,Martigne-Ferchaud 35640,158,1 500,5
Vente maison martigne-ferchaud(35640) 149 950ï¿œ,https://www.etreproprio.com/immobilier-21481803-vente-vente-maison-martigne-ferchaud35640-149-950i-oe-martigne-ferchaud,149 950,Martigne-Ferchaud 35640,70,,3
Maison martigne ferchaud 9 pièce(s) 150 m²,https://www.etreproprio.com/immobilier-21431881-vente-maison-martigne-ferchaud-9-pieces-150-m-martigne-ferchaud,186 000,Martigne-Ferchaud 35640,150,402,9
Maison 30m² à mece,https://www.etreproprio.com/immobilier-23844056-vente-maison-30m-a-mece-mece,115 000,Mece 35450,30,14 718,2
Maison 97m² à mece,https://www.etreproprio.com/immobilier-23360246-vente-maison-97m-a-mece-mece,240 000,Mece 35450,97,501,5
Maison 180m² à mece,https://www.etreproprio.com/immobilier-23707106-vente-maison-180m-a-mece-mece,300 000,Mece 35450,180,8 422,7
Maison 97m² à mece,https://www.etreproprio.com/immobilier-22536119-vente-maison-97m-a-mece-mece,138 300,Mece 35450,97,568,5
Maison 77m² à medreac,https://www.etreproprio.com/immobilier-23499555-vente-maison-77m-a-medreac-medreac,164 900,Medreac 35360,77,143,3
Maison 88m² à medreac,https://www.etreproprio.com/immobilier-23778020-vente-maison-88m-a-medreac-medreac,278 250,Medreac 35360,89,2 125,4
Maison 90m² à medreac,https://www.etreproprio.com/immobilier-23733840-vente-maison-90m-a-medreac-medreac,35 000,Medreac 35360,90,213,2
Maison 123m² à medreac,https://www.etreproprio.com/immobilier-22494116-vente-maison-123m-a-medreac-medreac,261 180,Medreac 35360,123,987,5
"Demeure de caractère du xviie siècle - médréac (35) - 185 m² - terrain 1,5 ha",https://www.etreproprio.com/immobilier-23599270-vente-demeure-de-caractere-du-xviie-siecle-medreac-35-185-m-terrain-15-ha-medreac,523 500,Medreac 35360,185,15 391,6
Longère - médréac - 8 pièces 180m2  sur 4 000 m² de terrain,https://www.etreproprio.com/immobilier-23328394-vente-longere-medreac-8-pieces-180m2-sur-4-000-m-de-terrain-medreac,342 500,Medreac 35360,180,4 000,7
Maison 70m² à medreac,https://www.etreproprio.com/immobilier-23525715-vente-maison-70m-a-medreac-medreac,130 000,Medreac 35360,70,,4
Maison 173m² à medreac,https://www.etreproprio.com/immobilier-23515401-vente-maison-173m-a-medreac-medreac,342 500,Medreac 35360,173,4 036,7
Maison 130m² à medreac,https://www.etreproprio.com/immobilier-22341522-vente-maison-130m-a-medreac-medreac,233 000,Medreac 35360,130,,5
Maison 177m² à medreac,https://www.etreproprio.com/immobilier-21971464-vente-maison-177m-a-medreac-medreac,299 900,Medreac 35360,177,700,7
Maison 214m² à medreac,https://www.etreproprio.com/immobilier-21971458-vente-maison-214m-a-medreac-medreac,271 100,Medreac 35360,214,964,7
Maison à vendre médréac,https://www.etreproprio.com/immobilier-22189001-vente-maison-a-vendre-medreac-medreac,273 000,Medreac 35360,214,964,5
Maison 195m² à medreac,https://www.etreproprio.com/immobilier-21971465-vente-maison-195m-a-medreac-medreac,519 500,Medreac 35360,195,3 554,6
A vendre - propriété bourgeoise - dépendances - parc arboré - médréac,https://www.etreproprio.com/immobilier-21524203-vente-a-vendre-propriete-bourgeoise-dependances-parc-arbore-medreac-medreac,523 500,Medreac 35360,195,3 554,8
Vente maison martigne-ferchaud(35640) 139 600ï¿œ,https://www.etreproprio.com/immobilier-20881852-vente-vente-maison-martigne-ferchaud35640-139-600i-oe-martigne-ferchaud,139 600,Martigne-Ferchaud 35640,126,,3
Vente maison martigne-ferchaud(35640) 146 860ï¿œ,https://www.etreproprio.com/immobilier-20449880-vente-vente-maison-martigne-ferchaud35640-146-860i-oe-martigne-ferchaud,146 860,Martigne-Ferchaud 35640,91,,4
Vente maison martigne-ferchaud(35640) 188 100ï¿œ,https://www.etreproprio.com/immobilier-19937874-vente-vente-maison-martigne-ferchaud35640-188-100i-oe-martigne-ferchaud,188 100,Martigne-Ferchaud 35640,147,,7
Vente maison martigne-ferchaud(35640) 199 995ï¿œ,https://www.etreproprio.com/immobilier-19937873-vente-vente-maison-martigne-ferchaud35640-199-995i-oe-martigne-ferchaud,199 995,Martigne-Ferchaud 35640,147,,6
Vente maison martigne-ferchaud(35640) 183 000ï¿œ,https://www.etreproprio.com/immobilier-19716188-vente-vente-maison-martigne-ferchaud35640-183-000i-oe-martigne-ferchaud,183 000,Martigne-Ferchaud 35640,115,501,6
Vente maison martigne-ferchaud(35640) 135 500ï¿œ,https://www.etreproprio.com/immobilier-19709851-vente-vente-maison-martigne-ferchaud35640-135-500i-oe-martigne-ferchaud,135 500,Martigne-Ferchaud 35640,70,,3
Vente maison martigne-ferchaud(35640) 99 000ï¿œ,https://www.etreproprio.com/immobilier-19664174-vente-vente-maison-martigne-ferchaud35640-99-000i-oe-martigne-ferchaud,99 000,Martigne-Ferchaud 35640,89,,4
Vente maison martigne-ferchaud(35640) 198 100ï¿œ,https://www.etreproprio.com/immobilier-19394179-vente-vente-maison-martigne-ferchaud35640-198-100i-oe-martigne-ferchaud,198 100,Martigne-Ferchaud 35640,103,,5
Vente maison martigne-ferchaud(35640) 106 200ï¿œ,https://www.etreproprio.com/immobilier-19206662-vente-vente-maison-martigne-ferchaud35640-106-200i-oe-martigne-ferchaud,106 200,Martigne-Ferchaud 35640,60,194,4
Vente maison martigne-ferchaud(35640) 162 595ï¿œ,https://www.etreproprio.com/immobilier-19054525-vente-vente-maison-martigne-ferchaud35640-162-595i-oe-martigne-ferchaud,162 595,Martigne-Ferchaud 35640,116,5 040,7
Vente maison martigne-ferchaud(35640) 131 625ï¿œ,https://www.etreproprio.com/immobilier-19054539-vente-vente-maison-martigne-ferchaud35640-131-625i-oe-martigne-ferchaud,131 625,Martigne-Ferchaud 35640,92,25,5
Vente maison martigne-ferchaud(35640) 149 990ï¿œ,https://www.etreproprio.com/immobilier-19054565-vente-vente-maison-martigne-ferchaud35640-149-990i-oe-martigne-ferchaud,149 990,Martigne-Ferchaud 35640,97,921,4
Vente maison martigne-ferchaud(35640) 129 027ï¿œ,https://www.etreproprio.com/immobilier-19054551-vente-vente-maison-martigne-ferchaud35640-129-027i-oe-martigne-ferchaud,129 027,Martigne-Ferchaud 35640,72,1 700,5
Vente maison martigne-ferchaud(35640) 189 950ï¿œ,https://www.etreproprio.com/immobilier-19054545-vente-vente-maison-martigne-ferchaud35640-189-950i-oe-martigne-ferchaud,189 950,Martigne-Ferchaud 35640,103,,6
Vente maison martigne-ferchaud(35640) 119 880ï¿œ,https://www.etreproprio.com/immobilier-19054558-vente-vente-maison-martigne-ferchaud35640-119-880i-oe-martigne-ferchaud,119 880,Martigne-Ferchaud 35640,,,5
Vente maison martigne-ferchaud(35640) 199 044ï¿œ,https://www.etreproprio.com/immobilier-19054555-vente-vente-maison-martigne-ferchaud35640-199-044i-oe-martigne-ferchaud,199 044,Martigne-Ferchaud 35640,142,,7
Vente maison martigne-ferchaud(35640) 125 880ï¿œ,https://www.etreproprio.com/immobilier-19054560-vente-vente-maison-martigne-ferchaud35640-125-880i-oe-martigne-ferchaud,125 880,Martigne-Ferchaud 35640,,,6
Vente maison martigne-ferchaud(35640) 248 750ï¿œ,https://www.etreproprio.com/immobilier-19054549-vente-vente-maison-martigne-ferchaud35640-248-750i-oe-martigne-ferchaud,248 750,Martigne-Ferchaud 35640,185,,9
Maison 88m² plain pied,https://www.etreproprio.com/immobilier-23354416-vente-maison-88m-plain-pied-meillac,239 500,Meillac 35270,88,1 100,5
Maison 88m² à meillac,https://www.etreproprio.com/immobilier-23713682-vente-maison-88m-a-meillac-meillac,239 500,Meillac 35270,88,1 100,5
Maison à vendre 6 pièces sur terrain 516 m² à meillac (35) près de combourg,https://www.etreproprio.com/immobilier-23572444-vente-maison-a-vendre-6-pieces-sur-terrain-516-m-a-meillac-35-pres-de-combourg-meillac,282 150,Meillac 35270,150,516,6
Maison à vendre en bretagne pelin centre de  meillac près de combourg : 7 pièces sur terrain de 1190 m²,https://www.etreproprio.com/immobilier-23561146-vente-maison-a-vendre-en-bretagne-pelin-centre-de-meillac-pres-de-combourg-7-pieces-sur-terrain-de-1190-m-meillac,299 900,Meillac 35270,158,1 190,7
Maison meillac 108 m²,https://www.etreproprio.com/immobilier-23552430-vente-maison-meillac-108-m-meillac,148 936,Meillac 35270,108,,4
Maison en pierre 4 pièces,https://www.etreproprio.com/immobilier-22988635-vente-maison-en-pierre-4-pieces-meillac,239 000,Meillac 35270,78,1 744,4
Maison meillac 4 pièce(s) 109 m2,https://www.etreproprio.com/immobilier-22943631-vente-maison-meillac-4-pieces-109-m2-meillac,150 000,Meillac 35270,109,,4
A 5 kms de combourg,https://www.etreproprio.com/immobilier-21386512-vente-a-5-kms-de-combourg-meillac,249 210,Meillac 35270,123,794,5
Maison 103m² à melesse,https://www.etreproprio.com/immobilier-23481523-vente-maison-103m-a-melesse-melesse,390 000,Melesse 35520,103,312,5
Maison melesse 6 pièce(s) 130 m2,https://www.etreproprio.com/immobilier-23500705-vente-maison-melesse-6-pieces-130-m2-melesse,449 500,Melesse 35520,130,477,6
Maison 106m² à melesse,https://www.etreproprio.com/immobilier-23862817-vente-maison-106m-a-melesse-melesse,349 000,Melesse 35520,106,217,5
Maison 138m² à melesse,https://www.etreproprio.com/immobilier-23703446-vente-maison-138m-a-melesse-melesse,550 000,Melesse 35520,138,360,4
Maison  en pierre  à rénover,https://www.etreproprio.com/immobilier-23838343-vente-maison-en-pierre-a-renover-melesse,109 000,Melesse 35520,85,585,4
Maison 209m² à melesse,https://www.etreproprio.com/immobilier-23499784-vente-maison-209m-a-melesse-melesse,499 900,Melesse 35520,209,539,7
Maison melesse 6 pièce(s) 140 m2,https://www.etreproprio.com/immobilier-23828608-vente-maison-melesse-6-pieces-140-m2-melesse,489 500,Melesse 35520,140,384,6
Maison 131m² à melesse,https://www.etreproprio.com/immobilier-23795717-vente-maison-131m-a-melesse-melesse,299 250,Melesse 35520,131,486,7
Maison melesse 6 pièce(s) 138 m2,https://www.etreproprio.com/immobilier-23795718-vente-maison-melesse-6-pieces-138-m2-melesse,449 800,Melesse 35520,138,397,6
Maison melesse 6 pièce(s) 163 m2,https://www.etreproprio.com/immobilier-23795720-vente-maison-melesse-6-pieces-163-m2-melesse,448 000,Melesse 35520,163,1 549,6
"Longère de charme 8 pièces, 215 m² sur plus de 3 800 m² de terrain",https://www.etreproprio.com/immobilier-23766230-vente-longere-de-charme-8-pieces-215-m-sur-plus-de-3-800-m-de-terrain-melesse,563 950,Melesse 35520,215,3 814,8
Maison melesse 9 pièce(s) 210 m2,https://www.etreproprio.com/immobilier-23755199-vente-maison-melesse-9-pieces-210-m2-melesse,698 250,Melesse 35520,210,1 500,9
Maison 234m² à melesse,https://www.etreproprio.com/immobilier-23681261-vente-maison-234m-a-melesse-melesse,343 950,Melesse 35520,234,3 384,7
Maison 104m² à melesse,https://www.etreproprio.com/immobilier-23713956-vente-maison-104m-a-melesse-melesse,421 000,Melesse 35520,104,620,7
Maison 151m² à melesse,https://www.etreproprio.com/immobilier-23676524-vente-maison-151m-a-melesse-melesse,477 480,Melesse 35520,151,816,7
Maison 306m² à melesse,https://www.etreproprio.com/immobilier-23670301-vente-maison-306m-a-melesse-melesse,727 000,Melesse 35520,306,2 028,8
Maison 227m² à melesse,https://www.etreproprio.com/immobilier-23646509-vente-maison-227m-a-melesse-melesse,472 500,Melesse 35520,227,1 694,8
Maison 118m² à melesse,https://www.etreproprio.com/immobilier-22647469-vente-maison-118m-a-melesse-melesse,295 000,Melesse 35520,118,593,4
Maison 120m² à melesse,https://www.etreproprio.com/immobilier-23589332-vente-maison-120m-a-melesse-melesse,346 500,Melesse 35520,120,1 686,7
Maison 92m² à melesse,https://www.etreproprio.com/immobilier-23588874-vente-maison-92m-a-melesse-melesse,322 400,Melesse 35520,92,253,5
Maison 190m² à melle,https://www.etreproprio.com/immobilier-23259408-vente-maison-190m-a-melle-melle,320 000,Melle 35420,190,2 640,5
"Maison + gîte  à vendre melle (35420), ç pièces, 163m², 2640m² de terrain.",https://www.etreproprio.com/immobilier-21667788-vente-maison-gite-a-vendre-melle-35420-c-pieces-163m-2640m-de-terrain-melle,320 000,Melle 35420,163,2 640,9
Maison 84m² à melle,https://www.etreproprio.com/immobilier-23161628-vente-maison-84m-a-melle-melle,129 900,Melle 35420,84,1 400,3
Maisons en pierre - centre de mernel - espace au calme,https://www.etreproprio.com/immobilier-22737062-vente-maisons-en-pierre-centre-de-mernel-espace-au-calme-mernel,175 000,Mernel 35330,178,963,8
"Dpt ille et vilaine (35), à vendre mernel maison p3",https://www.etreproprio.com/immobilier-21062894-vente-dpt-ille-et-vilaine-35-a-vendre-mernel-maison-p3-mernel,29 500,Mernel 35330,90,300,3
"Maison 5 pièces, 2-3 chambres guipry-messac (35) quartier de la gare",https://www.etreproprio.com/immobilier-23195173-vente-maison-5-pieces-2-3-chambres-guipry-messac-35-quartier-de-la-gare-messac,105 000,Messac 35480,89,493,5
"Longère d'environ 195m², 4 chambres, terrain 1350 m²",https://www.etreproprio.com/immobilier-23624245-vente-longere-d-environ-195m-4-chambres-terrain-1350-m-messac,232 000,Messac 35480,195,,8
"A vendre- maison t2 -guipry-messac - centre-bourg, jardin, bureau",https://www.etreproprio.com/immobilier-23315468-vente-a-vendre-maison-t2-guipry-messac-centre-bourg-jardin-bureau-messac,131 700,Messac 35480,56,170,3
Maison à vendre 5 pièces messac (35),https://www.etreproprio.com/immobilier-23003843-vente-maison-a-vendre-5-pieces-messac-35-messac,241 000,Messac 35480,100,307,5
Maison 88m² à messac,https://www.etreproprio.com/immobilier-22746031-vente-maison-88m-a-messac-messac,236 250,Messac 35480,89,629,5
Maison en pierres de 134m² - 4 pièces - 2 chambres - guipry-messac,https://www.etreproprio.com/immobilier-23200696-vente-maison-en-pierres-de-134m-4-pieces-2-chambres-guipry-messac-messac,187 200,Messac 35480,134,800,4
Maison guipry-messac (35) 4 chambres,https://www.etreproprio.com/immobilier-22910978-vente-maison-guipry-messac-35-4-chambres-messac,269 850,Messac 35480,125,1 738,6
Maison de 95 m² sur un terrain attenant de 466 m²,https://www.etreproprio.com/immobilier-22730481-vente-maison-de-95-m-sur-un-terrain-attenant-de-466-m-messac,144 425,Messac 35480,95,487,6
Maison guipry messac,https://www.etreproprio.com/immobilier-20736502-vente-maison-guipry-messac-messac,54 990,Messac 35480,48,,2
Maison 183m² à melesse,https://www.etreproprio.com/immobilier-23576079-vente-maison-183m-a-melesse-melesse,399 000,Melesse 35520,183,1 070,7
Maison 218m² à melesse,https://www.etreproprio.com/immobilier-23525420-vente-maison-218m-a-melesse-melesse,549 900,Melesse 35520,218,1 077,7
"Melesse , maison de 234 m2 sur un terrain de 3 400 m2",https://www.etreproprio.com/immobilier-23489863-vente-melesse-maison-de-234-m2-sur-un-terrain-de-3-400-m2-melesse,352 260,Melesse 35520,234,3 404,6
Maison familiale 8 pièces à melesse,https://www.etreproprio.com/immobilier-23417453-vente-maison-familiale-8-pieces-a-melesse-melesse,358 455,Melesse 35520,175,550,8
Maison 153m² à melesse,https://www.etreproprio.com/immobilier-23409124-vente-maison-153m-a-melesse-melesse,529 900,Melesse 35520,153,673,7
Maison 480m² à melesse,https://www.etreproprio.com/immobilier-20392427-vente-maison-480m-a-melesse-melesse,1 239 000,Melesse 35520,480,9 562,12
Maison 220m² à melesse,https://www.etreproprio.com/immobilier-23362523-vente-maison-220m-a-melesse-melesse,558 900,Melesse 35520,220,322,9
Maison 128m² à melesse,https://www.etreproprio.com/immobilier-23221684-vente-maison-128m-a-melesse-melesse,314 000,Melesse 35520,128,6 600,6
Maison de caractère  melesse -  480 m2 - 1 hectare de terrain  - terrain de tennis et dépendances,https://www.etreproprio.com/immobilier-22029022-vente-maison-de-caractere-melesse-480-m2-1-hectare-de-terrain-terrain-de-tennis-et-dependances-melesse,1 243 200,Melesse 35520,480,9 600,15
Maison bourg de melesse !,https://www.etreproprio.com/immobilier-23155651-vente-maison-bourg-de-melesse-melesse,380 000,Melesse 35520,138,360,6
Maison 80m² à melesse,https://www.etreproprio.com/immobilier-23234374-vente-maison-80m-a-melesse-melesse,309 455,Melesse 35520,81,1 024,3
Maison melesse 6 pièce(s) 136 m2,https://www.etreproprio.com/immobilier-23218542-vente-maison-melesse-6-pieces-136-m2-melesse,489 740,Melesse 35520,136,384,6
Vente maison melesse(35520) 379 542ï¿œ,https://www.etreproprio.com/immobilier-22951320-vente-vente-maison-melesse35520-379-542i-oe-melesse,379 542,Melesse 35520,137,360,7
Maison centre ville melesse,https://www.etreproprio.com/immobilier-23173194-vente-maison-centre-ville-melesse-melesse,359 805,Melesse 35520,121,840,6
Longère familiale rénovée melesse,https://www.etreproprio.com/immobilier-23128842-vente-longere-familiale-renovee-melesse-melesse,499 000,Melesse 35520,171,4 000,7
Maison melesse 6 pièce(s) 120.5 m2,https://www.etreproprio.com/immobilier-23121686-vente-maison-melesse-6-pieces-1205-m2-melesse,359 805,Melesse 35520,121,840,6
Maison 79m² à melesse,https://www.etreproprio.com/immobilier-23111706-vente-maison-79m-a-melesse-melesse,294 000,Melesse 35520,79,364,5
Maison 122m² à melesse,https://www.etreproprio.com/immobilier-22966677-vente-maison-122m-a-melesse-melesse,252 000,Melesse 35520,122,539,6
Maison familiale melesse,https://www.etreproprio.com/immobilier-22926082-vente-maison-familiale-melesse-melesse,299 500,Melesse 35520,85,320,4
Maison 80m² à melesse,https://www.etreproprio.com/immobilier-22888087-vente-maison-80m-a-melesse-melesse,277 000,Melesse 35520,80,540,3
Maison la meziere 7 pièce(s) 120 m2,https://www.etreproprio.com/immobilier-23910206-vente-maison-la-meziere-7-pieces-120-m2-la-meziere,337 450,La Meziere 35520,120,245,7
Maison contemporaine située à la mézière,https://www.etreproprio.com/immobilier-23058030-vente-maison-contemporaine-situee-a-la-meziere-la-meziere,577 200,La Meziere 35520,152,1 016,7
Maison 142m² à la meziere,https://www.etreproprio.com/immobilier-23903755-vente-maison-142m-a-la-meziere-la-meziere,470 000,La Meziere 35520,142,437,6
"Maison familiale au calme d'une impasse, 123m²",https://www.etreproprio.com/immobilier-23897326-vente-maison-familiale-au-calme-d-une-impasse-123m-la-meziere,378 000,La Meziere 35520,123,475,5
Maison la meziere 5 pièce(s) 93.64 m2,https://www.etreproprio.com/immobilier-22599714-vente-maison-la-meziere-5-pieces-9364-m2-la-meziere,298 680,La Meziere 35520,94,500,5
Maison 101m² à la meziere,https://www.etreproprio.com/immobilier-22525187-vente-maison-101m-a-la-meziere-la-meziere,252 000,La Meziere 35520,101,263,5
"Maison familiale 3 niveaux – 4/5 chambres, suite parentale et garage",https://www.etreproprio.com/immobilier-23836524-vente-maison-familiale-3-niveaux-45-chambres-suite-parentale-et-garage-la-meziere,336 000,La Meziere 35520,118,,7
Maison 129m² à la meziere,https://www.etreproprio.com/immobilier-23542026-vente-maison-129m-a-la-meziere-la-meziere,400 000,La Meziere 35520,130,388,6
"""investissement rentable : gîte + 12 logements loués"" sur plus de 8400m2 de terrain",https://www.etreproprio.com/immobilier-23781694-vente-investissement-rentable-gite-12-logements-loues-sur-plus-de-8400m2-de-terrain-la-meziere,1 150 000,La Meziere 35520,600,,29
Maison 169m² à la meziere,https://www.etreproprio.com/immobilier-23621255-vente-maison-169m-a-la-meziere-la-meziere,499 000,La Meziere 35520,169,530,6
Maison 130m² à la meziere,https://www.etreproprio.com/immobilier-23674091-vente-maison-130m-a-la-meziere-la-meziere,402 000,La Meziere 35520,130,480,6
Maison 108m² à la meziere,https://www.etreproprio.com/immobilier-23670156-vente-maison-108m-a-la-meziere-la-meziere,233 990,La Meziere 35520,108,24,4
Maison  7 pièces  - 141 m2 - sous sol complet - 476 m² de terrain,https://www.etreproprio.com/immobilier-23162750-vente-maison-7-pieces-141-m2-sous-sol-complet-476-m-de-terrain-la-meziere,382 950,La Meziere 35520,141,476,7
Maison neuve avec vue -  6 pièces à la mézière,https://www.etreproprio.com/immobilier-23633349-vente-maison-neuve-avec-vue-6-pieces-a-la-meziere-la-meziere,470 000,La Meziere 35520,147,,6
Maison 162m² à la meziere,https://www.etreproprio.com/immobilier-23592243-vente-maison-162m-a-la-meziere-la-meziere,567 900,La Meziere 35520,162,560,6
Maison 80m² à la meziere,https://www.etreproprio.com/immobilier-22245315-vente-maison-80m-a-la-meziere-la-meziere,265 965,La Meziere 35520,80,556,4
Maison la mézière 6 pièces 143 m2 sur 1252 m² de terrain - rénovation de 2015 - superbe environnement!,https://www.etreproprio.com/immobilier-23442655-vente-maison-la-meziere-6-pieces-143-m2-sur-1252-m-de-terrain-renovation-de-2015-superbe-environnement-la-meziere,499 900,La Meziere 35520,143,1 252,6
Maison 154m² à la meziere,https://www.etreproprio.com/immobilier-23194158-vente-maison-154m-a-la-meziere-la-meziere,499 900,La Meziere 35520,154,1 252,6
Maison la meziere 5 pièce(s) 123 m2,https://www.etreproprio.com/immobilier-22764159-vente-maison-la-meziere-5-pieces-123-m2-la-meziere,399 900,La Meziere 35520,123,286,5
Maison 123m² à la meziere,https://www.etreproprio.com/immobilier-22725305-vente-maison-123m-a-la-meziere-la-meziere,396 000,La Meziere 35520,123,286,5
"Maison contemporaine 2017, 4 chambres, 125 m², hors lotissement à 10 min de st aubin du cormier et de l'a84",https://www.etreproprio.com/immobilier-23909725-vente-maison-contemporaine-2017-4-chambres-125-m-hors-lotissement-a-10-min-de-st-aubin-du-cormier-et-de-l-a84-mezieres-sur-couesnon,289 910,Mezieres-Sur-Couesnon 35140,125,855,5
Maison 549m² à mezieres-sur-couesnon,https://www.etreproprio.com/immobilier-23820992-vente-maison-549m-a-mezieres-sur-couesnon-mezieres-sur-couesnon,315 000,Mezieres-Sur-Couesnon 35140,549,26 275,10
Maison 95m² à mezieres-sur-couesnon,https://www.etreproprio.com/immobilier-23821934-vente-maison-95m-a-mezieres-sur-couesnon-mezieres-sur-couesnon,169 000,Mezieres-Sur-Couesnon 35140,95,2 950,5
Maison 104m² à mezieres-sur-couesnon,https://www.etreproprio.com/immobilier-23786075-vente-maison-104m-a-mezieres-sur-couesnon-mezieres-sur-couesnon,200 000,Mezieres-Sur-Couesnon 35140,104,3 270,4
Maison 150m² à mezieres-sur-couesnon,https://www.etreproprio.com/immobilier-22263294-vente-maison-150m-a-mezieres-sur-couesnon-mezieres-sur-couesnon,287 000,Mezieres-Sur-Couesnon 35140,150,1 115,6
Mezieres sur couesnon,https://www.etreproprio.com/immobilier-21341564-vente-mezieres-sur-couesnon-mezieres-sur-couesnon,281 610,Mezieres-Sur-Couesnon 35140,127,696,5
Maison familiale individuelle,https://www.etreproprio.com/immobilier-23381131-vente-maison-familiale-individuelle-mezieres-sur-couesnon,300 000,Mezieres-Sur-Couesnon 35140,148,700,6
Maison spacieuse à vendre à mézières sur couesnon,https://www.etreproprio.com/immobilier-22741722-vente-maison-spacieuse-a-vendre-a-mezieres-sur-couesnon-mezieres-sur-couesnon,345 121,Mezieres-Sur-Couesnon 35140,193,2 751,8
Maison 193m² à mezieres-sur-couesnon,https://www.etreproprio.com/immobilier-22427954-vente-maison-193m-a-mezieres-sur-couesnon-mezieres-sur-couesnon,340 000,Mezieres-Sur-Couesnon 35140,193,3 000,8
Maison 119m² à mezieres-sur-couesnon,https://www.etreproprio.com/immobilier-22201899-vente-maison-119m-a-mezieres-sur-couesnon-mezieres-sur-couesnon,219 500,Mezieres-Sur-Couesnon 35140,119,766,5
Maison la meziere 6 pièce(s) 130 m2,https://www.etreproprio.com/immobilier-22497789-vente-maison-la-meziere-6-pieces-130-m2-la-meziere,382 500,La Meziere 35520,130,490,6
Maison neuve – 2024 – 4 chambres – la mézière – 162 m² – terrain clos de 560 m²-frais de notaire réduit,https://www.etreproprio.com/immobilier-23427425-vente-maison-neuve-2024-4-chambres-la-meziere-162-m-terrain-clos-de-560-m-frais-de-notaire-reduit-la-meziere,569 000,La Meziere 35520,162,,6
Longère de caractère,https://www.etreproprio.com/immobilier-23127998-vente-longere-de-caractere-la-meziere,570 000,La Meziere 35520,240,,10
Maison 136m² à la meziere,https://www.etreproprio.com/immobilier-22700774-vente-maison-136m-a-la-meziere-la-meziere,448 000,La Meziere 35520,136,402,6
Maison 5 pièces 140 m2,https://www.etreproprio.com/immobilier-23371045-vente-maison-5-pieces-140-m2-la-meziere,449 000,La Meziere 35520,140,402,5
Maison 197m² à la meziere,https://www.etreproprio.com/immobilier-23341002-vente-maison-197m-a-la-meziere-la-meziere,515 000,La Meziere 35520,197,1 000,9
Maison la meziere 5 pièce(s) 109 m2,https://www.etreproprio.com/immobilier-22497792-vente-maison-la-meziere-5-pieces-109-m2-la-meziere,249 950,La Meziere 35520,109,820,5
Maison la meziere 4 pièce(s) 100 m2,https://www.etreproprio.com/immobilier-22497802-vente-maison-la-meziere-4-pieces-100-m2-la-meziere,188 640,La Meziere 35520,100,330,4
La meziere rare à la vente maison neuve en frais réduits de notaire de 162m² habitables sur 560m² de terrain ouest !,https://www.etreproprio.com/immobilier-22578953-vente-la-meziere-rare-a-la-vente-maison-neuve-en-frais-reduits-de-notaire-de-162m-habitables-sur-560m-de-terrain-ouest-la-meziere,567 900,La Meziere 35520,162,560,6
Maison 165m² à la meziere,https://www.etreproprio.com/immobilier-23161218-vente-maison-165m-a-la-meziere-la-meziere,558 900,La Meziere 35520,165,437,7
À vendre – maison neuve sur l’axe melesse / la mézière – constructeur maisons guillaume,https://www.etreproprio.com/immobilier-23147485-vente-a-vendre-maison-neuve-sur-l-axe-melesse-la-meziere-constructeur-maisons-guillaume-la-meziere,305 000,La Meziere 35520,96,,5
Maison la meziere 5 pièce(s) 104 m2,https://www.etreproprio.com/immobilier-23101589-vente-maison-la-meziere-5-pieces-104-m2-la-meziere,366 800,La Meziere 35520,104,525,5
La meziere en plein centre rare à la vente maison neuve de 100m² sur 200m² de terrain plein sud avec chambre au rdc !,https://www.etreproprio.com/immobilier-22578862-vente-la-meziere-en-plein-centre-rare-a-la-vente-maison-neuve-de-100m-sur-200m-de-terrain-plein-sud-avec-chambre-au-rdc-la-meziere,349 830,La Meziere 35520,100,200,6
En campagne,https://www.etreproprio.com/immobilier-22918837-vente-en-campagne-la-meziere,659 600,La Meziere 35520,240,4 500,10
Maison 160m² à la meziere,https://www.etreproprio.com/immobilier-22906987-vente-maison-160m-a-la-meziere-la-meziere,724 500,La Meziere 35520,160,1 343,5
Maison la meziere 7 pièce(s) 150 m2,https://www.etreproprio.com/immobilier-22497826-vente-maison-la-meziere-7-pieces-150-m2-la-meziere,483 200,La Meziere 35520,146,570,7
Maison 165m² à la meziere,https://www.etreproprio.com/immobilier-22700580-vente-maison-165m-a-la-meziere-la-meziere,558 900,La Meziere 35520,165,437,6
Maison la meziere 5 pièce(s) 126 m2,https://www.etreproprio.com/immobilier-22497801-vente-maison-la-meziere-5-pieces-126-m2-la-meziere,324 800,La Meziere 35520,126,600,5
Maison 126m² à la meziere,https://www.etreproprio.com/immobilier-22255475-vente-maison-126m-a-la-meziere-la-meziere,319 900,La Meziere 35520,126,600,5
A vendre à la meziere (35) maison de plain-pied dans un parc floral,https://www.etreproprio.com/immobilier-22178969-vente-a-vendre-a-la-meziere-35-maison-de-plain-pied-dans-un-parc-floral-la-meziere,333 300,La Meziere 35520,95,5 050,5
Maison 123m² à melesse,https://www.etreproprio.com/immobilier-22688210-vente-maison-123m-a-melesse-melesse,438 000,Melesse 35520,123,453,6
Maison melesse 8 pièce(s) 215 m2,https://www.etreproprio.com/immobilier-22678517-vente-maison-melesse-8-pieces-215-m2-melesse,564 000,Melesse 35520,215,3 814,8
Maison 250m² à melesse,https://www.etreproprio.com/immobilier-22614071-vente-maison-250m-a-melesse-melesse,283 500,Melesse 35520,250,857,8
Melesse maison neuve de 133 m2 avec de belles prestations sur un terrain de 230m² exposé ouest !,https://www.etreproprio.com/immobilier-22578957-vente-melesse-maison-neuve-de-133-m2-avec-de-belles-prestations-sur-un-terrain-de-230m-expose-ouest-melesse,398 190,Melesse 35520,133,230,6
Maison 153m² à melesse,https://www.etreproprio.com/immobilier-22554562-vente-maison-153m-a-melesse-melesse,283 500,Melesse 35520,153,1 125,5
Maison 346m² à melesse,https://www.etreproprio.com/immobilier-22502616-vente-maison-346m-a-melesse-melesse,620 000,Melesse 35520,347,3 230,7
Longère rénovée,https://www.etreproprio.com/immobilier-22497819-vente-longere-renovee-melesse,544 960,Melesse 35520,184,900,5
Maison melesse 4 pièce(s) 109 m2,https://www.etreproprio.com/immobilier-22497836-vente-maison-melesse-4-pieces-109-m2-melesse,366 800,Melesse 35520,109,500,4
Maison melesse 7 pièce(s) 172 m2,https://www.etreproprio.com/immobilier-22497818-vente-maison-melesse-7-pieces-172-m2-melesse,450 600,Melesse 35520,172,5 000,7
Maison indépendante melesse,https://www.etreproprio.com/immobilier-22366544-vente-maison-independante-melesse-melesse,467 550,Melesse 35520,120,850,5
Maison melesse 5 pièce(s) 90 m2,https://www.etreproprio.com/immobilier-22333582-vente-maison-melesse-5-pieces-90-m2-melesse,278 000,Melesse 35520,90,540,5
Maison 95m² à melesse,https://www.etreproprio.com/immobilier-22252458-vente-maison-95m-a-melesse-melesse,237 000,Melesse 35520,95,409,5
Maison 109m² à melesse,https://www.etreproprio.com/immobilier-21831878-vente-maison-109m-a-melesse-melesse,399 630,Melesse 35520,109,468,7
Maison 103m² à melesse,https://www.etreproprio.com/immobilier-22051623-vente-maison-103m-a-melesse-melesse,348 600,Melesse 35520,103,247,6
Maison 72m² à melesse,https://www.etreproprio.com/immobilier-21618715-vente-maison-72m-a-melesse-melesse,222 600,Melesse 35520,72,574,4
Maison 138m² à la meziere,https://www.etreproprio.com/immobilier-21647197-vente-maison-138m-a-la-meziere-la-meziere,449 990,La Meziere 35520,138,426,6
Maison 5 pièces 97 m2,https://www.etreproprio.com/immobilier-19406381-vente-maison-5-pieces-97-m2-la-meziere,342 870,La Meziere 35520,97,5 100,5
Maison miniac morvan 4 pièce(s) 66m²,https://www.etreproprio.com/immobilier-23418807-vente-maison-miniac-morvan-4-pieces-66m-miniac-morvan,165 850,Miniac-Morvan 35540,66,835,4
Miniac-morvan - maison de ville à rénover - 2 chambres et terrasse,https://www.etreproprio.com/immobilier-23906127-vente-miniac-morvan-maison-de-ville-a-renover-2-chambres-et-terrasse-miniac-morvan,158 250,Miniac-Morvan 35540,87,,3
Maison 107m² à miniac-morvan,https://www.etreproprio.com/immobilier-23892794-vente-maison-107m-a-miniac-morvan-miniac-morvan,182 000,Miniac-Morvan 35540,107,391,4
Maison 136m² à miniac-morvan,https://www.etreproprio.com/immobilier-23893014-vente-maison-136m-a-miniac-morvan-miniac-morvan,360 000,Miniac-Morvan 35540,136,518,5
Maison familiale 5 chambres avec suite parentale au rdc,https://www.etreproprio.com/immobilier-23877767-vente-maison-familiale-5-chambres-avec-suite-parentale-au-rdc-miniac-morvan,328 700,Miniac-Morvan 35540,114,411,6
Maison familiale 180 m² - studio indépendant - dépendances - terrain de 8400 m²,https://www.etreproprio.com/immobilier-23877773-vente-maison-familiale-180-m-studio-independant-dependances-terrain-de-8400-m-miniac-morvan,454 575,Miniac-Morvan 35540,180,,9
Maison familiale à miniac morvan,https://www.etreproprio.com/immobilier-22729346-vente-maison-familiale-a-miniac-morvan-miniac-morvan,238 970,Miniac-Morvan 35540,82,1 050,4
Maison 134m² à miniac-morvan,https://www.etreproprio.com/immobilier-23862299-vente-maison-134m-a-miniac-morvan-miniac-morvan,344 520,Miniac-Morvan 35540,134,971,6
Maison 68m² à miniac-morvan,https://www.etreproprio.com/immobilier-23832222-vente-maison-68m-a-miniac-morvan-miniac-morvan,249 900,Miniac-Morvan 35540,68,519,3
Maison a vendre a miniac movan (35540) - 4 pièce(s) - 99.51 m2,https://www.etreproprio.com/immobilier-23499500-vente-maison-a-vendre-a-miniac-movan-35540-4-pieces-9951-m2-miniac-morvan,265 750,Miniac-Morvan 35540,100,5 432,4
Miniac-morvan,https://www.etreproprio.com/immobilier-23383509-vente-miniac-morvan-miniac-morvan,355 000,Miniac-Morvan 35540,123,609,5
Maison 123m² à miniac-morvan,https://www.etreproprio.com/immobilier-23337617-vente-maison-123m-a-miniac-morvan-miniac-morvan,349 900,Miniac-Morvan 35540,123,600,5
Charme à 20 min de saint malo,https://www.etreproprio.com/immobilier-23129349-vente-charme-a-20-min-de-saint-malo-miniac-morvan,n.c.,Miniac-Morvan 35540,148,364,8
Maison 75m² à miniac-morvan,https://www.etreproprio.com/immobilier-23742083-vente-maison-75m-a-miniac-morvan-miniac-morvan,188 000,Miniac-Morvan 35540,75,,4
Maison 164m² à miniac-morvan,https://www.etreproprio.com/immobilier-23692212-vente-maison-164m-a-miniac-morvan-miniac-morvan,359 500,Miniac-Morvan 35540,164,1 052,6
"Maison 144 m2 environ, 3 chambres, grand garage.",https://www.etreproprio.com/immobilier-22627014-vente-maison-144-m2-environ-3-chambres-grand-garage-miniac-morvan,225 463,Miniac-Morvan 35540,144,364,5
Maison centre-bourg de miniac morvan,https://www.etreproprio.com/immobilier-23659467-vente-maison-centre-bourg-de-miniac-morvan-miniac-morvan,188 640,Miniac-Morvan 35540,124,469,4
Maison miniac morvan,https://www.etreproprio.com/immobilier-23597668-vente-maison-miniac-morvan-miniac-morvan,101 960,Miniac-Morvan 35540,38,,2
Maison miniac morvan 2 pièce(s) 36 m2,https://www.etreproprio.com/immobilier-23587616-vente-maison-miniac-morvan-2-pieces-36-m2-miniac-morvan,101 000,Miniac-Morvan 35540,36,29,2
Demeure miniac-morvan,https://www.etreproprio.com/immobilier-23230399-vente-demeure-miniac-morvan-miniac-morvan,1 240 000,Miniac-Morvan 35540,488,25 147,12
Maison spacieuse,https://www.etreproprio.com/immobilier-23705824-vente-maison-spacieuse-miniac-sous-becherel,298 900,Miniac-Sous-Becherel 35190,200,1 850,7
Vente maison miniac-sous-becherel(35190) 379 000ï¿œ,https://www.etreproprio.com/immobilier-23590587-vente-vente-maison-miniac-sous-becherel35190-379-000i-oe-miniac-sous-becherel,379 000,Miniac-Sous-Becherel 35190,139,2 340,7
Maison 125m² à miniac-sous-becherel,https://www.etreproprio.com/immobilier-22915898-vente-maison-125m-a-miniac-sous-becherel-miniac-sous-becherel,249 900,Miniac-Sous-Becherel 35190,125,268,5
Maison 87m² à miniac-morvan,https://www.etreproprio.com/immobilier-23510696-vente-maison-87m-a-miniac-morvan-miniac-morvan,204 900,Miniac-Morvan 35540,87,6 064,4
Miniac-morvan,https://www.etreproprio.com/immobilier-22938500-vente-miniac-morvan-miniac-morvan,250 000,Miniac-Morvan 35540,97,1 050,4
Maison miniac morvan 6 pièce(s) 110 m2,https://www.etreproprio.com/immobilier-23507953-vente-maison-miniac-morvan-6-pieces-110-m2-miniac-morvan,319 890,Miniac-Morvan 35540,110,538,6
Maison miniac morvan,https://www.etreproprio.com/immobilier-23322997-vente-maison-miniac-morvan-miniac-morvan,244 500,Miniac-Morvan 35540,85,1 050,4
Maison 91m² à miniac-morvan,https://www.etreproprio.com/immobilier-23479322-vente-maison-91m-a-miniac-morvan-miniac-morvan,299 000,Miniac-Morvan 35540,91,1 465,5
Miniac morvan,https://www.etreproprio.com/immobilier-23469453-vente-miniac-morvan-miniac-morvan,299 000,Miniac-Morvan 35540,100,1 465,5
Maison 98m² à miniac-morvan,https://www.etreproprio.com/immobilier-23423723-vente-maison-98m-a-miniac-morvan-miniac-morvan,233 500,Miniac-Morvan 35540,98,,5
Superbe propriété  entre rennes et saint-malo,https://www.etreproprio.com/immobilier-22283383-vente-superbe-propriete-entre-rennes-et-saint-malo-miniac-morvan,1 248 000,Miniac-Morvan 35540,488,25 147,12
Maison miniac morvan 128 m2,https://www.etreproprio.com/immobilier-23231344-vente-maison-miniac-morvan-128-m2-miniac-morvan,366 800,Miniac-Morvan 35540,126,610,7
Maison miniac morvan  140 m2,https://www.etreproprio.com/immobilier-23231345-vente-maison-miniac-morvan-140-m2-miniac-morvan,345 840,Miniac-Morvan 35540,133,971,6
Maison miniac morvan  120 m2,https://www.etreproprio.com/immobilier-22618431-vente-maison-miniac-morvan-120-m2-miniac-morvan,218 500,Miniac-Morvan 35540,108,1 642,5
Belle maison familiale de 185m² rénovée avec goût !!!,https://www.etreproprio.com/immobilier-23184056-vente-belle-maison-familiale-de-185m-renovee-avec-gout-miniac-morvan,381 425,Miniac-Morvan 35540,185,1 770,6
Maison 141m² à miniac-morvan,https://www.etreproprio.com/immobilier-23154760-vente-maison-141m-a-miniac-morvan-miniac-morvan,359 900,Miniac-Morvan 35540,141,,6
Maison 94m² à miniac-morvan,https://www.etreproprio.com/immobilier-23155178-vente-maison-94m-a-miniac-morvan-miniac-morvan,192 000,Miniac-Morvan 35540,94,190,10
Maison 142m² à miniac-morvan,https://www.etreproprio.com/immobilier-23154694-vente-maison-142m-a-miniac-morvan-miniac-morvan,311 000,Miniac-Morvan 35540,142,2 500,5
Maison 97m² à miniac-morvan,https://www.etreproprio.com/immobilier-22585629-vente-maison-97m-a-miniac-morvan-miniac-morvan,194 900,Miniac-Morvan 35540,98,190,6
Maison miniac morvan plein centre avec terrain de 411m²,https://www.etreproprio.com/immobilier-22609391-vente-maison-miniac-morvan-plein-centre-avec-terrain-de-411m-miniac-morvan,250 000,Miniac-Morvan 35540,105,190,6
Maison miniac morvan plein centre,https://www.etreproprio.com/immobilier-23071355-vente-maison-miniac-morvan-plein-centre-miniac-morvan,194 000,Miniac-Morvan 35540,105,190,6
Maison miniac morvan  115 m2,https://www.etreproprio.com/immobilier-23057941-vente-maison-miniac-morvan-115-m2-miniac-morvan,272 480,Miniac-Morvan 35540,112,265,5
Maison 66m² à miniac-morvan,https://www.etreproprio.com/immobilier-23002498-vente-maison-66m-a-miniac-morvan-miniac-morvan,n.c.,Miniac-Morvan 35540,67,1 170,5
Maison 88m² à le minihic-sur-rance,https://www.etreproprio.com/immobilier-23901101-vente-maison-88m-a-le-minihic-sur-rance-le-minihic-sur-rance,346 500,Le Minihic-Sur-Rance 35870,88,501,4
Maison le minihic sur rance 6 pièce(s) 131.35 m2,https://www.etreproprio.com/immobilier-23869870-vente-maison-le-minihic-sur-rance-6-pieces-13135-m2-le-minihic-sur-rance,410 800,Le Minihic-Sur-Rance 35870,131,931,6
Maison avec vie de plain pied en centre bourg du minihic sur rance,https://www.etreproprio.com/immobilier-23823809-vente-maison-avec-vie-de-plain-pied-en-centre-bourg-du-minihic-sur-rance-le-minihic-sur-rance,410 800,Le Minihic-Sur-Rance 35870,132,931,5
Le minihic sur rance - maison de maître 188 m2,https://www.etreproprio.com/immobilier-23781962-vente-le-minihic-sur-rance-maison-de-maitre-188-m2-le-minihic-sur-rance,624 000,Le Minihic-Sur-Rance 35870,188,1 725,9
Maison 218m² à le minihic-sur-rance,https://www.etreproprio.com/immobilier-23756867-vente-maison-218m-a-le-minihic-sur-rance-le-minihic-sur-rance,1 145 000,Le Minihic-Sur-Rance 35870,218,2 377,6
Maison 163m² à le minihic-sur-rance,https://www.etreproprio.com/immobilier-23165985-vente-maison-163m-a-le-minihic-sur-rance-le-minihic-sur-rance,499 500,Le Minihic-Sur-Rance 35870,163,1 189,7
Maison familiale et dépendance minihic-sur-rance,https://www.etreproprio.com/immobilier-21972903-vente-maison-familiale-et-dependance-minihic-sur-rance-le-minihic-sur-rance,498 500,Le Minihic-Sur-Rance 35870,163,1 198,6
"Entre rance et mer, maison familiale 4 chambres- le minihic-sur-rance, à quelques minutes de dinard",https://www.etreproprio.com/immobilier-23700372-vente-entre-rance-et-mer-maison-familiale-4-chambres-le-minihic-sur-rance-a-quelques-minutes-de-dinard-le-minihic-sur-rance,482 080,Le Minihic-Sur-Rance 35870,126,1 000,6
Le minihic sur rance - maison ossature bois - 163 m2 et 1585 m2 de terrain arboré,https://www.etreproprio.com/immobilier-23672592-vente-le-minihic-sur-rance-maison-ossature-bois-163-m2-et-1585-m2-de-terrain-arbore-le-minihic-sur-rance,685 000,Le Minihic-Sur-Rance 35870,163,1 585,8
Maison le minihic sur rance 5 pièces 138 m2,https://www.etreproprio.com/immobilier-23628397-vente-maison-le-minihic-sur-rance-5-pieces-138-m2-le-minihic-sur-rance,576 400,Le Minihic-Sur-Rance 35870,138,759,5
Maison 88m² à le minihic-sur-rance,https://www.etreproprio.com/immobilier-23631094-vente-maison-88m-a-le-minihic-sur-rance-le-minihic-sur-rance,342 000,Le Minihic-Sur-Rance 35870,88,501,4
Entre langrolay et le minihic sur rance,https://www.etreproprio.com/immobilier-23618210-vente-entre-langrolay-et-le-minihic-sur-rance-le-minihic-sur-rance,208 950,Le Minihic-Sur-Rance 35870,71,161,4
Maison 101 m2 / 4 chambres / terrain 1000 m2 proche de la rance,https://www.etreproprio.com/immobilier-23562379-vente-maison-101-m2-4-chambres-terrain-1000-m2-proche-de-la-rance-le-minihic-sur-rance,492 000,Le Minihic-Sur-Rance 35870,101,,5
Charmante maison traditionnelle à rénover,https://www.etreproprio.com/immobilier-23510924-vente-charmante-maison-traditionnelle-a-renover-le-minihic-sur-rance,209 000,Le Minihic-Sur-Rance 35870,81,2 236,6
Bord de rance,https://www.etreproprio.com/immobilier-23486806-vente-bord-de-rance-le-minihic-sur-rance,699 825,Le Minihic-Sur-Rance 35870,181,550,7
Maison avec jardin à vendre au minihic-sur-rance maison familiale en vente sur les bords de rance,https://www.etreproprio.com/immobilier-23394870-vente-maison-avec-jardin-a-vendre-au-minihic-sur-rance-maison-familiale-en-vente-sur-les-bords-de-rance-le-minihic-sur-rance,619 500,Le Minihic-Sur-Rance 35870,140,1 800,8
Maison le minihic sur rance 6 pièces150 m2,https://www.etreproprio.com/immobilier-23319312-vente-maison-le-minihic-sur-rance-6-pieces150-m2-le-minihic-sur-rance,543 400,Le Minihic-Sur-Rance 35870,150,324,6
Maison 125m² à le minihic-sur-rance,https://www.etreproprio.com/immobilier-23301198-vente-maison-125m-a-le-minihic-sur-rance-le-minihic-sur-rance,314 900,Le Minihic-Sur-Rance 35870,125,410,6
Maison 132m² à le minihic-sur-rance,https://www.etreproprio.com/immobilier-23290282-vente-maison-132m-a-le-minihic-sur-rance-le-minihic-sur-rance,393 750,Le Minihic-Sur-Rance 35870,133,620,5
Maison 4 chambres - le minihic-sur-rance,https://www.etreproprio.com/immobilier-23213369-vente-maison-4-chambres-le-minihic-sur-rance-le-minihic-sur-rance,390 000,Le Minihic-Sur-Rance 35870,114,667,5
Maison de famille en campagne de saint malo & des bords de rance,https://www.etreproprio.com/immobilier-22987521-vente-maison-de-famille-en-campagne-de-saint-malo-des-bords-de-rance-miniac-morvan,750 000,Miniac-Morvan 35540,300,9 249,9
Maison 160m² à miniac-morvan,https://www.etreproprio.com/immobilier-22233659-vente-maison-160m-a-miniac-morvan-miniac-morvan,329 000,Miniac-Morvan 35540,160,10 770,5
Maison 158m² à miniac-morvan,https://www.etreproprio.com/immobilier-22968496-vente-maison-158m-a-miniac-morvan-miniac-morvan,320 000,Miniac-Morvan 35540,158,3 062,5
Maison 117m² à miniac-morvan,https://www.etreproprio.com/immobilier-22919833-vente-maison-117m-a-miniac-morvan-miniac-morvan,299 500,Miniac-Morvan 35540,117,800,4
Maison miniac morvan,https://www.etreproprio.com/immobilier-22030015-vente-maison-miniac-morvan-miniac-morvan,252 000,Miniac-Morvan 35540,83,1 050,5
Maison 23m² à miniac-morvan,https://www.etreproprio.com/immobilier-22870269-vente-maison-23m-a-miniac-morvan-miniac-morvan,29 900,Miniac-Morvan 35540,23,117,1
Maison à vendre miniac-morvan  t6 160m²,https://www.etreproprio.com/immobilier-17133683-vente-maison-a-vendre-miniac-morvan-t6-160m-miniac-morvan,359 499,Miniac-Morvan 35540,160,1 050,6
Maison 87m² à miniac-morvan,https://www.etreproprio.com/immobilier-22756967-vente-maison-87m-a-miniac-morvan-miniac-morvan,246 900,Miniac-Morvan 35540,87,318,5
Maison 143m² à miniac-morvan,https://www.etreproprio.com/immobilier-22637082-vente-maison-143m-a-miniac-morvan-miniac-morvan,320 250,Miniac-Morvan 35540,144,3 062,5
Maison 108m² à miniac-morvan,https://www.etreproprio.com/immobilier-22637081-vente-maison-108m-a-miniac-morvan-miniac-morvan,220 500,Miniac-Morvan 35540,108,1 642,4
A vendre maison miniac morvan 90m²,https://www.etreproprio.com/immobilier-22565201-vente-a-vendre-maison-miniac-morvan-90m-miniac-morvan,181 900,Miniac-Morvan 35540,90,245,4
Maison 143m² à miniac-morvan,https://www.etreproprio.com/immobilier-22502557-vente-maison-143m-a-miniac-morvan-miniac-morvan,129 900,Miniac-Morvan 35540,144,,3
"Maison à vendre hors lotissement miniac morvan 4 pièces, 3 chambres, 117m² habitables, 808m² de terrain.",https://www.etreproprio.com/immobilier-20675540-vente-maison-a-vendre-hors-lotissement-miniac-morvan-4-pieces-3-chambres-117m-habitables-808m-de-terrain-miniac-morvan,303 050,Miniac-Morvan 35540,117,808,4
Maison miniac morvan,https://www.etreproprio.com/immobilier-22310948-vente-maison-miniac-morvan-miniac-morvan,320 850,Miniac-Morvan 35540,92,1 465,5
Maison 87m² à miniac-morvan,https://www.etreproprio.com/immobilier-22261617-vente-maison-87m-a-miniac-morvan-miniac-morvan,252 000,Miniac-Morvan 35540,87,318,5
Maison 175m² à miniac-morvan,https://www.etreproprio.com/immobilier-22059939-vente-maison-175m-a-miniac-morvan-miniac-morvan,451 500,Miniac-Morvan 35540,176,374,5
Maison à vendre 5 pièces miniac morvan (35),https://www.etreproprio.com/immobilier-21949506-vente-maison-a-vendre-5-pieces-miniac-morvan-35-miniac-morvan,249 500,Miniac-Morvan 35540,99,2 170,5
Maison 117m² à miniac-morvan,https://www.etreproprio.com/immobilier-21877248-vente-maison-117m-a-miniac-morvan-miniac-morvan,309 750,Miniac-Morvan 35540,117,808,4
Maison miniac morvan 8 pièce(s) 128 m2,https://www.etreproprio.com/immobilier-21620038-vente-maison-miniac-morvan-8-pieces-128-m2-miniac-morvan,366 800,Miniac-Morvan 35540,128,518,8
Magnifique contemporaine domaine du golf,https://www.etreproprio.com/immobilier-21579800-vente-magnifique-contemporaine-domaine-du-golf-miniac-morvan,445 480,Miniac-Morvan 35540,127,1 000,5
Belle longere en pierres avec champ - campagne - a 5 minutes d'argentre du plessis,https://www.etreproprio.com/immobilier-23595967-vente-belle-longere-en-pierres-avec-champ-campagne-a-5-minutes-d-argentre-du-plessis-mondevert,279 260,Mondevert 35370,146,2 762,6
Vente maison mondevert(35370) 147 000ï¿œ,https://www.etreproprio.com/immobilier-23541186-vente-vente-maison-mondevert35370-147-000i-oe-mondevert,147 000,Mondevert 35370,75,430,3
Maison 4 pièces,https://www.etreproprio.com/immobilier-23528907-vente-maison-4-pieces-mondevert,147 000,Mondevert 35370,75,430,3
Maison mondevert 3 pièce(s) 69 m2,https://www.etreproprio.com/immobilier-22878881-vente-maison-mondevert-3-pieces-69-m2-mondevert,102 000,Mondevert 35370,69,723,3
Maison miniac morvan 5 pièce(s) 90 m2,https://www.etreproprio.com/immobilier-21427357-vente-maison-miniac-morvan-5-pieces-90-m2-miniac-morvan,220 080,Miniac-Morvan 35540,90,190,5
Maison miniac morvan 10 pièce(s) 167.5 m2,https://www.etreproprio.com/immobilier-21484199-vente-maison-miniac-morvan-10-pieces-1675-m2-miniac-morvan,450 000,Miniac-Morvan 35540,168,603,10
Miniac-morvan - maison de bourg avec hangar,https://www.etreproprio.com/immobilier-21204302-vente-miniac-morvan-maison-de-bourg-avec-hangar-miniac-morvan,450 640,Miniac-Morvan 35540,175,603,4
Maison 4 pièces,https://www.etreproprio.com/immobilier-23198219-vente-maison-4-pieces-le-minihic-sur-rance,405 000,Le Minihic-Sur-Rance 35870,68,725,4
Maison 222m² à le minihic-sur-rance,https://www.etreproprio.com/immobilier-23191294-vente-maison-222m-a-le-minihic-sur-rance-le-minihic-sur-rance,499 000,Le Minihic-Sur-Rance 35870,222,524,7
Maison 128m² à le minihic-sur-rance,https://www.etreproprio.com/immobilier-22755892-vente-maison-128m-a-le-minihic-sur-rance-le-minihic-sur-rance,209 600,Le Minihic-Sur-Rance 35870,128,,4
Maison  188m² le minihic sur rance,https://www.etreproprio.com/immobilier-21997127-vente-maison-188m-le-minihic-sur-rance-le-minihic-sur-rance,550 200,Le Minihic-Sur-Rance 35870,188,1 198,5
Le minihic-sur-rance – maison 4 chambres avec sous-sol au cœur du bourg,https://www.etreproprio.com/immobilier-23052098-vente-le-minihic-sur-rance-maison-4-chambres-avec-sous-sol-au-coeur-du-bourg-le-minihic-sur-rance,315 675,Le Minihic-Sur-Rance 35870,126,410,6
Maison 150m² à le minihic-sur-rance,https://www.etreproprio.com/immobilier-23016228-vente-maison-150m-a-le-minihic-sur-rance-le-minihic-sur-rance,209 000,Le Minihic-Sur-Rance 35870,150,2 000,5
Maison 140m² à le minihic-sur-rance,https://www.etreproprio.com/immobilier-22925020-vente-maison-140m-a-le-minihic-sur-rance-le-minihic-sur-rance,315 600,Le Minihic-Sur-Rance 35870,140,410,5
Maison 217m² à le minihic-sur-rance,https://www.etreproprio.com/immobilier-22917006-vente-maison-217m-a-le-minihic-sur-rance-le-minihic-sur-rance,1 155 000,Le Minihic-Sur-Rance 35870,218,2 377,6
Exclusivité. à vendre chez christelle mesnage immobilier.  à,https://www.etreproprio.com/immobilier-22914553-vente-exclusivite-a-vendre-chez-christelle-mesnage-immobilier-a-le-minihic-sur-rance,669 500,Le Minihic-Sur-Rance 35870,136,549,6
Maison familiale minihic sur rance,https://www.etreproprio.com/immobilier-22729345-vente-maison-familiale-minihic-sur-rance-le-minihic-sur-rance,619 500,Le Minihic-Sur-Rance 35870,140,1 800,8
"Maison en pierre rénovée de 152 m² – le minihic-sur-rance, centre bourg",https://www.etreproprio.com/immobilier-22684958-vente-maison-en-pierre-renovee-de-152-m-le-minihic-sur-rance-centre-bourg-le-minihic-sur-rance,572 000,Le Minihic-Sur-Rance 35870,152,759,5
Maison le minihic sur rance cale de la landriais,https://www.etreproprio.com/immobilier-22494236-vente-maison-le-minihic-sur-rance-cale-de-la-landriais-le-minihic-sur-rance,419 200,Le Minihic-Sur-Rance 35870,90,119,3
"Maison le minhic sur rance  5 pièce(s) 136 m² 3 chambres possibilités 5 chambres, cave, garage terrain d'une superficie de 1001",https://www.etreproprio.com/immobilier-22038018-vente-maison-le-minhic-sur-rance-5-pieces-136-m-3-chambres-possibilites-5-chambres-cave-garage-terrain-d-une-superficie-de-1001-le-minihic-sur-rance,639 280,Le Minihic-Sur-Rance 35870,133,1 001,5
Maison 178m² à le minihic-sur-rance,https://www.etreproprio.com/immobilier-22390336-vente-maison-178m-a-le-minihic-sur-rance-le-minihic-sur-rance,576 400,Le Minihic-Sur-Rance 35870,178,,7
Maison le minihic sur rance 4 pièce(s),https://www.etreproprio.com/immobilier-22220448-vente-maison-le-minihic-sur-rance-4-pieces-le-minihic-sur-rance,220 080,Le Minihic-Sur-Rance 35870,65,157,4
Maison en pierre de caractère avec parc arboré de plus de 12 000 m² - minihic-sur-rance,https://www.etreproprio.com/immobilier-20207250-vente-maison-en-pierre-de-caractere-avec-parc-arbore-de-plus-de-12-000-m-minihic-sur-rance-le-minihic-sur-rance,717 600,Le Minihic-Sur-Rance 35870,154,12 274,6
Maison le minihic sur rance cale de la landriais 3 pièce(s) 90.33 m²,https://www.etreproprio.com/immobilier-22038017-vente-maison-le-minihic-sur-rance-cale-de-la-landriais-3-pieces-9033-m-le-minihic-sur-rance,419 200,Le Minihic-Sur-Rance 35870,90,119,3
"A vos baskets, vélos, bateaux ...",https://www.etreproprio.com/immobilier-21083819-vente-a-vos-baskets-velos-bateaux-le-minihic-sur-rance,367 500,Le Minihic-Sur-Rance 35870,113,,6
Maison de maïtre   8 pièce(s) 187 m2 le minihic sur rance,https://www.etreproprio.com/immobilier-21351046-vente-maison-de-maitre-8-pieces-187-m2-le-minihic-sur-rance-le-minihic-sur-rance,628 800,Le Minihic-Sur-Rance 35870,187,1 725,8
Maison 187m² à le minihic-sur-rance,https://www.etreproprio.com/immobilier-21352476-vente-maison-187m-a-le-minihic-sur-rance-le-minihic-sur-rance,628 800,Le Minihic-Sur-Rance 35870,188,1 725,9
Maison 198m² à montauban-de-bretagne,https://www.etreproprio.com/immobilier-23892628-vente-maison-198m-a-montauban-de-bretagne-montauban-de-bretagne,504 000,Montauban-De-Bretagne 35360,198,469,5
Maison d'architecte 198 m² t6 avec jardin - garage - dépendance,https://www.etreproprio.com/immobilier-23882505-vente-maison-d-architecte-198-m-t6-avec-jardin-garage-dependance-montauban-de-bretagne,509 000,Montauban-De-Bretagne 35360,198,469,6
Maison montauban de bretagne sur 1014 m² de terrain avec possibilité de diviser la parcelle,https://www.etreproprio.com/immobilier-22578935-vente-maison-montauban-de-bretagne-sur-1014-m-de-terrain-avec-possibilite-de-diviser-la-parcelle-montauban-de-bretagne,174 180,Montauban-De-Bretagne 35360,68,1 014,5
Maison 114m² à montauban-de-bretagne,https://www.etreproprio.com/immobilier-23873898-vente-maison-114m-a-montauban-de-bretagne-montauban-de-bretagne,265 900,Montauban-De-Bretagne 35360,114,1 018,6
Maison montauban-de-bretagne 4 pièce(s) 68 m2,https://www.etreproprio.com/immobilier-23861272-vente-maison-montauban-de-bretagne-4-pieces-68-m2-montauban-de-bretagne,175 000,Montauban-De-Bretagne 35360,68,1 014,4
Maison 158m² à montauban-de-bretagne,https://www.etreproprio.com/immobilier-23816702-vente-maison-158m-a-montauban-de-bretagne-montauban-de-bretagne,413 800,Montauban-De-Bretagne 35360,158,2 000,6
Maison 60 m² à vendre à montauban-de-bretagne - terrain 530 m² - proche bourg et étang,https://www.etreproprio.com/immobilier-23819224-vente-maison-60-m-a-vendre-a-montauban-de-bretagne-terrain-530-m-proche-bourg-et-etang-montauban-de-bretagne,120 000,Montauban-De-Bretagne 35360,60,533,4
Maison 77m² à montauban-de-bretagne,https://www.etreproprio.com/immobilier-23790716-vente-maison-77m-a-montauban-de-bretagne-montauban-de-bretagne,130 700,Montauban-De-Bretagne 35360,77,409,5
Maison 5 chambres -180 m² avec grand terrain et double garage - montauban-de-bretagne,https://www.etreproprio.com/immobilier-23799075-vente-maison-5-chambres-180-m-avec-grand-terrain-et-double-garage-montauban-de-bretagne-montauban-de-bretagne,365 050,Montauban-De-Bretagne 35360,177,1 077,9
Maison 111m² à montauban-de-bretagne,https://www.etreproprio.com/immobilier-23751626-vente-maison-111m-a-montauban-de-bretagne-montauban-de-bretagne,229 900,Montauban-De-Bretagne 35360,111,892,6
Maison 190m² à montauban-de-bretagne,https://www.etreproprio.com/immobilier-23653681-vente-maison-190m-a-montauban-de-bretagne-montauban-de-bretagne,446 000,Montauban-De-Bretagne 35360,190,2 000,7
Maison 100m² à montauban-de-bretagne,https://www.etreproprio.com/immobilier-23641562-vente-maison-100m-a-montauban-de-bretagne-montauban-de-bretagne,258 900,Montauban-De-Bretagne 35360,100,842,6
Maison 81m² à montauban-de-bretagne,https://www.etreproprio.com/immobilier-23570556-vente-maison-81m-a-montauban-de-bretagne-montauban-de-bretagne,177 700,Montauban-De-Bretagne 35360,81,549,5
Maison à vendre 6 pièces - 107m² habitable - 772m² de terrain  montauban de bretagne (35),https://www.etreproprio.com/immobilier-23605446-vente-maison-a-vendre-6-pieces-107m-habitable-772m-de-terrain-montauban-de-bretagne-35-montauban-de-bretagne,279 000,Montauban-De-Bretagne 35360,108,772,6
Maison 3 chambres + bureau - montauban-de-bretagne - 96 m² avec jardin et garage,https://www.etreproprio.com/immobilier-23599271-vente-maison-3-chambres-bureau-montauban-de-bretagne-96-m-avec-jardin-et-garage-montauban-de-bretagne,230 340,Montauban-De-Bretagne 35360,96,238,4
Maison 116m² à montauban-de-bretagne,https://www.etreproprio.com/immobilier-23294460-vente-maison-116m-a-montauban-de-bretagne-montauban-de-bretagne,245 100,Montauban-De-Bretagne 35360,116,190,7
Maison familiale - 4 chambres,https://www.etreproprio.com/immobilier-23483915-vente-maison-familiale-4-chambres-montauban-de-bretagne,420 000,Montauban-De-Bretagne 35360,158,2 000,5
Maison 252m² à montauban-de-bretagne,https://www.etreproprio.com/immobilier-22526348-vente-maison-252m-a-montauban-de-bretagne-montauban-de-bretagne,386 650,Montauban-De-Bretagne 35360,252,7 729,8
Maison 137m² à montauban-de-bretagne,https://www.etreproprio.com/immobilier-23448662-vente-maison-137m-a-montauban-de-bretagne-montauban-de-bretagne,363 600,Montauban-De-Bretagne 35360,137,623,9
Maison 161m² à montauban-de-bretagne,https://www.etreproprio.com/immobilier-23435712-vente-maison-161m-a-montauban-de-bretagne-montauban-de-bretagne,338 900,Montauban-De-Bretagne 35360,161,665,11
Maison 59m² à montautour,https://www.etreproprio.com/immobilier-23372465-vente-maison-59m-a-montautour-montautour,87 500,Montautour 35210,59,3 000,3
Corps de ferme,https://www.etreproprio.com/immobilier-23803508-vente-corps-de-ferme-mont-dol,275 600,Mont-Dol 35120,112,1 302,3
Maison 694m² à mont-dol,https://www.etreproprio.com/immobilier-23812212-vente-maison-694m-a-mont-dol-mont-dol,1 365 000,Mont-Dol 35120,694,4 318,21
Maison 554m² à mont-dol,https://www.etreproprio.com/immobilier-23323227-vente-maison-554m-a-mont-dol-mont-dol,900 000,Mont-Dol 35120,554,23 000,18
Maison 178m² à mont-dol,https://www.etreproprio.com/immobilier-23277940-vente-maison-178m-a-mont-dol-mont-dol,446 250,Mont-Dol 35120,178,662,6
Propriété - chambres d'hôtes mont dol 694m²,https://www.etreproprio.com/immobilier-23265375-vente-propriete-chambres-d-hotes-mont-dol-694m-mont-dol,1 350 000,Mont-Dol 35120,694,8 750,25
Dol de bretagne en campagne,https://www.etreproprio.com/immobilier-23236268-vente-dol-de-bretagne-en-campagne-mont-dol,285 000,Mont-Dol 35120,136,2 300,6
Pavillon plain pied 100 m² proche dol de bretagne,https://www.etreproprio.com/immobilier-23112204-vente-pavillon-plain-pied-100-m-proche-dol-de-bretagne-mont-dol,220 080,Mont-Dol 35120,100,1 283,6
Propriété d’exception au cœur du mont-dol,https://www.etreproprio.com/immobilier-23106599-vente-propriete-d-exception-au-coeur-du-mont-dol-mont-dol,446 250,Mont-Dol 35120,178,662,6
Maison 800m² à mont-dol,https://www.etreproprio.com/immobilier-22451050-vente-maison-800m-a-mont-dol-mont-dol,,,,,
Mont-dol - charmante maison en campagne avec hangar,https://www.etreproprio.com/immobilier-22983301-vente-mont-dol-charmante-maison-en-campagne-avec-hangar-mont-dol,285 000,Mont-Dol 35120,110,2 200,6
Maison 178m² à mont-dol,https://www.etreproprio.com/immobilier-22036632-vente-maison-178m-a-mont-dol-mont-dol,446 250,Mont-Dol 35120,178,662,6
Maison avec jardin mont dol à vendre,https://www.etreproprio.com/immobilier-21882020-vente-maison-avec-jardin-mont-dol-a-vendre-mont-dol,349 000,Mont-Dol 35120,140,4 695,5
"Mont dol - habitation, dépendances et salle de réception",https://www.etreproprio.com/immobilier-20935237-vente-mont-dol-habitation-dependances-et-salle-de-reception-mont-dol,827 920,Mont-Dol 35120,500,10 897,7
Maison 65m² à mont-dol,https://www.etreproprio.com/immobilier-21545923-vente-maison-65m-a-mont-dol-mont-dol,204 900,Mont-Dol 35120,65,1 000,3
Maison 8 pièces 165m²,https://www.etreproprio.com/immobilier-23417911-vente-maison-8-pieces-165m-monterfil,249 900,Monterfil 35160,168,2 535,8
Maison monterfil - campagne - calme - investisseur,https://www.etreproprio.com/immobilier-23521728-vente-maison-monterfil-campagne-calme-investisseur-monterfil,235 575,Monterfil 35160,147,1 000,6
Propriété - longère 310m² - ancienne ferme,https://www.etreproprio.com/immobilier-20942355-vente-propriete-longere-310m-ancienne-ferme-monterfil,372 000,Monterfil 35160,150,7 191,6
"Maison d'habitation, terrain et dépendances, à monterfil",https://www.etreproprio.com/immobilier-17907941-vente-maison-d-habitation-terrain-et-dependances-a-monterfil-monterfil,371 556,Monterfil 35160,143,7 190,5
Maison 106m² à montfort-sur-meu,https://www.etreproprio.com/immobilier-23872648-vente-maison-106m-a-montfort-sur-meu-montfort-sur-meu,316 000,Montfort-Sur-Meu 35160,106,455,5
"Centre historique, maison  de ville de caractère",https://www.etreproprio.com/immobilier-22751161-vente-centre-historique-maison-de-ville-de-caractere-montfort-sur-meu,324 000,Montfort-Sur-Meu 35160,170,336,8
Maison 108m² à montfort-sur-meu,https://www.etreproprio.com/immobilier-23858743-vente-maison-108m-a-montfort-sur-meu-montfort-sur-meu,341 250,Montfort-Sur-Meu 35160,109,418,5
Pépite à restaurer aux abords du centre-ville !,https://www.etreproprio.com/immobilier-23855519-vente-pepite-a-restaurer-aux-abords-du-centre-ville-montfort-sur-meu,142 200,Montfort-Sur-Meu 35160,76,400,3
Superbe maison de bourg - montfort sur meu,https://www.etreproprio.com/immobilier-23722523-vente-superbe-maison-de-bourg-montfort-sur-meu-montfort-sur-meu,621 775,Montfort-Sur-Meu 35160,175,600,7
Centre montfort sur meu - maison de type 4 - calme,https://www.etreproprio.com/immobilier-22763747-vente-centre-montfort-sur-meu-maison-de-type-4-calme-montfort-sur-meu,204 000,Montfort-Sur-Meu 35160,97,453,4
Coup de cœur !,https://www.etreproprio.com/immobilier-23171883-vente-coup-de-coeur-montfort-sur-meu,316 000,Montfort-Sur-Meu 35160,107,455,6
Bâtiment à vendre - 262m² - hypercentre -  montfort-sur-meu,https://www.etreproprio.com/immobilier-23328604-vente-batiment-a-vendre-262m-hypercentre-montfort-sur-meu-montfort-sur-meu,417 000,Montfort-Sur-Meu 35160,262,687,14
Maison de maître au cœur de l’ancienne cité médiévale,https://www.etreproprio.com/immobilier-23586162-vente-maison-de-maitre-au-coeur-de-l-ancienne-cite-medievale-montfort-sur-meu,418 000,Montfort-Sur-Meu 35160,275,687,17
Maison 175m² à montfort-sur-meu,https://www.etreproprio.com/immobilier-23556207-vente-maison-175m-a-montfort-sur-meu-montfort-sur-meu,628 950,Montfort-Sur-Meu 35160,175,660,7
Maison 259m² à montfort-sur-meu,https://www.etreproprio.com/immobilier-23383245-vente-maison-259m-a-montfort-sur-meu-montfort-sur-meu,540 750,Montfort-Sur-Meu 35160,259,1 089,9
Maison 137m² à montfort-sur-meu,https://www.etreproprio.com/immobilier-23345859-vente-maison-137m-a-montfort-sur-meu-montfort-sur-meu,357 000,Montfort-Sur-Meu 35160,138,191,5
Maison 125m² à montfort-sur-meu,https://www.etreproprio.com/immobilier-23205632-vente-maison-125m-a-montfort-sur-meu-montfort-sur-meu,341 250,Montfort-Sur-Meu 35160,126,649,5
Maison à vendre 5 pièces breteil centre (35),https://www.etreproprio.com/immobilier-22281904-vente-maison-a-vendre-5-pieces-breteil-centre-35-montfort-sur-meu,246 750,Montfort-Sur-Meu 35160,100,417,5
"Maison 6 pièces 158 m2  hab - 202 m² au sol + sous sol de 100 m², l'ensemble sur 482 m² de terrain",https://www.etreproprio.com/immobilier-22578932-vente-maison-6-pieces-158-m2-hab-202-m-au-sol-sous-sol-de-100-m-l-ensemble-sur-482-m-de-terrain-montfort-sur-meu,259 440,Montfort-Sur-Meu 35160,158,482,5
Maison montfort-sur-meu 6 pièce(s) 175 m2,https://www.etreproprio.com/immobilier-22496715-vente-maison-montfort-sur-meu-6-pieces-175-m2-montfort-sur-meu,627 752,Montfort-Sur-Meu 35160,175,650,6
"Coeur de ville, maison montfort sur meu,  5 pièces, 103 m2",https://www.etreproprio.com/immobilier-19525491-vente-coeur-de-ville-maison-montfort-sur-meu-5-pieces-103-m2-montfort-sur-meu,223 000,Montfort-Sur-Meu 35160,103,226,5
Centre-ville,https://www.etreproprio.com/immobilier-20617099-vente-centre-ville-montfort-sur-meu,205 400,Montfort-Sur-Meu 35160,90,822,5
Maison 250m² à montauban-de-bretagne,https://www.etreproprio.com/immobilier-23406949-vente-maison-250m-a-montauban-de-bretagne-montauban-de-bretagne,555 000,Montauban-De-Bretagne 35360,250,1 706,10
Maison 118m² à montauban-de-bretagne,https://www.etreproprio.com/immobilier-22473524-vente-maison-118m-a-montauban-de-bretagne-montauban-de-bretagne,209 120,Montauban-De-Bretagne 35360,118,7 225,5
Maison 111m² à montauban-de-bretagne,https://www.etreproprio.com/immobilier-23032024-vente-maison-111m-a-montauban-de-bretagne-montauban-de-bretagne,229 460,Montauban-De-Bretagne 35360,111,892,7
Montauban-de-bretagne – spacieuse maison familiale en plein centre-ville,https://www.etreproprio.com/immobilier-23116910-vente-montauban-de-bretagne-spacieuse-maison-familiale-en-plein-centre-ville-montauban-de-bretagne,422 000,Montauban-De-Bretagne 35360,196,534,6
Maison 189m² à montauban-de-bretagne,https://www.etreproprio.com/immobilier-21257249-vente-maison-189m-a-montauban-de-bretagne-montauban-de-bretagne,446 000,Montauban-De-Bretagne 35360,189,2 000,7
Maison 153m² à montauban-de-bretagne,https://www.etreproprio.com/immobilier-22925187-vente-maison-153m-a-montauban-de-bretagne-montauban-de-bretagne,250 000,Montauban-De-Bretagne 35360,153,1 024,5
Maison 198m² à montauban-de-bretagne,https://www.etreproprio.com/immobilier-21971449-vente-maison-198m-a-montauban-de-bretagne-montauban-de-bretagne,507 300,Montauban-De-Bretagne 35360,198,469,6
Maison neuve de 80 m² - 3 chambres - 415 m² de terrain - environnement calme,https://www.etreproprio.com/immobilier-22578897-vente-maison-neuve-de-80-m-3-chambres-415-m-de-terrain-environnement-calme-montauban-de-bretagne,203 000,Montauban-De-Bretagne 35360,80,415,5
Maison montauban de bretagne 8 pièces 190 m2 - 2000 m² de terrain - double garage!,https://www.etreproprio.com/immobilier-22635964-vente-maison-montauban-de-bretagne-8-pieces-190-m2-2000-m-de-terrain-double-garage-montauban-de-bretagne,449 900,Montauban-De-Bretagne 35360,190,2 000,8
Maison montauban de bretagne 158 m2 - 42 m² de garage - terrain de 2000 m²,https://www.etreproprio.com/immobilier-22578926-vente-maison-montauban-de-bretagne-158-m2-42-m-de-garage-terrain-de-2000-m-montauban-de-bretagne,413 790,Montauban-De-Bretagne 35360,158,2 000,6
Maison de ville - montauban de bretagne 7 pièces 162 m2,https://www.etreproprio.com/immobilier-22578933-vente-maison-de-ville-montauban-de-bretagne-7-pieces-162-m2-montauban-de-bretagne,258 860,Montauban-De-Bretagne 35360,162,37,7
A vendre maison 6 pièces - 160 m2 - potentiel évolutif - montauban de bretagne,https://www.etreproprio.com/immobilier-22448666-vente-a-vendre-maison-6-pieces-160-m2-potentiel-evolutif-montauban-de-bretagne-montauban-de-bretagne,183 225,Montauban-De-Bretagne 35360,165,784,6
Maison 129m² à montauban-de-bretagne,https://www.etreproprio.com/immobilier-22322566-vente-maison-129m-a-montauban-de-bretagne-montauban-de-bretagne,269 900,Montauban-De-Bretagne 35360,129,1 000,6
Maison 94m² à montauban-de-bretagne,https://www.etreproprio.com/immobilier-22056443-vente-maison-94m-a-montauban-de-bretagne-montauban-de-bretagne,239 800,Montauban-De-Bretagne 35360,94,443,6
Maison 103m² à montauban-de-bretagne,https://www.etreproprio.com/immobilier-22002242-vente-maison-103m-a-montauban-de-bretagne-montauban-de-bretagne,225 100,Montauban-De-Bretagne 35360,103,460,7
Maison 290m² à montauban-de-bretagne,https://www.etreproprio.com/immobilier-21971452-vente-maison-290m-a-montauban-de-bretagne-montauban-de-bretagne,498 700,Montauban-De-Bretagne 35360,290,7 351,16
Maison 103m² à montauban-de-bretagne,https://www.etreproprio.com/immobilier-21971446-vente-maison-103m-a-montauban-de-bretagne-montauban-de-bretagne,302 400,Montauban-De-Bretagne 35360,103,1 061,6
Maison 150m² à montauban-de-bretagne,https://www.etreproprio.com/immobilier-21971448-vente-maison-150m-a-montauban-de-bretagne-montauban-de-bretagne,226 000,Montauban-De-Bretagne 35360,150,655,6
Maison 100m² à montauban-de-bretagne,https://www.etreproprio.com/immobilier-21971455-vente-maison-100m-a-montauban-de-bretagne-montauban-de-bretagne,229 400,Montauban-De-Bretagne 35360,100,515,5
Maison 162m² à montauban-de-bretagne,https://www.etreproprio.com/immobilier-21921188-vente-maison-162m-a-montauban-de-bretagne-montauban-de-bretagne,263 750,Montauban-De-Bretagne 35360,162,50,7
Maison montgermont 7 pièce(s) 119 m2,https://www.etreproprio.com/immobilier-23891104-vente-maison-montgermont-7-pieces-119-m2-montgermont,434 070,Montgermont 35760,119,433,7
"Maison spacieuse et récente montgermont - 6 chambres, 243 m²",https://www.etreproprio.com/immobilier-22696087-vente-maison-spacieuse-et-recente-montgermont-6-chambres-243-m-montgermont,795 000,Montgermont 35760,243,446,8
Maison 6 chambres montgermont,https://www.etreproprio.com/immobilier-22546958-vente-maison-6-chambres-montgermont-montgermont,471 150,Montgermont 35760,190,665,8
Maison - montgermont 7 pièces 119 m2 - 5 chambres - 433 m² de terrain,https://www.etreproprio.com/immobilier-23839393-vente-maison-montgermont-7-pieces-119-m2-5-chambres-433-m-de-terrain-montgermont,433 900,Montgermont 35760,119,433,7
Vente maison montgermont(35760) 332 800ï¿œ,https://www.etreproprio.com/immobilier-23784051-vente-vente-maison-montgermont35760-332-800i-oe-montgermont,332 800,Montgermont 35760,107,387,5
Maison montgermont 7 pièce(s) 119 m2,https://www.etreproprio.com/immobilier-23677881-vente-maison-montgermont-7-pieces-119-m2-montgermont,439 700,Montgermont 35760,119,433,7
Montgermont maison (2021) de 90m² sur 270m² de terrain plein sud !,https://www.etreproprio.com/immobilier-23469380-vente-montgermont-maison-2021-de-90m-sur-270m-de-terrain-plein-sud-montgermont,310 850,Montgermont 35760,90,270,5
Montgermont récente de 100 m2 avec 3 chs possibilité 4 sur 240m² de terrain plein sud avec garage !,https://www.etreproprio.com/immobilier-23162749-vente-montgermont-recente-de-100-m2-avec-3-chs-possibilite-4-sur-240m-de-terrain-plein-sud-avec-garage-montgermont,350 900,Montgermont 35760,100,240,5
Montgermont maison de 200 m2 sur 1800m² de terrain !,https://www.etreproprio.com/immobilier-22578948-vente-montgermont-maison-de-200-m2-sur-1800m-de-terrain-montgermont,486 385,Montgermont 35760,175,1 744,7
Maison 100m² à monthault,https://www.etreproprio.com/immobilier-23908110-vente-maison-100m-a-monthault-monthault,218 300,Monthault 35420,100,4 770,4
Maison à vendre 4 pièces monthault (35),https://www.etreproprio.com/immobilier-20654366-vente-maison-a-vendre-4-pieces-monthault-35-monthault,30 000,Monthault 35420,186,475,4
Maison située aux portes du coglais avec des belles prestations,https://www.etreproprio.com/immobilier-21774309-vente-maison-situee-aux-portes-du-coglais-avec-des-belles-prestations-montours,167 000,Montours 35460,96,,4
Maison 97m² à montours,https://www.etreproprio.com/immobilier-23063498-vente-maison-97m-a-montours-montours,169 900,Montours 35460,97,287,4
Maison 105m² à montours,https://www.etreproprio.com/immobilier-23774910-vente-maison-105m-a-montours-montours,264 000,Montours 35460,105,540,6
Maison à vendre 6 pièces les portes du coglais (35),https://www.etreproprio.com/immobilier-23813541-vente-maison-a-vendre-6-pieces-les-portes-du-coglais-35-montours,219 900,Montours 35460,120,1 117,6
Maison 163m² à montours,https://www.etreproprio.com/immobilier-23772876-vente-maison-163m-a-montours-montours,163 900,Montours 35460,163,403,7
Maison 145m² à montours,https://www.etreproprio.com/immobilier-23610979-vente-maison-145m-a-montours-montours,218 400,Montours 35460,145,1 500,6
Maison 238m² à montours,https://www.etreproprio.com/immobilier-22577640-vente-maison-238m-a-montours-montours,398 000,Montours 35460,238,9 586,8
Maison de bourg 6 pièces 172 m2,https://www.etreproprio.com/immobilier-23428903-vente-maison-de-bourg-6-pieces-172-m2-montours,195 500,Montours 35460,172,968,6
Maison 127m² à montours,https://www.etreproprio.com/immobilier-23409079-vente-maison-127m-a-montours-montours,210 000,Montours 35460,127,472,6
"Longère en campagne, à 3 min de l'a84, 180 m2",https://www.etreproprio.com/immobilier-22911845-vente-longere-en-campagne-a-3-min-de-l-a84-180-m2-montours,97 000,Montours 35460,180,1 758,6
Maison 100m² à montours,https://www.etreproprio.com/immobilier-22535500-vente-maison-100m-a-montours-montours,155 000,Montours 35460,100,1 233,5
Longère maen roch,https://www.etreproprio.com/immobilier-21182000-vente-longere-maen-roch-montours,246 620,Montours 35460,108,2 154,4
Maison 73m² à montours,https://www.etreproprio.com/immobilier-22989561-vente-maison-73m-a-montours-montours,135 900,Montours 35460,73,9 473,4
Maison 285m² à montours,https://www.etreproprio.com/immobilier-22984861-vente-maison-285m-a-montours-montours,152 000,Montours 35460,285,,5
A vendre - maison montours 4 pièce(s) 86 m2,https://www.etreproprio.com/immobilier-22723297-vente-a-vendre-maison-montours-4-pieces-86-m2-montours,113 000,Montours 35460,85,9 600,4
Maison 106m² à montours,https://www.etreproprio.com/immobilier-21141832-vente-maison-106m-a-montours-montours,332 800,Montours 35460,106,4 049,4
Maison boisgervilly 6 pièces 150 m²,https://www.etreproprio.com/immobilier-19568738-vente-maison-boisgervilly-6-pieces-150-m-montauban-de-bretagne,280 370,Montauban-De-Bretagne 35360,150,1 000,6
Maison 73m² à montreuil-des-landes,https://www.etreproprio.com/immobilier-23646737-vente-maison-73m-a-montreuil-des-landes-montreuil-des-landes,134 000,Montreuil-Des-Landes 35210,73,1 990,3
Maison 110m² à montreuil-des-landes,https://www.etreproprio.com/immobilier-22976358-vente-maison-110m-a-montreuil-des-landes-montreuil-des-landes,156 658,Montreuil-Des-Landes 35210,110,3 420,5
Maison plain-pied de 73m2 - 2 chambres,https://www.etreproprio.com/immobilier-21487167-vente-maison-plain-pied-de-73m2-2-chambres-montreuil-des-landes,134 000,Montreuil-Des-Landes 35210,73,,3
Maison 75m² à montreuil-des-landes,https://www.etreproprio.com/immobilier-22242350-vente-maison-75m-a-montreuil-des-landes-montreuil-des-landes,137 000,Montreuil-Des-Landes 35210,75,5 110,4
Longère montreuil le gast,https://www.etreproprio.com/immobilier-23639085-vente-longere-montreuil-le-gast-montreuil-le-gast,382 500,Montreuil-Le-Gast 35520,130,2 297,5
maison neuve 135 m² – montreuil-le-gast – 4 chambres – jardin avec robot tondeuse – garage,https://www.etreproprio.com/immobilier-23508253-vente-maison-neuve-135-m-montreuil-le-gast-4-chambres-jardin-avec-robot-tondeuse-garage-montreuil-le-gast,398 000,Montreuil-Le-Gast 35520,135,,6
"Maison contemporaine, 6 pièces à vendre à montreuil le gast (35520)",https://www.etreproprio.com/immobilier-23624754-vente-maison-contemporaine-6-pieces-a-vendre-a-montreuil-le-gast-35520-montreuil-le-gast,306 500,Montreuil-Le-Gast 35520,94,224,5
Maison récente centre montreuil le gast,https://www.etreproprio.com/immobilier-23547022-vente-maison-recente-centre-montreuil-le-gast-montreuil-le-gast,319 000,Montreuil-Le-Gast 35520,106,,5
Maison 103m² à montreuil-le-gast,https://www.etreproprio.com/immobilier-23514555-vente-maison-103m-a-montreuil-le-gast-montreuil-le-gast,363 000,Montreuil-Le-Gast 35520,103,4 708,5
Montreuil-le-gast,https://www.etreproprio.com/immobilier-23363523-vente-montreuil-le-gast-montreuil-le-gast,467 100,Montreuil-Le-Gast 35520,141,666,6
Maison montreuil le gast,https://www.etreproprio.com/immobilier-23258850-vente-maison-montreuil-le-gast-montreuil-le-gast,293 400,Montreuil-Le-Gast 35520,121,1 150,6
Maison indépendante montreuil le gast,https://www.etreproprio.com/immobilier-23153852-vente-maison-independante-montreuil-le-gast-montreuil-le-gast,377 280,Montreuil-Le-Gast 35520,113,620,5
Maison 253m² à montreuil-le-gast,https://www.etreproprio.com/immobilier-23111705-vente-maison-253m-a-montreuil-le-gast-montreuil-le-gast,535 000,Montreuil-Le-Gast 35520,253,1 389,8
Maison 94m² à montreuil-le-gast,https://www.etreproprio.com/immobilier-22946242-vente-maison-94m-a-montreuil-le-gast-montreuil-le-gast,295 000,Montreuil-Le-Gast 35520,94,206,4
"Maison contemporaine, 6 pièces à vendre à montreuil le gast (35)",https://www.etreproprio.com/immobilier-22613086-vente-maison-contemporaine-6-pieces-a-vendre-a-montreuil-le-gast-35-montreuil-le-gast,466 600,Montreuil-Le-Gast 35520,121,379,6
Maison neuve de  95 m² - jardin expose sud - montreuil-le-gast - la meziere - melesse,https://www.etreproprio.com/immobilier-22470854-vente-maison-neuve-de-95-m-jardin-expose-sud-montreuil-le-gast-la-meziere-melesse-montreuil-le-gast,295 000,Montreuil-Le-Gast 35520,94,206,6
Maison neuve de  95 m²  - jardin expose sud - montreuil-le-gast - la meziere - melesse,https://www.etreproprio.com/immobilier-22470853-vente-maison-neuve-de-95-m-jardin-expose-sud-montreuil-le-gast-la-meziere-melesse-montreuil-le-gast,299 000,Montreuil-Le-Gast 35520,94,224,6
Maison montreuil le gast 5 pièce(s) 97 m2,https://www.etreproprio.com/immobilier-22497833-vente-maison-montreuil-le-gast-5-pieces-97-m2-montreuil-le-gast,299 000,Montreuil-Le-Gast 35520,94,224,5
Maison neuve 97m²,https://www.etreproprio.com/immobilier-21971040-vente-maison-neuve-97m-montreuil-le-gast,299 000,Montreuil-Le-Gast 35520,97,224,5
Maison montreuil le gast 5 pièce(s) 103 m2,https://www.etreproprio.com/immobilier-22497778-vente-maison-montreuil-le-gast-5-pieces-103-m2-montreuil-le-gast,366 800,Montreuil-Le-Gast 35520,103,4 708,5
Maison 90m² à montreuil-le-gast,https://www.etreproprio.com/immobilier-22051622-vente-maison-90m-a-montreuil-le-gast-montreuil-le-gast,241 500,Montreuil-Le-Gast 35520,90,495,5
"À seulement 3 km de vitré, bâtisse rénovée - hors d’eau / hors d’air.",https://www.etreproprio.com/immobilier-23804632-vente-a-seulement-3-km-de-vitre-batisse-renovee-hors-d-eau-hors-d-air-montreuil-sous-perouse,219 375,Montreuil-Sous-Perouse 35500,130,,6
Maison en pierres en campagne,https://www.etreproprio.com/immobilier-23595964-vente-maison-en-pierres-en-campagne-montreuil-sous-perouse,399 900,Montreuil-Sous-Perouse 35500,182,1 510,7
Maison montreuil sous perouse 5 pièce(s) 146 m2,https://www.etreproprio.com/immobilier-23313836-vente-maison-montreuil-sous-perouse-5-pieces-146-m2-montreuil-sous-perouse,260 000,Montreuil-Sous-Perouse 35500,146,1 570,5
Maison 278m² à montreuil-sous-perouse,https://www.etreproprio.com/immobilier-23101471-vente-maison-278m-a-montreuil-sous-perouse-montreuil-sous-perouse,325 000,Montreuil-Sous-Perouse 35500,278,10 732,10
Maison à vendre  montreuil sous perouse (35) maison moderne,https://www.etreproprio.com/immobilier-22185632-vente-maison-a-vendre-montreuil-sous-perouse-35-maison-moderne-montreuil-sous-perouse,750 000,Montreuil-Sous-Perouse 35500,320,501,6
Maison 110m² à montreuil-sur-ille,https://www.etreproprio.com/immobilier-22976021-vente-maison-110m-a-montreuil-sur-ille-montreuil-sur-ille,187 000,Montreuil-Sur-Ille 35440,110,660,5
Montreuil sur ille - maison avec jardin,https://www.etreproprio.com/immobilier-23841827-vente-montreuil-sur-ille-maison-avec-jardin-montreuil-sur-ille,328 000,Montreuil-Sur-Ille 35440,150,767,7
Maison 110m² à montreuil-sur-ille,https://www.etreproprio.com/immobilier-23827733-vente-maison-110m-a-montreuil-sur-ille-montreuil-sur-ille,299 250,Montreuil-Sur-Ille 35440,110,1 397,6
Maison 210m² à montreuil-sur-ille,https://www.etreproprio.com/immobilier-23779792-vente-maison-210m-a-montreuil-sur-ille-montreuil-sur-ille,187 000,Montreuil-Sur-Ille 35440,210,495,9
Maison 84m² à montreuil-sur-ille,https://www.etreproprio.com/immobilier-23227088-vente-maison-84m-a-montreuil-sur-ille-montreuil-sur-ille,210 000,Montreuil-Sur-Ille 35440,84,785,4
Maison montreuil sur ille 4 pièce(s) 84 m2,https://www.etreproprio.com/immobilier-23659223-vente-maison-montreuil-sur-ille-4-pieces-84-m2-montreuil-sur-ille,213 800,Montreuil-Sur-Ille 35440,83,785,4
Maison 145m² à montreuil-sur-ille,https://www.etreproprio.com/immobilier-23620448-vente-maison-145m-a-montreuil-sur-ille-montreuil-sur-ille,328 000,Montreuil-Sur-Ille 35440,145,767,6
"Maison d'habitation 37,68 m2 montreuil sur ille",https://www.etreproprio.com/immobilier-23584681-vente-maison-d-habitation-3768-m2-montreuil-sur-ille-montreuil-sur-ille,97 200,Montreuil-Sur-Ille 35440,26,,
"Maison spacieuse 150 m² avec grand séjour, à 2 pas du ter montreuil sur ille",https://www.etreproprio.com/immobilier-23511141-vente-maison-spacieuse-150-m-avec-grand-sejour-a-2-pas-du-ter-montreuil-sur-ille-montreuil-sur-ille,318 000,Montreuil-Sur-Ille 35440,156,460,6
Maison 130m² à montreuil-sur-ille,https://www.etreproprio.com/immobilier-23490238-vente-maison-130m-a-montreuil-sur-ille-montreuil-sur-ille,253 900,Montreuil-Sur-Ille 35440,130,570,5
Maison 156m² à montreuil-sur-ille,https://www.etreproprio.com/immobilier-23434279-vente-maison-156m-a-montreuil-sur-ille-montreuil-sur-ille,310 000,Montreuil-Sur-Ille 35440,156,460,5
"Maison spacieuse 150 m² avec grand séjour, à 2 pas du ter montreuil sur ille",https://www.etreproprio.com/immobilier-23046925-vente-maison-spacieuse-150-m-avec-grand-sejour-a-2-pas-du-ter-montreuil-sur-ille-montreuil-sur-ille,318 000,Montreuil-Sur-Ille 35440,156,460,6
Maison de plain-pied avec dépendances sur terrain de 2400 m²  montreuil-sur-ille,https://www.etreproprio.com/immobilier-22911374-vente-maison-de-plain-pied-avec-dependances-sur-terrain-de-2400-m-montreuil-sur-ille-montreuil-sur-ille,199 500,Montreuil-Sur-Ille 35440,83,2 462,5
Maison 94m² à montreuil-sur-ille,https://www.etreproprio.com/immobilier-22390431-vente-maison-94m-a-montreuil-sur-ille-montreuil-sur-ille,249 990,Montreuil-Sur-Ille 35440,94,372,5
A vendre - plelan le grand - longère rénovée,https://www.etreproprio.com/immobilier-23829097-vente-a-vendre-plelan-le-grand-longere-renovee-mordelles,329 800,Mordelles 35310,152,691,6
Maison 108m² à mordelles,https://www.etreproprio.com/immobilier-23383749-vente-maison-108m-a-mordelles-mordelles,325 500,Mordelles 35310,108,582,5
Maison 5 pièces,https://www.etreproprio.com/immobilier-23045780-vente-maison-5-pieces-mordelles,334 400,Mordelles 35310,114,361,5
Maison 163m² à mordelles,https://www.etreproprio.com/immobilier-23755696-vente-maison-163m-a-mordelles-mordelles,357 000,Mordelles 35310,163,10 947,6
A vendre - mordelles - maison à rénover avec garage et terrain,https://www.etreproprio.com/immobilier-23711359-vente-a-vendre-mordelles-maison-a-renover-avec-garage-et-terrain-mordelles,219 870,Mordelles 35310,154,460,6
Maison de plain-pied,https://www.etreproprio.com/immobilier-23686567-vente-maison-de-plain-pied-mordelles,210 400,Mordelles 35310,90,1 053,5
mordelles – grande maison familiale de 6 chambres – terrain de 3 000 m² – sous-sol complet – à 12 km de rennes,https://www.etreproprio.com/immobilier-23673853-vente-mordelles-grande-maison-familiale-de-6-chambres-terrain-de-3-000-m-sous-sol-complet-a-12-km-de-rennes-mordelles,649 990,Mordelles 35310,230,3 124,8
Maison à vendre à mordelles ? exclusivité ? rare en centre-ville,https://www.etreproprio.com/immobilier-23657576-vente-maison-a-vendre-a-mordelles-exclusivite-rare-en-centre-ville-mordelles,370 000,Mordelles 35310,125,650,7
Maison à vendre à mordelles - 3 chambres - 94 m² - hyper centre de mordelles (35310),https://www.etreproprio.com/immobilier-23648382-vente-maison-a-vendre-a-mordelles-3-chambres-94-m-hyper-centre-de-mordelles-35310-mordelles,314 100,Mordelles 35310,94,450,4
A vendre - maison à mordelles - 4 ch - garage - terrain,https://www.etreproprio.com/immobilier-23420699-vente-a-vendre-maison-a-mordelles-4-ch-garage-terrain-mordelles,298 395,Mordelles 35310,145,310,7
Maison familiale d'environ 122 m² avec 4 chambres sur terrain de plus de 3 000 m².,https://www.etreproprio.com/immobilier-23399511-vente-maison-familiale-d-environ-122-m-avec-4-chambres-sur-terrain-de-plus-de-3-000-m-mordelles,324 015,Mordelles 35310,122,3 300,7
Longère d'habitation t4 avec étage aménageable et hangar,https://www.etreproprio.com/immobilier-22593630-vente-longere-d-habitation-t4-avec-etage-amenageable-et-hangar-mordelles,223 600,Mordelles 35310,83,2 000,4
Maison 6 pièces,https://www.etreproprio.com/immobilier-23290634-vente-maison-6-pieces-mordelles,283 500,Mordelles 35310,112,6 719,6
Maison à vendre à mordelles - 177 m² habitables - 15 min de rennes,https://www.etreproprio.com/immobilier-21222539-vente-maison-a-vendre-a-mordelles-177-m-habitables-15-min-de-rennes-mordelles,465 750,Mordelles 35310,177,1 000,5
Maison familiale,https://www.etreproprio.com/immobilier-21851283-vente-maison-familiale-mordelles,497 125,Mordelles 35310,192,,8
Mordelles : (lotissement privé) spacieuse maison de 180 m² hab env + sous-sol complet (95m²) sur un terrain de + de 1000 m² !,https://www.etreproprio.com/immobilier-23228627-vente-mordelles-lotissement-prive-spacieuse-maison-de-180-m-hab-env-sous-sol-complet-95m-sur-un-terrain-de-de-1000-m-mordelles,465 750,Mordelles 35310,177,1 000,6
Maison 147m² à mordelles,https://www.etreproprio.com/immobilier-23216959-vente-maison-147m-a-mordelles-mordelles,346 500,Mordelles 35310,148,631,6
Maison mordelles 158 m2,https://www.etreproprio.com/immobilier-23123614-vente-maison-mordelles-158-m2-mordelles,395 200,Mordelles 35310,158,608,7
Maison 210m² à mordelles,https://www.etreproprio.com/immobilier-22246489-vente-maison-210m-a-mordelles-mordelles,650 380,Mordelles 35310,210,1 029,8
Belle maison familiale,https://www.etreproprio.com/immobilier-21774268-vente-belle-maison-familiale-mordelles,430 000,Mordelles 35310,155,,7
"Maison mouaze, 4 chambres + 1 studio",https://www.etreproprio.com/immobilier-23810106-vente-maison-mouaze-4-chambres-1-studio-mouaze,351 415,Mouaze 35250,130,1 400,7
Maison de 2012 - 4 chambres - 35250 - mouaze,https://www.etreproprio.com/immobilier-23694647-vente-maison-de-2012-4-chambres-35250-mouaze-mouaze,305 000,Mouaze 35250,88,334,6
Maison 105m² à mouaze,https://www.etreproprio.com/immobilier-22923923-vente-maison-105m-a-mouaze-mouaze,294 900,Mouaze 35250,105,321,6
Mouazé maison indépendante de 2011 proposant 100m² habitables sir 375m² de terrain sud !,https://www.etreproprio.com/immobilier-22676892-vente-mouaze-maison-independante-de-2011-proposant-100m-habitables-sir-375m-de-terrain-sud-mouaze,299 990,Mouaze 35250,100,375,6
Charmante maison de maître à 10 minutes de betton,https://www.etreproprio.com/immobilier-22556134-vente-charmante-maison-de-maitre-a-10-minutes-de-betton-mouaze,374 000,Mouaze 35250,159,10 000,5
Maison 74m² à mouaze,https://www.etreproprio.com/immobilier-21637507-vente-maison-74m-a-mouaze-mouaze,220 500,Mouaze 35250,74,1 769,4
Maison ancienne 4 chambres – moulins centre – 105 m² – terrain 290 m²,https://www.etreproprio.com/immobilier-22088763-vente-maison-ancienne-4-chambres-moulins-centre-105-m-terrain-290-m-moulins,189 640,Moulins 35680,105,290,5
Maison 295m² à moulins,https://www.etreproprio.com/immobilier-22001927-vente-maison-295m-a-moulins-moulins,415 600,Moulins 35680,295,6 500,9
Vente maison moutiers(35130) 280 000ï¿œ,https://www.etreproprio.com/immobilier-21321951-vente-vente-maison-moutiers35130-280-000i-oe-moutiers,280 000,Moutiers 35130,181,4 200,7
Maison 92m² à muel,https://www.etreproprio.com/immobilier-23360824-vente-maison-92m-a-muel-muel,252 000,Muel 35290,93,926,5
Maison 124m² à muel,https://www.etreproprio.com/immobilier-23440624-vente-maison-124m-a-muel-muel,273 000,Muel 35290,124,1 341,5
Maison 10 pièces,https://www.etreproprio.com/immobilier-22298062-vente-maison-10-pieces-muel,258 000,Muel 35290,200,2 037,10
Maison 136m² à la noe-blanche,https://www.etreproprio.com/immobilier-23362295-vente-maison-136m-a-la-noe-blanche-la-noe-blanche,214 000,La Noe-Blanche 35470,136,1 240,6
Maison 112m² à la noe-blanche,https://www.etreproprio.com/immobilier-23575484-vente-maison-112m-a-la-noe-blanche-la-noe-blanche,217 900,La Noe-Blanche 35470,112,813,5
"Un cadre paisible, de grands volumes baignés de lumière, et tout à portée de main : découvrez cette superbe longère rénovée à la",https://www.etreproprio.com/immobilier-23416106-vente-un-cadre-paisible-de-grands-volumes-baignes-de-lumiere-et-tout-a-portee-de-main-decouvrez-cette-superbe-longere-renovee-a-la-la-noe-blanche,337 000,La Noe-Blanche 35470,184,,8
Maison 102m² à la noe-blanche,https://www.etreproprio.com/immobilier-22507600-vente-maison-102m-a-la-noe-blanche-la-noe-blanche,217 900,La Noe-Blanche 35470,102,813,5
Maison 187m² à la noe-blanche,https://www.etreproprio.com/immobilier-21996350-vente-maison-187m-a-la-noe-blanche-la-noe-blanche,346 500,La Noe-Blanche 35470,187,1 147,7
Beau projet de rénovation,https://www.etreproprio.com/immobilier-23876864-vente-beau-projet-de-renovation-nouvoitou,139 360,Nouvoitou 35410,155,1 325,6
Maison nouvoitou 6 pièce(s) 154.5 m2,https://www.etreproprio.com/immobilier-23841353-vente-maison-nouvoitou-6-pieces-1545-m2-nouvoitou,338 000,Nouvoitou 35410,155,817,6
Maison au fort potentiel à rénover,https://www.etreproprio.com/immobilier-23787540-vente-maison-au-fort-potentiel-a-renover-nouvoitou,149 760,Nouvoitou 35410,210,2 345,7
Maison 64m² à nouvoitou,https://www.etreproprio.com/immobilier-23769570-vente-maison-64m-a-nouvoitou-nouvoitou,285 500,Nouvoitou 35410,65,919,3
Campagne nouvoitou maison en pierres 5 pièces avec jardin 1200 m² environ,https://www.etreproprio.com/immobilier-23755361-vente-campagne-nouvoitou-maison-en-pierres-5-pieces-avec-jardin-1200-m-environ-nouvoitou,248 850,Nouvoitou 35410,126,1 233,5
Maison 119m² à nouvoitou,https://www.etreproprio.com/immobilier-22001978-vente-maison-119m-a-nouvoitou-nouvoitou,178 500,Nouvoitou 35410,119,2 522,5
Maison 94m² à nouvoitou,https://www.etreproprio.com/immobilier-23552540-vente-maison-94m-a-nouvoitou-nouvoitou,252 000,Nouvoitou 35410,94,33,4
Maison 85m² à nouvoitou,https://www.etreproprio.com/immobilier-23191393-vente-maison-85m-a-nouvoitou-nouvoitou,238 500,Nouvoitou 35410,85,131,5
Maison à vendre - centre ville - nouvoitou - joli jardin,https://www.etreproprio.com/immobilier-23637140-vente-maison-a-vendre-centre-ville-nouvoitou-joli-jardin-nouvoitou,198 930,Nouvoitou 35410,65,355,3
"Maison renovee de 133m2, 5 pieces",https://www.etreproprio.com/immobilier-23615454-vente-maison-renovee-de-133m2-5-pieces-nouvoitou,394 990,Nouvoitou 35410,133,1 800,5
Maison 125m² à nouvoitou,https://www.etreproprio.com/immobilier-22504124-vente-maison-125m-a-nouvoitou-nouvoitou,248 850,Nouvoitou 35410,126,1 200,5
Maison 125m² à nouvoitou,https://www.etreproprio.com/immobilier-22497763-vente-maison-125m-a-nouvoitou-nouvoitou,246 700,Nouvoitou 35410,125,1 200,5
Maison 123m² à nouvoitou,https://www.etreproprio.com/immobilier-23001684-vente-maison-123m-a-nouvoitou-nouvoitou,317 000,Nouvoitou 35410,123,263,6
Maison 170m² à nouvoitou,https://www.etreproprio.com/immobilier-22199542-vente-maison-170m-a-nouvoitou-nouvoitou,400 000,Nouvoitou 35410,170,1 130,8
Maison 123m² à nouvoitou,https://www.etreproprio.com/immobilier-21974761-vente-maison-123m-a-nouvoitou-nouvoitou,317 000,Nouvoitou 35410,123,263,6
Maison 104m² à nouvoitou,https://www.etreproprio.com/immobilier-22506477-vente-maison-104m-a-nouvoitou-nouvoitou,295 000,Nouvoitou 35410,104,238,5
Maison 104m² à nouvoitou,https://www.etreproprio.com/immobilier-23279909-vente-maison-104m-a-nouvoitou-nouvoitou,296 460,Nouvoitou 35410,104,238,5
Maison 213m² à nouvoitou,https://www.etreproprio.com/immobilier-23365045-vente-maison-213m-a-nouvoitou-nouvoitou,332 720,Nouvoitou 35410,213,2 200,8
Maison 179m² à nouvoitou,https://www.etreproprio.com/immobilier-22864396-vente-maison-179m-a-nouvoitou-nouvoitou,337 900,Nouvoitou 35410,179,2 100,7
Maison  7 pièce(s) 170 m2,https://www.etreproprio.com/immobilier-22520862-vente-maison-7-pieces-170-m2-nouvoitou,416 800,Nouvoitou 35410,170,1 000,8
Maison 117m² à nouvoitou,https://www.etreproprio.com/immobilier-22349695-vente-maison-117m-a-nouvoitou-nouvoitou,372 750,Nouvoitou 35410,117,335,6
Maison 142m² à nouvoitou,https://www.etreproprio.com/immobilier-22177266-vente-maison-142m-a-nouvoitou-nouvoitou,394 990,Nouvoitou 35410,142,1 806,5
Maison 77m² à nouvoitou,https://www.etreproprio.com/immobilier-22322088-vente-maison-77m-a-nouvoitou-nouvoitou,212 000,Nouvoitou 35410,77,609,4
Maison nouvoitou 4 pièce(s) 74.98 m2,https://www.etreproprio.com/immobilier-22199731-vente-maison-nouvoitou-4-pieces-7498-m2-nouvoitou,235 000,Nouvoitou 35410,75,326,4
Maison 140m² à noyal-sous-bazouges,https://www.etreproprio.com/immobilier-23843255-vente-maison-140m-a-noyal-sous-bazouges-noyal-sous-bazouges,447 000,Noyal-Sous-Bazouges 35560,140,11 993,5
En campagne entre noyal et bazouges-la-perouse,https://www.etreproprio.com/immobilier-23654465-vente-en-campagne-entre-noyal-et-bazouges-la-perouse-noyal-sous-bazouges,160 500,Noyal-Sous-Bazouges 35560,58,1 136,3
Maison combourg 5 pièces 141m²,https://www.etreproprio.com/immobilier-23531084-vente-maison-combourg-5-pieces-141m-noyal-sous-bazouges,233 200,Noyal-Sous-Bazouges 35560,141,1 857,5
A vendre maison à noyal-sous-bazouges proche combourg,https://www.etreproprio.com/immobilier-22341168-vente-a-vendre-maison-a-noyal-sous-bazouges-proche-combourg-noyal-sous-bazouges,270 140,Noyal-Sous-Bazouges 35560,280,3 375,10
Maison familiale,https://www.etreproprio.com/immobilier-23891831-vente-maison-familiale-noyal-chatillon-sur-seiche,399 800,Noyal-Chatillon-Sur-Seiche 35230,170,5 300,7
Maison 97m² à noyal-chatillon-sur-seiche,https://www.etreproprio.com/immobilier-23871481-vente-maison-97m-a-noyal-chatillon-sur-seiche-noyal-chatillon-sur-seiche,252 000,Noyal-Chatillon-Sur-Seiche 35230,97,,4
Maison 159m² à noyal-chatillon-sur-seiche,https://www.etreproprio.com/immobilier-23843372-vente-maison-159m-a-noyal-chatillon-sur-seiche-noyal-chatillon-sur-seiche,450 000,Noyal-Chatillon-Sur-Seiche 35230,159,1 000,7
Maison 105m² à noyal-chatillon-sur-seiche,https://www.etreproprio.com/immobilier-23831381-vente-maison-105m-a-noyal-chatillon-sur-seiche-noyal-chatillon-sur-seiche,258 000,Noyal-Chatillon-Sur-Seiche 35230,105,351,6
Maison 115m² à noyal-chatillon-sur-seiche,https://www.etreproprio.com/immobilier-23809152-vente-maison-115m-a-noyal-chatillon-sur-seiche-noyal-chatillon-sur-seiche,299 900,Noyal-Chatillon-Sur-Seiche 35230,115,314,5
Maison 160m² à noyal-chatillon-sur-seiche,https://www.etreproprio.com/immobilier-23793704-vente-maison-160m-a-noyal-chatillon-sur-seiche-noyal-chatillon-sur-seiche,450 000,Noyal-Chatillon-Sur-Seiche 35230,160,1 000,7
Maison 128m² à noyal-chatillon-sur-seiche,https://www.etreproprio.com/immobilier-23765196-vente-maison-128m-a-noyal-chatillon-sur-seiche-noyal-chatillon-sur-seiche,315 000,Noyal-Chatillon-Sur-Seiche 35230,128,431,6
Maison 138m² à noyal-chatillon-sur-seiche,https://www.etreproprio.com/immobilier-23753803-vente-maison-138m-a-noyal-chatillon-sur-seiche-noyal-chatillon-sur-seiche,378 000,Noyal-Chatillon-Sur-Seiche 35230,138,300,6
"Maison, longère mitoyenne, 5 pièces, 103 m2 - noyal chatillon sur seiche",https://www.etreproprio.com/immobilier-23740854-vente-maison-longere-mitoyenne-5-pieces-103-m2-noyal-chatillon-sur-seiche-noyal-chatillon-sur-seiche,297 000,Noyal-Chatillon-Sur-Seiche 35230,103,1 295,5
Maison 101m² à noyal-chatillon-sur-seiche,https://www.etreproprio.com/immobilier-23711433-vente-maison-101m-a-noyal-chatillon-sur-seiche-noyal-chatillon-sur-seiche,299 500,Noyal-Chatillon-Sur-Seiche 35230,101,261,5
Maison type 5 - 142 m2 hab,https://www.etreproprio.com/immobilier-22693017-vente-maison-type-5-142-m2-hab-noyal-chatillon-sur-seiche,382 950,Noyal-Chatillon-Sur-Seiche 35230,142,526,6
Noyal chatillon sur seiche - bâtiment à aménager en ville,https://www.etreproprio.com/immobilier-23638233-vente-noyal-chatillon-sur-seiche-batiment-a-amenager-en-ville-noyal-chatillon-sur-seiche,147 000,Noyal-Chatillon-Sur-Seiche 35230,150,224,5
Noyal chatillon sur seiche - longère rénovée de 248m²,https://www.etreproprio.com/immobilier-23631346-vente-noyal-chatillon-sur-seiche-longere-renovee-de-248m-noyal-chatillon-sur-seiche,586 500,Noyal-Chatillon-Sur-Seiche 35230,248,560,6
Maison 7 pièces noyal-châtillon-sur-seiche,https://www.etreproprio.com/immobilier-23633035-vente-maison-7-pieces-noyal-chatillon-sur-seiche-noyal-chatillon-sur-seiche,352 000,Noyal-Chatillon-Sur-Seiche 35230,121,775,7
Noyal chatillon sur seiche - longère rénovée de 248m²,https://www.etreproprio.com/immobilier-23631352-vente-noyal-chatillon-sur-seiche-longere-renovee-de-248m-noyal-chatillon-sur-seiche,679 250,Noyal-Chatillon-Sur-Seiche 35230,248,799,6
Maison appt t4 avec terrasse et jardin - noyal-chatillon-sur-seiche,https://www.etreproprio.com/immobilier-23605722-vente-maison-appt-t4-avec-terrasse-et-jardin-noyal-chatillon-sur-seiche-noyal-chatillon-sur-seiche,244 400,Noyal-Chatillon-Sur-Seiche 35230,81,,4
Maison 121m² à noyal-chatillon-sur-seiche,https://www.etreproprio.com/immobilier-23601657-vente-maison-121m-a-noyal-chatillon-sur-seiche-noyal-chatillon-sur-seiche,352 000,Noyal-Chatillon-Sur-Seiche 35230,121,775,6
Auberge / restaurant,https://www.etreproprio.com/immobilier-23551219-vente-auberge-restaurant-noyal-chatillon-sur-seiche,399 000,Noyal-Chatillon-Sur-Seiche 35230,198,1 300,4
Agence giboire - en exclusivité - maison type 8 d'environ 192 m² - noyal châtillon sur seiche - centre-bourg - rennes métropole,https://www.etreproprio.com/immobilier-23534870-vente-agence-giboire-en-exclusivite-maison-type-8-d-environ-192-m-noyal-chatillon-sur-seiche-centre-bourg-rennes-metropole-noyal-chatillon-sur-seiche,539 500,Noyal-Chatillon-Sur-Seiche 35230,191,800,8
Maison 3 chambres de 106m2,https://www.etreproprio.com/immobilier-23214031-vente-maison-3-chambres-de-106m2-noyal-chatillon-sur-seiche,264 000,Noyal-Chatillon-Sur-Seiche 35230,106,350,4
Maison bourgeoise en pierre à rénover à noyal-sur-vilaine,https://www.etreproprio.com/immobilier-23910991-vente-maison-bourgeoise-en-pierre-a-renover-a-noyal-sur-vilaine-noyal-sur-vilaine,340 925,Noyal-Sur-Vilaine 35530,130,1 000,5
Maison 53m² à noyal-sur-vilaine,https://www.etreproprio.com/immobilier-23853289-vente-maison-53m-a-noyal-sur-vilaine-noyal-sur-vilaine,146 500,Noyal-Sur-Vilaine 35530,53,238,3
Maison 43m² à noyal-sur-vilaine,https://www.etreproprio.com/immobilier-23810769-vente-maison-43m-a-noyal-sur-vilaine-noyal-sur-vilaine,126 500,Noyal-Sur-Vilaine 35530,43,130,2
Noyal sur vilaine - maison contemporaine de 156m²,https://www.etreproprio.com/immobilier-23771400-vente-noyal-sur-vilaine-maison-contemporaine-de-156m-noyal-sur-vilaine,529 000,Noyal-Sur-Vilaine 35530,156,590,6
"Petit prix, grand confort : t3 agréable, garage et dépendance.",https://www.etreproprio.com/immobilier-23730082-vente-petit-prix-grand-confort-t3-agreable-garage-et-dependance-noyal-sur-vilaine,146 500,Noyal-Sur-Vilaine 35530,53,238,3
Charmante maison de ville de 90m2 rénovée avec jardin clos,https://www.etreproprio.com/immobilier-23712592-vente-charmante-maison-de-ville-de-90m2-renovee-avec-jardin-clos-noyal-sur-vilaine,293 720,Noyal-Sur-Vilaine 35530,91,277,4
Maison 96m² à noyal-sur-vilaine,https://www.etreproprio.com/immobilier-23660718-vente-maison-96m-a-noyal-sur-vilaine-noyal-sur-vilaine,272 000,Noyal-Sur-Vilaine 35530,96,368,5
Maison noyal sur vilaine 5 pièce(s) 97m2,https://www.etreproprio.com/immobilier-23177008-vente-maison-noyal-sur-vilaine-5-pieces-97m2-noyal-sur-vilaine,268 000,Noyal-Sur-Vilaine 35530,97,448,5
Coup de coeur familial : maison avec jardin - noyal-sur-vilaine,https://www.etreproprio.com/immobilier-23544060-vente-coup-de-coeur-familial-maison-avec-jardin-noyal-sur-vilaine-noyal-sur-vilaine,267 495,Noyal-Sur-Vilaine 35530,97,448,5
Maison noyal sur vilaine 4 pièce(s) 76 m2,https://www.etreproprio.com/immobilier-23468538-vente-maison-noyal-sur-vilaine-4-pieces-76-m2-noyal-sur-vilaine,216 000,Noyal-Sur-Vilaine 35530,76,656,4
Maison noyal sur vilaine 7 pièce(s) 150 m2,https://www.etreproprio.com/immobilier-23457844-vente-maison-noyal-sur-vilaine-7-pieces-150-m2-noyal-sur-vilaine,250 000,Noyal-Sur-Vilaine 35530,151,5 514,7
Maison contemporaine d’architecte - 170m2 - 4 chambres,https://www.etreproprio.com/immobilier-23451962-vente-maison-contemporaine-d-architecte-170m2-4-chambres-noyal-sur-vilaine,479 990,Noyal-Sur-Vilaine 35530,170,579,5
"A vendre - exclusivité - agence giboire cesson - maison contemporaine de 155 m² - centre-ville de noyal sur vilaine - gare, comm",https://www.etreproprio.com/immobilier-23187662-vente-a-vendre-exclusivite-agence-giboire-cesson-maison-contemporaine-de-155-m-centre-ville-de-noyal-sur-vilaine-gare-comm-noyal-sur-vilaine,499 800,Noyal-Sur-Vilaine 35530,155,280,6
Maison 3 chambres de plain pied - 106m2,https://www.etreproprio.com/immobilier-23183475-vente-maison-3-chambres-de-plain-pied-106m2-noyal-sur-vilaine,318 990,Noyal-Sur-Vilaine 35530,106,1 300,4
Maison d'architecte de 180m2,https://www.etreproprio.com/immobilier-23051829-vente-maison-d-architecte-de-180m2-noyal-sur-vilaine,496 800,Noyal-Sur-Vilaine 35530,180,529,7
Maison familiale idéalement située dans la commune dynamique de noyal sur vilaine,https://www.etreproprio.com/immobilier-22954881-vente-maison-familiale-idealement-situee-dans-la-commune-dynamique-de-noyal-sur-vilaine-noyal-sur-vilaine,494 000,Noyal-Sur-Vilaine 35530,175,628,7
Maison 82m² à noyal-sur-vilaine,https://www.etreproprio.com/immobilier-22918083-vente-maison-82m-a-noyal-sur-vilaine-noyal-sur-vilaine,189 900,Noyal-Sur-Vilaine 35530,82,251,5
Noyal sur vilaine - maison de caractère de 113m²,https://www.etreproprio.com/immobilier-21685167-vente-noyal-sur-vilaine-maison-de-caractere-de-113m-noyal-sur-vilaine,338 650,Noyal-Sur-Vilaine 35530,113,420,5
Maison 8 pieces 159 m2,https://www.etreproprio.com/immobilier-20322536-vente-maison-8-pieces-159-m2-noyal-sur-vilaine,435 000,Noyal-Sur-Vilaine 35530,159,600,8
Maison appartement terrain,https://www.etreproprio.com/immobilier-19338378-vente-maison-appartement-terrain-noyal-sur-vilaine,420 000,Noyal-Sur-Vilaine 35530,150,,6
Maison orgeres 6 pièce(s) 115 m2,https://www.etreproprio.com/immobilier-23891994-vente-maison-orgeres-6-pieces-115-m2-orgeres,349 499,Orgeres 35230,115,545,6
Orgeres nouveau superbe maison contemporaine de 156 m2,https://www.etreproprio.com/immobilier-22983744-vente-orgeres-nouveau-superbe-maison-contemporaine-de-156-m2-orgeres,510 000,Orgeres 35230,156,540,7
"Jolie maison à orgères, 3 chambres",https://www.etreproprio.com/immobilier-23188744-vente-jolie-maison-a-orgeres-3-chambres-orgeres,207 000,Orgeres 35230,59,293,5
Maison 110m² à orgeres,https://www.etreproprio.com/immobilier-23713211-vente-maison-110m-a-orgeres-orgeres,238 500,Orgeres 35230,110,577,5
Maison 81m² à orgeres,https://www.etreproprio.com/immobilier-23700681-vente-maison-81m-a-orgeres-orgeres,250 000,Orgeres 35230,81,271,4
Maison 81m² à orgeres,https://www.etreproprio.com/immobilier-23703416-vente-maison-81m-a-orgeres-orgeres,250 000,Orgeres 35230,81,271,4
Maison 255m² à orgeres,https://www.etreproprio.com/immobilier-23318703-vente-maison-255m-a-orgeres-orgeres,565 000,Orgeres 35230,255,3 170,9
Maison 91m² à orgeres,https://www.etreproprio.com/immobilier-23511214-vente-maison-91m-a-orgeres-orgeres,315 000,Orgeres 35230,91,394,6
Maison familiale 5 chambres avec studio indépendant et piscine - orgères,https://www.etreproprio.com/immobilier-23672408-vente-maison-familiale-5-chambres-avec-studio-independant-et-piscine-orgeres-orgeres,564 900,Orgeres 35230,255,3 170,8
A vendre - agence giboire - exclusivité - maison en pierre d'environ 110 m² en sortie d'orgères - rennes métropole - transports,https://www.etreproprio.com/immobilier-23598983-vente-a-vendre-agence-giboire-exclusivite-maison-en-pierre-d-environ-110-m-en-sortie-d-orgeres-rennes-metropole-transports-orgeres,365 700,Orgeres 35230,122,3 270,5
"Charmante propriété à 15mn de rennes, à orgères avec 4 chambres et piscine chauffée.",https://www.etreproprio.com/immobilier-22217688-vente-charmante-propriete-a-15mn-de-rennes-a-orgeres-avec-4-chambres-et-piscine-chauffee-orgeres,895 000,Orgeres 35230,330,,10
Maison orgeres 4 pièce(s) 104 m2,https://www.etreproprio.com/immobilier-23579251-vente-maison-orgeres-4-pieces-104-m2-orgeres,210 000,Orgeres 35230,104,456,4
Longère à vendre 6 pièces orgeres (35),https://www.etreproprio.com/immobilier-23539755-vente-longere-a-vendre-6-pieces-orgeres-35-orgeres,474 400,Orgeres 35230,182,2 242,6
A 15 min de rennes sur la commune d'orgeres : superbe maison de 330m² habitables (353 m² sol) sur terrain clos et paysagé de 210,https://www.etreproprio.com/immobilier-23512509-vente-a-15-min-de-rennes-sur-la-commune-d-orgeres-superbe-maison-de-330m-habitables-353-m-sol-sur-terrain-clos-et-paysage-de-210-orgeres,895 000,Orgeres 35230,330,2 160,12
Nouveauté à vendre à orgères   belle maison de 330 m2 hab. avec piscine aux portes de rennes en 8 minutes,https://www.etreproprio.com/immobilier-23326632-vente-nouveaute-a-vendre-a-orgeres-belle-maison-de-330-m2-hab-avec-piscine-aux-portes-de-rennes-en-8-minutes-orgeres,885 000,Orgeres 35230,330,2 161,12
Orgères jolie maison contemporaine t6,https://www.etreproprio.com/immobilier-23444368-vente-orgeres-jolie-maison-contemporaine-t6-orgeres,389 700,Orgeres 35230,136,297,6
À vendre en exclusivité – maison à rénover sur grand terrain – environnement calme et recherché,https://www.etreproprio.com/immobilier-23393599-vente-a-vendre-en-exclusivite-maison-a-renover-sur-grand-terrain-environnement-calme-et-recherche-orgeres,199 000,Orgeres 35230,120,,4
Maison 132m² à orgeres,https://www.etreproprio.com/immobilier-21767370-vente-maison-132m-a-orgeres-orgeres,349 000,Orgeres 35230,132,7 675,10
Maison orgères 6 pièce(s) 126 m2,https://www.etreproprio.com/immobilier-23344460-vente-maison-orgeres-6-pieces-126-m2-orgeres,348 366,Orgeres 35230,126,480,6
Maison 132m² à orgeres,https://www.etreproprio.com/immobilier-22222571-vente-maison-132m-a-orgeres-orgeres,349 000,Orgeres 35230,132,7 700,8
Maison 100m² à noyal-chatillon-sur-seiche,https://www.etreproprio.com/immobilier-23399984-vente-maison-100m-a-noyal-chatillon-sur-seiche-noyal-chatillon-sur-seiche,273 100,Noyal-Chatillon-Sur-Seiche 35230,101,90,5
Maison 136m² à noyal-chatillon-sur-seiche,https://www.etreproprio.com/immobilier-23341057-vente-maison-136m-a-noyal-chatillon-sur-seiche-noyal-chatillon-sur-seiche,419 500,Noyal-Chatillon-Sur-Seiche 35230,136,300,6
Maison 168m² à noyal-chatillon-sur-seiche,https://www.etreproprio.com/immobilier-22529077-vente-maison-168m-a-noyal-chatillon-sur-seiche-noyal-chatillon-sur-seiche,399 800,Noyal-Chatillon-Sur-Seiche 35230,168,5 363,8
Grange à rénover,https://www.etreproprio.com/immobilier-22719163-vente-grange-a-renover-noyal-chatillon-sur-seiche,110 000,Noyal-Chatillon-Sur-Seiche 35230,180,600,4
Maison noyal chatillon,https://www.etreproprio.com/immobilier-22719164-vente-maison-noyal-chatillon-noyal-chatillon-sur-seiche,370 000,Noyal-Chatillon-Sur-Seiche 35230,176,,6
A vendre - en exclusivité - agence giboire - noyal châtillon sur seiche - maison type 8 de 226 m² - rennes métropole - axe renne,https://www.etreproprio.com/immobilier-21700342-vente-a-vendre-en-exclusivite-agence-giboire-noyal-chatillon-sur-seiche-maison-type-8-de-226-m-rennes-metropole-axe-renne-noyal-chatillon-sur-seiche,745 500,Noyal-Chatillon-Sur-Seiche 35230,226,2 900,8
Plain-pied (85 m2) proche commerces et commodités sur terrain de 395 m2.,https://www.etreproprio.com/immobilier-22405322-vente-plain-pied-85-m2-proche-commerces-et-commodites-sur-terrain-de-395-m2-noyal-chatillon-sur-seiche,239 200,Noyal-Chatillon-Sur-Seiche 35230,85,395,5
Maison 98m² à noyal-chatillon-sur-seiche,https://www.etreproprio.com/immobilier-22390430-vente-maison-98m-a-noyal-chatillon-sur-seiche-noyal-chatillon-sur-seiche,295 000,Noyal-Chatillon-Sur-Seiche 35230,98,337,4
"Maison 4 ch sur sous-sol à noyal chatillon, terrain 561m2",https://www.etreproprio.com/immobilier-22314008-vente-maison-4-ch-sur-sous-sol-a-noyal-chatillon-terrain-561m2-noyal-chatillon-sur-seiche,364 000,Noyal-Chatillon-Sur-Seiche 35230,111,561,6
Maison 183m² à noyal-chatillon-sur-seiche,https://www.etreproprio.com/immobilier-22273447-vente-maison-183m-a-noyal-chatillon-sur-seiche-noyal-chatillon-sur-seiche,533 025,Noyal-Chatillon-Sur-Seiche 35230,184,497,7
Ancien corps de ferme avec  dépendance sur 7 300m2,https://www.etreproprio.com/immobilier-22049580-vente-ancien-corps-de-ferme-avec-dependance-sur-7-300m2-noyal-chatillon-sur-seiche,,,,,
Maison contemporaine de 184m2 à noyal chatillon,https://www.etreproprio.com/immobilier-21874168-vente-maison-contemporaine-de-184m2-a-noyal-chatillon-noyal-chatillon-sur-seiche,,,,,
Maison grand format,https://www.etreproprio.com/immobilier-19254998-vente-maison-grand-format-noyal-chatillon-sur-seiche,,,,,
Maison ancienne à rénover sur 660 m2,https://www.etreproprio.com/immobilier-19220920-vente-maison-ancienne-a-renover-sur-660-m2-noyal-chatillon-sur-seiche,,,,,
Longère à rénover sur 495 m2.,https://www.etreproprio.com/immobilier-19204020-vente-longere-a-renover-sur-495-m2-noyal-chatillon-sur-seiche,,,,,
Maison de 3 chambres,https://www.etreproprio.com/immobilier-18425740-vente-maison-de-3-chambres-noyal-chatillon-sur-seiche,,,,,
En campagne,https://www.etreproprio.com/immobilier-23627657-vente-en-campagne-pace,,,,,
"Maison à vendre à pacé  - 6 chambres 152,65m2 habitables - 15min de rennes",https://www.etreproprio.com/immobilier-23909838-vente-maison-a-vendre-a-pace-6-chambres-15265m2-habitables-15min-de-rennes-pace,,,,,
En campagne,https://www.etreproprio.com/immobilier-23627658-vente-en-campagne-pace,,,,,
Maison 172m² à pace,https://www.etreproprio.com/immobilier-23900162-vente-maison-172m-a-pace-pace,,,,,
Longère campagne de pacé 100m²  avec grenier aménageable de 65m² sur 530m² de terrain sud !,https://www.etreproprio.com/immobilier-22676895-vente-longere-campagne-de-pace-100m-avec-grenier-amenageable-de-65m-sur-530m-de-terrain-sud-pace,,,,,
"A vendre - exclusivite - groupe giboire - maison 5 chambres- au coeur de pacé, en centre ville, à proximité de tous commerces et",https://www.etreproprio.com/immobilier-23890667-vente-a-vendre-exclusivite-groupe-giboire-maison-5-chambres-au-coeur-de-pace-en-centre-ville-a-proximite-de-tous-commerces-et-pace,,,,,
A vendre  - groupe giboire - maison d'exception à pacé - référence 25273,https://www.etreproprio.com/immobilier-23890666-vente-a-vendre-groupe-giboire-maison-d-exception-a-pace-reference-25273-pace,,,,,
Pacé maison de 2016 proposant 123 m2 habitables sur 300m² de terrain plein sud !,https://www.etreproprio.com/immobilier-23519959-vente-pace-maison-de-2016-proposant-123-m2-habitables-sur-300m-de-terrain-plein-sud-pace,,,,,
Maison 122m² à pace,https://www.etreproprio.com/immobilier-22635127-vente-maison-122m-a-pace-pace,,,,,
Maison 220m² à pace,https://www.etreproprio.com/immobilier-21617962-vente-maison-220m-a-pace-pace,,,,,
Maison familiale traditionnelle 7 pièces - 4 chambres - grand sous-sol - proche centre bourg de pacé,https://www.etreproprio.com/immobilier-23836497-vente-maison-familiale-traditionnelle-7-pieces-4-chambres-grand-sous-sol-proche-centre-bourg-de-pace-pace,,,,,
Maison parthenay de bretagne - 3 chambres,https://www.etreproprio.com/immobilier-23348870-vente-maison-parthenay-de-bretagne-3-chambres-pace,,,,,
Maison 200m² à pace,https://www.etreproprio.com/immobilier-23765643-vente-maison-200m-a-pace-pace,,,,,
Bâtisse ancienne à rénover 80m² hameau pacé,https://www.etreproprio.com/immobilier-23755458-vente-batisse-ancienne-a-renover-80m-hameau-pace-pace,,,,,
Maison  spacieuse avec 5 chambres et très beau jardin,https://www.etreproprio.com/immobilier-23755471-vente-maison-spacieuse-avec-5-chambres-et-tres-beau-jardin-pace,,,,,
Maison pace 5 pièce(s) 122.16 m2,https://www.etreproprio.com/immobilier-23755464-vente-maison-pace-5-pieces-12216-m2-pace,,,,,
"Maison à vendre à pacé - 163 m2- proximité des écoles, collèges",https://www.etreproprio.com/immobilier-23710967-vente-maison-a-vendre-a-pace-163-m2-proximite-des-ecoles-colleges-pace,,,,,
Maison pace 4 chambres - 92.63 m2,https://www.etreproprio.com/immobilier-23710966-vente-maison-pace-4-chambres-9263-m2-pace,,,,,
Maison 100m² à pace,https://www.etreproprio.com/immobilier-23678751-vente-maison-100m-a-pace-pace,,,,,
Longère rénovée proche centre,https://www.etreproprio.com/immobilier-22237604-vente-longere-renovee-proche-centre-pace,,,,,
Maison 109m² à orgeres,https://www.etreproprio.com/immobilier-23166970-vente-maison-109m-a-orgeres-orgeres,,,,,
Maison 145m² à orgeres,https://www.etreproprio.com/immobilier-23161060-vente-maison-145m-a-orgeres-orgeres,,,,,
Maison traditionnelle - 143 m2 - 4 chambres,https://www.etreproprio.com/immobilier-21983469-vente-maison-traditionnelle-143-m2-4-chambres-orgeres,,,,,
Vente maison orgeres(35230) 210 000ï¿œ,https://www.etreproprio.com/immobilier-21321949-vente-vente-maison-orgeres35230-210-000i-oe-orgeres,,,,,
charmante maison de plain-pied à vendre – orgères (35),https://www.etreproprio.com/immobilier-21465506-vente-charmante-maison-de-plain-pied-a-vendre-orgeres-35-orgeres,,,,,
Maison 143m² à orgeres,https://www.etreproprio.com/immobilier-22873119-vente-maison-143m-a-orgeres-orgeres,,,,,
Maison de plain pied dans le centre d'orgeres sur 1 690m2,https://www.etreproprio.com/immobilier-20651130-vente-maison-de-plain-pied-dans-le-centre-d-orgeres-sur-1-690m2-orgeres,,,,,
Maison 228m² à orgeres,https://www.etreproprio.com/immobilier-21921116-vente-maison-228m-a-orgeres-orgeres,,,,,
À vendre – maison familiale avec dépendance à orgères – 149 m² habitables sur 372 m² de terrain,https://www.etreproprio.com/immobilier-21936894-vente-a-vendre-maison-familiale-avec-dependance-a-orgeres-149-m-habitables-sur-372-m-de-terrain-orgeres,,,,,
Maison 300m² à orgeres,https://www.etreproprio.com/immobilier-21262928-vente-maison-300m-a-orgeres-orgeres,,,,,
Maison indépendante de 134 m2 - 5ch sur 1 200m2 de terrain,https://www.etreproprio.com/immobilier-19348858-vente-maison-independante-de-134-m2-5ch-sur-1-200m2-de-terrain-orgeres,,,,,
"À vendre   authentique longère en pierres, cadre exceptionnel au coeur de paimpont",https://www.etreproprio.com/immobilier-23773210-vente-a-vendre-authentique-longere-en-pierres-cadre-exceptionnel-au-coeur-de-paimpont-paimpont,,,,,
Un manoir en brocéliande à acheter avec cht immobilier,https://www.etreproprio.com/immobilier-23737022-vente-un-manoir-en-broceliande-a-acheter-avec-cht-immobilier-paimpont,,,,,
Maison - mauron,https://www.etreproprio.com/immobilier-23675163-vente-maison-mauron-paimpont,,,,,
Maison - paimpont,https://www.etreproprio.com/immobilier-23647481-vente-maison-paimpont-paimpont,,,,,
"A vendre, maison rénovée avec piscine et spa à paimpont (35 380)",https://www.etreproprio.com/immobilier-23651554-vente-a-vendre-maison-renovee-avec-piscine-et-spa-a-paimpont-35-380-paimpont,,,,,
Paimpont- propriété xviième et ses terres,https://www.etreproprio.com/immobilier-23631345-vente-paimpont-propriete-xviieme-et-ses-terres-paimpont,,,,,
Maison à rénover avec superbe vue sur la campagne,https://www.etreproprio.com/immobilier-23624233-vente-maison-a-renover-avec-superbe-vue-sur-la-campagne-paimpont,,,,,
"A vendre, maison 5 chambres dans le centre de paimpont (35 380)",https://www.etreproprio.com/immobilier-23439063-vente-a-vendre-maison-5-chambres-dans-le-centre-de-paimpont-35-380-paimpont,,,,,
Maison 126m² à paimpont,https://www.etreproprio.com/immobilier-23401168-vente-maison-126m-a-paimpont-paimpont,,,,,
Très belle longère à rénover au cœur de brocéliande sur plus de 8 000m²,https://www.etreproprio.com/immobilier-22314015-vente-tres-belle-longere-a-renover-au-coeur-de-broceliande-sur-plus-de-8-000m-paimpont,,,,,
"Superbe longère avec installations équestres à paimpont, au cœur de la forêt de brocéliande",https://www.etreproprio.com/immobilier-23071649-vente-superbe-longere-avec-installations-equestres-a-paimpont-au-coeur-de-la-foret-de-broceliande-paimpont,,,,,
Maison paimpont 5 pièce(s) 106 m2,https://www.etreproprio.com/immobilier-22983682-vente-maison-paimpont-5-pieces-106-m2-paimpont,,,,,
"Longère à rénover au cœur de la forêt de brocéliande, à paimpont",https://www.etreproprio.com/immobilier-22783688-vente-longere-a-renover-au-coeur-de-la-foret-de-broceliande-a-paimpont-paimpont,,,,,
Charmante maison familiale en très bon état,https://www.etreproprio.com/immobilier-22016749-vente-charmante-maison-familiale-en-tres-bon-etat-paimpont,,,,,
Maison paimpont 5 pièce(s) 133 m2,https://www.etreproprio.com/immobilier-21489937-vente-maison-paimpont-5-pieces-133-m2-paimpont,,,,,
Maison 148m² à pace,https://www.etreproprio.com/immobilier-23216000-vente-maison-148m-a-pace-pace,,,,,
À vendre - maison familiale avec locataires en place - centre-ville de pacé - 10min de rennes,https://www.etreproprio.com/immobilier-23648384-vente-a-vendre-maison-familiale-avec-locataires-en-place-centre-ville-de-pace-10min-de-rennes-pace,,,,,
Pace - maison contemporaine bbc,https://www.etreproprio.com/immobilier-23631363-vente-pace-maison-contemporaine-bbc-pace,,,,,
Maison 275m² à pace,https://www.etreproprio.com/immobilier-23240797-vente-maison-275m-a-pace-pace,,,,,
Maison pace - 4 chambres - 108 m2,https://www.etreproprio.com/immobilier-22991224-vente-maison-pace-4-chambres-108-m2-pace,,,,,
Pace maison en impasse de 100m² habitables sur 440m² de terrain sud avec 4 chambres !,https://www.etreproprio.com/immobilier-23512507-vente-pace-maison-en-impasse-de-100m-habitables-sur-440m-de-terrain-sud-avec-4-chambres-pace,,,,,
A 5 minutes de pacé sur la commune de saint gilles longère indépendante sans vis à vis de 148m² habitables sur 1400m² de terrain,https://www.etreproprio.com/immobilier-23578656-vente-a-5-minutes-de-pace-sur-la-commune-de-saint-gilles-longere-independante-sans-vis-a-vis-de-148m-habitables-sur-1400m-de-terrain-pace,,,,,
"Pace de 110 m2 (2012) sur 365m² de terrain avec garage, cellier, terrasses et abri de jardin !",https://www.etreproprio.com/immobilier-23543152-vente-pace-de-110-m2-2012-sur-365m-de-terrain-avec-garage-cellier-terrasses-et-abri-de-jardin-pace,,,,,
Maison 120m² à pace,https://www.etreproprio.com/immobilier-23541840-vente-maison-120m-a-pace-pace,,,,,
Maison 132m² à pace,https://www.etreproprio.com/immobilier-23521008-vente-maison-132m-a-pace-pace,,,,,
Pace en impasse à 600 mètres du bourg et 200 mètres du bus maison de 100m² sur 425m² de terrain !,https://www.etreproprio.com/immobilier-23512505-vente-pace-en-impasse-a-600-metres-du-bourg-et-200-metres-du-bus-maison-de-100m-sur-425m-de-terrain-pace,,,,,
Pace au calme maison de 115m² avec 5 chambres sur 435m² de terrain exposé sud/ouest sans vis à vis !,https://www.etreproprio.com/immobilier-23512502-vente-pace-au-calme-maison-de-115m-avec-5-chambres-sur-435m-de-terrain-expose-sudouest-sans-vis-a-vis-pace,,,,,
"Pacé dans le quartier très recherché du bois de champagne, maison de 125m² avec ss-sol complet et 450m² de terrain !",https://www.etreproprio.com/immobilier-23512504-vente-pace-dans-le-quartier-tres-recherche-du-bois-de-champagne-maison-de-125m-avec-ss-sol-complet-et-450m-de-terrain-pace,,,,,
Pace - quartier vergeal maison non mitoyenne de 160 m2 sur un magnifique terrain de 530m² exposé ouest avec vues sur la nature !,https://www.etreproprio.com/immobilier-23512501-vente-pace-quartier-vergeal-maison-non-mitoyenne-de-160-m2-sur-un-magnifique-terrain-de-530m-expose-ouest-avec-vues-sur-la-nature-pace,,,,,
Magnifique maison de 163m² sur 530m² de terrain avec piscine et 5 chambres !,https://www.etreproprio.com/immobilier-23512503-vente-magnifique-maison-de-163m-sur-530m-de-terrain-avec-piscine-et-5-chambres-pace,,,,,
Pace emplacement exceptionnel pour cette maison d'architecte de 145m² sur 620m² de terrain sud !,https://www.etreproprio.com/immobilier-23512499-vente-pace-emplacement-exceptionnel-pour-cette-maison-d-architecte-de-145m-sur-620m-de-terrain-sud-pace,,,,,
"Maison familiale – pacé – 5 chambres, terrain de 799 m²",https://www.etreproprio.com/immobilier-23506676-vente-maison-familiale-pace-5-chambres-terrain-de-799-m-pace,,,,,
Pacé maison récente de 100 m2 sur 200m² de terrain avec garage et abri de jardin !,https://www.etreproprio.com/immobilier-23442654-vente-pace-maison-recente-de-100-m2-sur-200m-de-terrain-avec-garage-et-abri-de-jardin-pace,,,,,
Maison 111m² à pace,https://www.etreproprio.com/immobilier-23432029-vente-maison-111m-a-pace-pace,,,,,
Maison 200m² à pace,https://www.etreproprio.com/immobilier-23286562-vente-maison-200m-a-pace-pace,,,,,
Corps de ferme à rénover,https://www.etreproprio.com/immobilier-23183417-vente-corps-de-ferme-a-renover-parce,,,,,
Maison parce 80 m2,https://www.etreproprio.com/immobilier-22386695-vente-maison-parce-80-m2-parce,,,,,
Maison 258m² à parce,https://www.etreproprio.com/immobilier-22273192-vente-maison-258m-a-parce-parce,,,,,
Maison parce 5 pièce(s) 184 m2,https://www.etreproprio.com/immobilier-21968362-vente-maison-parce-5-pieces-184-m2-parce,,,,,
Maison à vendre à pacé - 10min de rennes - charmante maison des années 70 avec grand potentiel,https://www.etreproprio.com/immobilier-23357589-vente-maison-a-vendre-a-pace-10min-de-rennes-charmante-maison-des-annees-70-avec-grand-potentiel-pace,,,,,
"Pace en impasse au calme, maison de 120m² avec ss-sol complet sur 420m² de terrain sa vis à vis !",https://www.etreproprio.com/immobilier-23291036-vente-pace-en-impasse-au-calme-maison-de-120m-avec-ss-sol-complet-sur-420m-de-terrain-sa-vis-a-vis-pace,,,,,
Maison à vendre à pacé - 4 chambres - 116.59 m2 - proximité centre-ville,https://www.etreproprio.com/immobilier-23348869-vente-maison-a-vendre-a-pace-4-chambres-11659-m2-proximite-centre-ville-pace,,,,,
Pace : beausoleil - maison contemporaine de 160m² env sur terrain de près de 650 m²,https://www.etreproprio.com/immobilier-22592794-vente-pace-beausoleil-maison-contemporaine-de-160m-env-sur-terrain-de-pres-de-650-m-pace,,,,,
"Pacé en impasse à 350 mètres du bourg, magnifique maison rénovée de 145m² habitables et 163m² utiles avec sous-sol complet !",https://www.etreproprio.com/immobilier-22676893-vente-pace-en-impasse-a-350-metres-du-bourg-magnifique-maison-renovee-de-145m-habitables-et-163m-utiles-avec-sous-sol-complet-pace,,,,,
Maison pace,https://www.etreproprio.com/immobilier-23242550-vente-maison-pace-pace,,,,,
Bâtisse de caractère,https://www.etreproprio.com/immobilier-22318299-vente-batisse-de-caractere-pace,,,,,
"Maison à vendre à pacé - 4 chambres - 138,94m2",https://www.etreproprio.com/immobilier-23207982-vente-maison-a-vendre-a-pace-4-chambres-13894m2-pace,,,,,
Maison 120m² à pace,https://www.etreproprio.com/immobilier-22461058-vente-maison-120m-a-pace-pace,,,,,
Maison 157m² à pace,https://www.etreproprio.com/immobilier-23056817-vente-maison-157m-a-pace-pace,,,,,
"Maison à pace 4 chambres - 118,80 m2 - 10km de rennes",https://www.etreproprio.com/immobilier-22918841-vente-maison-a-pace-4-chambres-11880-m2-10km-de-rennes-pace,,,,,
Pace demeure de caractère de 157 m2,https://www.etreproprio.com/immobilier-22973124-vente-pace-demeure-de-caractere-de-157-m2-pace,,,,,
Maison 160m² à pace,https://www.etreproprio.com/immobilier-22730828-vente-maison-160m-a-pace-pace,,,,,
A 7 min de rennes sur la ville de pace - spacieuse maison contemporaine familiale de 175 m² hab env sur 340 m² de terrain sud !,https://www.etreproprio.com/immobilier-22676889-vente-a-7-min-de-rennes-sur-la-ville-de-pace-spacieuse-maison-contemporaine-familiale-de-175-m-hab-env-sur-340-m-de-terrain-sud-pace,,,,,
Maison contemporaine clé en main de 175m2 - 4 chambres - pacé,https://www.etreproprio.com/immobilier-22393042-vente-maison-contemporaine-cle-en-main-de-175m2-4-chambres-pace-pace,,,,,
Charmante maison  familiale - 172m² - 4 chambres (5ème possible) - pacé - 12min de rennes,https://www.etreproprio.com/immobilier-21431930-vente-charmante-maison-familiale-172m-4-chambres-5eme-possible-pace-12min-de-rennes-pace,,,,,
Maison 250m² à pace,https://www.etreproprio.com/immobilier-21967580-vente-maison-250m-a-pace-pace,,,,,
Maison 125m² à pace,https://www.etreproprio.com/immobilier-21515225-vente-maison-125m-a-pace-pace,,,,,
Maison 5 pièces à vendre à pacé - 10min de rennes,https://www.etreproprio.com/immobilier-19571932-vente-maison-5-pieces-a-vendre-a-pace-10min-de-rennes-pace,,,,,
"Pacé, longère non mitoyenne de 183m² sur 1200m² de terrain au calme avec logement indépendant louable !",https://www.etreproprio.com/immobilier-22578924-vente-pace-longere-non-mitoyenne-de-183m-sur-1200m-de-terrain-au-calme-avec-logement-independant-louable-pace,,,,,
A vendre maison sur parigné de 63m²,https://www.etreproprio.com/immobilier-23328153-vente-a-vendre-maison-sur-parigne-de-63m-parigne,,,,,
Maison 240m² à parigne,https://www.etreproprio.com/immobilier-21552387-vente-maison-240m-a-parigne-parigne,,,,,
Maison 5 ch parigne,https://www.etreproprio.com/immobilier-22904565-vente-maison-5-ch-parigne-parigne,,,,,
Maison 120m² à parigne,https://www.etreproprio.com/immobilier-22743059-vente-maison-120m-a-parigne-parigne,,,,,
Maison 153m² à parigne,https://www.etreproprio.com/immobilier-23361227-vente-maison-153m-a-parigne-parigne,,,,,
Maison melle  6 pièce(s),https://www.etreproprio.com/immobilier-22526132-vente-maison-melle-6-pieces-parigne,,,,,
Château à vendre - aile de château d'exception sur la commune de parigné – 457 m² – 2 hectares de terrain,https://www.etreproprio.com/immobilier-22491743-vente-chateau-a-vendre-aile-de-chateau-d-exception-sur-la-commune-de-parigne-457-m-2-hectares-de-terrain-parigne,,,,,
Pace  : maison d'architecte de 172 m² hab + sous-sol complet 88 m² sur un terrain de près de 1000m²,https://www.etreproprio.com/immobilier-22578849-vente-pace-maison-d-architecte-de-172-m-hab-sous-sol-complet-88-m-sur-un-terrain-de-pres-de-1000m-pace,,,,,
Contemporaine de 140 m2 de 2014 non mitoyenne avec 4 chambres + mezzanine et garage !,https://www.etreproprio.com/immobilier-22578945-vente-contemporaine-de-140-m2-de-2014-non-mitoyenne-avec-4-chambres-mezzanine-et-garage-pace,,,,,
Pacé rare à la vente 2 bâtisses à rénover sur 2500m² de terrain !,https://www.etreproprio.com/immobilier-22578922-vente-pace-rare-a-la-vente-2-batisses-a-renover-sur-2500m-de-terrain-pace,,,,,
Superbe maison d'architecte 8 pièces dans le centre de pacé - 248 m2 - jardin 570m2,https://www.etreproprio.com/immobilier-22120170-vente-superbe-maison-d-architecte-8-pieces-dans-le-centre-de-pace-248-m2-jardin-570m2-pace,,,,,
Maison 248m² à pace,https://www.etreproprio.com/immobilier-22273429-vente-maison-248m-a-pace-pace,,,,,
Vente maison pace(35740) 461 400ï¿œ,https://www.etreproprio.com/immobilier-22262946-vente-vente-maison-pace35740-461-400i-oe-pace,,,,,
Maison type longère 5 pièces 143m2,https://www.etreproprio.com/immobilier-22032182-vente-maison-type-longere-5-pieces-143m2-pace,,,,,
Maison 115m² à pace,https://www.etreproprio.com/immobilier-21967572-vente-maison-115m-a-pace-pace,,,,,
Maison 139m² à pace,https://www.etreproprio.com/immobilier-21967578-vente-maison-139m-a-pace-pace,,,,,
Maison 190m² à pace,https://www.etreproprio.com/immobilier-21150062-vente-maison-190m-a-pace-pace,,,,,
"Longère indépendante, en campagne",https://www.etreproprio.com/immobilier-21258391-vente-longere-independante-en-campagne-pace,,,,,
Maison parthenay de bretagne - 3 chambres,https://www.etreproprio.com/immobilier-23316605-vente-maison-parthenay-de-bretagne-3-chambres-parthenay-de-bretagne,,,,,
Maison en plein centre,https://www.etreproprio.com/immobilier-20844129-vente-maison-en-plein-centre-parthenay-de-bretagne,,,,,
Maison parthenay de bretagne - lumineuse maison récente proche commerces/commodités/transports,https://www.etreproprio.com/immobilier-23647790-vente-maison-parthenay-de-bretagne-lumineuse-maison-recente-proche-commercescommoditestransports-parthenay-de-bretagne,,,,,
Maison 118m² à parthenay-de-bretagne,https://www.etreproprio.com/immobilier-23395924-vente-maison-118m-a-parthenay-de-bretagne-parthenay-de-bretagne,,,,,
Maison 210m² à parthenay-de-bretagne,https://www.etreproprio.com/immobilier-23253419-vente-maison-210m-a-parthenay-de-bretagne-parthenay-de-bretagne,,,,,
Maison parthenay-de-bretagne,https://www.etreproprio.com/immobilier-19523862-vente-maison-parthenay-de-bretagne-parthenay-de-bretagne,,,,,
Maison centre bourg - 136 m2 - le pertre,https://www.etreproprio.com/immobilier-23834704-vente-maison-centre-bourg-136-m2-le-pertre-le-pertre,,,,,
A vendre maison 5 pièces le pertre 125 m² - 235 600  hai,https://www.etreproprio.com/immobilier-23828137-vente-a-vendre-maison-5-pieces-le-pertre-125-m-235-600-hai-le-pertre,,,,,
Maison 75m² à le pertre,https://www.etreproprio.com/immobilier-18588323-vente-maison-75m-a-le-pertre-le-pertre,,,,,
Maison 224m² à le pertre,https://www.etreproprio.com/immobilier-22990379-vente-maison-224m-a-le-pertre-le-pertre,,,,,
Maison 126m² à le pertre,https://www.etreproprio.com/immobilier-21602705-vente-maison-126m-a-le-pertre-le-pertre,,,,,
Maison 96m² à le pertre,https://www.etreproprio.com/immobilier-18739531-vente-maison-96m-a-le-pertre-le-pertre,,,,,
Maison 204m² à le petit-fougeray,https://www.etreproprio.com/immobilier-23412373-vente-maison-204m-a-le-petit-fougeray-le-petit-fougeray,,,,,
Maison 121m² à le petit-fougeray,https://www.etreproprio.com/immobilier-21182554-vente-maison-121m-a-le-petit-fougeray-le-petit-fougeray,,,,,
"Maison de 129m², avec toutes les commodités à pieds",https://www.etreproprio.com/immobilier-23887352-vente-maison-de-129m-avec-toutes-les-commodites-a-pieds-pipriac,,,,,
Bâtiments - terrain,https://www.etreproprio.com/immobilier-23887157-vente-batiments-terrain-pipriac,,,,,
Maison 3 chambres et grand terrain,https://www.etreproprio.com/immobilier-23562343-vente-maison-3-chambres-et-grand-terrain-pipriac,,,,,
Maison 350m² à pipriac,https://www.etreproprio.com/immobilier-23821572-vente-maison-350m-a-pipriac-pipriac,,,,,
Maison 139m² à pipriac,https://www.etreproprio.com/immobilier-23801003-vente-maison-139m-a-pipriac-pipriac,,,,,
À vendre -maison 4 chambres avec terrain de +1 ha et boxes à chevaux - saint-just,https://www.etreproprio.com/immobilier-23699697-vente-a-vendre-maison-4-chambres-avec-terrain-de-1-ha-et-boxes-a-chevaux-saint-just-pipriac,,,,,
Longère en partie rénovée pour un potentiel de 153m² au sol,https://www.etreproprio.com/immobilier-23694824-vente-longere-en-partie-renovee-pour-un-potentiel-de-153m-au-sol-pipriac,,,,,
Maison 140m² à pipriac,https://www.etreproprio.com/immobilier-23621321-vente-maison-140m-a-pipriac-pipriac,,,,,
Manoir pipriac 12 pièce(s) 560 m2  avec 14 ha,https://www.etreproprio.com/immobilier-23574270-vente-manoir-pipriac-12-pieces-560-m2-avec-14-ha-pipriac,,,,,
Maison en pierre à la campagne,https://www.etreproprio.com/immobilier-22589825-vente-maison-en-pierre-a-la-campagne-pipriac,,,,,
Maison pipriac 6 pièce(s) 85 m2,https://www.etreproprio.com/immobilier-23562597-vente-maison-pipriac-6-pieces-85-m2-pipriac,,,,,
Longère en pierre -7 chambres - pipriac (35550),https://www.etreproprio.com/immobilier-23516615-vente-longere-en-pierre-7-chambres-pipriac-35550-pipriac,,,,,
Maison pipriac 3 pièce(s) 78 m2,https://www.etreproprio.com/immobilier-23489329-vente-maison-pipriac-3-pieces-78-m2-pipriac,,,,,
Maison de 96m² sur un terrain de 775m²,https://www.etreproprio.com/immobilier-22762421-vente-maison-de-96m-sur-un-terrain-de-775m-pipriac,,,,,
Maison de 129m² sur un terrain de 1310m²,https://www.etreproprio.com/immobilier-23073806-vente-maison-de-129m-sur-un-terrain-de-1310m-pipriac,,,,,
Maison de 55 m² avec dépendances,https://www.etreproprio.com/immobilier-23369246-vente-maison-de-55-m-avec-dependances-pipriac,,,,,
Maison 85m² à pipriac,https://www.etreproprio.com/immobilier-22440055-vente-maison-85m-a-pipriac-pipriac,,,,,
Maison 130m² à pipriac,https://www.etreproprio.com/immobilier-23244348-vente-maison-130m-a-pipriac-pipriac,,,,,
Maison 206m² à pipriac,https://www.etreproprio.com/immobilier-23165543-vente-maison-206m-a-pipriac-pipriac,,,,,
Maison 135m² à pipriac,https://www.etreproprio.com/immobilier-23124283-vente-maison-135m-a-pipriac-pipriac,,,,,
Maison 4 pièces 95m2,https://www.etreproprio.com/immobilier-23897166-vente-maison-4-pieces-95m2-pire-sur-seiche,,,,,
Maison plain pied - 3 chambres + garage,https://www.etreproprio.com/immobilier-23890817-vente-maison-plain-pied-3-chambres-garage-pire-sur-seiche,,,,,
Maison 80m² à pire-sur-seiche,https://www.etreproprio.com/immobilier-23808189-vente-maison-80m-a-pire-sur-seiche-pire-sur-seiche,,,,,
Maison pire chance 6 pièce(s) 231.8 m2,https://www.etreproprio.com/immobilier-20590885-vente-maison-pire-chance-6-pieces-2318-m2-pire-sur-seiche,,,,,
Maison - pierre - charme - calme absolu - vue sur la campagne,https://www.etreproprio.com/immobilier-23489490-vente-maison-pierre-charme-calme-absolu-vue-sur-la-campagne-pire-sur-seiche,,,,,
Maison 290m² à pire-sur-seiche,https://www.etreproprio.com/immobilier-23195256-vente-maison-290m-a-pire-sur-seiche-pire-sur-seiche,,,,,
Maison pire-chance 5 pièces,https://www.etreproprio.com/immobilier-23755344-vente-maison-pire-chance-5-pieces-pire-sur-seiche,,,,,
Maison 107m² à pire-sur-seiche,https://www.etreproprio.com/immobilier-23741522-vente-maison-107m-a-pire-sur-seiche-pire-sur-seiche,,,,,
Maison à vendre 5 pièces pire-chance (35),https://www.etreproprio.com/immobilier-22346784-vente-maison-a-vendre-5-pieces-pire-chance-35-pire-sur-seiche,,,,,
Maison 98m² à pire-sur-seiche,https://www.etreproprio.com/immobilier-23195257-vente-maison-98m-a-pire-sur-seiche-pire-sur-seiche,,,,,
"Votre futur cocon familial à piré-chancé – maison 7 pièces, 128 m² de confort à découvrir",https://www.etreproprio.com/immobilier-22346958-vente-votre-futur-cocon-familial-a-pire-chance-maison-7-pieces-128-m-de-confort-a-decouvrir-pire-sur-seiche,,,,,
Maison pire sur seiche 5 pièce(s) 105 m2,https://www.etreproprio.com/immobilier-22085733-vente-maison-pire-sur-seiche-5-pieces-105-m2-pire-sur-seiche,,,,,
Maison non mitoyenne - pire sur seiche- 3 chambres -  25 mn de rennes,https://www.etreproprio.com/immobilier-14883490-vente-maison-non-mitoyenne-pire-sur-seiche-3-chambres-25-mn-de-rennes-pire-sur-seiche,,,,,
Maison 135m² à pipriac,https://www.etreproprio.com/immobilier-23060272-vente-maison-135m-a-pipriac-pipriac,,,,,
Maison 135m² à pipriac,https://www.etreproprio.com/immobilier-23031585-vente-maison-135m-a-pipriac-pipriac,,,,,
Longère de 110 m² avec dépendances et jardin,https://www.etreproprio.com/immobilier-23021578-vente-longere-de-110-m-avec-dependances-et-jardin-pipriac,,,,,
Maison pipriac 8 pièce(s) 320 m2,https://www.etreproprio.com/immobilier-23012403-vente-maison-pipriac-8-pieces-320-m2-pipriac,,,,,
Maison pipriac 6 pièce(s) 180 m2,https://www.etreproprio.com/immobilier-23021687-vente-maison-pipriac-6-pieces-180-m2-pipriac,,,,,
Maison 135m² à pipriac,https://www.etreproprio.com/immobilier-22134450-vente-maison-135m-a-pipriac-pipriac,,,,,
Maison - pipriac (bruc-sur-aff),https://www.etreproprio.com/immobilier-22944877-vente-maison-pipriac-bruc-sur-aff-pipriac,,,,,
Maison 47m² à pipriac,https://www.etreproprio.com/immobilier-22916928-vente-maison-47m-a-pipriac-pipriac,,,,,
Maison 71m² à pipriac,https://www.etreproprio.com/immobilier-22888792-vente-maison-71m-a-pipriac-pipriac,,,,,
Maison 68m² à pipriac,https://www.etreproprio.com/immobilier-22646275-vente-maison-68m-a-pipriac-pipriac,,,,,
Maison 45m² à pipriac,https://www.etreproprio.com/immobilier-22731540-vente-maison-45m-a-pipriac-pipriac,,,,,
Maison pipriac 4 pièce(s) 165 m2,https://www.etreproprio.com/immobilier-22612812-vente-maison-pipriac-4-pieces-165-m2-pipriac,,,,,
Maison pipriac 8 pièce(s) 250 m2 + spa de nage,https://www.etreproprio.com/immobilier-22405107-vente-maison-pipriac-8-pieces-250-m2-spa-de-nage-pipriac,,,,,
Maison 100m² à pipriac,https://www.etreproprio.com/immobilier-22272613-vente-maison-100m-a-pipriac-pipriac,,,,,
Maison pipriac 7 pièce(s) 198 m2,https://www.etreproprio.com/immobilier-21916669-vente-maison-pipriac-7-pieces-198-m2-pipriac,,,,,
Maison en campagne de pipriac,https://www.etreproprio.com/immobilier-18473802-vente-maison-en-campagne-de-pipriac-pipriac,,,,,
Maison 135m² à plechatel,https://www.etreproprio.com/immobilier-23820377-vente-maison-135m-a-plechatel-plechatel,,,,,
Longere rénovée 157m² - 6 pieces - 4 chambres - 1 bureau -  la couyere,https://www.etreproprio.com/immobilier-23671356-vente-longere-renovee-157m-6-pieces-4-chambres-1-bureau-la-couyere-plechatel,,,,,
Maison 105m² à plechatel,https://www.etreproprio.com/immobilier-23587772-vente-maison-105m-a-plechatel-plechatel,,,,,
Longère en pierre t8 plechatel 199 m2 - 3 900 m2,https://www.etreproprio.com/immobilier-23486281-vente-longere-en-pierre-t8-plechatel-199-m2-3-900-m2-plechatel,,,,,
Maison à vendre 5 pièces - pleine-fougeres (35) en baie du mont saint michel,https://www.etreproprio.com/immobilier-23634670-vente-maison-a-vendre-5-pieces-pleine-fougeres-35-en-baie-du-mont-saint-michel-pleine-fougeres,,,,,
Maison 300m² à pleine-fougeres,https://www.etreproprio.com/immobilier-22613218-vente-maison-300m-a-pleine-fougeres-pleine-fougeres,,,,,
Maison 90m² à pleine-fougeres,https://www.etreproprio.com/immobilier-23768508-vente-maison-90m-a-pleine-fougeres-pleine-fougeres,,,,,
Pleine-fougeres,https://www.etreproprio.com/immobilier-23639185-vente-pleine-fougeres-pleine-fougeres,,,,,
Maison 90m² à pleine-fougeres,https://www.etreproprio.com/immobilier-22682000-vente-maison-90m-a-pleine-fougeres-pleine-fougeres,,,,,
A vendre - pleine fougères - maison 7 pièce(s) 123 m² - vie de plain-pied,https://www.etreproprio.com/immobilier-23099708-vente-a-vendre-pleine-fougeres-maison-7-pieces-123-m-vie-de-plain-pied-pleine-fougeres,,,,,
Maison pleine fougeres 4 pièce(s) 92 m2,https://www.etreproprio.com/immobilier-23335439-vente-maison-pleine-fougeres-4-pieces-92-m2-pleine-fougeres,,,,,
Maison 156m² à pleine-fougeres,https://www.etreproprio.com/immobilier-23293115-vente-maison-156m-a-pleine-fougeres-pleine-fougeres,,,,,
A vendre - pleine fougères - maison 6 pièce(s) 185 m²,https://www.etreproprio.com/immobilier-21573907-vente-a-vendre-pleine-fougeres-maison-6-pieces-185-m-pleine-fougeres,,,,,
Maison à vendre 6 pièces pleine fougeres (35),https://www.etreproprio.com/immobilier-23043914-vente-maison-a-vendre-6-pieces-pleine-fougeres-35-pleine-fougeres,,,,,
Sains - exclusivité,https://www.etreproprio.com/immobilier-21647874-vente-sains-exclusivite-pleine-fougeres,,,,,
Manoir du xviiie siècle sur plus de 12 hectares,https://www.etreproprio.com/immobilier-22319361-vente-manoir-du-xviiie-siecle-sur-plus-de-12-hectares-pleine-fougeres,,,,,
Belle maison idéalement située en impasse à pleine-fougeres,https://www.etreproprio.com/immobilier-22048832-vente-belle-maison-idealement-situee-en-impasse-a-pleine-fougeres-pleine-fougeres,,,,,
Maison à pleine-fougeres,https://www.etreproprio.com/immobilier-17579743-vente-maison-a-pleine-fougeres-pleine-fougeres,,,,,
"A vendre dans le centre plelan le grand, maison 4 chambres récente",https://www.etreproprio.com/immobilier-23887462-vente-a-vendre-dans-le-centre-plelan-le-grand-maison-4-chambres-recente-plelan-le-grand,,,,,
Maison de bourg au cœur de plélan-le-grand,https://www.etreproprio.com/immobilier-23743734-vente-maison-de-bourg-au-coeur-de-plelan-le-grand-plelan-le-grand,,,,,
Maison 120m² à plelan-le-grand,https://www.etreproprio.com/immobilier-23703189-vente-maison-120m-a-plelan-le-grand-plelan-le-grand,,,,,
Charmante longère indépendante à plelan-le-grand côté treffendel,https://www.etreproprio.com/immobilier-23651551-vente-charmante-longere-independante-a-plelan-le-grand-cote-treffendel-plelan-le-grand,,,,,
Propriété d’exception – 16 hectares de nature préservée,https://www.etreproprio.com/immobilier-23562400-vente-propriete-d-exception-16-hectares-de-nature-preservee-plelan-le-grand,,,,,
Maison 142m² à plelan-le-grand,https://www.etreproprio.com/immobilier-23383246-vente-maison-142m-a-plelan-le-grand-plelan-le-grand,,,,,
Maison plelan le grand 5 pièces 151.66 m2,https://www.etreproprio.com/immobilier-23357590-vente-maison-plelan-le-grand-5-pieces-15166-m2-plelan-le-grand,,,,,
À vendre : charme et authenticité pour cette magnifique maison en pierre de 6 pièces à plelan le grand (35),https://www.etreproprio.com/immobilier-22258558-vente-a-vendre-charme-et-authenticite-pour-cette-magnifique-maison-en-pierre-de-6-pieces-a-plelan-le-grand-35-plelan-le-grand,,,,,
Maison 200m² à plerguer,https://www.etreproprio.com/immobilier-23907841-vente-maison-200m-a-plerguer-plerguer,,,,,
"Maison familiale à vendre plerguer 7 pièce(s)  175m² hab., 3298m² terrain",https://www.etreproprio.com/immobilier-23900155-vente-maison-familiale-a-vendre-plerguer-7-pieces-175m-hab-3298m-terrain-plerguer,,,,,
Maison plerguer 7 pièce(s) 159 m2,https://www.etreproprio.com/immobilier-23818976-vente-maison-plerguer-7-pieces-159-m2-plerguer,,,,,
Maison 110m² à plerguer,https://www.etreproprio.com/immobilier-23811908-vente-maison-110m-a-plerguer-plerguer,,,,,
Maison 160m² à plerguer,https://www.etreproprio.com/immobilier-23685490-vente-maison-160m-a-plerguer-plerguer,,,,,
Plerguer - plain-pied 4 chambres,https://www.etreproprio.com/immobilier-23604442-vente-plerguer-plain-pied-4-chambres-plerguer,,,,,
Plerguer - exclusivite,https://www.etreproprio.com/immobilier-23576565-vente-plerguer-exclusivite-plerguer,,,,,
Maison 126m² à plerguer,https://www.etreproprio.com/immobilier-23058581-vente-maison-126m-a-plerguer-plerguer,,,,,
Plerguer - exclusivité,https://www.etreproprio.com/immobilier-23326492-vente-plerguer-exclusivite-plerguer,,,,,
Maison 102m² à plerguer,https://www.etreproprio.com/immobilier-23519728-vente-maison-102m-a-plerguer-plerguer,,,,,
Maison 160m² à plerguer,https://www.etreproprio.com/immobilier-23526343-vente-maison-160m-a-plerguer-plerguer,,,,,
Maison 104m² à plerguer,https://www.etreproprio.com/immobilier-22188666-vente-maison-104m-a-plerguer-plerguer,,,,,
Maison 73m² à plerguer,https://www.etreproprio.com/immobilier-23325713-vente-maison-73m-a-plerguer-plerguer,,,,,
Sous compromis - plerguer - exclusivite,https://www.etreproprio.com/immobilier-23299702-vente-sous-compromis-plerguer-exclusivite-plerguer,,,,,
"Belle maison familiale de 150 m² , 6 chambres au calme, à plerguer",https://www.etreproprio.com/immobilier-23274419-vente-belle-maison-familiale-de-150-m-6-chambres-au-calme-a-plerguer-plerguer,,,,,
Maison 145m² à plerguer,https://www.etreproprio.com/immobilier-23245020-vente-maison-145m-a-plerguer-plerguer,,,,,
Maison 111m² à plerguer,https://www.etreproprio.com/immobilier-23065048-vente-maison-111m-a-plerguer-plerguer,,,,,
Maison 139m² à plerguer,https://www.etreproprio.com/immobilier-23017233-vente-maison-139m-a-plerguer-plerguer,,,,,
Maison 276m² à plesder,https://www.etreproprio.com/immobilier-23811134-vente-maison-276m-a-plesder-plesder,,,,,
Vente maison mesnil-roc'h(35720) 441 000ï¿œ,https://www.etreproprio.com/immobilier-23744811-vente-vente-maison-mesnil-roc-h35720-441-000i-oe-plesder,,,,,
Maison plain pied 112 m2 3 chambres,https://www.etreproprio.com/immobilier-23737770-vente-maison-plain-pied-112-m2-3-chambres-plesder,,,,,
Maison 100m² à plesder,https://www.etreproprio.com/immobilier-23733977-vente-maison-100m-a-plesder-plesder,,,,,
Maison 75m² à plesder,https://www.etreproprio.com/immobilier-22913710-vente-maison-75m-a-plesder-plesder,,,,,
Maison 136m² à plesder,https://www.etreproprio.com/immobilier-23231621-vente-maison-136m-a-plesder-plesder,,,,,
Maison 150m² à plesder,https://www.etreproprio.com/immobilier-22276364-vente-maison-150m-a-plesder-plesder,,,,,
Maison 106m² à pleugueneuc,https://www.etreproprio.com/immobilier-23883237-vente-maison-106m-a-pleugueneuc-pleugueneuc,,,,,
Maison pleugueneuc 5 pièces 106 m² de plain-pied,https://www.etreproprio.com/immobilier-23869968-vente-maison-pleugueneuc-5-pieces-106-m-de-plain-pied-pleugueneuc,,,,,
Longere a rénover - terrain de 5725 m2 - projet de renovation offert,https://www.etreproprio.com/immobilier-23793045-vente-longere-a-renover-terrain-de-5725-m2-projet-de-renovation-offert-pleugueneuc,,,,,
Véritable havre de paix !,https://www.etreproprio.com/immobilier-23727570-vente-veritable-havre-de-paix-pleugueneuc,,,,,
Maison à rénover située à pleugueneuc,https://www.etreproprio.com/immobilier-23659466-vente-maison-a-renover-situee-a-pleugueneuc-pleugueneuc,,,,,
Maison 123m² à pleugueneuc,https://www.etreproprio.com/immobilier-22518973-vente-maison-123m-a-pleugueneuc-pleugueneuc,,,,,
Maison de bourg à rénover,https://www.etreproprio.com/immobilier-23517997-vente-maison-de-bourg-a-renover-pleugueneuc,,,,,
Maison en pierre,https://www.etreproprio.com/immobilier-23506822-vente-maison-en-pierre-pleugueneuc,,,,,
Maison 105m² à pleugueneuc,https://www.etreproprio.com/immobilier-23499785-vente-maison-105m-a-pleugueneuc-pleugueneuc,,,,,
Maison pleugueneuc 8 pièce(s) 400 m2,https://www.etreproprio.com/immobilier-23313588-vente-maison-pleugueneuc-8-pieces-400-m2-pleugueneuc,,,,,
Maison pleugueneuc,https://www.etreproprio.com/immobilier-22943978-vente-maison-pleugueneuc-pleugueneuc,,,,,
Maison 89m² à pleugueneuc,https://www.etreproprio.com/immobilier-21861283-vente-maison-89m-a-pleugueneuc-pleugueneuc,,,,,
Maison 200m² à pleugueneuc,https://www.etreproprio.com/immobilier-17579745-vente-maison-200m-a-pleugueneuc-pleugueneuc,,,,,
Maison indépendante 4 chambres - dpe a - 146.11 m2 - pleumeleuc,https://www.etreproprio.com/immobilier-23250432-vente-maison-independante-4-chambres-dpe-a-14611-m2-pleumeleuc-pleumeleuc,,,,,
Maison 7 pièces - 207.5m2,https://www.etreproprio.com/immobilier-23595894-vente-maison-7-pieces-2075m2-pleumeleuc,,,,,
Longère pleumeleuc 6 pièce(s) 138 m2,https://www.etreproprio.com/immobilier-23589895-vente-longere-pleumeleuc-6-pieces-138-m2-pleumeleuc,,,,,
Maison pleumeleuc 6 pièces 141 m2 - hangar fermé de 130 m² - terrain de plus de 2 000 m²,https://www.etreproprio.com/immobilier-22578920-vente-maison-pleumeleuc-6-pieces-141-m2-hangar-ferme-de-130-m-terrain-de-plus-de-2-000-m-pleumeleuc,,,,,
Maison pleumeleuc 4 pièce(s) 110 m2,https://www.etreproprio.com/immobilier-23523977-vente-maison-pleumeleuc-4-pieces-110-m2-pleumeleuc,,,,,
Maison contemporaine récente – lumineuse et fonctionnelle,https://www.etreproprio.com/immobilier-23285783-vente-maison-contemporaine-recente-lumineuse-et-fonctionnelle-pleumeleuc,,,,,
Maison contemporaine récente,https://www.etreproprio.com/immobilier-23285765-vente-maison-contemporaine-recente-pleumeleuc,,,,,
Maison 95m² à pleumeleuc,https://www.etreproprio.com/immobilier-23125672-vente-maison-95m-a-pleumeleuc-pleumeleuc,,,,,
Maison t4 105m2,https://www.etreproprio.com/immobilier-23474490-vente-maison-t4-105m2-pleumeleuc,,,,,
Maison 207m² à pleumeleuc,https://www.etreproprio.com/immobilier-22861555-vente-maison-207m-a-pleumeleuc-pleumeleuc,,,,,
Maison pleumeleuc 5 pièce(s) 142 m2,https://www.etreproprio.com/immobilier-22594322-vente-maison-pleumeleuc-5-pieces-142-m2-pleumeleuc,,,,,
A vendre - maison néo bretonne - dépendances - parc arboré - pleumeleuc,https://www.etreproprio.com/immobilier-21658223-vente-a-vendre-maison-neo-bretonne-dependances-parc-arbore-pleumeleuc-pleumeleuc,,,,,
Maison pleumeleuc 7 pièce(s) 201.2 m2,https://www.etreproprio.com/immobilier-22496704-vente-maison-pleumeleuc-7-pieces-2012-m2-pleumeleuc,,,,,
Maison 7 pièces 196m2,https://www.etreproprio.com/immobilier-21289505-vente-maison-7-pieces-196m2-pleumeleuc,,,,,
Maison 7 pièces 201m2,https://www.etreproprio.com/immobilier-20531270-vente-maison-7-pieces-201m2-pleumeleuc,,,,,
Maison 90m² à pleurtuit,https://www.etreproprio.com/immobilier-22133610-vente-maison-90m-a-pleurtuit-pleurtuit,,,,,
Maison 197m² à pleurtuit,https://www.etreproprio.com/immobilier-23007983-vente-maison-197m-a-pleurtuit-pleurtuit,,,,,
Maison 88m² à pleurtuit,https://www.etreproprio.com/immobilier-23330824-vente-maison-88m-a-pleurtuit-pleurtuit,,,,,
Maison pleurtuit 5 pièces 114 m2,https://www.etreproprio.com/immobilier-22124231-vente-maison-pleurtuit-5-pieces-114-m2-pleurtuit,,,,,
Manoir et maison d'hôte à 10mn de la mer!,https://www.etreproprio.com/immobilier-23813737-vente-manoir-et-maison-d-hote-a-10mn-de-la-mer-pleurtuit,,,,,
Maison 131m² à pleurtuit,https://www.etreproprio.com/immobilier-23809876-vente-maison-131m-a-pleurtuit-pleurtuit,,,,,
Néo bretonne,https://www.etreproprio.com/immobilier-23784857-vente-neo-bretonne-pleurtuit,,,,,
Maison 44m² à pleurtuit,https://www.etreproprio.com/immobilier-23558413-vente-maison-44m-a-pleurtuit-pleurtuit,,,,,
Maison 125m² à pleurtuit,https://www.etreproprio.com/immobilier-21464371-vente-maison-125m-a-pleurtuit-pleurtuit,,,,,
Maison en pierre à pleurtuit,https://www.etreproprio.com/immobilier-23744612-vente-maison-en-pierre-a-pleurtuit-pleurtuit,,,,,
Maison 152m² à pleurtuit,https://www.etreproprio.com/immobilier-23730384-vente-maison-152m-a-pleurtuit-pleurtuit,,,,,
Maison pleurtuit 6 pièce(s) 114.6 m2,https://www.etreproprio.com/immobilier-23728886-vente-maison-pleurtuit-6-pieces-1146-m2-pleurtuit,,,,,
Maison 87m² à pleurtuit,https://www.etreproprio.com/immobilier-23029497-vente-maison-87m-a-pleurtuit-pleurtuit,,,,,
Maison 120m² à pleurtuit,https://www.etreproprio.com/immobilier-23712154-vente-maison-120m-a-pleurtuit-pleurtuit,,,,,
Maison neuve t4 - pleurtuit,https://www.etreproprio.com/immobilier-23717462-vente-maison-neuve-t4-pleurtuit-pleurtuit,,,,,
Maison 120m² sur sous sol complet,https://www.etreproprio.com/immobilier-23711051-vente-maison-120m-sur-sous-sol-complet-pleurtuit,,,,,
Maison de ville 108 m² – centre-bourg pleurtuit – grand terrain et garage,https://www.etreproprio.com/immobilier-23693867-vente-maison-de-ville-108-m-centre-bourg-pleurtuit-grand-terrain-et-garage-pleurtuit,,,,,
Maison pleurtuit 5 pièce(s) 113 m2,https://www.etreproprio.com/immobilier-23512096-vente-maison-pleurtuit-5-pieces-113-m2-pleurtuit,,,,,
Maison 86m² à pleurtuit,https://www.etreproprio.com/immobilier-23667259-vente-maison-86m-a-pleurtuit-pleurtuit,,,,,
Maison 91m² à pleurtuit,https://www.etreproprio.com/immobilier-23165338-vente-maison-91m-a-pleurtuit-pleurtuit,,,,,
Poce les bois - vendu - maison,https://www.etreproprio.com/immobilier-23618592-vente-poce-les-bois-vendu-maison-poce-les-bois,,,,,
Maison poce les bois,https://www.etreproprio.com/immobilier-22951509-vente-maison-poce-les-bois-poce-les-bois,,,,,
En exclusivite proche vitre,https://www.etreproprio.com/immobilier-22538476-vente-en-exclusivite-proche-vitre-poce-les-bois,,,,,
Maison 160m² à pleurtuit,https://www.etreproprio.com/immobilier-23580863-vente-maison-160m-a-pleurtuit-pleurtuit,,,,,
Maison de plain pied de 2012,https://www.etreproprio.com/immobilier-23277912-vente-maison-de-plain-pied-de-2012-pleurtuit,,,,,
Maison 90m² à pleurtuit,https://www.etreproprio.com/immobilier-23565325-vente-maison-90m-a-pleurtuit-pleurtuit,,,,,
Pleurtuit centre ville,https://www.etreproprio.com/immobilier-23565562-vente-pleurtuit-centre-ville-pleurtuit,,,,,
Maison pleurtuit,https://www.etreproprio.com/immobilier-20514302-vente-maison-pleurtuit-pleurtuit,,,,,
Maison pleurtuit 6 pièces 100 m2,https://www.etreproprio.com/immobilier-23518265-vente-maison-pleurtuit-6-pieces-100-m2-pleurtuit,,,,,
Maison 100m² à pleurtuit,https://www.etreproprio.com/immobilier-23500184-vente-maison-100m-a-pleurtuit-pleurtuit,,,,,
Maison 101m² à pleurtuit,https://www.etreproprio.com/immobilier-23089136-vente-maison-101m-a-pleurtuit-pleurtuit,,,,,
Maison 105m² à pleurtuit,https://www.etreproprio.com/immobilier-21547780-vente-maison-105m-a-pleurtuit-pleurtuit,,,,,
Charmante longère de 136 m2 sur 503 m2 de terrain à pleurtuit,https://www.etreproprio.com/immobilier-22989797-vente-charmante-longere-de-136-m2-sur-503-m2-de-terrain-a-pleurtuit-pleurtuit,,,,,
Maison 99m² à pleurtuit,https://www.etreproprio.com/immobilier-23036185-vente-maison-99m-a-pleurtuit-pleurtuit,,,,,
"Maison à pleurtuit, proche écoles et commerces à pied",https://www.etreproprio.com/immobilier-23393117-vente-maison-a-pleurtuit-proche-ecoles-et-commerces-a-pied-pleurtuit,,,,,
"Proche dinard - maison en pierres , 6 chambres - pleurtuit",https://www.etreproprio.com/immobilier-22870226-vente-proche-dinard-maison-en-pierres-6-chambres-pleurtuit-pleurtuit,,,,,
Maison 117m² à pleurtuit,https://www.etreproprio.com/immobilier-20567378-vente-maison-117m-a-pleurtuit-pleurtuit,,,,,
Maison pleurtuit,https://www.etreproprio.com/immobilier-21762864-vente-maison-pleurtuit-pleurtuit,,,,,
"Maison familiale 4 chambres – jardin 570 m² – garage – pleurtuit centre, proche dinard",https://www.etreproprio.com/immobilier-22915509-vente-maison-familiale-4-chambres-jardin-570-m-garage-pleurtuit-centre-proche-dinard-pleurtuit,,,,,
Proche dinard - maison en pierre exposée sud - beau terrain clos - 7 mn de dinard,https://www.etreproprio.com/immobilier-23316350-vente-proche-dinard-maison-en-pierre-exposee-sud-beau-terrain-clos-7-mn-de-dinard-pleurtuit,,,,,
Maison 158m² à pleurtuit,https://www.etreproprio.com/immobilier-22678885-vente-maison-158m-a-pleurtuit-pleurtuit,,,,,
Maison 68m² à pleurtuit,https://www.etreproprio.com/immobilier-23243310-vente-maison-68m-a-pleurtuit-pleurtuit,,,,,
"Dpt ille et vilaine (35), à vendre pleurtuit maison p6",https://www.etreproprio.com/immobilier-23237414-vente-dpt-ille-et-vilaine-35-a-vendre-pleurtuit-maison-p6-pleurtuit,,,,,
Maison 167m² à poilley,https://www.etreproprio.com/immobilier-23288667-vente-maison-167m-a-poilley-poilley,,,,,
Maison en pierres de 167m²  proche a84,https://www.etreproprio.com/immobilier-23292272-vente-maison-en-pierres-de-167m-proche-a84-poilley,,,,,
Maison à rénover,https://www.etreproprio.com/immobilier-16950359-vente-maison-a-renover-poilley,,,,,
Opportunite,https://www.etreproprio.com/immobilier-23705546-vente-opportunite-poligne,,,,,
Maison à réhabiliter sur terrain de 7000m2 constructible,https://www.etreproprio.com/immobilier-23681877-vente-maison-a-rehabiliter-sur-terrain-de-7000m2-constructible-poligne,,,,,
Maison 138m² à poligne,https://www.etreproprio.com/immobilier-23543735-vente-maison-138m-a-poligne-poligne,,,,,
Maison 242m² à poligne,https://www.etreproprio.com/immobilier-22109866-vente-maison-242m-a-poligne-poligne,,,,,
Maison 178m² à poligne,https://www.etreproprio.com/immobilier-22109865-vente-maison-178m-a-poligne-poligne,,,,,
Maison 90m² à pleurtuit,https://www.etreproprio.com/immobilier-22321851-vente-maison-90m-a-pleurtuit-pleurtuit,,,,,
Maison 301m² à pleurtuit,https://www.etreproprio.com/immobilier-23196250-vente-maison-301m-a-pleurtuit-pleurtuit,,,,,
Maison pleurtuit 5 pièce(s) 153.69 m2 hyper centreville,https://www.etreproprio.com/immobilier-23142798-vente-maison-pleurtuit-5-pieces-15369-m2-hyper-centreville-pleurtuit,,,,,
Maison 153m² à pleurtuit,https://www.etreproprio.com/immobilier-23135940-vente-maison-153m-a-pleurtuit-pleurtuit,,,,,
Maison 149m² à pleurtuit,https://www.etreproprio.com/immobilier-23135960-vente-maison-149m-a-pleurtuit-pleurtuit,,,,,
Centre bourg,https://www.etreproprio.com/immobilier-21386890-vente-centre-bourg-pleurtuit,,,,,
Pleurtuit maison 3 chambres,https://www.etreproprio.com/immobilier-23062330-vente-pleurtuit-maison-3-chambres-pleurtuit,,,,,
Maison en pierre,https://www.etreproprio.com/immobilier-23029947-vente-maison-en-pierre-pleurtuit,,,,,
Maison pleurtuit 6 pièces 142 m2,https://www.etreproprio.com/immobilier-22988534-vente-maison-pleurtuit-6-pieces-142-m2-pleurtuit,,,,,
Maison 129m² à pleurtuit,https://www.etreproprio.com/immobilier-21938627-vente-maison-129m-a-pleurtuit-pleurtuit,,,,,
Maison de pays,https://www.etreproprio.com/immobilier-22931288-vente-maison-de-pays-pleurtuit,,,,,
Maison 117m² à pleurtuit,https://www.etreproprio.com/immobilier-22018020-vente-maison-117m-a-pleurtuit-pleurtuit,,,,,
Maison pleurtuit,https://www.etreproprio.com/immobilier-22015687-vente-maison-pleurtuit-pleurtuit,,,,,
Maison 75m² à pleurtuit,https://www.etreproprio.com/immobilier-22595430-vente-maison-75m-a-pleurtuit-pleurtuit,,,,,
Maison 149m² à pleurtuit,https://www.etreproprio.com/immobilier-22755893-vente-maison-149m-a-pleurtuit-pleurtuit,,,,,
Maison 154m² à pleurtuit,https://www.etreproprio.com/immobilier-22717389-vente-maison-154m-a-pleurtuit-pleurtuit,,,,,
Maison 120m² à pleurtuit,https://www.etreproprio.com/immobilier-22716060-vente-maison-120m-a-pleurtuit-pleurtuit,,,,,
Maison 85m² à pleurtuit,https://www.etreproprio.com/immobilier-22668896-vente-maison-85m-a-pleurtuit-pleurtuit,,,,,
Maison 100m² à pleurtuit,https://www.etreproprio.com/immobilier-22587109-vente-maison-100m-a-pleurtuit-pleurtuit,,,,,
À vendre   propriété de charme en pierre   pleurtuit   193 m2 habitables   parc arboré de 7000 m2,https://www.etreproprio.com/immobilier-22526091-vente-a-vendre-propriete-de-charme-en-pierre-pleurtuit-193-m2-habitables-parc-arbore-de-7000-m2-pleurtuit,,,,,
Maison 92m² à prince,https://www.etreproprio.com/immobilier-21925033-vente-maison-92m-a-prince-prince,,,,,
Maison 131m² à prince,https://www.etreproprio.com/immobilier-22944728-vente-maison-131m-a-prince-prince,,,,,
"Maison 86m², 3 chambres",https://www.etreproprio.com/immobilier-21916331-vente-maison-86m-3-chambres-prince,,,,,
Maison neuve de 118m² à quebriac,https://www.etreproprio.com/immobilier-23400247-vente-maison-neuve-de-118m-a-quebriac-quebriac,,,,,
Maison quebriac 129 m2,https://www.etreproprio.com/immobilier-23688483-vente-maison-quebriac-129-m2-quebriac,,,,,
Maison dingé 3 pièces 110 m2,https://www.etreproprio.com/immobilier-22496603-vente-maison-dinge-3-pieces-110-m2-quebriac,,,,,
Maison quebriac 380 m²,https://www.etreproprio.com/immobilier-21787976-vente-maison-quebriac-380-m-quebriac,,,,,
Maison rénovée avec appartement indépendant - 6 pièces - 170 m2,https://www.etreproprio.com/immobilier-22481905-vente-maison-renovee-avec-appartement-independant-6-pieces-170-m2-pleurtuit,,,,,
Maison 117m² à pleurtuit,https://www.etreproprio.com/immobilier-22207251-vente-maison-117m-a-pleurtuit-pleurtuit,,,,,
"Pleurtuit. propriété de 323 m2, terrain arboré de 8 480 m2 dont 1 500 m2 constructibles",https://www.etreproprio.com/immobilier-22069820-vente-pleurtuit-propriete-de-323-m2-terrain-arbore-de-8-480-m2-dont-1-500-m2-constructibles-pleurtuit,,,,,
"Pleurtuit - maison de ville, terrain constructible",https://www.etreproprio.com/immobilier-21966148-vente-pleurtuit-maison-de-ville-terrain-constructible-pleurtuit,,,,,
Maison 323m² à pleurtuit,https://www.etreproprio.com/immobilier-21939551-vente-maison-323m-a-pleurtuit-pleurtuit,,,,,
Maison pleurtuit 7 pièces,https://www.etreproprio.com/immobilier-21929078-vente-maison-pleurtuit-7-pieces-pleurtuit,,,,,
Maison 154m² à pleurtuit,https://www.etreproprio.com/immobilier-21895438-vente-maison-154m-a-pleurtuit-pleurtuit,,,,,
Maison pleurtuit 170 m²,https://www.etreproprio.com/immobilier-18459458-vente-maison-pleurtuit-170-m-pleurtuit,,,,,
Maison 121m² à pleurtuit,https://www.etreproprio.com/immobilier-21800226-vente-maison-121m-a-pleurtuit-pleurtuit,,,,,
Maison pleurtuit 7 pièce(s),https://www.etreproprio.com/immobilier-21778317-vente-maison-pleurtuit-7-pieces-pleurtuit,,,,,
Maison 200m² proche  mer et campagne,https://www.etreproprio.com/immobilier-21406064-vente-maison-200m-proche-mer-et-campagne-pleurtuit,,,,,
Maison en pierre de pays pleurtuit sur 2433m² de terrain.,https://www.etreproprio.com/immobilier-19724321-vente-maison-en-pierre-de-pays-pleurtuit-sur-2433m-de-terrain-pleurtuit,,,,,
Maison 126m² à quedillac,https://www.etreproprio.com/immobilier-23565139-vente-maison-126m-a-quedillac-quedillac,,,,,
Pavillon de 72.89 m² hab sur sous-sol complet avec terrain,https://www.etreproprio.com/immobilier-22990963-vente-pavillon-de-7289-m-hab-sur-sous-sol-complet-avec-terrain-quedillac,,,,,
Maison 72m² à quedillac,https://www.etreproprio.com/immobilier-22951691-vente-maison-72m-a-quedillac-quedillac,,,,,
Maison - 5 chambres - campagne quedillac - saint-meen - 154 m²,https://www.etreproprio.com/immobilier-23357598-vente-maison-5-chambres-campagne-quedillac-saint-meen-154-m-quedillac,,,,,
Maison 154m² à quedillac,https://www.etreproprio.com/immobilier-23111702-vente-maison-154m-a-quedillac-quedillac,,,,,
Maison 78m² à quedillac,https://www.etreproprio.com/immobilier-21971441-vente-maison-78m-a-quedillac-quedillac,,,,,
"Rannée, maison de bourg 2 chambres",https://www.etreproprio.com/immobilier-23755561-vente-rannee-maison-de-bourg-2-chambres-rannee,,,,,
Maison 3 pièces,https://www.etreproprio.com/immobilier-23494516-vente-maison-3-pieces-rannee,,,,,
Maison 80m² à redon,https://www.etreproprio.com/immobilier-22749293-vente-maison-80m-a-redon-redon,,,,,
Maison 151m² à redon,https://www.etreproprio.com/immobilier-23893179-vente-maison-151m-a-redon-redon,,,,,
Maison 86m² à redon,https://www.etreproprio.com/immobilier-22708421-vente-maison-86m-a-redon-redon,,,,,
Maison 68m² à redon,https://www.etreproprio.com/immobilier-23832321-vente-maison-68m-a-redon-redon,,,,,
Exclusivite optimhome – maison rénovée en hyper centre de redon (113 m² +jardin + double garage),https://www.etreproprio.com/immobilier-23539750-vente-exclusivite-optimhome-maison-renovee-en-hyper-centre-de-redon-113-m-jardin-double-garage-redon,,,,,
Maison 119m² à redon,https://www.etreproprio.com/immobilier-23780059-vente-maison-119m-a-redon-redon,,,,,
Maison à vendre 3 pièces redon (35) centre-ville,https://www.etreproprio.com/immobilier-23781971-vente-maison-a-vendre-3-pieces-redon-35-centre-ville-redon,,,,,
Maison à vendre 3 pièces redon (35) centre-ville,https://www.etreproprio.com/immobilier-23781966-vente-maison-a-vendre-3-pieces-redon-35-centre-ville-redon,,,,,
Maison 243m² à redon,https://www.etreproprio.com/immobilier-22749322-vente-maison-243m-a-redon-redon,,,,,
Maison 98m² à redon,https://www.etreproprio.com/immobilier-23768735-vente-maison-98m-a-redon-redon,,,,,
Maison de caractère 3 chambres,https://www.etreproprio.com/immobilier-23749413-vente-maison-de-caractere-3-chambres-redon,,,,,
Maison 106m² à redon,https://www.etreproprio.com/immobilier-23756678-vente-maison-106m-a-redon-redon,,,,,
Maison redon 5 pièce(s) 120 m2,https://www.etreproprio.com/immobilier-23648201-vente-maison-redon-5-pieces-120-m2-redon,,,,,
Maison 117m² à redon,https://www.etreproprio.com/immobilier-23641299-vente-maison-117m-a-redon-redon,,,,,
Maison 98m² à redon,https://www.etreproprio.com/immobilier-23601965-vente-maison-98m-a-redon-redon,,,,,
Charmante maison avec jardin aux portes de redon,https://www.etreproprio.com/immobilier-23561984-vente-charmante-maison-avec-jardin-aux-portes-de-redon-redon,,,,,
Maison 150m² à redon,https://www.etreproprio.com/immobilier-23558902-vente-maison-150m-a-redon-redon,,,,,
Maison 58m² à redon,https://www.etreproprio.com/immobilier-22749292-vente-maison-58m-a-redon-redon,,,,,
Maison à vendre 6 pièces redon (35),https://www.etreproprio.com/immobilier-23552173-vente-maison-a-vendre-6-pieces-redon-35-redon,,,,,
Maison 162m² à redon,https://www.etreproprio.com/immobilier-20366591-vente-maison-162m-a-redon-redon,,,,,
Maison 211m² à renac,https://www.etreproprio.com/immobilier-23883256-vente-maison-211m-a-renac-renac,,,,,
Maison 129m² à renac,https://www.etreproprio.com/immobilier-23844108-vente-maison-129m-a-renac-renac,,,,,
Maison 100m² à renac,https://www.etreproprio.com/immobilier-23832568-vente-maison-100m-a-renac-renac,,,,,
Maison 110m² à renac,https://www.etreproprio.com/immobilier-23812389-vente-maison-110m-a-renac-renac,,,,,
Maison 2220m² à renac,https://www.etreproprio.com/immobilier-23811586-vente-maison-2220m-a-renac-renac,,,,,
"À vendre   maison de village 100 m2, renac",https://www.etreproprio.com/immobilier-23773370-vente-a-vendre-maison-de-village-100-m2-renac-renac,,,,,
Maison 220m² à renac,https://www.etreproprio.com/immobilier-23582584-vente-maison-220m-a-renac-renac,,,,,
Maison 4 pièces 64 m² - renac,https://www.etreproprio.com/immobilier-23512902-vente-maison-4-pieces-64-m-renac-renac,,,,,
Maison 61m² à renac,https://www.etreproprio.com/immobilier-22749291-vente-maison-61m-a-renac-renac,,,,,
Maison renac 8 pièce(s) 246 m2,https://www.etreproprio.com/immobilier-22619741-vente-maison-renac-8-pieces-246-m2-renac,,,,,
Maison 162m² à renac,https://www.etreproprio.com/immobilier-21787485-vente-maison-162m-a-renac-renac,,,,,
Maison en pierres et ardoises,https://www.etreproprio.com/immobilier-22023435-vente-maison-en-pierres-et-ardoises-renac,,,,,
Maison 147m² à renac,https://www.etreproprio.com/immobilier-21699505-vente-maison-147m-a-renac-renac,,,,,
Maison - patio - jardinet terrasse - parking couvert - à vendre - rennes/saint-jacques - la courrouze,https://www.etreproprio.com/immobilier-23819213-vente-maison-patio-jardinet-terrasse-parking-couvert-a-vendre-rennessaint-jacques-la-courrouze-rennes,,,,,
Maison rennes,https://www.etreproprio.com/immobilier-23913609-vente-maison-rennes-rennes,,,,,
Maison de ville atypique avec garage et jardin,https://www.etreproprio.com/immobilier-23908953-vente-maison-de-ville-atypique-avec-garage-et-jardin-rennes,,,,,
Maison pleine de charme dans une rue recherchée,https://www.etreproprio.com/immobilier-22198083-vente-maison-pleine-de-charme-dans-une-rue-recherchee-rennes,,,,,
Maison 79m² à rennes,https://www.etreproprio.com/immobilier-23909408-vente-maison-79m-a-rennes-rennes,,,,,
Maison 194m² à rennes,https://www.etreproprio.com/immobilier-23910772-vente-maison-194m-a-rennes-rennes,,,,,
"Maison avec jardin prête à emménager, proche métro et commodités, rennes landry - la poterie",https://www.etreproprio.com/immobilier-23900929-vente-maison-avec-jardin-prete-a-emmenager-proche-metro-et-commodites-rennes-landry-la-poterie-rennes,,,,,
Maison 196m² à rennes,https://www.etreproprio.com/immobilier-23903903-vente-maison-196m-a-rennes-rennes,,,,,
"Spacieuse maison t5 contemporaine, beaux volumes, très lumineuse, finitions soignées, terrasse, jardin, garage",https://www.etreproprio.com/immobilier-23906129-vente-spacieuse-maison-t5-contemporaine-beaux-volumes-tres-lumineuse-finitions-soignees-terrasse-jardin-garage-rennes,,,,,
Maison 107m² à rennes,https://www.etreproprio.com/immobilier-23903390-vente-maison-107m-a-rennes-rennes,,,,,
"Sainte-thérèse lumineuse maison t5 contemporaine, prestations haut de gamme, vue dégagée, terrasse, jardin, stationnements priva",https://www.etreproprio.com/immobilier-23906130-vente-sainte-therese-lumineuse-maison-t5-contemporaine-prestations-haut-de-gamme-vue-degagee-terrasse-jardin-stationnements-priva-rennes,,,,,
Maison 114m² à rennes,https://www.etreproprio.com/immobilier-23762527-vente-maison-114m-a-rennes-rennes,,,,,
Maison familiale à vendre – rennes,https://www.etreproprio.com/immobilier-23897225-vente-maison-familiale-a-vendre-rennes-rennes,,,,,
Maison 107m² à rennes,https://www.etreproprio.com/immobilier-23166033-vente-maison-107m-a-rennes-rennes,,,,,
"Rennes – maison avec agréable jardin, sous-sol complet – secteur saint-hélier / cimetière de l'est / balade brassens",https://www.etreproprio.com/immobilier-23878742-vente-rennes-maison-avec-agreable-jardin-sous-sol-complet-secteur-saint-helier-cimetiere-de-l-est-balade-brassens-rennes,,,,,
Maison 113m² à rennes,https://www.etreproprio.com/immobilier-23878331-vente-maison-113m-a-rennes-rennes,,,,,
Maison en pierres quartier thabor oberthur,https://www.etreproprio.com/immobilier-23135710-vente-maison-en-pierres-quartier-thabor-oberthur-rennes,,,,,
Vente maison rennes(35000) 534 500ï¿œ,https://www.etreproprio.com/immobilier-23880138-vente-vente-maison-rennes35000-534-500i-oe-rennes,,,,,
Maison 115m² à rennes,https://www.etreproprio.com/immobilier-23878818-vente-maison-115m-a-rennes-rennes,,,,,
Maison 91m² à rennes,https://www.etreproprio.com/immobilier-22349176-vente-maison-91m-a-rennes-rennes,,,,,
Magnifique pavillon atypique,https://www.etreproprio.com/immobilier-22444424-vente-magnifique-pavillon-atypique-redon,,,,,
Maison à vendre 3 pièces redon (35),https://www.etreproprio.com/immobilier-23493223-vente-maison-a-vendre-3-pieces-redon-35-redon,,,,,
Maison à vendre 3 pièces redon (35),https://www.etreproprio.com/immobilier-23493230-vente-maison-a-vendre-3-pieces-redon-35-redon,,,,,
Maison 126m² à redon,https://www.etreproprio.com/immobilier-23423226-vente-maison-126m-a-redon-redon,,,,,
Maison 135m² à redon,https://www.etreproprio.com/immobilier-23412675-vente-maison-135m-a-redon-redon,,,,,
Maison 204m² à redon,https://www.etreproprio.com/immobilier-22138496-vente-maison-204m-a-redon-redon,,,,,
Maison en pierre,https://www.etreproprio.com/immobilier-23381280-vente-maison-en-pierre-redon,,,,,
Maison 135m² à redon,https://www.etreproprio.com/immobilier-23362893-vente-maison-135m-a-redon-redon,,,,,
Agreable maison de 204 m² habitable - 5 chambres,https://www.etreproprio.com/immobilier-22128200-vente-agreable-maison-de-204-m-habitable-5-chambres-redon,,,,,
Maison à vendre 5 pièces  (35),https://www.etreproprio.com/immobilier-23310956-vente-maison-a-vendre-5-pieces-35-redon,,,,,
Maison de charme de 250 m²  2 habitations communicantes sur 3 580 m² de terrain,https://www.etreproprio.com/immobilier-23262692-vente-maison-de-charme-de-250-m-2-habitations-communicantes-sur-3-580-m-de-terrain-redon,,,,,
Maison familiale 4 chambres – redon 95 m² habitables – quartier résidentiel calme,https://www.etreproprio.com/immobilier-23105626-vente-maison-familiale-4-chambres-redon-95-m-habitables-quartier-residentiel-calme-redon,,,,,
Maison 96m² à redon,https://www.etreproprio.com/immobilier-23102363-vente-maison-96m-a-redon-redon,,,,,
Maison 98m² à redon,https://www.etreproprio.com/immobilier-21274424-vente-maison-98m-a-redon-redon,,,,,
Maison 189m² à redon,https://www.etreproprio.com/immobilier-22116174-vente-maison-189m-a-redon-redon,,,,,
Redon centre maison de ville avec grand jardin,https://www.etreproprio.com/immobilier-20924444-vente-redon-centre-maison-de-ville-avec-grand-jardin-redon,,,,,
À vendre – maison familiale 7 pièces – 150 m² – terrain de 2 000 m² – avessac,https://www.etreproprio.com/immobilier-22980132-vente-a-vendre-maison-familiale-7-pieces-150-m-terrain-de-2-000-m-avessac-redon,,,,,
Maison ancienne 5 pièces avec terrain pour construction,https://www.etreproprio.com/immobilier-22963391-vente-maison-ancienne-5-pieces-avec-terrain-pour-construction-redon,,,,,
Grande maison de caractère au cœur de redon - 7 chambres,https://www.etreproprio.com/immobilier-22939255-vente-grande-maison-de-caractere-au-coeur-de-redon-7-chambres-redon,,,,,
Maison d’architecte de 220 m² sur terrain paysager de 2900 m² – redon centre,https://www.etreproprio.com/immobilier-22917861-vente-maison-d-architecte-de-220-m-sur-terrain-paysager-de-2900-m-redon-centre-redon,,,,,
Maison 370m² à retiers,https://www.etreproprio.com/immobilier-23882706-vente-maison-370m-a-retiers-retiers,,,,,
Maison rénovée de 111 m² – 4 chambres – jardin de 835 m²,https://www.etreproprio.com/immobilier-23573803-vente-maison-renovee-de-111-m-4-chambres-jardin-de-835-m-retiers,,,,,
Maison retiers 6 pièce(s) 340.9 m2,https://www.etreproprio.com/immobilier-23873409-vente-maison-retiers-6-pieces-3409-m2-retiers,,,,,
Maison retiers 2 pièce(s) 51.08 m2,https://www.etreproprio.com/immobilier-23873408-vente-maison-retiers-2-pieces-5108-m2-retiers,,,,,
"Retiers, maison de 119 m² avec 4 chambres",https://www.etreproprio.com/immobilier-23844635-vente-retiers-maison-de-119-m-avec-4-chambres-retiers,,,,,
"À 30 minutes de rennes -ensemble de immobilier de deux maisons familliales , avec terrain constructible ,idéale investisseurs ou",https://www.etreproprio.com/immobilier-23794781-vente-a-30-minutes-de-rennes-ensemble-de-immobilier-de-deux-maisons-familliales-avec-terrain-constructible-ideale-investisseurs-ou-retiers,,,,,
Maison 124m² à retiers,https://www.etreproprio.com/immobilier-23113463-vente-maison-124m-a-retiers-retiers,,,,,
Maison coesmes 3 chambres,https://www.etreproprio.com/immobilier-23489491-vente-maison-coesmes-3-chambres-retiers,,,,,
Vente maison retiers(35240) 100 000ï¿œ,https://www.etreproprio.com/immobilier-23728172-vente-vente-maison-retiers35240-100-000i-oe-retiers,,,,,
Maison 138m² à retiers,https://www.etreproprio.com/immobilier-23524855-vente-maison-138m-a-retiers-retiers,,,,,
"À 30 minutes de rennes -ensemble de immobilier de deux maisons familliales , avec terrain constructible ,idéale investisseurs ou",https://www.etreproprio.com/immobilier-23680164-vente-a-30-minutes-de-rennes-ensemble-de-immobilier-de-deux-maisons-familliales-avec-terrain-constructible-ideale-investisseurs-ou-retiers,,,,,
Maison 100m² à retiers,https://www.etreproprio.com/immobilier-23661361-vente-maison-100m-a-retiers-retiers,,,,,
Maison 98m² à retiers,https://www.etreproprio.com/immobilier-23433998-vente-maison-98m-a-retiers-retiers,,,,,
Maison de ville 98 m2,https://www.etreproprio.com/immobilier-23551926-vente-maison-de-ville-98-m2-retiers,,,,,
Maison coesmes - plain pied - 3 chambres,https://www.etreproprio.com/immobilier-23489493-vente-maison-coesmes-plain-pied-3-chambres-retiers,,,,,
Maison coesmes 6 pièce(s) 190 m2,https://www.etreproprio.com/immobilier-23591656-vente-maison-coesmes-6-pieces-190-m2-retiers,,,,,
Maison retiers 1 pièce(s) 60m2,https://www.etreproprio.com/immobilier-23580590-vente-maison-retiers-1-pieces-60m2-retiers,,,,,
Maison de bourg à fort potentiel 104 m² – retiers centre,https://www.etreproprio.com/immobilier-23572461-vente-maison-de-bourg-a-fort-potentiel-104-m-retiers-centre-retiers,,,,,
Maison 104m² à retiers,https://www.etreproprio.com/immobilier-23569582-vente-maison-104m-a-retiers-retiers,,,,,
Maison 138m² à retiers,https://www.etreproprio.com/immobilier-23344364-vente-maison-138m-a-retiers-retiers,,,,,
Maison rénovée rennes,https://www.etreproprio.com/immobilier-23875091-vente-maison-renovee-rennes-rennes,,,,,
Maison 98m² à rennes,https://www.etreproprio.com/immobilier-23871482-vente-maison-98m-a-rennes-rennes,,,,,
"Maison de ville – rennes saint-hélier, volumes et jardin",https://www.etreproprio.com/immobilier-23875221-vente-maison-de-ville-rennes-saint-helier-volumes-et-jardin-rennes,,,,,
Maison sacre coeurs - 3 chambres - 1 bureau - garage - place de parking - sud - impasse privee,https://www.etreproprio.com/immobilier-23870714-vente-maison-sacre-coeurs-3-chambres-1-bureau-garage-place-de-parking-sud-impasse-privee-rennes,,,,,
Maison 104m² à rennes,https://www.etreproprio.com/immobilier-23870232-vente-maison-104m-a-rennes-rennes,,,,,
Rennes maison 140 m²,https://www.etreproprio.com/immobilier-23868557-vente-rennes-maison-140-m-rennes,,,,,
Maison 4 pièces,https://www.etreproprio.com/immobilier-23865023-vente-maison-4-pieces-rennes,,,,,
Maison 130m² à rennes,https://www.etreproprio.com/immobilier-22676926-vente-maison-130m-a-rennes-rennes,,,,,
"Maison familiale ou colocation rénovée, suite parentale au rdc, jardin s-o - bd mermoz / métro st-jacques-gaïté",https://www.etreproprio.com/immobilier-23289666-vente-maison-familiale-ou-colocation-renovee-suite-parentale-au-rdc-jardin-s-o-bd-mermoz-metro-st-jacques-gaite-rennes,,,,,
À vendre - groupe giboire - maison rennes 8 pièces 195 m2 + studio,https://www.etreproprio.com/immobilier-23849048-vente-a-vendre-groupe-giboire-maison-rennes-8-pieces-195-m2-studio-rennes,,,,,
Maison 140m² à rennes,https://www.etreproprio.com/immobilier-23746252-vente-maison-140m-a-rennes-rennes,,,,,
Maison rennes 110 m2 - mauconseil,https://www.etreproprio.com/immobilier-23755183-vente-maison-rennes-110-m2-mauconseil-rennes,,,,,
Maison 137m² à rennes,https://www.etreproprio.com/immobilier-23383251-vente-maison-137m-a-rennes-rennes,,,,,
Maison 124m² à rennes,https://www.etreproprio.com/immobilier-23349562-vente-maison-124m-a-rennes-rennes,,,,,
"Petite maison avec potentiel - centre de rennes, proche du parc du thabor",https://www.etreproprio.com/immobilier-23838943-vente-petite-maison-avec-potentiel-centre-de-rennes-proche-du-parc-du-thabor-rennes,,,,,
Maison 128m² à rennes,https://www.etreproprio.com/immobilier-23840424-vente-maison-128m-a-rennes-rennes,,,,,
A vendre maison 169m2 rennes jeannes d'arc,https://www.etreproprio.com/immobilier-23825373-vente-a-vendre-maison-169m2-rennes-jeannes-d-arc-rennes,,,,,
Maison 127m² à rennes,https://www.etreproprio.com/immobilier-23828376-vente-maison-127m-a-rennes-rennes,,,,,
Maison 120m² à rennes,https://www.etreproprio.com/immobilier-22447777-vente-maison-120m-a-rennes-rennes,,,,,
"Rennes, maison de charme type 7 de (134 m2 pondérés) terrain de 218 m2 - sous-sol de 68 m2 + double garage",https://www.etreproprio.com/immobilier-23814787-vente-rennes-maison-de-charme-type-7-de-134-m2-ponderes-terrain-de-218-m2-sous-sol-de-68-m2-double-garage-rennes,,,,,
Maison 162m² à redon,https://www.etreproprio.com/immobilier-22765308-vente-maison-162m-a-redon-redon,,,,,
Maison pipriac 6 pièce(s) 180 m2,https://www.etreproprio.com/immobilier-22786556-vente-maison-pipriac-6-pieces-180-m2-redon,,,,,
Maison 127m² à redon,https://www.etreproprio.com/immobilier-22749312-vente-maison-127m-a-redon-redon,,,,,
Maison 220m² à redon,https://www.etreproprio.com/immobilier-22749321-vente-maison-220m-a-redon-redon,,,,,
Maison 107m² à redon,https://www.etreproprio.com/immobilier-22749318-vente-maison-107m-a-redon-redon,,,,,
Maison à vendre 5 pièces 120 m2,https://www.etreproprio.com/immobilier-21542063-vente-maison-a-vendre-5-pieces-120-m2-redon,,,,,
Maison 101m² à redon,https://www.etreproprio.com/immobilier-21536563-vente-maison-101m-a-redon-redon,,,,,
Maison 75m² à redon,https://www.etreproprio.com/immobilier-22569656-vente-maison-75m-a-redon-redon,,,,,
Maison 206m² à redon,https://www.etreproprio.com/immobilier-22526698-vente-maison-206m-a-redon-redon,,,,,
Maison 220m² à redon,https://www.etreproprio.com/immobilier-22430197-vente-maison-220m-a-redon-redon,,,,,
Maison 90m² à redon,https://www.etreproprio.com/immobilier-22402567-vente-maison-90m-a-redon-redon,,,,,
Maison 135m² à redon,https://www.etreproprio.com/immobilier-21921199-vente-maison-135m-a-redon-redon,,,,,
Maison 8 pièces - 270m²,https://www.etreproprio.com/immobilier-22285131-vente-maison-8-pieces-270m-redon,,,,,
Maison 124m² à redon,https://www.etreproprio.com/immobilier-21465573-vente-maison-124m-a-redon-redon,,,,,
Maison redon 7 pièce(s) 129 m2,https://www.etreproprio.com/immobilier-21258320-vente-maison-redon-7-pieces-129-m2-redon,,,,,
Ancien atelier de menuiserie transformé en loft,https://www.etreproprio.com/immobilier-21477160-vente-ancien-atelier-de-menuiserie-transforme-en-loft-redon,,,,,
Belle propriete avec piscine - bains sur oust,https://www.etreproprio.com/immobilier-21725249-vente-belle-propriete-avec-piscine-bains-sur-oust-redon,,,,,
Longere atypique et son terrain boise,https://www.etreproprio.com/immobilier-21541666-vente-longere-atypique-et-son-terrain-boise-redon,,,,,
Maison 75m² à redon,https://www.etreproprio.com/immobilier-21381115-vente-maison-75m-a-redon-redon,,,,,
"Maison récente 3 chambres, garage, jardin",https://www.etreproprio.com/immobilier-23906774-vente-maison-recente-3-chambres-garage-jardin-le-rheu,,,,,
Maison le rheu 7 pièce(s) 239 m2,https://www.etreproprio.com/immobilier-23829749-vente-maison-le-rheu-7-pieces-239-m2-le-rheu,,,,,
Maison 95m² à le rheu,https://www.etreproprio.com/immobilier-23820529-vente-maison-95m-a-le-rheu-le-rheu,,,,,
Maison 244m² à le rheu,https://www.etreproprio.com/immobilier-23612343-vente-maison-244m-a-le-rheu-le-rheu,,,,,
Maison - le rheu,https://www.etreproprio.com/immobilier-23767094-vente-maison-le-rheu-le-rheu,,,,,
Maison le rheu 7 pièce(s) 162 m2,https://www.etreproprio.com/immobilier-23755695-vente-maison-le-rheu-7-pieces-162-m2-le-rheu,,,,,
Maison le rheu 5 pièce(s) 144 m2,https://www.etreproprio.com/immobilier-23755697-vente-maison-le-rheu-5-pieces-144-m2-le-rheu,,,,,
Maison le rheu 4 pièce(s) 104 m2,https://www.etreproprio.com/immobilier-23755694-vente-maison-le-rheu-4-pieces-104-m2-le-rheu,,,,,
Maison 7 pièces 169 m2 - le rheu 35650,https://www.etreproprio.com/immobilier-23745361-vente-maison-7-pieces-169-m2-le-rheu-35650-le-rheu,,,,,
Maison contemporaines - le rheu - 4 chambres - 145.30 m2,https://www.etreproprio.com/immobilier-23701175-vente-maison-contemporaines-le-rheu-4-chambres-14530-m2-le-rheu,,,,,
Maison 144m² à le rheu,https://www.etreproprio.com/immobilier-22446366-vente-maison-144m-a-le-rheu-le-rheu,,,,,
Maison le rheu 6 pièces 133 m2,https://www.etreproprio.com/immobilier-23689863-vente-maison-le-rheu-6-pieces-133-m2-le-rheu,,,,,
Maison le rheu 8 pièces 177 m2,https://www.etreproprio.com/immobilier-23689862-vente-maison-le-rheu-8-pieces-177-m2-le-rheu,,,,,
maison contemporaine 150 m² non mitoyenne– 4 chambres – terrain clos 420 m² – à 12 min de rennes,https://www.etreproprio.com/immobilier-23653758-vente-maison-contemporaine-150-m-non-mitoyenne-4-chambres-terrain-clos-420-m-a-12-min-de-rennes-le-rheu,,,,,
Maison t4 - le rheu,https://www.etreproprio.com/immobilier-23594062-vente-maison-t4-le-rheu-le-rheu,,,,,
Maison 230m² à le rheu,https://www.etreproprio.com/immobilier-23502065-vente-maison-230m-a-le-rheu-le-rheu,,,,,
Maison d'architecte très lumineuse de plain-pied au rheu,https://www.etreproprio.com/immobilier-23538826-vente-maison-d-architecte-tres-lumineuse-de-plain-pied-au-rheu-le-rheu,,,,,
Maison 6 pièces 115m² - le rheu 35650,https://www.etreproprio.com/immobilier-23407691-vente-maison-6-pieces-115m-le-rheu-35650-le-rheu,,,,,
Maison 140m² à le rheu,https://www.etreproprio.com/immobilier-23280074-vente-maison-140m-a-le-rheu-le-rheu,,,,,
Maison 101m² à le rheu,https://www.etreproprio.com/immobilier-22869420-vente-maison-101m-a-le-rheu-le-rheu,,,,,
Maison contemporaine de 2019 – 13 min de retiers / 4 min de la guerche-de-bretagne,https://www.etreproprio.com/immobilier-23552310-vente-maison-contemporaine-de-2019-13-min-de-retiers-4-min-de-la-guerche-de-bretagne-retiers,,,,,
Maison familiale,https://www.etreproprio.com/immobilier-23552318-vente-maison-familiale-retiers,,,,,
Maison à vendre 6 pièces retiers (35),https://www.etreproprio.com/immobilier-23529225-vente-maison-a-vendre-6-pieces-retiers-35-retiers,,,,,
Maison 137m² à retiers,https://www.etreproprio.com/immobilier-23478973-vente-maison-137m-a-retiers-retiers,,,,,
Vente maison retiers(35240) 239 200ï¿œ,https://www.etreproprio.com/immobilier-22010686-vente-vente-maison-retiers35240-239-200i-oe-retiers,,,,,
Maison 250m² à retiers,https://www.etreproprio.com/immobilier-21159624-vente-maison-250m-a-retiers-retiers,,,,,
Maison 125m² à retiers,https://www.etreproprio.com/immobilier-23409116-vente-maison-125m-a-retiers-retiers,,,,,
Maison 5 pièces 81m2,https://www.etreproprio.com/immobilier-21614314-vente-maison-5-pieces-81m2-retiers,,,,,
Maison 81m² à retiers,https://www.etreproprio.com/immobilier-21621531-vente-maison-81m-a-retiers-retiers,,,,,
Maison retiers 5 pièce(s) 96 m2,https://www.etreproprio.com/immobilier-22864285-vente-maison-retiers-5-pieces-96-m2-retiers,,,,,
Vente maison retiers(35240) 89 900ï¿œ,https://www.etreproprio.com/immobilier-22926798-vente-vente-maison-retiers35240-89-900i-oe-retiers,,,,,
Vente maison retiers(35240) 229 200ï¿œ,https://www.etreproprio.com/immobilier-22900463-vente-vente-maison-retiers35240-229-200i-oe-retiers,,,,,
Maison traditionnelle 6 pièces – 109 m² habitables – terrain de 415 m² – retiers,https://www.etreproprio.com/immobilier-22355397-vente-maison-traditionnelle-6-pieces-109-m-habitables-terrain-de-415-m-retiers-retiers,,,,,
Maison 74m² à retiers,https://www.etreproprio.com/immobilier-21543343-vente-maison-74m-a-retiers-retiers,,,,,
Maison 171m² à retiers,https://www.etreproprio.com/immobilier-22632699-vente-maison-171m-a-retiers-retiers,,,,,
Vente maison retiers(35240) 249 200ï¿œ,https://www.etreproprio.com/immobilier-22591498-vente-vente-maison-retiers35240-249-200i-oe-retiers,,,,,
Corps de ferme 220 m2 et dépendances,https://www.etreproprio.com/immobilier-22049625-vente-corps-de-ferme-220-m2-et-dependances-retiers,,,,,
Vente maison retiers(35240) 162 595ï¿œ,https://www.etreproprio.com/immobilier-20881851-vente-vente-maison-retiers35240-162-595i-oe-retiers,,,,,
Vente maison retiers(35240) 485 000ï¿œ,https://www.etreproprio.com/immobilier-22058645-vente-vente-maison-retiers35240-485-000i-oe-retiers,,,,,
Vente maison retiers(35240) 249 200ï¿œ,https://www.etreproprio.com/immobilier-21884645-vente-vente-maison-retiers35240-249-200i-oe-retiers,,,,,
Maison 48m² à rennes,https://www.etreproprio.com/immobilier-23816631-vente-maison-48m-a-rennes-rennes,,,,,
Maison de caractère avec jardin et piscine,https://www.etreproprio.com/immobilier-23824856-vente-maison-de-caractere-avec-jardin-et-piscine-rennes,,,,,
A vendre - groupe giboire - maison rennes,https://www.etreproprio.com/immobilier-23817183-vente-a-vendre-groupe-giboire-maison-rennes-rennes,,,,,
Maison 90m² à rennes,https://www.etreproprio.com/immobilier-22684071-vente-maison-90m-a-rennes-rennes,,,,,
Maison 100m² à rennes,https://www.etreproprio.com/immobilier-23816629-vente-maison-100m-a-rennes-rennes,,,,,
Maison 136m² à rennes,https://www.etreproprio.com/immobilier-23817170-vente-maison-136m-a-rennes-rennes,,,,,
Élégance intemporelle et confort moderne   une maison de caractère dans le quartier sacrés-coeurs à rennes,https://www.etreproprio.com/immobilier-23531676-vente-elegance-intemporelle-et-confort-moderne-une-maison-de-caractere-dans-le-quartier-sacres-coeurs-a-rennes-rennes,,,,,
Maison 100m² à rennes,https://www.etreproprio.com/immobilier-23816512-vente-maison-100m-a-rennes-rennes,,,,,
"Maison, 4 chambres, 142 m² , idéal chevaux, thorigné fouillard sur terrain de 11 929 m²",https://www.etreproprio.com/immobilier-23817247-vente-maison-4-chambres-142-m-ideal-chevaux-thorigne-fouillard-sur-terrain-de-11-929-m-rennes,,,,,
Immeuble à rénover centre-ville,https://www.etreproprio.com/immobilier-23819150-vente-immeuble-a-renover-centre-ville-rennes,,,,,
A vendre hötel particulier  rennes (35),https://www.etreproprio.com/immobilier-23814815-vente-a-vendre-hoetel-particulier-rennes-35-rennes,,,,,
A vendre - groupe giboire-maison rennes,https://www.etreproprio.com/immobilier-23817182-vente-a-vendre-groupe-giboire-maison-rennes-rennes,,,,,
Maison familiale spacieuse à rennes,https://www.etreproprio.com/immobilier-23825234-vente-maison-familiale-spacieuse-a-rennes-rennes,,,,,
Maison 191m² à rennes,https://www.etreproprio.com/immobilier-23807118-vente-maison-191m-a-rennes-rennes,,,,,
Maison - jeanne d'arc,https://www.etreproprio.com/immobilier-23809976-vente-maison-jeanne-d-arc-rennes,,,,,
Maison 153m² à rennes,https://www.etreproprio.com/immobilier-23811165-vente-maison-153m-a-rennes-rennes,,,,,
Maison 190m² à rennes,https://www.etreproprio.com/immobilier-23812390-vente-maison-190m-a-rennes-rennes,,,,,
Maison rennes - anatole france - nord saint-martin - 5 pièces - 120.27 m² carrez - 128.83m² au sol - sous-sol complet - jardin -,https://www.etreproprio.com/immobilier-23808901-vente-maison-rennes-anatole-france-nord-saint-martin-5-pieces-12027-m-carrez-12883m-au-sol-sous-sol-complet-jardin-rennes,,,,,
À vendre - agence giboire - maison rennes 7 pièces,https://www.etreproprio.com/immobilier-23519992-vente-a-vendre-agence-giboire-maison-rennes-7-pieces-rennes,,,,,
Maison 160m² à rennes,https://www.etreproprio.com/immobilier-15710996-vente-maison-160m-a-rennes-rennes,,,,,
Maison 80m² à le rheu,https://www.etreproprio.com/immobilier-23232841-vente-maison-80m-a-le-rheu-le-rheu,,,,,
Maison le rheu 6 pièces 163 m2,https://www.etreproprio.com/immobilier-23221284-vente-maison-le-rheu-6-pieces-163-m2-le-rheu,,,,,
Maison 163m² à le rheu,https://www.etreproprio.com/immobilier-22977680-vente-maison-163m-a-le-rheu-le-rheu,,,,,
Maison le rheu 7 pièces 130 m2,https://www.etreproprio.com/immobilier-23196749-vente-maison-le-rheu-7-pieces-130-m2-le-rheu,,,,,
Maison 92m² à le rheu,https://www.etreproprio.com/immobilier-23096493-vente-maison-92m-a-le-rheu-le-rheu,,,,,
Maison 114m² à le rheu,https://www.etreproprio.com/immobilier-22972779-vente-maison-114m-a-le-rheu-le-rheu,,,,,
Maison - le rheu centre - 5 pièces 92 m2 - 99 m² utiles sur 237 m² de terrain,https://www.etreproprio.com/immobilier-22893408-vente-maison-le-rheu-centre-5-pieces-92-m2-99-m-utiles-sur-237-m-de-terrain-le-rheu,,,,,
Maison le rheu 7 pièces 161 m2,https://www.etreproprio.com/immobilier-22872971-vente-maison-le-rheu-7-pieces-161-m2-le-rheu,,,,,
Manoir d'exception à le rheu - charme historique et opportun,https://www.etreproprio.com/immobilier-22727573-vente-manoir-d-exception-a-le-rheu-charme-historique-et-opportun-le-rheu,,,,,
"Exclusivité noovimo   à le rheu, proximité immédiate de renn",https://www.etreproprio.com/immobilier-22727572-vente-exclusivite-noovimo-a-le-rheu-proximite-immediate-de-renn-le-rheu,,,,,
Maison le rheu 9 pièces 246 m2,https://www.etreproprio.com/immobilier-22696896-vente-maison-le-rheu-9-pieces-246-m2-le-rheu,,,,,
Maison 246m² à le rheu,https://www.etreproprio.com/immobilier-22012665-vente-maison-246m-a-le-rheu-le-rheu,,,,,
Maison 187m² à le rheu,https://www.etreproprio.com/immobilier-22513254-vente-maison-187m-a-le-rheu-le-rheu,,,,,
Maison 9 pièces 190 m² - le rheu 35650,https://www.etreproprio.com/immobilier-22504876-vente-maison-9-pieces-190-m-le-rheu-35650-le-rheu,,,,,
Maison 5 pièces 106m² - le rheu 35650,https://www.etreproprio.com/immobilier-22504872-vente-maison-5-pieces-106m-le-rheu-35650-le-rheu,,,,,
Maison 6 pieces 146 m2 - le rheu 35650,https://www.etreproprio.com/immobilier-22504880-vente-maison-6-pieces-146-m2-le-rheu-35650-le-rheu,,,,,
Maison 6 pieces 149 m2 - le rheu 35650,https://www.etreproprio.com/immobilier-22504871-vente-maison-6-pieces-149-m2-le-rheu-35650-le-rheu,,,,,
Maison 5 pieces 65m² - le rheu 35650,https://www.etreproprio.com/immobilier-22504862-vente-maison-5-pieces-65m-le-rheu-35650-le-rheu,,,,,
Maison 8 pièces 148m² - le rheu 35650,https://www.etreproprio.com/immobilier-22504873-vente-maison-8-pieces-148m-le-rheu-35650-le-rheu,,,,,
Maison 400m² à le rheu,https://www.etreproprio.com/immobilier-22495391-vente-maison-400m-a-le-rheu-le-rheu,,,,,
Vente maison retiers(35240) 139 600ï¿œ,https://www.etreproprio.com/immobilier-21786557-vente-vente-maison-retiers35240-139-600i-oe-retiers,,,,,
Maison   4 chambres   près de 350 m2 de terrain   retiers,https://www.etreproprio.com/immobilier-21641952-vente-maison-4-chambres-pres-de-350-m2-de-terrain-retiers-retiers,,,,,
Vente maison retiers(35240) 126 600ï¿œ,https://www.etreproprio.com/immobilier-21543526-vente-vente-maison-retiers35240-126-600i-oe-retiers,,,,,
Vente maison retiers(35240) 231 000ï¿œ,https://www.etreproprio.com/immobilier-21424155-vente-vente-maison-retiers35240-231-000i-oe-retiers,,,,,
Vente maison retiers(35240) 194 100ï¿œ,https://www.etreproprio.com/immobilier-20619783-vente-vente-maison-retiers35240-194-100i-oe-retiers,,,,,
Vente maison retiers(35240) 89 900ï¿œ,https://www.etreproprio.com/immobilier-20177023-vente-vente-maison-retiers35240-89-900i-oe-retiers,,,,,
"Maison 86 m² - garage, dépendances - terrain 351 m²",https://www.etreproprio.com/immobilier-16459112-vente-maison-86-m-garage-dependances-terrain-351-m-retiers,,,,,
Maison 138m² à rennes,https://www.etreproprio.com/immobilier-23621849-vente-maison-138m-a-rennes-rennes,,,,,
Maison type 6 - thabor,https://www.etreproprio.com/immobilier-23348686-vente-maison-type-6-thabor-rennes,,,,,
"A vendre - agence giboire *co/exclusivite* maison spacieuse à vendre à rennes thabor - 6 pièces, 3 chambres",https://www.etreproprio.com/immobilier-23328059-vente-a-vendre-agence-giboire-coexclusivite-maison-spacieuse-a-vendre-a-rennes-thabor-6-pieces-3-chambres-rennes,,,,,
Maison 196m² à rennes,https://www.etreproprio.com/immobilier-23807317-vente-maison-196m-a-rennes-rennes,,,,,
Maison 148m² à rennes,https://www.etreproprio.com/immobilier-23801021-vente-maison-148m-a-rennes-rennes,,,,,
Maison à vendre -  groupe giboire - rennes thabor - 6 pièces avec jardin,https://www.etreproprio.com/immobilier-23187827-vente-maison-a-vendre-groupe-giboire-rennes-thabor-6-pieces-avec-jardin-rennes,,,,,
Maison années 1930 à rénover grand jardin garage / quartier clémenceau à 15 min de la gare,https://www.etreproprio.com/immobilier-22963392-vente-maison-annees-1930-a-renover-grand-jardin-garage-quartier-clemenceau-a-15-min-de-la-gare-rennes,,,,,
Maison 158m² à rennes,https://www.etreproprio.com/immobilier-23784596-vente-maison-158m-a-rennes-rennes,,,,,
Maison 95m² à rennes,https://www.etreproprio.com/immobilier-23779774-vente-maison-95m-a-rennes-rennes,,,,,
Maison 120m² à rennes,https://www.etreproprio.com/immobilier-23779781-vente-maison-120m-a-rennes-rennes,,,,,
Maison 167m² à rennes,https://www.etreproprio.com/immobilier-23779767-vente-maison-167m-a-rennes-rennes,,,,,
Maison - poterie,https://www.etreproprio.com/immobilier-23779307-vente-maison-poterie-rennes,,,,,
Maison 77m² à rennes,https://www.etreproprio.com/immobilier-23779775-vente-maison-77m-a-rennes-rennes,,,,,
Maison 73m² à rennes,https://www.etreproprio.com/immobilier-23772930-vente-maison-73m-a-rennes-rennes,,,,,
Maison 195m² à rennes,https://www.etreproprio.com/immobilier-23768170-vente-maison-195m-a-rennes-rennes,,,,,
Maison type 5 - maison trois chambres et jardin ouest - quartier sainte-thérèse - rennes,https://www.etreproprio.com/immobilier-23753460-vente-maison-type-5-maison-trois-chambres-et-jardin-ouest-quartier-sainte-therese-rennes-rennes,,,,,
Proche gare maison de 160 m2 avec jardin sans vis-à-vis,https://www.etreproprio.com/immobilier-23755591-vente-proche-gare-maison-de-160-m2-avec-jardin-sans-vis-a-vis-rennes,,,,,
Maison 271m² à rennes,https://www.etreproprio.com/immobilier-23315129-vente-maison-271m-a-rennes-rennes,,,,,
Maison rennes,https://www.etreproprio.com/immobilier-23755584-vente-maison-rennes-rennes,,,,,
Maison rennes 3 pièce(s) 58.32 m2,https://www.etreproprio.com/immobilier-23755236-vente-maison-rennes-3-pieces-5832-m2-rennes,,,,,
Maison 147m² à le rheu,https://www.etreproprio.com/immobilier-21564624-vente-maison-147m-a-le-rheu-le-rheu,,,,,
Maison 131m² à la richardais,https://www.etreproprio.com/immobilier-23850576-vente-maison-131m-a-la-richardais-la-richardais,,,,,
Maison familiale la richardais 4 chambres quartier calme proche de dinard,https://www.etreproprio.com/immobilier-22679065-vente-maison-familiale-la-richardais-4-chambres-quartier-calme-proche-de-dinard-la-richardais,,,,,
Maison 112m² à la richardais,https://www.etreproprio.com/immobilier-22639027-vente-maison-112m-a-la-richardais-la-richardais,,,,,
Maison 101m² à la richardais,https://www.etreproprio.com/immobilier-23703437-vente-maison-101m-a-la-richardais-la-richardais,,,,,
Maison la richardais 7 pièces 167 m2,https://www.etreproprio.com/immobilier-23485201-vente-maison-la-richardais-7-pieces-167-m2-la-richardais,,,,,
La richardais,https://www.etreproprio.com/immobilier-23466473-vente-la-richardais-la-richardais,,,,,
Maison 190m² à la richardais,https://www.etreproprio.com/immobilier-19397708-vente-maison-190m-a-la-richardais-la-richardais,,,,,
"La richardais, commerces à pied, maison de 103m² sur jardin clos de 419m², séjour cheminée, véranda, 3 chambres",https://www.etreproprio.com/immobilier-23426207-vente-la-richardais-commerces-a-pied-maison-de-103m-sur-jardin-clos-de-419m-sejour-cheminee-veranda-3-chambres-la-richardais,,,,,
Maison 109m² à la richardais,https://www.etreproprio.com/immobilier-23396565-vente-maison-109m-a-la-richardais-la-richardais,,,,,
Maison 190m² à la richardais,https://www.etreproprio.com/immobilier-23362841-vente-maison-190m-a-la-richardais-la-richardais,,,,,
Maison 107m² à la richardais,https://www.etreproprio.com/immobilier-23349771-vente-maison-107m-a-la-richardais-la-richardais,,,,,
Maison 85m² à la richardais,https://www.etreproprio.com/immobilier-23336175-vente-maison-85m-a-la-richardais-la-richardais,,,,,
A vendre maison contemporaine - plain pied - 150m² - 700m² de terrain - 35780 la richardais,https://www.etreproprio.com/immobilier-23270009-vente-a-vendre-maison-contemporaine-plain-pied-150m-700m-de-terrain-35780-la-richardais-la-richardais,,,,,
"Centre bourg spacieuse maison t5 neuve, garage, terrasse, jardin, belles prestations",https://www.etreproprio.com/immobilier-22103395-vente-centre-bourg-spacieuse-maison-t5-neuve-garage-terrasse-jardin-belles-prestations-la-richardais,,,,,
"Hyper centre ville lumineuse maison t4 neuve, garage, jardin, très belles prestations",https://www.etreproprio.com/immobilier-22103396-vente-hyper-centre-ville-lumineuse-maison-t4-neuve-garage-jardin-tres-belles-prestations-la-richardais,,,,,
A vendre maison ancienne la richardais 4 chambres 2 salle d'eau terrasse jardin et garage,https://www.etreproprio.com/immobilier-22310363-vente-a-vendre-maison-ancienne-la-richardais-4-chambres-2-salle-d-eau-terrasse-jardin-et-garage-la-richardais,,,,,
Maison 120m² à la richardais,https://www.etreproprio.com/immobilier-23240976-vente-maison-120m-a-la-richardais-la-richardais,,,,,
Maison 150m² à la richardais,https://www.etreproprio.com/immobilier-22765233-vente-maison-150m-a-la-richardais-la-richardais,,,,,
La richardais: maison parfait état à deux pas des commerces et de la rance,https://www.etreproprio.com/immobilier-23163152-vente-la-richardais-maison-parfait-etat-a-deux-pas-des-commerces-et-de-la-rance-la-richardais,,,,,
Maison 58m² à la richardais,https://www.etreproprio.com/immobilier-23077153-vente-maison-58m-a-la-richardais-la-richardais,,,,,
Maison 107m² à rimou,https://www.etreproprio.com/immobilier-23873014-vente-maison-107m-a-rimou-rimou,,,,,
Maison 51m² à rimou,https://www.etreproprio.com/immobilier-23745739-vente-maison-51m-a-rimou-rimou,,,,,
Maison à vendre 3/4 pièces (rimou) en bretagne - terrain de 1100 m²,https://www.etreproprio.com/immobilier-23552156-vente-maison-a-vendre-34-pieces-rimou-en-bretagne-terrain-de-1100-m-rimou,,,,,
Maison rennes fougeres 153 m²,https://www.etreproprio.com/immobilier-23755569-vente-maison-rennes-fougeres-153-m-rennes,,,,,
Thabor propriété de 180m²,https://www.etreproprio.com/immobilier-23755583-vente-thabor-propriete-de-180m-rennes,,,,,
Sainte thérèse maison rennes 7 pièce(s) 145 m2,https://www.etreproprio.com/immobilier-23755592-vente-sainte-therese-maison-rennes-7-pieces-145-m2-rennes,,,,,
Maison 128m² à rennes,https://www.etreproprio.com/immobilier-23750379-vente-maison-128m-a-rennes-rennes,,,,,
Rennes jeanne d 'arc  maison  5 pièces,https://www.etreproprio.com/immobilier-23755576-vente-rennes-jeanne-d-arc-maison-5-pieces-rennes,,,,,
Maison à rénover  - au calme d'une impasse rue de nantes,https://www.etreproprio.com/immobilier-23755184-vente-maison-a-renover-au-calme-d-une-impasse-rue-de-nantes-rennes,,,,,
Maison 120m² à rennes,https://www.etreproprio.com/immobilier-23757504-vente-maison-120m-a-rennes-rennes,,,,,
Maison rennes sacré coeurs,https://www.etreproprio.com/immobilier-23755189-vente-maison-rennes-sacre-coeurs-rennes,,,,,
Maison rennes 8 pièce(s) 195 m2,https://www.etreproprio.com/immobilier-23754867-vente-maison-rennes-8-pieces-195-m2-rennes,,,,,
Maison rennes 6 pièce(s) 110 m2,https://www.etreproprio.com/immobilier-23754869-vente-maison-rennes-6-pieces-110-m2-rennes,,,,,
Maison 114m² à rennes,https://www.etreproprio.com/immobilier-23756553-vente-maison-114m-a-rennes-rennes,,,,,
Maison rennes patton proche gayeulles 113 m²,https://www.etreproprio.com/immobilier-23755573-vente-maison-rennes-patton-proche-gayeulles-113-m-rennes,,,,,
Rennes saint helier -alphonse guerin maison 225 m²,https://www.etreproprio.com/immobilier-23755568-vente-rennes-saint-helier-alphonse-guerin-maison-225-m-rennes,,,,,
Maison rennes jeanne d'arc 5 pièces 128.24 m2,https://www.etreproprio.com/immobilier-23755590-vente-maison-rennes-jeanne-d-arc-5-pieces-12824-m2-rennes,,,,,
Maison 137m² à rennes,https://www.etreproprio.com/immobilier-23751066-vente-maison-137m-a-rennes-rennes,,,,,
Rennes thabor  maison  201 m²,https://www.etreproprio.com/immobilier-23755587-vente-rennes-thabor-maison-201-m-rennes,,,,,
"Maison année 30 avec hangar, magasin et jardin",https://www.etreproprio.com/immobilier-23755252-vente-maison-annee-30-avec-hangar-magasin-et-jardin-rennes,,,,,
"Maison de ville avec jardin, garage et annexe",https://www.etreproprio.com/immobilier-23737648-vente-maison-de-ville-avec-jardin-garage-et-annexe-rennes,,,,,
Sous offre - maison familiale + terrain contructible  - rennes thabor - maison renovee prestations haut de gam,https://www.etreproprio.com/immobilier-23737884-vente-sous-offre-maison-familiale-terrain-contructible-rennes-thabor-maison-renovee-prestations-haut-de-gam-rennes,,,,,
Maison rennes de 140 m2 fac - fougeres,https://www.etreproprio.com/immobilier-23726825-vente-maison-rennes-de-140-m2-fac-fougeres-rennes,,,,,
Dinard maison avec beau jardin sud ouest en vente à dinard,https://www.etreproprio.com/immobilier-22445566-vente-dinard-maison-avec-beau-jardin-sud-ouest-en-vente-a-dinard-la-richardais,,,,,
Belle maison contemporaine proche du centre de la richardais 4 chambres dont une chambre et salle d'eau au rez-de-chaussée,https://www.etreproprio.com/immobilier-22469466-vente-belle-maison-contemporaine-proche-du-centre-de-la-richardais-4-chambres-dont-une-chambre-et-salle-d-eau-au-rez-de-chaussee-la-richardais,,,,,
Maison 82m² à la richardais,https://www.etreproprio.com/immobilier-20939234-vente-maison-82m-a-la-richardais-la-richardais,,,,,
Maison romagne 8 pièce(s) 326 m2,https://www.etreproprio.com/immobilier-23909875-vente-maison-romagne-8-pieces-326-m2-romagne,,,,,
Maison romagne 6 pièce(s) 225 m2,https://www.etreproprio.com/immobilier-23909874-vente-maison-romagne-6-pieces-225-m2-romagne,,,,,
A vendre longère romagne,https://www.etreproprio.com/immobilier-22999690-vente-a-vendre-longere-romagne-romagne,,,,,
Maison 67m² à romagne,https://www.etreproprio.com/immobilier-23756124-vente-maison-67m-a-romagne-romagne,,,,,
Maison 111m² à romagne,https://www.etreproprio.com/immobilier-23726396-vente-maison-111m-a-romagne-romagne,,,,,
Maison romagne  5 pièce(s) 92m2,https://www.etreproprio.com/immobilier-23638793-vente-maison-romagne-5-pieces-92m2-romagne,,,,,
Maison individuelle,https://www.etreproprio.com/immobilier-22875960-vente-maison-individuelle-romagne,,,,,
Maison 2 pièces 48 m2,https://www.etreproprio.com/immobilier-22165679-vente-maison-2-pieces-48-m2-romagne,,,,,
"Maison entièrement rénovée à romagne, proche lecousse et fougères",https://www.etreproprio.com/immobilier-21726726-vente-maison-entierement-renovee-a-romagne-proche-lecousse-et-fougeres-romagne,,,,,
Tres belle longère rénovée à romagne (35133),https://www.etreproprio.com/immobilier-19404892-vente-tres-belle-longere-renovee-a-romagne-35133-romagne,,,,,
Maison 224m² à rennes,https://www.etreproprio.com/immobilier-22605897-vente-maison-224m-a-rennes-rennes,,,,,
Maison 67m² à rennes,https://www.etreproprio.com/immobilier-23724964-vente-maison-67m-a-rennes-rennes,,,,,
Maison rennes 6 pièce(s) 98 m2,https://www.etreproprio.com/immobilier-23720503-vente-maison-rennes-6-pieces-98-m2-rennes,,,,,
A vendre - agence giboire - maison rennes des années 30 - sacrés-coeurs gare,https://www.etreproprio.com/immobilier-23710202-vente-a-vendre-agence-giboire-maison-rennes-des-annees-30-sacres-coeurs-gare-rennes,,,,,
Maison rennes 6 pièce(s) 133 m2 - ste thérèse,https://www.etreproprio.com/immobilier-23709680-vente-maison-rennes-6-pieces-133-m2-ste-therese-rennes,,,,,
Maison d'exception,https://www.etreproprio.com/immobilier-23712461-vente-maison-d-exception-rennes,,,,,
Maison 51m² à rennes,https://www.etreproprio.com/immobilier-23702883-vente-maison-51m-a-rennes-rennes,,,,,
Maison 112m² à rennes,https://www.etreproprio.com/immobilier-23535375-vente-maison-112m-a-rennes-rennes,,,,,
Maison rennes 6 pièce(s) 180 m2,https://www.etreproprio.com/immobilier-23617423-vente-maison-rennes-6-pieces-180-m2-rennes,,,,,
Maison rénovée/studio/piscine,https://www.etreproprio.com/immobilier-23705823-vente-maison-renoveestudiopiscine-rennes,,,,,
Maison 143m² à rennes,https://www.etreproprio.com/immobilier-23371605-vente-maison-143m-a-rennes-rennes,,,,,
"Maison de type 6 à vendre, rennes les gayeulles",https://www.etreproprio.com/immobilier-23687695-vente-maison-de-type-6-a-vendre-rennes-les-gayeulles-rennes,,,,,
Maison 148m² à rennes,https://www.etreproprio.com/immobilier-23688372-vente-maison-148m-a-rennes-rennes,,,,,
Maison type 7 - 163 m² - thabor sévigné,https://www.etreproprio.com/immobilier-23587553-vente-maison-type-7-163-m-thabor-sevigne-rennes,,,,,
Maison 117m² à rennes,https://www.etreproprio.com/immobilier-21515320-vente-maison-117m-a-rennes-rennes,,,,,
Maison de maître en parfait état,https://www.etreproprio.com/immobilier-23682534-vente-maison-de-maitre-en-parfait-etat-rennes,,,,,
Maison 155m² à rennes,https://www.etreproprio.com/immobilier-23679230-vente-maison-155m-a-rennes-rennes,,,,,
Maison 101m² à rennes,https://www.etreproprio.com/immobilier-23666886-vente-maison-101m-a-rennes-rennes,,,,,
"A vendre - agence giboire -maison à vendre à rennes - 4 pièces, 3 chambres, jardin",https://www.etreproprio.com/immobilier-23655015-vente-a-vendre-agence-giboire-maison-a-vendre-a-rennes-4-pieces-3-chambres-jardin-rennes,,,,,
Maison 102m² à rennes,https://www.etreproprio.com/immobilier-23520604-vente-maison-102m-a-rennes-rennes,,,,,
Maison 135m² à romazy,https://www.etreproprio.com/immobilier-23220924-vente-maison-135m-a-romazy-romazy,,,,,
Maison 128m² à rennes,https://www.etreproprio.com/immobilier-23649443-vente-maison-128m-a-rennes-rennes,,,,,
Maison type 7 - maison quatre chambres et garage - carrefour des quatre banques - rennes,https://www.etreproprio.com/immobilier-23648387-vente-maison-type-7-maison-quatre-chambres-et-garage-carrefour-des-quatre-banques-rennes-rennes,,,,,
A vendre - agence giboire- maison rennes 5 pièce(s) 100 m2,https://www.etreproprio.com/immobilier-23328058-vente-a-vendre-agence-giboire-maison-rennes-5-pieces-100-m2-rennes,,,,,
Maison 45m² à rennes,https://www.etreproprio.com/immobilier-23155789-vente-maison-45m-a-rennes-rennes,,,,,
Maison 220m² à rennes,https://www.etreproprio.com/immobilier-23640707-vente-maison-220m-a-rennes-rennes,,,,,
Rennes fougères - belle maison de maître et son parc de 900m²,https://www.etreproprio.com/immobilier-23631351-vente-rennes-fougeres-belle-maison-de-maitre-et-son-parc-de-900m-rennes,,,,,
Rennes nord - maison fort potentiel avec jardin - 3 chambres - rue de st malo,https://www.etreproprio.com/immobilier-21626293-vente-rennes-nord-maison-fort-potentiel-avec-jardin-3-chambres-rue-de-st-malo-rennes,,,,,
Rennes sud gare - saint yves - maison de 5 chambres et son grand jardin sud,https://www.etreproprio.com/immobilier-23631360-vente-rennes-sud-gare-saint-yves-maison-de-5-chambres-et-son-grand-jardin-sud-rennes,,,,,
Rennes poterie - maison familiale et son jardin sans vis-à-vis,https://www.etreproprio.com/immobilier-23631366-vente-rennes-poterie-maison-familiale-et-son-jardin-sans-vis-a-vis-rennes,,,,,
Rennes - secteur rue de vern - maison familiale de 153m²,https://www.etreproprio.com/immobilier-23631357-vente-rennes-secteur-rue-de-vern-maison-familiale-de-153m-rennes,,,,,
Rennes hyper centre - hôtel particulier xixème et son jardin,https://www.etreproprio.com/immobilier-23631359-vente-rennes-hyper-centre-hotel-particulier-xixeme-et-son-jardin-rennes,,,,,
"À vendre   maison familiale à rennes, quartier des gayeulles",https://www.etreproprio.com/immobilier-23625116-vente-a-vendre-maison-familiale-a-rennes-quartier-des-gayeulles-rennes,,,,,
Rennes - rue armand rebillon,https://www.etreproprio.com/immobilier-23623366-vente-rennes-rue-armand-rebillon-rennes,,,,,
"Maison & jardin au calme, en impasse, expo sud, quartier saint yves, à rénover !",https://www.etreproprio.com/immobilier-23606691-vente-maison-jardin-au-calme-en-impasse-expo-sud-quartier-saint-yves-a-renover-rennes,,,,,
Maison 103m² à rennes,https://www.etreproprio.com/immobilier-23601680-vente-maison-103m-a-rennes-rennes,,,,,
Maison 84m² à rennes,https://www.etreproprio.com/immobilier-23592135-vente-maison-84m-a-rennes-rennes,,,,,
Maison 3 pièces 60 m2,https://www.etreproprio.com/immobilier-23584053-vente-maison-3-pieces-60-m2-rennes,,,,,
Maison 114m² à rennes,https://www.etreproprio.com/immobilier-23580886-vente-maison-114m-a-rennes-rennes,,,,,
Belle maison des annees 30 de 162 m2  à vendre sur rennes,https://www.etreproprio.com/immobilier-23576664-vente-belle-maison-des-annees-30-de-162-m2-a-vendre-sur-rennes-rennes,,,,,
Maison 138m² à rennes,https://www.etreproprio.com/immobilier-22436248-vente-maison-138m-a-rennes-rennes,,,,,
"Romillé, véritable plain-pied coup de coeur  !",https://www.etreproprio.com/immobilier-23672231-vente-romille-veritable-plain-pied-coup-de-coeur-romille,,,,,
Maison 129m² à romille,https://www.etreproprio.com/immobilier-23606327-vente-maison-129m-a-romille-romille,,,,,
Maison t6 - romille centre -,https://www.etreproprio.com/immobilier-23546232-vente-maison-t6-romille-centre-romille,,,,,
Maison 133m² à romille,https://www.etreproprio.com/immobilier-22730829-vente-maison-133m-a-romille-romille,,,,,
Maison 210m² à roz-landrieux,https://www.etreproprio.com/immobilier-23850575-vente-maison-210m-a-roz-landrieux-roz-landrieux,,,,,
Maison à rénover -75 m2 - roz landrieux 35120,https://www.etreproprio.com/immobilier-23787143-vente-maison-a-renover-75-m2-roz-landrieux-35120-roz-landrieux,,,,,
Maison en pierres à rénover - 90 m2 - roz landrieux,https://www.etreproprio.com/immobilier-23787141-vente-maison-en-pierres-a-renover-90-m2-roz-landrieux-roz-landrieux,,,,,
Maison bretonne à la campagne,https://www.etreproprio.com/immobilier-22970573-vente-maison-bretonne-a-la-campagne-roz-landrieux,,,,,
Roz-landrieux,https://www.etreproprio.com/immobilier-22861893-vente-roz-landrieux-roz-landrieux,,,,,
Roz-landrieux,https://www.etreproprio.com/immobilier-22861892-vente-roz-landrieux-roz-landrieux,,,,,
A vendre - maison de maitre - roz landrieux - piscine,https://www.etreproprio.com/immobilier-22210191-vente-a-vendre-maison-de-maitre-roz-landrieux-piscine-roz-landrieux,,,,,
Ensemble immobilier - roz landrieux,https://www.etreproprio.com/immobilier-21573112-vente-ensemble-immobilier-roz-landrieux-roz-landrieux,,,,,
Maison - à rénover - à vendre - rennes quartier cleunay,https://www.etreproprio.com/immobilier-22515716-vente-maison-a-renover-a-vendre-rennes-quartier-cleunay-rennes,,,,,
Maison 170m² à rennes,https://www.etreproprio.com/immobilier-22740665-vente-maison-170m-a-rennes-rennes,,,,,
Rennes la madeleine / mauconseil - maison - 96 m²,https://www.etreproprio.com/immobilier-23567375-vente-rennes-la-madeleine-mauconseil-maison-96-m-rennes,,,,,
Maison 232m² à rennes,https://www.etreproprio.com/immobilier-23555269-vente-maison-232m-a-rennes-rennes,,,,,
Maison 118m² à rennes,https://www.etreproprio.com/immobilier-23240222-vente-maison-118m-a-rennes-rennes,,,,,
"Maison de type 5 à vendre, rennes les gayeulles",https://www.etreproprio.com/immobilier-23556567-vente-maison-de-type-5-a-vendre-rennes-les-gayeulles-rennes,,,,,
Maison sud gare,https://www.etreproprio.com/immobilier-23554774-vente-maison-sud-gare-rennes,,,,,
Maison de 2018 d'architecte proche rue de nantes,https://www.etreproprio.com/immobilier-23561211-vente-maison-de-2018-d-architecte-proche-rue-de-nantes-rennes,,,,,
Maison 118m² à rennes,https://www.etreproprio.com/immobilier-23256414-vente-maison-118m-a-rennes-rennes,,,,,
35890 laillé - longère + grange - 6 pièces  - 169 m2,https://www.etreproprio.com/immobilier-23562585-vente-35890-laille-longere-grange-6-pieces-169-m2-rennes,,,,,
"Superbe maison 7 pièces quartier thabor 182,5 m2 + jardin",https://www.etreproprio.com/immobilier-23547146-vente-superbe-maison-7-pieces-quartier-thabor-1825-m2-jardin-rennes,,,,,
Rennes poterie,https://www.etreproprio.com/immobilier-23549914-vente-rennes-poterie-rennes,,,,,
Maison 112m² à rennes,https://www.etreproprio.com/immobilier-23541687-vente-maison-112m-a-rennes-rennes,,,,,
Maison 106m² à rennes,https://www.etreproprio.com/immobilier-23541662-vente-maison-106m-a-rennes-rennes,,,,,
Maison 83m² à rennes,https://www.etreproprio.com/immobilier-23541685-vente-maison-83m-a-rennes-rennes,,,,,
Maison 79m² à rennes,https://www.etreproprio.com/immobilier-23531432-vente-maison-79m-a-rennes-rennes,,,,,
"Maison à vendre 7 pièces rennes st helier (35) s/sol, non mitoyenne",https://www.etreproprio.com/immobilier-23518463-vente-maison-a-vendre-7-pieces-rennes-st-helier-35-ssol-non-mitoyenne-rennes,,,,,
Maison 157m² à rennes,https://www.etreproprio.com/immobilier-23510084-vente-maison-157m-a-rennes-rennes,,,,,
A 15 min de rennes sur la commune d'orgeres : superbe maison de 330m² habitables (353 m² sol) sur terrain clos et paysagé de 210,https://www.etreproprio.com/immobilier-23512508-vente-a-15-min-de-rennes-sur-la-commune-d-orgeres-superbe-maison-de-330m-habitables-353-m-sol-sur-terrain-clos-et-paysage-de-210-rennes,,,,,
Maison 96m² à rennes,https://www.etreproprio.com/immobilier-23514568-vente-maison-96m-a-rennes-rennes,,,,,
Maison 126m² à roz-sur-couesnon,https://www.etreproprio.com/immobilier-23893545-vente-maison-126m-a-roz-sur-couesnon-roz-sur-couesnon,,,,,
Roz sur couesnon en campagne,https://www.etreproprio.com/immobilier-23895465-vente-roz-sur-couesnon-en-campagne-roz-sur-couesnon,,,,,
Maison 107m² à roz-sur-couesnon,https://www.etreproprio.com/immobilier-23621361-vente-maison-107m-a-roz-sur-couesnon-roz-sur-couesnon,,,,,
Maison de plain-pied à vendre 4 pièces (35) à roz sur couesnon + terrain à bâtir en baie du mont saint michel,https://www.etreproprio.com/immobilier-23877075-vente-maison-de-plain-pied-a-vendre-4-pieces-35-a-roz-sur-couesnon-terrain-a-batir-en-baie-du-mont-saint-michel-roz-sur-couesnon,,,,,
Maison à vendre 5 pièces à roz sur couesnon (35) en baie du mont saint michel,https://www.etreproprio.com/immobilier-23494819-vente-maison-a-vendre-5-pieces-a-roz-sur-couesnon-35-en-baie-du-mont-saint-michel-roz-sur-couesnon,,,,,
Maison 128m² entièrement rénovée,https://www.etreproprio.com/immobilier-23748884-vente-maison-128m-entierement-renovee-roz-sur-couesnon,,,,,
Maison 165m² à roz-sur-couesnon,https://www.etreproprio.com/immobilier-23620427-vente-maison-165m-a-roz-sur-couesnon-roz-sur-couesnon,,,,,
Deux maisons à vendre 7 pièces (35) en bretagne dans la baie du mont saint michel,https://www.etreproprio.com/immobilier-22185580-vente-deux-maisons-a-vendre-7-pieces-35-en-bretagne-dans-la-baie-du-mont-saint-michel-roz-sur-couesnon,,,,,
Maison à vendre 6 pièces (35) à roz sur couesnon en bretagne dans la baie du mont saint michel,https://www.etreproprio.com/immobilier-23518479-vente-maison-a-vendre-6-pieces-35-a-roz-sur-couesnon-en-bretagne-dans-la-baie-du-mont-saint-michel-roz-sur-couesnon,,,,,
Maison à vendre 4 pièces à roz sur couesnon (35) en baie du mont saint michel,https://www.etreproprio.com/immobilier-23416428-vente-maison-a-vendre-4-pieces-a-roz-sur-couesnon-35-en-baie-du-mont-saint-michel-roz-sur-couesnon,,,,,
Maison roz sur couesnon 5 pièce(s) 144 m2,https://www.etreproprio.com/immobilier-23385766-vente-maison-roz-sur-couesnon-5-pieces-144-m2-roz-sur-couesnon,,,,,
Roz  sur couesnon,https://www.etreproprio.com/immobilier-22705197-vente-roz-sur-couesnon-roz-sur-couesnon,,,,,
Maison familiale de 2009 avec jardin de 2 100 m²,https://www.etreproprio.com/immobilier-23369471-vente-maison-familiale-de-2009-avec-jardin-de-2-100-m-roz-sur-couesnon,,,,,
A vendre - propriete des polders - roz sur couesnon,https://www.etreproprio.com/immobilier-21731676-vente-a-vendre-propriete-des-polders-roz-sur-couesnon-roz-sur-couesnon,,,,,
"Roz-sur-couesnon, centre bourg,  - ensemble immo avec chambres d'hôtes et gîtes - 430 m2 hab.",https://www.etreproprio.com/immobilier-23173204-vente-roz-sur-couesnon-centre-bourg-ensemble-immo-avec-chambres-d-hotes-et-gites-430-m2-hab-roz-sur-couesnon,,,,,
Roz sur couesnon - maison de bourg en pierre 177 m2 - 5 chambres - avec courette et garage.,https://www.etreproprio.com/immobilier-22206750-vente-roz-sur-couesnon-maison-de-bourg-en-pierre-177-m2-5-chambres-avec-courette-et-garage-roz-sur-couesnon,,,,,
Maison de plain-pied avec double garage à vendre à roz sur couesnon (35) en baie du mont saint michel,https://www.etreproprio.com/immobilier-23053431-vente-maison-de-plain-pied-avec-double-garage-a-vendre-a-roz-sur-couesnon-35-en-baie-du-mont-saint-michel-roz-sur-couesnon,,,,,
Maison 150m² à roz-sur-couesnon,https://www.etreproprio.com/immobilier-23040049-vente-maison-150m-a-roz-sur-couesnon-roz-sur-couesnon,,,,,
Roz sur couesnon,https://www.etreproprio.com/immobilier-23038023-vente-roz-sur-couesnon-roz-sur-couesnon,,,,,
Roz sur couesnon - exclusivite,https://www.etreproprio.com/immobilier-22606051-vente-roz-sur-couesnon-exclusivite-roz-sur-couesnon,,,,,
Maison 448m² à sains,https://www.etreproprio.com/immobilier-23772932-vente-maison-448m-a-sains-sains,,,,,
Maison à vendre sains 2 pièces 86m²,https://www.etreproprio.com/immobilier-23500432-vente-maison-a-vendre-sains-2-pieces-86m-sains,,,,,
"Longère rénovée de 184 m² t7 - 4 chambres - terrain 2489 m², près de dol de bretagne",https://www.etreproprio.com/immobilier-23414881-vente-longere-renovee-de-184-m-t7-4-chambres-terrain-2489-m-pres-de-dol-de-bretagne-sains,,,,,
"Maison à vendre en bretagne avec 5/6 chambres, jardin et garage (baie du mont saint michel)",https://www.etreproprio.com/immobilier-23252479-vente-maison-a-vendre-en-bretagne-avec-56-chambres-jardin-et-garage-baie-du-mont-saint-michel-sains,,,,,
Sains - exclusivité,https://www.etreproprio.com/immobilier-22285753-vente-sains-exclusivite-sains,,,,,
Baie du mont-saint-michel - propriété en pierre 160 m2 sur terrain 1.030 m2 avec dépendances.,https://www.etreproprio.com/immobilier-21840810-vente-baie-du-mont-saint-michel-propriete-en-pierre-160-m2-sur-terrain-1030-m2-avec-dependances-sains,,,,,
Maison 121m² à rennes,https://www.etreproprio.com/immobilier-23207076-vente-maison-121m-a-rennes-rennes,,,,,
Maison 68m² à rennes,https://www.etreproprio.com/immobilier-23497610-vente-maison-68m-a-rennes-rennes,,,,,
Sous compromis de vente ! maison type 4 - maison avec travaux - quartier rapatel - rennes,https://www.etreproprio.com/immobilier-23498664-vente-sous-compromis-de-vente-maison-type-4-maison-avec-travaux-quartier-rapatel-rennes-rennes,,,,,
Maison rennes clémenceau,https://www.etreproprio.com/immobilier-23489864-vente-maison-rennes-clemenceau-rennes,,,,,
Rennes maison de 2019 de 130 m2 avec garage et terrain sud aux pieds du métro !,https://www.etreproprio.com/immobilier-23489084-vente-rennes-maison-de-2019-de-130-m2-avec-garage-et-terrain-sud-aux-pieds-du-metro-rennes,,,,,
Maison de ville quartier jeanne d'arc,https://www.etreproprio.com/immobilier-23492677-vente-maison-de-ville-quartier-jeanne-d-arc-rennes,,,,,
Maison 241m² à rennes,https://www.etreproprio.com/immobilier-23305712-vente-maison-241m-a-rennes-rennes,,,,,
Maison ancienne restaurée à rennes,https://www.etreproprio.com/immobilier-23477893-vente-maison-ancienne-restauree-a-rennes-rennes,,,,,
Maison en pierre des années 30 arsenal-redon,https://www.etreproprio.com/immobilier-23478145-vente-maison-en-pierre-des-annees-30-arsenal-redon-rennes,,,,,
Maison - sacré-coeur,https://www.etreproprio.com/immobilier-23471082-vente-maison-sacre-coeur-rennes,,,,,
Maison rennes 92.23 m2,https://www.etreproprio.com/immobilier-23278709-vente-maison-rennes-9223-m2-rennes,,,,,
A vendre - agence giboire - maison rennes 6 pièce(s) 110 m2,https://www.etreproprio.com/immobilier-23456678-vente-a-vendre-agence-giboire-maison-rennes-6-pieces-110-m2-rennes,,,,,
Maison traditionnelle de 145 m² à chantepie,https://www.etreproprio.com/immobilier-23464598-vente-maison-traditionnelle-de-145-m-a-chantepie-rennes,,,,,
Maison 80m² à rennes,https://www.etreproprio.com/immobilier-23456119-vente-maison-80m-a-rennes-rennes,,,,,
Maison d'architecte avec piscine arsenal-redon,https://www.etreproprio.com/immobilier-23457755-vente-maison-d-architecte-avec-piscine-arsenal-redon-rennes,,,,,
Maison 120m² à rennes,https://www.etreproprio.com/immobilier-23456143-vente-maison-120m-a-rennes-rennes,,,,,
Maison rennes 4 pièce(s) 93 m2,https://www.etreproprio.com/immobilier-23456183-vente-maison-rennes-4-pieces-93-m2-rennes,,,,,
Maison 112m² à rennes,https://www.etreproprio.com/immobilier-23448058-vente-maison-112m-a-rennes-rennes,,,,,
Maison 165m² à rennes,https://www.etreproprio.com/immobilier-23442289-vente-maison-165m-a-rennes-rennes,,,,,
Maison 117m² à rennes,https://www.etreproprio.com/immobilier-23448106-vente-maison-117m-a-rennes-rennes,,,,,
Maison 147m² à roz-sur-couesnon,https://www.etreproprio.com/immobilier-22604739-vente-maison-147m-a-roz-sur-couesnon-roz-sur-couesnon,,,,,
Roz sur couesnon,https://www.etreproprio.com/immobilier-22494591-vente-roz-sur-couesnon-roz-sur-couesnon,,,,,
Roz sur couesnon - exclusivité,https://www.etreproprio.com/immobilier-20647141-vente-roz-sur-couesnon-exclusivite-roz-sur-couesnon,,,,,
Maison 140m² à sainte-anne-sur-vilaine,https://www.etreproprio.com/immobilier-23810767-vente-maison-140m-a-sainte-anne-sur-vilaine-sainte-anne-sur-vilaine,,,,,
"Maison de caractère rénovée avec goût   188 m2 habitables, terrain paysagé, piscine, à proximité des commodité",https://www.etreproprio.com/immobilier-23686714-vente-maison-de-caractere-renovee-avec-gout-188-m2-habitables-terrain-paysage-piscine-a-proximite-des-commodite-sainte-anne-sur-vilaine,,,,,
Maison 56m² à sainte-anne-sur-vilaine,https://www.etreproprio.com/immobilier-23497245-vente-maison-56m-a-sainte-anne-sur-vilaine-sainte-anne-sur-vilaine,,,,,
Maison sainte anne sur vilaine 8 pièce(s) 240 m2,https://www.etreproprio.com/immobilier-23478358-vente-maison-sainte-anne-sur-vilaine-8-pieces-240-m2-sainte-anne-sur-vilaine,,,,,
Maison en pierres de 150m² - 6 pièces - 4 chambres - sainte-anne-sur-vilaine,https://www.etreproprio.com/immobilier-23146217-vente-maison-en-pierres-de-150m-6-pieces-4-chambres-sainte-anne-sur-vilaine-sainte-anne-sur-vilaine,,,,,
Maison sainte anne sur vilaine 10 pièces - 250 m2,https://www.etreproprio.com/immobilier-21802635-vente-maison-sainte-anne-sur-vilaine-10-pieces-250-m2-sainte-anne-sur-vilaine,,,,,
Maison 127m² à rennes,https://www.etreproprio.com/immobilier-23448105-vente-maison-127m-a-rennes-rennes,,,,,
Maison 4 pièces 104 m2 - rennes villejean,https://www.etreproprio.com/immobilier-23440571-vente-maison-4-pieces-104-m2-rennes-villejean-rennes,,,,,
Maison neuve + garage + jardin,https://www.etreproprio.com/immobilier-23076740-vente-maison-neuve-garage-jardin-rennes,,,,,
Maison de 113 m² à rennes - quartier rennes nord,https://www.etreproprio.com/immobilier-23427575-vente-maison-de-113-m-a-rennes-quartier-rennes-nord-rennes,,,,,
Maison 148m² à rennes,https://www.etreproprio.com/immobilier-23413607-vente-maison-148m-a-rennes-rennes,,,,,
Maison à vendre - thabor sévigné,https://www.etreproprio.com/immobilier-23413299-vente-maison-a-vendre-thabor-sevigne-rennes,,,,,
"Maison de maitre 5 chambres  jardin plein sud, spa de nage et dépendance -rennes fougères",https://www.etreproprio.com/immobilier-22499044-vente-maison-de-maitre-5-chambres-jardin-plein-sud-spa-de-nage-et-dependance-rennes-fougeres-rennes,,,,,
Maison 187m² à rennes,https://www.etreproprio.com/immobilier-23409272-vente-maison-187m-a-rennes-rennes,,,,,
"À vendre - groupe giboire - maison à vendre à rennes maurepas - 6 pièces, jardin et garage",https://www.etreproprio.com/immobilier-23399218-vente-a-vendre-groupe-giboire-maison-a-vendre-a-rennes-maurepas-6-pieces-jardin-et-garage-rennes,,,,,
Maison 169m² à rennes,https://www.etreproprio.com/immobilier-22028505-vente-maison-169m-a-rennes-rennes,,,,,
Maison 118m² à rennes,https://www.etreproprio.com/immobilier-22936817-vente-maison-118m-a-rennes-rennes,,,,,
Un équilibre contemporain en cœur de ville,https://www.etreproprio.com/immobilier-23392405-vente-un-equilibre-contemporain-en-coeur-de-ville-rennes,,,,,
À vendre - agence giboire - maison rennes 137.79 m²,https://www.etreproprio.com/immobilier-22458800-vente-a-vendre-agence-giboire-maison-rennes-13779-m-rennes,,,,,
À vendre - agence giboire - maison - rennes,https://www.etreproprio.com/immobilier-21855148-vente-a-vendre-agence-giboire-maison-rennes-rennes,,,,,
Maison type 8 - maison familiale avec jardin ouest  - quartier landry - rennes,https://www.etreproprio.com/immobilier-22763748-vente-maison-type-8-maison-familiale-avec-jardin-ouest-quartier-landry-rennes-rennes,,,,,
Maison 162m² à rennes,https://www.etreproprio.com/immobilier-23364326-vente-maison-162m-a-rennes-rennes,,,,,
Maison 167m² à rennes,https://www.etreproprio.com/immobilier-23355790-vente-maison-167m-a-rennes-rennes,,,,,
Maison - patton / saint-laurent,https://www.etreproprio.com/immobilier-23358976-vente-maison-patton-saint-laurent-rennes,,,,,
Sous compromis de vente ! maison type 4 - proche transports et commerces - quartier sainte-thérèse - rennes,https://www.etreproprio.com/immobilier-23357593-vente-sous-compromis-de-vente-maison-type-4-proche-transports-et-commerces-quartier-sainte-therese-rennes-rennes,,,,,
Sous compromis de vente ! maison type 4 - potentiel d'agrandissement - sainte-thérèse - rennes,https://www.etreproprio.com/immobilier-23357595-vente-sous-compromis-de-vente-maison-type-4-potentiel-d-agrandissement-sainte-therese-rennes-rennes,,,,,
Maison 119m² à saint-armel,https://www.etreproprio.com/immobilier-23745809-vente-maison-119m-a-saint-armel-saint-armel,,,,,
Maison entièrement  à renover,https://www.etreproprio.com/immobilier-23727713-vente-maison-entierement-a-renover-saint-armel,,,,,
Maison à renover,https://www.etreproprio.com/immobilier-23727711-vente-maison-a-renover-saint-armel,,,,,
Maison st armel 6 piéce(s)110 m2,https://www.etreproprio.com/immobilier-23712150-vente-maison-st-armel-6-pieces110-m2-saint-armel,,,,,
Maison de plain-pied 3 chambres de 95m2,https://www.etreproprio.com/immobilier-23624893-vente-maison-de-plain-pied-3-chambres-de-95m2-saint-armel,,,,,
"Nouvelle maison de type 5 de 83 m2 (90 m2 au sol) avec 3 chambres, garage et jardin",https://www.etreproprio.com/immobilier-23563289-vente-nouvelle-maison-de-type-5-de-83-m2-90-m2-au-sol-avec-3-chambres-garage-et-jardin-saint-armel,,,,,
Maison 109m² à saint-armel,https://www.etreproprio.com/immobilier-23514845-vente-maison-109m-a-saint-armel-saint-armel,,,,,
Maison à vendre 7 pièces saint armel (35),https://www.etreproprio.com/immobilier-23507874-vente-maison-a-vendre-7-pieces-saint-armel-35-saint-armel,,,,,
Contemporaine de type 6 en très bon état sur terrain clos de 350 m2.,https://www.etreproprio.com/immobilier-22783963-vente-contemporaine-de-type-6-en-tres-bon-etat-sur-terrain-clos-de-350-m2-saint-armel,,,,,
Maison de centre bourg à rénover,https://www.etreproprio.com/immobilier-23271906-vente-maison-de-centre-bourg-a-renover-saint-armel,,,,,
A vendre - agence giboire - maison 6 chambres - saint-armel,https://www.etreproprio.com/immobilier-23256772-vente-a-vendre-agence-giboire-maison-6-chambres-saint-armel-saint-armel,,,,,
Maison 146m² à saint-armel,https://www.etreproprio.com/immobilier-23222353-vente-maison-146m-a-saint-armel-saint-armel,,,,,
Achat / vente maison d'architect,https://www.etreproprio.com/immobilier-22119918-vente-achat-vente-maison-d-architect-saint-armel,,,,,
Maison 110m² à saint-armel,https://www.etreproprio.com/immobilier-21549395-vente-maison-110m-a-saint-armel-saint-armel,,,,,
Maison 92m² à saint-aubin-d'aubigne,https://www.etreproprio.com/immobilier-23454344-vente-maison-92m-a-saint-aubin-d-aubigne-saint-aubin-d-aubigne,,,,,
Maison 83m² à saint-aubin-d'aubigne,https://www.etreproprio.com/immobilier-23806968-vente-maison-83m-a-saint-aubin-d-aubigne-saint-aubin-d-aubigne,,,,,
Maison saint aubin d aubigne 5 pièce(s) 113 m2,https://www.etreproprio.com/immobilier-23795719-vente-maison-saint-aubin-d-aubigne-5-pieces-113-m2-saint-aubin-d-aubigne,,,,,
Maison 98m² à saint-aubin-d'aubigne,https://www.etreproprio.com/immobilier-23755227-vente-maison-98m-a-saint-aubin-d-aubigne-saint-aubin-d-aubigne,,,,,
"Maison d'architecte élégante au coeur de saint aubin d'aubigné, 240m²",https://www.etreproprio.com/immobilier-23664187-vente-maison-d-architecte-elegante-au-coeur-de-saint-aubin-d-aubigne-240m-saint-aubin-d-aubigne,,,,,
Longère familiale de 174 m²,https://www.etreproprio.com/immobilier-22210312-vente-longere-familiale-de-174-m-saint-aubin-d-aubigne,,,,,
Maison 125m² à saint-aubin-d'aubigne,https://www.etreproprio.com/immobilier-22945645-vente-maison-125m-a-saint-aubin-d-aubigne-saint-aubin-d-aubigne,,,,,
Maison andouille neuville 5 pièce(s) 90m2,https://www.etreproprio.com/immobilier-23430486-vente-maison-andouille-neuville-5-pieces-90m2-saint-aubin-d-aubigne,,,,,
Maison andouille neuville 5 pièce(s) 90m2,https://www.etreproprio.com/immobilier-23430508-vente-maison-andouille-neuville-5-pieces-90m2-saint-aubin-d-aubigne,,,,,
Maison 100m² à saint-aubin-d'aubigne,https://www.etreproprio.com/immobilier-23362740-vente-maison-100m-a-saint-aubin-d-aubigne-saint-aubin-d-aubigne,,,,,
Maison saint-aubin-d'aubigne 117.35m² au sol,https://www.etreproprio.com/immobilier-23337778-vente-maison-saint-aubin-d-aubigne-11735m-au-sol-saint-aubin-d-aubigne,,,,,
Maison 134m² à saint-aubin-d'aubigne,https://www.etreproprio.com/immobilier-22040354-vente-maison-134m-a-saint-aubin-d-aubigne-saint-aubin-d-aubigne,,,,,
Maison saint aubin d aubigne 7 pièce(s) 126.87 m2,https://www.etreproprio.com/immobilier-22993154-vente-maison-saint-aubin-d-aubigne-7-pieces-12687-m2-saint-aubin-d-aubigne,,,,,
Maison saint aubin d aubigne 88.7 m2,https://www.etreproprio.com/immobilier-23002035-vente-maison-saint-aubin-d-aubigne-887-m2-saint-aubin-d-aubigne,,,,,
Maison saint-aubin-d'aubigné,https://www.etreproprio.com/immobilier-22993161-vente-maison-saint-aubin-d-aubigne-saint-aubin-d-aubigne,,,,,
Maison à vendre 7 pièces saint aubin d'aubigne (35),https://www.etreproprio.com/immobilier-22949165-vente-maison-a-vendre-7-pieces-saint-aubin-d-aubigne-35-saint-aubin-d-aubigne,,,,,
Maison 111m² à saint-aubin-d'aubigne,https://www.etreproprio.com/immobilier-22647268-vente-maison-111m-a-saint-aubin-d-aubigne-saint-aubin-d-aubigne,,,,,
Saint aubin d'aubigné,https://www.etreproprio.com/immobilier-22245319-vente-saint-aubin-d-aubigne-saint-aubin-d-aubigne,,,,,
Maison 93m² à saint-aubin-d'aubigne,https://www.etreproprio.com/immobilier-22017518-vente-maison-93m-a-saint-aubin-d-aubigne-saint-aubin-d-aubigne,,,,,
Maison saint aubin d aubigne 4 pièce(s) 106.35 m2,https://www.etreproprio.com/immobilier-21074852-vente-maison-saint-aubin-d-aubigne-4-pieces-10635-m2-saint-aubin-d-aubigne,,,,,
Maison type 6 - construction récente - quartier francisco ferrer - rennes,https://www.etreproprio.com/immobilier-23230662-vente-maison-type-6-construction-recente-quartier-francisco-ferrer-rennes-rennes,,,,,
Maison type 6 - construction récente - quartier francisco ferrer - rennes,https://www.etreproprio.com/immobilier-23230663-vente-maison-type-6-construction-recente-quartier-francisco-ferrer-rennes-rennes,,,,,
Exclusivite  cogir - rennes maison recente  230 m2 sainte therese gare haut de gamme piscine garage studio indépendant,https://www.etreproprio.com/immobilier-23339729-vente-exclusivite-cogir-rennes-maison-recente-230-m2-sainte-therese-gare-haut-de-gamme-piscine-garage-studio-independant-rennes,,,,,
Rennes -quartier sévigné / thabor maison rennes 6 pièces - 3 chambres + espaces modulables,https://www.etreproprio.com/immobilier-23336558-vente-rennes-quartier-sevigne-thabor-maison-rennes-6-pieces-3-chambres-espaces-modulables-rennes,,,,,
"À vendre - maison de 178m² habitables (208m² au sol) - 4 chambres - parcelle de 515m² - rennes - quartier thabor, une adresse d'",https://www.etreproprio.com/immobilier-23329483-vente-a-vendre-maison-de-178m-habitables-208m-au-sol-4-chambres-parcelle-de-515m-rennes-quartier-thabor-une-adresse-d-rennes,,,,,
Maison 137m² à rennes,https://www.etreproprio.com/immobilier-22566400-vente-maison-137m-a-rennes-rennes,,,,,
Maison 126m² à rennes,https://www.etreproprio.com/immobilier-21820837-vente-maison-126m-a-rennes-rennes,,,,,
Rennes gare sud - maison 4 chambres - 85 m²,https://www.etreproprio.com/immobilier-22530669-vente-rennes-gare-sud-maison-4-chambres-85-m-rennes,,,,,
"Maison de type 7 à vendre, rennes patton les gayeulles",https://www.etreproprio.com/immobilier-23327468-vente-maison-de-type-7-a-vendre-rennes-patton-les-gayeulles-rennes,,,,,
Rennes quartier volney - maison type 8 - 6 ch,https://www.etreproprio.com/immobilier-23087544-vente-rennes-quartier-volney-maison-type-8-6-ch-rennes,,,,,
Maison proche gare,https://www.etreproprio.com/immobilier-23321583-vente-maison-proche-gare-rennes,,,,,
"À vendre - maison de 178m² habitables (208m² au sol) - 4 chambres - parcelle de 929m² - rennes - quartier thabor, une adresse d'",https://www.etreproprio.com/immobilier-23317586-vente-a-vendre-maison-de-178m-habitables-208m-au-sol-4-chambres-parcelle-de-929m-rennes-quartier-thabor-une-adresse-d-rennes,,,,,
Maison rennes 6 pièce(s) 122 m2,https://www.etreproprio.com/immobilier-21279221-vente-maison-rennes-6-pieces-122-m2-rennes,,,,,
"Agence giboire - maison à vendre à rennes sainte-thérèse - 5 pièces, 3 chambres",https://www.etreproprio.com/immobilier-23314675-vente-agence-giboire-maison-a-vendre-a-rennes-sainte-therese-5-pieces-3-chambres-rennes,,,,,
Maison 124m² à rennes,https://www.etreproprio.com/immobilier-21863915-vente-maison-124m-a-rennes-rennes,,,,,
Maison 106m² à rennes,https://www.etreproprio.com/immobilier-22337655-vente-maison-106m-a-rennes-rennes,,,,,
Maison 121m² à rennes,https://www.etreproprio.com/immobilier-23301614-vente-maison-121m-a-rennes-rennes,,,,,
Maison 105m² à rennes,https://www.etreproprio.com/immobilier-23305661-vente-maison-105m-a-rennes-rennes,,,,,
Maison 197m² à rennes,https://www.etreproprio.com/immobilier-23304786-vente-maison-197m-a-rennes-rennes,,,,,
Maison 128m² à rennes,https://www.etreproprio.com/immobilier-23305662-vente-maison-128m-a-rennes-rennes,,,,,
Maison 286m² à saint-aubin-des-landes,https://www.etreproprio.com/immobilier-23908037-vente-maison-286m-a-saint-aubin-des-landes-saint-aubin-des-landes,,,,,
Longère en pierres,https://www.etreproprio.com/immobilier-22642057-vente-longere-en-pierres-saint-aubin-des-landes,,,,,
Maison 140m² à saint-aubin-des-landes,https://www.etreproprio.com/immobilier-23233060-vente-maison-140m-a-saint-aubin-des-landes-saint-aubin-des-landes,,,,,
Maison 116m² à saint-aubin-des-landes,https://www.etreproprio.com/immobilier-23233062-vente-maison-116m-a-saint-aubin-des-landes-saint-aubin-des-landes,,,,,
Maison 116m² à saint-aubin-des-landes,https://www.etreproprio.com/immobilier-23233059-vente-maison-116m-a-saint-aubin-des-landes-saint-aubin-des-landes,,,,,
Vente maison saint-aubin-des-landes(35500) 301 600ï¿œ,https://www.etreproprio.com/immobilier-22575669-vente-vente-maison-saint-aubin-des-landes35500-301-600i-oe-saint-aubin-des-landes,,,,,
Rennes quartier landry,https://www.etreproprio.com/immobilier-23311819-vente-rennes-quartier-landry-rennes,,,,,
Maison 116m² à rennes,https://www.etreproprio.com/immobilier-23289559-vente-maison-116m-a-rennes-rennes,,,,,
Maison de ville - secteur moulin du comte,https://www.etreproprio.com/immobilier-23290071-vente-maison-de-ville-secteur-moulin-du-comte-rennes,,,,,
"Maison type 5 - grand jardin, trois chambres et garage - quartier francisco ferrer - rennes",https://www.etreproprio.com/immobilier-23278022-vente-maison-type-5-grand-jardin-trois-chambres-et-garage-quartier-francisco-ferrer-rennes-rennes,,,,,
Maison type 6 - année 87 - beaulieu-longchamps,https://www.etreproprio.com/immobilier-23087546-vente-maison-type-6-annee-87-beaulieu-longchamps-rennes,,,,,
grange de caractère à réinventer à moins de  10 min de rennes –,https://www.etreproprio.com/immobilier-23284646-vente-grange-de-caractere-a-reinventer-a-moins-de-10-min-de-rennes-rennes,,,,,
Maison 105 m2 - longs champs,https://www.etreproprio.com/immobilier-23279660-vente-maison-105-m2-longs-champs-rennes,,,,,
Maison 6 pièces 118 m2,https://www.etreproprio.com/immobilier-23270574-vente-maison-6-pieces-118-m2-rennes,,,,,
"Maison de type 5 à vendre, rennes patton",https://www.etreproprio.com/immobilier-23256903-vente-maison-de-type-5-a-vendre-rennes-patton-rennes,,,,,
Maison 81m² à rennes,https://www.etreproprio.com/immobilier-23254890-vente-maison-81m-a-rennes-rennes,,,,,
Maison type 5 - proche métro et commerces - quartier clémenceau - rennes,https://www.etreproprio.com/immobilier-23257537-vente-maison-type-5-proche-metro-et-commerces-quartier-clemenceau-rennes-rennes,,,,,
Maison de plain-pied avec jardin - rennes - quartier ste elisabeth.,https://www.etreproprio.com/immobilier-23242552-vente-maison-de-plain-pied-avec-jardin-rennes-quartier-ste-elisabeth-rennes,,,,,
Maison 78m² à rennes,https://www.etreproprio.com/immobilier-23245112-vente-maison-78m-a-rennes-rennes,,,,,
Maison - à vendre - quartier cleunay - garage,https://www.etreproprio.com/immobilier-23242002-vente-maison-a-vendre-quartier-cleunay-garage-rennes,,,,,
Maison a rennes saint-jacques (croix verte),https://www.etreproprio.com/immobilier-23234247-vente-maison-a-rennes-saint-jacques-croix-verte-rennes,,,,,
Maison d'architecte - 153 m² + grand garage - a quelques minutes à pied de la gare sncf,https://www.etreproprio.com/immobilier-23234781-vente-maison-d-architecte-153-m-grand-garage-a-quelques-minutes-a-pied-de-la-gare-sncf-rennes,,,,,
Maison de ville entièrement rénovée   3 chambres   jardin   garage   quartier calme,https://www.etreproprio.com/immobilier-23237085-vente-maison-de-ville-entierement-renovee-3-chambres-jardin-garage-quartier-calme-rennes,,,,,
Maison 148m² à rennes,https://www.etreproprio.com/immobilier-23228586-vente-maison-148m-a-rennes-rennes,,,,,
Confortable maison - env. 169 m² - belle pièce de vie - 4 chambres. grande terrasse. garage. jardin,https://www.etreproprio.com/immobilier-23234787-vente-confortable-maison-env-169-m-belle-piece-de-vie-4-chambres-grande-terrasse-garage-jardin-rennes,,,,,
Maison rennes 5 pièce(s) 90 m2,https://www.etreproprio.com/immobilier-23230840-vente-maison-rennes-5-pieces-90-m2-rennes,,,,,
Maison saint aubin d aubigne 4 pièce(s) 106.35 m2,https://www.etreproprio.com/immobilier-20083421-vente-maison-saint-aubin-d-aubigne-4-pieces-10635-m2-saint-aubin-d-aubigne,,,,,
Maison 78m² à saint-aubin-du-cormier,https://www.etreproprio.com/immobilier-23882829-vente-maison-78m-a-saint-aubin-du-cormier-saint-aubin-du-cormier,,,,,
Maison saint aubin du cormier 6 pièce(s) 171.7 m2,https://www.etreproprio.com/immobilier-23829151-vente-maison-saint-aubin-du-cormier-6-pieces-1717-m2-saint-aubin-du-cormier,,,,,
Maison en pierres rénovée 4 chambres sur terrain de 12 000m2,https://www.etreproprio.com/immobilier-23835589-vente-maison-en-pierres-renovee-4-chambres-sur-terrain-de-12-000m2-saint-aubin-du-cormier,,,,,
Maison en pierres à rénover sur terrain constructible d'envi,https://www.etreproprio.com/immobilier-23759995-vente-maison-en-pierres-a-renover-sur-terrain-constructible-d-envi-saint-aubin-du-cormier,,,,,
Maison 168m² à saint-aubin-du-cormier,https://www.etreproprio.com/immobilier-23720258-vente-maison-168m-a-saint-aubin-du-cormier-saint-aubin-du-cormier,,,,,
Maison d'habitation de type 6 à vendre à st aubin du cormier,https://www.etreproprio.com/immobilier-22725779-vente-maison-d-habitation-de-type-6-a-vendre-a-st-aubin-du-cormier-saint-aubin-du-cormier,,,,,
Maison 104m² à saint-aubin-du-cormier,https://www.etreproprio.com/immobilier-21572194-vente-maison-104m-a-saint-aubin-du-cormier-saint-aubin-du-cormier,,,,,
Maison 133m² à saint-aubin-du-cormier,https://www.etreproprio.com/immobilier-23597631-vente-maison-133m-a-saint-aubin-du-cormier-saint-aubin-du-cormier,,,,,
Maison 101m² à saint-aubin-du-cormier,https://www.etreproprio.com/immobilier-23476354-vente-maison-101m-a-saint-aubin-du-cormier-saint-aubin-du-cormier,,,,,
"Maison 4 chambres garage, jardin, terrain clos",https://www.etreproprio.com/immobilier-23011460-vente-maison-4-chambres-garage-jardin-terrain-clos-saint-aubin-du-cormier,,,,,
"Maison 4 chambres garage, jardin, terrain clos",https://www.etreproprio.com/immobilier-23450277-vente-maison-4-chambres-garage-jardin-terrain-clos-saint-aubin-du-cormier,,,,,
"Longère de 155 m², 6 pièces, dépendances sur 1600 m² de terrain",https://www.etreproprio.com/immobilier-21873831-vente-longere-de-155-m-6-pieces-dependances-sur-1600-m-de-terrain-saint-aubin-du-cormier,,,,,
"Maison à vendre - 6 pièces, 3 chambres",https://www.etreproprio.com/immobilier-23351319-vente-maison-a-vendre-6-pieces-3-chambres-saint-aubin-du-cormier,,,,,
Maison neuve 140m2 5 chambres garage jardin proche centre vi,https://www.etreproprio.com/immobilier-23261554-vente-maison-neuve-140m2-5-chambres-garage-jardin-proche-centre-vi-saint-aubin-du-cormier,,,,,
Maison en pierres rénovée en centre ville 4 chambres garage,https://www.etreproprio.com/immobilier-22509475-vente-maison-en-pierres-renovee-en-centre-ville-4-chambres-garage-saint-aubin-du-cormier,,,,,
A vendre - longère en pierre pleine de charme  5 000 m² de terrain,https://www.etreproprio.com/immobilier-22951832-vente-a-vendre-longere-en-pierre-pleine-de-charme-5-000-m-de-terrain-saint-aubin-du-cormier,,,,,
Maison 120m² à saint-aubin-du-cormier,https://www.etreproprio.com/immobilier-21995849-vente-maison-120m-a-saint-aubin-du-cormier-saint-aubin-du-cormier,,,,,
A vendre: maison f5 (140 m²)   à st aubin du cormier,https://www.etreproprio.com/immobilier-21897919-vente-a-vendre-maison-f5-140-m-a-st-aubin-du-cormier-saint-aubin-du-cormier,,,,,
Maison rives du couesnon 9 pièce(s) 186 m2,https://www.etreproprio.com/immobilier-21881876-vente-maison-rives-du-couesnon-9-pieces-186-m2-saint-aubin-du-cormier,,,,,
Maison spacieuse à vendre à rennes - quartier thabor,https://www.etreproprio.com/immobilier-23219742-vente-maison-spacieuse-a-vendre-a-rennes-quartier-thabor-rennes,,,,,
Maison 90m² à rennes,https://www.etreproprio.com/immobilier-23216221-vente-maison-90m-a-rennes-rennes,,,,,
"Rennes - centre ville - quartier saint-hélier - au pied du métro ""station gare"" - maison d'environ 70m²",https://www.etreproprio.com/immobilier-23219794-vente-rennes-centre-ville-quartier-saint-helier-au-pied-du-metro-station-gare-maison-d-environ-70m-rennes,,,,,
Maison 167m² à rennes,https://www.etreproprio.com/immobilier-22461777-vente-maison-167m-a-rennes-rennes,,,,,
Maison 115m² à rennes,https://www.etreproprio.com/immobilier-22255474-vente-maison-115m-a-rennes-rennes,,,,,
"Grande maison 5 chambres 173 m2, métro jules ferry",https://www.etreproprio.com/immobilier-23198018-vente-grande-maison-5-chambres-173-m2-metro-jules-ferry-rennes,,,,,
Maison 173m² à rennes,https://www.etreproprio.com/immobilier-23204086-vente-maison-173m-a-rennes-rennes,,,,,
Maison rennes  - 4 chambres - 165 m2,https://www.etreproprio.com/immobilier-23188771-vente-maison-rennes-4-chambres-165-m2-rennes,,,,,
Maison 64m² à rennes,https://www.etreproprio.com/immobilier-22903829-vente-maison-64m-a-rennes-rennes,,,,,
Maison 141m² à rennes,https://www.etreproprio.com/immobilier-21538006-vente-maison-141m-a-rennes-rennes,,,,,
Maison 260m² à rennes,https://www.etreproprio.com/immobilier-23189678-vente-maison-260m-a-rennes-rennes,,,,,
Maison 150m² à rennes,https://www.etreproprio.com/immobilier-23165890-vente-maison-150m-a-rennes-rennes,,,,,
Maison 200m² à rennes,https://www.etreproprio.com/immobilier-23151398-vente-maison-200m-a-rennes-rennes,,,,,
Maison 290m² à rennes,https://www.etreproprio.com/immobilier-23143486-vente-maison-290m-a-rennes-rennes,,,,,
Maison en pierres avec piscine quartier sainte-thérèse !,https://www.etreproprio.com/immobilier-23145508-vente-maison-en-pierres-avec-piscine-quartier-sainte-therese-rennes,,,,,
"Maison familiale avec garage double et jardin à l'ouest, toutes commodités, gare à 15 minutes",https://www.etreproprio.com/immobilier-23132546-vente-maison-familiale-avec-garage-double-et-jardin-a-l-ouest-toutes-commodites-gare-a-15-minutes-rennes,,,,,
Maison 178m² à rennes,https://www.etreproprio.com/immobilier-23125378-vente-maison-178m-a-rennes-rennes,,,,,
"Maison de type 6 à vendre, rennes bellangerais - kerfleury",https://www.etreproprio.com/immobilier-20277612-vente-maison-de-type-6-a-vendre-rennes-bellangerais-kerfleury-rennes,,,,,
Maison 230m² à rennes,https://www.etreproprio.com/immobilier-21746258-vente-maison-230m-a-rennes-rennes,,,,,
Maison - à rénover -  à démolir - à vendre - rennes quartier cleunay,https://www.etreproprio.com/immobilier-22274113-vente-maison-a-renover-a-demolir-a-vendre-rennes-quartier-cleunay-rennes,,,,,
Maison saint benoit des ondes 11 pièces 132 m²,https://www.etreproprio.com/immobilier-21511528-vente-maison-saint-benoit-des-ondes-11-pieces-132-m-saint-benoit-des-ondes,,,,,
Maison 205m² à saint-benoit-des-ondes,https://www.etreproprio.com/immobilier-23589399-vente-maison-205m-a-saint-benoit-des-ondes-saint-benoit-des-ondes,,,,,
Maison individuelle,https://www.etreproprio.com/immobilier-23584677-vente-maison-individuelle-saint-benoit-des-ondes,,,,,
Maison 35114,https://www.etreproprio.com/immobilier-23551746-vente-maison-35114-saint-benoit-des-ondes,,,,,
Maison 116m² à saint-benoit-des-ondes,https://www.etreproprio.com/immobilier-22279655-vente-maison-116m-a-saint-benoit-des-ondes-saint-benoit-des-ondes,,,,,
Maison 91m² à saint-benoit-des-ondes,https://www.etreproprio.com/immobilier-22927781-vente-maison-91m-a-saint-benoit-des-ondes-saint-benoit-des-ondes,,,,,
Maison 63m² à saint-benoit-des-ondes,https://www.etreproprio.com/immobilier-22921653-vente-maison-63m-a-saint-benoit-des-ondes-saint-benoit-des-ondes,,,,,
Maison  bourg de saint benoit des ondes 5 pièce(s) environ 92m2,https://www.etreproprio.com/immobilier-21443901-vente-maison-bourg-de-saint-benoit-des-ondes-5-pieces-environ-92m2-saint-benoit-des-ondes,,,,,
Beau terrain de 889 m² avec petite maison en parfait état,https://www.etreproprio.com/immobilier-23290717-vente-beau-terrain-de-889-m-avec-petite-maison-en-parfait-etat-saint-briac-sur-mer,,,,,
"Maison saint briac sur mer , quartier calme  à quelques minutes à pied du centre ville.",https://www.etreproprio.com/immobilier-23800014-vente-maison-saint-briac-sur-mer-quartier-calme-a-quelques-minutes-a-pied-du-centre-ville-saint-briac-sur-mer,,,,,
Maison  de pays  saint briac sur mer,https://www.etreproprio.com/immobilier-23777081-vente-maison-de-pays-saint-briac-sur-mer-saint-briac-sur-mer,,,,,
Maison 168m² à saint-briac-sur-mer,https://www.etreproprio.com/immobilier-23756670-vente-maison-168m-a-saint-briac-sur-mer-saint-briac-sur-mer,,,,,
Maison 116m² à saint-briac-sur-mer,https://www.etreproprio.com/immobilier-23715575-vente-maison-116m-a-saint-briac-sur-mer-saint-briac-sur-mer,,,,,
"Saint briac: maison en pierres  183 m², au calme , proche du centre",https://www.etreproprio.com/immobilier-21997482-vente-saint-briac-maison-en-pierres-183-m-au-calme-proche-du-centre-saint-briac-sur-mer,,,,,
Maison coeur de saint-briac,https://www.etreproprio.com/immobilier-23682535-vente-maison-coeur-de-saint-briac-saint-briac-sur-mer,,,,,
Maison 113m² à saint-briac-sur-mer,https://www.etreproprio.com/immobilier-23662530-vente-maison-113m-a-saint-briac-sur-mer-saint-briac-sur-mer,,,,,
"Maison saint briac sur mer 5 mn à pieds du centre, au calme",https://www.etreproprio.com/immobilier-22731153-vente-maison-saint-briac-sur-mer-5-mn-a-pieds-du-centre-au-calme-saint-briac-sur-mer,,,,,
Maison 137m² à saint-briac-sur-mer,https://www.etreproprio.com/immobilier-23310558-vente-maison-137m-a-saint-briac-sur-mer-saint-briac-sur-mer,,,,,
"Maison saint briac sur mer entre plages et centre, au calme",https://www.etreproprio.com/immobilier-23567889-vente-maison-saint-briac-sur-mer-entre-plages-et-centre-au-calme-saint-briac-sur-mer,,,,,
Maison saint briac sur mer proche centre,https://www.etreproprio.com/immobilier-21657921-vente-maison-saint-briac-sur-mer-proche-centre-saint-briac-sur-mer,,,,,
Maison 88m² à saint-briac-sur-mer,https://www.etreproprio.com/immobilier-23514130-vente-maison-88m-a-saint-briac-sur-mer-saint-briac-sur-mer,,,,,
Maison 124m² à saint-briac-sur-mer,https://www.etreproprio.com/immobilier-23503414-vente-maison-124m-a-saint-briac-sur-mer-saint-briac-sur-mer,,,,,
Maison 136m² à saint-briac-sur-mer,https://www.etreproprio.com/immobilier-23490112-vente-maison-136m-a-saint-briac-sur-mer-saint-briac-sur-mer,,,,,
"Maison sur sous-sol complet, 5 pièces, 4 chambres, et terrain constructible.",https://www.etreproprio.com/immobilier-20907543-vente-maison-sur-sous-sol-complet-5-pieces-4-chambres-et-terrain-constructible-saint-briac-sur-mer,,,,,
Maison de caractère: saint-briac bourg,https://www.etreproprio.com/immobilier-23382807-vente-maison-de-caractere-saint-briac-bourg-saint-briac-sur-mer,,,,,
"Maison d'architecte  saint briac: 600 m des commerces, parfait état",https://www.etreproprio.com/immobilier-23384156-vente-maison-d-architecte-saint-briac-600-m-des-commerces-parfait-etat-saint-briac-sur-mer,,,,,
Saint briac :maison neuve  à 10 mn à pieds des commerces,https://www.etreproprio.com/immobilier-23357096-vente-saint-briac-maison-neuve-a-10-mn-a-pieds-des-commerces-saint-briac-sur-mer,,,,,
Maison saint briac sur mer  hyper centre,https://www.etreproprio.com/immobilier-23357097-vente-maison-saint-briac-sur-mer-hyper-centre-saint-briac-sur-mer,,,,,
Maison 231 m2 - longs champs,https://www.etreproprio.com/immobilier-23114180-vente-maison-231-m2-longs-champs-rennes,,,,,
À vendre - agence giboire - maison 8 pièces 221.31 m2  - rennes,https://www.etreproprio.com/immobilier-23099486-vente-a-vendre-agence-giboire-maison-8-pieces-22131-m2-rennes-rennes,,,,,
"Maison t6 à vendre, rennes bellangerais kerfleury",https://www.etreproprio.com/immobilier-22556132-vente-maison-t6-a-vendre-rennes-bellangerais-kerfleury-rennes,,,,,
Maison 190m² à rennes,https://www.etreproprio.com/immobilier-23101770-vente-maison-190m-a-rennes-rennes,,,,,
Maison 90m² à rennes,https://www.etreproprio.com/immobilier-23096924-vente-maison-90m-a-rennes-rennes,,,,,
Maison familiale entièrement rénovée,https://www.etreproprio.com/immobilier-23106358-vente-maison-familiale-entierement-renovee-rennes,,,,,
Maison 92m² à rennes,https://www.etreproprio.com/immobilier-23088017-vente-maison-92m-a-rennes-rennes,,,,,
Hôtel particulier type 9 - bd sévigné,https://www.etreproprio.com/immobilier-23087551-vente-hotel-particulier-type-9-bd-sevigne-rennes,,,,,
Maison 131m² à rennes,https://www.etreproprio.com/immobilier-23076019-vente-maison-131m-a-rennes-rennes,,,,,
A vendre - maison 5 pièces - rennes,https://www.etreproprio.com/immobilier-23050707-vente-a-vendre-maison-5-pieces-rennes-rennes,,,,,
A vendre - agence giboire - immeuble centre ville rennes,https://www.etreproprio.com/immobilier-23047131-vente-a-vendre-agence-giboire-immeuble-centre-ville-rennes-rennes,,,,,
Maison - longs champs,https://www.etreproprio.com/immobilier-23050469-vente-maison-longs-champs-rennes,,,,,
Maison rennes centre-ville - chézy dinan - 2 pièces 35.93 m2 habitables et de 46.29m² en utiles - 1 chambre + 1 bureau - terrain,https://www.etreproprio.com/immobilier-22983684-vente-maison-rennes-centre-ville-chezy-dinan-2-pieces-3593-m2-habitables-et-de-4629m-en-utiles-1-chambre-1-bureau-terrain-rennes,,,,,
Maison 108m² à rennes,https://www.etreproprio.com/immobilier-23043759-vente-maison-108m-a-rennes-rennes,,,,,
"Nouveau quartier j.d'arc / rue de paris, jolie maison type 4",https://www.etreproprio.com/immobilier-22169307-vente-nouveau-quartier-jd-arc-rue-de-paris-jolie-maison-type-4-rennes,,,,,
Maison neuve - à vendre - jardin - rennes - quartier mauconseil/la madeleine,https://www.etreproprio.com/immobilier-21910665-vente-maison-neuve-a-vendre-jardin-rennes-quartier-mauconseilla-madeleine-rennes,,,,,
Maison avec jardin rennes jeanne d'arc à vendre,https://www.etreproprio.com/immobilier-22426048-vente-maison-avec-jardin-rennes-jeanne-d-arc-a-vendre-rennes,,,,,
Longere a renover - rennes - 35000- etangs d'apigne - proche cleunay  - dependances - terrain de  1347m²,https://www.etreproprio.com/immobilier-23000674-vente-longere-a-renover-rennes-35000-etangs-d-apigne-proche-cleunay-dependances-terrain-de-1347m-rennes,,,,,
A vendre maison - proximité quartier st thérèse,https://www.etreproprio.com/immobilier-22999085-vente-a-vendre-maison-proximite-quartier-st-therese-rennes,,,,,
Maison - longs champs,https://www.etreproprio.com/immobilier-22976577-vente-maison-longs-champs-rennes,,,,,
Maison maen roch 5 pièce(s) 150 m2,https://www.etreproprio.com/immobilier-23881216-vente-maison-maen-roch-5-pieces-150-m2-saint-brice-en-cogles,,,,,
"Maison contemporaine de 200 m² avec piscine, sur un terrain de 1300 m²",https://www.etreproprio.com/immobilier-22058004-vente-maison-contemporaine-de-200-m-avec-piscine-sur-un-terrain-de-1300-m-saint-brice-en-cogles,,,,,
Longére avec dépendances sur 10149 m2,https://www.etreproprio.com/immobilier-23772422-vente-longere-avec-dependances-sur-10149-m2-saint-brice-en-cogles,,,,,
Bel ensemble immobilier longère et dépendances,https://www.etreproprio.com/immobilier-23311537-vente-bel-ensemble-immobilier-longere-et-dependances-saint-brice-en-cogles,,,,,
Maison en pierre rénovée,https://www.etreproprio.com/immobilier-23644862-vente-maison-en-pierre-renovee-saint-brice-en-cogles,,,,,
Longère en pierre au potentiel de 130m² à réinventer - cadre campagne à coglès (35460),https://www.etreproprio.com/immobilier-23615416-vente-longere-en-pierre-au-potentiel-de-130m-a-reinventer-cadre-campagne-a-cogles-35460-saint-brice-en-cogles,,,,,
Maison 8 pièces - saint-brice-en-cogles (35460),https://www.etreproprio.com/immobilier-23517905-vente-maison-8-pieces-saint-brice-en-cogles-35460-saint-brice-en-cogles,,,,,
Maison 120m² à saint-brice-en-cogles,https://www.etreproprio.com/immobilier-23509793-vente-maison-120m-a-saint-brice-en-cogles-saint-brice-en-cogles,,,,,
Maison maen roch 4 pièce(s) 110 m2,https://www.etreproprio.com/immobilier-23489650-vente-maison-maen-roch-4-pieces-110-m2-saint-brice-en-cogles,,,,,
Maison 255m² à saint-brice-en-cogles,https://www.etreproprio.com/immobilier-23360279-vente-maison-255m-a-saint-brice-en-cogles-saint-brice-en-cogles,,,,,
Maen roch ville tout commerces proche a84,https://www.etreproprio.com/immobilier-20929968-vente-maen-roch-ville-tout-commerces-proche-a84-saint-brice-en-cogles,,,,,
Maison à vendre à saint brice en cogles - maen roch,https://www.etreproprio.com/immobilier-23168011-vente-maison-a-vendre-a-saint-brice-en-cogles-maen-roch-saint-brice-en-cogles,,,,,
Maison de ville en pierre 90 m² avec dépendance attenante,https://www.etreproprio.com/immobilier-22884528-vente-maison-de-ville-en-pierre-90-m-avec-dependance-attenante-saint-brice-en-cogles,,,,,
Charmante maison en pierres à rénover – 75 m² habitables sur 584 m² de terrain,https://www.etreproprio.com/immobilier-23053317-vente-charmante-maison-en-pierres-a-renover-75-m-habitables-sur-584-m-de-terrain-saint-brice-en-cogles,,,,,
Maison avec piscine maen roch à vendre,https://www.etreproprio.com/immobilier-21991126-vente-maison-avec-piscine-maen-roch-a-vendre-saint-brice-en-cogles,,,,,
Maison maen roch 5 pièce(s) 200 m2,https://www.etreproprio.com/immobilier-22082834-vente-maison-maen-roch-5-pieces-200-m2-saint-brice-en-cogles,,,,,
Maison 98m² à saint-brice-en-cogles,https://www.etreproprio.com/immobilier-22080817-vente-maison-98m-a-saint-brice-en-cogles-saint-brice-en-cogles,,,,,
Maison 200m² à saint-brice-en-cogles,https://www.etreproprio.com/immobilier-22026241-vente-maison-200m-a-saint-brice-en-cogles-saint-brice-en-cogles,,,,,
Maison val couesnon 6 pièce(s) 175 m2,https://www.etreproprio.com/immobilier-20774327-vente-maison-val-couesnon-6-pieces-175-m2-saint-brice-en-cogles,,,,,
Saint briac :maison clef en main à 600 m à pieds des premiers commerces,https://www.etreproprio.com/immobilier-23357098-vente-saint-briac-maison-clef-en-main-a-600-m-a-pieds-des-premiers-commerces-saint-briac-sur-mer,,,,,
Maison coup de coeur saint briac sur mer,https://www.etreproprio.com/immobilier-23313589-vente-maison-coup-de-coeur-saint-briac-sur-mer-saint-briac-sur-mer,,,,,
Maison à rénover,https://www.etreproprio.com/immobilier-23310554-vente-maison-a-renover-saint-briac-sur-mer,,,,,
Maison à deux pas de la plage  saint briac sur mer,https://www.etreproprio.com/immobilier-23290718-vente-maison-a-deux-pas-de-la-plage-saint-briac-sur-mer-saint-briac-sur-mer,,,,,
Villa d'architecte - 175 m² - saint briac sur mer,https://www.etreproprio.com/immobilier-23272893-vente-villa-d-architecte-175-m-saint-briac-sur-mer-saint-briac-sur-mer,,,,,
Maison saint briac sur mer 4 pièce(s)  exclusivité,https://www.etreproprio.com/immobilier-23183844-vente-maison-saint-briac-sur-mer-4-pieces-exclusivite-saint-briac-sur-mer,,,,,
Maison saint briac sur mer 170 m2 entre plages et centre,https://www.etreproprio.com/immobilier-21395007-vente-maison-saint-briac-sur-mer-170-m2-entre-plages-et-centre-saint-briac-sur-mer,,,,,
Maison 174m² à saint-briac-sur-mer,https://www.etreproprio.com/immobilier-23085565-vente-maison-174m-a-saint-briac-sur-mer-saint-briac-sur-mer,,,,,
Maison saint briac sur mer 5 pièce(s) 110 m2,https://www.etreproprio.com/immobilier-21680944-vente-maison-saint-briac-sur-mer-5-pieces-110-m2-saint-briac-sur-mer,,,,,
Maison 264m² à saint-briac-sur-mer,https://www.etreproprio.com/immobilier-22705116-vente-maison-264m-a-saint-briac-sur-mer-saint-briac-sur-mer,,,,,
A vendre - maison 6 pièces - saint briac sur mer,https://www.etreproprio.com/immobilier-22618597-vente-a-vendre-maison-6-pieces-saint-briac-sur-mer-saint-briac-sur-mer,,,,,
Maison saint briac sur mer 5 pièce(s) 108 m2,https://www.etreproprio.com/immobilier-22602339-vente-maison-saint-briac-sur-mer-5-pieces-108-m2-saint-briac-sur-mer,,,,,
Maison xviième au coeur du bourg de saint briac,https://www.etreproprio.com/immobilier-22209941-vente-maison-xviieme-au-coeur-du-bourg-de-saint-briac-saint-briac-sur-mer,,,,,
Maison 263m² à saint-briac-sur-mer,https://www.etreproprio.com/immobilier-22171877-vente-maison-263m-a-saint-briac-sur-mer-saint-briac-sur-mer,,,,,
Maison xixème à 5 mn a pieds des plages,https://www.etreproprio.com/immobilier-21929077-vente-maison-xixeme-a-5-mn-a-pieds-des-plages-saint-briac-sur-mer,,,,,
Maison 180m² à saint-briac-sur-mer,https://www.etreproprio.com/immobilier-21888004-vente-maison-180m-a-saint-briac-sur-mer-saint-briac-sur-mer,,,,,
Maison saint briac sur mer,https://www.etreproprio.com/immobilier-21755102-vente-maison-saint-briac-sur-mer-saint-briac-sur-mer,,,,,
Proche plage,https://www.etreproprio.com/immobilier-19951681-vente-proche-plage-saint-briac-sur-mer,,,,,
Maison 108m² à saint-briac-sur-mer,https://www.etreproprio.com/immobilier-19491511-vente-maison-108m-a-saint-briac-sur-mer-saint-briac-sur-mer,,,,,
"Maison spacieuse saint briac sur mer , calme, sur 2 ha de terrain",https://www.etreproprio.com/immobilier-19988705-vente-maison-spacieuse-saint-briac-sur-mer-calme-sur-2-ha-de-terrain-saint-briac-sur-mer,,,,,
Maison 150m² à rennes,https://www.etreproprio.com/immobilier-22972865-vente-maison-150m-a-rennes-rennes,,,,,
Maison 161m² à rennes,https://www.etreproprio.com/immobilier-21857931-vente-maison-161m-a-rennes-rennes,,,,,
Grande maison familiale - élégance intemporelle et raffinement à 10 min de la gare,https://www.etreproprio.com/immobilier-22343180-vente-grande-maison-familiale-elegance-intemporelle-et-raffinement-a-10-min-de-la-gare-rennes,,,,,
Maison de caractère 161 m² avec jardin paysager et stationnements,https://www.etreproprio.com/immobilier-21430691-vente-maison-de-caractere-161-m-avec-jardin-paysager-et-stationnements-rennes,,,,,
Maison 133m² à rennes,https://www.etreproprio.com/immobilier-22875240-vente-maison-133m-a-rennes-rennes,,,,,
Maison 283m² à rennes,https://www.etreproprio.com/immobilier-22869778-vente-maison-283m-a-rennes-rennes,,,,,
Maison - longs champs,https://www.etreproprio.com/immobilier-22756257-vente-maison-longs-champs-rennes,,,,,
Maison 187m² à rennes,https://www.etreproprio.com/immobilier-22753905-vente-maison-187m-a-rennes-rennes,,,,,
Maison 179m² à rennes,https://www.etreproprio.com/immobilier-22754344-vente-maison-179m-a-rennes-rennes,,,,,
Belle maison bourgeoise de 1910 à proximité du parc du thabor et de la place hoche,https://www.etreproprio.com/immobilier-22740909-vente-belle-maison-bourgeoise-de-1910-a-proximite-du-parc-du-thabor-et-de-la-place-hoche-rennes,,,,,
Maison 100m² à rennes,https://www.etreproprio.com/immobilier-22340736-vente-maison-100m-a-rennes-rennes,,,,,
Maison 80m² à rennes,https://www.etreproprio.com/immobilier-22716833-vente-maison-80m-a-rennes-rennes,,,,,
A vendre belle propriete 8 pieces à rennes,https://www.etreproprio.com/immobilier-22702520-vente-a-vendre-belle-propriete-8-pieces-a-rennes-rennes,,,,,
Maison 205m² à rennes,https://www.etreproprio.com/immobilier-22703720-vente-maison-205m-a-rennes-rennes,,,,,
"À vendre - maison familiale -  203 m² habitable, 220 m² au sol - 7 chambres - terrain de 1070 m² -  sous sol complet.",https://www.etreproprio.com/immobilier-22696233-vente-a-vendre-maison-familiale-203-m-habitable-220-m-au-sol-7-chambres-terrain-de-1070-m-sous-sol-complet-rennes,,,,,
Maison 81m² à rennes,https://www.etreproprio.com/immobilier-22446499-vente-maison-81m-a-rennes-rennes,,,,,
A 7 min de rennes ouest- spacieuse maison contemporaine familiale de 175 m² hab env sur 340 m² de terrain sud !,https://www.etreproprio.com/immobilier-22578837-vente-a-7-min-de-rennes-ouest-spacieuse-maison-contemporaine-familiale-de-175-m-hab-env-sur-340-m-de-terrain-sud-rennes,,,,,
Maison 125m² à rennes,https://www.etreproprio.com/immobilier-22679906-vente-maison-125m-a-rennes-rennes,,,,,
Maison 198m² à rennes,https://www.etreproprio.com/immobilier-22668570-vente-maison-198m-a-rennes-rennes,,,,,
Maison 116m² à rennes,https://www.etreproprio.com/immobilier-22659201-vente-maison-116m-a-rennes-rennes,,,,,
Maison saint brieuc des iffs 6 pièce(s) 132 m2,https://www.etreproprio.com/immobilier-23910207-vente-maison-saint-brieuc-des-iffs-6-pieces-132-m2-saint-brieuc-des-iffs,,,,,
Maison saint brieuc des iffs 5 pièce(s) 96 m2,https://www.etreproprio.com/immobilier-23375334-vente-maison-saint-brieuc-des-iffs-5-pieces-96-m2-saint-brieuc-des-iffs,,,,,
"Saint-brieuc des iffs (35630), maison 142 m² corps de ferme sur l'axe rennes (35000) - st malo (35400)",https://www.etreproprio.com/immobilier-20619989-vente-saint-brieuc-des-iffs-35630-maison-142-m-corps-de-ferme-sur-l-axe-rennes-35000-st-malo-35400-saint-brieuc-des-iffs,,,,,
Maison rennes 5 pièce(s) 116 m2,https://www.etreproprio.com/immobilier-22660258-vente-maison-rennes-5-pieces-116-m2-rennes,,,,,
Maison 5 pièces 116.21 m2 - rennes villejean,https://www.etreproprio.com/immobilier-22386818-vente-maison-5-pieces-11621-m2-rennes-villejean-rennes,,,,,
A vendre maison a renover  - 61m² habitable - 5 pieces - nord saint martin  - 35000 rennes,https://www.etreproprio.com/immobilier-22618721-vente-a-vendre-maison-a-renover-61m-habitable-5-pieces-nord-saint-martin-35000-rennes-rennes,,,,,
Maison - sacré-coeur / saint-yves,https://www.etreproprio.com/immobilier-22599929-vente-maison-sacre-coeur-saint-yves-rennes,,,,,
Maison 134m² à rennes,https://www.etreproprio.com/immobilier-22588551-vente-maison-134m-a-rennes-rennes,,,,,
À vendre - 35000 rennes - quartier mabilais / arsenal redon- maison recente de 2019 - 4 chambres et 1 bureau - 176 m² hab. - ter,https://www.etreproprio.com/immobilier-21714190-vente-a-vendre-35000-rennes-quartier-mabilais-arsenal-redon-maison-recente-de-2019-4-chambres-et-1-bureau-176-m-hab-ter-rennes,,,,,
"Maison de type 7 à vendre, rennes patton les gayeulles",https://www.etreproprio.com/immobilier-22330912-vente-maison-de-type-7-a-vendre-rennes-patton-les-gayeulles-rennes,,,,,
Maison 9 pièces - rennes - quartier sacrés coeurs,https://www.etreproprio.com/immobilier-22534578-vente-maison-9-pieces-rennes-quartier-sacres-coeurs-rennes,,,,,
Maison 135m² à rennes,https://www.etreproprio.com/immobilier-22314907-vente-maison-135m-a-rennes-rennes,,,,,
Maison   rennes 6 pièce(s) 155 m2,https://www.etreproprio.com/immobilier-22516803-vente-maison-rennes-6-pieces-155-m2-rennes,,,,,
Maison 102m² à rennes,https://www.etreproprio.com/immobilier-22265823-vente-maison-102m-a-rennes-rennes,,,,,
Maison familiale annees 30 - 35000 rennes fougeres,https://www.etreproprio.com/immobilier-22470849-vente-maison-familiale-annees-30-35000-rennes-fougeres-rennes,,,,,
Maison 115m² à rennes,https://www.etreproprio.com/immobilier-22467643-vente-maison-115m-a-rennes-rennes,,,,,
Maison en exclusivite de 133 m² renovee  - 35700 rennes - motte-brulon - bellangerais,https://www.etreproprio.com/immobilier-22470843-vente-maison-en-exclusivite-de-133-m-renovee-35700-rennes-motte-brulon-bellangerais-rennes,,,,,
Maison rennes 7 pièce(s) 200 m2,https://www.etreproprio.com/immobilier-22060492-vente-maison-rennes-7-pieces-200-m2-rennes,,,,,
Maison 174m² à rennes,https://www.etreproprio.com/immobilier-22426223-vente-maison-174m-a-rennes-rennes,,,,,
A vendre - en exclusivité - agence giboire - noyal châtillon sur seiche - maison type 8 de 226 m² - rennes métropole - axe renne,https://www.etreproprio.com/immobilier-21511687-vente-a-vendre-en-exclusivite-agence-giboire-noyal-chatillon-sur-seiche-maison-type-8-de-226-m-rennes-metropole-axe-renne-rennes,,,,,
Maison 250m² à rennes,https://www.etreproprio.com/immobilier-22415391-vente-maison-250m-a-rennes-rennes,,,,,
Hôtel particulier de charme à vendre - centre-ville de rennes - possibilité bureaux - professions libérales,https://www.etreproprio.com/immobilier-22126415-vente-hotel-particulier-de-charme-a-vendre-centre-ville-de-rennes-possibilite-bureaux-professions-liberales-rennes,,,,,
"Groupe giboire - maison à vendre à rennes - 6 pièces, 4 chambres, emplacement privilégié",https://www.etreproprio.com/immobilier-22387009-vente-groupe-giboire-maison-a-vendre-a-rennes-6-pieces-4-chambres-emplacement-privilegie-rennes,,,,,
Maison type t5 st broladre,https://www.etreproprio.com/immobilier-23855455-vente-maison-type-t5-st-broladre-saint-broladre,,,,,
Maison néo-bretonne à st broladre,https://www.etreproprio.com/immobilier-23672238-vente-maison-neo-bretonne-a-st-broladre-saint-broladre,,,,,
Saint broladre - pavillon 1984 - 92 m2 - terrain 633 m2,https://www.etreproprio.com/immobilier-23552085-vente-saint-broladre-pavillon-1984-92-m2-terrain-633-m2-saint-broladre,,,,,
Maison 140m² à saint-broladre,https://www.etreproprio.com/immobilier-22725094-vente-maison-140m-a-saint-broladre-saint-broladre,,,,,
Maison 140m² à saint-broladre,https://www.etreproprio.com/immobilier-21949988-vente-maison-140m-a-saint-broladre-saint-broladre,,,,,
Illet-et-vilaine 35120 maison en pierre avec garage a 9 minutes de la gare tgv,https://www.etreproprio.com/immobilier-22597153-vente-illet-et-vilaine-35120-maison-en-pierre-avec-garage-a-9-minutes-de-la-gare-tgv-saint-broladre,,,,,
Maison 145m² à rennes,https://www.etreproprio.com/immobilier-22392062-vente-maison-145m-a-rennes-rennes,,,,,
"A vendre chez côme immobilier - centre ville, proche gare - champ de mars - 129 m²  env. - 4 chambres -  courette - 35000 rennes",https://www.etreproprio.com/immobilier-21970454-vente-a-vendre-chez-come-immobilier-centre-ville-proche-gare-champ-de-mars-129-m-env-4-chambres-courette-35000-rennes-rennes,,,,,
Maison rennes 146 m2,https://www.etreproprio.com/immobilier-22351601-vente-maison-rennes-146-m2-rennes,,,,,
Maison rennes 130m² en plein centre ville proche gare,https://www.etreproprio.com/immobilier-22351604-vente-maison-rennes-130m-en-plein-centre-ville-proche-gare-rennes,,,,,
Quartier oberthur maison à proximité des écoles et commerces.,https://www.etreproprio.com/immobilier-22338945-vente-quartier-oberthur-maison-a-proximite-des-ecoles-et-commerces-rennes,,,,,
Maison 365m² à rennes,https://www.etreproprio.com/immobilier-22341013-vente-maison-365m-a-rennes-rennes,,,,,
Maison avec extension possible – quartier résidentiel,https://www.etreproprio.com/immobilier-22298217-vente-maison-avec-extension-possible-quartier-residentiel-rennes,,,,,
Maison 127m² à rennes,https://www.etreproprio.com/immobilier-22263213-vente-maison-127m-a-rennes-rennes,,,,,
"Maison de type 5 à vendre, rennes patton",https://www.etreproprio.com/immobilier-22263898-vente-maison-de-type-5-a-vendre-rennes-patton-rennes,,,,,
Grande maison en pierre,https://www.etreproprio.com/immobilier-22259001-vente-grande-maison-en-pierre-rennes,,,,,
Maison 123m² à rennes,https://www.etreproprio.com/immobilier-22223789-vente-maison-123m-a-rennes-rennes,,,,,
Rennes sacré-cœur / bd jacques cartier rennes (35),https://www.etreproprio.com/immobilier-22227170-vente-rennes-sacre-coeur-bd-jacques-cartier-rennes-35-rennes,,,,,
Maison 124m² à rennes,https://www.etreproprio.com/immobilier-22223790-vente-maison-124m-a-rennes-rennes,,,,,
Tres belle maison rénovée 6 pièce(s) 102 m2 avec piscine,https://www.etreproprio.com/immobilier-22189517-vente-tres-belle-maison-renovee-6-pieces-102-m2-avec-piscine-rennes,,,,,
Maison 35000 3 pièce(s) 60 m2,https://www.etreproprio.com/immobilier-20194569-vente-maison-35000-3-pieces-60-m2-rennes,,,,,
Belle maison de type 5 pièces avec jardin au calme,https://www.etreproprio.com/immobilier-14542058-vente-belle-maison-de-type-5-pieces-avec-jardin-au-calme-rennes,,,,,
A vendre - agence giboire - maison rennes 6 pièces 180 m²,https://www.etreproprio.com/immobilier-22145579-vente-a-vendre-agence-giboire-maison-rennes-6-pieces-180-m-rennes,,,,,
À 10 min de rennes - propriété équestre avec maison conte,https://www.etreproprio.com/immobilier-22152391-vente-a-10-min-de-rennes-propriete-equestre-avec-maison-conte-rennes,,,,,
Maison de caractère rare à rennes jeanne d'arc,https://www.etreproprio.com/immobilier-22109329-vente-maison-de-caractere-rare-a-rennes-jeanne-d-arc-rennes,,,,,
"Maison de type 6 à vendre, rennes patton saint laurent",https://www.etreproprio.com/immobilier-21105702-vente-maison-de-type-6-a-vendre-rennes-patton-saint-laurent-rennes,,,,,
Belle maison de bourg 6 chambres,https://www.etreproprio.com/immobilier-23507216-vente-belle-maison-de-bourg-6-chambres-saint-christophe-des-bois,,,,,
Maison 100m² à saint-christophe-des-bois,https://www.etreproprio.com/immobilier-23601740-vente-maison-100m-a-saint-christophe-des-bois-saint-christophe-des-bois,,,,,
Ensemble immobilier avec maison d'habitation,https://www.etreproprio.com/immobilier-23573076-vente-ensemble-immobilier-avec-maison-d-habitation-saint-christophe-des-bois,,,,,
Maison 101m² à saint-coulomb,https://www.etreproprio.com/immobilier-23479149-vente-maison-101m-a-saint-coulomb-saint-coulomb,,,,,
"Saint coulomb, centre, maison de type 4. jardin. garage",https://www.etreproprio.com/immobilier-23873344-vente-saint-coulomb-centre-maison-de-type-4-jardin-garage-saint-coulomb,,,,,
Maison 131m² à saint-coulomb,https://www.etreproprio.com/immobilier-23166299-vente-maison-131m-a-saint-coulomb-saint-coulomb,,,,,
Maison à vendre à saint coulomb 135 m²,https://www.etreproprio.com/immobilier-23819033-vente-maison-a-vendre-a-saint-coulomb-135-m-saint-coulomb,,,,,
Maison familiale saint coulomb 6 pièce(s),https://www.etreproprio.com/immobilier-23755331-vente-maison-familiale-saint-coulomb-6-pieces-saint-coulomb,,,,,
Maison de caractère en centre bourg au calme !,https://www.etreproprio.com/immobilier-23605020-vente-maison-de-caractere-en-centre-bourg-au-calme-saint-coulomb,,,,,
Maison 136m² à saint-coulomb,https://www.etreproprio.com/immobilier-22682058-vente-maison-136m-a-saint-coulomb-saint-coulomb,,,,,
Maison 133m² à saint-coulomb,https://www.etreproprio.com/immobilier-22968912-vente-maison-133m-a-saint-coulomb-saint-coulomb,,,,,
"A vendre - maison neuve , vie de plain pied - garage - jardin - proche mer",https://www.etreproprio.com/immobilier-22001801-vente-a-vendre-maison-neuve-vie-de-plain-pied-garage-jardin-proche-mer-saint-coulomb,,,,,
Maison saint coulomb 6 pièce(s) 150 m2,https://www.etreproprio.com/immobilier-22680722-vente-maison-saint-coulomb-6-pieces-150-m2-saint-coulomb,,,,,
Saint-coulomb - exclusivite,https://www.etreproprio.com/immobilier-23112195-vente-saint-coulomb-exclusivite-saint-coulomb,,,,,
Maison saint coulomb 3 minutes plages - 148 m2,https://www.etreproprio.com/immobilier-23374221-vente-maison-saint-coulomb-3-minutes-plages-148-m2-saint-coulomb,,,,,
Maison 173m² à saint-coulomb,https://www.etreproprio.com/immobilier-23310586-vente-maison-173m-a-saint-coulomb-saint-coulomb,,,,,
Maison 122m² à saint-coulomb,https://www.etreproprio.com/immobilier-23310561-vente-maison-122m-a-saint-coulomb-saint-coulomb,,,,,
Maison de caractère entièrement rénovée,https://www.etreproprio.com/immobilier-23158070-vente-maison-de-caractere-entierement-renovee-saint-coulomb,,,,,
Maison 110m² à saint-coulomb,https://www.etreproprio.com/immobilier-22946233-vente-maison-110m-a-saint-coulomb-saint-coulomb,,,,,
Maison 138m² à saint-coulomb,https://www.etreproprio.com/immobilier-21732626-vente-maison-138m-a-saint-coulomb-saint-coulomb,,,,,
Maison 154m² à saint-coulomb,https://www.etreproprio.com/immobilier-22285901-vente-maison-154m-a-saint-coulomb-saint-coulomb,,,,,
A vendre maison type 6 saint coulomb  180 m² jardin plage bord de mer vie de plain pied,https://www.etreproprio.com/immobilier-21658001-vente-a-vendre-maison-type-6-saint-coulomb-180-m-jardin-plage-bord-de-mer-vie-de-plain-pied-saint-coulomb,,,,,
Maison t6 la guimorais-saint-coulomb,https://www.etreproprio.com/immobilier-21582642-vente-maison-t6-la-guimorais-saint-coulomb-saint-coulomb,,,,,
Maison 86m² à saint-didier,https://www.etreproprio.com/immobilier-23806602-vente-maison-86m-a-saint-didier-saint-didier,,,,,
Maison 160m² à saint-didier,https://www.etreproprio.com/immobilier-23653682-vente-maison-160m-a-saint-didier-saint-didier,,,,,
Charmante maison de plain-pied dans le bourg à vendre – saint-didier (35),https://www.etreproprio.com/immobilier-23517984-vente-charmante-maison-de-plain-pied-dans-le-bourg-a-vendre-saint-didier-35-saint-didier,,,,,
A vendre maison 4 pièces saint-didier 87 m² - 230 400  hai,https://www.etreproprio.com/immobilier-23499908-vente-a-vendre-maison-4-pieces-saint-didier-87-m-230-400-hai-saint-didier,,,,,
"Maison familiale 137 m2, jardin arboré - à 5 min de châteaubourg",https://www.etreproprio.com/immobilier-23452959-vente-maison-familiale-137-m2-jardin-arbore-a-5-min-de-chateaubourg-saint-didier,,,,,
"Maison de plain-pied, proche des commerces",https://www.etreproprio.com/immobilier-23273769-vente-maison-de-plain-pied-proche-des-commerces-saint-didier,,,,,
Maison 200m² à saint-didier,https://www.etreproprio.com/immobilier-23184130-vente-maison-200m-a-saint-didier-saint-didier,,,,,
Charmante longère en pierre rénovée avec goût,https://www.etreproprio.com/immobilier-23021195-vente-charmante-longere-en-pierre-renovee-avec-gout-saint-didier,,,,,
Vente maison saint-didier(35220) 183 750ï¿œ,https://www.etreproprio.com/immobilier-22563480-vente-vente-maison-saint-didier35220-183-750i-oe-saint-didier,,,,,
A vendre - agence giboire - maison rennes,https://www.etreproprio.com/immobilier-22072934-vente-a-vendre-agence-giboire-maison-rennes-rennes,,,,,
Maison 199m² à rennes,https://www.etreproprio.com/immobilier-22051270-vente-maison-199m-a-rennes-rennes,,,,,
Belle demeure au coeur du thabor à rennes,https://www.etreproprio.com/immobilier-22053719-vente-belle-demeure-au-coeur-du-thabor-a-rennes-rennes,,,,,
Maison 12 pièces 202 m2,https://www.etreproprio.com/immobilier-22016236-vente-maison-12-pieces-202-m2-rennes,,,,,
Maison spacieuse à vendre à rennes - arsenal - redon,https://www.etreproprio.com/immobilier-21960356-vente-maison-spacieuse-a-vendre-a-rennes-arsenal-redon-rennes,,,,,
Maison 102m² à rennes,https://www.etreproprio.com/immobilier-21909528-vente-maison-102m-a-rennes-rennes,,,,,
Maison 183m² à rennes,https://www.etreproprio.com/immobilier-21927200-vente-maison-183m-a-rennes-rennes,,,,,
Rennes quartier la poterie maison 5 pièce(s) 95 m2,https://www.etreproprio.com/immobilier-21930063-vente-rennes-quartier-la-poterie-maison-5-pieces-95-m2-rennes,,,,,
"Grande maison t5 neuve, beaux volumes, terrasse, jardin privatif, prestations de qualité",https://www.etreproprio.com/immobilier-21935379-vente-grande-maison-t5-neuve-beaux-volumes-terrasse-jardin-privatif-prestations-de-qualite-rennes,,,,,
À vendre - exclusivité agence giboire - maison de 89 m² habitables (183 m² au sol) - rennes - quartier saint-yves,https://www.etreproprio.com/immobilier-21899112-vente-a-vendre-exclusivite-agence-giboire-maison-de-89-m-habitables-183-m-au-sol-rennes-quartier-saint-yves-rennes,,,,,
Rennes sud / poterie  maison t4 de plain pied,https://www.etreproprio.com/immobilier-17347415-vente-rennes-sud-poterie-maison-t4-de-plain-pied-rennes,,,,,
"Maison neuve rennes 7 pièce(s), 4 chambres , 131 m², quartier calme",https://www.etreproprio.com/immobilier-21523798-vente-maison-neuve-rennes-7-pieces-4-chambres-131-m-quartier-calme-rennes,,,,,
"Maison neuve 7 pièce(s) 4 chambres,  130 m² dans le quartier francisco ferrer",https://www.etreproprio.com/immobilier-21523799-vente-maison-neuve-7-pieces-4-chambres-130-m-dans-le-quartier-francisco-ferrer-rennes,,,,,
Maison 6 pièces de 162m2,https://www.etreproprio.com/immobilier-20771172-vente-maison-6-pieces-de-162m2-rennes,,,,,
Maison 68m² à rennes,https://www.etreproprio.com/immobilier-21777085-vente-maison-68m-a-rennes-rennes,,,,,
Maison 200m² à rennes,https://www.etreproprio.com/immobilier-21735324-vente-maison-200m-a-rennes-rennes,,,,,
À vendre agence giboire maison 195m² au sol rennes quartier jeanne-d'arc,https://www.etreproprio.com/immobilier-21657823-vente-a-vendre-agence-giboire-maison-195m-au-sol-rennes-quartier-jeanne-d-arc-rennes,,,,,
Maison 145m² à rennes,https://www.etreproprio.com/immobilier-21645909-vente-maison-145m-a-rennes-rennes,,,,,
Maison non mitoyenne 187m2 jeanne d'arc,https://www.etreproprio.com/immobilier-21580966-vente-maison-non-mitoyenne-187m2-jeanne-d-arc-rennes,,,,,
Maison avec 6 lots de 300 m2 a batir !!!!!!!!!!!,https://www.etreproprio.com/immobilier-21579801-vente-maison-avec-6-lots-de-300-m2-a-batir-rennes,,,,,
Maison saint-coulomb,https://www.etreproprio.com/immobilier-18729225-vente-maison-saint-coulomb-saint-coulomb,,,,,
Maison 88m² à rennes,https://www.etreproprio.com/immobilier-21523459-vente-maison-88m-a-rennes-rennes,,,,,
Rennes quartier villeneuve - maison individuelle de 70 m² - garage et jardin,https://www.etreproprio.com/immobilier-21449449-vente-rennes-quartier-villeneuve-maison-individuelle-de-70-m-garage-et-jardin-rennes,,,,,
Maison 192m² à rennes,https://www.etreproprio.com/immobilier-21074288-vente-maison-192m-a-rennes-rennes,,,,,
À vendre - agence giboire rennes sainte-thérèse/gare - maison avec grand jardin et garage,https://www.etreproprio.com/immobilier-21013199-vente-a-vendre-agence-giboire-rennes-sainte-theresegare-maison-avec-grand-jardin-et-garage-rennes,,,,,
Rennes - francisco ferrer - maison-  4 chambres - garage - jardin,https://www.etreproprio.com/immobilier-15948965-vente-rennes-francisco-ferrer-maison-4-chambres-garage-jardin-rennes,,,,,
Maison 187m² à rennes,https://www.etreproprio.com/immobilier-20691882-vente-maison-187m-a-rennes-rennes,,,,,
Maison à rénover - grande parcelle - quartier sainte-thérèse - rennes,https://www.etreproprio.com/immobilier-20591006-vente-maison-a-renover-grande-parcelle-quartier-sainte-therese-rennes-rennes,,,,,
"Maison de type 3 à vendre, rennes patton",https://www.etreproprio.com/immobilier-20591118-vente-maison-de-type-3-a-vendre-rennes-patton-rennes,,,,,
Maison 164m² à rennes,https://www.etreproprio.com/immobilier-20339828-vente-maison-164m-a-rennes-rennes,,,,,
Rennes 35000 - 4 pièces,https://www.etreproprio.com/immobilier-19573513-vente-rennes-35000-4-pieces-rennes,,,,,
Maison neuve à rennes,https://www.etreproprio.com/immobilier-19517092-vente-maison-neuve-a-rennes-rennes,,,,,
Maison rennes type 2 de 50 m² sur terrain de 1667 m²,https://www.etreproprio.com/immobilier-19213735-vente-maison-rennes-type-2-de-50-m-sur-terrain-de-1667-m-rennes,,,,,
Maison 114m² à rennes,https://www.etreproprio.com/immobilier-18468529-vente-maison-114m-a-rennes-rennes,,,,,
Maison 82m² à rennes,https://www.etreproprio.com/immobilier-17581339-vente-maison-82m-a-rennes-rennes,,,,,
Maison 162m² à rennes,https://www.etreproprio.com/immobilier-17094565-vente-maison-162m-a-rennes-rennes,,,,,
Rennes - francisco ferrer - maison-  4 chambres - garage - jardin,https://www.etreproprio.com/immobilier-15948732-vente-rennes-francisco-ferrer-maison-4-chambres-garage-jardin-rennes,,,,,
Rennes thabor - exceptionnel - maison d'architecte - 180m2,https://www.etreproprio.com/immobilier-15948925-vente-rennes-thabor-exceptionnel-maison-d-architecte-180m2-rennes,,,,,
Maison 112m² à saint-domineuc,https://www.etreproprio.com/immobilier-23563083-vente-maison-112m-a-saint-domineuc-saint-domineuc,,,,,
Maison saint-domineuc 186 m²,https://www.etreproprio.com/immobilier-23664154-vente-maison-saint-domineuc-186-m-saint-domineuc,,,,,
Maison saint-domineuc  8 pièces 186m2,https://www.etreproprio.com/immobilier-21877397-vente-maison-saint-domineuc-8-pieces-186m2-saint-domineuc,,,,,
Maison familiale à saint domineuc,https://www.etreproprio.com/immobilier-23469805-vente-maison-familiale-a-saint-domineuc-saint-domineuc,,,,,
Maison 161m² à saint-domineuc,https://www.etreproprio.com/immobilier-23296333-vente-maison-161m-a-saint-domineuc-saint-domineuc,,,,,
Maison saint domineuc 3 pièce(s) 110 m2,https://www.etreproprio.com/immobilier-21584903-vente-maison-saint-domineuc-3-pieces-110-m2-saint-domineuc,,,,,
Maison 97m² à saint-domineuc,https://www.etreproprio.com/immobilier-17579747-vente-maison-97m-a-saint-domineuc-saint-domineuc,,,,,
Maison 205m² à saint-domineuc,https://www.etreproprio.com/immobilier-17579757-vente-maison-205m-a-saint-domineuc-saint-domineuc,,,,,
Maison 205m² à saint-domineuc,https://www.etreproprio.com/immobilier-17579755-vente-maison-205m-a-saint-domineuc-saint-domineuc,,,,,
Maison 200m² à saint-domineuc,https://www.etreproprio.com/immobilier-17579744-vente-maison-200m-a-saint-domineuc-saint-domineuc,,,,,
Maison 160m² à saint-erblon,https://www.etreproprio.com/immobilier-23873398-vente-maison-160m-a-saint-erblon-saint-erblon,,,,,
Vente maison saint-erblon(35230) 441 000ï¿œ,https://www.etreproprio.com/immobilier-23727489-vente-vente-maison-saint-erblon35230-441-000i-oe-saint-erblon,,,,,
Maison lumineuse de 2024!,https://www.etreproprio.com/immobilier-23725627-vente-maison-lumineuse-de-2024-saint-erblon,,,,,
Saint erblon maison neuve de 150m² avec de belles prestations sur 380m² de terrain exposé ouest !,https://www.etreproprio.com/immobilier-23687398-vente-saint-erblon-maison-neuve-de-150m-avec-de-belles-prestations-sur-380m-de-terrain-expose-ouest-saint-erblon,,,,,
"Campagne de saint erblon, longère rénovée de 170m2 entourée par des prairies",https://www.etreproprio.com/immobilier-19705146-vente-campagne-de-saint-erblon-longere-renovee-de-170m2-entouree-par-des-prairies-saint-erblon,,,,,
Maison 150m² à saint-erblon,https://www.etreproprio.com/immobilier-23570209-vente-maison-150m-a-saint-erblon-saint-erblon,,,,,
Longere saint erblon 7 pièce(s) 174 m2,https://www.etreproprio.com/immobilier-23687104-vente-longere-saint-erblon-7-pieces-174-m2-saint-erblon,,,,,
maison contemporaine 4 chambres – 150 m² avec garage neuve jamais habitee,https://www.etreproprio.com/immobilier-23695150-vente-maison-contemporaine-4-chambres-150-m-avec-garage-neuve-jamais-habitee-saint-erblon,,,,,
"En impasse, belle maison contemporaine sur terrain 607 m2 clos et arboré",https://www.etreproprio.com/immobilier-23595764-vente-en-impasse-belle-maison-contemporaine-sur-terrain-607-m2-clos-et-arbore-saint-erblon,,,,,
Maison 174m² à saint-erblon,https://www.etreproprio.com/immobilier-23576169-vente-maison-174m-a-saint-erblon-saint-erblon,,,,,
Maison 6 pièces 97 m2 sur 775m2 de terrain - ascenseur - saint-erblon,https://www.etreproprio.com/immobilier-21785185-vente-maison-6-pieces-97-m2-sur-775m2-de-terrain-ascenseur-saint-erblon-saint-erblon,,,,,
Maison 148m² à saint-erblon,https://www.etreproprio.com/immobilier-23499823-vente-maison-148m-a-saint-erblon-saint-erblon,,,,,
Belle contemporaine (150 m2) sur terrain de 560 m2 avec piscine.,https://www.etreproprio.com/immobilier-23464291-vente-belle-contemporaine-150-m2-sur-terrain-de-560-m2-avec-piscine-saint-erblon,,,,,
Maison récente 150 m² 4 chambres,https://www.etreproprio.com/immobilier-22884217-vente-maison-recente-150-m-4-chambres-saint-erblon,,,,,
Belle comtemporaine t7,https://www.etreproprio.com/immobilier-23042411-vente-belle-comtemporaine-t7-saint-erblon,,,,,
Exclusivite a vendre  saint-erblon  belle maison de 160 m2  avec 4 chambres aux portes de rennes en 6 minutes,https://www.etreproprio.com/immobilier-23326633-vente-exclusivite-a-vendre-saint-erblon-belle-maison-de-160-m2-avec-4-chambres-aux-portes-de-rennes-en-6-minutes-saint-erblon,,,,,
Maison 90m² à saint-erblon,https://www.etreproprio.com/immobilier-22904813-vente-maison-90m-a-saint-erblon-saint-erblon,,,,,
Maison 90m² à saint-erblon,https://www.etreproprio.com/immobilier-22749526-vente-maison-90m-a-saint-erblon-saint-erblon,,,,,
A vendre saint erblon - tres belle maison moderne et contemporaine de 2023 - 4 chambres - terrain  400 m²,https://www.etreproprio.com/immobilier-22425776-vente-a-vendre-saint-erblon-tres-belle-maison-moderne-et-contemporaine-de-2023-4-chambres-terrain-400-m-saint-erblon,,,,,
Longère indépendante 3ch plein centre de saint-erblon,https://www.etreproprio.com/immobilier-22325055-vente-longere-independante-3ch-plein-centre-de-saint-erblon-saint-erblon,,,,,
Maison 140m² à saint-ganton,https://www.etreproprio.com/immobilier-23786265-vente-maison-140m-a-saint-ganton-saint-ganton,,,,,
Maison 80m² à saint-ganton,https://www.etreproprio.com/immobilier-23362114-vente-maison-80m-a-saint-ganton-saint-ganton,,,,,
Maison de 132m² sur un terrain de 3449 m²,https://www.etreproprio.com/immobilier-22922960-vente-maison-de-132m-sur-un-terrain-de-3449-m-saint-ganton,,,,,
Maison en pierre de 120m² sur un terrain de 425 m²,https://www.etreproprio.com/immobilier-22260486-vente-maison-en-pierre-de-120m-sur-un-terrain-de-425-m-saint-ganton,,,,,
Maison 170m² à saint-georges-de-grehaigne,https://www.etreproprio.com/immobilier-23904839-vente-maison-170m-a-saint-georges-de-grehaigne-saint-georges-de-grehaigne,,,,,
"Dpt (35), à vendre maison à rénover - baie du mont saint michel - saint georges de gréhaigne",https://www.etreproprio.com/immobilier-23573561-vente-dpt-35-a-vendre-maison-a-renover-baie-du-mont-saint-michel-saint-georges-de-grehaigne-saint-georges-de-grehaigne,,,,,
"Dpt (35), à vendre ensemble immobilier à rénover - baie du mont saint michel - saint georges de gréhaigne",https://www.etreproprio.com/immobilier-23573624-vente-dpt-35-a-vendre-ensemble-immobilier-a-renover-baie-du-mont-saint-michel-saint-georges-de-grehaigne-saint-georges-de-grehaigne,,,,,
"Dpt (35), à vendre propriété à rénover - baie du mont saint michel - saint georges de gréhaigne",https://www.etreproprio.com/immobilier-23573560-vente-dpt-35-a-vendre-propriete-a-renover-baie-du-mont-saint-michel-saint-georges-de-grehaigne-saint-georges-de-grehaigne,,,,,
A vendre - propriete avec gite - baie du mont st michel,https://www.etreproprio.com/immobilier-22894005-vente-a-vendre-propriete-avec-gite-baie-du-mont-st-michel-saint-georges-de-grehaigne,,,,,
St erblon maison 5 pièces 115m2,https://www.etreproprio.com/immobilier-22151678-vente-st-erblon-maison-5-pieces-115m2-saint-erblon,,,,,
St erblon maison 5 pièces 135m2,https://www.etreproprio.com/immobilier-22032101-vente-st-erblon-maison-5-pieces-135m2-saint-erblon,,,,,
"Maison à vendre à saint-erblon, 4 chambres bureau, 126m2 hab sur 559m2 de terrain.",https://www.etreproprio.com/immobilier-21973633-vente-maison-a-vendre-a-saint-erblon-4-chambres-bureau-126m2-hab-sur-559m2-de-terrain-saint-erblon,,,,,
Ce bien sous compromis n'est plus disponible à la vente,https://www.etreproprio.com/immobilier-21797479-vente-ce-bien-sous-compromis-n-est-plus-disponible-a-la-vente-saint-erblon,,,,,
Maison 76m² à saint-georges-de-reintembault,https://www.etreproprio.com/immobilier-23903659-vente-maison-76m-a-saint-georges-de-reintembault-saint-georges-de-reintembault,,,,,
Maison 83m² à saint-georges-de-reintembault,https://www.etreproprio.com/immobilier-23727176-vente-maison-83m-a-saint-georges-de-reintembault-saint-georges-de-reintembault,,,,,
Maison 280m² à saint-georges-de-reintembault,https://www.etreproprio.com/immobilier-23718156-vente-maison-280m-a-saint-georges-de-reintembault-saint-georges-de-reintembault,,,,,
Maison de 124 m² – cœur de saint-georges-de-reintembault,https://www.etreproprio.com/immobilier-23695172-vente-maison-de-124-m-coeur-de-saint-georges-de-reintembault-saint-georges-de-reintembault,,,,,
Maison 139m² à saint-georges-de-reintembault,https://www.etreproprio.com/immobilier-23547790-vente-maison-139m-a-saint-georges-de-reintembault-saint-georges-de-reintembault,,,,,
Maison 99m² à saint-georges-de-reintembault,https://www.etreproprio.com/immobilier-23081037-vente-maison-99m-a-saint-georges-de-reintembault-saint-georges-de-reintembault,,,,,
À vendre longères à st georges de reintembault,https://www.etreproprio.com/immobilier-22942740-vente-a-vendre-longeres-a-st-georges-de-reintembault-saint-georges-de-reintembault,,,,,
A vendre -  saint georges de reintembault - maison en pierres 6 pièce(s) 176 m²,https://www.etreproprio.com/immobilier-22862486-vente-a-vendre-saint-georges-de-reintembault-maison-en-pierres-6-pieces-176-m-saint-georges-de-reintembault,,,,,
Maison 210m² à saint-georges-de-reintembault,https://www.etreproprio.com/immobilier-22584369-vente-maison-210m-a-saint-georges-de-reintembault-saint-georges-de-reintembault,,,,,
A vendre maison 5 pièces 107 m²,https://www.etreproprio.com/immobilier-22199471-vente-a-vendre-maison-5-pieces-107-m-saint-georges-de-reintembault,,,,,
Maison à rénover,https://www.etreproprio.com/immobilier-22129330-vente-maison-a-renover-saint-georges-de-reintembault,,,,,
Maison familiale de 138 m2 avec dependances a 5 kms dargentre du plessis,https://www.etreproprio.com/immobilier-23464947-vente-maison-familiale-de-138-m2-avec-dependances-a-5-kms-dargentre-du-plessis-saint-germain-du-pinel,,,,,
Maison 121m² à saint-germain-du-pinel,https://www.etreproprio.com/immobilier-22296405-vente-maison-121m-a-saint-germain-du-pinel-saint-germain-du-pinel,,,,,
Maison en campagne avec grand garage - dependance,https://www.etreproprio.com/immobilier-23595970-vente-maison-en-campagne-avec-grand-garage-dependance-saint-germain-du-pinel,,,,,
Longère  proche a84,https://www.etreproprio.com/immobilier-23513618-vente-longere-proche-a84-saint-germain-en-cogles,,,,,
"Maison rénovée en pierres à vendre, 6 pièces avec 4 voir 5 chambres, bourg saint germain en cogles (35)",https://www.etreproprio.com/immobilier-22453123-vente-maison-renovee-en-pierres-a-vendre-6-pieces-avec-4-voir-5-chambres-bourg-saint-germain-en-cogles-35-saint-germain-en-cogles,,,,,
"Maison st germain en cogles  2 pièce(s) 200,86 m2",https://www.etreproprio.com/immobilier-23628917-vente-maison-st-germain-en-cogles-2-pieces-20086-m2-saint-germain-en-cogles,,,,,
A vendre : maison à saint germain en cogles,https://www.etreproprio.com/immobilier-23806394-vente-a-vendre-maison-a-saint-germain-en-cogles-saint-germain-en-cogles,,,,,
Maison 130m² à saint-germain-en-cogles,https://www.etreproprio.com/immobilier-23733478-vente-maison-130m-a-saint-germain-en-cogles-saint-germain-en-cogles,,,,,
Maison à rénover – cœur de bourg de saint-germain-en-coglès,https://www.etreproprio.com/immobilier-23634259-vente-maison-a-renover-coeur-de-bourg-de-saint-germain-en-cogles-saint-germain-en-cogles,,,,,
Maison 120m² 4chambres,https://www.etreproprio.com/immobilier-23552358-vente-maison-120m-4chambres-saint-germain-en-cogles,,,,,
Longère rénovée – 8 min de fougères – 6 min de l’a84 – parc verdoyant,https://www.etreproprio.com/immobilier-22995770-vente-longere-renovee-8-min-de-fougeres-6-min-de-l-a84-parc-verdoyant-saint-germain-en-cogles,,,,,
Maison  (12 minutes de fougères),https://www.etreproprio.com/immobilier-22993159-vente-maison-12-minutes-de-fougeres-saint-germain-en-cogles,,,,,
Maison 126m² à saint-germain-en-cogles,https://www.etreproprio.com/immobilier-21545960-vente-maison-126m-a-saint-germain-en-cogles-saint-germain-en-cogles,,,,,
Maison saint germain en cogles 3 pièce(s) 71 m2,https://www.etreproprio.com/immobilier-20056137-vente-maison-saint-germain-en-cogles-3-pieces-71-m2-saint-germain-en-cogles,,,,,
Grand longère en pierre à rénover!,https://www.etreproprio.com/immobilier-19813257-vente-grand-longere-en-pierre-a-renover-saint-germain-en-cogles,,,,,
"Maison 3 pièces, 79 m², saint germain sur ille",https://www.etreproprio.com/immobilier-23319173-vente-maison-3-pieces-79-m-saint-germain-sur-ille-saint-germain-sur-ille,,,,,
Maison 120m² à saint-germain-sur-ille,https://www.etreproprio.com/immobilier-23637696-vente-maison-120m-a-saint-germain-sur-ille-saint-germain-sur-ille,,,,,
Maison 30m² à saint-germain-sur-ille,https://www.etreproprio.com/immobilier-23314592-vente-maison-30m-a-saint-germain-sur-ille-saint-germain-sur-ille,,,,,
Magnifique  maison,https://www.etreproprio.com/immobilier-21798756-vente-magnifique-maison-saint-germain-sur-ille,,,,,
Maison avec 5 pièces,https://www.etreproprio.com/immobilier-22010040-vente-maison-avec-5-pieces-saint-germain-sur-ille,,,,,
Saint gilles - spacieuse longère type 5 pièce(s) 380 m2 dont 114m² habitable + hangar 200m² + porcherie 96 m² + box bois 110 m²,https://www.etreproprio.com/immobilier-23889776-vente-saint-gilles-spacieuse-longere-type-5-pieces-380-m2-dont-114m-habitable-hangar-200m-porcherie-96-m-box-bois-110-m-saint-gilles,,,,,
Saint gilles - spacieuse bâtisse/longère de 260 m² à rénover entièrement sur terrain de 4 400m² env,https://www.etreproprio.com/immobilier-23889777-vente-saint-gilles-spacieuse-batisselongere-de-260-m-a-renover-entierement-sur-terrain-de-4-400m-env-saint-gilles,,,,,
Saint gilles 7 pièce(s),https://www.etreproprio.com/immobilier-22698096-vente-saint-gilles-7-pieces-saint-gilles,,,,,
Maison indépendante en campagne,https://www.etreproprio.com/immobilier-23807504-vente-maison-independante-en-campagne-saint-gilles,,,,,
Maison 5 pièces - 77 m2 - 137 m² de terrain - garage et place de parking,https://www.etreproprio.com/immobilier-23798503-vente-maison-5-pieces-77-m2-137-m-de-terrain-garage-et-place-de-parking-saint-gilles,,,,,
"Longère entièrement rénovée sur 2 800 m² de terrain, en campagne",https://www.etreproprio.com/immobilier-23784889-vente-longere-entierement-renovee-sur-2-800-m-de-terrain-en-campagne-saint-gilles,,,,,
Maison à st gilles - proche centre,https://www.etreproprio.com/immobilier-23687395-vente-maison-a-st-gilles-proche-centre-saint-gilles,,,,,
Maison 135m² à saint-gilles,https://www.etreproprio.com/immobilier-21967582-vente-maison-135m-a-saint-gilles-saint-gilles,,,,,
Maison 118m² à saint-gilles,https://www.etreproprio.com/immobilier-23691024-vente-maison-118m-a-saint-gilles-saint-gilles,,,,,
Maison 93m² à saint-gilles,https://www.etreproprio.com/immobilier-22529651-vente-maison-93m-a-saint-gilles-saint-gilles,,,,,
Longère rénovée proche centre,https://www.etreproprio.com/immobilier-18808866-vente-longere-renovee-proche-centre-saint-gilles,,,,,
Maison avec 2ch au rez-de-chaussée,https://www.etreproprio.com/immobilier-23374386-vente-maison-avec-2ch-au-rez-de-chaussee-saint-gilles,,,,,
Saint gilles longère non mitoyenne de 250 m2 habitables sur 1556m² de terrain plein sud !,https://www.etreproprio.com/immobilier-23628588-vente-saint-gilles-longere-non-mitoyenne-de-250-m2-habitables-sur-1556m-de-terrain-plein-sud-saint-gilles,,,,,
Maison 148m² à saint-gilles,https://www.etreproprio.com/immobilier-23599122-vente-maison-148m-a-saint-gilles-saint-gilles,,,,,
Maison 130m² à saint-gilles,https://www.etreproprio.com/immobilier-21967574-vente-maison-130m-a-saint-gilles-saint-gilles,,,,,
Saint gilles longère indépendante sans vis à vis de 148m² habitables sur 1400m² de terrain avec double abri voiture !,https://www.etreproprio.com/immobilier-23431941-vente-saint-gilles-longere-independante-sans-vis-a-vis-de-148m-habitables-sur-1400m-de-terrain-avec-double-abri-voiture-saint-gilles,,,,,
A vendre - agence giboire - en exclusivite - maison individuelle saint gilles 6 pièce(s) 122 m2,https://www.etreproprio.com/immobilier-22973849-vente-a-vendre-agence-giboire-en-exclusivite-maison-individuelle-saint-gilles-6-pieces-122-m2-saint-gilles,,,,,
Saint gilles - spacieuse longère type 5 pièce(s) 380 m2 dont 114m² habitables+ dépendance potentiel  260m² sol + hangar 200m² +,https://www.etreproprio.com/immobilier-23489082-vente-saint-gilles-spacieuse-longere-type-5-pieces-380-m2-dont-114m-habitables-dependance-potentiel-260m-sol-hangar-200m-saint-gilles,,,,,
Maison 123m² à saint-gilles,https://www.etreproprio.com/immobilier-23017656-vente-maison-123m-a-saint-gilles-saint-gilles,,,,,
Maison 130m² à saint-gilles,https://www.etreproprio.com/immobilier-23454812-vente-maison-130m-a-saint-gilles-saint-gilles,,,,,
Maison 137m² à saint-gondran,https://www.etreproprio.com/immobilier-23361955-vente-maison-137m-a-saint-gondran-saint-gondran,,,,,
Saint symphorien - maison - 96m2,https://www.etreproprio.com/immobilier-23759584-vente-saint-symphorien-maison-96m2-saint-gondran,,,,,
Maison 139m² à saint-gonlay,https://www.etreproprio.com/immobilier-23647188-vente-maison-139m-a-saint-gonlay-saint-gonlay,,,,,
Maison 228m² à saint-gonlay,https://www.etreproprio.com/immobilier-22046831-vente-maison-228m-a-saint-gonlay-saint-gonlay,,,,,
A vendre - agence giboire - exclusivité  - maison saint grégoire 264 m2,https://www.etreproprio.com/immobilier-22220526-vente-a-vendre-agence-giboire-exclusivite-maison-saint-gregoire-264-m2-saint-gregoire,,,,,
Maison hyper centre saint gregoire 6 pièce(s) 168m2,https://www.etreproprio.com/immobilier-23579509-vente-maison-hyper-centre-saint-gregoire-6-pieces-168m2-saint-gregoire,,,,,
Maison 113m² à saint-gregoire,https://www.etreproprio.com/immobilier-23856715-vente-maison-113m-a-saint-gregoire-saint-gregoire,,,,,
Maison 117m² à saint-gregoire,https://www.etreproprio.com/immobilier-23828661-vente-maison-117m-a-saint-gregoire-saint-gregoire,,,,,
Demeure d'exception saint grégoire de 206m2 dont t1 de 27m2 + dépendances diverses,https://www.etreproprio.com/immobilier-22505275-vente-demeure-d-exception-saint-gregoire-de-206m2-dont-t1-de-27m2-dependances-diverses-saint-gregoire,,,,,
Maison 237m² à saint-gregoire,https://www.etreproprio.com/immobilier-22901739-vente-maison-237m-a-saint-gregoire-saint-gregoire,,,,,
Maison 152m² à saint-gregoire,https://www.etreproprio.com/immobilier-23808452-vente-maison-152m-a-saint-gregoire-saint-gregoire,,,,,
Maison 147m² à saint-gregoire,https://www.etreproprio.com/immobilier-23808453-vente-maison-147m-a-saint-gregoire-saint-gregoire,,,,,
Maison 184m² à saint-gregoire,https://www.etreproprio.com/immobilier-23808451-vente-maison-184m-a-saint-gregoire-saint-gregoire,,,,,
Maison 8 pièce(s) 237 m2 à saint grégoire avec piscine,https://www.etreproprio.com/immobilier-22497879-vente-maison-8-pieces-237-m2-a-saint-gregoire-avec-piscine-saint-gregoire,,,,,
Maison - saint-grégoire,https://www.etreproprio.com/immobilier-23785844-vente-maison-saint-gregoire-saint-gregoire,,,,,
"Saint grégoire, maison récente de 101m² avec 4 chambres proche lycée et collège sur 250m² de terrain !",https://www.etreproprio.com/immobilier-23709525-vente-saint-gregoire-maison-recente-de-101m-avec-4-chambres-proche-lycee-et-college-sur-250m-de-terrain-saint-gregoire,,,,,
Exklusivite - maison saint-grégoire 135 m2,https://www.etreproprio.com/immobilier-23755200-vente-exklusivite-maison-saint-gregoire-135-m2-saint-gregoire,,,,,
Maison saint gregoire 5 pièce(s) 120 m2,https://www.etreproprio.com/immobilier-23755202-vente-maison-saint-gregoire-5-pieces-120-m2-saint-gregoire,,,,,
Saint-grégoire -maison d'exception de 320 m² avec piscine,https://www.etreproprio.com/immobilier-23755206-vente-saint-gregoire-maison-d-exception-de-320-m-avec-piscine-saint-gregoire,,,,,
Maison saint gregoire 5 pièce(s),https://www.etreproprio.com/immobilier-23755204-vente-maison-saint-gregoire-5-pieces-saint-gregoire,,,,,
Maison saint gregoire 10 pièce(s),https://www.etreproprio.com/immobilier-23755205-vente-maison-saint-gregoire-10-pieces-saint-gregoire,,,,,
Maison d'exception,https://www.etreproprio.com/immobilier-23712460-vente-maison-d-exception-saint-gregoire,,,,,
Maison saint-gregoire 6 pièce(s) 136 m2,https://www.etreproprio.com/immobilier-23712151-vente-maison-saint-gregoire-6-pieces-136-m2-saint-gregoire,,,,,
Longere saint gregoire 6 pièce(s) 175 m2,https://www.etreproprio.com/immobilier-23243219-vente-longere-saint-gregoire-6-pieces-175-m2-saint-gregoire,,,,,
À vendre   longère rénovée 220 m2 avec grande grange   saint-gilles,https://www.etreproprio.com/immobilier-23393907-vente-a-vendre-longere-renovee-220-m2-avec-grande-grange-saint-gilles-saint-gilles,,,,,
Maison 10 pieces 257 m2 saint gilles,https://www.etreproprio.com/immobilier-21817150-vente-maison-10-pieces-257-m2-saint-gilles-saint-gilles,,,,,
Maison en plein centre de saint gilles,https://www.etreproprio.com/immobilier-23256085-vente-maison-en-plein-centre-de-saint-gilles-saint-gilles,,,,,
Maison indépendante en campagne,https://www.etreproprio.com/immobilier-23218744-vente-maison-independante-en-campagne-saint-gilles,,,,,
Maison à proximité de l'étang,https://www.etreproprio.com/immobilier-23207868-vente-maison-a-proximite-de-l-etang-saint-gilles,,,,,
Bâtisse de caractère,https://www.etreproprio.com/immobilier-22318300-vente-batisse-de-caractere-saint-gilles,,,,,
Maison 106m² à saint-gilles,https://www.etreproprio.com/immobilier-23109779-vente-maison-106m-a-saint-gilles-saint-gilles,,,,,
Saint gilles - hyper centre - maison de bourg à fort potentiel -100m²  hab env + grenier amén 40 m² sol env sur terrain clos de,https://www.etreproprio.com/immobilier-22967348-vente-saint-gilles-hyper-centre-maison-de-bourg-a-fort-potentiel-100m-hab-env-grenier-amen-40-m-sol-env-sur-terrain-clos-de-saint-gilles,,,,,
Maison saint gilles 5 pièce(s) 101.5 m2,https://www.etreproprio.com/immobilier-22578891-vente-maison-saint-gilles-5-pieces-1015-m2-saint-gilles,,,,,
Maison 93m² à saint-gilles,https://www.etreproprio.com/immobilier-22743046-vente-maison-93m-a-saint-gilles-saint-gilles,,,,,
Maison 145m² à saint-gilles,https://www.etreproprio.com/immobilier-22637231-vente-maison-145m-a-saint-gilles-saint-gilles,,,,,
Longère saint gilles 250 m2 + nombreuses dépendances sur 1200m² de terrain !,https://www.etreproprio.com/immobilier-22578967-vente-longere-saint-gilles-250-m2-nombreuses-dependances-sur-1200m-de-terrain-saint-gilles,,,,,
Saint gilles - maison 3 chambres + combles aménageable - terrain de 609 m²,https://www.etreproprio.com/immobilier-22578846-vente-saint-gilles-maison-3-chambres-combles-amenageable-terrain-de-609-m-saint-gilles,,,,,
Maison 123m² à saint-gilles,https://www.etreproprio.com/immobilier-21655813-vente-maison-123m-a-saint-gilles-saint-gilles,,,,,
Maison lumineuse avec garage et grenier aménageable ! centre-ville de saint-gilles,https://www.etreproprio.com/immobilier-21747196-vente-maison-lumineuse-avec-garage-et-grenier-amenageable-centre-ville-de-saint-gilles-saint-gilles,,,,,
Maison 137m² à saint-gilles,https://www.etreproprio.com/immobilier-21967592-vente-maison-137m-a-saint-gilles-saint-gilles,,,,,
Maison 125m² à saint-gilles,https://www.etreproprio.com/immobilier-21967593-vente-maison-125m-a-saint-gilles-saint-gilles,,,,,
Maison de 131 m² à saint-gilles,https://www.etreproprio.com/immobilier-19443196-vente-maison-de-131-m-a-saint-gilles-saint-gilles,,,,,
Maison de 143 m² à saint-gilles,https://www.etreproprio.com/immobilier-18128141-vente-maison-de-143-m-a-saint-gilles-saint-gilles,,,,,
Saint-guinoux,https://www.etreproprio.com/immobilier-23519729-vente-saint-guinoux-saint-guinoux,,,,,
Maison 101m² à saint-guinoux,https://www.etreproprio.com/immobilier-22658964-vente-maison-101m-a-saint-guinoux-saint-guinoux,,,,,
Maison 121m² à saint-guinoux,https://www.etreproprio.com/immobilier-23703516-vente-maison-121m-a-saint-guinoux-saint-guinoux,,,,,
Maison 121m² à saint-guinoux,https://www.etreproprio.com/immobilier-23692302-vente-maison-121m-a-saint-guinoux-saint-guinoux,,,,,
"Maison 75 m2 environ, 2 chambres, 1 bureau.",https://www.etreproprio.com/immobilier-21431384-vente-maison-75-m2-environ-2-chambres-1-bureau-saint-guinoux,,,,,
Maison 153m² à saint-guinoux,https://www.etreproprio.com/immobilier-23046877-vente-maison-153m-a-saint-guinoux-saint-guinoux,,,,,
"Maison à vendre 5 pièces saint guinoux (35), 850 m² de terrain",https://www.etreproprio.com/immobilier-22414107-vente-maison-a-vendre-5-pieces-saint-guinoux-35-850-m-de-terrain-saint-guinoux,,,,,
Villa d'architecte d'exception au calme absolu,https://www.etreproprio.com/immobilier-23682533-vente-villa-d-architecte-d-exception-au-calme-absolu-saint-gregoire,,,,,
À vendre soquet immobilier - maison familiale - longère rénovée et sa dépendance - rennes/ saint-gregoire,https://www.etreproprio.com/immobilier-23670872-vente-a-vendre-soquet-immobilier-maison-familiale-longere-renovee-et-sa-dependance-rennes-saint-gregoire-saint-gregoire,,,,,
Maison saint gregoire 7 pièce(s) 220 m2,https://www.etreproprio.com/immobilier-21228458-vente-maison-saint-gregoire-7-pieces-220-m2-saint-gregoire,,,,,
Maison à saint grégoire proche centre,https://www.etreproprio.com/immobilier-22497883-vente-maison-a-saint-gregoire-proche-centre-saint-gregoire,,,,,
Maison 116m² à saint-gregoire,https://www.etreproprio.com/immobilier-22553786-vente-maison-116m-a-saint-gregoire-saint-gregoire,,,,,
Maison 183m² à saint-gregoire,https://www.etreproprio.com/immobilier-23602571-vente-maison-183m-a-saint-gregoire-saint-gregoire,,,,,
"Saint gregoire dans le très recherché quartier de la ricoquais, venez découvrir cette maison de 185m² sur 640m² de terrain sud/o",https://www.etreproprio.com/immobilier-23578659-vente-saint-gregoire-dans-le-tres-recherche-quartier-de-la-ricoquais-venez-decouvrir-cette-maison-de-185m-sur-640m-de-terrain-sudo-saint-gregoire,,,,,
Maison saint grégoire : 190 m²,https://www.etreproprio.com/immobilier-20382536-vente-maison-saint-gregoire-190-m-saint-gregoire,,,,,
Maison 215m² à saint-gregoire,https://www.etreproprio.com/immobilier-21683495-vente-maison-215m-a-saint-gregoire-saint-gregoire,,,,,
Maison contemporaine quartier la ricoquais,https://www.etreproprio.com/immobilier-21440249-vente-maison-contemporaine-quartier-la-ricoquais-saint-gregoire,,,,,
Maison saint-gregoire 5 pièce(s) 154.90 m2,https://www.etreproprio.com/immobilier-23445020-vente-maison-saint-gregoire-5-pieces-15490-m2-saint-gregoire,,,,,
Maison 136m² à saint-gregoire,https://www.etreproprio.com/immobilier-23301199-vente-maison-136m-a-saint-gregoire-saint-gregoire,,,,,
Maison 6 pièces 174 m2,https://www.etreproprio.com/immobilier-23252110-vente-maison-6-pieces-174-m2-saint-gregoire,,,,,
A vendre - agence giboire - maison spacieuse d'environ 200 m2 à saint grégoire - 6 pièces - 4 chambres,https://www.etreproprio.com/immobilier-23176694-vente-a-vendre-agence-giboire-maison-spacieuse-d-environ-200-m2-a-saint-gregoire-6-pieces-4-chambres-saint-gregoire,,,,,
Maison 114m² à saint-gregoire,https://www.etreproprio.com/immobilier-23049316-vente-maison-114m-a-saint-gregoire-saint-gregoire,,,,,
Maison d'architecte de plain pied 136 m2 à saint grégoire,https://www.etreproprio.com/immobilier-22983294-vente-maison-d-architecte-de-plain-pied-136-m2-a-saint-gregoire-saint-gregoire,,,,,
Vendu en exclusivite - 35760 saint-gregoire - maison  de 182 m² habitables (216 m² au sol) - 5 chambres - 680 m² de terrain - dé,https://www.etreproprio.com/immobilier-21902008-vente-vendu-en-exclusivite-35760-saint-gregoire-maison-de-182-m-habitables-216-m-au-sol-5-chambres-680-m-de-terrain-de-saint-gregoire,,,,,
"Vendu - 35760 saint-grégoire - maison familiale - 114 m² habitable, 153 m² au sol - 5 chambres - terrain de 386 m² - véranda.",https://www.etreproprio.com/immobilier-21771159-vente-vendu-35760-saint-gregoire-maison-familiale-114-m-habitable-153-m-au-sol-5-chambres-terrain-de-386-m-veranda-saint-gregoire,,,,,
Maison 93m² à saint-gregoire,https://www.etreproprio.com/immobilier-22040374-vente-maison-93m-a-saint-gregoire-saint-gregoire,,,,,
Maison saint gregoire 6 pièce(s) 114 m2,https://www.etreproprio.com/immobilier-22529971-vente-maison-saint-gregoire-6-pieces-114-m2-saint-gregoire,,,,,
Maison 94m² à saint-hilaire-des-landes,https://www.etreproprio.com/immobilier-23808131-vente-maison-94m-a-saint-hilaire-des-landes-saint-hilaire-des-landes,,,,,
Maison saint-hilaire-des-landes,https://www.etreproprio.com/immobilier-23293649-vente-maison-saint-hilaire-des-landes-saint-hilaire-des-landes,,,,,
Belle maison familiale à saint hilaire des landes (35140),https://www.etreproprio.com/immobilier-23273692-vente-belle-maison-familiale-a-saint-hilaire-des-landes-35140-saint-hilaire-des-landes,,,,,
Maison plain-pied de 165 m2 sur 1100 m2 de terrain clos à st hilaire des landes (35),https://www.etreproprio.com/immobilier-23236611-vente-maison-plain-pied-de-165-m2-sur-1100-m2-de-terrain-clos-a-st-hilaire-des-landes-35-saint-hilaire-des-landes,,,,,
Maison saint gregoire 7 pièce(s) 194 m2,https://www.etreproprio.com/immobilier-22497880-vente-maison-saint-gregoire-7-pieces-194-m2-saint-gregoire,,,,,
Maison 310m² à saint-gregoire,https://www.etreproprio.com/immobilier-21677855-vente-maison-310m-a-saint-gregoire-saint-gregoire,,,,,
Maison 230m² à saint-gregoire,https://www.etreproprio.com/immobilier-22038211-vente-maison-230m-a-saint-gregoire-saint-gregoire,,,,,
Maison d'architecte de 167 m2 - 4 chambres - un terrain clos et arboré de 830 m2.,https://www.etreproprio.com/immobilier-21761733-vente-maison-d-architecte-de-167-m2-4-chambres-un-terrain-clos-et-arbore-de-830-m2-saint-gregoire,,,,,
À vendre - 35760 saint gregoire - 6 chambres - 260 m² hab. - terrain 560 m² - garage.,https://www.etreproprio.com/immobilier-21152811-vente-a-vendre-35760-saint-gregoire-6-chambres-260-m-hab-terrain-560-m-garage-saint-gregoire,,,,,
Saint jacques de la lande - maison de 114.26 m2,https://www.etreproprio.com/immobilier-23902517-vente-saint-jacques-de-la-lande-maison-de-11426-m2-saint-jacques-de-la-lande,,,,,
Maison saint jacques de la lande,https://www.etreproprio.com/immobilier-23755191-vente-maison-saint-jacques-de-la-lande-saint-jacques-de-la-lande,,,,,
Maison de ville - secteur pigeon blanc,https://www.etreproprio.com/immobilier-23357081-vente-maison-de-ville-secteur-pigeon-blanc-saint-jacques-de-la-lande,,,,,
Maison 158m² à saint-jacques-de-la-lande,https://www.etreproprio.com/immobilier-23361909-vente-maison-158m-a-saint-jacques-de-la-lande-saint-jacques-de-la-lande,,,,,
Maison 110m² à saint-jacques-de-la-lande,https://www.etreproprio.com/immobilier-23244653-vente-maison-110m-a-saint-jacques-de-la-lande-saint-jacques-de-la-lande,,,,,
Maison rénovée - 6 chambres possibilité 9,https://www.etreproprio.com/immobilier-23148192-vente-maison-renovee-6-chambres-possibilite-9-saint-jacques-de-la-lande,,,,,
Maison - rennes saint-jacques,https://www.etreproprio.com/immobilier-22696641-vente-maison-rennes-saint-jacques-saint-jacques-de-la-lande,,,,,
Maison 79m² à saint-jacques-de-la-lande,https://www.etreproprio.com/immobilier-22460852-vente-maison-79m-a-saint-jacques-de-la-lande-saint-jacques-de-la-lande,,,,,
"Rennes - st jacques : dans une rue calme et résidentiel, sur terrain de 460 m2 maison de type 6 d'environ 110 m2 avec 4 chambres",https://www.etreproprio.com/immobilier-22442918-vente-rennes-st-jacques-dans-une-rue-calme-et-residentiel-sur-terrain-de-460-m2-maison-de-type-6-d-environ-110-m2-avec-4-chambres-saint-jacques-de-la-lande,,,,,
Maison 90m² à saint-jacques-de-la-lande,https://www.etreproprio.com/immobilier-22415160-vente-maison-90m-a-saint-jacques-de-la-lande-saint-jacques-de-la-lande,,,,,
Maison 78m² à saint-jacques-de-la-lande,https://www.etreproprio.com/immobilier-21742515-vente-maison-78m-a-saint-jacques-de-la-lande-saint-jacques-de-la-lande,,,,,
2 maisons proche st aubin du cormier,https://www.etreproprio.com/immobilier-15086686-vente-2-maisons-proche-st-aubin-du-cormier-saint-jean-sur-couesnon,,,,,
Nouveauté en exclusivité cabinet diard immobilier ! maison sur sous-sol 92 m2 sur 568 m2,https://www.etreproprio.com/immobilier-23652342-vente-nouveaute-en-exclusivite-cabinet-diard-immobilier-maison-sur-sous-sol-92-m2-sur-568-m2-saint-jean-sur-couesnon,,,,,
Maison cinq chambres,https://www.etreproprio.com/immobilier-22890433-vente-maison-cinq-chambres-saint-jean-sur-couesnon,,,,,
Maison  contemporaine - rives du couesnon,https://www.etreproprio.com/immobilier-23544059-vente-maison-contemporaine-rives-du-couesnon-saint-jean-sur-couesnon,,,,,
Maison saint jean sur couesnon 120m²,https://www.etreproprio.com/immobilier-22732397-vente-maison-saint-jean-sur-couesnon-120m-saint-jean-sur-couesnon,,,,,
Maison 185m² à saint-jean-sur-vilaine,https://www.etreproprio.com/immobilier-23521790-vente-maison-185m-a-saint-jean-sur-vilaine-saint-jean-sur-vilaine,,,,,
Maison 149m² à saint-jean-sur-vilaine,https://www.etreproprio.com/immobilier-23327666-vente-maison-149m-a-saint-jean-sur-vilaine-saint-jean-sur-vilaine,,,,,
Maison 149m² à saint-jean-sur-vilaine,https://www.etreproprio.com/immobilier-23331822-vente-maison-149m-a-saint-jean-sur-vilaine-saint-jean-sur-vilaine,,,,,
Centre bourg saint jean sur vilaine,https://www.etreproprio.com/immobilier-22234191-vente-centre-bourg-saint-jean-sur-vilaine-saint-jean-sur-vilaine,,,,,
Maison 103m² à saint-jouan-des-guerets,https://www.etreproprio.com/immobilier-22779381-vente-maison-103m-a-saint-jouan-des-guerets-saint-jouan-des-guerets,,,,,
Maison 129m² à saint-jouan-des-guerets,https://www.etreproprio.com/immobilier-23790366-vente-maison-129m-a-saint-jouan-des-guerets-saint-jouan-des-guerets,,,,,
Maison 78m² à saint-jouan-des-guerets,https://www.etreproprio.com/immobilier-23770167-vente-maison-78m-a-saint-jouan-des-guerets-saint-jouan-des-guerets,,,,,
Maison 130m² à saint-jouan-des-guerets,https://www.etreproprio.com/immobilier-23746191-vente-maison-130m-a-saint-jouan-des-guerets-saint-jouan-des-guerets,,,,,
Maison 92m² à saint-jouan-des-guerets,https://www.etreproprio.com/immobilier-23708229-vente-maison-92m-a-saint-jouan-des-guerets-saint-jouan-des-guerets,,,,,
Maison 106m² à saint-jouan-des-guerets,https://www.etreproprio.com/immobilier-23704517-vente-maison-106m-a-saint-jouan-des-guerets-saint-jouan-des-guerets,,,,,
Maison 90m² à saint-jouan-des-guerets,https://www.etreproprio.com/immobilier-22632653-vente-maison-90m-a-saint-jouan-des-guerets-saint-jouan-des-guerets,,,,,
Maison 106m² à saint-jouan-des-guerets,https://www.etreproprio.com/immobilier-22145672-vente-maison-106m-a-saint-jouan-des-guerets-saint-jouan-des-guerets,,,,,
Saint-jouan-des-guérets - maison 5 pièces - 119 m2 - garage,https://www.etreproprio.com/immobilier-23573102-vente-saint-jouan-des-guerets-maison-5-pieces-119-m2-garage-saint-jouan-des-guerets,,,,,
Maison 106m² à saint-jouan-des-guerets,https://www.etreproprio.com/immobilier-23574018-vente-maison-106m-a-saint-jouan-des-guerets-saint-jouan-des-guerets,,,,,
Maison 90m² à saint-jouan-des-guerets,https://www.etreproprio.com/immobilier-23090283-vente-maison-90m-a-saint-jouan-des-guerets-saint-jouan-des-guerets,,,,,
Maison 92m² à saint-jouan-des-guerets,https://www.etreproprio.com/immobilier-23511497-vente-maison-92m-a-saint-jouan-des-guerets-saint-jouan-des-guerets,,,,,
Maison traditionnelle -100 m - saint malo - 35400,https://www.etreproprio.com/immobilier-23393141-vente-maison-traditionnelle-100-m-saint-malo-35400-saint-jouan-des-guerets,,,,,
Maison 194m² à saint-jouan-des-guerets,https://www.etreproprio.com/immobilier-23363972-vente-maison-194m-a-saint-jouan-des-guerets-saint-jouan-des-guerets,,,,,
Maison 106m² à saint-jouan-des-guerets,https://www.etreproprio.com/immobilier-23353359-vente-maison-106m-a-saint-jouan-des-guerets-saint-jouan-des-guerets,,,,,
Maison 122m² à saint-jouan-des-guerets,https://www.etreproprio.com/immobilier-22505599-vente-maison-122m-a-saint-jouan-des-guerets-saint-jouan-des-guerets,,,,,
Maison 200m² à saint-jouan-des-guerets,https://www.etreproprio.com/immobilier-23310582-vente-maison-200m-a-saint-jouan-des-guerets-saint-jouan-des-guerets,,,,,
Maison type 4 - exposition sud-ouest - plein centre-ville - saint-jouan-des-guerets,https://www.etreproprio.com/immobilier-23292290-vente-maison-type-4-exposition-sud-ouest-plein-centre-ville-saint-jouan-des-guerets-saint-jouan-des-guerets,,,,,
Maison 106m² à saint-jouan-des-guerets,https://www.etreproprio.com/immobilier-22020503-vente-maison-106m-a-saint-jouan-des-guerets-saint-jouan-des-guerets,,,,,
Maison 106m² à saint-jouan-des-guerets,https://www.etreproprio.com/immobilier-22308135-vente-maison-106m-a-saint-jouan-des-guerets-saint-jouan-des-guerets,,,,,
Maison 80m² à saint-just,https://www.etreproprio.com/immobilier-23731275-vente-maison-80m-a-saint-just-saint-just,,,,,
À vendre -saint-just - maison 4 chambres avec terrain de +1 ha,https://www.etreproprio.com/immobilier-23588209-vente-a-vendre-saint-just-maison-4-chambres-avec-terrain-de-1-ha-saint-just,,,,,
Maison à vendre 7 pièces  (35),https://www.etreproprio.com/immobilier-23586094-vente-maison-a-vendre-7-pieces-35-saint-just,,,,,
Maison 60m² à saint-just,https://www.etreproprio.com/immobilier-23190541-vente-maison-60m-a-saint-just-saint-just,,,,,
"Maison d'environ 180m², 5 chambres",https://www.etreproprio.com/immobilier-23118269-vente-maison-d-environ-180m-5-chambres-saint-just,,,,,
Maison pipriac 8 pièce(s) 320 m2,https://www.etreproprio.com/immobilier-23021550-vente-maison-pipriac-8-pieces-320-m2-saint-just,,,,,
Maison st just 2 pièces 50 m2,https://www.etreproprio.com/immobilier-21942729-vente-maison-st-just-2-pieces-50-m2-saint-just,,,,,
Longere atypique et son terrain boise,https://www.etreproprio.com/immobilier-21541667-vente-longere-atypique-et-son-terrain-boise-saint-just,,,,,
Maison 139m² à saint-lunaire,https://www.etreproprio.com/immobilier-23889698-vente-maison-139m-a-saint-lunaire-saint-lunaire,,,,,
Maison 101m² à saint-lunaire,https://www.etreproprio.com/immobilier-23861687-vente-maison-101m-a-saint-lunaire-saint-lunaire,,,,,
Maison 100m² à saint-lunaire,https://www.etreproprio.com/immobilier-23810728-vente-maison-100m-a-saint-lunaire-saint-lunaire,,,,,
Maison 81m² à saint-lunaire,https://www.etreproprio.com/immobilier-23325803-vente-maison-81m-a-saint-lunaire-saint-lunaire,,,,,
Maison 130m² à saint-lunaire,https://www.etreproprio.com/immobilier-23789787-vente-maison-130m-a-saint-lunaire-saint-lunaire,,,,,
Maison récente en quartier résidentiel prisé,https://www.etreproprio.com/immobilier-23418473-vente-maison-recente-en-quartier-residentiel-prise-saint-lunaire,,,,,
Maison 132m² à saint-lunaire,https://www.etreproprio.com/immobilier-23373401-vente-maison-132m-a-saint-lunaire-saint-lunaire,,,,,
Maison 140m² à saint-lunaire,https://www.etreproprio.com/immobilier-21814406-vente-maison-140m-a-saint-lunaire-saint-lunaire,,,,,
Maison saint lunaire 5 pièce(s) 141 m2,https://www.etreproprio.com/immobilier-23087364-vente-maison-saint-lunaire-5-pieces-141-m2-saint-lunaire,,,,,
Maison 191m² à saint-lunaire,https://www.etreproprio.com/immobilier-23662606-vente-maison-191m-a-saint-lunaire-saint-lunaire,,,,,
"Maison saint-lunaire 6 pièces, 140 m2",https://www.etreproprio.com/immobilier-23574266-vente-maison-saint-lunaire-6-pieces-140-m2-saint-lunaire,,,,,
"Maison saint-lunaire 6 pièces, 139 m2",https://www.etreproprio.com/immobilier-23574265-vente-maison-saint-lunaire-6-pieces-139-m2-saint-lunaire,,,,,
Maison 120m² à saint-lunaire,https://www.etreproprio.com/immobilier-21938629-vente-maison-120m-a-saint-lunaire-saint-lunaire,,,,,
Maison 168m² à saint-lunaire,https://www.etreproprio.com/immobilier-23456910-vente-maison-168m-a-saint-lunaire-saint-lunaire,,,,,
Maison 120m² à saint-lunaire,https://www.etreproprio.com/immobilier-23431907-vente-maison-120m-a-saint-lunaire-saint-lunaire,,,,,
Maison 217m² à saint-lunaire,https://www.etreproprio.com/immobilier-23135963-vente-maison-217m-a-saint-lunaire-saint-lunaire,,,,,
Maison saint lunaire 117.73 m2,https://www.etreproprio.com/immobilier-23110707-vente-maison-saint-lunaire-11773-m2-saint-lunaire,,,,,
Maison 117m² à saint-lunaire,https://www.etreproprio.com/immobilier-22878661-vente-maison-117m-a-saint-lunaire-saint-lunaire,,,,,
Maison 140m² à saint-lunaire,https://www.etreproprio.com/immobilier-22461488-vente-maison-140m-a-saint-lunaire-saint-lunaire,,,,,
Maison 143m² à saint-lunaire,https://www.etreproprio.com/immobilier-20422552-vente-maison-143m-a-saint-lunaire-saint-lunaire,,,,,
Maison 146m² à saint-malo,https://www.etreproprio.com/immobilier-23904742-vente-maison-146m-a-saint-malo-saint-malo,,,,,
Maison à vendre à saint-malo - rothéneuf,https://www.etreproprio.com/immobilier-23900310-vente-maison-a-vendre-a-saint-malo-rotheneuf-saint-malo,,,,,
Maison 126m² à saint-malo,https://www.etreproprio.com/immobilier-23895441-vente-maison-126m-a-saint-malo-saint-malo,,,,,
Maison en pierres,https://www.etreproprio.com/immobilier-23895442-vente-maison-en-pierres-saint-malo,,,,,
Maison saint malo 5 pièce(s) 117.27 m²,https://www.etreproprio.com/immobilier-23890820-vente-maison-saint-malo-5-pieces-11727-m-saint-malo,,,,,
Maison 130m² à saint-malo,https://www.etreproprio.com/immobilier-23888917-vente-maison-130m-a-saint-malo-saint-malo,,,,,
Maison saint malo 12 pièce(s) saint servan centre - terrain constructible,https://www.etreproprio.com/immobilier-23891005-vente-maison-saint-malo-12-pieces-saint-servan-centre-terrain-constructible-saint-malo,,,,,
Maison 282m² à saint-malo,https://www.etreproprio.com/immobilier-23888702-vente-maison-282m-a-saint-malo-saint-malo,,,,,
Maison 73m² à saint-malo,https://www.etreproprio.com/immobilier-23888913-vente-maison-73m-a-saint-malo-saint-malo,,,,,
Maison 164m² à saint-malo,https://www.etreproprio.com/immobilier-21624821-vente-maison-164m-a-saint-malo-saint-malo,,,,,
Saint-malo  maison à rénover avec jardin proche plage,https://www.etreproprio.com/immobilier-23877771-vente-saint-malo-maison-a-renover-avec-jardin-proche-plage-saint-malo,,,,,
Maison 78m² à saint-malo,https://www.etreproprio.com/immobilier-23373219-vente-maison-78m-a-saint-malo-saint-malo,,,,,
Maison - 5 chambres - 35400 - saint malo - quartier de l' espérance,https://www.etreproprio.com/immobilier-23875932-vente-maison-5-chambres-35400-saint-malo-quartier-de-l-esperance-saint-malo,,,,,
Maison 129m² à saint-malo,https://www.etreproprio.com/immobilier-23873017-vente-maison-129m-a-saint-malo-saint-malo,,,,,
Maison 120m² à saint-malo,https://www.etreproprio.com/immobilier-23872551-vente-maison-120m-a-saint-malo-saint-malo,,,,,
Maison 150m² à saint-malo,https://www.etreproprio.com/immobilier-23872781-vente-maison-150m-a-saint-malo-saint-malo,,,,,
A vendre maison saint-malo 129 m2 t5,https://www.etreproprio.com/immobilier-23852396-vente-a-vendre-maison-saint-malo-129-m2-t5-saint-malo,,,,,
Maison d'architecte 9 pieces saint-servan à saint-malo,https://www.etreproprio.com/immobilier-23860179-vente-maison-d-architecte-9-pieces-saint-servan-a-saint-malo-saint-malo,,,,,
Maison récente 3 pieces jardin et garage saint-malo,https://www.etreproprio.com/immobilier-23859360-vente-maison-recente-3-pieces-jardin-et-garage-saint-malo-saint-malo,,,,,
Maison 129m² à saint-malo,https://www.etreproprio.com/immobilier-23194548-vente-maison-129m-a-saint-malo-saint-malo,,,,,
Maison 115m² à saint-jouan-des-guerets,https://www.etreproprio.com/immobilier-21833941-vente-maison-115m-a-saint-jouan-des-guerets-saint-jouan-des-guerets,,,,,
A vendre maison saint jouan des guerets 5 pièce(s) 106 m2,https://www.etreproprio.com/immobilier-22091397-vente-a-vendre-maison-saint-jouan-des-guerets-5-pieces-106-m2-saint-jouan-des-guerets,,,,,
Grande maison familiale dans le centre de st jouan des guérets,https://www.etreproprio.com/immobilier-22089071-vente-grande-maison-familiale-dans-le-centre-de-st-jouan-des-guerets-saint-jouan-des-guerets,344 850,Saint-Jouan-Des-Guerets 35430,170,588,7
Maison 119m² à saint-jouan-des-guerets,https://www.etreproprio.com/immobilier-21898539-vente-maison-119m-a-saint-jouan-des-guerets-saint-jouan-des-guerets,346 500,Saint-Jouan-Des-Guerets 35430,119,498,5
Maison 100m² proche commerces et plage,https://www.etreproprio.com/immobilier-21902525-vente-maison-100m-proche-commerces-et-plage-saint-jouan-des-guerets,292 600,Saint-Jouan-Des-Guerets 35430,100,637,4
Maison 3 chambres,https://www.etreproprio.com/immobilier-23633467-vente-maison-3-chambres-saint-malo-de-phily,139 500,Saint-Malo-De-Phily 35480,68,726,4
Maison 90m² à saint-malo-de-phily,https://www.etreproprio.com/immobilier-23620514-vente-maison-90m-a-saint-malo-de-phily-saint-malo-de-phily,97 000,Saint-Malo-De-Phily 35480,90,1 357,6
Maison 60m² à saint-malo,https://www.etreproprio.com/immobilier-23863916-vente-maison-60m-a-saint-malo-saint-malo,268 000,Saint-Malo 35400,61,296,3
Maison 6 pièces 152 m2. plage du val,https://www.etreproprio.com/immobilier-23451257-vente-maison-6-pieces-152-m2-plage-du-val-saint-malo,994 900,Saint-Malo 35400,152,507,6
Maison de maître coeur de saint-servan,https://www.etreproprio.com/immobilier-23856231-vente-maison-de-maitre-coeur-de-saint-servan-saint-malo,2 400 000,Saint-Malo 35400,265,490,10
Maison 102m² à saint-malo,https://www.etreproprio.com/immobilier-23847625-vente-maison-102m-a-saint-malo-saint-malo,446 250,Saint-Malo 35400,103,476,5
Maison saint malo bellevue 5 pièces,https://www.etreproprio.com/immobilier-23841564-vente-maison-saint-malo-bellevue-5-pieces-saint-malo,329 800,Saint-Malo 35400,100,200,5
Maison 100m² à saint-malo,https://www.etreproprio.com/immobilier-23832932-vente-maison-100m-a-saint-malo-saint-malo,324 500,Saint-Malo 35400,100,200,5
Maison 108m² à saint-malo,https://www.etreproprio.com/immobilier-23825818-vente-maison-108m-a-saint-malo-saint-malo,330 150,Saint-Malo 35400,109,268,5
Maison saint malo 7 pièce(s) 138 m2 5 chambres,https://www.etreproprio.com/immobilier-23819032-vente-maison-saint-malo-7-pieces-138-m2-5-chambres-saint-malo,673 995,Saint-Malo 35400,138,341,7
Maison saint malo/plage,https://www.etreproprio.com/immobilier-23818146-vente-maison-saint-maloplage-saint-malo,917 000,Saint-Malo 35400,115,,6
Maison de type 4 sur sous sol saint-malo. jardin.,https://www.etreproprio.com/immobilier-22460057-vente-maison-de-type-4-sur-sous-sol-saint-malo-jardin-saint-malo,397 000,Saint-Malo 35400,73,607,3
Maison saint malo 2 pièce(s) 45 m2,https://www.etreproprio.com/immobilier-22556116-vente-maison-saint-malo-2-pieces-45-m2-saint-malo,400 000,Saint-Malo 35400,46,74,2
Maison 87m² à saint-malo,https://www.etreproprio.com/immobilier-23816740-vente-maison-87m-a-saint-malo-saint-malo,420 000,Saint-Malo 35400,87,402,4
Maison saint malo 4 pièce(s) 86 m2,https://www.etreproprio.com/immobilier-23599919-vente-maison-saint-malo-4-pieces-86-m2-saint-malo,456 121,Saint-Malo 35400,86,410,4
Maison 143m² à saint-malo,https://www.etreproprio.com/immobilier-23649583-vente-maison-143m-a-saint-malo-saint-malo,499 900,Saint-Malo 35400,143,523,6
Investissement locatif  saint malo - résidence nemea le domaine des mauriers - 6.40%  de rentabilité.,https://www.etreproprio.com/immobilier-23796029-vente-investissement-locatif-saint-malo-residence-nemea-le-domaine-des-mauriers-640-de-rentabilite-saint-malo,170 000,Saint-Malo 35400,67,,4
Maison 65m² à saint-malo,https://www.etreproprio.com/immobilier-23800224-vente-maison-65m-a-saint-malo-saint-malo,515 000,Saint-Malo 35400,65,216,3
Maison 135m² à saint-malo,https://www.etreproprio.com/immobilier-23801106-vente-maison-135m-a-saint-malo-saint-malo,296 000,Saint-Malo 35400,135,,4
Maison t6 courtoisville,https://www.etreproprio.com/immobilier-23794910-vente-maison-t6-courtoisville-saint-malo,1 290 000,Saint-Malo 35400,140,,7
Maison 93m² à saint-malo,https://www.etreproprio.com/immobilier-23800911-vente-maison-93m-a-saint-malo-saint-malo,301 600,Saint-Malo 35400,93,294,5
Exclusivite rance immo,https://www.etreproprio.com/immobilier-23794858-vente-exclusivite-rance-immo-saint-malo,429 680,Saint-Malo 35400,52,,3
Maison saint lunaire  35800 3 pièce(s) 143 m2,https://www.etreproprio.com/immobilier-22602340-vente-maison-saint-lunaire-35800-3-pieces-143-m2-saint-lunaire,445 480,Saint-Lunaire 35800,143,459,3
Maison saint lunaire 6 pièces 139 m2 à 650m de la plage en cours de construction,https://www.etreproprio.com/immobilier-22619331-vente-maison-saint-lunaire-6-pieces-139-m2-a-650m-de-la-plage-en-cours-de-construction-saint-lunaire,765 040,Saint-Lunaire 35800,139,274,6
Maison saint lunaire 6 pièces 139 m2 à 650m de la plage en cours de construction,https://www.etreproprio.com/immobilier-22619330-vente-maison-saint-lunaire-6-pieces-139-m2-a-650m-de-la-plage-en-cours-de-construction-saint-lunaire,754 560,Saint-Lunaire 35800,139,274,6
A vendre maison saint lunaire 5 pièce(s) 145.10 m²,https://www.etreproprio.com/immobilier-21721058-vente-a-vendre-maison-saint-lunaire-5-pieces-14510-m-saint-lunaire,754 560,Saint-Lunaire 35800,145,284,5
Maison saint lunaire 215 m2,https://www.etreproprio.com/immobilier-22176545-vente-maison-saint-lunaire-215-m2-saint-lunaire,2 200 000,Saint-Lunaire 35800,215,1 710,10
A vendre agence giboire maison saint lunaire vues mer,https://www.etreproprio.com/immobilier-22168810-vente-a-vendre-agence-giboire-maison-saint-lunaire-vues-mer-saint-lunaire,2 200 000,Saint-Lunaire 35800,203,1 710,9
Maison 130m² à saint-lunaire,https://www.etreproprio.com/immobilier-21468846-vente-maison-130m-a-saint-lunaire-saint-lunaire,452 631,Saint-Lunaire 35800,131,505,6
"Saint-lunaire, villa balnéaire de 7 pièces - 180 m2.",https://www.etreproprio.com/immobilier-18141272-vente-saint-lunaire-villa-balneaire-de-7-pieces-180-m2-saint-lunaire,1 545 000,Saint-Lunaire 35800,180,487,7
Maison 45m² à saint-malo,https://www.etreproprio.com/immobilier-22904245-vente-maison-45m-a-saint-malo-saint-malo,380 000,Saint-Malo 35400,45,74,2
A vendre  en exclusivite maison saint malo secteur parame 5 pièce(s),https://www.etreproprio.com/immobilier-23788746-vente-a-vendre-en-exclusivite-maison-saint-malo-secteur-parame-5-pieces-saint-malo,499 500,Saint-Malo 35400,99,338,5
Maison  en centre ville sur sous sol -st jouan des guerets - 135m2,https://www.etreproprio.com/immobilier-22703259-vente-maison-en-centre-ville-sur-sous-sol-st-jouan-des-guerets-135m2-saint-malo,297 000,Saint-Malo 35400,135,377,5
Maison saint malo,https://www.etreproprio.com/immobilier-23783461-vente-maison-saint-malo-saint-malo,890 800,Saint-Malo 35400,182,1 493,7
Agence giboire à vendre maison saint malo clot cadot,https://www.etreproprio.com/immobilier-23778136-vente-agence-giboire-a-vendre-maison-saint-malo-clot-cadot-saint-malo,408 000,Saint-Malo 35400,82,236,5
"Maison à vendre à saint-malo - 5 chambres, très bon état",https://www.etreproprio.com/immobilier-23587700-vente-maison-a-vendre-a-saint-malo-5-chambres-tres-bon-etat-saint-malo,494 400,Saint-Malo 35400,112,470,6
Maison spacieuse à vendre à saint-malo - référence 21963,https://www.etreproprio.com/immobilier-23763718-vente-maison-spacieuse-a-vendre-a-saint-malo-reference-21963-saint-malo,751 170,Saint-Malo 35400,178,785,8
Maison saint malo 2 pièces combles aménageables,https://www.etreproprio.com/immobilier-23578865-vente-maison-saint-malo-2-pieces-combles-amenageables-saint-malo,277 500,Saint-Malo 35400,65,70,3
Maison saint-malo rochebonne la boulnaye,https://www.etreproprio.com/immobilier-23755327-vente-maison-saint-malo-rochebonne-la-boulnaye-saint-malo,449 900,Saint-Malo 35400,100,356,5
Maison saint malo bellevue  4 pièces 76.51m2 environ,https://www.etreproprio.com/immobilier-23755483-vente-maison-saint-malo-bellevue-4-pieces-7651m2-environ-saint-malo,319 190,Saint-Malo 35400,77,250,4
Maison saint malo 7pièce(s) 173 m2 courtoisville,https://www.etreproprio.com/immobilier-23755338-vente-maison-saint-malo-7pieces-173-m2-courtoisville-saint-malo,918 750,Saint-Malo 35400,173,230,7
Saint servan hyper centre maison d'architecte 5 pieces avec garage,https://www.etreproprio.com/immobilier-23755474-vente-saint-servan-hyper-centre-maison-d-architecte-5-pieces-avec-garage-saint-malo,997 500,Saint-Malo 35400,153,116,7
Maison 100m² à saint-malo,https://www.etreproprio.com/immobilier-23520115-vente-maison-100m-a-saint-malo-saint-malo,451 500,Saint-Malo 35400,100,356,5
Maison saint malo 6 pièce(s) 123 m2 proche plage et commerces,https://www.etreproprio.com/immobilier-23755325-vente-maison-saint-malo-6-pieces-123-m2-proche-plage-et-commerces-saint-malo,570 000,Saint-Malo 35400,123,429,6
Maison saint malo 5 pièce(s) 109 m2 parame,https://www.etreproprio.com/immobilier-23755326-vente-maison-saint-malo-5-pieces-109-m2-parame-saint-malo,527 000,Saint-Malo 35400,108,400,5
Maison en pierre de 187.25 m2 centre de parame,https://www.etreproprio.com/immobilier-23755321-vente-maison-en-pierre-de-18725-m2-centre-de-parame-saint-malo,472 500,Saint-Malo 35400,187,310,8
Saint-malo bord de rance quelmer-maison en pierres 4 pièces avec jardin parking,https://www.etreproprio.com/immobilier-23755486-vente-saint-malo-bord-de-rance-quelmer-maison-en-pierres-4-pieces-avec-jardin-parking-saint-malo,399 000,Saint-Malo 35400,89,426,4
Saint-malo maison en pierres 6 pieces  120m2 avec jardin à quelmer,https://www.etreproprio.com/immobilier-23755479-vente-saint-malo-maison-en-pierres-6-pieces-120m2-avec-jardin-a-quelmer-saint-malo,397 860,Saint-Malo 35400,120,1 033,6
Maison 7 pieces à saint-servan avec jardin ouest,https://www.etreproprio.com/immobilier-23755481-vente-maison-7-pieces-a-saint-servan-avec-jardin-ouest-saint-malo,397 100,Saint-Malo 35400,172,357,7
Saint-malo maison 3 pièce(s) 70 m2 environ plain pied proche gare,https://www.etreproprio.com/immobilier-23755484-vente-saint-malo-maison-3-pieces-70-m2-environ-plain-pied-proche-gare-saint-malo,399 000,Saint-Malo 35400,70,177,3
Maison 227m² à saint-malon-sur-mel,https://www.etreproprio.com/immobilier-23430990-vente-maison-227m-a-saint-malon-sur-mel-saint-malon-sur-mel,472 500,Saint-Malon-Sur-Mel 35750,228,4 456,8
Maison à vendre 8 pièces saint malon sur mel (35),https://www.etreproprio.com/immobilier-21311659-vente-maison-a-vendre-8-pieces-saint-malon-sur-mel-35-saint-malon-sur-mel,240 000,Saint-Malon-Sur-Mel 35750,175,3 105,7
Maison 173m² à saint-malon-sur-mel,https://www.etreproprio.com/immobilier-23129184-vente-maison-173m-a-saint-malon-sur-mel-saint-malon-sur-mel,257 250,Saint-Malon-Sur-Mel 35750,173,3 105,7
Saint-marcan . bourg. maison en pierre 110 m2 avec dépendances et courette.,https://www.etreproprio.com/immobilier-23683526-vente-saint-marcan-bourg-maison-en-pierre-110-m2-avec-dependances-et-courette-saint-marcan,159 000,Saint-Marcan 35120,110,242,6
Charmante maison du xvi ème siècle,https://www.etreproprio.com/immobilier-23053236-vente-charmante-maison-du-xvi-eme-siecle-saint-marcan,122 000,Saint-Marcan 35120,115,745,6
Saint marcan longère en pierres 7 pièce(s) 230 m2,https://www.etreproprio.com/immobilier-22902890-vente-saint-marcan-longere-en-pierres-7-pieces-230-m2-saint-marcan,442 680,Saint-Marcan 35120,230,6 585,7
Solidor saint servan maison d'armateur de 1738 avec 1841 m2 de jardin et dépendances,https://www.etreproprio.com/immobilier-23755485-vente-solidor-saint-servan-maison-d-armateur-de-1738-avec-1841-m2-de-jardin-et-dependances-saint-malo,2 100 000,Saint-Malo 35400,295,1 841,11
Maison recente 3 pieces quelmer avec garage,https://www.etreproprio.com/immobilier-23755480-vente-maison-recente-3-pieces-quelmer-avec-garage-saint-malo,283 999,Saint-Malo 35400,58,44,3
Saint-malo – maison de charme dans un quartier résidentiel recherché,https://www.etreproprio.com/immobilier-23743324-vente-saint-malo-maison-de-charme-dans-un-quartier-residentiel-recherche-saint-malo,542 000,Saint-Malo 35400,147,357,6
Maison 69m² à saint-malo,https://www.etreproprio.com/immobilier-23734015-vente-maison-69m-a-saint-malo-saint-malo,260 000,Saint-Malo 35400,69,300,4
Maison 153m² à saint-malo,https://www.etreproprio.com/immobilier-23728759-vente-maison-153m-a-saint-malo-saint-malo,969 150,Saint-Malo 35400,153,699,5
Maison 102m² à saint-malo,https://www.etreproprio.com/immobilier-23728757-vente-maison-102m-a-saint-malo-saint-malo,346 500,Saint-Malo 35400,102,340,5
Maison 100m² à saint-malo,https://www.etreproprio.com/immobilier-23500129-vente-maison-100m-a-saint-malo-saint-malo,535 500,Saint-Malo 35400,100,227,5
Maison 143m² à saint-malo,https://www.etreproprio.com/immobilier-23720415-vente-maison-143m-a-saint-malo-saint-malo,546 000,Saint-Malo 35400,144,357,5
Maison 158m² à saint-malo,https://www.etreproprio.com/immobilier-22977479-vente-maison-158m-a-saint-malo-saint-malo,1 040 000,Saint-Malo 35400,158,213,8
Maison 108m² à saint-malo,https://www.etreproprio.com/immobilier-23113347-vente-maison-108m-a-saint-malo-saint-malo,299 000,Saint-Malo 35400,108,436,5
Maison paramé à 400 m de la plage,https://www.etreproprio.com/immobilier-22386922-vente-maison-parame-a-400-m-de-la-plage-saint-malo,377 280,Saint-Malo 35400,110,312,5
Rare la passagere saint-malo,https://www.etreproprio.com/immobilier-23111440-vente-rare-la-passagere-saint-malo-saint-malo,714 000,Saint-Malo 35400,154,1 536,7
Maison a quelmer,https://www.etreproprio.com/immobilier-22860913-vente-maison-a-quelmer-saint-malo,712 640,Saint-Malo 35400,154,1 536,7
Maison 123m² à saint-malo,https://www.etreproprio.com/immobilier-22557673-vente-maison-123m-a-saint-malo-saint-malo,570 000,Saint-Malo 35400,123,429,6
Ile et villaine - saint-malo (35400) - a vendre - maison - t7 - 5 chambres - idealement situe - maison de caractere - beau poten,https://www.etreproprio.com/immobilier-23705268-vente-ile-et-villaine-saint-malo-35400-a-vendre-maison-t7-5-chambres-idealement-situe-maison-de-caractere-beau-poten-saint-malo,910 000,Saint-Malo 35400,180,230,7
Saint malo - courtoisville,https://www.etreproprio.com/immobilier-23483122-vente-saint-malo-courtoisville-saint-malo,1 000 000,Saint-Malo 35400,239,363,14
Maison plain-pied 5 pièces 88m2 + véranda,https://www.etreproprio.com/immobilier-23694646-vente-maison-plain-pied-5-pieces-88m2-veranda-saint-malo,299 000,Saint-Malo 35400,101,210,5
Maison 85m² à saint-malo,https://www.etreproprio.com/immobilier-23684634-vente-maison-85m-a-saint-malo-saint-malo,273 000,Saint-Malo 35400,85,416,5
"Saint-malo quelmer, propriété de type 7 avec piscine",https://www.etreproprio.com/immobilier-22009091-vente-saint-malo-quelmer-propriete-de-type-7-avec-piscine-saint-malo,710 600,Saint-Malo 35400,166,1 500,7
Maison 158m² à saint-malo,https://www.etreproprio.com/immobilier-23676275-vente-maison-158m-a-saint-malo-saint-malo,567 000,Saint-Malo 35400,158,513,6
Maison 132m² à saint-marc-le-blanc,https://www.etreproprio.com/immobilier-23913561-vente-maison-132m-a-saint-marc-le-blanc-saint-marc-le-blanc,199 600,Saint-Marc-Le-Blanc 35460,132,6 300,7
Maison 135m² à saint-marc-le-blanc,https://www.etreproprio.com/immobilier-23853328-vente-maison-135m-a-saint-marc-le-blanc-saint-marc-le-blanc,195 000,Saint-Marc-Le-Blanc 35460,135,6 353,5
Maison saint marc le blanc  10 pièce(s) 98 m2,https://www.etreproprio.com/immobilier-23701233-vente-maison-saint-marc-le-blanc-10-pieces-98-m2-saint-marc-le-blanc,175 000,Saint-Marc-Le-Blanc 35460,98,5 750,10
Propriété en pierres à rénover avec fort potentiel,https://www.etreproprio.com/immobilier-23717712-vente-propriete-en-pierres-a-renover-avec-fort-potentiel-saint-marc-le-blanc,171 600,Saint-Marc-Le-Blanc 35460,98,,17
Maison saint marc le blanc,https://www.etreproprio.com/immobilier-23619218-vente-maison-saint-marc-le-blanc-saint-marc-le-blanc,147 000,Saint-Marc-Le-Blanc 35460,96,464,4
Maison 120m² à saint-marc-le-blanc,https://www.etreproprio.com/immobilier-23230226-vente-maison-120m-a-saint-marc-le-blanc-saint-marc-le-blanc,184 900,Saint-Marc-Le-Blanc 35460,120,1 678,4
Maison en pierre d'environ 110 m² et deux terrains d'environ 1678 m²,https://www.etreproprio.com/immobilier-23202889-vente-maison-en-pierre-d-environ-110-m-et-deux-terrains-d-environ-1678-m-saint-marc-le-blanc,182 000,Saint-Marc-Le-Blanc 35460,110,1 678,4
Maison 200m² à saint-marc-le-blanc,https://www.etreproprio.com/immobilier-23026841-vente-maison-200m-a-saint-marc-le-blanc-saint-marc-le-blanc,58 000,Saint-Marc-Le-Blanc 35460,200,2 500,3
Maison t4 saint malo,https://www.etreproprio.com/immobilier-23673507-vente-maison-t4-saint-malo-saint-malo,383 000,Saint-Malo 35400,89,238,4
Maison 4 pièces plain-pied 62m2,https://www.etreproprio.com/immobilier-23673199-vente-maison-4-pieces-plain-pied-62m2-saint-malo,289 900,Saint-Malo 35400,62,,4
Maison 93m² à saint-malo,https://www.etreproprio.com/immobilier-23659740-vente-maison-93m-a-saint-malo-saint-malo,292 600,Saint-Malo 35400,94,355,4
Maison 94m² à saint-malo,https://www.etreproprio.com/immobilier-23661340-vente-maison-94m-a-saint-malo-saint-malo,291 667,Saint-Malo 35400,94,355,4
Maison saint malo,https://www.etreproprio.com/immobilier-23647752-vente-maison-saint-malo-saint-malo,357 000,Saint-Malo 35400,70,320,3
Saint-malo  quartier la flourie / la briantais t4 de 105 m2 avec potentiel d'évolution,https://www.etreproprio.com/immobilier-23638972-vente-saint-malo-quartier-la-flourie-la-briantais-t4-de-105-m2-avec-potentiel-d-evolution-saint-malo,449 400,Saint-Malo 35400,105,602,5
Maison 98m² à saint-malo,https://www.etreproprio.com/immobilier-23636301-vente-maison-98m-a-saint-malo-saint-malo,299 250,Saint-Malo 35400,99,246,4
Maison 166m² à saint-malo,https://www.etreproprio.com/immobilier-23627143-vente-maison-166m-a-saint-malo-saint-malo,577 500,Saint-Malo 35400,166,1 600,5
Maison 154m² à saint-malo,https://www.etreproprio.com/immobilier-23621450-vente-maison-154m-a-saint-malo-saint-malo,955 400,Saint-Malo 35400,154,696,5
Saint malo- parame résidentiel : maison d'architecte lumineuse avec merveilleux jardin,https://www.etreproprio.com/immobilier-23616729-vente-saint-malo-parame-residentiel-maison-d-architecte-lumineuse-avec-merveilleux-jardin-saint-malo,838 400,Saint-Malo 35400,185,556,8
Maison 108m² à saint-malo,https://www.etreproprio.com/immobilier-23589077-vente-maison-108m-a-saint-malo-saint-malo,390 000,Saint-Malo 35400,108,330,6
Saint malo quartier la hulotais/guymauvière - maison 3 chambres - terrain clos 364 m2,https://www.etreproprio.com/immobilier-23604439-vente-saint-malo-quartier-la-hulotaisguymauviere-maison-3-chambres-terrain-clos-364-m2-saint-malo,342 500,Saint-Malo 35400,91,364,4
Propriété saint malo parame,https://www.etreproprio.com/immobilier-23534898-vente-propriete-saint-malo-parame-saint-malo,1 039 000,Saint-Malo 35400,247,681,12
"Grande maison familiale neuve, 4 chambres, beaux volumes, triple exposition, garage, prestations de qualité",https://www.etreproprio.com/immobilier-23594162-vente-grande-maison-familiale-neuve-4-chambres-beaux-volumes-triple-exposition-garage-prestations-de-qualite-saint-malo,679 000,Saint-Malo 35400,120,563,5
"Spacieuse maison individuelle t4 neuve très bien située, grand jardin, prestations qualitatives",https://www.etreproprio.com/immobilier-23594164-vente-spacieuse-maison-individuelle-t4-neuve-tres-bien-situee-grand-jardin-prestations-qualitatives-saint-malo,559 000,Saint-Malo 35400,100,615,4
Maison de charme  de 110m2 à 10min de saint malo,https://www.etreproprio.com/immobilier-23587538-vente-maison-de-charme-de-110m2-a-10min-de-saint-malo-saint-malo,413 920,Saint-Malo 35400,110,80,5
"Spacieuse maison t3 neuve bien située, beau jardin, prestations qualitatives",https://www.etreproprio.com/immobilier-23594163-vente-spacieuse-maison-t3-neuve-bien-situee-beau-jardin-prestations-qualitatives-saint-malo,359 000,Saint-Malo 35400,73,238,3
Saint malo - propriété de charme et de caractère,https://www.etreproprio.com/immobilier-23588532-vente-saint-malo-propriete-de-charme-et-de-caractere-saint-malo,1 495 000,Saint-Malo 35400,260,,10
A vendre maison 5 chambres à saint malo secteur la briantais,https://www.etreproprio.com/immobilier-23502268-vente-a-vendre-maison-5-chambres-a-saint-malo-secteur-la-briantais-saint-malo,748 080,Saint-Malo 35400,180,3 325,9
Maison 139m² à saint-malo,https://www.etreproprio.com/immobilier-23584678-vente-maison-139m-a-saint-malo-saint-malo,644 180,Saint-Malo 35400,139,562,6
Maison sainte marie 5 pièce(s) 117 m2,https://www.etreproprio.com/immobilier-23891595-vente-maison-sainte-marie-5-pieces-117-m2-sainte-marie,148 750,Sainte-Marie 35600,117,380,5
Maison 94m² à sainte-marie,https://www.etreproprio.com/immobilier-23884879-vente-maison-94m-a-sainte-marie-sainte-marie,230 000,Sainte-Marie 35600,94,,4
Maison 96m² à sainte-marie,https://www.etreproprio.com/immobilier-23884880-vente-maison-96m-a-sainte-marie-sainte-marie,240 000,Sainte-Marie 35600,96,700,5
Maison 255m² à sainte-marie,https://www.etreproprio.com/immobilier-23863711-vente-maison-255m-a-sainte-marie-sainte-marie,524 000,Sainte-Marie 35600,255,,7
Maison 4 pièces 91 m²,https://www.etreproprio.com/immobilier-23844774-vente-maison-4-pieces-91-m-sainte-marie,118 000,Sainte-Marie 35600,91,295,4
Maison 94m² à sainte-marie,https://www.etreproprio.com/immobilier-23832276-vente-maison-94m-a-sainte-marie-sainte-marie,230 000,Sainte-Marie 35600,94,771,5
Maison plain-pied sainte-marie,https://www.etreproprio.com/immobilier-23833757-vente-maison-plain-pied-sainte-marie-sainte-marie,230 000,Sainte-Marie 35600,94,700,4
Maison 135m² à sainte-marie,https://www.etreproprio.com/immobilier-23812388-vente-maison-135m-a-sainte-marie-sainte-marie,159 875,Sainte-Marie 35600,135,2 465,6
Longère indépendante,https://www.etreproprio.com/immobilier-23562758-vente-longere-independante-sainte-marie,152 000,Sainte-Marie 35600,135,2 465,6
Corps de ferme avec dépendances,https://www.etreproprio.com/immobilier-23614301-vente-corps-de-ferme-avec-dependances-sainte-marie,693 450,Sainte-Marie 35600,197,61 785,6
Maison 146m² à sainte-marie,https://www.etreproprio.com/immobilier-21880256-vente-maison-146m-a-sainte-marie-sainte-marie,329 000,Sainte-Marie 35600,146,910,6
Maison 203m² à sainte-marie,https://www.etreproprio.com/immobilier-23603314-vente-maison-203m-a-sainte-marie-sainte-marie,693 450,Sainte-Marie 35600,203,65 130,7
Maison recente 3 chambres sainte marie,https://www.etreproprio.com/immobilier-23551473-vente-maison-recente-3-chambres-sainte-marie-sainte-marie,240 000,Sainte-Marie 35600,96,770,4
Maison 160m² à sainte-marie,https://www.etreproprio.com/immobilier-23514041-vente-maison-160m-a-sainte-marie-sainte-marie,389 000,Sainte-Marie 35600,160,40 500,7
Maison 130m² avec magnifique terrain 3600m²,https://www.etreproprio.com/immobilier-22130938-vente-maison-130m-avec-magnifique-terrain-3600m-sainte-marie,249 000,Sainte-Marie 35600,130,3 600,7
Maison 127m² à sainte-marie,https://www.etreproprio.com/immobilier-23402081-vente-maison-127m-a-sainte-marie-sainte-marie,249 000,Sainte-Marie 35600,127,3 520,6
Maison 110m² à sainte-marie,https://www.etreproprio.com/immobilier-22095825-vente-maison-110m-a-sainte-marie-sainte-marie,257 000,Sainte-Marie 35600,110,1 780,4
Longère 10 pièces à sainte-marie,https://www.etreproprio.com/immobilier-23276979-vente-longere-10-pieces-a-sainte-marie-sainte-marie,592 800,Sainte-Marie 35600,227,,10
Maison 148m² à sainte-marie,https://www.etreproprio.com/immobilier-22214073-vente-maison-148m-a-sainte-marie-sainte-marie,329 000,Sainte-Marie 35600,148,1 160,8
Maison sainte marie 6 pièce(s) 135 m2,https://www.etreproprio.com/immobilier-22695674-vente-maison-sainte-marie-6-pieces-135-m2-sainte-marie,172 033,Sainte-Marie 35600,135,1 027,6
Maison 139m² à saint-maugan,https://www.etreproprio.com/immobilier-23248981-vente-maison-139m-a-saint-maugan-saint-maugan,250 300,Saint-Maugan 35750,139,7 500,6
Maison 90m² à saint-maugan,https://www.etreproprio.com/immobilier-23205631-vente-maison-90m-a-saint-maugan-saint-maugan,148 900,Saint-Maugan 35750,90,101,4
Maison t4 à vendre - plain-pied - au calme -  saint maugan,https://www.etreproprio.com/immobilier-22983686-vente-maison-t4-a-vendre-plain-pied-au-calme-saint-maugan-saint-maugan,225 105,Saint-Maugan 35750,92,657,4
À vendre ? maison t3 avec jardin ? sainte-marie,https://www.etreproprio.com/immobilier-23055766-vente-a-vendre-maison-t3-avec-jardin-sainte-marie-sainte-marie,119 000,Sainte-Marie 35600,63,1 700,3
Propriété 12 pièces 420m²,https://www.etreproprio.com/immobilier-22893805-vente-propriete-12-pieces-420m-sainte-marie,592 800,Sainte-Marie 35600,420,14 340,7
Maison 143m² à sainte-marie,https://www.etreproprio.com/immobilier-22749320-vente-maison-143m-a-sainte-marie-sainte-marie,370 000,Sainte-Marie 35600,143,1 630,4
Maison sainte marie 8 pièce(s) 214 m2,https://www.etreproprio.com/immobilier-20393913-vente-maison-sainte-marie-8-pieces-214-m2-sainte-marie,172 790,Sainte-Marie 35600,214,1 918,8
"Maison à sainte marie, 6 pièces 170 m2 fort potentiel",https://www.etreproprio.com/immobilier-22524383-vente-maison-a-sainte-marie-6-pieces-170-m2-fort-potentiel-sainte-marie,143 000,Sainte-Marie 35600,170,518,6
Maison 240m² à sainte-marie,https://www.etreproprio.com/immobilier-21021506-vente-maison-240m-a-sainte-marie-sainte-marie,615 000,Sainte-Marie 35600,240,7 690,6
Maison sainte marie 6 pièces 240 m2,https://www.etreproprio.com/immobilier-21747937-vente-maison-sainte-marie-6-pieces-240-m2-sainte-marie,669 500,Sainte-Marie 35600,240,7 690,6
Maison 115m² à sainte-marie,https://www.etreproprio.com/immobilier-20349081-vente-maison-115m-a-sainte-marie-sainte-marie,139 788,Sainte-Marie 35600,115,540,5
Maison 144m² à saint-malo,https://www.etreproprio.com/immobilier-22378388-vente-maison-144m-a-saint-malo-saint-malo,540 000,Saint-Malo 35400,144,,5
Maison saint malo rotheneuf 9 pièces 277 m2,https://www.etreproprio.com/immobilier-23519809-vente-maison-saint-malo-rotheneuf-9-pieces-277-m2-saint-malo,1 199 000,Saint-Malo 35400,277,735,9
Maison 112m² à saint-malo,https://www.etreproprio.com/immobilier-23568959-vente-maison-112m-a-saint-malo-saint-malo,393 000,Saint-Malo 35400,113,349,7
"Maison t3 dans un nouveau hameau bien situé, beau jardin, prestations de qualité",https://www.etreproprio.com/immobilier-23572084-vente-maison-t3-dans-un-nouveau-hameau-bien-situe-beau-jardin-prestations-de-qualite-saint-malo,329 000,Saint-Malo 35400,62,247,3
Maison 260m² à saint-malo,https://www.etreproprio.com/immobilier-23078698-vente-maison-260m-a-saint-malo-saint-malo,795 600,Saint-Malo 35400,260,931,7
Maison 260m² à saint-malo,https://www.etreproprio.com/immobilier-23548538-vente-maison-260m-a-saint-malo-saint-malo,2 080 000,Saint-Malo 35400,260,1 500,8
Maison à vendre saint malo 4 chambres proche saint servan,https://www.etreproprio.com/immobilier-23544112-vente-maison-a-vendre-saint-malo-4-chambres-proche-saint-servan-saint-malo,519 000,Saint-Malo 35400,120,585,7
Maison 271m² à saint-malo,https://www.etreproprio.com/immobilier-22293987-vente-maison-271m-a-saint-malo-saint-malo,929 700,Saint-Malo 35400,272,,6
"Maison contemporaine, 245 m2 habitables, saint-malo rothéneuf",https://www.etreproprio.com/immobilier-22738631-vente-maison-contemporaine-245-m2-habitables-saint-malo-rotheneuf-saint-malo,1 192 000,Saint-Malo 35400,225,735,7
Maison en pierre rénovée avec studio indépendant,https://www.etreproprio.com/immobilier-23540611-vente-maison-en-pierre-renovee-avec-studio-independant-saint-malo,493 525,Saint-Malo 35400,129,,5
Maison t4 tertre verrine,https://www.etreproprio.com/immobilier-22316319-vente-maison-t4-tertre-verrine-saint-malo,290 000,Saint-Malo 35400,73,256,4
Maison 103m² à saint-malo,https://www.etreproprio.com/immobilier-23515187-vente-maison-103m-a-saint-malo-saint-malo,408 450,Saint-Malo 35400,103,357,5
"Maison spacieuse à vendre à saint-malo - 4 chambres, jardin et garage",https://www.etreproprio.com/immobilier-22469704-vente-maison-spacieuse-a-vendre-a-saint-malo-4-chambres-jardin-et-garage-saint-malo,682 500,Saint-Malo 35400,125,800,6
Maison 69m² à saint-malo,https://www.etreproprio.com/immobilier-23504756-vente-maison-69m-a-saint-malo-saint-malo,462 000,Saint-Malo 35400,69,,3
Maison 124m² à saint-malo,https://www.etreproprio.com/immobilier-22639689-vente-maison-124m-a-saint-malo-saint-malo,415 000,Saint-Malo 35400,124,414,6
Maison 116 m2,https://www.etreproprio.com/immobilier-23496563-vente-maison-116-m2-saint-malo,400 000,Saint-Malo 35400,116,,6
Exclusivité - maison saint malo 3 pièces,https://www.etreproprio.com/immobilier-23374133-vente-exclusivite-maison-saint-malo-3-pieces-saint-malo,299 728,Saint-Malo 35400,56,105,3
Maison 77m² à saint-malo,https://www.etreproprio.com/immobilier-23505086-vente-maison-77m-a-saint-malo-saint-malo,n.c.,Saint-Malo 35400,78,325,4
Maison familiale de 110 m² proche des plages malouines,https://www.etreproprio.com/immobilier-23494608-vente-maison-familiale-de-110-m-proche-des-plages-malouines-saint-malo,525 000,Saint-Malo 35400,108,400,7
Maison chateauneuf d'ille et vilaine et terrain constructible,https://www.etreproprio.com/immobilier-21471448-vente-maison-chateauneuf-d-ille-et-vilaine-et-terrain-constructible-saint-malo,201 216,Saint-Malo 35400,100,870,5
Maison en bourg de saint-médard-sur-ille,https://www.etreproprio.com/immobilier-23777812-vente-maison-en-bourg-de-saint-medard-sur-ille-saint-medard-sur-ille,214 000,Saint-Medard-Sur-Ille 35250,127,885,5
Maison 120m² à saint-medard-sur-ille,https://www.etreproprio.com/immobilier-22125529-vente-maison-120m-a-saint-medard-sur-ille-saint-medard-sur-ille,249 000,Saint-Medard-Sur-Ille 35250,120,2 445,5
Maison 125m² à saint-medard-sur-ille,https://www.etreproprio.com/immobilier-23406375-vente-maison-125m-a-saint-medard-sur-ille-saint-medard-sur-ille,281 400,Saint-Medard-Sur-Ille 35250,125,905,5
Maison 89m² à saint-medard-sur-ille,https://www.etreproprio.com/immobilier-22517302-vente-maison-89m-a-saint-medard-sur-ille-saint-medard-sur-ille,214 000,Saint-Medard-Sur-Ille 35250,89,298,3
Maison 76m² à saint-malo,https://www.etreproprio.com/immobilier-22333053-vente-maison-76m-a-saint-malo-saint-malo,485 000,Saint-Malo 35400,76,237,5
A vendre - maison du 20ème siècle - 227m² + maisonnette - st malo - proche  plage sillon,https://www.etreproprio.com/immobilier-23242241-vente-a-vendre-maison-du-20eme-siecle-227m-maisonnette-st-malo-proche-plage-sillon-saint-malo,1 686 400,Saint-Malo 35400,227,399,9
Saint-malo 35400 - maison,https://www.etreproprio.com/immobilier-23460557-vente-saint-malo-35400-maison-saint-malo,109 400,Saint-Malo 35400,127,346,5
A vendre - maison t8 - 178m² - 5 chambres - suite parentale rdc - terrain 550m² - clos murs - saint malo,https://www.etreproprio.com/immobilier-22951806-vente-a-vendre-maison-t8-178m-5-chambres-suite-parentale-rdc-terrain-550m-clos-murs-saint-malo-saint-malo,832 000,Saint-Malo 35400,178,553,8
A vendre exclusivite agence giboire saint malo rochebonne  4 chambres garage jardin proche plage,https://www.etreproprio.com/immobilier-23457507-vente-a-vendre-exclusivite-agence-giboire-saint-malo-rochebonne-4-chambres-garage-jardin-proche-plage-saint-malo,1 430 000,Saint-Malo 35400,135,369,6
"Très belle maison sur saint-malo, emplacement exceptionnel.",https://www.etreproprio.com/immobilier-19953245-vente-tres-belle-maison-sur-saint-malo-emplacement-exceptionnel-saint-malo,410 000,Saint-Malo 35400,86,236,4
Maison 85m² à saint-malo,https://www.etreproprio.com/immobilier-23310549-vente-maison-85m-a-saint-malo-saint-malo,270 140,Saint-Malo 35400,85,412,5
Agence giboire a vendre maison en pierres proximite plages et commerces vie de plain pied cancale chambre au rez de chaussee git,https://www.etreproprio.com/immobilier-23278286-vente-agence-giboire-a-vendre-maison-en-pierres-proximite-plages-et-commerces-vie-de-plain-pied-cancale-chambre-au-rez-de-chaussee-git-saint-malo,989 900,Saint-Malo 35400,280,1 200,9
À vendre ? demeure d'exception de +500 m² - saint malo - proche commerces,https://www.etreproprio.com/immobilier-23441927-vente-a-vendre-demeure-d-exception-de-500-m-saint-malo-proche-commerces-saint-malo,1 596 810,Saint-Malo 35400,516,6 900,21
Saint-malo -paramé- mer immobilier vous présente: maison de type 4 de 98 m2 environ  + combles aménageables à proximité des comm,https://www.etreproprio.com/immobilier-21881310-vente-saint-malo-parame-mer-immobilier-vous-presente-maison-de-type-4-de-98-m2-environ-combles-amenageables-a-proximite-des-comm-saint-malo,506 000,Saint-Malo 35400,98,578,4
Maison 76 m2  plage du pont,https://www.etreproprio.com/immobilier-23443943-vente-maison-76-m2-plage-du-pont-saint-malo,479 500,Saint-Malo 35400,76,235,5
Coup de coeur ! villa de charme idéalement située quartier courtoisville,https://www.etreproprio.com/immobilier-20570886-vente-coup-de-coeur-villa-de-charme-idealement-situee-quartier-courtoisville-saint-malo,800 955,Saint-Malo 35400,134,350,6
Maison de plain pied - 3 chambres - 35400 - st malo,https://www.etreproprio.com/immobilier-23437938-vente-maison-de-plain-pied-3-chambres-35400-st-malo-saint-malo,290 000,Saint-Malo 35400,80,306,5
Saint-malo 35400 - maison,https://www.etreproprio.com/immobilier-23422345-vente-saint-malo-35400-maison-saint-malo,70 600,Saint-Malo 35400,109,442,7
Maison 79m² à saint-malo,https://www.etreproprio.com/immobilier-23310589-vente-maison-79m-a-saint-malo-saint-malo,290 920,Saint-Malo 35400,79,306,3
Maison 133m² à saint-malo,https://www.etreproprio.com/immobilier-23310566-vente-maison-133m-a-saint-malo-saint-malo,581 840,Saint-Malo 35400,133,397,6
Maison 134m² à saint-malo,https://www.etreproprio.com/immobilier-23422716-vente-maison-134m-a-saint-malo-saint-malo,794 500,Saint-Malo 35400,134,356,6
Maison 100m² à saint-malo,https://www.etreproprio.com/immobilier-23396416-vente-maison-100m-a-saint-malo-saint-malo,430 000,Saint-Malo 35400,100,333,5
Maison t5 de 120 m2 saint malo le pont,https://www.etreproprio.com/immobilier-23396840-vente-maison-t5-de-120-m2-saint-malo-le-pont-saint-malo,869 800,Saint-Malo 35400,120,409,5
Maison saint malo 5 pièce(s) 158 m2,https://www.etreproprio.com/immobilier-23397149-vente-maison-saint-malo-5-pieces-158-m2-saint-malo,555 660,Saint-Malo 35400,158,513,5
Maison avec potentiel - 2 chambres - sous-sol - saint-méen-le-grand,https://www.etreproprio.com/immobilier-23891318-vente-maison-avec-potentiel-2-chambres-sous-sol-saint-meen-le-grand-saint-meen-le-grand,167 520,Saint-Meen-Le-Grand 35290,72,545,4
"Saint meen le gand centre ville, maison bourgeoise de 350m2 hab, jardin, garages",https://www.etreproprio.com/immobilier-23887252-vente-saint-meen-le-gand-centre-ville-maison-bourgeoise-de-350m2-hab-jardin-garages-saint-meen-le-grand,262 000,Saint-Meen-Le-Grand 35290,356,1 061,7
Maison 83m² à saint-meen-le-grand,https://www.etreproprio.com/immobilier-23844498-vente-maison-83m-a-saint-meen-le-grand-saint-meen-le-grand,198 000,Saint-Meen-Le-Grand 35290,83,679,4
Maison 53m² à saint-meen-le-grand,https://www.etreproprio.com/immobilier-23778260-vente-maison-53m-a-saint-meen-le-grand-saint-meen-le-grand,207 000,Saint-Meen-Le-Grand 35290,53,,2
Maison 53m² à saint-meen-le-grand,https://www.etreproprio.com/immobilier-23778262-vente-maison-53m-a-saint-meen-le-grand-saint-meen-le-grand,152 880,Saint-Meen-Le-Grand 35290,53,,2
Maison 63m² à saint-meen-le-grand,https://www.etreproprio.com/immobilier-23778261-vente-maison-63m-a-saint-meen-le-grand-saint-meen-le-grand,225 720,Saint-Meen-Le-Grand 35290,64,,3
Maison 129m² à saint-meen-le-grand,https://www.etreproprio.com/immobilier-23209640-vente-maison-129m-a-saint-meen-le-grand-saint-meen-le-grand,258 000,Saint-Meen-Le-Grand 35290,129,697,5
Maison 67m² à saint-meen-le-grand,https://www.etreproprio.com/immobilier-22952995-vente-maison-67m-a-saint-meen-le-grand-saint-meen-le-grand,165 000,Saint-Meen-Le-Grand 35290,67,666,4
Maison 76m² à saint-meen-le-grand,https://www.etreproprio.com/immobilier-23161428-vente-maison-76m-a-saint-meen-le-grand-saint-meen-le-grand,179 900,Saint-Meen-Le-Grand 35290,77,467,5
Maison 111m² à saint-meen-le-grand,https://www.etreproprio.com/immobilier-22913248-vente-maison-111m-a-saint-meen-le-grand-saint-meen-le-grand,209 000,Saint-Meen-Le-Grand 35290,111,1 744,4
Maison - campagne - vie de plain-pied,https://www.etreproprio.com/immobilier-23123061-vente-maison-campagne-vie-de-plain-pied-saint-meen-le-grand,209 400,Saint-Meen-Le-Grand 35290,111,1 744,4
Pavillon de 72.89 m² hab sur sous-sol complet avec terrain,https://www.etreproprio.com/immobilier-22990962-vente-pavillon-de-7289-m-hab-sur-sous-sol-complet-avec-terrain-saint-meen-le-grand,146 700,Saint-Meen-Le-Grand 35290,73,380,4
"Saint meen le grand, proximité centre ville",https://www.etreproprio.com/immobilier-23427409-vente-saint-meen-le-grand-proximite-centre-ville-saint-meen-le-grand,126 000,Saint-Meen-Le-Grand 35290,120,350,1
Maison saint meen le grand - 6 pièces - 4 chambres - 97 m2 - 410 m² de terrain,https://www.etreproprio.com/immobilier-23399209-vente-maison-saint-meen-le-grand-6-pieces-4-chambres-97-m2-410-m-de-terrain-saint-meen-le-grand,208 600,Saint-Meen-Le-Grand 35290,97,410,6
Maison saint-méen-le-grand 154 m2,https://www.etreproprio.com/immobilier-23351458-vente-maison-saint-meen-le-grand-154-m2-saint-meen-le-grand,315 000,Saint-Meen-Le-Grand 35290,154,1 000,7
Maison d'architecte saint meen le grand 9 pièces 341 m2 habitables - 460 m² au sol - 25 000 m² de terrain + etang et piscine,https://www.etreproprio.com/immobilier-22592793-vente-maison-d-architecte-saint-meen-le-grand-9-pieces-341-m2-habitables-460-m-au-sol-25-000-m-de-terrain-etang-et-piscine-saint-meen-le-grand,688 275,Saint-Meen-Le-Grand 35290,341,25 000,9
Maison 130m² à saint-meen-le-grand,https://www.etreproprio.com/immobilier-22526347-vente-maison-130m-a-saint-meen-le-grand-saint-meen-le-grand,312 500,Saint-Meen-Le-Grand 35290,130,1 650,5
Maison 130m² à saint-meen-le-grand,https://www.etreproprio.com/immobilier-22558191-vente-maison-130m-a-saint-meen-le-grand-saint-meen-le-grand,312 000,Saint-Meen-Le-Grand 35290,130,1 650,5
Maison saint onen la chapelle,https://www.etreproprio.com/immobilier-22157023-vente-maison-saint-onen-la-chapelle-saint-meen-le-grand,250 000,Saint-Meen-Le-Grand 35290,118,420,5
Maison 205m² à saint-meen-le-grand,https://www.etreproprio.com/immobilier-22160693-vente-maison-205m-a-saint-meen-le-grand-saint-meen-le-grand,179 350,Saint-Meen-Le-Grand 35290,205,127,7
Maison saint meloir des ondes 6 pièce(s) 160 m2,https://www.etreproprio.com/immobilier-23900548-vente-maison-saint-meloir-des-ondes-6-pieces-160-m2-saint-meloir-des-ondes,786 000,Saint-Meloir-Des-Ondes 35350,160,1 060,6
Maison 102m² à saint-méloir-des-ondes,https://www.etreproprio.com/immobilier-23878242-vente-maison-102m-a-saint-meloir-des-ondes-saint-meloir-des-ondes,187 250,Saint-Meloir-Des-Ondes 35350,102,578,5
Maison saint meloir des ondes 7 pièce(s) 155 m2,https://www.etreproprio.com/immobilier-23755324-vente-maison-saint-meloir-des-ondes-7-pieces-155-m2-saint-meloir-des-ondes,519 000,Saint-Meloir-Des-Ondes 35350,155,1 287,7
Maison 118m² à saint-meloir-des-ondes,https://www.etreproprio.com/immobilier-23791031-vente-maison-118m-a-saint-meloir-des-ondes-saint-meloir-des-ondes,438 500,Saint-Meloir-Des-Ondes 35350,118,495,7
Maison 100m² à saint-meloir-des-ondes,https://www.etreproprio.com/immobilier-23490441-vente-maison-100m-a-saint-meloir-des-ondes-saint-meloir-des-ondes,289 000,Saint-Meloir-Des-Ondes 35350,100,553,5
Maison saint meloir des ondes - longère sans travaux,https://www.etreproprio.com/immobilier-23740435-vente-maison-saint-meloir-des-ondes-longere-sans-travaux-saint-meloir-des-ondes,377 280,Saint-Meloir-Des-Ondes 35350,163,521,6
Saint meloir des ondes,https://www.etreproprio.com/immobilier-23687126-vente-saint-meloir-des-ondes-saint-meloir-des-ondes,425 000,Saint-Meloir-Des-Ondes 35350,130,393,6
Maison - 8 pièces - 5 chambres - prestations de qualité - 35350,https://www.etreproprio.com/immobilier-23682420-vente-maison-8-pieces-5-chambres-prestations-de-qualite-35350-saint-meloir-des-ondes,425 000,Saint-Meloir-Des-Ondes 35350,126,393,8
Maison saint meloir des ondes - 3 pièces - 50 m²,https://www.etreproprio.com/immobilier-23637767-vente-maison-saint-meloir-des-ondes-3-pieces-50-m-saint-meloir-des-ondes,195 514,Saint-Meloir-Des-Ondes 35350,50,29,3
Maison individuelle en centre bourg avec vie plain-pied,https://www.etreproprio.com/immobilier-20482854-vente-maison-individuelle-en-centre-bourg-avec-vie-plain-pied-saint-meloir-des-ondes,349 900,Saint-Meloir-Des-Ondes 35350,141,394,7
Maison 119m² à saint-meloir-des-ondes,https://www.etreproprio.com/immobilier-23612661-vente-maison-119m-a-saint-meloir-des-ondes-saint-meloir-des-ondes,223 000,Saint-Meloir-Des-Ondes 35350,119,1 103,5
Maison st meloir des ondes - 170 m² - vue sur mer,https://www.etreproprio.com/immobilier-23587539-vente-maison-st-meloir-des-ondes-170-m-vue-sur-mer-saint-meloir-des-ondes,849 900,Saint-Meloir-Des-Ondes 35350,170,1 145,6
A vendre agence giboire maison saint meloir des ondes 7 pièce(s) 170 m2,https://www.etreproprio.com/immobilier-23577464-vente-a-vendre-agence-giboire-maison-saint-meloir-des-ondes-7-pieces-170-m2-saint-meloir-des-ondes,849 900,Saint-Meloir-Des-Ondes 35350,170,1 145,7
Maison d'architecte de 2025,https://www.etreproprio.com/immobilier-23173180-vente-maison-d-architecte-de-2025-saint-meloir-des-ondes,690 100,Saint-Meloir-Des-Ondes 35350,145,850,5
Maison 129m² à saint-meloir-des-ondes,https://www.etreproprio.com/immobilier-22926273-vente-maison-129m-a-saint-meloir-des-ondes-saint-meloir-des-ondes,189 600,Saint-Meloir-Des-Ondes 35350,129,314,5
À vendre - maison en pierres rénovée avec charme et confort - saint-méloir-des-ondes,https://www.etreproprio.com/immobilier-22977786-vente-a-vendre-maison-en-pierres-renovee-avec-charme-et-confort-saint-meloir-des-ondes-saint-meloir-des-ondes,400 000,Saint-Meloir-Des-Ondes 35350,95,580,5
Maison saint meloir des ondes 8 pièce(s) 118 m²,https://www.etreproprio.com/immobilier-23519814-vente-maison-saint-meloir-des-ondes-8-pieces-118-m-saint-meloir-des-ondes,439 990,Saint-Meloir-Des-Ondes 35350,118,495,9
"Saint-méloir, maison de ville en pierres de type 3",https://www.etreproprio.com/immobilier-22756501-vente-saint-meloir-maison-de-ville-en-pierres-de-type-3-saint-meloir-des-ondes,195 415,Saint-Meloir-Des-Ondes 35350,50,,3
Maison type 4 - 128 m2 - terrain de 4850 m2 - proche mer,https://www.etreproprio.com/immobilier-23333373-vente-maison-type-4-128-m2-terrain-de-4850-m2-proche-mer-saint-meloir-des-ondes,348 600,Saint-Meloir-Des-Ondes 35350,128,4 850,4
Maison 195m² à saint-meloir-des-ondes,https://www.etreproprio.com/immobilier-23310593-vente-maison-195m-a-saint-meloir-des-ondes-saint-meloir-des-ondes,1 298 750,Saint-Meloir-Des-Ondes 35350,195,1 342,6
Maison 112m² à saint-meloir-des-ondes,https://www.etreproprio.com/immobilier-23282100-vente-maison-112m-a-saint-meloir-des-ondes-saint-meloir-des-ondes,n.c.,Saint-Meloir-Des-Ondes 35350,112,1 781,4
À vendre - grande maison familiale en pierres à saint-méloir-des-ondes,https://www.etreproprio.com/immobilier-23260546-vente-a-vendre-grande-maison-familiale-en-pierres-a-saint-meloir-des-ondes-saint-meloir-des-ondes,438 900,Saint-Meloir-Des-Ondes 35350,200,741,10
Exclusivité - maison de ville saint-méloir,https://www.etreproprio.com/immobilier-22069824-vente-exclusivite-maison-de-ville-saint-meloir-saint-meloir-des-ondes,384 000,Saint-Meloir-Des-Ondes 35350,132,200,8
Maison 123m² à saint-meloir-des-ondes,https://www.etreproprio.com/immobilier-23032078-vente-maison-123m-a-saint-meloir-des-ondes-saint-meloir-des-ondes,n.c.,Saint-Meloir-Des-Ondes 35350,123,375,6
Maison 57m² à saint-meloir-des-ondes,https://www.etreproprio.com/immobilier-21556013-vente-maison-57m-a-saint-meloir-des-ondes-saint-meloir-des-ondes,237 000,Saint-Meloir-Des-Ondes 35350,57,,3
Maison 86m² à saint-meloir-des-ondes,https://www.etreproprio.com/immobilier-22906824-vente-maison-86m-a-saint-meloir-des-ondes-saint-meloir-des-ondes,n.c.,Saint-Meloir-Des-Ondes 35350,86,5 000,7
Maison 186m² à saint-meloir-des-ondes,https://www.etreproprio.com/immobilier-22765285-vente-maison-186m-a-saint-meloir-des-ondes-saint-meloir-des-ondes,1 294 000,Saint-Meloir-Des-Ondes 35350,186,1 340,5
Maison 98m² à saint-meloir-des-ondes,https://www.etreproprio.com/immobilier-22743322-vente-maison-98m-a-saint-meloir-des-ondes-saint-meloir-des-ondes,312 000,Saint-Meloir-Des-Ondes 35350,99,252,3
Maison saint meloir des ondes 6 pièce(s) - 120 m²,https://www.etreproprio.com/immobilier-22318441-vente-maison-saint-meloir-des-ondes-6-pieces-120-m-saint-meloir-des-ondes,379 440,Saint-Meloir-Des-Ondes 35350,120,526,6
Saint-meloir-des-ondes,https://www.etreproprio.com/immobilier-20638202-vente-saint-meloir-des-ondes-saint-meloir-des-ondes,378 000,Saint-Meloir-Des-Ondes 35350,157,1 070,6
St meloir des ondes - viager occupe,https://www.etreproprio.com/immobilier-21878161-vente-st-meloir-des-ondes-viager-occupe-saint-meloir-des-ondes,142 800,Saint-Meloir-Des-Ondes 35350,118,495,5
Maison saint meloir des ondes - maison sur sous-sol,https://www.etreproprio.com/immobilier-21731216-vente-maison-saint-meloir-des-ondes-maison-sur-sous-sol-saint-meloir-des-ondes,377 280,Saint-Meloir-Des-Ondes 35350,140,1 070,6
Maison saint meloir des ondes,https://www.etreproprio.com/immobilier-18754297-vente-maison-saint-meloir-des-ondes-saint-meloir-des-ondes,397 100,Saint-Meloir-Des-Ondes 35350,138,570,9
Maison 158m² à saint-malo,https://www.etreproprio.com/immobilier-23402622-vente-maison-158m-a-saint-malo-saint-malo,559 900,Saint-Malo 35400,158,513,5
Maison t7 centre saint-servan,https://www.etreproprio.com/immobilier-23398837-vente-maison-t7-centre-saint-servan-saint-malo,1 010 000,Saint-Malo 35400,212,608,7
Propriété 35430,https://www.etreproprio.com/immobilier-23393233-vente-propriete-35430-saint-malo,985 000,Saint-Malo 35400,134,91 100,5
Maison de ville proche des plages et commerces,https://www.etreproprio.com/immobilier-23300458-vente-maison-de-ville-proche-des-plages-et-commerces-saint-malo,765 000,Saint-Malo 35400,127,145,8
Maison 170m² à saint-malo,https://www.etreproprio.com/immobilier-23372781-vente-maison-170m-a-saint-malo-saint-malo,913 500,Saint-Malo 35400,170,749,7
Maison  en campagne proche de parame et des plages,https://www.etreproprio.com/immobilier-23357095-vente-maison-en-campagne-proche-de-parame-et-des-plages-saint-malo,576 400,Saint-Malo 35400,214,1 342,8
Maison saint malo,https://www.etreproprio.com/immobilier-23357093-vente-maison-saint-malo-saint-malo,1 199 960,Saint-Malo 35400,,,
Maison 81m² à saint-malo,https://www.etreproprio.com/immobilier-23346598-vente-maison-81m-a-saint-malo-saint-malo,409 500,Saint-Malo 35400,82,236,4
Maison 98m² à saint-malo,https://www.etreproprio.com/immobilier-22873555-vente-maison-98m-a-saint-malo-saint-malo,512 000,Saint-Malo 35400,98,,4
Maison 90m² à saint-malo,https://www.etreproprio.com/immobilier-23342743-vente-maison-90m-a-saint-malo-saint-malo,935 100,Saint-Malo 35400,90,578,5
Saint-malo centre – demeure familiale 10 pièces/5 chambres,https://www.etreproprio.com/immobilier-23343427-vente-saint-malo-centre-demeure-familiale-10-pieces5-chambres-saint-malo,1 299 000,Saint-Malo 35400,234,698,10
Maison 61m² à saint-malo,https://www.etreproprio.com/immobilier-23337681-vente-maison-61m-a-saint-malo-saint-malo,206 500,Saint-Malo 35400,61,,3
Maison 56m² à saint-malo,https://www.etreproprio.com/immobilier-23314332-vente-maison-56m-a-saint-malo-saint-malo,320 250,Saint-Malo 35400,56,177,3
Maison saint malo 3 pièce(s) 35 m2,https://www.etreproprio.com/immobilier-21012941-vente-maison-saint-malo-3-pieces-35-m2-saint-malo,209 600,Saint-Malo 35400,35,300,3
Maison a vendre agence groupe giboire maison en pierres grand jardin garage dependance,https://www.etreproprio.com/immobilier-23316432-vente-maison-a-vendre-agence-groupe-giboire-maison-en-pierres-grand-jardin-garage-dependance-saint-malo,577 500,Saint-Malo 35400,214,1 350,6
Maison 154m² à saint-malo,https://www.etreproprio.com/immobilier-23310583-vente-maison-154m-a-saint-malo-saint-malo,675 350,Saint-Malo 35400,154,371,5
Propriété,https://www.etreproprio.com/immobilier-23310555-vente-propriete-saint-malo,1 288 360,Saint-Malo 35400,222,499,9
Maison en pierres,https://www.etreproprio.com/immobilier-23310585-vente-maison-en-pierres-saint-malo,229 500,Saint-Malo 35400,125,1 156,3
Maison de ville,https://www.etreproprio.com/immobilier-23310595-vente-maison-de-ville-saint-malo,316 895,Saint-Malo 35400,100,331,4
Maison traditionnelle,https://www.etreproprio.com/immobilier-23310569-vente-maison-traditionnelle-saint-malo,405 210,Saint-Malo 35400,120,333,6
Maison 196m² à saint-meen-le-grand,https://www.etreproprio.com/immobilier-22046832-vente-maison-196m-a-saint-meen-le-grand-saint-meen-le-grand,312 900,Saint-Meen-Le-Grand 35290,196,3 940,7
Maison 8 pièces 171 m2,https://www.etreproprio.com/immobilier-22016223-vente-maison-8-pieces-171-m2-saint-meen-le-grand,425 990,Saint-Meen-Le-Grand 35290,171,869,8
Maison 123m² à saint-meen-le-grand,https://www.etreproprio.com/immobilier-21988305-vente-maison-123m-a-saint-meen-le-grand-saint-meen-le-grand,82 500,Saint-Meen-Le-Grand 35290,123,576,3
Maison 50m² à saint-meen-le-grand,https://www.etreproprio.com/immobilier-21988306-vente-maison-50m-a-saint-meen-le-grand-saint-meen-le-grand,57 500,Saint-Meen-Le-Grand 35290,50,337,1
Maison 102m² à saint-meen-le-grand,https://www.etreproprio.com/immobilier-21971454-vente-maison-102m-a-saint-meen-le-grand-saint-meen-le-grand,193 600,Saint-Meen-Le-Grand 35290,102,273,6
Saint meen le grand maison centre ville exclusivité,https://www.etreproprio.com/immobilier-18868650-vente-saint-meen-le-grand-maison-centre-ville-exclusivite-saint-meen-le-grand,106 000,Saint-Meen-Le-Grand 35290,103,220,5
"Saint meen le grand, centre ville, maison en pierre, cour, jardin, garages",https://www.etreproprio.com/immobilier-21274644-vente-saint-meen-le-grand-centre-ville-maison-en-pierre-cour-jardin-garages-saint-meen-le-grand,230 500,Saint-Meen-Le-Grand 35290,110,595,6
Maison traditionnelle,https://www.etreproprio.com/immobilier-23310599-vente-maison-traditionnelle-saint-malo,467 550,Saint-Malo 35400,86,410,4
Maison traditionnelle,https://www.etreproprio.com/immobilier-23310553-vente-maison-traditionnelle-saint-malo,550 670,Saint-Malo 35400,244,762,7
Maison 310m² à saint-malo,https://www.etreproprio.com/immobilier-23310570-vente-maison-310m-a-saint-malo-saint-malo,955 880,Saint-Malo 35400,310,1 649,10
Maison de caractère – 225 m² – jardin clos – 3 niveaux indépenda,https://www.etreproprio.com/immobilier-23294166-vente-maison-de-caractere-225-m-jardin-clos-3-niveaux-independa-saint-malo,828 000,Saint-Malo 35400,225,508,11
Maison 75m² à saint-malo,https://www.etreproprio.com/immobilier-23289204-vente-maison-75m-a-saint-malo-saint-malo,262 500,Saint-Malo 35400,76,329,4
Maison 213m² à saint-malo,https://www.etreproprio.com/immobilier-23290880-vente-maison-213m-a-saint-malo-saint-malo,577 500,Saint-Malo 35400,213,1 342,5
Maison 99m² à saint-malo,https://www.etreproprio.com/immobilier-23289205-vente-maison-99m-a-saint-malo-saint-malo,320 250,Saint-Malo 35400,100,331,4
Saint-malo - plage du minihic - maison d'environ 141 m2 avec jardin exposé sud,https://www.etreproprio.com/immobilier-23279135-vente-saint-malo-plage-du-minihic-maison-d-environ-141-m2-avec-jardin-expose-sud-saint-malo,585 000,Saint-Malo 35400,141,450,7
Maison 120m² à saint-malo,https://www.etreproprio.com/immobilier-23266709-vente-maison-120m-a-saint-malo-saint-malo,515 000,Saint-Malo 35400,120,585,5
Maison 154m² à saint-malo,https://www.etreproprio.com/immobilier-23090095-vente-maison-154m-a-saint-malo-saint-malo,649 900,Saint-Malo 35400,154,371,6
Nord 35 - château avec dépendances et parc de + 4ha,https://www.etreproprio.com/immobilier-23255965-vente-nord-35-chateau-avec-dependances-et-parc-de-4ha-saint-malo,4 180 800,Saint-Malo 35400,1 300,40 000,15
Maison 182m² à saint-malo,https://www.etreproprio.com/immobilier-23229913-vente-maison-182m-a-saint-malo-saint-malo,997 500,Saint-Malo 35400,183,390,6
Maison saint malo 6 pièce(s) 95 m2 - jardin - garage à 5min des commerces,https://www.etreproprio.com/immobilier-23228314-vente-maison-saint-malo-6-pieces-95-m2-jardin-garage-a-5min-des-commerces-saint-malo,345 840,Saint-Malo 35400,95,531,6
Maison 360m² à saint-malo,https://www.etreproprio.com/immobilier-22747502-vente-maison-360m-a-saint-malo-saint-malo,2 949 900,Saint-Malo 35400,360,4 280,13
Maison de prestige à vendre à saint-malo - référence jm-729,https://www.etreproprio.com/immobilier-23207754-vente-maison-de-prestige-a-vendre-a-saint-malo-reference-jm-729-saint-malo,2 072 000,Saint-Malo 35400,243,1 350,17
Maison 223m² à saint-malo,https://www.etreproprio.com/immobilier-22634390-vente-maison-223m-a-saint-malo-saint-malo,840 000,Saint-Malo 35400,224,508,9
Maison de ville,https://www.etreproprio.com/immobilier-22971591-vente-maison-de-ville-saint-malo,625 000,Saint-Malo 35400,136,97,5
Maison saint malo 4 pièce(s) 76 m2,https://www.etreproprio.com/immobilier-23187843-vente-maison-saint-malo-4-pieces-76-m2-saint-malo,259 750,Saint-Malo 35400,76,295,4
Maison 263m² à saint-malo,https://www.etreproprio.com/immobilier-23175417-vente-maison-263m-a-saint-malo-saint-malo,964 160,Saint-Malo 35400,264,518,10
Maison 72 m² 3 chambres terrain d'environ 364 m²,https://www.etreproprio.com/immobilier-23175853-vente-maison-72-m-3-chambres-terrain-d-environ-364-m-saint-malo,332 480,Saint-Malo 35400,72,364,4
Maison 173m² à saint-m'herve,https://www.etreproprio.com/immobilier-22598900-vente-maison-173m-a-saint-m-herve-saint-m-herve,125 000,Saint-M'herve 35500,173,2 734,1
Maison 236m² à saint-m'herve,https://www.etreproprio.com/immobilier-23862137-vente-maison-236m-a-saint-m-herve-saint-m-herve,300 000,Saint-M'herve 35500,236,14 825,10
Propriété à saint m'herve,https://www.etreproprio.com/immobilier-23761435-vente-propriete-a-saint-m-herve-saint-m-herve,299 910,Saint-M'herve 35500,237,14 825,6
Maison 119m² à saint-m'herve,https://www.etreproprio.com/immobilier-23742740-vente-maison-119m-a-saint-m-herve-saint-m-herve,244 900,Saint-M'herve 35500,119,579,4
Maison 119m² à saint-m'hervé,https://www.etreproprio.com/immobilier-23728489-vente-maison-119m-a-saint-m-herve-saint-m-herve,245 575,Saint-M'herve 35500,119,579,4
Maison de ville saint m herve 137 m2,https://www.etreproprio.com/immobilier-23617602-vente-maison-de-ville-saint-m-herve-137-m2-saint-m-herve,187 200,Saint-M'herve 35500,137,445,5
Maison 142m² à saint-m'herve,https://www.etreproprio.com/immobilier-23504093-vente-maison-142m-a-saint-m-herve-saint-m-herve,240 000,Saint-M'herve 35500,142,1 357,7
Maison 73m² à saint-m'herve,https://www.etreproprio.com/immobilier-23233068-vente-maison-73m-a-saint-m-herve-saint-m-herve,260 000,Saint-M'herve 35500,73,20 674,3
Maison saint m herve 5 pièce(s) 93 m2,https://www.etreproprio.com/immobilier-22005176-vente-maison-saint-m-herve-5-pieces-93-m2-saint-m-herve,234 900,Saint-M'herve 35500,93,458,5
Maison 143m² à saint-m'herve,https://www.etreproprio.com/immobilier-23178554-vente-maison-143m-a-saint-m-herve-saint-m-herve,240 000,Saint-M'herve 35500,143,1 357,6
Maison saint m herve 5 pièce(s) 92.8 m2,https://www.etreproprio.com/immobilier-21768594-vente-maison-saint-m-herve-5-pieces-928-m2-saint-m-herve,235 999,Saint-M'herve 35500,93,458,5
A vendre maison à pièces saint m hervé  150 m² - 349 500  hai,https://www.etreproprio.com/immobilier-21197186-vente-a-vendre-maison-a-pieces-saint-m-herve-150-m-349-500-hai-saint-m-herve,349 500,Saint-M'herve 35500,150,4 361,6
Maison 56m² à saint-onen-la-chapelle,https://www.etreproprio.com/immobilier-23306038-vente-maison-56m-a-saint-onen-la-chapelle-saint-onen-la-chapelle,110 000,Saint-Onen-La-Chapelle 35290,56,970,4
Maison 101m² à saint-onen-la-chapelle,https://www.etreproprio.com/immobilier-23389670-vente-maison-101m-a-saint-onen-la-chapelle-saint-onen-la-chapelle,188 000,Saint-Onen-La-Chapelle 35290,101,634,6
Maison 85m² à saint-onen-la-chapelle,https://www.etreproprio.com/immobilier-23161427-vente-maison-85m-a-saint-onen-la-chapelle-saint-onen-la-chapelle,230 000,Saint-Onen-La-Chapelle 35290,85,507,5
Maison 73m² à saint-malo,https://www.etreproprio.com/immobilier-23165996-vente-maison-73m-a-saint-malo-saint-malo,332 500,Saint-Malo 35400,73,364,4
Maison 114m² à saint-malo,https://www.etreproprio.com/immobilier-23151077-vente-maison-114m-a-saint-malo-saint-malo,341 250,Saint-Malo 35400,115,483,6
Maison saint malo secteur cottages 4 chambres,https://www.etreproprio.com/immobilier-23152627-vente-maison-saint-malo-secteur-cottages-4-chambres-saint-malo,301 310,Saint-Malo 35400,99,285,5
Maison 115m² à saint-malo,https://www.etreproprio.com/immobilier-23125413-vente-maison-115m-a-saint-malo-saint-malo,338 000,Saint-Malo 35400,115,483,6
Très belle propriété en centre ville,https://www.etreproprio.com/immobilier-20927371-vente-tres-belle-propriete-en-centre-ville-saint-malo,1 287 000,Saint-Malo 35400,260,,9
A vendre agence giboire maison saint malo chateau-malo,https://www.etreproprio.com/immobilier-23111085-vente-a-vendre-agence-giboire-maison-saint-malo-chateau-malo-saint-malo,313 760,Saint-Malo 35400,84,129,4
"Maison sur sous-sol complet, 7 pièces, 5 chambres, véranda chauffée.",https://www.etreproprio.com/immobilier-20566965-vente-maison-sur-sous-sol-complet-7-pieces-5-chambres-veranda-chauffee-saint-malo,368 845,Saint-Malo 35400,159,647,7
Maison 230m² à saint-malo,https://www.etreproprio.com/immobilier-21953554-vente-maison-230m-a-saint-malo-saint-malo,1 995 000,Saint-Malo 35400,230,663,7
Maison 130m² à saint-malo,https://www.etreproprio.com/immobilier-23076005-vente-maison-130m-a-saint-malo-saint-malo,987 000,Saint-Malo 35400,130,100 000,5
Maison rochebonne 7 pièces 150m2,https://www.etreproprio.com/immobilier-21820722-vente-maison-rochebonne-7-pieces-150m2-saint-malo,1 414 000,Saint-Malo 35400,159,450,7
Propriété équestre d'exception proche saint-malo et dol-de-,https://www.etreproprio.com/immobilier-23093952-vente-propriete-equestre-d-exception-proche-saint-malo-et-dol-de-saint-malo,987 000,Saint-Malo 35400,130,100 000,5
A vendre saint-malo  rotheneuf  en  exclusivite maison 154m² -  350m de la plage,https://www.etreproprio.com/immobilier-23063414-vente-a-vendre-saint-malo-rotheneuf-en-exclusivite-maison-154m-350m-de-la-plage-saint-malo,949 767,Saint-Malo 35400,154,696,6
Maison saint malo 5 pièce(s) 75 m2,https://www.etreproprio.com/immobilier-22291147-vente-maison-saint-malo-5-pieces-75-m2-saint-malo,316 895,Saint-Malo 35400,75,331,5
Agence giboire a vendre maison type 5 saint-malo saint-servan,https://www.etreproprio.com/immobilier-23037685-vente-agence-giboire-a-vendre-maison-type-5-saint-malo-saint-servan-saint-malo,525 000,Saint-Malo 35400,120,585,5
Maison 84m² à saint-malo,https://www.etreproprio.com/immobilier-23028032-vente-maison-84m-a-saint-malo-saint-malo,310 800,Saint-Malo 35400,84,129,4
Maison 4 pièces,https://www.etreproprio.com/immobilier-22590685-vente-maison-4-pieces-saint-malo,271 000,Saint-Malo 35400,76,295,4
Maison 153m² à saint-malo,https://www.etreproprio.com/immobilier-22984867-vente-maison-153m-a-saint-malo-saint-malo,1 096 500,Saint-Malo 35400,153,565,7
"Saint-malo, maison t5 avec piscine.",https://www.etreproprio.com/immobilier-22925343-vente-saint-malo-maison-t5-avec-piscine-saint-malo,429 680,Saint-Malo 35400,90,468,5
Maison saint malo 4 pièce(s) 77 m2,https://www.etreproprio.com/immobilier-22937141-vente-maison-saint-malo-4-pieces-77-m2-saint-malo,311 700,Saint-Malo 35400,77,267,4
"Propriété aux portes de st malo, 5  km du centre de paramé",https://www.etreproprio.com/immobilier-22931717-vente-propriete-aux-portes-de-st-malo-5-km-du-centre-de-parame-saint-malo,1 381 800,Saint-Malo 35400,180,5 000,15
"Saint-ouen-des-alleux, maison de plain-pied en parfait état avec véranda, garage et jardin",https://www.etreproprio.com/immobilier-23909726-vente-saint-ouen-des-alleux-maison-de-plain-pied-en-parfait-etat-avec-veranda-garage-et-jardin-saint-ouen-des-alleux,213 000,Saint-Ouen-Des-Alleux 35140,62,257,5
"Saint ouen des alleux, charmante maison de bourg en pierres, 157 m² habitables,  terrain 1 993 m² ? parfait état ? commodités à",https://www.etreproprio.com/immobilier-23900899-vente-saint-ouen-des-alleux-charmante-maison-de-bourg-en-pierres-157-m-habitables-terrain-1-993-m-parfait-etat-commodites-a-saint-ouen-des-alleux,322 000,Saint-Ouen-Des-Alleux 35140,157,1 993,7
Maison 160m² à saint-ouen-des-alleux,https://www.etreproprio.com/immobilier-23893397-vente-maison-160m-a-saint-ouen-des-alleux-saint-ouen-des-alleux,322 000,Saint-Ouen-Des-Alleux 35140,160,2 000,6
Maison saint ouen des alleux- 4 chambres,https://www.etreproprio.com/immobilier-23660114-vente-maison-saint-ouen-des-alleux-4-chambres-saint-ouen-des-alleux,249 662,Saint-Ouen-Des-Alleux 35140,113,740,6
Maison 150m² à saint-ouen-des-alleux,https://www.etreproprio.com/immobilier-22477870-vente-maison-150m-a-saint-ouen-des-alleux-saint-ouen-des-alleux,285 000,Saint-Ouen-Des-Alleux 35140,150,1 000,6
Maison 3 pièce(s) 51.72 m2,https://www.etreproprio.com/immobilier-23293648-vente-maison-3-pieces-5172-m2-saint-ouen-des-alleux,162 595,Saint-Ouen-Des-Alleux 35140,52,32 850,3
Maison st ouen des alleux 1 pièce(s) 49 m2,https://www.etreproprio.com/immobilier-23220251-vente-maison-st-ouen-des-alleux-1-pieces-49-m2-saint-ouen-des-alleux,53 500,Saint-Ouen-Des-Alleux 35140,49,404,1
Maison saint ouen des alleux 5 pièce(s) 107 m2,https://www.etreproprio.com/immobilier-20609820-vente-maison-saint-ouen-des-alleux-5-pieces-107-m2-saint-ouen-des-alleux,219 870,Saint-Ouen-Des-Alleux 35140,107,592,5
Maison saint-ouen-des-alleux,https://www.etreproprio.com/immobilier-19066672-vente-maison-saint-ouen-des-alleux-saint-ouen-des-alleux,220 290,Saint-Ouen-Des-Alleux 35140,107,592,6
A vendre maison saint-père-marc-en-poulet 118m² t6,https://www.etreproprio.com/immobilier-22330625-vente-a-vendre-maison-saint-pere-marc-en-poulet-118m-t6-saint-pere,274 919,Saint-Pere 35430,118,331,6
Maison saint pere marc en poulet 5 pièce(s) 136 m2,https://www.etreproprio.com/immobilier-23880480-vente-maison-saint-pere-marc-en-poulet-5-pieces-136-m2-saint-pere,374 040,Saint-Pere 35430,134,297,5
Maison à vendre 10 pièces saint pere marc en poulet (35),https://www.etreproprio.com/immobilier-23782425-vente-maison-a-vendre-10-pieces-saint-pere-marc-en-poulet-35-saint-pere,650 000,Saint-Pere 35430,200,1 521,10
Maison 400m² à saint-pere,https://www.etreproprio.com/immobilier-23770168-vente-maison-400m-a-saint-pere-saint-pere,112 000,Saint-Pere 35430,400,1 175,8
Maison 115m² à saint-pere,https://www.etreproprio.com/immobilier-23770169-vente-maison-115m-a-saint-pere-saint-pere,215 000,Saint-Pere 35430,116,939,5
Maison saint pere marc en poulet 5 pièce(s),https://www.etreproprio.com/immobilier-23577394-vente-maison-saint-pere-marc-en-poulet-5-pieces-saint-pere,299 750,Saint-Pere 35430,149,572,5
Maison 35430,https://www.etreproprio.com/immobilier-23451366-vente-maison-35430-saint-pere,399 500,Saint-Pere 35430,132,261,5
Maison 122m² à saint-pere,https://www.etreproprio.com/immobilier-23326924-vente-maison-122m-a-saint-pere-saint-pere,309 750,Saint-Pere 35430,122,844,5
Maison en pierres,https://www.etreproprio.com/immobilier-23310546-vente-maison-en-pierres-saint-pere,306 505,Saint-Pere 35430,122,844,5
Maison 172m² à saint-pere,https://www.etreproprio.com/immobilier-23189317-vente-maison-172m-a-saint-pere-saint-pere,292 600,Saint-Pere 35430,172,913,7
Maison 139m² à saint-pere,https://www.etreproprio.com/immobilier-22992125-vente-maison-139m-a-saint-pere-saint-pere,374 800,Saint-Pere 35430,139,297,5
Maison 115m² à saint-pere,https://www.etreproprio.com/immobilier-23115508-vente-maison-115m-a-saint-pere-saint-pere,332 000,Saint-Pere 35430,115,,5
A vendre maison saint-pere marc en poulet 5 pièce(s) 132 m2,https://www.etreproprio.com/immobilier-23112128-vente-a-vendre-maison-saint-pere-marc-en-poulet-5-pieces-132-m2-saint-pere,374 040,Saint-Pere 35430,132,261,5
Agence giboire exclusivité maison saint père marc en poulet,https://www.etreproprio.com/immobilier-23027828-vente-agence-giboire-exclusivite-maison-saint-pere-marc-en-poulet-saint-pere,399 885,Saint-Pere 35430,147,1 780,5
Maison 6 pièces 125m²,https://www.etreproprio.com/immobilier-22332325-vente-maison-6-pieces-125m-saint-pere,397 100,Saint-Pere 35430,125,332,5
Maison 278m² à saint-pere,https://www.etreproprio.com/immobilier-22576999-vente-maison-278m-a-saint-pere-saint-pere,861 000,Saint-Pere 35430,278,2 285,12
Maison 110m² à saint-pere,https://www.etreproprio.com/immobilier-22577001-vente-maison-110m-a-saint-pere-saint-pere,336 000,Saint-Pere 35430,110,673,5
Longère - 7 minutes de saint malo - 4 chambres,https://www.etreproprio.com/immobilier-22482774-vente-longere-7-minutes-de-saint-malo-4-chambres-saint-pere,292 600,Saint-Pere 35430,172,913,7
Saint-père-marc-en-poulet. mer immobilier vous propose une villa contemporaine d'environ 275 m2  avec piscine et grand jardin ar,https://www.etreproprio.com/immobilier-20488185-vente-saint-pere-marc-en-poulet-mer-immobilier-vous-propose-une-villa-contemporaine-d-environ-275-m2-avec-piscine-et-grand-jardin-ar-saint-pere,842 000,Saint-Pere 35430,275,2 285,7
Bien rare - viager occupé  - femme seule de 86 ans,https://www.etreproprio.com/immobilier-19910043-vente-bien-rare-viager-occupe-femme-seule-de-86-ans-saint-pere,150 740,Saint-Pere 35430,155,790,5
Maison saint pere marc en poulet 5 pièce(s) 107 m2,https://www.etreproprio.com/immobilier-22255652-vente-maison-saint-pere-marc-en-poulet-5-pieces-107-m2-saint-malo,309 750,Saint-Malo 35400,107,330,5
"Maison 5 pièces, garage, 87m2 hab, 157m2 au sol.",https://www.etreproprio.com/immobilier-22216689-vente-maison-5-pieces-garage-87m2-hab-157m2-au-sol-saint-malo,388 500,Saint-Malo 35400,87,,5
Maison 147m² à saint-malo,https://www.etreproprio.com/immobilier-22880402-vente-maison-147m-a-saint-malo-saint-malo,880 650,Saint-Malo 35400,147,207,5
A vendre maison 111m² env. - 512m² - 4 chambres - proche saint servan - 35400 saint malo,https://www.etreproprio.com/immobilier-21316289-vente-a-vendre-maison-111m-env-512m-4-chambres-proche-saint-servan-35400-saint-malo-saint-malo,522 500,Saint-Malo 35400,111,512,5
Demeure à saint malo 5 pièce(s) 150m2,https://www.etreproprio.com/immobilier-22618720-vente-demeure-a-saint-malo-5-pieces-150m2-saint-malo,540 800,Saint-Malo 35400,150,365,5
Maison saint malo 6 pièces,https://www.etreproprio.com/immobilier-21942225-vente-maison-saint-malo-6-pieces-saint-malo,555 440,Saint-Malo 35400,231,762,6
Nouveauté. rare à la vente. situé dans intra-muros.,https://www.etreproprio.com/immobilier-22763749-vente-nouveaute-rare-a-la-vente-situe-dans-intra-muros-saint-malo,523 500,Saint-Malo 35400,250,70,10
Maison 184m² à saint-malo,https://www.etreproprio.com/immobilier-22749266-vente-maison-184m-a-saint-malo-saint-malo,1 296 000,Saint-Malo 35400,184,1 368,7
Maison 100m² à saint-malo,https://www.etreproprio.com/immobilier-22745629-vente-maison-100m-a-saint-malo-saint-malo,319 990,Saint-Malo 35400,100,574,5
Maison 230m² à saint-malo,https://www.etreproprio.com/immobilier-21898538-vente-maison-230m-a-saint-malo-saint-malo,556 500,Saint-Malo 35400,231,762,7
Exclusivite groupe giboire saint malo rotheneuf centre bourg villa balneaire,https://www.etreproprio.com/immobilier-22620678-vente-exclusivite-groupe-giboire-saint-malo-rotheneuf-centre-bourg-villa-balneaire-saint-malo,1 689 000,Saint-Malo 35400,174,1 047,9
"À vendre - maison avec sous-sol complet, à deux pas du sillon !",https://www.etreproprio.com/immobilier-22725970-vente-a-vendre-maison-avec-sous-sol-complet-a-deux-pas-du-sillon-saint-malo,399 000,Saint-Malo 35400,72,247,5
Maison 86m² à saint-malo,https://www.etreproprio.com/immobilier-20567381-vente-maison-86m-a-saint-malo-saint-malo,399 000,Saint-Malo 35400,86,,4
Saint-malo - clos-cadot- exclusivité mer immobilier- maison d'environ 116 m2 avec jardinet,https://www.etreproprio.com/immobilier-22707220-vente-saint-malo-clos-cadot-exclusivite-mer-immobilier-maison-d-environ-116-m2-avec-jardinet-saint-malo,397 000,Saint-Malo 35400,116,215,5
Maison 72m² à saint-malo,https://www.etreproprio.com/immobilier-22690457-vente-maison-72m-a-saint-malo-saint-malo,393 100,Saint-Malo 35400,72,247,5
Maison saint malo 7 pièce(s) 243.50 m2,https://www.etreproprio.com/immobilier-21755101-vente-maison-saint-malo-7-pieces-24350-m2-saint-malo,1 595 000,Saint-Malo 35400,244,230,7
Maison 180m² à saint-malo,https://www.etreproprio.com/immobilier-22654793-vente-maison-180m-a-saint-malo-saint-malo,499 200,Saint-Malo 35400,180,9 666,4
En exclusivité - maison de ville 3/4 chambres. saint-malo - courtoisville.,https://www.etreproprio.com/immobilier-22642393-vente-en-exclusivite-maison-de-ville-34-chambres-saint-malo-courtoisville-saint-malo,592 800,Saint-Malo 35400,100,247,5
Maison 99m² à saint-malo,https://www.etreproprio.com/immobilier-22630790-vente-maison-99m-a-saint-malo-saint-malo,380 000,Saint-Malo 35400,99,65,4
Maison / demeure a vendre de 148 m² (162m² utile) - 4 chambres - saint malo quartier hippodrome - 35400 saint malo,https://www.etreproprio.com/immobilier-21092539-vente-maison-demeure-a-vendre-de-148-m-162m-utile-4-chambres-saint-malo-quartier-hippodrome-35400-saint-malo-saint-malo,390 000,Saint-Malo 35400,148,590,8
Maison 124m² à saint-pern,https://www.etreproprio.com/immobilier-23090319-vente-maison-124m-a-saint-pern-saint-pern,266 000,Saint-Pern 35190,124,987,7
Campagne - ensemble immobilier avec parc aménagé - 8 pièces 227 m² habitables,https://www.etreproprio.com/immobilier-21929948-vente-campagne-ensemble-immobilier-avec-parc-amenage-8-pieces-227-m-habitables-saint-pern,450 000,Saint-Pern 35190,227,5 218,8
Maison 6 pièces 170m2,https://www.etreproprio.com/immobilier-21391500-vente-maison-6-pieces-170m2-saint-pern,266 000,Saint-Pern 35190,170,1 650,6
Maison de 125 m²  saint père marc en poulet - centre,https://www.etreproprio.com/immobilier-18389635-vente-maison-de-125-m-saint-pere-marc-en-poulet-centre-saint-pere,411 600,Saint-Pere 35430,125,332,6
Agence giboire à vendre maison saint malo rochebonne paramé,https://www.etreproprio.com/immobilier-22620680-vente-agence-giboire-a-vendre-maison-saint-malo-rochebonne-parame-saint-malo,598 500,Saint-Malo 35400,140,470,9
A vendre maison saint malo 5 pièce(s) 141 m2 habitable (156m² au sol),https://www.etreproprio.com/immobilier-22592888-vente-a-vendre-maison-saint-malo-5-pieces-141-m2-habitable-156m-au-sol-saint-malo,766 605,Saint-Malo 35400,141,430,5
Villa saint malo 158 m2,https://www.etreproprio.com/immobilier-22584940-vente-villa-saint-malo-158-m2-saint-malo,1 200 000,Saint-Malo 35400,158,213,8
Maison 65m² à saint-malo,https://www.etreproprio.com/immobilier-21968936-vente-maison-65m-a-saint-malo-saint-malo,515 000,Saint-Malo 35400,65,216,3
Maison saint malo,https://www.etreproprio.com/immobilier-19760034-vente-maison-saint-malo-saint-malo,399 000,Saint-Malo 35400,75,247,5
"Saint-servan, maison de type 8, 165 m²",https://www.etreproprio.com/immobilier-22540396-vente-saint-servan-maison-de-type-8-165-m-saint-malo,591 660,Saint-Malo 35400,165,597,8
Maison 135m² à saint-malo,https://www.etreproprio.com/immobilier-22535691-vente-maison-135m-a-saint-malo-saint-malo,995 000,Saint-Malo 35400,135,194,7
A vendre agence giboire maison / appartement vue mer rochebonne,https://www.etreproprio.com/immobilier-22513597-vente-a-vendre-agence-giboire-maison-appartement-vue-mer-rochebonne-saint-malo,954 000,Saint-Malo 35400,90,,5
Maison à proximité de la plage des fours à chaux saint servan sur mer,https://www.etreproprio.com/immobilier-21735335-vente-maison-a-proximite-de-la-plage-des-fours-a-chaux-saint-servan-sur-mer-saint-malo,624 500,Saint-Malo 35400,95,140,4
Maison saint malo 6 pièces 219.13 m²,https://www.etreproprio.com/immobilier-20960330-vente-maison-saint-malo-6-pieces-21913-m-saint-malo,696 800,Saint-Malo 35400,219,755,6
Maison 150m² à saint-malo,https://www.etreproprio.com/immobilier-22404608-vente-maison-150m-a-saint-malo-saint-malo,1 176 000,Saint-Malo 35400,150,500,7
Maison t4 saint-ideuc,https://www.etreproprio.com/immobilier-22384348-vente-maison-t4-saint-ideuc-saint-malo,429 500,Saint-Malo 35400,88,,4
"Maison t5 individuelle, traversant, beaux volumes, spacieux jardin, finitions soignées",https://www.etreproprio.com/immobilier-22381084-vente-maison-t5-individuelle-traversant-beaux-volumes-spacieux-jardin-finitions-soignees-saint-malo,609 000,Saint-Malo 35400,114,648,5
Maison 214m² à saint-malo,https://www.etreproprio.com/immobilier-22374171-vente-maison-214m-a-saint-malo-saint-malo,1 575 000,Saint-Malo 35400,215,339,7
Maison 60m² à saint-malo,https://www.etreproprio.com/immobilier-22336201-vente-maison-60m-a-saint-malo-saint-malo,315 000,Saint-Malo 35400,60,,4
Vente maison saint-malo(35400) 567 000ï¿œ,https://www.etreproprio.com/immobilier-22327909-vente-vente-maison-saint-malo35400-567-000i-oe-saint-malo,567 000,Saint-Malo 35400,144,357,5
"Saint-malo, rocabey, maison de ville 166 m². cour et jardin. garage avec grenier.",https://www.etreproprio.com/immobilier-22332326-vente-saint-malo-rocabey-maison-de-ville-166-m-cour-et-jardin-garage-avec-grenier-saint-malo,658 300,Saint-Malo 35400,167,352,6
Solidor maison t3,https://www.etreproprio.com/immobilier-22316320-vente-solidor-maison-t3-saint-malo,311 700,Saint-Malo 35400,51,,3
A vendre - maison de pêcheur -quartier solidor -saint servan - 60m² - saint malo,https://www.etreproprio.com/immobilier-22290563-vente-a-vendre-maison-de-pecheur-quartier-solidor-saint-servan-60m-saint-malo-saint-malo,314 400,Saint-Malo 35400,59,38,3
Maison 327m² à saint-malo,https://www.etreproprio.com/immobilier-22256350-vente-maison-327m-a-saint-malo-saint-malo,945 000,Saint-Malo 35400,327,1 649,11
Maison 80m² à saint-pierre-de-plesguen,https://www.etreproprio.com/immobilier-23888874-vente-maison-80m-a-saint-pierre-de-plesguen-saint-pierre-de-plesguen,220 500,Saint-Pierre-De-Plesguen 35720,80,751,4
Maison mesnil roc h  310 m2,https://www.etreproprio.com/immobilier-23878234-vente-maison-mesnil-roc-h-310-m2-saint-pierre-de-plesguen,698 250,Saint-Pierre-De-Plesguen 35720,310,26 000,14
Maison 140m² à saint-pierre-de-plesguen,https://www.etreproprio.com/immobilier-23872921-vente-maison-140m-a-saint-pierre-de-plesguen-saint-pierre-de-plesguen,318 000,Saint-Pierre-De-Plesguen 35720,140,245,8
Maison 61m² à saint-pierre-de-plesguen,https://www.etreproprio.com/immobilier-23831582-vente-maison-61m-a-saint-pierre-de-plesguen-saint-pierre-de-plesguen,146 000,Saint-Pierre-De-Plesguen 35720,61,107,3
Maison de maître 20 min de st malo 11 pièce(s) 409 m2 - possibilité gîtes et chambres d'hôte,https://www.etreproprio.com/immobilier-23755487-vente-maison-de-maitre-20-min-de-st-malo-11-pieces-409-m2-possibilite-gites-et-chambres-d-hote-saint-pierre-de-plesguen,787 500,Saint-Pierre-De-Plesguen 35720,409,5 000,11
Maison 79m² à saint-pierre-de-plesguen,https://www.etreproprio.com/immobilier-23745956-vente-maison-79m-a-saint-pierre-de-plesguen-saint-pierre-de-plesguen,164 000,Saint-Pierre-De-Plesguen 35720,79,,4
Maison 145m² à saint-pierre-de-plesguen,https://www.etreproprio.com/immobilier-20707919-vente-maison-145m-a-saint-pierre-de-plesguen-saint-pierre-de-plesguen,287 000,Saint-Pierre-De-Plesguen 35720,145,869,5
Maison mesnil roc'h  112 m²,https://www.etreproprio.com/immobilier-23131008-vente-maison-mesnil-roc-h-112-m-saint-pierre-de-plesguen,203 110,Saint-Pierre-De-Plesguen 35720,112,7 060,5
Maison 110m² à saint-pierre-de-plesguen,https://www.etreproprio.com/immobilier-22437564-vente-maison-110m-a-saint-pierre-de-plesguen-saint-pierre-de-plesguen,204 900,Saint-Pierre-De-Plesguen 35720,110,255,4
Mesnil-roc'h - maison à renover entierement,https://www.etreproprio.com/immobilier-23543135-vente-mesnil-roc-h-maison-a-renover-entierement-saint-pierre-de-plesguen,106 960,Saint-Pierre-De-Plesguen 35720,60,580,2
Maison 79m² à saint-pierre-de-plesguen,https://www.etreproprio.com/immobilier-22325684-vente-maison-79m-a-saint-pierre-de-plesguen-saint-pierre-de-plesguen,167 900,Saint-Pierre-De-Plesguen 35720,79,284,4
"Belle maison de 4 chambres à la campagne, havre de paix",https://www.etreproprio.com/immobilier-23511727-vente-belle-maison-de-4-chambres-a-la-campagne-havre-de-paix-saint-pierre-de-plesguen,325 000,Saint-Pierre-De-Plesguen 35720,153,4 051,5
Maison 77m² à saint-pierre-de-plesguen,https://www.etreproprio.com/immobilier-22386762-vente-maison-77m-a-saint-pierre-de-plesguen-saint-pierre-de-plesguen,169 900,Saint-Pierre-De-Plesguen 35720,78,298,4
Maison en pierres,https://www.etreproprio.com/immobilier-23310581-vente-maison-en-pierres-saint-pierre-de-plesguen,207 800,Saint-Pierre-De-Plesguen 35720,145,580,5
Maison / 10000 m2 de terrain / dépendance,https://www.etreproprio.com/immobilier-23285777-vente-maison-10000-m2-de-terrain-dependance-saint-pierre-de-plesguen,188 500,Saint-Pierre-De-Plesguen 35720,65,,3
Mesnil-roc'h exclusivité,https://www.etreproprio.com/immobilier-22396106-vente-mesnil-roc-h-exclusivite-saint-pierre-de-plesguen,499 000,Saint-Pierre-De-Plesguen 35720,217,2 086,7
Mesnil roc'h,https://www.etreproprio.com/immobilier-23056879-vente-mesnil-roc-h-saint-pierre-de-plesguen,500 000,Saint-Pierre-De-Plesguen 35720,246,20 962,7
Saint-pierre-de-plesguen - maison en pierres,https://www.etreproprio.com/immobilier-22669086-vente-saint-pierre-de-plesguen-maison-en-pierres-saint-pierre-de-plesguen,76 960,Saint-Pierre-De-Plesguen 35720,118,289,2
Mesnil-roc'h - maison ossature bois,https://www.etreproprio.com/immobilier-22660189-vente-mesnil-roc-h-maison-ossature-bois-saint-pierre-de-plesguen,279 310,Saint-Pierre-De-Plesguen 35720,99,444,4
Maison mitoyenne,https://www.etreproprio.com/immobilier-22624803-vente-maison-mitoyenne-saint-pierre-de-plesguen,199 000,Saint-Pierre-De-Plesguen 35720,97,513,4
Maison 150m² à saint-malo,https://www.etreproprio.com/immobilier-21908103-vente-maison-150m-a-saint-malo-saint-malo,367 500,Saint-Malo 35400,151,339,8
Maison 300m² à saint-malo,https://www.etreproprio.com/immobilier-22256351-vente-maison-300m-a-saint-malo-saint-malo,1 475 000,Saint-Malo 35400,300,7 800,10
Saint-malo quelmer - charmante maison en pierre d'environ 91 m2 avec dépendances et jardin clos,https://www.etreproprio.com/immobilier-21770855-vente-saint-malo-quelmer-charmante-maison-en-pierre-d-environ-91-m2-avec-dependances-et-jardin-clos-saint-malo,397 100,Saint-Malo 35400,91,426,4
A vendre - agence giboire maison havre de rothéneuf  saint coulomb,https://www.etreproprio.com/immobilier-22189108-vente-a-vendre-agence-giboire-maison-havre-de-rotheneuf-saint-coulomb-saint-malo,599 900,Saint-Malo 35400,104,331,4
Maison 225m² à saint-malo,https://www.etreproprio.com/immobilier-22145363-vente-maison-225m-a-saint-malo-saint-malo,1 863 000,Saint-Malo 35400,225,1 519,9
Maison 114m² à saint-malo,https://www.etreproprio.com/immobilier-21908098-vente-maison-114m-a-saint-malo-saint-malo,472 500,Saint-Malo 35400,114,218,5
"Maison 6p, 109m2 (+ 35 m2). a rénover. courtoisville.",https://www.etreproprio.com/immobilier-22069823-vente-maison-6p-109m2-35-m2-a-renover-courtoisville-saint-malo,595 000,Saint-Malo 35400,109,275,6
Rare en centre bourg à vendre st jouan des guerets maison 4 chambres,https://www.etreproprio.com/immobilier-21709332-vente-rare-en-centre-bourg-a-vendre-st-jouan-des-guerets-maison-4-chambres-saint-malo,345 000,Saint-Malo 35400,170,,7
Exclusivite maison saint malo 8 pièces 152 m2,https://www.etreproprio.com/immobilier-21118606-vente-exclusivite-maison-saint-malo-8-pieces-152-m2-saint-malo,995 000,Saint-Malo 35400,152,194,8
Maison 237m² à saint-malo,https://www.etreproprio.com/immobilier-22028296-vente-maison-237m-a-saint-malo-saint-malo,999 900,Saint-Malo 35400,237,3 624,9
Maison 112m² à saint-malo,https://www.etreproprio.com/immobilier-21995852-vente-maison-112m-a-saint-malo-saint-malo,472 500,Saint-Malo 35400,112,550,5
Maison 163m² à saint-malo,https://www.etreproprio.com/immobilier-21908079-vente-maison-163m-a-saint-malo-saint-malo,658 000,Saint-Malo 35400,163,352,6
Maison 153m² à saint-malo,https://www.etreproprio.com/immobilier-21898536-vente-maison-153m-a-saint-malo-saint-malo,698 250,Saint-Malo 35400,153,371,6
A vendre agence giboire maison villa saint malo proche de la grande plage,https://www.etreproprio.com/immobilier-21878779-vente-a-vendre-agence-giboire-maison-villa-saint-malo-proche-de-la-grande-plage-saint-malo,1 696 000,Saint-Malo 35400,270,470,15
Maison 85m² à saint-malo,https://www.etreproprio.com/immobilier-21786917-vente-maison-85m-a-saint-malo-saint-malo,441 000,Saint-Malo 35400,85,300,4
Saint-malo rocabey. exclusivite mer immobilier. bel ensemble immobilier idéalement placé dans une rue calme à proximité immédiat,https://www.etreproprio.com/immobilier-21770854-vente-saint-malo-rocabey-exclusivite-mer-immobilier-bel-ensemble-immobilier-idealement-place-dans-une-rue-calme-a-proximite-immediat-saint-malo,699 900,Saint-Malo 35400,189,228,13
Maison 120m² à saint-malo,https://www.etreproprio.com/immobilier-20395410-vente-maison-120m-a-saint-malo-saint-malo,488 000,Saint-Malo 35400,120,,7
A vendre maison type 6 saint coulomb  180 m² jardin plage bord de mer vie de plain pied,https://www.etreproprio.com/immobilier-21618888-vente-a-vendre-maison-type-6-saint-coulomb-180-m-jardin-plage-bord-de-mer-vie-de-plain-pied-saint-malo,1 123 500,Saint-Malo 35400,180,4 000,6
Maison t6 la guimorais,https://www.etreproprio.com/immobilier-21593444-vente-maison-t6-la-guimorais-saint-malo,1 109 000,Saint-Malo 35400,170,,6
Maison neuve st malo,https://www.etreproprio.com/immobilier-21189665-vente-maison-neuve-st-malo-saint-malo,429 900,Saint-Malo 35400,88,130,4
2 belles maisons de pays à finir de rénover avec dépendances 10 mn de combourg 7500 m²,https://www.etreproprio.com/immobilier-23005379-vente-2-belles-maisons-de-pays-a-finir-de-renover-avec-dependances-10-mn-de-combourg-7500-m-saint-remy-du-plain,272 480,Saint-Remy-Du-Plain 35560,105,7 572,3
Maison 100m² à saint-remy-du-plain,https://www.etreproprio.com/immobilier-22944968-vente-maison-100m-a-saint-remy-du-plain-saint-remy-du-plain,85 000,Saint-Remy-Du-Plain 35560,100,1 130,1
Maison st sauveur des landes 7 pièce(s) 115m2,https://www.etreproprio.com/immobilier-23727776-vente-maison-st-sauveur-des-landes-7-pieces-115m2-saint-sauveur-des-landes,205 500,Saint-Sauveur-Des-Landes 35133,115,673,7
Ancien corps de ferme à rénover sur 3 hectares 290,https://www.etreproprio.com/immobilier-23426980-vente-ancien-corps-de-ferme-a-renover-sur-3-hectares-290-saint-sauveur-des-landes,179 500,Saint-Sauveur-Des-Landes 35133,97,33 290,5
Maison saint sauveur des landes 6 pièce(s) 177m2,https://www.etreproprio.com/immobilier-18643544-vente-maison-saint-sauveur-des-landes-6-pieces-177m2-saint-sauveur-des-landes,313 000,Saint-Sauveur-Des-Landes 35133,177,1 230,6
Maison 225m² à saint-malo,https://www.etreproprio.com/immobilier-21515463-vente-maison-225m-a-saint-malo-saint-malo,1 663 000,Saint-Malo 35400,225,1 519,9
"Maison  d'exception vue mer, saint malo saint servan",https://www.etreproprio.com/immobilier-21197453-vente-maison-d-exception-vue-mer-saint-malo-saint-servan-saint-malo,2 950 000,Saint-Malo 35400,360,4 298,7
Demeure d'exception solidor,https://www.etreproprio.com/immobilier-18395641-vente-demeure-d-exception-solidor-saint-malo,3 715 000,Saint-Malo 35400,623,3 180,20
Exceptionnelle maison en plein centre de paramé,https://www.etreproprio.com/immobilier-21122905-vente-exceptionnelle-maison-en-plein-centre-de-parame-saint-malo,694 736,Saint-Malo 35400,201,460,8
Maison 127m² à saint-malo,https://www.etreproprio.com/immobilier-20892704-vente-maison-127m-a-saint-malo-saint-malo,535 000,Saint-Malo 35400,127,51,6
Saint-malo 35400 - maison,https://www.etreproprio.com/immobilier-20003880-vente-saint-malo-35400-maison-saint-malo,123 800,Saint-Malo 35400,78,228,3
A vendre maison saint malo 11 pièce(s) 300 m2,https://www.etreproprio.com/immobilier-18370793-vente-a-vendre-maison-saint-malo-11-pieces-300-m2-saint-malo,946 680,Saint-Malo 35400,300,1 640,11
Maison contemporaine,https://www.etreproprio.com/immobilier-19728869-vente-maison-contemporaine-saint-malo,1 176 000,Saint-Malo 35400,148,457,6
Coeur de paramé-maison proche plages et commerces,https://www.etreproprio.com/immobilier-19206837-vente-coeur-de-parame-maison-proche-plages-et-commerces-saint-malo,495 000,Saint-Malo 35400,100,,3
Maison courtoisville-3 chambres,https://www.etreproprio.com/immobilier-19438703-vente-maison-courtoisville-3-chambres-saint-malo,398 250,Saint-Malo 35400,64,160,5
Maison dans une impasse quartier paramé,https://www.etreproprio.com/immobilier-19055368-vente-maison-dans-une-impasse-quartier-parame-saint-malo,395 200,Saint-Malo 35400,95,170,5
Maison bourgeoise,https://www.etreproprio.com/immobilier-19377823-vente-maison-bourgeoise-saint-malo,974 800,Saint-Malo 35400,135,191,5
Maison saint-malo,https://www.etreproprio.com/immobilier-18729226-vente-maison-saint-malo-saint-malo,454 500,Saint-Malo 35400,69,236,3
"Maison saint malo 7 pièce(s) 380 m2,reerrain 314 m²",https://www.etreproprio.com/immobilier-17695383-vente-maison-saint-malo-7-pieces-380-m2reerrain-314-m-saint-malo,785 000,Saint-Malo 35400,380,314,7
Maison 7 pièces de 248m² sur un terrain de 2067 m²,https://www.etreproprio.com/immobilier-23720203-vente-maison-7-pieces-de-248m-sur-un-terrain-de-2067-m-saint-seglin,415 000,Saint-Seglin 35330,248,2 067,7
Maison saint séglin 104 m²,https://www.etreproprio.com/immobilier-21920392-vente-maison-saint-seglin-104-m-saint-seglin,149 999,Saint-Seglin 35330,104,297,3
Maison de 119 m² sur un terrain de 1645 m² environ,https://www.etreproprio.com/immobilier-23025513-vente-maison-de-119-m-sur-un-terrain-de-1645-m-environ-saint-seglin,139 750,Saint-Seglin 35330,119,1 645,5
Maison de 119 m² sur un terrain de 650 m² environ,https://www.etreproprio.com/immobilier-23025512-vente-maison-de-119-m-sur-un-terrain-de-650-m-environ-saint-seglin,97 000,Saint-Seglin 35330,119,650,5
Maisons en pierres à rénover,https://www.etreproprio.com/immobilier-21370321-vente-maisons-en-pierres-a-renover-saint-seglin,103 000,Saint-Seglin 35330,95,1 572,3
Maison en pierre  saint séglin,https://www.etreproprio.com/immobilier-20827765-vente-maison-en-pierre-saint-seglin-saint-seglin,191 225,Saint-Seglin 35330,113,840,4
"Maison saint seglin 3 pièce(s) 90 m²- 3 chambres, garage jardin",https://www.etreproprio.com/immobilier-20393910-vente-maison-saint-seglin-3-pieces-90-m-3-chambres-garage-jardin-saint-seglin,254 000,Saint-Seglin 35330,90,2 338,4
Maison environnement nature,https://www.etreproprio.com/immobilier-23880500-vente-maison-environnement-nature-saint-senoux,355 600,Saint-Senoux 35580,135,,6
Maison 135 m2 - saint-senoux,https://www.etreproprio.com/immobilier-23799613-vente-maison-135-m2-saint-senoux-saint-senoux,354 900,Saint-Senoux 35580,135,2 210,6
Maison 135m² à saint-senoux,https://www.etreproprio.com/immobilier-22889010-vente-maison-135m-a-saint-senoux-saint-senoux,355 600,Saint-Senoux 35580,135,2 210,6
Maison 205m² à saint-senoux,https://www.etreproprio.com/immobilier-23649119-vente-maison-205m-a-saint-senoux-saint-senoux,295 500,Saint-Senoux 35580,205,5 351,7
Maison 108m² à saint-senoux,https://www.etreproprio.com/immobilier-23359428-vente-maison-108m-a-saint-senoux-saint-senoux,275 000,Saint-Senoux 35580,108,528,6
Maison 220m² à saint-senoux,https://www.etreproprio.com/immobilier-22874282-vente-maison-220m-a-saint-senoux-saint-senoux,432 000,Saint-Senoux 35580,220,1 917,7
Ensemble immobilier  en pierres  et bois à saint senoux,https://www.etreproprio.com/immobilier-22135833-vente-ensemble-immobilier-en-pierres-et-bois-a-saint-senoux-saint-senoux,243 225,Saint-Senoux 35580,110,1 460,5
Exclusivite- maison saint suliac,https://www.etreproprio.com/immobilier-23860408-vente-exclusivite-maison-saint-suliac-saint-suliac,1 148 860,Saint-Suliac 35430,155,248,7
Maison 101m² à saint-suliac,https://www.etreproprio.com/immobilier-23704516-vente-maison-101m-a-saint-suliac-saint-suliac,430 000,Saint-Suliac 35430,101,274,4
A deux pas de la rance - cœur de saint suliac - 35430,https://www.etreproprio.com/immobilier-23517533-vente-a-deux-pas-de-la-rance-coeur-de-saint-suliac-35430-saint-suliac,450 000,Saint-Suliac 35430,70,107,3
"Maison saint suliac 4 pièces, 133 m2",https://www.etreproprio.com/immobilier-23595382-vente-maison-saint-suliac-4-pieces-133-m2-saint-suliac,512 820,Saint-Suliac 35430,133,235,4
Maison 75m² à saint-suliac,https://www.etreproprio.com/immobilier-23401893-vente-maison-75m-a-saint-suliac-saint-suliac,385 000,Saint-Suliac 35430,75,124,4
Maison 79m² à saint-suliac,https://www.etreproprio.com/immobilier-23390011-vente-maison-79m-a-saint-suliac-saint-suliac,385 000,Saint-Suliac 35430,79,124,4
Maison en pierre 110 m2 garage,https://www.etreproprio.com/immobilier-21259583-vente-maison-en-pierre-110-m2-garage-saint-suliac,413 522,Saint-Suliac 35430,110,80,5
Maison 101m² à saint-suliac,https://www.etreproprio.com/immobilier-22607124-vente-maison-101m-a-saint-suliac-saint-suliac,434 900,Saint-Suliac 35430,101,274,4
Agence giboire saint malo maison à vendre saint suliac centre,https://www.etreproprio.com/immobilier-22835498-vente-agence-giboire-saint-malo-maison-a-vendre-saint-suliac-centre-saint-suliac,826 800,Saint-Suliac 35430,204,1 588,6
Maison saint sulpice la foret 114 m2,https://www.etreproprio.com/immobilier-23242627-vente-maison-saint-sulpice-la-foret-114-m2-saint-sulpice-la-foret,223 000,Saint-Sulpice-La-Foret 35250,114,1 875,5
Maison 155m² à saint-sulpice-la-foret,https://www.etreproprio.com/immobilier-22659109-vente-maison-155m-a-saint-sulpice-la-foret-saint-sulpice-la-foret,366 450,Saint-Sulpice-La-Foret 35250,156,767,6
Maison sur sous-sol - terrain de 716m²  -  dans le distric de rennes,https://www.etreproprio.com/immobilier-22644595-vente-maison-sur-sous-sol-terrain-de-716m-dans-le-distric-de-rennes-saint-sulpice-la-foret,277 455,Saint-Sulpice-La-Foret 35250,98,716,3
Vente maison saint-sulpice-la-foret(35250) 249 900ï¿œ,https://www.etreproprio.com/immobilier-22114586-vente-vente-maison-saint-sulpice-la-foret35250-249-900i-oe-saint-sulpice-la-foret,249 900,Saint-Sulpice-La-Foret 35250,100,381,6
Deja sous vendu!,https://www.etreproprio.com/immobilier-20942265-vente-deja-sous-vendu-saint-sulpice-la-foret,322 000,Saint-Sulpice-La-Foret 35250,114,310,5
Maison 100m² à saint-sulpice-la-foret,https://www.etreproprio.com/immobilier-19287291-vente-maison-100m-a-saint-sulpice-la-foret-saint-sulpice-la-foret,299 000,Saint-Sulpice-La-Foret 35250,100,300,4
Maison 186m² à saint-sulpice-des-landes,https://www.etreproprio.com/immobilier-22903950-vente-maison-186m-a-saint-sulpice-des-landes-saint-sulpice-des-landes,169 000,Saint-Sulpice-Des-Landes 35390,186,388,7
"Maison familiale 6 chambres avec double jardin, double garage",https://www.etreproprio.com/immobilier-23673836-vente-maison-familiale-6-chambres-avec-double-jardin-double-garage-saint-sulpice-des-landes,197 000,Saint-Sulpice-Des-Landes 35390,158,800,8
Maison 90m² à saint-sulpice-des-landes,https://www.etreproprio.com/immobilier-23412283-vente-maison-90m-a-saint-sulpice-des-landes-saint-sulpice-des-landes,34 400,Saint-Sulpice-Des-Landes 35390,90,592,4
Maison de 180 m² à rénover,https://www.etreproprio.com/immobilier-23051669-vente-maison-de-180-m-a-renover-saint-sulpice-des-landes,117 900,Saint-Sulpice-Des-Landes 35390,180,635,6
Grande maison en pierres,https://www.etreproprio.com/immobilier-22215932-vente-grande-maison-en-pierres-saint-sulpice-des-landes,199 900,Saint-Sulpice-Des-Landes 35390,157,800,8
Maison 138m² à flize,https://www.etreproprio.com/immobilier-23326466-vente-maison-138m-a-flize-flize,175 000,Flize 08160,138,20,6
Ensemble de deux maisons independantes - proche lacs et pistes - xonrupt-longemer,https://www.etreproprio.com/immobilier-22567791-vente-ensemble-de-deux-maisons-independantes-proche-lacs-et-pistes-xonrupt-longemer-xonrupt-longemer,499 000,Xonrupt-Longemer 88400,145,,12
Maison centre village classé,https://www.etreproprio.com/immobilier-19720848-vente-maison-centre-village-classe-faye-la-vineuse,89 200,Faye-La-Vineuse 37120,70,2 920,3
Maison individuelle  56 m²  le petit-quevilly (76140),https://www.etreproprio.com/immobilier-23913153-vente-maison-individuelle-56-m-le-petit-quevilly-76140-le-petit-quevilly,144 000,Le Petit-Quevilly 76140,56,160,3
Maison 5 pièces 92 m2,https://www.etreproprio.com/immobilier-23912765-vente-maison-5-pieces-92-m2-pezou,158 606,Pezou 41100,92,702,5
Maison semi-mitoyenne 6 pièces  140 m²  avec garage et jardin  canteleu 76380,https://www.etreproprio.com/immobilier-23913158-vente-maison-semi-mitoyenne-6-pieces-140-m-avec-garage-et-jardin-canteleu-76380-canteleu,212 000,Canteleu 76380,140,997,6
Maison 3 pièces 83.73 m² bourges,https://www.etreproprio.com/immobilier-23721258-vente-maison-3-pieces-8373-m-bourges-bourges,110 000,Bourges 18000,84,473,
Maison 4 pièces 61 m2,https://www.etreproprio.com/immobilier-23913417-vente-maison-4-pieces-61-m2-mouilleron-le-captif,169 451,Mouilleron-Le-Captif 85000,61,375,4
Maison 6 pièces 111 m2,https://www.etreproprio.com/immobilier-23913383-vente-maison-6-pieces-111-m2-les-magnils-reigniers,189 957,Les Magnils-Reigniers 85400,111,513,6
Maison 6 pièces 111 m2,https://www.etreproprio.com/immobilier-23912769-vente-maison-6-pieces-111-m2-vernou-sur-brenne,232 094,Vernou-Sur-Brenne 37210,111,876,6
Maison rambouillet 7 pièce(s) 220 m2,https://www.etreproprio.com/immobilier-23913680-vente-maison-rambouillet-7-pieces-220-m2-rambouillet,599 900,Rambouillet 78120,220,315,7
Maison 400m² à restigne,https://www.etreproprio.com/immobilier-23914188-vente-maison-400m-a-restigne-restigne,189 000,Restigne 37140,400,2 555,9
Maison 137m² à la chapelle-sur-erdre,https://www.etreproprio.com/immobilier-23912815-vente-maison-137m-a-la-chapelle-sur-erdre-la-chapelle-sur-erdre,327 500,La Chapelle-Sur-Erdre 44240,138,299,5
Maison 109m² à castries,https://www.etreproprio.com/immobilier-23914106-vente-maison-109m-a-castries-castries,450 000,Castries 34160,109,,4
Maison 5  pièces en parfait état avec garage et studio indépendant,https://www.etreproprio.com/immobilier-23912897-vente-maison-5-pieces-en-parfait-etat-avec-garage-et-studio-independant-sanary-sur-mer,750 000,Sanary-Sur-Mer 83110,140,430,5
À vendre maison de type 4 - berre l'étang,https://www.etreproprio.com/immobilier-23913644-vente-a-vendre-maison-de-type-4-berre-l-etang-berre-l-etang,392 000,Berre-L'etang 13130,90,798,4
Affaire draguignan villa 2015 f5 115m palin-pied terrasse garage 675m terrain tt à l'égout 354000€ dpe c,https://www.etreproprio.com/immobilier-23913301-vente-affaire-draguignan-villa-2015-f5-115m-palin-pied-terrasse-garage-675m-terrain-tt-a-l-egout-354000-dpe-c-draguignan,354 000,Draguignan 83300,110,715,5
"Vente bergerie, mas en pierre avec dépendance et grange",https://www.etreproprio.com/immobilier-23912301-vente-vente-bergerie-mas-en-pierre-avec-dependance-et-grange-lussan,550 000,Lussan 30580,110,2 800,7
Maison 5 pièces 97 m2,https://www.etreproprio.com/immobilier-23913390-vente-maison-5-pieces-97-m2-la-mothe-achard,251 704,La Mothe-Achard 85150,97,369,5
Maison 254m² à laudun-l'ardoise,https://www.etreproprio.com/immobilier-23480933-vente-maison-254m-a-laudun-l-ardoise-laudun-l-ardoise,450 000,Laudun-L'ardoise 30290,254,714,5
"Vallée de l'oise, maison familiale",https://www.etreproprio.com/immobilier-23912091-vente-vallee-de-l-oise-maison-familiale-ribemont,150 000,Ribemont 02240,164,497,6
Maison 5 pièces 90 m2,https://www.etreproprio.com/immobilier-23912441-vente-maison-5-pieces-90-m2-barentin,196 857,Barentin 76360,90,485,5
Maison 120 m2 / 3 chambres / 1800 m2 terrain/ 2 grandes dépendances 150 m2,https://www.etreproprio.com/immobilier-23836472-vente-maison-120-m2-3-chambres-1800-m2-terrain-2-grandes-dependances-150-m2-saint-thual,219 500,Saint-Thual 35190,120,,6
Maison de 2006 en campagne saint thual,https://www.etreproprio.com/immobilier-23729745-vente-maison-de-2006-en-campagne-saint-thual-saint-thual,291 340,Saint-Thual 35190,127,1 260,5
Maison 104m² à saint-thual,https://www.etreproprio.com/immobilier-23714155-vente-maison-104m-a-saint-thual-saint-thual,289 000,Saint-Thual 35190,104,1 260,8
Maison avec jardin à vendre saint thual,https://www.etreproprio.com/immobilier-23607281-vente-maison-avec-jardin-a-vendre-saint-thual-saint-thual,289 000,Saint-Thual 35190,104,1 260,6
Maison 113m² à saint-thual,https://www.etreproprio.com/immobilier-23330766-vente-maison-113m-a-saint-thual-saint-thual,287 000,Saint-Thual 35190,113,3 230,6
Maison 68m² à saint-thurial,https://www.etreproprio.com/immobilier-23750916-vente-maison-68m-a-saint-thurial-saint-thurial,241 500,Saint-Thurial 35310,68,2 850,3
Maison 130m² à saint-thurial,https://www.etreproprio.com/immobilier-23524799-vente-maison-130m-a-saint-thurial-saint-thurial,295 000,Saint-Thurial 35310,130,702,6
Maison 106m² à saint-thurial,https://www.etreproprio.com/immobilier-23677129-vente-maison-106m-a-saint-thurial-saint-thurial,283 500,Saint-Thurial 35310,106,344,6
Maison 5 pièces 167m²,https://www.etreproprio.com/immobilier-23555139-vente-maison-5-pieces-167m-saint-thurial,334 400,Saint-Thurial 35310,167,3 826,5
Maison 65m² à saint-thurial,https://www.etreproprio.com/immobilier-23505312-vente-maison-65m-a-saint-thurial-saint-thurial,240 810,Saint-Thurial 35310,65,2 700,2
Charmante maison de village,https://www.etreproprio.com/immobilier-23912285-vente-charmante-maison-de-village-courant,275 600,Courant 17330,165,,7
Maison 4 pièces 61 m2,https://www.etreproprio.com/immobilier-23912489-vente-maison-4-pieces-61-m2-servaville-salmonville,170 134,Servaville-Salmonville 76116,61,616,4
Maison 167m² à marchastel,https://www.etreproprio.com/immobilier-23913313-vente-maison-167m-a-marchastel-marchastel,48 000,Marchastel 15400,167,2 613,4
Draguignan villa f6 197m2 piscine garage terrasse 795000€ crn2373 dpe a,https://www.etreproprio.com/immobilier-23913295-vente-draguignan-villa-f6-197m2-piscine-garage-terrasse-795000-crn2373-dpe-a-draguignan,795 000,Draguignan 83300,197,24 000,6
Maison 130m² à mudaison,https://www.etreproprio.com/immobilier-23912694-vente-maison-130m-a-mudaison-mudaison,380 000,Mudaison 34130,130,235,8
"Maison de 150 m2 vue mer au calme, potentiel exceptionnel",https://www.etreproprio.com/immobilier-23912943-vente-maison-de-150-m2-vue-mer-au-calme-potentiel-exceptionnel-sanary-sur-mer,1 590 000,Sanary-Sur-Mer 83110,150,665,7
Idéal investisseur ou famille élargie : deux appartements + local pro sur 800 m2 de terrain,https://www.etreproprio.com/immobilier-23913923-vente-ideal-investisseur-ou-famille-elargie-deux-appartements-local-pro-sur-800-m2-de-terrain-vedene,395 000,Vedene 84270,181,800,11
Vente maison vitre(35500) 241 500ï¿œ,https://www.etreproprio.com/immobilier-23708243-vente-vente-maison-vitre35500-241-500i-oe-vitre,241 500,Vitre 35500,137,1 400,7
Maison 4 pièces 61 m2,https://www.etreproprio.com/immobilier-23913410-vente-maison-4-pieces-61-m2-avrille,137 535,Avrille 85440,61,310,4
Maison de ville  3 pièces  71m²  bonsecours,https://www.etreproprio.com/immobilier-23913140-vente-maison-de-ville-3-pieces-71m-bonsecours-bonsecours,150 000,Bonsecours 76240,71,215,3
À ne pas manquer   chalet historique à rénover au cœur du triangle d’or de meudon,https://www.etreproprio.com/immobilier-23912125-vente-a-ne-pas-manquer-chalet-historique-a-renover-au-coeur-du-triangle-d-or-de-meudon-meudon,1 340 000,Meudon 92190,144,590,7
Villa 6 pièces  276m2  saint jean de vedas (34430),https://www.etreproprio.com/immobilier-23913108-vente-villa-6-pieces-276m2-saint-jean-de-vedas-34430-saint-jean-de-vedas,1 090 000,Saint-Jean-De-Vedas 34430,276,2 300,6
"Belle contemporaine, proche centre-ville",https://www.etreproprio.com/immobilier-23913909-vente-belle-contemporaine-proche-centre-ville-quimperle,340 990,Quimperle 29300,127,559,5
Maison 4 pièces 61 m2,https://www.etreproprio.com/immobilier-23913404-vente-maison-4-pieces-61-m2-nesmy,163 031,Nesmy 85310,61,584,4
Maison 105m² à gondecourt,https://www.etreproprio.com/immobilier-23914185-vente-maison-105m-a-gondecourt-gondecourt,269 000,Gondecourt 59147,105,641,4
Maison t5 rénovée avec jardin et garages,https://www.etreproprio.com/immobilier-23913860-vente-maison-t5-renovee-avec-jardin-et-garages-saint-martin-d-heres,460 000,Saint-Martin-D'heres 38400,138,690,5
"Gardanne / meyreuil, maison de plain-pied sur terrain de 8300m²",https://www.etreproprio.com/immobilier-23912965-vente-gardanne-meyreuil-maison-de-plain-pied-sur-terrain-de-8300m-gardanne,565 000,Gardanne 13120,177,8 300,7
Maison 120m² à besancon,https://www.etreproprio.com/immobilier-22680371-vente-maison-120m-a-besancon-besancon,295 000,Besancon 25000,120,738,5
Maison 5 pièces  darnétal secteur bois du roule  155 m²,https://www.etreproprio.com/immobilier-23913202-vente-maison-5-pieces-darnetal-secteur-bois-du-roule-155-m-darnetal,350 000,Darnetal 76160,155,700,6
Maison mitoyenne  bord de seine  5 pièces  canteleu  107m²  terrain additionel 212m²  excluvité,https://www.etreproprio.com/immobilier-23913111-vente-maison-mitoyenne-bord-de-seine-5-pieces-canteleu-107m-terrain-additionel-212m-excluvite-canteleu,80 000,Canteleu 76380,93,319,5
Maison 112m² à saint-uniac,https://www.etreproprio.com/immobilier-23858740-vente-maison-112m-a-saint-uniac-saint-uniac,204 900,Saint-Uniac 35360,112,619,7
Maison 125m² à saint-uniac,https://www.etreproprio.com/immobilier-21863466-vente-maison-125m-a-saint-uniac-saint-uniac,325 500,Saint-Uniac 35360,125,971,6
Maison 147m² à saulnieres,https://www.etreproprio.com/immobilier-23848490-vente-maison-147m-a-saulnieres-saulnieres,240 000,Saulnieres 35320,147,1 770,5
Maison 187m² à saulnieres,https://www.etreproprio.com/immobilier-23641096-vente-maison-187m-a-saulnieres-saulnieres,412 000,Saulnieres 35320,187,600,7
7 kms de janze,https://www.etreproprio.com/immobilier-23507547-vente-7-kms-de-janze-saulnieres,240 350,Saulnieres 35320,137,1 740,6
Maison 187m² à saulnieres,https://www.etreproprio.com/immobilier-22809086-vente-maison-187m-a-saulnieres-saulnieres,420 000,Saulnieres 35320,188,607,8
Maison 175m² à saulnieres,https://www.etreproprio.com/immobilier-22435844-vente-maison-175m-a-saulnieres-saulnieres,357 500,Saulnieres 35320,175,,6
Maison à vendre à saulnières,https://www.etreproprio.com/immobilier-22120627-vente-maison-a-vendre-a-saulnieres-saulnieres,188 100,Saulnieres 35320,110,690,4
Maison 4 pièces 61 m2,https://www.etreproprio.com/immobilier-23912787-vente-maison-4-pieces-61-m2-pontlevoy,137 662,Pontlevoy 41400,61,803,4
Mitry-mory   spacieuse maison familiale de 200m2 avec sous-sol total et dépendance,https://www.etreproprio.com/immobilier-23912321-vente-mitry-mory-spacieuse-maison-familiale-de-200m2-avec-sous-sol-total-et-dependance-mitry-mory,495 000,Mitry-Mory 77290,200,407,6
Maison de caractère de 169 m²  sotteville-lès-rouen (76300),https://www.etreproprio.com/immobilier-23913092-vente-maison-de-caractere-de-169-m-sotteville-les-rouen-76300-sotteville-les-rouen,348 000,Sotteville-Les-Rouen 76300,147,,8
Maison 125m² à allery,https://www.etreproprio.com/immobilier-23913319-vente-maison-125m-a-allery-allery,239 800,Allery 80270,125,,5
Maison 321m² à le raincy,https://www.etreproprio.com/immobilier-23914040-vente-maison-321m-a-le-raincy-le-raincy,1 350 000,Le Raincy 93340,321,1 203,12
Maison 61m² à montigny-les-cormeilles,https://www.etreproprio.com/immobilier-23912810-vente-maison-61m-a-montigny-les-cormeilles-montigny-les-cormeilles,249 000,Montigny-Les-Cormeilles 95370,61,552,3
Maison 295m² à montpon-ménestérol,https://www.etreproprio.com/immobilier-23913221-vente-maison-295m-a-montpon-menesterol-montpon-menesterol,444 000,Montpon-Menesterol 24700,296,3 560,11
"Pavillon de 130m2 habitables sur terrain de 348m2   tremblay-en-france, secteur pavillonnaire",https://www.etreproprio.com/immobilier-23912316-vente-pavillon-de-130m2-habitables-sur-terrain-de-348m2-tremblay-en-france-secteur-pavillonnaire-tremblay-en-france,340 000,Tremblay-En-France 93290,130,348,6
Maison 5 pièces 97 m2,https://www.etreproprio.com/immobilier-23912459-vente-maison-5-pieces-97-m2-gournay-en-bray,193 495,Gournay-En-Bray 76220,97,452,5
Maison 6 pièces 111 m2,https://www.etreproprio.com/immobilier-23912780-vente-maison-6-pieces-111-m2-amboise,240 344,Amboise 37400,111,1 490,6
Maison 5 pièces 90 m2,https://www.etreproprio.com/immobilier-23912436-vente-maison-5-pieces-90-m2-cany-barville,185 357,Cany-Barville 76450,90,1 038,5
Maison 4 pièces 90 m2,https://www.etreproprio.com/immobilier-23913687-vente-maison-4-pieces-90-m2-rambouillet,390 000,Rambouillet 78120,91,204,4
Special investisseurs,https://www.etreproprio.com/immobilier-23912092-vente-special-investisseurs-ribemont,120 000,Ribemont 02240,128,291,5
Maison 76m² à la turbie,https://www.etreproprio.com/immobilier-23912608-vente-maison-76m-a-la-turbie-la-turbie,630 000,La Turbie 06320,76,40,3
Maison 192m² à neuville-saint-amand,https://www.etreproprio.com/immobilier-23913212-vente-maison-192m-a-neuville-saint-amand-neuville-saint-amand,322 000,Neuville-Saint-Amand 02100,192,1 202,6
Maison de village avec jardin,https://www.etreproprio.com/immobilier-23912284-vente-maison-de-village-avec-jardin-la-jarrie-audouin,181 900,La Jarrie-Audouin 17330,133,1 052,6
Maison 185m² à domme,https://www.etreproprio.com/immobilier-23913978-vente-maison-185m-a-domme-domme,435 000,Domme 24250,185,4 800,6
Maison 167m² à baulay,https://www.etreproprio.com/immobilier-23913433-vente-maison-167m-a-baulay-baulay,161 000,Baulay 70160,167,3 240,6
Maison 299m² à saint-hilaire-sous-romilly,https://www.etreproprio.com/immobilier-23912878-vente-maison-299m-a-saint-hilaire-sous-romilly-saint-hilaire-sous-romilly,530 000,Saint-Hilaire-Sous-Romilly 10100,300,,11
Maison 77m² à velleches,https://www.etreproprio.com/immobilier-23129648-vente-maison-77m-a-velleches-velleches,79 500,Velleches 86230,77,1 235,4
Maison 141m² à le sel-de-bretagne,https://www.etreproprio.com/immobilier-23848492-vente-maison-141m-a-le-sel-de-bretagne-le-sel-de-bretagne,294 000,Le Sel-De-Bretagne 35320,141,749,5
"Maison de bourg t3 - 77,42 m2 - 1 426 m2 de terrain - garage non attenant",https://www.etreproprio.com/immobilier-22448134-vente-maison-de-bourg-t3-7742-m2-1-426-m2-de-terrain-garage-non-attenant-le-sel-de-bretagne,172 590,Le Sel-De-Bretagne 35320,77,1 426,3
Maison 98m² à le sel-de-bretagne,https://www.etreproprio.com/immobilier-23046059-vente-maison-98m-a-le-sel-de-bretagne-le-sel-de-bretagne,92 500,Le Sel-De-Bretagne 35320,99,376,1
Maison à vendre à sens de bretagne - référence 5308ib,https://www.etreproprio.com/immobilier-23903259-vente-maison-a-vendre-a-sens-de-bretagne-reference-5308ib-sens-de-bretagne,98 500,Sens-De-Bretagne 35490,78,,3
Maison 110m² à sens-de-bretagne,https://www.etreproprio.com/immobilier-23862974-vente-maison-110m-a-sens-de-bretagne-sens-de-bretagne,155 000,Sens-De-Bretagne 35490,110,86,4
Maison romazy 7 pièce(s) 136 m2,https://www.etreproprio.com/immobilier-23797292-vente-maison-romazy-7-pieces-136-m2-sens-de-bretagne,202 350,Sens-De-Bretagne 35490,136,9 275,7
"Maison 10 min de sens de bretagne, 40 m² habitable, 975 m² de jardin",https://www.etreproprio.com/immobilier-23753093-vente-maison-10-min-de-sens-de-bretagne-40-m-habitable-975-m-de-jardin-sens-de-bretagne,81 000,Sens-De-Bretagne 35490,40,975,2
"Maison sens de bretagne 5 pièce(s) 107 m2, 4 chambres, jardin",https://www.etreproprio.com/immobilier-22878306-vente-maison-sens-de-bretagne-5-pieces-107-m2-4-chambres-jardin-sens-de-bretagne,243 380,Sens-De-Bretagne 35490,107,248,5
Maison 200m² à sens-de-bretagne,https://www.etreproprio.com/immobilier-23713786-vente-maison-200m-a-sens-de-bretagne-sens-de-bretagne,258 000,Sens-De-Bretagne 35490,200,1 780,9
Maison 108m² à sens-de-bretagne,https://www.etreproprio.com/immobilier-23305859-vente-maison-108m-a-sens-de-bretagne-sens-de-bretagne,239 900,Sens-De-Bretagne 35490,108,268,5
Maison 108m² à sens-de-bretagne,https://www.etreproprio.com/immobilier-23312000-vente-maison-108m-a-sens-de-bretagne-sens-de-bretagne,239 900,Sens-De-Bretagne 35490,108,268,5
"Maison spacieuse de 200 m² habitable sur un parc arboré de  plus de 1800 m²,",https://www.etreproprio.com/immobilier-22555310-vente-maison-spacieuse-de-200-m-habitable-sur-un-parc-arbore-de-plus-de-1800-m-sens-de-bretagne,265 001,Sens-De-Bretagne 35490,200,1 889,8
À vendre – maison avec grand hangar et 3 hectares de terrain,https://www.etreproprio.com/immobilier-23586033-vente-a-vendre-maison-avec-grand-hangar-et-3-hectares-de-terrain-sens-de-bretagne,335 000,Sens-De-Bretagne 35490,156,30 000,9
Maison sens de bretagne 4 pièce(s) 65 m2,https://www.etreproprio.com/immobilier-23556396-vente-maison-sens-de-bretagne-4-pieces-65-m2-sens-de-bretagne,156 220,Sens-De-Bretagne 35490,68,468,4
Maison saint remy du plain,https://www.etreproprio.com/immobilier-23420391-vente-maison-saint-remy-du-plain-sens-de-bretagne,228 975,Sens-De-Bretagne 35490,100,1 125,5
Maison 140m² à sens-de-bretagne,https://www.etreproprio.com/immobilier-23331405-vente-maison-140m-a-sens-de-bretagne-sens-de-bretagne,125 000,Sens-De-Bretagne 35490,140,,5
"Bien d’exception à 25 minutes de rennes et 35 minutes du mont-saint-michel cadre naturel remarquable – 2,6 hectares – activité t",https://www.etreproprio.com/immobilier-23267998-vente-bien-d-exception-a-25-minutes-de-rennes-et-35-minutes-du-mont-saint-michel-cadre-naturel-remarquable-26-hectares-activite-t-sens-de-bretagne,779 000,Sens-De-Bretagne 35490,309,,8
Maison indépendante 5 min sens de bretagne 4 pièce(s) 54 m2 sur un terrain de 482 m²,https://www.etreproprio.com/immobilier-23240450-vente-maison-independante-5-min-sens-de-bretagne-4-pieces-54-m2-sur-un-terrain-de-482-m-sens-de-bretagne,128 400,Sens-De-Bretagne 35490,54,482,4
Maison 220m² à sens-de-bretagne,https://www.etreproprio.com/immobilier-23012893-vente-maison-220m-a-sens-de-bretagne-sens-de-bretagne,182 000,Sens-De-Bretagne 35490,220,4 994,4
Maison 230m² à sens-de-bretagne,https://www.etreproprio.com/immobilier-23001759-vente-maison-230m-a-sens-de-bretagne-sens-de-bretagne,181 304,Sens-De-Bretagne 35490,230,1 943,10
À vendre – maison avec grand hangar et terrain clôturé,https://www.etreproprio.com/immobilier-22922481-vente-a-vendre-maison-avec-grand-hangar-et-terrain-cloture-sens-de-bretagne,323 000,Sens-De-Bretagne 35490,156,9 300,9
"Maison de 155 m²-terrain 5000m², dépendances et potentiel professionnel",https://www.etreproprio.com/immobilier-22915378-vente-maison-de-155-m-terrain-5000m-dependances-et-potentiel-professionnel-sens-de-bretagne,324 500,Sens-De-Bretagne 35490,156,9 340,9
Maison 154m² à sens-de-bretagne,https://www.etreproprio.com/immobilier-22435681-vente-maison-154m-a-sens-de-bretagne-sens-de-bretagne,430 000,Sens-De-Bretagne 35490,154,1 064,7
Maison 300m² à sens-de-bretagne,https://www.etreproprio.com/immobilier-19273602-vente-maison-300m-a-sens-de-bretagne-sens-de-bretagne,509 600,Sens-De-Bretagne 35490,300,6 500,8
Proche centre ville,https://www.etreproprio.com/immobilier-23054535-vente-proche-centre-ville-saint-georges-de-didonne,450 000,Saint-Georges-De-Didonne 17110,79,782,3
Maison coup de coeur 115m²  bihorel 76420,https://www.etreproprio.com/immobilier-23913186-vente-maison-coup-de-coeur-115m-bihorel-76420-bihorel,385 000,Bihorel 76420,115,,5
Maison 124m² à tourville-la-riviere,https://www.etreproprio.com/immobilier-23913309-vente-maison-124m-a-tourville-la-riviere-tourville-la-riviere,219 000,Tourville-La-Riviere 76410,124,1 194,6
Maison cavaillon 180 m2,https://www.etreproprio.com/immobilier-23912959-vente-maison-cavaillon-180-m2-cavaillon,570 000,Cavaillon 84300,180,500,5
Maison 5 pièces 97 m2,https://www.etreproprio.com/immobilier-23912455-vente-maison-5-pieces-97-m2-duclair,220 395,Duclair 76480,97,496,5
"Chai rénové - 6 chambres, jardin, piscine - cognac",https://www.etreproprio.com/immobilier-23755541-vente-chai-renove-6-chambres-jardin-piscine-cognac-cognac,621 000,Cognac 16100,283,523,10
"Propriété d'exception à plerin, sur les hauteurs du légué",https://www.etreproprio.com/immobilier-23913891-vente-propriete-d-exception-a-plerin-sur-les-hauteurs-du-legue-plerin,777 750,Plerin 22190,191,1 023,5
Maison 92m² à val-de-la-haye,https://www.etreproprio.com/immobilier-23913634-vente-maison-92m-a-val-de-la-haye-val-de-la-haye,185 000,Val-De-La-Haye 76380,93,1 887,4
"Maison avec jardin, piscine, 3 chambres, garage, véranda,1 cave.",https://www.etreproprio.com/immobilier-23913590-vente-maison-avec-jardin-piscine-3-chambres-garage-veranda1-cave-pierrelatte,285 000,Pierrelatte 26700,96,737,4
Maison 5 pièces de 93 m2,https://www.etreproprio.com/immobilier-23913696-vente-maison-5-pieces-de-93-m2-rambouillet,264 900,Rambouillet 78120,93,100,5
Maison 366m² à carrieres-sur-seine,https://www.etreproprio.com/immobilier-23912349-vente-maison-366m-a-carrieres-sur-seine-carrieres-sur-seine,1 495 000,Carrieres-Sur-Seine 78420,366,1 200,8
Maison 100m² à lagny-sur-marne,https://www.etreproprio.com/immobilier-23914082-vente-maison-100m-a-lagny-sur-marne-lagny-sur-marne,339 000,Lagny-Sur-Marne 77400,100,,5
Maison 86m² à saint-leonard,https://www.etreproprio.com/immobilier-23912955-vente-maison-86m-a-saint-leonard-saint-leonard,189 000,Saint-Leonard 62360,86,434,5
Maison 158m² à charavines,https://www.etreproprio.com/immobilier-23912527-vente-maison-158m-a-charavines-charavines,320 000,Charavines 38850,158,1 279,7
"A vendre - courbevoie coeur bécon - maison 4 pièces avec terrasse de 84,84 m²",https://www.etreproprio.com/immobilier-23913039-vente-a-vendre-courbevoie-coeur-becon-maison-4-pieces-avec-terrasse-de-8484-m-courbevoie,699 000,Courbevoie 92400,85,,4
Maison 159m² à amiens,https://www.etreproprio.com/immobilier-23763933-vente-maison-159m-a-amiens-amiens,329 900,Amiens 80000,159,106,7
Maison au calme de 80m2 valenciennes,https://www.etreproprio.com/immobilier-23913665-vente-maison-au-calme-de-80m2-valenciennes-valenciennes,138 500,Valenciennes 59300,80,73,6
Maison 6 pièces 111 m2,https://www.etreproprio.com/immobilier-23912777-vente-maison-6-pieces-111-m2-monnaie,226 494,Monnaie 37380,111,405,6
Maison 130m² à servon-sur-vilaine,https://www.etreproprio.com/immobilier-21418436-vente-maison-130m-a-servon-sur-vilaine-servon-sur-vilaine,280 000,Servon-Sur-Vilaine 35530,130,1 500,6
Maison 138m² à servon-sur-vilaine,https://www.etreproprio.com/immobilier-23831737-vente-maison-138m-a-servon-sur-vilaine-servon-sur-vilaine,334 000,Servon-Sur-Vilaine 35530,138,383,6
"Maison de 122 m2 (145 m2 au sol) avec 4 chambres, sous sol complet et pisicine !",https://www.etreproprio.com/immobilier-23773835-vente-maison-de-122-m2-145-m2-au-sol-avec-4-chambres-sous-sol-complet-et-pisicine-servon-sur-vilaine,425 850,Servon-Sur-Vilaine 35530,122,725,7
Maison 105m² à servon-sur-vilaine,https://www.etreproprio.com/immobilier-23697536-vente-maison-105m-a-servon-sur-vilaine-servon-sur-vilaine,294 000,Servon-Sur-Vilaine 35530,105,615,5
Maison 160m² à servon-sur-vilaine,https://www.etreproprio.com/immobilier-23607905-vente-maison-160m-a-servon-sur-vilaine-servon-sur-vilaine,412 000,Servon-Sur-Vilaine 35530,160,1 000,7
Maison 300m² à servon-sur-vilaine,https://www.etreproprio.com/immobilier-23597526-vente-maison-300m-a-servon-sur-vilaine-servon-sur-vilaine,682 500,Servon-Sur-Vilaine 35530,300,1 985,9
Maison 111m² à servon-sur-vilaine,https://www.etreproprio.com/immobilier-23582582-vente-maison-111m-a-servon-sur-vilaine-servon-sur-vilaine,260 000,Servon-Sur-Vilaine 35530,111,866,4
Maison 160m² à servon-sur-vilaine,https://www.etreproprio.com/immobilier-23559190-vente-maison-160m-a-servon-sur-vilaine-servon-sur-vilaine,412 000,Servon-Sur-Vilaine 35530,160,1 000,6
Maison 225m² à servon-sur-vilaine,https://www.etreproprio.com/immobilier-23541647-vente-maison-225m-a-servon-sur-vilaine-servon-sur-vilaine,661 500,Servon-Sur-Vilaine 35530,225,640,9
Maison 113m² à servon-sur-vilaine,https://www.etreproprio.com/immobilier-23333953-vente-maison-113m-a-servon-sur-vilaine-servon-sur-vilaine,255 000,Servon-Sur-Vilaine 35530,113,271,6
Maison 146m² à servon-sur-vilaine,https://www.etreproprio.com/immobilier-23276389-vente-maison-146m-a-servon-sur-vilaine-servon-sur-vilaine,441 000,Servon-Sur-Vilaine 35530,146,1 180,6
Maison 138m² à servon-sur-vilaine,https://www.etreproprio.com/immobilier-23018531-vente-maison-138m-a-servon-sur-vilaine-servon-sur-vilaine,338 000,Servon-Sur-Vilaine 35530,138,383,7
Maison 135m² à servon-sur-vilaine,https://www.etreproprio.com/immobilier-23006527-vente-maison-135m-a-servon-sur-vilaine-servon-sur-vilaine,334 000,Servon-Sur-Vilaine 35530,135,383,6
Servon sur vilaine  longère proche du centre,https://www.etreproprio.com/immobilier-21703530-vente-servon-sur-vilaine-longere-proche-du-centre-servon-sur-vilaine,312 600,Servon-Sur-Vilaine 35530,128,1 975,6
Maison 137m² à servon-sur-vilaine,https://www.etreproprio.com/immobilier-20167499-vente-maison-137m-a-servon-sur-vilaine-servon-sur-vilaine,339 000,Servon-Sur-Vilaine 35530,138,383,7
Maison 250m² à servon-sur-vilaine,https://www.etreproprio.com/immobilier-22543797-vente-maison-250m-a-servon-sur-vilaine-servon-sur-vilaine,582 600,Servon-Sur-Vilaine 35530,250,5 000,7
Exclusivité servon centre,https://www.etreproprio.com/immobilier-21631513-vente-exclusivite-servon-centre-servon-sur-vilaine,329 990,Servon-Sur-Vilaine 35530,117,634,5
Grande maison - sous-sol - terrain - au calme - 2 garages indépendant,https://www.etreproprio.com/immobilier-23760452-vente-grande-maison-sous-sol-terrain-au-calme-2-garages-independant-sixt-sur-aff,317 800,Sixt-Sur-Aff 35550,144,3 063,5
Maison 200m² à sixt-sur-aff,https://www.etreproprio.com/immobilier-23526489-vente-maison-200m-a-sixt-sur-aff-sixt-sur-aff,321 000,Sixt-Sur-Aff 35550,200,1 240,6
Maison 200m² à sixt-sur-aff,https://www.etreproprio.com/immobilier-23504315-vente-maison-200m-a-sixt-sur-aff-sixt-sur-aff,321 000,Sixt-Sur-Aff 35550,200,1 240,6
Maison sixt sur aff 4 pièce(s) 82 m2,https://www.etreproprio.com/immobilier-23478359-vente-maison-sixt-sur-aff-4-pieces-82-m2-sixt-sur-aff,158 290,Sixt-Sur-Aff 35550,65,2 909,4
Maison 320m² à sixt-sur-aff,https://www.etreproprio.com/immobilier-23362579-vente-maison-320m-a-sixt-sur-aff-sixt-sur-aff,59 500,Sixt-Sur-Aff 35550,320,1 000,1
Maison 60m² à sixt-sur-aff,https://www.etreproprio.com/immobilier-23362575-vente-maison-60m-a-sixt-sur-aff-sixt-sur-aff,87 000,Sixt-Sur-Aff 35550,60,500,4
À vendre maison en pierres avec grenier aménageable et grand terrain sixt-sur-aff (35550),https://www.etreproprio.com/immobilier-23302079-vente-a-vendre-maison-en-pierres-avec-grenier-amenageable-et-grand-terrain-sixt-sur-aff-35550-sixt-sur-aff,126 434,Sixt-Sur-Aff 35550,85,4 910,4
Maison - sixt sur aff,https://www.etreproprio.com/immobilier-23277832-vente-maison-sixt-sur-aff-sixt-sur-aff,103 000,Sixt-Sur-Aff 35550,57,,3
Maison 62m² à sixt-sur-aff,https://www.etreproprio.com/immobilier-23270199-vente-maison-62m-a-sixt-sur-aff-sixt-sur-aff,110 000,Sixt-Sur-Aff 35550,62,1 120,3
Maison 222m² à sixt-sur-aff,https://www.etreproprio.com/immobilier-21565965-vente-maison-222m-a-sixt-sur-aff-sixt-sur-aff,374 400,Sixt-Sur-Aff 35550,222,1 700,8
Maison 7 pièce(s) 146 m2,https://www.etreproprio.com/immobilier-22931808-vente-maison-7-pieces-146-m2-sixt-sur-aff,191 200,Sixt-Sur-Aff 35550,146,1 675,7
Charmante maison à vendre 2 pièces sixt sur aff (35),https://www.etreproprio.com/immobilier-21994598-vente-charmante-maison-a-vendre-2-pieces-sixt-sur-aff-35-sixt-sur-aff,48 500,Sixt-Sur-Aff 35550,30,80,2
Maison de bourg à rénover - sixt-sur-aff,https://www.etreproprio.com/immobilier-21677568-vente-maison-de-bourg-a-renover-sixt-sur-aff-sixt-sur-aff,76 990,Sixt-Sur-Aff 35550,81,,4
Maison 183m² à sougeal,https://www.etreproprio.com/immobilier-23903934-vente-maison-183m-a-sougeal-sougeal,418 000,Sougeal 35610,183,5 323,8
Maison à vendre 3 pièces (35) sougeal en baie du mont saint michel - terrain de 477 m²,https://www.etreproprio.com/immobilier-23851398-vente-maison-a-vendre-3-pieces-35-sougeal-en-baie-du-mont-saint-michel-terrain-de-477-m-sougeal,66 000,Sougeal 35610,57,477,3
Maison 105m² à sougeal,https://www.etreproprio.com/immobilier-22905235-vente-maison-105m-a-sougeal-sougeal,239 900,Sougeal 35610,105,697,4
Maison 760m² à sougeal,https://www.etreproprio.com/immobilier-23780560-vente-maison-760m-a-sougeal-sougeal,169 000,Sougeal 35610,760,1 880,10
Maison 104m² à sougeal,https://www.etreproprio.com/immobilier-23602664-vente-maison-104m-a-sougeal-sougeal,249 900,Sougeal 35610,104,8 800,5
Maison 100m² à sougeal,https://www.etreproprio.com/immobilier-23545649-vente-maison-100m-a-sougeal-sougeal,77 500,Sougeal 35610,100,2 721,4
A vendre - maison de plain pied annee 2023 - sougeal - vue sur le mont saint  michel,https://www.etreproprio.com/immobilier-22263780-vente-a-vendre-maison-de-plain-pied-annee-2023-sougeal-vue-sur-le-mont-saint-michel-sougeal,239 990,Sougeal 35610,88,363,4
Maison 88m² à sougeal,https://www.etreproprio.com/immobilier-22095060-vente-maison-88m-a-sougeal-sougeal,235 990,Sougeal 35610,88,363,4
Maison 163m² à sougeal,https://www.etreproprio.com/immobilier-23230398-vente-maison-163m-a-sougeal-sougeal,192 500,Sougeal 35610,163,890,6
Secteur pontorson,https://www.etreproprio.com/immobilier-22537059-vente-secteur-pontorson-sougeal,278 000,Sougeal 35610,180,890,6
Maison sougeal 4 pièce(s) 95 m2,https://www.etreproprio.com/immobilier-22678757-vente-maison-sougeal-4-pieces-95-m2-sougeal,60 500,Sougeal 35610,95,4 354,4
Maison 128m² à sougeal,https://www.etreproprio.com/immobilier-22276122-vente-maison-128m-a-sougeal-sougeal,284 000,Sougeal 35610,128,6 302,6
A vendre - sougeal - maison 4 pièce(s) 107 m² - louee 700/mois,https://www.etreproprio.com/immobilier-22306939-vente-a-vendre-sougeal-maison-4-pieces-107-m-louee-700mois-sougeal,235 000,Sougeal 35610,107,6 160,4
Maison 85m² à beuvrages,https://www.etreproprio.com/immobilier-23884475-vente-maison-85m-a-beuvrages-beuvrages,199 990,Beuvrages 59192,85,320,4
Grande maison familiale à deux pas de port anna,https://www.etreproprio.com/immobilier-22653246-vente-grande-maison-familiale-a-deux-pas-de-port-anna-sene,449 900,Sene 56860,184,500,8
Maison 71m² à harnes,https://www.etreproprio.com/immobilier-23914211-vente-maison-71m-a-harnes-harnes,187 000,Harnes 62440,71,258,3
Maison epernon 9 pièces 245 m2,https://www.etreproprio.com/immobilier-23913679-vente-maison-epernon-9-pieces-245-m2-epernon,733 000,Epernon 28230,245,441,9
"Ensemble immobilier f6 + f3, vue mer et montagnes !",https://www.etreproprio.com/immobilier-23913886-vente-ensemble-immobilier-f6-f3-vue-mer-et-montagnes-le-tampon,599 000,Le Tampon 97430,198,760,8
Maison 81m² à buhy,https://www.etreproprio.com/immobilier-23912414-vente-maison-81m-a-buhy-buhy,199 700,Buhy 95770,81,658,3
Maison 77m² à rosult,https://www.etreproprio.com/immobilier-23913768-vente-maison-77m-a-rosult-rosult,259 000,Rosult 59230,77,482,6
Maison 197m² à arras,https://www.etreproprio.com/immobilier-22593197-vente-maison-197m-a-arras-arras,349 850,Arras 62000,197,421,8
Superbe maison de village rénovée,https://www.etreproprio.com/immobilier-23913904-vente-superbe-maison-de-village-renovee-fayence,285 000,Fayence 83440,151,,6
A vendre - courbevoie marceau/gare - maison - 137.14 m² avec 44 m² de terrasse et 124 m² de jardin,https://www.etreproprio.com/immobilier-23913036-vente-a-vendre-courbevoie-marceaugare-maison-13714-m-avec-44-m-de-terrasse-et-124-m-de-jardin-courbevoie,849 000,Courbevoie 92400,140,125,5
Maison 185m² à porto-vecchio,https://www.etreproprio.com/immobilier-23912595-vente-maison-185m-a-porto-vecchio-porto-vecchio,1 330 000,Porto-Vecchio 20137,185,1 000,5
Maison 170m² à villiers-sur-morin,https://www.etreproprio.com/immobilier-23912813-vente-maison-170m-a-villiers-sur-morin-villiers-sur-morin,479 500,Villiers-Sur-Morin 77580,170,1 140,8
Maison maintenon 8 pièces 210 m2,https://www.etreproprio.com/immobilier-23913691-vente-maison-maintenon-8-pieces-210-m2-maintenon,345 000,Maintenon 28130,210,1 780,8
Maison 109m² à saint-paul-les-dax,https://www.etreproprio.com/immobilier-22337541-vente-maison-109m-a-saint-paul-les-dax-saint-paul-les-dax,349 500,Saint-Paul-Les-Dax 40990,109,436,4
Maison 114m² à calais,https://www.etreproprio.com/immobilier-23913229-vente-maison-114m-a-calais-calais,225 750,Calais 62100,114,360,8
Maison 5 pièces 90 m2,https://www.etreproprio.com/immobilier-23912439-vente-maison-5-pieces-90-m2-pavilly,181 857,Pavilly 76570,90,688,5
Maison contemporaine de 250 m2 avec piscine garage et terrasse,https://www.etreproprio.com/immobilier-23912920-vente-maison-contemporaine-de-250-m2-avec-piscine-garage-et-terrasse-sanary-sur-mer,1 664 000,Sanary-Sur-Mer 83110,250,800,6
Maison familiale 5 pièces   120 m2   tremblay-en-france,https://www.etreproprio.com/immobilier-23912322-vente-maison-familiale-5-pieces-120-m2-tremblay-en-france-tremblay-en-france,347 000,Tremblay-En-France 93290,120,267,6
Maison 5 pièces 97 m2,https://www.etreproprio.com/immobilier-23912451-vente-maison-5-pieces-97-m2-yerville,207 995,Yerville 76760,97,732,5
A vendre propriete coutances,https://www.etreproprio.com/immobilier-23913427-vente-a-vendre-propriete-coutances-courcy,1 050 000,Courcy 50200,400,2 945,15
Maison 105m² à chateau-sur-epte,https://www.etreproprio.com/immobilier-23913002-vente-maison-105m-a-chateau-sur-epte-chateau-sur-epte,310 000,Chateau-Sur-Epte 27420,105,1 072,5
Soleil et piscine,https://www.etreproprio.com/immobilier-23912814-vente-soleil-et-piscine-montfaucon,460 000,Montfaucon 30150,160,,5
Maison 129m² à quimper,https://www.etreproprio.com/immobilier-23913776-vente-maison-129m-a-quimper-quimper,599 000,Quimper 29000,129,,5
Chatou maison récente de 2010 avec 3 chambres  sur terrain de 186 m²,https://www.etreproprio.com/immobilier-23913016-vente-chatou-maison-recente-de-2010-avec-3-chambres-sur-terrain-de-186-m-chatou,700 000,Chatou 78400,82,186,4
Maison 100m² à champigny-sur-marne,https://www.etreproprio.com/immobilier-23913963-vente-maison-100m-a-champigny-sur-marne-champigny-sur-marne,570 000,Champigny-Sur-Marne 94500,100,294,4
Maison 4 pièces 61 m2,https://www.etreproprio.com/immobilier-23913394-vente-maison-4-pieces-61-m2-le-poire-sur-vie,165 251,Le Poire-Sur-Vie 85170,61,376,4
Maison 5 pièces 84 m2,https://www.etreproprio.com/immobilier-23912753-vente-maison-5-pieces-84-m2-vendome,150 471,Vendome 41100,84,622,5
Maison 5 pièces 97 m2,https://www.etreproprio.com/immobilier-23912449-vente-maison-5-pieces-97-m2-jumieges,233 577,Jumieges 76480,97,552,5
Maison 4 pièces 61 m2,https://www.etreproprio.com/immobilier-23912492-vente-maison-4-pieces-61-m2-tourville-sur-arques,170 384,Tourville-Sur-Arques 76550,61,881,4
Propriété de prestige de 800 m2 avec vue mer imprenable,https://www.etreproprio.com/immobilier-23912905-vente-propriete-de-prestige-de-800-m2-avec-vue-mer-imprenable-la-cadiere-d-azur,4 300 000,La Cadiere-D'azur 83740,800,,8
Charmante villa avec fort potentiel,https://www.etreproprio.com/immobilier-23913497-vente-charmante-villa-avec-fort-potentiel-seillans,287 000,Seillans 83440,92,1 500,4
"Maison rochefort du gard , 4 grandes chambres",https://www.etreproprio.com/immobilier-23913735-vente-maison-rochefort-du-gard-4-grandes-chambres-rochefort-du-gard,350 000,Rochefort-Du-Gard 30650,117,419,6
Maison 4 pièces 61 m2,https://www.etreproprio.com/immobilier-23912794-vente-maison-4-pieces-61-m2-semblancay,159 262,Semblancay 37360,61,410,4
Corps de ferme vallée de l'oise,https://www.etreproprio.com/immobilier-23912088-vente-corps-de-ferme-vallee-de-l-oise-sery-les-mezieres,99 900,Sery-Les-Mezieres 02240,101,462,6
Maison 4 pièces 61 m2,https://www.etreproprio.com/immobilier-23912488-vente-maison-4-pieces-61-m2-sierville,172 234,Sierville 76690,61,993,4
Pavillon indépendant de 114m2 - 5 chambres,https://www.etreproprio.com/immobilier-23912325-vente-pavillon-independant-de-114m2-5-chambres-tremblay-en-france,352 000,Tremblay-En-France 93290,114,359,7
Maison 4 pièces 61 m2,https://www.etreproprio.com/immobilier-23913400-vente-maison-4-pieces-61-m2-saint-hilaire-le-vouhis,129 401,Saint-Hilaire-Le-Vouhis 85480,61,450,4
Maison 95m² à lons-le-saunier,https://www.etreproprio.com/immobilier-23913282-vente-maison-95m-a-lons-le-saunier-lons-le-saunier,210 000,Lons-Le-Saunier 39000,95,692,6
Maison de bourg,https://www.etreproprio.com/immobilier-23743997-vente-maison-de-bourg-taillis,280 000,Taillis 35500,181,670,8
A vendre maison 3 pièces à taillis 60 m² - 87 000  hai,https://www.etreproprio.com/immobilier-23533985-vente-a-vendre-maison-3-pieces-a-taillis-60-m-87-000-hai-taillis,87 000,Taillis 35500,60,1 755,3
Maison 146m² à taillis,https://www.etreproprio.com/immobilier-21394541-vente-maison-146m-a-taillis-taillis,310 000,Taillis 35500,146,3 570,8
Maison 146m² à taillis,https://www.etreproprio.com/immobilier-22427837-vente-maison-146m-a-taillis-taillis,310 000,Taillis 35500,146,3 692,6
Taillis - maison - a vendre,https://www.etreproprio.com/immobilier-22593334-vente-taillis-maison-a-vendre-taillis,253 900,Taillis 35500,170,739,7
Maison 165m² à taillis,https://www.etreproprio.com/immobilier-22577786-vente-maison-165m-a-taillis-taillis,255 210,Taillis 35500,165,739,8
Maison 170m² à talensac,https://www.etreproprio.com/immobilier-23868381-vente-maison-170m-a-talensac-talensac,364 000,Talensac 35160,170,665,7
Maison 55m² à talensac,https://www.etreproprio.com/immobilier-23858741-vente-maison-55m-a-talensac-talensac,144 900,Talensac 35160,56,17 580,4
Maison 90m² à talensac,https://www.etreproprio.com/immobilier-23853613-vente-maison-90m-a-talensac-talensac,229 000,Talensac 35160,90,1 000,4
Maison bourgeoise avec dépendances cossue à restaurer !,https://www.etreproprio.com/immobilier-23731725-vente-maison-bourgeoise-avec-dependances-cossue-a-restaurer-talensac,261 400,Talensac 35160,165,1 000,7
Maison t4 à vendre - bourg - talensac,https://www.etreproprio.com/immobilier-22515723-vente-maison-t4-a-vendre-bourg-talensac-talensac,151 500,Talensac 35160,92,53,5
Maison de bourg talensac,https://www.etreproprio.com/immobilier-23442047-vente-maison-de-bourg-talensac-talensac,151 525,Talensac 35160,93,,5
Maison 113m² à talensac,https://www.etreproprio.com/immobilier-23289313-vente-maison-113m-a-talensac-talensac,283 500,Talensac 35160,113,963,5
Maison 6 pièces,https://www.etreproprio.com/immobilier-23257692-vente-maison-6-pieces-talensac,283 500,Talensac 35160,113,963,6
Maison individuelle,https://www.etreproprio.com/immobilier-23238243-vente-maison-individuelle-talensac,249 755,Talensac 35160,90,301,5
Maison 138m² à talensac,https://www.etreproprio.com/immobilier-23129185-vente-maison-138m-a-talensac-talensac,416 850,Talensac 35160,139,1 605,7
Bourg de talensac - terrain - calme - grand sous-sol,https://www.etreproprio.com/immobilier-23110499-vente-bourg-de-talensac-terrain-calme-grand-sous-sol-talensac,444 700,Talensac 35160,168,2 198,6
Maison 168m² à talensac,https://www.etreproprio.com/immobilier-23087092-vente-maison-168m-a-talensac-talensac,447 200,Talensac 35160,168,2 198,6
Maison 140m² à talensac,https://www.etreproprio.com/immobilier-23036495-vente-maison-140m-a-talensac-talensac,367 500,Talensac 35160,141,665,6
Maison 250m² à talensac,https://www.etreproprio.com/immobilier-22726191-vente-maison-250m-a-talensac-talensac,126 995,Talensac 35160,250,766,6
Maison 4 pièces 73 m2,https://www.etreproprio.com/immobilier-23912750-vente-maison-4-pieces-73-m2-montoire-sur-le-loir,132 956,Montoire-Sur-Le-Loir 41800,73,510,4
Maison 186m² à saint-pol-de-leon,https://www.etreproprio.com/immobilier-23143036-vente-maison-186m-a-saint-pol-de-leon-saint-pol-de-leon,317 000,Saint-Pol-De-Leon 29250,186,2 400,6
Maison 136m² à talissieu,https://www.etreproprio.com/immobilier-23914123-vente-maison-136m-a-talissieu-talissieu,669 000,Talissieu 01510,136,2 086,7
Maison 180m² à saint-nazaire,https://www.etreproprio.com/immobilier-23914230-vente-maison-180m-a-saint-nazaire-saint-nazaire,599 500,Saint-Nazaire 44600,180,403,7
Maison 132m² à moussac,https://www.etreproprio.com/immobilier-23914202-vente-maison-132m-a-moussac-moussac,54 000,Moussac 86150,132,,5
Maison 5 pièces 97 m2,https://www.etreproprio.com/immobilier-23912448-vente-maison-5-pieces-97-m2-freville,210 395,Freville 76190,97,610,5
Maison les milles 6 pièce(s) 107 m2,https://www.etreproprio.com/immobilier-23912958-vente-maison-les-milles-6-pieces-107-m2-aix-en-provence,575 000,Aix-En-Provence 13100,107,250,6
Villa de plain pied avec piscine a agde,https://www.etreproprio.com/immobilier-23912238-vente-villa-de-plain-pied-avec-piscine-a-agde-agde,599 000,Agde 34300,124,1 468,6
Maison 5 pièces 92 m2,https://www.etreproprio.com/immobilier-23912759-vente-maison-5-pieces-92-m2-neuville-sur-brenne,188 376,Neuville-Sur-Brenne 37110,92,976,5
Maison 115m² à fontaines,https://www.etreproprio.com/immobilier-23914086-vente-maison-115m-a-fontaines-fontaines,79 500,Fontaines 89130,115,530,4
Maison 46m² à limay,https://www.etreproprio.com/immobilier-23912404-vente-maison-46m-a-limay-limay,220 500,Limay 78520,46,284,4
Maison 130m² à fleury,https://www.etreproprio.com/immobilier-23914258-vente-maison-130m-a-fleury-fleury,169 000,Fleury 11560,130,,4
Maison 99m² à obernai,https://www.etreproprio.com/immobilier-23913655-vente-maison-99m-a-obernai-obernai,340 000,Obernai 67210,99,247,5
Maison 178m² à margency,https://www.etreproprio.com/immobilier-23912268-vente-maison-178m-a-margency-margency,585 000,Margency 95580,178,579,6
Maison 5 pièces 97 m2,https://www.etreproprio.com/immobilier-23913385-vente-maison-5-pieces-97-m2-nesmy,225 867,Nesmy 85310,97,489,5
"Salernes, maison de plain-pied, 4 pièces",https://www.etreproprio.com/immobilier-23913771-vente-salernes-maison-de-plain-pied-4-pieces-salernes,395 000,Salernes 83690,94,1 970,4
À vendre - asnières-sur-seine bécon - maison 6 pièces avec jardin de 140 m²,https://www.etreproprio.com/immobilier-23913034-vente-a-vendre-asnieres-sur-seine-becon-maison-6-pieces-avec-jardin-de-140-m-asnieres-sur-seine,1 070 000,Asnieres-Sur-Seine 92600,140,70,6
Maison/garage à fort potentiel  à 300 m du golfe du morbihan,https://www.etreproprio.com/immobilier-23913863-vente-maisongarage-a-fort-potentiel-a-300-m-du-golfe-du-morbihan-sene,349 900,Sene 56860,120,900,4
Maison ancienne a renover,https://www.etreproprio.com/immobilier-23912809-vente-maison-ancienne-a-renover-liez,81 000,Liez 85420,81,,4
Maison 110m² à teillay,https://www.etreproprio.com/immobilier-22724365-vente-maison-110m-a-teillay-teillay,67 000,Teillay 35620,110,999,6
Maison 133m² à teillay,https://www.etreproprio.com/immobilier-23626527-vente-maison-133m-a-teillay-teillay,129 900,Teillay 35620,133,700,4
Maison 46m² à teillay,https://www.etreproprio.com/immobilier-23626526-vente-maison-46m-a-teillay-teillay,57 500,Teillay 35620,46,700,3
Maison 49m² à teillay,https://www.etreproprio.com/immobilier-22989368-vente-maison-49m-a-teillay-teillay,80 500,Teillay 35620,49,5,3
Maison 55m² à teillay,https://www.etreproprio.com/immobilier-22912877-vente-maison-55m-a-teillay-teillay,62 000,Teillay 35620,55,680,3
Ma maison de bourg,https://www.etreproprio.com/immobilier-22509444-vente-ma-maison-de-bourg-teillay,97 500,Teillay 35620,110,510,4
Maison 210m² à teillay,https://www.etreproprio.com/immobilier-22233317-vente-maison-210m-a-teillay-teillay,179 000,Teillay 35620,210,1 246,7
Grande maison de bourg,https://www.etreproprio.com/immobilier-22026117-vente-grande-maison-de-bourg-teillay,178 900,Teillay 35620,221,1 600,5
Maison 176m² à teillay,https://www.etreproprio.com/immobilier-22114357-vente-maison-176m-a-teillay-teillay,149 900,Teillay 35620,176,482,5
Maison 119m² à teillay,https://www.etreproprio.com/immobilier-21847968-vente-maison-119m-a-teillay-teillay,n.c.,Teillay 35620,119,1 140,5
Maison 149m² à le theil-de-bretagne,https://www.etreproprio.com/immobilier-23699705-vente-maison-149m-a-le-theil-de-bretagne-le-theil-de-bretagne,241 500,Le Theil-De-Bretagne 35240,149,657,5
Maison 113m² à le theil-de-bretagne,https://www.etreproprio.com/immobilier-23703381-vente-maison-113m-a-le-theil-de-bretagne-le-theil-de-bretagne,322 000,Le Theil-De-Bretagne 35240,113,,5
Maison le theil de bretagne 5 pièce(s) 108 m2,https://www.etreproprio.com/immobilier-23601352-vente-maison-le-theil-de-bretagne-5-pieces-108-m2-le-theil-de-bretagne,276 925,Le Theil-De-Bretagne 35240,108,1 003,5
Maison sur sous-sol 4 pièces,https://www.etreproprio.com/immobilier-20653390-vente-maison-sur-sous-sol-4-pieces-le-theil-de-bretagne,155 705,Le Theil-De-Bretagne 35240,120,856,4
Maison 163m² à le theil-de-bretagne,https://www.etreproprio.com/immobilier-22607019-vente-maison-163m-a-le-theil-de-bretagne-le-theil-de-bretagne,349 000,Le Theil-De-Bretagne 35240,163,9 220,8
Maison 2 chambre(s) à vendre,https://www.etreproprio.com/immobilier-23912803-vente-maison-2-chambres-a-vendre-lucenay,235 000,Lucenay 69480,105,620,5
Maison 102m² à pommeuse,https://www.etreproprio.com/immobilier-23914204-vente-maison-102m-a-pommeuse-pommeuse,270 000,Pommeuse 77515,102,1 380,6
"Magnifique domaine du 18eme sur plus de 8,5 ha avec etang",https://www.etreproprio.com/immobilier-23912337-vente-magnifique-domaine-du-18eme-sur-plus-de-85-ha-avec-etang-barbezieux-saint-hilaire,832 000,Barbezieux-Saint-Hilaire 16300,685,85 000,20
Mtp celleneuve lot de 2 parcelles 1000m²,https://www.etreproprio.com/immobilier-23913732-vente-mtp-celleneuve-lot-de-2-parcelles-1000m-montpellier,520 000,Montpellier 34000,166,1 003,6
Maison 120m² à seyssins,https://www.etreproprio.com/immobilier-23914218-vente-maison-120m-a-seyssins-seyssins,440 000,Seyssins 38180,120,1 000,6
Maison de 80 m²  saint-etienne-du-rouvray (76800),https://www.etreproprio.com/immobilier-23913074-vente-maison-de-80-m-saint-etienne-du-rouvray-76800-saint-etienne-du-rouvray,209 500,Saint-Etienne-Du-Rouvray 76800,79,206,4
Maison 5 pièces 90 m2,https://www.etreproprio.com/immobilier-23912442-vente-maison-5-pieces-90-m2-yvetot,218 957,Yvetot 76190,90,730,5
Maison 994m² à saint-martin,https://www.etreproprio.com/immobilier-23914121-vente-maison-994m-a-saint-martin-saint-martin,4 100 000,Saint-Martin 97150,994,12 638,5
Maison 134m² à escource,https://www.etreproprio.com/immobilier-23912625-vente-maison-134m-a-escource-escource,588 000,Escource 40210,134,5 000,9
Maison 7 pièces 94 m2,https://www.etreproprio.com/immobilier-23913397-vente-maison-7-pieces-94-m2-belleville-sur-vie,209 886,Belleville-Sur-Vie 85170,94,586,7
Maison 4 pièces 61 m2,https://www.etreproprio.com/immobilier-23912792-vente-maison-4-pieces-61-m2-civray-de-touraine,187 162,Civray-De-Touraine 37150,61,1 229,4
Maison 55m² à maury,https://www.etreproprio.com/immobilier-23913646-vente-maison-55m-a-maury-maury,39 000,Maury 66460,55,,3
Maison 92m² à solferino,https://www.etreproprio.com/immobilier-23912561-vente-maison-92m-a-solferino-solferino,148 000,Solferino 40210,92,75 595,4
Maison pont sainte maxence 6 pièce(s) 114 m2,https://www.etreproprio.com/immobilier-23913856-vente-maison-pont-sainte-maxence-6-pieces-114-m2-pont-sainte-maxence,210 000,Pont-Sainte-Maxence 60700,114,430,6
Maison familiale  6 chambres  saint-martin-du-vivier,https://www.etreproprio.com/immobilier-23913142-vente-maison-familiale-6-chambres-saint-martin-du-vivier-saint-martin-du-vivier,249 900,Saint-Martin-Du-Vivier 76160,116,526,8
Maison familiale  4 chambres  ymare,https://www.etreproprio.com/immobilier-23913124-vente-maison-familiale-4-chambres-ymare-ymare,295 000,Ymare 76520,147,800,6
Maison 153m² à marseille-14e,https://www.etreproprio.com/immobilier-23912613-vente-maison-153m-a-marseille-14e-marseille-14e,460 000,Marseille-14e 13014,153,468,6
Maison 85m² à saint-thegonnec,https://www.etreproprio.com/immobilier-23912993-vente-maison-85m-a-saint-thegonnec-saint-thegonnec,184 080,Saint-Thegonnec 29410,85,,4
Maison 76m² à lamarque,https://www.etreproprio.com/immobilier-22989729-vente-maison-76m-a-lamarque-lamarque,179 000,Lamarque 33460,76,130,3
Maison 161m² à thorigne-fouillard,https://www.etreproprio.com/immobilier-23831800-vente-maison-161m-a-thorigne-fouillard-thorigne-fouillard,533 200,Thorigne-Fouillard 35235,161,488,7
En exclusivité! maison  container  moderne avec jardin - quartier prisé - thorigné-fouillard,https://www.etreproprio.com/immobilier-23819214-vente-en-exclusivite-maison-container-moderne-avec-jardin-quartier-prise-thorigne-fouillard-thorigne-fouillard,335 000,Thorigne-Fouillard 35235,100,332,6
Maison hors lotissement - quartier résidentiel  - terrain de 1196m².,https://www.etreproprio.com/immobilier-23808900-vente-maison-hors-lotissement-quartier-residentiel-terrain-de-1196m-thorigne-fouillard,366 450,Thorigne-Fouillard 35235,106,1 196,4
Maison à vendre 7 pièces thorigne fouillard  centre (35),https://www.etreproprio.com/immobilier-23773027-vente-maison-a-vendre-7-pieces-thorigne-fouillard-centre-35-thorigne-fouillard,399 900,Thorigne-Fouillard 35235,152,450,7
Maison thorigne fouillard 6 pièce(s) 140.61 m2,https://www.etreproprio.com/immobilier-23755264-vente-maison-thorigne-fouillard-6-pieces-14061-m2-thorigne-fouillard,499 950,Thorigne-Fouillard 35235,141,421,6
Très bel appartement en duplex + revenus locatifs,https://www.etreproprio.com/immobilier-23716345-vente-tres-bel-appartement-en-duplex-revenus-locatifs-thorigne-fouillard,625 000,Thorigne-Fouillard 35235,215,265,8
Maison 152m² à thorigne-fouillard,https://www.etreproprio.com/immobilier-22135023-vente-maison-152m-a-thorigne-fouillard-thorigne-fouillard,399 990,Thorigne-Fouillard 35235,152,445,6
"Maison, 4 chambres, 142 m² , idéal chevaux, thorigné fouillard sur terrain de 11 929 m²",https://www.etreproprio.com/immobilier-23373190-vente-maison-4-chambres-142-m-ideal-chevaux-thorigne-fouillard-sur-terrain-de-11-929-m-thorigne-fouillard,599 500,Thorigne-Fouillard 35235,143,11 929,7
Maison 117m² à thorigne-fouillard,https://www.etreproprio.com/immobilier-23547745-vente-maison-117m-a-thorigne-fouillard-thorigne-fouillard,420 000,Thorigne-Fouillard 35235,117,470,7
Maison 150m² à thorigne-fouillard,https://www.etreproprio.com/immobilier-23107611-vente-maison-150m-a-thorigne-fouillard-thorigne-fouillard,458 500,Thorigne-Fouillard 35235,150,730,7
À vendre  -  maison contemporaine de 2020  - quartier recherché -  thorigné,https://www.etreproprio.com/immobilier-23457842-vente-a-vendre-maison-contemporaine-de-2020-quartier-recherche-thorigne-thorigne-fouillard,498 372,Thorigne-Fouillard 35235,140,421,6
Maison 151m² à thorigne-fouillard,https://www.etreproprio.com/immobilier-22636325-vente-maison-151m-a-thorigne-fouillard-thorigne-fouillard,514 500,Thorigne-Fouillard 35235,151,760,7
Maison 148m² à thorigne-fouillard,https://www.etreproprio.com/immobilier-23363871-vente-maison-148m-a-thorigne-fouillard-thorigne-fouillard,372 750,Thorigne-Fouillard 35235,148,480,8
Maison 116m² à thorigne-fouillard,https://www.etreproprio.com/immobilier-23334663-vente-maison-116m-a-thorigne-fouillard-thorigne-fouillard,241 500,Thorigne-Fouillard 35235,116,395,4
"Maison familiale 6 pièces, 5 chambres, jardin, proche toutes commodités à 15 min de rennes",https://www.etreproprio.com/immobilier-23321264-vente-maison-familiale-6-pieces-5-chambres-jardin-proche-toutes-commodites-a-15-min-de-rennes-thorigne-fouillard,369 000,Thorigne-Fouillard 35235,108,520,6
Maison 133m² à thorigne-fouillard,https://www.etreproprio.com/immobilier-23276378-vente-maison-133m-a-thorigne-fouillard-thorigne-fouillard,369 990,Thorigne-Fouillard 35235,134,435,6
Maison 148m² à thorigne-fouillard,https://www.etreproprio.com/immobilier-23276390-vente-maison-148m-a-thorigne-fouillard-thorigne-fouillard,369 990,Thorigne-Fouillard 35235,149,537,6
Maison 95m² à thorigne-fouillard,https://www.etreproprio.com/immobilier-23276391-vente-maison-95m-a-thorigne-fouillard-thorigne-fouillard,354 900,Thorigne-Fouillard 35235,95,350,5
Maison 180m² à thorigne-fouillard,https://www.etreproprio.com/immobilier-23276380-vente-maison-180m-a-thorigne-fouillard-thorigne-fouillard,693 000,Thorigne-Fouillard 35235,180,1 600,7
Maison 139m² à thorigne-fouillard,https://www.etreproprio.com/immobilier-23276385-vente-maison-139m-a-thorigne-fouillard-thorigne-fouillard,383 250,Thorigne-Fouillard 35235,140,442,7
Vente maison thourie(35134) 54 900ï¿œ,https://www.etreproprio.com/immobilier-23335201-vente-vente-maison-thourie35134-54-900i-oe-thourie,54 900,Thourie 35134,47,,2
Maison 73m² à thourie,https://www.etreproprio.com/immobilier-23078174-vente-maison-73m-a-thourie-thourie,198 000,Thourie 35134,73,698,3
Maison 116m² à thourie,https://www.etreproprio.com/immobilier-22855527-vente-maison-116m-a-thourie-thourie,198 000,Thourie 35134,116,1 740,4
Ma grande longère en campagne,https://www.etreproprio.com/immobilier-22482115-vente-ma-grande-longere-en-campagne-thourie,225 750,Thourie 35134,100,4 275,3
Maison 90m² à thourie,https://www.etreproprio.com/immobilier-21918390-vente-maison-90m-a-thourie-thourie,139 900,Thourie 35134,90,277,5
Vente maison thourie(35134) 75 390ï¿œ,https://www.etreproprio.com/immobilier-20220964-vente-vente-maison-thourie35134-75-390i-oe-thourie,75 390,Thourie 35134,200,,5
A vendre - agence giboire cesson-sévigné - maison type 9 - thorigné-fouillard - centre-ville - rennes métropole,https://www.etreproprio.com/immobilier-23256771-vente-a-vendre-agence-giboire-cesson-sevigne-maison-type-9-thorigne-fouillard-centre-ville-rennes-metropole-thorigne-fouillard,556 500,Thorigne-Fouillard 35235,196,459,7
Maison 116m² à thorigne-fouillard,https://www.etreproprio.com/immobilier-23031066-vente-maison-116m-a-thorigne-fouillard-thorigne-fouillard,368 500,Thorigne-Fouillard 35235,116,340,5
Maison 233m² à thorigne-fouillard,https://www.etreproprio.com/immobilier-22918080-vente-maison-233m-a-thorigne-fouillard-thorigne-fouillard,676 000,Thorigne-Fouillard 35235,233,1 600,8
Maison 93m² à thorigne-fouillard,https://www.etreproprio.com/immobilier-22918081-vente-maison-93m-a-thorigne-fouillard-thorigne-fouillard,315 000,Thorigne-Fouillard 35235,94,450,5
Maison 133m² à thorigne-fouillard,https://www.etreproprio.com/immobilier-22918082-vente-maison-133m-a-thorigne-fouillard-thorigne-fouillard,430 500,Thorigne-Fouillard 35235,133,590,6
Maison récente -  4 chambres - quartier calme - jardin,https://www.etreproprio.com/immobilier-22862581-vente-maison-recente-4-chambres-quartier-calme-jardin-thorigne-fouillard,335 000,Thorigne-Fouillard 35235,111,223,6
Plein centre - maison sur 1793m² de terrain avec divisions parcellaires possible  !,https://www.etreproprio.com/immobilier-22619760-vente-plein-centre-maison-sur-1793m-de-terrain-avec-divisions-parcellaires-possible-thorigne-fouillard,522 500,Thorigne-Fouillard 35235,105,1 793,5
Propriété - thorigné-fouillard,https://www.etreproprio.com/immobilier-22567713-vente-propriete-thorigne-fouillard-thorigne-fouillard,892 500,Thorigne-Fouillard 35235,200,4 450,8
Maison à vendre - plain-pied - centre de thorigné!,https://www.etreproprio.com/immobilier-22526511-vente-maison-a-vendre-plain-pied-centre-de-thorigne-thorigne-fouillard,239 000,Thorigne-Fouillard 35235,116,550,5
Maison à vendre  en exclusivité -  centre de thorigné - beau jardin,https://www.etreproprio.com/immobilier-22515719-vente-maison-a-vendre-en-exclusivite-centre-de-thorigne-beau-jardin-thorigne-fouillard,335 000,Thorigne-Fouillard 35235,98,424,5
Superbe maison contemporaine t7,https://www.etreproprio.com/immobilier-20421276-vente-superbe-maison-contemporaine-t7-thorigne-fouillard,522 500,Thorigne-Fouillard 35235,163,535,7
Maison 116m² à thorigne-fouillard,https://www.etreproprio.com/immobilier-21940566-vente-maison-116m-a-thorigne-fouillard-thorigne-fouillard,714 000,Thorigne-Fouillard 35235,116,1 760,4
Maison 140m² à thorigne-fouillard,https://www.etreproprio.com/immobilier-19198541-vente-maison-140m-a-thorigne-fouillard-thorigne-fouillard,510 000,Thorigne-Fouillard 35235,140,,6
Maison 5 pièces 92 m2,https://www.etreproprio.com/immobilier-23912757-vente-maison-5-pieces-92-m2-selommes,166 366,Selommes 41100,92,1 001,5
Maison 84m² à aubergenville,https://www.etreproprio.com/immobilier-23914220-vente-maison-84m-a-aubergenville-aubergenville,229 000,Aubergenville 78410,84,505,4
Maison 73m² à conde-sur-noireau,https://www.etreproprio.com/immobilier-23912392-vente-maison-73m-a-conde-sur-noireau-conde-sur-noireau,127 990,Conde-Sur-Noireau 14110,73,487,4
Maison 195m² à dompierre-sur-besbre,https://www.etreproprio.com/immobilier-23914147-vente-maison-195m-a-dompierre-sur-besbre-dompierre-sur-besbre,170 000,Dompierre-Sur-Besbre 03290,195,590,8
Maison 92m² à la turbie,https://www.etreproprio.com/immobilier-23912609-vente-maison-92m-a-la-turbie-la-turbie,735 000,La Turbie 06320,92,150,4
Maison de 154m2 avec jardin dans un quartier calme et prisé à céret,https://www.etreproprio.com/immobilier-23912162-vente-maison-de-154m2-avec-jardin-dans-un-quartier-calme-et-prise-a-ceret-ceret,276 000,Ceret 66400,154,346,7
"Superbe villa f6, vue mer et montagnes !",https://www.etreproprio.com/immobilier-23913887-vente-superbe-villa-f6-vue-mer-et-montagnes-le-tampon,436 000,Le Tampon 97430,120,562,6
Maison 8 pièces 210 m2,https://www.etreproprio.com/immobilier-23913688-vente-maison-8-pieces-210-m2-gazeran,375 000,Gazeran 78125,210,407,8
Maison 60m² à nieul-le-dolent,https://www.etreproprio.com/immobilier-23913957-vente-maison-60m-a-nieul-le-dolent-nieul-le-dolent,135 000,Nieul-Le-Dolent 85430,60,730,3
Pavillon de qualité au calme,https://www.etreproprio.com/immobilier-23913357-vente-pavillon-de-qualite-au-calme-saint-celerin,189 900,Saint-Celerin 72110,91,,4
Maison mitoyenne 96 m²  bihorel 76420,https://www.etreproprio.com/immobilier-23913184-vente-maison-mitoyenne-96-m-bihorel-76420-bihorel,198 000,Bihorel 76420,96,,4
Maison 116m² à pessac,https://www.etreproprio.com/immobilier-23913442-vente-maison-116m-a-pessac-pessac,460 000,Pessac 33600,116,1 398,4
Maison 101m² à hautmont,https://www.etreproprio.com/immobilier-23913969-vente-maison-101m-a-hautmont-hautmont,76 300,Hautmont 59330,101,400,6
Maison 157m² à montreuil,https://www.etreproprio.com/immobilier-23912692-vente-maison-157m-a-montreuil-montreuil,750 000,Montreuil 93100,157,80,6
Maison avec potentiel à nîmes (proche courbessac),https://www.etreproprio.com/immobilier-23912302-vente-maison-avec-potentiel-a-nimes-proche-courbessac-nimes,285 000,Nimes 30900,152,490,6
Maison 82m² à nemours,https://www.etreproprio.com/immobilier-23914101-vente-maison-82m-a-nemours-nemours,244 000,Nemours 77140,82,300,4
Maison 80m² à le tiercent,https://www.etreproprio.com/immobilier-23734037-vente-maison-80m-a-le-tiercent-le-tiercent,113 500,Le Tiercent 35460,80,550,3
Maison 190m² à le tiercent,https://www.etreproprio.com/immobilier-23504574-vente-maison-190m-a-le-tiercent-le-tiercent,229 000,Le Tiercent 35460,190,,7
Maison tinteniac 2 pièce(s) 79.99 m2,https://www.etreproprio.com/immobilier-23903257-vente-maison-tinteniac-2-pieces-7999-m2-tinteniac,86 500,Tinteniac 35190,70,364,2
Maison avec dependances,https://www.etreproprio.com/immobilier-23551079-vente-maison-avec-dependances-tinteniac,259 500,Tinteniac 35190,142,7 000,6
Maison tinteniac 6 pièce(s) 157 m2,https://www.etreproprio.com/immobilier-23799351-vente-maison-tinteniac-6-pieces-157-m2-tinteniac,398 970,Tinteniac 35190,157,780,6
Maison spacieuse,https://www.etreproprio.com/immobilier-23705817-vente-maison-spacieuse-tinteniac,298 900,Tinteniac 35190,200,1 850,7
Maison 276m² à tinteniac,https://www.etreproprio.com/immobilier-23686157-vente-maison-276m-a-tinteniac-tinteniac,818 203,Tinteniac 35190,276,23 960,9
à vendre – maison familiale de 115 m² sur 2000 m² de terrain à tinténiac,https://www.etreproprio.com/immobilier-23653888-vente-a-vendre-maison-familiale-de-115-m-sur-2000-m-de-terrain-a-tinteniac-tinteniac,319 000,Tinteniac 35190,115,,6
Maison 200m² à tinteniac,https://www.etreproprio.com/immobilier-23649717-vente-maison-200m-a-tinteniac-tinteniac,299 000,Tinteniac 35190,200,1 850,7
Maison de bourg tinteniac,https://www.etreproprio.com/immobilier-23077871-vente-maison-de-bourg-tinteniac-tinteniac,241 040,Tinteniac 35190,118,400,5
Maison tinteniac 4 pièces,https://www.etreproprio.com/immobilier-23047223-vente-maison-tinteniac-4-pieces-tinteniac,241 040,Tinteniac 35190,116,399,4
Maison avec jardin tinteniac à vendre,https://www.etreproprio.com/immobilier-22670979-vente-maison-avec-jardin-tinteniac-a-vendre-tinteniac,299 000,Tinteniac 35190,99,816,4
Tinteniac en campagne,https://www.etreproprio.com/immobilier-23256569-vente-tinteniac-en-campagne-tinteniac,133 750,Tinteniac 35190,47,1 843,3
Maison 55m² à tinteniac,https://www.etreproprio.com/immobilier-22904878-vente-maison-55m-a-tinteniac-tinteniac,194 000,Tinteniac 35190,55,345,3
Maison tinteniac 8 pièce(s) 193 m2,https://www.etreproprio.com/immobilier-23433349-vente-maison-tinteniac-8-pieces-193-m2-tinteniac,262 000,Tinteniac 35190,190,6 740,8
Demeure de charme,https://www.etreproprio.com/immobilier-23310654-vente-demeure-de-charme-tinteniac,352 920,Tinteniac 35190,120,11 130,6
Grande longère indépendante tinteniac,https://www.etreproprio.com/immobilier-22618357-vente-grande-longere-independante-tinteniac-tinteniac,329 800,Tinteniac 35190,220,2 500,5
Maison spacieuse sur vaste terrain tinteniac,https://www.etreproprio.com/immobilier-22496578-vente-maison-spacieuse-sur-vaste-terrain-tinteniac-tinteniac,344 790,Tinteniac 35190,191,2 810,6
Maison a renover a tinteniac (35190) de,https://www.etreproprio.com/immobilier-20845113-vente-maison-a-renover-a-tinteniac-35190-de-tinteniac,44 900,Tinteniac 35190,92,159,5
Maison 160m² à tinteniac,https://www.etreproprio.com/immobilier-22105091-vente-maison-160m-a-tinteniac-tinteniac,324 000,Tinteniac 35190,160,9 980,5
Maison tinteniac 5 pièce(s),https://www.etreproprio.com/immobilier-20590451-vente-maison-tinteniac-5-pieces-tinteniac,146 720,Tinteniac 35190,89,,4
"Entre rennes & dinan, manoir rénové dans son écrin de verdure !",https://www.etreproprio.com/immobilier-22187813-vente-entre-rennes-dinan-manoir-renove-dans-son-ecrin-de-verdure-tinteniac,1 490 000,Tinteniac 35190,700,13 097,12
Magnifique chaumiere  terrain divisible 1515m²  préaux,https://www.etreproprio.com/immobilier-23913134-vente-magnifique-chaumiere-terrain-divisible-1515m-preaux-preaux,420 000,Preaux 76160,180,1 515,5
Maison saint leger en yvelines 5 pièce(s),https://www.etreproprio.com/immobilier-23913674-vente-maison-saint-leger-en-yvelines-5-pieces-saint-leger-en-yvelines,449 000,Saint-Leger-En-Yvelines 78610,105,416,5
Maison 4 pièces 61 m2,https://www.etreproprio.com/immobilier-23912493-vente-maison-4-pieces-61-m2-henouville,172 934,Henouville 76840,61,436,4
Maison 5 pièces 97 m2,https://www.etreproprio.com/immobilier-23912453-vente-maison-5-pieces-97-m2-arques-la-bataille,206 295,Arques-La-Bataille 76880,97,795,5
Maison spacieuse à vendre à chilly-mazarin - 5 chambres,https://www.etreproprio.com/immobilier-23913907-vente-maison-spacieuse-a-vendre-a-chilly-mazarin-5-chambres-chilly-mazarin,520 000,Chilly-Mazarin 91380,167,710,7
Maison 5 pièces 97 m2,https://www.etreproprio.com/immobilier-23912454-vente-maison-5-pieces-97-m2-cany-barville,204 942,Cany-Barville 76450,97,651,5
Maison neuve  101m²  le houlme,https://www.etreproprio.com/immobilier-23913143-vente-maison-neuve-101m-le-houlme-le-houlme,208 000,Le Houlme 76770,91,,5
Maison 6 pièces  165m²,https://www.etreproprio.com/immobilier-23913163-vente-maison-6-pieces-165m-rouen,314 000,Rouen 76100,165,,6
Maison 5 pieces avec garage,https://www.etreproprio.com/immobilier-23912947-vente-maison-5-pieces-avec-garage-sanary-sur-mer,498 000,Sanary-Sur-Mer 83110,132,564,5
Maison 96m² à vineuil,https://www.etreproprio.com/immobilier-23913224-vente-maison-96m-a-vineuil-vineuil,234 000,Vineuil 41350,96,289,4
Maison 140m² à urschenheim,https://www.etreproprio.com/immobilier-22072953-vente-maison-140m-a-urschenheim-urschenheim,580 000,Urschenheim 68320,140,1 127,6
Maison 176m² à saint-cyr-sur-loire,https://www.etreproprio.com/immobilier-23914225-vente-maison-176m-a-saint-cyr-sur-loire-saint-cyr-sur-loire,607 500,Saint-Cyr-Sur-Loire 37540,176,1 226,7
Maison 64m² à chatellerault,https://www.etreproprio.com/immobilier-23912998-vente-maison-64m-a-chatellerault-chatellerault,72 200,Chatellerault 86100,64,162,2
Maison à montreuil,https://www.etreproprio.com/immobilier-23903518-vente-maison-a-montreuil-montreuil,300 000,Montreuil 93100,160,184,6
Maison de charme  200m²  5 chambres  mont-saint-aignan,https://www.etreproprio.com/immobilier-23913168-vente-maison-de-charme-200m-5-chambres-mont-saint-aignan-mont-saint-aignan,650 000,Mont-Saint-Aignan 76130,200,843,7
Exceptionnel propriété de 234 m² dans la bastide de domme avec une terrasse panoramique sur la vallée.,https://www.etreproprio.com/immobilier-23912333-vente-exceptionnel-propriete-de-234-m-dans-la-bastide-de-domme-avec-une-terrasse-panoramique-sur-la-vallee-domme,635 000,Domme 24250,234,,7
Maison couffé (4 pièces) 78.07m2,https://www.etreproprio.com/immobilier-23913872-vente-maison-couffe-4-pieces-7807m2-couffe,195 000,Couffe 44521,78,853,4
"Maison charmante à vendre à saint-joseph, réunion",https://www.etreproprio.com/immobilier-23740115-vente-maison-charmante-a-vendre-a-saint-joseph-reunion-saint-joseph,214 000,Saint-Joseph 97480,100,473,6
Maison familiale 3 chambres avec piscine chauffée.,https://www.etreproprio.com/immobilier-23913931-vente-maison-familiale-3-chambres-avec-piscine-chauffee-le-pontet,349 000,Le Pontet 84130,110,300,5
Maison 126m² à saint-brice-sous-foret,https://www.etreproprio.com/immobilier-23912525-vente-maison-126m-a-saint-brice-sous-foret-saint-brice-sous-foret,399 000,Saint-Brice-Sous-Foret 95350,126,,5
Maison 211m² à torce,https://www.etreproprio.com/immobilier-23709139-vente-maison-211m-a-torce-torce,236 250,Torce 35370,211,969,5
Nouveaute - grande maison familiale de 211 m2 avec dependance - torce,https://www.etreproprio.com/immobilier-23695604-vente-nouveaute-grande-maison-familiale-de-211-m2-avec-dependance-torce-torce,234 862,Torce 35370,211,969,6
Maison centre de tinteniac (35) 4 pieces - 91 m2,https://www.etreproprio.com/immobilier-20648904-vente-maison-centre-de-tinteniac-35-4-pieces-91-m2-tinteniac,167 840,Tinteniac 35190,91,,4
Maison 150m² à tinteniac,https://www.etreproprio.com/immobilier-17810142-vente-maison-150m-a-tinteniac-tinteniac,442 000,Tinteniac 35190,150,1 569,7
Maison 150m² à tinteniac,https://www.etreproprio.com/immobilier-17801552-vente-maison-150m-a-tinteniac-tinteniac,442 000,Tinteniac 35190,150,1 569,7
Maison 97m² à tinteniac,https://www.etreproprio.com/immobilier-17579746-vente-maison-97m-a-tinteniac-tinteniac,189 000,Tinteniac 35190,97,2 060,4
Maison 205m² à tinteniac,https://www.etreproprio.com/immobilier-17579753-vente-maison-205m-a-tinteniac-tinteniac,438 900,Tinteniac 35190,205,1 035,8
Maison avec jardin trans la foret à vendre,https://www.etreproprio.com/immobilier-23849789-vente-maison-avec-jardin-trans-la-foret-a-vendre-trans-la-foret,229 900,Trans-La-Foret 35610,117,787,6
Maison 167m² à trans-la-foret,https://www.etreproprio.com/immobilier-23703186-vente-maison-167m-a-trans-la-foret-trans-la-foret,265 000,Trans-La-Foret 35610,167,9 000,7
Maison trans la foret 3 pièce(s) 65 m2,https://www.etreproprio.com/immobilier-21912232-vente-maison-trans-la-foret-3-pieces-65-m2-trans-la-foret,87 000,Trans-La-Foret 35610,65,2 553,3
Maison bourgeoise 297 m²  croisy-sur-andelle 76780,https://www.etreproprio.com/immobilier-23913189-vente-maison-bourgeoise-297-m-croisy-sur-andelle-76780-croisy-sur-andelle,535 000,Croisy-Sur-Andelle 76780,297,2 607,8
Maison 120m² à creon-d'armagnac,https://www.etreproprio.com/immobilier-23914286-vente-maison-120m-a-creon-d-armagnac-creon-d-armagnac,155 000,Creon-D'armagnac 40240,120,7 000,3
Maison 164m² à nice,https://www.etreproprio.com/immobilier-23727749-vente-maison-164m-a-nice-nice,850 000,Nice 06200,164,1 500,5
Maison 7 pièces 94 m2,https://www.etreproprio.com/immobilier-23912473-vente-maison-7-pieces-94-m2-bosc-bordel,191 767,Bosc-Bordel 76750,94,1 283,7
Maison 3 pièces de 64 m2 près de la plage,https://www.etreproprio.com/immobilier-23912893-vente-maison-3-pieces-de-64-m2-pres-de-la-plage-sanary-sur-mer,420 000,Sanary-Sur-Mer 83110,64,,3
Axe bohain-guise,https://www.etreproprio.com/immobilier-23912090-vente-axe-bohain-guise-petit-verly,40 000,Petit-Verly 02630,86,337,2
Maison 4 pièces 61 m2,https://www.etreproprio.com/immobilier-23912495-vente-maison-4-pieces-61-m2-saint-paer,163 234,Saint-Paer 76480,61,610,4
Maison 88m² à rumilly,https://www.etreproprio.com/immobilier-23914242-vente-maison-88m-a-rumilly-rumilly,315 000,Rumilly 74150,88,,4
Maison 7 pièces 94 m2,https://www.etreproprio.com/immobilier-23912485-vente-maison-7-pieces-94-m2-hericourt-en-caux,170 267,Hericourt-En-Caux 76560,94,1 161,7
Maison 7 pièces 165 m2,https://www.etreproprio.com/immobilier-23913681-vente-maison-7-pieces-165-m2-le-perray-en-yvelines,518 000,Le Perray-En-Yvelines 78610,165,823,7
Maison rénovée   2 logements indépendants,https://www.etreproprio.com/immobilier-23912161-vente-maison-renovee-2-logements-independants-laroque-des-alberes,279 000,Laroque-Des-Alberes 66740,11,,5
Elegante villa - vue mer - presqu'île de giens,https://www.etreproprio.com/immobilier-22488271-vente-elegante-villa-vue-mer-presqu-ile-de-giens-hyeres,2 350 000,Hyeres 83400,200,1 300,6
Maison 87m² à cayres,https://www.etreproprio.com/immobilier-23914206-vente-maison-87m-a-cayres-cayres,294 000,Cayres 43510,87,3 264,4
Maison 175m² à pessac,https://www.etreproprio.com/immobilier-23913889-vente-maison-175m-a-pessac-pessac,731 500,Pessac 33600,175,800,6
à vendre – villa t4 rénovée avec grand garage et parcelle divisible – villefranche-de-lauragais,https://www.etreproprio.com/immobilier-23913496-vente-a-vendre-villa-t4-renovee-avec-grand-garage-et-parcelle-divisible-villefranche-de-lauragais-villefranche-de-lauragais,318 000,Villefranche-De-Lauragais 31290,65,,3
Maison 129m² à autrans,https://www.etreproprio.com/immobilier-23788886-vente-maison-129m-a-autrans-autrans,347 000,Autrans 38880,129,1 915,5
Prestige et modernité dans l’un des quartiers les plus prisés d’arcachon,https://www.etreproprio.com/immobilier-23913219-vente-prestige-et-modernite-dans-l-un-des-quartiers-les-plus-prises-d-arcachon-arcachon,2 970 000,Arcachon 33120,208,1 140,7
Guilhemery grande maison 185m2 habitable composee de 3 logements sur terrain de + 600m2,https://www.etreproprio.com/immobilier-23912150-vente-guilhemery-grande-maison-185m2-habitable-composee-de-3-logements-sur-terrain-de-600m2-toulouse,689 000,Toulouse 31500,185,650,8
Maison 4 pièces 61 m2,https://www.etreproprio.com/immobilier-23913395-vente-maison-4-pieces-61-m2-angles,177 885,Angles 85750,61,455,4
"Nouveauté, exclusivité, maison récente en impasse",https://www.etreproprio.com/immobilier-23787460-vente-nouveaute-exclusivite-maison-recente-en-impasse-treffendel,249 000,Treffendel 35380,106,,4
Longère à rénover à treffendel,https://www.etreproprio.com/immobilier-22454234-vente-longere-a-renover-a-treffendel-treffendel,100 700,Treffendel 35380,110,2 508,5
Maison avec jardin trémeheuc à vendre,https://www.etreproprio.com/immobilier-23591655-vente-maison-avec-jardin-tremeheuc-a-vendre-tremeheuc,303 920,Tremeheuc 35270,197,8 750,10
Tresboeuf - centre village,https://www.etreproprio.com/immobilier-23539515-vente-tresboeuf-centre-village-tresboeuf,280 000,Tresboeuf 35320,165,1 298,7
Maison 99m² à tresboeuf,https://www.etreproprio.com/immobilier-23228351-vente-maison-99m-a-tresboeuf-tresboeuf,239 900,Tresboeuf 35320,99,1 056,4
Maison 127m² à tresboeuf,https://www.etreproprio.com/immobilier-23710566-vente-maison-127m-a-tresboeuf-tresboeuf,220 000,Tresboeuf 35320,127,533,5
Maison 127m² à tresboeuf,https://www.etreproprio.com/immobilier-23706658-vente-maison-127m-a-tresboeuf-tresboeuf,221 970,Tresboeuf 35320,127,533,5
Maison 4 pièces tresboeuf,https://www.etreproprio.com/immobilier-23695006-vente-maison-4-pieces-tresboeuf-tresboeuf,179 740,Tresboeuf 35320,78,926,4
Maison 132m² à tresboeuf,https://www.etreproprio.com/immobilier-23602874-vente-maison-132m-a-tresboeuf-tresboeuf,331 950,Tresboeuf 35320,132,,7
Maison 132m² à tresboeuf,https://www.etreproprio.com/immobilier-23575485-vente-maison-132m-a-tresboeuf-tresboeuf,336 000,Tresboeuf 35320,132,1 242,5
Maison 204m² à tresboeuf,https://www.etreproprio.com/immobilier-23331220-vente-maison-204m-a-tresboeuf-tresboeuf,385 000,Tresboeuf 35320,204,12 690,6
Maison 205m² à tresboeuf,https://www.etreproprio.com/immobilier-23524753-vente-maison-205m-a-tresboeuf-tresboeuf,390 000,Tresboeuf 35320,205,12 690,6
Maison de village à laignes (21) avec cour et dépendances proche de la gare tgv montbard  et chatillon,https://www.etreproprio.com/immobilier-23912292-vente-maison-de-village-a-laignes-21-avec-cour-et-dependances-proche-de-la-gare-tgv-montbard-et-chatillon-laignes,59 000,Laignes 21330,70,,4
Propriété contemporaine avec vue panoramique.,https://www.etreproprio.com/immobilier-23912889-vente-propriete-contemporaine-avec-vue-panoramique-ollioules,3 100 000,Ollioules 83190,360,4 000,8
Maison 7 pièces 94 m2,https://www.etreproprio.com/immobilier-23913402-vente-maison-7-pieces-94-m2-les-magnils-reigniers,156 126,Les Magnils-Reigniers 85400,94,508,7
Maison 5 pièces 97 m2,https://www.etreproprio.com/immobilier-23912452-vente-maison-5-pieces-97-m2-doudeville,209 364,Doudeville 76560,97,733,5
Maison familiale 4 chambres sur sous sol complet  - brest (quartier pen ar chleuz),https://www.etreproprio.com/immobilier-23913323-vente-maison-familiale-4-chambres-sur-sous-sol-complet-brest-quartier-pen-ar-chleuz-brest,335 000,Brest 29200,127,477,6
Maison 144m² à uzes,https://www.etreproprio.com/immobilier-23912588-vente-maison-144m-a-uzes-uzes,825 000,Uzes 30700,144,1 659,5
Maison 103m² à arjuzanx,https://www.etreproprio.com/immobilier-23912529-vente-maison-103m-a-arjuzanx-arjuzanx,150 000,Arjuzanx 40110,103,30 616,5
Maison à vendre à péronne (80200).,https://www.etreproprio.com/immobilier-23300529-vente-maison-a-vendre-a-peronne-80200-peronne,92 000,Peronne 80200,92,446,4
Maison 75m² à bergerac,https://www.etreproprio.com/immobilier-23914227-vente-maison-75m-a-bergerac-bergerac,164 000,Bergerac 24100,75,379,4
Maison 66m² à rosny-sous-bois,https://www.etreproprio.com/immobilier-23914021-vente-maison-66m-a-rosny-sous-bois-rosny-sous-bois,269 000,Rosny-Sous-Bois 93110,66,200,4
Mas avec piscine 84500 bollene,https://www.etreproprio.com/immobilier-23912278-vente-mas-avec-piscine-84500-bollene-bollene,349 000,Bollene 84500,92,924,4
Maison 131m² à deauville,https://www.etreproprio.com/immobilier-22660457-vente-maison-131m-a-deauville-deauville,695 000,Deauville 14800,131,,6
Maison 5 pièces 92 m2,https://www.etreproprio.com/immobilier-23912767-vente-maison-5-pieces-92-m2-villiers-sur-loir,197 526,Villiers-Sur-Loir 41100,92,955,5
Maison 57m² à toussus-le-noble,https://www.etreproprio.com/immobilier-23912555-vente-maison-57m-a-toussus-le-noble-toussus-le-noble,415 000,Toussus-Le-Noble 78117,57,821,3
Maison 4 pièces 61 m2,https://www.etreproprio.com/immobilier-23912491-vente-maison-4-pieces-61-m2-montigny,265 884,Montigny 76380,61,733,4
Maison 117m² à vialer,https://www.etreproprio.com/immobilier-23914193-vente-maison-117m-a-vialer-vialer,213 000,Vialer 64330,117,7 720,6
Maison 4 pièces 61 m2,https://www.etreproprio.com/immobilier-23912793-vente-maison-4-pieces-61-m2-neuille-pont-pierre,131 962,Neuille-Pont-Pierre 37360,61,350,4
"Maison de ville t4 avec garage et rooftop   proche rue emile jamais, nîmes",https://www.etreproprio.com/immobilier-23912202-vente-maison-de-ville-t4-avec-garage-et-rooftop-proche-rue-emile-jamais-nimes-nimes,389 000,Nimes 30900,97,,4
Maison 90 m2 - treverien centre bourg - 30 mn de rennes,https://www.etreproprio.com/immobilier-23818087-vente-maison-90-m2-treverien-centre-bourg-30-mn-de-rennes-treverien,238 000,Treverien 35190,90,1 084,5
Maison 138m² à treverien,https://www.etreproprio.com/immobilier-23767863-vente-maison-138m-a-treverien-treverien,315 000,Treverien 35190,138,1 996,7
Maison a vendre a treverien (35190) - 6 pieces,https://www.etreproprio.com/immobilier-23740655-vente-maison-a-vendre-a-treverien-35190-6-pieces-treverien,360 160,Treverien 35190,139,3 913,6
Maison avec 3 chambres près du canal !,https://www.etreproprio.com/immobilier-23574096-vente-maison-avec-3-chambres-pres-du-canal-treverien,178 500,Treverien 35190,81,1 000,5
Maison 90m² à treverien,https://www.etreproprio.com/immobilier-23100944-vente-maison-90m-a-treverien-treverien,195 000,Treverien 35190,90,,4
"Maison individuelle, 5 chambres, 1 bureau, grand terrain, dépendances",https://www.etreproprio.com/immobilier-22852459-vente-maison-individuelle-5-chambres-1-bureau-grand-terrain-dependances-treverien,296 800,Treverien 35190,227,3 246,10
Maison 270m² à treverien,https://www.etreproprio.com/immobilier-22288716-vente-maison-270m-a-treverien-treverien,85 000,Treverien 35190,270,1 100,8
Maison à rénover,https://www.etreproprio.com/immobilier-21817846-vente-maison-a-renover-treverien,95 000,Treverien 35190,98,400,2
"Maison de 118 m2 avec 4 chambres, garage et jardin",https://www.etreproprio.com/immobilier-23877260-vente-maison-de-118-m2-avec-4-chambres-garage-et-jardin-val-d-ize,288 850,Val-D'ize 35450,118,595,5
"Charmante maison en pierres au val-d'izé – 3 pièces, 70 m² environ",https://www.etreproprio.com/immobilier-23851217-vente-charmante-maison-en-pierres-au-val-d-ize-3-pieces-70-m-environ-val-d-ize,133 000,Val-D'ize 35450,70,30,4
Maison 115m² à val-d'ize,https://www.etreproprio.com/immobilier-22893421-vente-maison-115m-a-val-d-ize-val-d-ize,315 000,Val-D'ize 35450,116,22 027,6
Maison 120m² à val-d'ize,https://www.etreproprio.com/immobilier-23816394-vente-maison-120m-a-val-d-ize-val-d-ize,262 500,Val-D'ize 35450,121,1 580,4
Maison 108m² à val-d'izé,https://www.etreproprio.com/immobilier-23794850-vente-maison-108m-a-val-d-ize-val-d-ize,261 000,Val-D'ize 35450,108,324,6
Propriété équestre,https://www.etreproprio.com/immobilier-23772813-vente-propriete-equestre-val-d-ize,465 000,Val-D'ize 35450,165,42 546,8
Maison 122m² à val-d'ize,https://www.etreproprio.com/immobilier-23065213-vente-maison-122m-a-val-d-ize-val-d-ize,206 000,Val-D'ize 35450,122,108,7
Maison 165m² à val-d'ize,https://www.etreproprio.com/immobilier-23646736-vente-maison-165m-a-val-d-ize-val-d-ize,467 250,Val-D'ize 35450,165,42 000,8
Val d'ize - maison - a vendre,https://www.etreproprio.com/immobilier-23488443-vente-val-d-ize-maison-a-vendre-val-d-ize,209 900,Val-D'ize 35450,91,154,5
Maison val d ize 7 pièce(s) 140 m2,https://www.etreproprio.com/immobilier-22746436-vente-maison-val-d-ize-7-pieces-140-m2-val-d-ize,270 400,Val-D'ize 35450,140,646,7
Val d'ize - maison - a vendre,https://www.etreproprio.com/immobilier-22740870-vente-val-d-ize-maison-a-vendre-val-d-ize,269 900,Val-D'ize 35450,147,646,7
Maison val d ize 6 pièce(s) 141.34 m2,https://www.etreproprio.com/immobilier-23420702-vente-maison-val-d-ize-6-pieces-14134-m2-val-d-ize,341 000,Val-D'ize 35450,141,806,6
Val d'ize - maison - a vendre,https://www.etreproprio.com/immobilier-23230618-vente-val-d-ize-maison-a-vendre-val-d-ize,219 900,Val-D'ize 35450,94,275,5
Maison plain-pied- 117 m² - 4 chambres- terrasse couverte-  259 300 euros hai,https://www.etreproprio.com/immobilier-22657354-vente-maison-plain-pied-117-m-4-chambres-terrasse-couverte-259-300-euros-hai-val-d-ize,259 300,Val-D'ize 35450,117,557,5
Maison 268m² à val-d'ize,https://www.etreproprio.com/immobilier-22577968-vente-maison-268m-a-val-d-ize-val-d-ize,259 000,Val-D'ize 35450,268,12 307,4
"Sanary sur mer, maison 4 pièces neuve avec jardin",https://www.etreproprio.com/immobilier-23912891-vente-sanary-sur-mer-maison-4-pieces-neuve-avec-jardin-sanary-sur-mer,498 000,Sanary-Sur-Mer 83110,96,266,4
Viager occupé politg hameau paisible de camelas,https://www.etreproprio.com/immobilier-23913721-vente-viager-occupe-politg-hameau-paisible-de-camelas-camelas,43 000,Camelas 66300,102,1 474,4
Maison 280m² à monbazillac,https://www.etreproprio.com/immobilier-23912550-vente-maison-280m-a-monbazillac-monbazillac,659 000,Monbazillac 24240,280,3 685,6
Maison 175m² à darney,https://www.etreproprio.com/immobilier-23914299-vente-maison-175m-a-darney-darney,50 000,Darney 88260,175,,6
Maison familiale du début du 20eme siècle,https://www.etreproprio.com/immobilier-23912124-vente-maison-familiale-du-debut-du-20eme-siecle-meudon,1 081 700,Meudon 92190,145,290,9
Maison 240m² à saint-paul,https://www.etreproprio.com/immobilier-23913269-vente-maison-240m-a-saint-paul-saint-paul,1 850 000,Saint-Paul 97434,240,750,9
Maison 84m² à saint-sylvain-d'anjou,https://www.etreproprio.com/immobilier-23914043-vente-maison-84m-a-saint-sylvain-d-anjou-saint-sylvain-d-anjou,312 900,Saint-Sylvain-D'anjou 49480,84,,4
Maison de ville  90m²,https://www.etreproprio.com/immobilier-23913162-vente-maison-de-ville-90m-le-petit-quevilly,180 000,Le Petit-Quevilly 76140,90,,4
Maison située à chatou de 148 m² sur 558 m² de terrain,https://www.etreproprio.com/immobilier-23913020-vente-maison-situee-a-chatou-de-148-m-sur-558-m-de-terrain-chatou,875 000,Chatou 78400,148,558,5
Maison 135m² à saint-jean-de-vedas,https://www.etreproprio.com/immobilier-23913968-vente-maison-135m-a-saint-jean-de-vedas-saint-jean-de-vedas,549 000,Saint-Jean-De-Vedas 34430,135,320,5
Maison 130m² à orly,https://www.etreproprio.com/immobilier-23913499-vente-maison-130m-a-orly-orly,599 000,Orly 94310,130,357,6
Maison 90m² à naours,https://www.etreproprio.com/immobilier-23513515-vente-maison-90m-a-naours-naours,84 000,Naours 80260,90,,3
Maison  terrain 302m²  secteur saint-andré mont-saint-aignan (76130),https://www.etreproprio.com/immobilier-23913172-vente-maison-terrain-302m-secteur-saint-andre-mont-saint-aignan-76130-mont-saint-aignan,179 000,Mont-Saint-Aignan 76130,50,302,3
Maison 204m² à la caillere-saint-hilaire,https://www.etreproprio.com/immobilier-23457645-vente-maison-204m-a-la-caillere-saint-hilaire-la-caillere-saint-hilaire,189 900,La Caillere-Saint-Hilaire 85410,204,5 078,9
Maison 111m² à la chapelle-sur-loire,https://www.etreproprio.com/immobilier-23914228-vente-maison-111m-a-la-chapelle-sur-loire-la-chapelle-sur-loire,195 000,La Chapelle-Sur-Loire 37140,111,1 220,5
Maison 103m² à lieurey,https://www.etreproprio.com/immobilier-23913633-vente-maison-103m-a-lieurey-lieurey,269 000,Lieurey 27560,103,1 737,5
Maison 5 pièces 90 m2,https://www.etreproprio.com/immobilier-23912445-vente-maison-5-pieces-90-m2-le-bois-robert,189 157,Le Bois-Robert 76590,90,1 092,5
Maison 165m² à wervicq-sud,https://www.etreproprio.com/immobilier-23385420-vente-maison-165m-a-wervicq-sud-wervicq-sud,339 000,Wervicq-Sud 59117,165,509,5
Maison 96m² à saint-etienne-du-rouvray,https://www.etreproprio.com/immobilier-23913254-vente-maison-96m-a-saint-etienne-du-rouvray-saint-etienne-du-rouvray,232 000,Saint-Etienne-Du-Rouvray 76800,96,494,4
Vergeal - vendu - maison,https://www.etreproprio.com/immobilier-23807386-vente-vergeal-vendu-maison-vergeal,275 990,Vergeal 35680,160,1 065,7
Maison de plain-pied,https://www.etreproprio.com/immobilier-23686568-vente-maison-de-plain-pied-le-verger,210 400,Le Verger 35160,90,1 053,5
Maison 138m² à saint-nazaire,https://www.etreproprio.com/immobilier-23913277-vente-maison-138m-a-saint-nazaire-saint-nazaire,840 000,Saint-Nazaire 44600,138,432,4
Bien d'exception maison individuelle de 140m2 4 chambres,https://www.etreproprio.com/immobilier-23912836-vente-bien-d-exception-maison-individuelle-de-140m2-4-chambres-fameck,375 000,Fameck 57290,141,,7
Maison 120m² à colombes,https://www.etreproprio.com/immobilier-23913717-vente-maison-120m-a-colombes-colombes,620 000,Colombes 92700,120,195,4
Maison 77m² à mazamet,https://www.etreproprio.com/immobilier-23912351-vente-maison-77m-a-mazamet-mazamet,110 000,Mazamet 81200,77,600,4
Villa t4 avec piscine,https://www.etreproprio.com/immobilier-23913924-vente-villa-t4-avec-piscine-caumont-sur-durance,454 000,Caumont-Sur-Durance 84510,120,1 200,4
Maison d'exception 10 pièces de plus de 300 m2 vue mer,https://www.etreproprio.com/immobilier-23912912-vente-maison-d-exception-10-pieces-de-plus-de-300-m2-vue-mer-le-castellet,2 100 000,Le Castellet 83330,316,1 705,10
Maison 330m² à bailly-romainvilliers,https://www.etreproprio.com/immobilier-23912680-vente-maison-330m-a-bailly-romainvilliers-bailly-romainvilliers,1 100 000,Bailly-Romainvilliers 77700,330,1 296,10
Maison 117m² à floirac,https://www.etreproprio.com/immobilier-23913603-vente-maison-117m-a-floirac-floirac,425 000,Floirac 33270,117,275,6
Maison briollay 4 pièce(s) 94 m2,https://www.etreproprio.com/immobilier-23913750-vente-maison-briollay-4-pieces-94-m2-briollay,264 200,Briollay 49125,94,459,4
Maison 118m² à chaulnes,https://www.etreproprio.com/immobilier-23912418-vente-maison-118m-a-chaulnes-chaulnes,142 950,Chaulnes 80320,119,486,6
Maison 4 pièces 61 m2,https://www.etreproprio.com/immobilier-23913405-vente-maison-4-pieces-61-m2-mouilleron-le-captif,179 951,Mouilleron-Le-Captif 85000,61,434,4
Villa 4 pieces 53 m2 / piscine / 3 chambres (34110 vic la gardiole),https://www.etreproprio.com/immobilier-23913094-vente-villa-4-pieces-53-m2-piscine-3-chambres-34110-vic-la-gardiole-vic-la-gardiole,223 000,Vic-La-Gardiole 34110,53,88,4
Maison 4 pièces 61 m2,https://www.etreproprio.com/immobilier-23912496-vente-maison-4-pieces-61-m2-saint-jean-du-cardonnay,173 134,Saint-Jean-Du-Cardonnay 76150,61,400,4
Maison 136m² à sainte-menehould,https://www.etreproprio.com/immobilier-23914039-vente-maison-136m-a-sainte-menehould-sainte-menehould,205 000,Sainte-Menehould 51800,136,835,7
Maison 110m² à la colle-sur-loup,https://www.etreproprio.com/immobilier-23912353-vente-maison-110m-a-la-colle-sur-loup-la-colle-sur-loup,699 000,La Colle-Sur-Loup 06480,110,1 750,
2 gîtes et un ancien moulin à eau,https://www.etreproprio.com/immobilier-23912287-vente-2-gites-et-un-ancien-moulin-a-eau-saint-jean-d-angely,371 000,Saint-Jean-D'angely 17400,180,,5
Charmante maison  bihorel (76420)  limite jouvenet,https://www.etreproprio.com/immobilier-23913185-vente-charmante-maison-bihorel-76420-limite-jouvenet-bihorel,298 000,Bihorel 76420,84,342,4
Maison le val saint germain 12 pièce(s),https://www.etreproprio.com/immobilier-23913846-vente-maison-le-val-saint-germain-12-pieces-le-val-saint-germain,1 495 000,Le Val-Saint-Germain 91530,696,5 589,12
Maison 90m² à neuvic-entier,https://www.etreproprio.com/immobilier-23913664-vente-maison-90m-a-neuvic-entier-neuvic-entier,56 000,Neuvic-Entier 87130,90,5 418,3
Maison 104m² à vern-sur-seiche,https://www.etreproprio.com/immobilier-23914216-vente-maison-104m-a-vern-sur-seiche-vern-sur-seiche,299 000,Vern-Sur-Seiche 35770,104,523,5
Maison 112m² à vern-sur-seiche,https://www.etreproprio.com/immobilier-23909582-vente-maison-112m-a-vern-sur-seiche-vern-sur-seiche,298 900,Vern-Sur-Seiche 35770,112,523,5
Maison 198m² à vern-sur-seiche,https://www.etreproprio.com/immobilier-23890856-vente-maison-198m-a-vern-sur-seiche-vern-sur-seiche,562 000,Vern-Sur-Seiche 35770,198,2 899,7
Maison au fort potentiel,https://www.etreproprio.com/immobilier-23876865-vente-maison-au-fort-potentiel-vern-sur-seiche,229 840,Vern-Sur-Seiche 35770,160,1 400,6
Maison type t5 vern-sur-seiche,https://www.etreproprio.com/immobilier-23802507-vente-maison-type-t5-vern-sur-seiche-vern-sur-seiche,434 900,Vern-Sur-Seiche 35770,131,,5
à 5 minutes de rennes – propriété rare sur environ 8 000 m² avec maison + dépendances à fort potentiel,https://www.etreproprio.com/immobilier-23787466-vente-a-5-minutes-de-rennes-propriete-rare-sur-environ-8-000-m-avec-maison-dependances-a-fort-potentiel-vern-sur-seiche,435 000,Vern-Sur-Seiche 35770,86,12 000,5
Maison t4 - vern-sur-seiche,https://www.etreproprio.com/immobilier-23767096-vente-maison-t4-vern-sur-seiche-vern-sur-seiche,274 275,Vern-Sur-Seiche 35770,90,,4
Maison vern sur seiche de  7 pièce(s) 195 m2,https://www.etreproprio.com/immobilier-23755190-vente-maison-vern-sur-seiche-de-7-pieces-195-m2-vern-sur-seiche,693 000,Vern-Sur-Seiche 35770,195,476,7
Maison vern sur seiche 7 pièce(s) 200 m2,https://www.etreproprio.com/immobilier-23754872-vente-maison-vern-sur-seiche-7-pieces-200-m2-vern-sur-seiche,719 250,Vern-Sur-Seiche 35770,200,1 870,8
Maison 120m² à vern-sur-seiche,https://www.etreproprio.com/immobilier-23724371-vente-maison-120m-a-vern-sur-seiche-vern-sur-seiche,386 000,Vern-Sur-Seiche 35770,120,,7
Maison 98m² à vern-sur-seiche,https://www.etreproprio.com/immobilier-23719896-vente-maison-98m-a-vern-sur-seiche-vern-sur-seiche,338 500,Vern-Sur-Seiche 35770,98,252,5
Maison 126m² à vern-sur-seiche,https://www.etreproprio.com/immobilier-23710978-vente-maison-126m-a-vern-sur-seiche-vern-sur-seiche,378 000,Vern-Sur-Seiche 35770,127,371,6
Maison 96m² à vern-sur-seiche,https://www.etreproprio.com/immobilier-23702648-vente-maison-96m-a-vern-sur-seiche-vern-sur-seiche,335 000,Vern-Sur-Seiche 35770,96,251,4
Maison - vern sur seiche -  contemporain - lumière - piscine - sobriété - 5 minutes poterie,https://www.etreproprio.com/immobilier-23658418-vente-maison-vern-sur-seiche-contemporain-lumiere-piscine-sobriete-5-minutes-poterie-vern-sur-seiche,638 670,Vern-Sur-Seiche 35770,185,619,6
Maison 100m² à vern-sur-seiche,https://www.etreproprio.com/immobilier-23526107-vente-maison-100m-a-vern-sur-seiche-vern-sur-seiche,320 850,Vern-Sur-Seiche 35770,100,318,5
Maison 149m² à vern-sur-seiche,https://www.etreproprio.com/immobilier-23619979-vente-maison-149m-a-vern-sur-seiche-vern-sur-seiche,388 000,Vern-Sur-Seiche 35770,149,341,7
Maison 105m² à vern-sur-seiche,https://www.etreproprio.com/immobilier-23591817-vente-maison-105m-a-vern-sur-seiche-vern-sur-seiche,337 000,Vern-Sur-Seiche 35770,105,353,5
"Vern sur seiche hors lotissement, belle maison traditionnelle de 170m² sur 2700m² de terrain avec 5 chambres et dépendance de 60",https://www.etreproprio.com/immobilier-23533898-vente-vern-sur-seiche-hors-lotissement-belle-maison-traditionnelle-de-170m-sur-2700m-de-terrain-avec-5-chambres-et-dependance-de-60-vern-sur-seiche,579 600,Vern-Sur-Seiche 35770,170,2 700,7
Maison avec hangar,https://www.etreproprio.com/immobilier-23485662-vente-maison-avec-hangar-vern-sur-seiche,936 000,Vern-Sur-Seiche 35770,210,4 057,8
Superbe longère de 145 m2 proche toutes commodités,https://www.etreproprio.com/immobilier-23484061-vente-superbe-longere-de-145-m2-proche-toutes-commodites-vern-sur-seiche,479 000,Vern-Sur-Seiche 35770,145,4 300,6
Vezin-le-coquet ? maison en impasse ? 153 m² habitables ? 7 chambres ? fort potentiel !,https://www.etreproprio.com/immobilier-23889778-vente-vezin-le-coquet-maison-en-impasse-153-m-habitables-7-chambres-fort-potentiel-vezin-le-coquet,295 830,Vezin-Le-Coquet 35132,153,450,8
Vezin le coquet emplacement rare hyper centre pour cette belle maison non mitoyenne avec 5 chs et ss-sol complet !,https://www.etreproprio.com/immobilier-22643322-vente-vezin-le-coquet-emplacement-rare-hyper-centre-pour-cette-belle-maison-non-mitoyenne-avec-5-chs-et-ss-sol-complet-vezin-le-coquet,475 500,Vezin-Le-Coquet 35132,152,900,7
Vezin-le-coquet,https://www.etreproprio.com/immobilier-23817148-vente-vezin-le-coquet-vezin-le-coquet,353 600,Vezin-Le-Coquet 35132,99,506,5
Maison vezin le coquet 131.81 m2,https://www.etreproprio.com/immobilier-23755693-vente-maison-vezin-le-coquet-13181-m2-vezin-le-coquet,286 700,Vezin-Le-Coquet 35132,130,1 489,7
Maison vezin le coquet 5 pièces 120 m2,https://www.etreproprio.com/immobilier-23114434-vente-maison-vezin-le-coquet-5-pieces-120-m2-vezin-le-coquet,399 500,Vezin-Le-Coquet 35132,120,522,5
Maison 102m² à vezin-le-coquet,https://www.etreproprio.com/immobilier-22682950-vente-maison-102m-a-vezin-le-coquet-vezin-le-coquet,320 000,Vezin-Le-Coquet 35132,102,202,5
Maison 212m² à vezin-le-coquet,https://www.etreproprio.com/immobilier-23602481-vente-maison-212m-a-vezin-le-coquet-vezin-le-coquet,520 000,Vezin-Le-Coquet 35132,212,430,9
Maison 96m² à vezin-le-coquet,https://www.etreproprio.com/immobilier-23590132-vente-maison-96m-a-vezin-le-coquet-vezin-le-coquet,299 250,Vezin-Le-Coquet 35132,96,227,5
Maison 144m² à vezin-le-coquet,https://www.etreproprio.com/immobilier-23135261-vente-maison-144m-a-vezin-le-coquet-vezin-le-coquet,354 000,Vezin-Le-Coquet 35132,144,209,5
Maison 150m² à vezin-le-coquet,https://www.etreproprio.com/immobilier-23467428-vente-maison-150m-a-vezin-le-coquet-vezin-le-coquet,472 500,Vezin-Le-Coquet 35132,150,640,7
Maison 163m² à vezin-le-coquet,https://www.etreproprio.com/immobilier-21967579-vente-maison-163m-a-vezin-le-coquet-vezin-le-coquet,345 000,Vezin-Le-Coquet 35132,163,575,7
Maison 212m² à vezin-le-coquet,https://www.etreproprio.com/immobilier-22285845-vente-maison-212m-a-vezin-le-coquet-vezin-le-coquet,523 950,Vezin-Le-Coquet 35132,212,430,9
Maison 151m² à vezin-le-coquet,https://www.etreproprio.com/immobilier-22635131-vente-maison-151m-a-vezin-le-coquet-vezin-le-coquet,476 100,Vezin-Le-Coquet 35132,152,893,6
Maison 141m² à vezin-le-coquet,https://www.etreproprio.com/immobilier-23161061-vente-maison-141m-a-vezin-le-coquet-vezin-le-coquet,383 900,Vezin-Le-Coquet 35132,141,231,5
Maison 151m² à vezin-le-coquet,https://www.etreproprio.com/immobilier-23108814-vente-maison-151m-a-vezin-le-coquet-vezin-le-coquet,499 900,Vezin-Le-Coquet 35132,152,890,6
Maison 122m² à vezin-le-coquet,https://www.etreproprio.com/immobilier-23075010-vente-maison-122m-a-vezin-le-coquet-vezin-le-coquet,334 900,Vezin-Le-Coquet 35132,122,261,5
Maison 163m² à vezin-le-coquet,https://www.etreproprio.com/immobilier-21769658-vente-maison-163m-a-vezin-le-coquet-vezin-le-coquet,355 000,Vezin-Le-Coquet 35132,163,,8
Maison 149m2 5 chambres terrasse ouest,https://www.etreproprio.com/immobilier-22153043-vente-maison-149m2-5-chambres-terrasse-ouest-vezin-le-coquet,400 000,Vezin-Le-Coquet 35132,149,,7
Maison 169m² à vezin-le-coquet,https://www.etreproprio.com/immobilier-21967573-vente-maison-169m-a-vezin-le-coquet-vezin-le-coquet,499 000,Vezin-Le-Coquet 35132,169,1 219,7
Maison t7 vezin-le-coquet,https://www.etreproprio.com/immobilier-20207967-vente-maison-t7-vezin-le-coquet-vezin-le-coquet,499 000,Vezin-Le-Coquet 35132,185,1 219,7
Maison contemporaine 216m2 vue bois de soeuvres vern sur seiche,https://www.etreproprio.com/immobilier-22969425-vente-maison-contemporaine-216m2-vue-bois-de-soeuvres-vern-sur-seiche-vern-sur-seiche,799 900,Vern-Sur-Seiche 35770,216,1 350,7
"Vern sur seiche, maison hors lotissement de 140m² sur 2450m² de terrain plein sud à 3 minutes du bus et 10 minutes du bourg !",https://www.etreproprio.com/immobilier-23406973-vente-vern-sur-seiche-maison-hors-lotissement-de-140m-sur-2450m-de-terrain-plein-sud-a-3-minutes-du-bus-et-10-minutes-du-bourg-vern-sur-seiche,496 800,Vern-Sur-Seiche 35770,140,2 450,6
Maison 400m² à vern-sur-seiche,https://www.etreproprio.com/immobilier-23362388-vente-maison-400m-a-vern-sur-seiche-vern-sur-seiche,654 000,Vern-Sur-Seiche 35770,400,1 200,10
Maison 170m² à vern-sur-seiche,https://www.etreproprio.com/immobilier-23291550-vente-maison-170m-a-vern-sur-seiche-vern-sur-seiche,558 700,Vern-Sur-Seiche 35770,170,560,7
Maison 167m² à vern-sur-seiche,https://www.etreproprio.com/immobilier-23191394-vente-maison-167m-a-vern-sur-seiche-vern-sur-seiche,589 000,Vern-Sur-Seiche 35770,167,561,6
"Maison au calme proche bourg, double garage",https://www.etreproprio.com/immobilier-23137864-vente-maison-au-calme-proche-bourg-double-garage-vern-sur-seiche,599 000,Vern-Sur-Seiche 35770,210,827,9
Maison en impasse proche toutes commodités,https://www.etreproprio.com/immobilier-23094670-vente-maison-en-impasse-proche-toutes-commodites-vern-sur-seiche,362 000,Vern-Sur-Seiche 35770,156,396,8
Maison 200m² à vern-sur-seiche,https://www.etreproprio.com/immobilier-23047128-vente-maison-200m-a-vern-sur-seiche-vern-sur-seiche,719 250,Vern-Sur-Seiche 35770,200,1 870,7
Maison au coeur du centre ville,https://www.etreproprio.com/immobilier-22728880-vente-maison-au-coeur-du-centre-ville-vern-sur-seiche,484 100,Vern-Sur-Seiche 35770,190,1 200,7
Maison 177m² à vern-sur-seiche,https://www.etreproprio.com/immobilier-22433403-vente-maison-177m-a-vern-sur-seiche-vern-sur-seiche,521 000,Vern-Sur-Seiche 35770,177,1 713,7
Maison récente 172 m² à vern-sur-seiche,https://www.etreproprio.com/immobilier-22018779-vente-maison-recente-172-m-a-vern-sur-seiche-vern-sur-seiche,505 000,Vern-Sur-Seiche 35770,172,610,7
Élégante maison familiale avec piscine et prestations haut de gamme aux portes de rennes,https://www.etreproprio.com/immobilier-21289530-vente-elegante-maison-familiale-avec-piscine-et-prestations-haut-de-gamme-aux-portes-de-rennes-vern-sur-seiche,715 825,Vern-Sur-Seiche 35770,196,1 870,7
Maison 115m² à vern-sur-seiche,https://www.etreproprio.com/immobilier-21571918-vente-maison-115m-a-vern-sur-seiche-vern-sur-seiche,294 000,Vern-Sur-Seiche 35770,116,668,5
Propriété de caractère aux portes de rennes,https://www.etreproprio.com/immobilier-21520519-vente-propriete-de-caractere-aux-portes-de-rennes-vern-sur-seiche,1 397 000,Vern-Sur-Seiche 35770,400,10 000,13
Maison 130m² à montlignon,https://www.etreproprio.com/immobilier-23912267-vente-maison-130m-a-montlignon-montlignon,530 000,Montlignon 95680,130,,5
Maison 100m² à vineuil,https://www.etreproprio.com/immobilier-23913225-vente-maison-100m-a-vineuil-vineuil,220 000,Vineuil 41350,100,1 239,5
Maison plein centre saint quentin,https://www.etreproprio.com/immobilier-23912093-vente-maison-plein-centre-saint-quentin-saint-quentin,96 000,Saint-Quentin 02100,103,20,5
Maison 115m² à maisons-alfort,https://www.etreproprio.com/immobilier-23912567-vente-maison-115m-a-maisons-alfort-maisons-alfort,660 000,Maisons-Alfort 94700,115,400,4
Maison 160m² à saint-mamert-du-gard,https://www.etreproprio.com/immobilier-21746241-vente-maison-160m-a-saint-mamert-du-gard-saint-mamert-du-gard,217 000,Saint-Mamert-Du-Gard 30730,160,300,6
Maison 92m² à biganos,https://www.etreproprio.com/immobilier-23363326-vente-maison-92m-a-biganos-biganos,329 300,Biganos 33380,92,550,4
"Exclusivité, villa vue mer à la cadière d'azur.",https://www.etreproprio.com/immobilier-23912950-vente-exclusivite-villa-vue-mer-a-la-cadiere-d-azur-la-cadiere-d-azur,840 000,La Cadiere-D'azur 83740,157,2 930,6
Maison 83m² à antogny-le-tillac,https://www.etreproprio.com/immobilier-23912396-vente-maison-83m-a-antogny-le-tillac-antogny-le-tillac,45 000,Antogny-Le-Tillac 37800,83,817,4
Maison 171m² à jau-dignac-et-loirac,https://www.etreproprio.com/immobilier-23913981-vente-maison-171m-a-jau-dignac-et-loirac-jau-dignac-et-loirac,150 000,Jau-Dignac-Et-Loirac 33590,171,405,5
Maison - quai de la fontaine,https://www.etreproprio.com/immobilier-23912191-vente-maison-quai-de-la-fontaine-nimes,529 000,Nimes 30900,108,800,5
Maison 6 pièces 111 m2,https://www.etreproprio.com/immobilier-23912782-vente-maison-6-pieces-111-m2-blois,282 344,Blois 41000,111,450,6
Maison 95m² à pire-sur-seiche,https://www.etreproprio.com/immobilier-23914270-vente-maison-95m-a-pire-sur-seiche-pire-sur-seiche,234 900,Pire-Sur-Seiche 35150,95,422,4
Maison 137m² à saint-leu,https://www.etreproprio.com/immobilier-23913271-vente-maison-137m-a-saint-leu-saint-leu,840 000,Saint-Leu 97436,137,950,5
Maison 132m² à corcelles-en-beaujolais,https://www.etreproprio.com/immobilier-23912574-vente-maison-132m-a-corcelles-en-beaujolais-corcelles-en-beaujolais,190 000,Corcelles-En-Beaujolais 69220,132,450,5
Maison 139m² à sorbey,https://www.etreproprio.com/immobilier-23914132-vente-maison-139m-a-sorbey-sorbey,217 000,Sorbey 55230,139,,7
Maison 5 pièces 90 m2,https://www.etreproprio.com/immobilier-23913389-vente-maison-5-pieces-90-m2-angles,196 791,Angles 85750,90,385,5
Maison 140m² à pont-saint-esprit,https://www.etreproprio.com/immobilier-23914148-vente-maison-140m-a-pont-saint-esprit-pont-saint-esprit,225 000,Pont-Saint-Esprit 30130,140,203,5
Maison 83m² à saint-fons,https://www.etreproprio.com/immobilier-23912651-vente-maison-83m-a-saint-fons-saint-fons,259 000,Saint-Fons 69190,83,248,4
Maison 105m² à le mans,https://www.etreproprio.com/immobilier-23914262-vente-maison-105m-a-le-mans-le-mans,237 000,Le Mans 72000,105,97,4
Longere renovee proche de rennes 8 pieces 155m2,https://www.etreproprio.com/immobilier-18580690-vente-longere-renovee-proche-de-rennes-8-pieces-155m2-vezin-le-coquet,420 000,Vezin-Le-Coquet 35132,155,575,7
Maison 139m² à vieux-viel,https://www.etreproprio.com/immobilier-23667124-vente-maison-139m-a-vieux-viel-vieux-viel,295 000,Vieux-Viel 35610,139,2 043,8
A vendre - ensemble immobilier - baie du mont st michel,https://www.etreproprio.com/immobilier-22426257-vente-a-vendre-ensemble-immobilier-baie-du-mont-st-michel-vieux-viel,409 500,Vieux-Viel 35610,380,422,11
Longère historique à rénover dans un cadre exceptionnel,https://www.etreproprio.com/immobilier-23839815-vente-longere-historique-a-renover-dans-un-cadre-exceptionnel-vieux-vy-sur-couesnon,408 720,Vieux-Vy-Sur-Couesnon 35490,380,4 300,3
Dépendance 215 m² à rénover  sur deux niveaux terrain 2100 m²,https://www.etreproprio.com/immobilier-22739470-vente-dependance-215-m-a-renover-sur-deux-niveaux-terrain-2100-m-vieux-vy-sur-couesnon,188 640,Vieux-Vy-Sur-Couesnon 35490,215,2 100,
Maison 110m² à vieux-vy-sur-couesnon,https://www.etreproprio.com/immobilier-21729851-vente-maison-110m-a-vieux-vy-sur-couesnon-vieux-vy-sur-couesnon,230 780,Vieux-Vy-Sur-Couesnon 35490,110,2 174,5
À vendre – maison avec grand hangar et 3 hectares de terrain,https://www.etreproprio.com/immobilier-23586032-vente-a-vendre-maison-avec-grand-hangar-et-3-hectares-de-terrain-vieux-vy-sur-couesnon,335 000,Vieux-Vy-Sur-Couesnon 35490,156,30 000,9
Maison en pierres à rénover terrain environ 1000m²,https://www.etreproprio.com/immobilier-23354398-vente-maison-en-pierres-a-renover-terrain-environ-1000m-vieux-vy-sur-couesnon,78 000,Vieux-Vy-Sur-Couesnon 35490,120,1 000,3
Maison 79m² à vieux-vy-sur-couesnon,https://www.etreproprio.com/immobilier-23253390-vente-maison-79m-a-vieux-vy-sur-couesnon-vieux-vy-sur-couesnon,152 000,Vieux-Vy-Sur-Couesnon 35490,79,101,5
À vendre – maison avec grand hangar et terrain clôturé,https://www.etreproprio.com/immobilier-22922479-vente-a-vendre-maison-avec-grand-hangar-et-terrain-cloture-vieux-vy-sur-couesnon,323 000,Vieux-Vy-Sur-Couesnon 35490,156,9 299,9
Maison 44m² à vieux-vy-sur-couesnon,https://www.etreproprio.com/immobilier-22366141-vente-maison-44m-a-vieux-vy-sur-couesnon-vieux-vy-sur-couesnon,34 900,Vieux-Vy-Sur-Couesnon 35490,44,934,1
Château 19 e siècle  21 pièces 8400 m² de parc,https://www.etreproprio.com/immobilier-20373177-vente-chateau-19-e-siecle-21-pieces-8400-m-de-parc-vieux-vy-sur-couesnon,1 938 800,Vieux-Vy-Sur-Couesnon 35490,360,8 387,21
Maison 6 pièces de plain-pied de 186 m2 avec t2 indépendant,https://www.etreproprio.com/immobilier-23912933-vente-maison-6-pieces-de-plain-pied-de-186-m2-avec-t2-independant-la-cadiere-d-azur,1 680 000,La Cadiere-D'azur 83740,186,5 000,6
Maison 5 pièces 69 m2,https://www.etreproprio.com/immobilier-23912752-vente-maison-5-pieces-69-m2-chouzy-sur-cisse,147 683,Chouzy-Sur-Cisse 41150,69,422,5
Maison le cellier (6 pièces) 129.00m2,https://www.etreproprio.com/immobilier-23913867-vente-maison-le-cellier-6-pieces-12900m2-le-cellier,291 000,Le Cellier 44850,128,2 211,6
Maison 117m² à oberschaeffolsheim,https://www.etreproprio.com/immobilier-23913627-vente-maison-117m-a-oberschaeffolsheim-oberschaeffolsheim,250 000,Oberschaeffolsheim 67203,117,73,4
Maison plain-pied  saint-etienne-du-rouvray (76800),https://www.etreproprio.com/immobilier-23913079-vente-maison-plain-pied-saint-etienne-du-rouvray-76800-saint-etienne-du-rouvray,210 000,Saint-Etienne-Du-Rouvray 76800,94,370,5
Maison 129m² à saint-avertin,https://www.etreproprio.com/immobilier-23914151-vente-maison-129m-a-saint-avertin-saint-avertin,577 500,Saint-Avertin 37550,129,681,6
Maison 4 pièces 61 m2,https://www.etreproprio.com/immobilier-23913419-vente-maison-4-pieces-61-m2-la-roche-sur-yon,155 351,La Roche-Sur-Yon 85000,61,299,4
Maison 180m² à dury,https://www.etreproprio.com/immobilier-23473657-vente-maison-180m-a-dury-dury,542 000,Dury 80480,180,1 232,6
Maison 96m² à mezilles,https://www.etreproprio.com/immobilier-23914179-vente-maison-96m-a-mezilles-mezilles,145 000,Mezilles 89130,96,725,4
Maison 134m² à bazoges-en-pareds,https://www.etreproprio.com/immobilier-23913658-vente-maison-134m-a-bazoges-en-pareds-bazoges-en-pareds,153 700,Bazoges-En-Pareds 85390,134,1 085,5
Maison 216m² à aix-la-fayette,https://www.etreproprio.com/immobilier-23914144-vente-maison-216m-a-aix-la-fayette-aix-la-fayette,239 000,Aix-La-Fayette 63980,216,3 835,8
Maison 99m² à bulles,https://www.etreproprio.com/immobilier-23914194-vente-maison-99m-a-bulles-bulles,183 000,Bulles 60130,99,884,4
Maison 95m² à coulommiers,https://www.etreproprio.com/immobilier-23912874-vente-maison-95m-a-coulommiers-coulommiers,180 000,Coulommiers 77120,95,2 112,4
Maison familiale de 176 m2 à portissol,https://www.etreproprio.com/immobilier-23912914-vente-maison-familiale-de-176-m2-a-portissol-sanary-sur-mer,2 195 000,Sanary-Sur-Mer 83110,195,1 000,6
Parc de bury,https://www.etreproprio.com/immobilier-23912269-vente-parc-de-bury-margency,575 000,Margency 95580,143,650,6
"Maison d'architecte de 261 m2  - elégance, lumière et belles prestations à 12 mn du rer",https://www.etreproprio.com/immobilier-23913013-vente-maison-d-architecte-de-261-m2-elegance-lumiere-et-belles-prestations-a-12-mn-du-rer-chatou,1 750 000,Chatou 78400,261,523,7
Maison 150m² à saint-esteve,https://www.etreproprio.com/immobilier-23912397-vente-maison-150m-a-saint-esteve-saint-esteve,310 000,Saint-Esteve 66240,150,314,7
Maison 5 pièces 92 m2,https://www.etreproprio.com/immobilier-23912764-vente-maison-5-pieces-92-m2-neuvy-le-roi,162 376,Neuvy-Le-Roi 37370,92,552,5
Maison 250m² à charbonnieres-les-bains,https://www.etreproprio.com/immobilier-23912681-vente-maison-250m-a-charbonnieres-les-bains-charbonnieres-les-bains,1 793 000,Charbonnieres-Les-Bains 69260,250,2 000,7
"""shizu"" - trégunc - maison d'architecte de 327 m²",https://www.etreproprio.com/immobilier-23913775-vente-shizu-tregunc-maison-d-architecte-de-327-m-tregunc,1 139 600,Tregunc 29910,327,2 265,8
Maison 143m² à vignoc,https://www.etreproprio.com/immobilier-22333422-vente-maison-143m-a-vignoc-vignoc,476 000,Vignoc 35630,143,1 021,6
Maison 142m² à vignoc,https://www.etreproprio.com/immobilier-23821689-vente-maison-142m-a-vignoc-vignoc,476 000,Vignoc 35630,142,1 021,6
Maison langouet 5 pièce(s) 141 m2,https://www.etreproprio.com/immobilier-23741016-vente-maison-langouet-5-pieces-141-m2-vignoc,366 800,Vignoc 35630,141,1 409,7
Maison 118m² à vignoc,https://www.etreproprio.com/immobilier-23685150-vente-maison-118m-a-vignoc-vignoc,336 500,Vignoc 35630,118,309,5
"Maison familiale 4 chambres , 98 m² , jardin et garage , vignoc",https://www.etreproprio.com/immobilier-23445025-vente-maison-familiale-4-chambres-98-m-jardin-et-garage-vignoc-vignoc,277 700,Vignoc 35630,98,259,5
Maison 160m² à vignoc,https://www.etreproprio.com/immobilier-23376496-vente-maison-160m-a-vignoc-vignoc,340 000,Vignoc 35630,160,12 183,7
Demeure d'exception de 238m2 proche vignoc,https://www.etreproprio.com/immobilier-23197050-vente-demeure-d-exception-de-238m2-proche-vignoc-vignoc,689 700,Vignoc 35630,238,,8
Maison 5 chambres - 160 m² - beau terrain de 975 m² - vignoc,https://www.etreproprio.com/immobilier-22695912-vente-maison-5-chambres-160-m-beau-terrain-de-975-m-vignoc-vignoc,298 600,Vignoc 35630,160,975,6
Maison vignoc 7 pièce(s) 139.6 m2,https://www.etreproprio.com/immobilier-22497786-vente-maison-vignoc-7-pieces-1396-m2-vignoc,410 800,Vignoc 35630,140,2 313,7
Maison familiale 6 pièces - vignoc - 149 m² habitables,https://www.etreproprio.com/immobilier-22497820-vente-maison-familiale-6-pieces-vignoc-149-m-habitables-vignoc,452 400,Vignoc 35630,149,440,6
Maison familiale non mitoyenne de 170 m² à vignoc sur terrain de 469 m² avec garage,https://www.etreproprio.com/immobilier-21839523-vente-maison-familiale-non-mitoyenne-de-170-m-a-vignoc-sur-terrain-de-469-m-avec-garage-vignoc,525 000,Vignoc 35630,170,,7
Vente maison vignoc(35630) 209 000ï¿œ,https://www.etreproprio.com/immobilier-21290735-vente-vente-maison-vignoc35630-209-000i-oe-vignoc,209 000,Vignoc 35630,84,737,3
Maison 6 pièces 175 m2,https://www.etreproprio.com/immobilier-17377442-vente-maison-6-pieces-175-m2-vignoc,489 600,Vignoc 35630,175,,6
Maison 142m² à courtenay,https://www.etreproprio.com/immobilier-23912345-vente-maison-142m-a-courtenay-courtenay,238 000,Courtenay 45320,142,2 176,5
Maison 4 pièces 73 m2,https://www.etreproprio.com/immobilier-23912751-vente-maison-4-pieces-73-m2-nouzilly,154 742,Nouzilly 37380,73,428,4
Maison d'architecte rénovée de 165 m2 habitables à 10 minutes à pied du centre-ville et des plages,https://www.etreproprio.com/immobilier-23912917-vente-maison-d-architecte-renovee-de-165-m2-habitables-a-10-minutes-a-pied-du-centre-ville-et-des-plages-bandol,1 499 000,Bandol 83150,165,746,6
Vente maison avec dépendance uzès à pieds,https://www.etreproprio.com/immobilier-23912299-vente-vente-maison-avec-dependance-uzes-a-pieds-uzes,775 000,Uzes 30700,230,1 576,10
Villa 5 pièces   150 m2 au total   entraigues-sur-la-sorgue,https://www.etreproprio.com/immobilier-23913930-vente-villa-5-pieces-150-m2-au-total-entraigues-sur-la-sorgue-entraigues-sur-la-sorgue,549 000,Entraigues-Sur-La-Sorgue 84320,150,820,5
Maison 4 pièces 61 m2,https://www.etreproprio.com/immobilier-23912788-vente-maison-4-pieces-61-m2-saint-paterne-racan,122 062,Saint-Paterne-Racan 37370,61,967,4
Maison 280m² à la begude-de-mazenc,https://www.etreproprio.com/immobilier-23912592-vente-maison-280m-a-la-begude-de-mazenc-la-begude-de-mazenc,745 000,La Begude-De-Mazenc 26160,280,11 000,7
Maison 4 pièces 61 m2,https://www.etreproprio.com/immobilier-23912797-vente-maison-4-pieces-61-m2-naveil,150 142,Naveil 41100,61,842,4
Maison 85m² à vulaines-sur-seine,https://www.etreproprio.com/immobilier-23914107-vente-maison-85m-a-vulaines-sur-seine-vulaines-sur-seine,265 000,Vulaines-Sur-Seine 77870,85,631,5
Maison 98m² à saint-zacharie,https://www.etreproprio.com/immobilier-22595482-vente-maison-98m-a-saint-zacharie-saint-zacharie,456 600,Saint-Zacharie 83640,98,455,5
"Villa neuve à la turbie – proche de monaco avec jacuzzi, jardin privatif et stationnements",https://www.etreproprio.com/immobilier-23912402-vente-villa-neuve-a-la-turbie-proche-de-monaco-avec-jacuzzi-jardin-privatif-et-stationnements-la-turbie,630 000,La Turbie 06320,73,74,3
Maison 54m² à balagny-sur-therain,https://www.etreproprio.com/immobilier-23914278-vente-maison-54m-a-balagny-sur-therain-balagny-sur-therain,102 000,Balagny-Sur-Therain 60250,54,169,3
Maison 171m² à valence,https://www.etreproprio.com/immobilier-23913007-vente-maison-171m-a-valence-valence,692 000,Valence 26000,171,919,5
Maison 4 pièces 61 m2,https://www.etreproprio.com/immobilier-23912487-vente-maison-4-pieces-61-m2-morgny-la-pommeraye,166 634,Morgny-La-Pommeraye 76750,61,534,4
Maison 92m² à coueron,https://www.etreproprio.com/immobilier-23914072-vente-maison-92m-a-coueron-coueron,392 000,Coueron 44220,92,,4
Maison individuelle  129m²  mont-saint-aignan  quartier saint-andré,https://www.etreproprio.com/immobilier-23913170-vente-maison-individuelle-129m-mont-saint-aignan-quartier-saint-andre-mont-saint-aignan,315 000,Mont-Saint-Aignan 76130,129,565,6
Montesson limite le vesinet - maison familiale de 204 m² - proche seine à 18 minutes à pied du rer,https://www.etreproprio.com/immobilier-23913015-vente-montesson-limite-le-vesinet-maison-familiale-de-204-m-proche-seine-a-18-minutes-a-pied-du-rer-montesson,848 000,Montesson 78360,204,645,8
Villa 5 pieces  3 chambres  piscine  murviel-lès-montpellier (34570),https://www.etreproprio.com/immobilier-23913098-vente-villa-5-pieces-3-chambres-piscine-murviel-les-montpellier-34570-murviel-les-montpellier,530 000,Murviel-Les-Montpellier 34570,140,,6
Maison de charme avec dépendances et grand jardin – à 5 min de l’a84,https://www.etreproprio.com/immobilier-23193433-vente-maison-de-charme-avec-dependances-et-grand-jardin-a-5-min-de-l-a84-villamee,98 000,Villamee 35420,106,2 450,4
Maison 95m² à villamee,https://www.etreproprio.com/immobilier-23031565-vente-maison-95m-a-villamee-villamee,126 000,Villamee 35420,95,1 460,5
A vendre grange à réhabiliter villamée 1 pièce 75 m²,https://www.etreproprio.com/immobilier-23276589-vente-a-vendre-grange-a-rehabiliter-villamee-1-piece-75-m-villamee,57 500,Villamee 35420,75,10 966,1
Maison villamée 7 pièce(s) 231 m2,https://www.etreproprio.com/immobilier-23057363-vente-maison-villamee-7-pieces-231-m2-villamee,257 000,Villamee 35420,230,1 692,7
Maison 155m² à villamee,https://www.etreproprio.com/immobilier-22661720-vente-maison-155m-a-villamee-villamee,259 000,Villamee 35420,155,7 421,9
Maison 94m² à la ville-ès-nonais,https://www.etreproprio.com/immobilier-23075656-vente-maison-94m-a-la-ville-es-nonais-la-ville-es-nonais,434 600,La Ville-Es-Nonais 35430,94,400,3
La ville es nonais  maison de plain-pied 3 chambres,https://www.etreproprio.com/immobilier-23741392-vente-la-ville-es-nonais-maison-de-plain-pied-3-chambres-la-ville-es-nonais,272 480,La Ville-Es-Nonais 35430,77,291,4
Maison 155m² à la ville-es-nonais,https://www.etreproprio.com/immobilier-23065227-vente-maison-155m-a-la-ville-es-nonais-la-ville-es-nonais,259 000,La Ville-Es-Nonais 35430,155,152,6
Maison 350m² à la ville-es-nonais,https://www.etreproprio.com/immobilier-23703259-vente-maison-350m-a-la-ville-es-nonais-la-ville-es-nonais,979 000,La Ville-Es-Nonais 35430,350,1 323,7
La ville es nonais - exclusivite,https://www.etreproprio.com/immobilier-23628039-vente-la-ville-es-nonais-exclusivite-la-ville-es-nonais,197 000,La Ville-Es-Nonais 35430,52,299,3
– chalet en bois à la ville-es-nonais - 83 m²,https://www.etreproprio.com/immobilier-21696956-vente-chalet-en-bois-a-la-ville-es-nonais-83-m-la-ville-es-nonais,157 100,La Ville-Es-Nonais 35430,57,,3
Maison la ville es nonais 3 pièce(s) 93 m2,https://www.etreproprio.com/immobilier-21343726-vente-maison-la-ville-es-nonais-3-pieces-93-m2-la-ville-es-nonais,169 000,La Ville-Es-Nonais 35430,93,,3
"Coup de coeur – maison non mitoyenne avec jardin arboré, au calme",https://www.etreproprio.com/immobilier-23793517-vente-coup-de-coeur-maison-non-mitoyenne-avec-jardin-arbore-au-calme-visseiche,156 000,Visseiche 35130,85,,5
Maison 87m² à visseiche,https://www.etreproprio.com/immobilier-23640268-vente-maison-87m-a-visseiche-visseiche,199 900,Visseiche 35130,87,865,5
Maison 80m² à visseiche,https://www.etreproprio.com/immobilier-23508754-vente-maison-80m-a-visseiche-visseiche,65 000,Visseiche 35130,80,1 000,2
Maison 100m² à visseiche,https://www.etreproprio.com/immobilier-23512341-vente-maison-100m-a-visseiche-visseiche,159 900,Visseiche 35130,100,16 751,5
Maison rénovée sur sous-sol!,https://www.etreproprio.com/immobilier-23693769-vente-maison-renovee-sur-sous-sol-vitre,241 500,Vitre 35500,137,1 400,7
A vendre maison 6 pièces à vitré 149 m²- 438 900  hai,https://www.etreproprio.com/immobilier-23901827-vente-a-vendre-maison-6-pieces-a-vitre-149-m-438-900-hai-vitre,438 900,Vitre 35500,149,420,6
A vendre maison 5 pièces à vitre 96 m² - 323 000  hai,https://www.etreproprio.com/immobilier-23889810-vente-a-vendre-maison-5-pieces-a-vitre-96-m-323-000-hai-vitre,323 000,Vitre 35500,96,340,5
A vendre maison à vitre 5 pièces 125 m² - 329 700  hai,https://www.etreproprio.com/immobilier-23870104-vente-a-vendre-maison-a-vitre-5-pieces-125-m-329-700-hai-vitre,329 700,Vitre 35500,125,630,5
Vendu- maison de ville - vitre,https://www.etreproprio.com/immobilier-23860071-vente-vendu-maison-de-ville-vitre-vitre,332 800,Vitre 35500,113,152,5
A vendre maison 5 pièces à vitre 105 m² - 225 700  hai,https://www.etreproprio.com/immobilier-23860453-vente-a-vendre-maison-5-pieces-a-vitre-105-m-225-700-hai-vitre,225 700,Vitre 35500,105,93,5
Maison 430m² à vitre,https://www.etreproprio.com/immobilier-22616473-vente-maison-430m-a-vitre-vitre,983 000,Vitre 35500,430,1 735,12
Maison 103m² à vitre,https://www.etreproprio.com/immobilier-23583002-vente-maison-103m-a-vitre-vitre,231 000,Vitre 35500,103,1 045,5
Maison 170m² à vitré,https://www.etreproprio.com/immobilier-23839248-vente-maison-170m-a-vitre-vitre,551 200,Vitre 35500,170,1 700,6
A vendre maison 7 pièces à vitré 7 pièces 170 m² - 551 200  hai,https://www.etreproprio.com/immobilier-23841605-vente-a-vendre-maison-7-pieces-a-vitre-7-pieces-170-m-551-200-hai-vitre,551 200,Vitre 35500,170,1 695,7
A vendre maison vitré 6 pièces 154 m² - 415 000  hai,https://www.etreproprio.com/immobilier-23841606-vente-a-vendre-maison-vitre-6-pieces-154-m-415-000-hai-vitre,415 000,Vitre 35500,154,769,6
Maison 81m² à vitré,https://www.etreproprio.com/immobilier-23839249-vente-maison-81m-a-vitre-vitre,240 350,Vitre 35500,81,287,5
Vente maison vitre(35500) 399 000ï¿œ,https://www.etreproprio.com/immobilier-23826327-vente-vente-maison-vitre35500-399-000i-oe-vitre,399 000,Vitre 35500,144,460,7
A vendre maison 5 pièces à vitre 5 pièces 125.92 m² - 386 400  hai,https://www.etreproprio.com/immobilier-23817554-vente-a-vendre-maison-5-pieces-a-vitre-5-pieces-12592-m-386-400-hai-vitre,386 400,Vitre 35500,126,275,5
Vitre - vendu - maison,https://www.etreproprio.com/immobilier-23807384-vente-vitre-vendu-maison-vitre,285 900,Vitre 35500,123,1 340,6
Maison 7 pièces,https://www.etreproprio.com/immobilier-23813340-vente-maison-7-pieces-vitre,399 000,Vitre 35500,144,460,7
Vitre - maison - vendu,https://www.etreproprio.com/immobilier-23807385-vente-vitre-maison-vendu-vitre,294 000,Vitre 35500,129,404,5
Vitre - vendu - maison,https://www.etreproprio.com/immobilier-23807383-vente-vitre-vendu-maison-vitre,133 900,Vitre 35500,45,38,3
Maison 264m² à vitre,https://www.etreproprio.com/immobilier-23779981-vente-maison-264m-a-vitre-vitre,540 000,Vitre 35500,264,1 234,7
Maison 142m² à gareoult,https://www.etreproprio.com/immobilier-23541576-vente-maison-142m-a-gareoult-gareoult,439 000,Gareoult 83136,142,1 655,5
Belle maison familiale  bihorel (76240),https://www.etreproprio.com/immobilier-23913080-vente-belle-maison-familiale-bihorel-76240-bihorel,379 000,Bihorel 76420,130,,6
Bages produit rare maison t6/7 avec deux garage piscine et vue sur les etangs,https://www.etreproprio.com/immobilier-23912398-vente-bages-produit-rare-maison-t67-avec-deux-garage-piscine-et-vue-sur-les-etangs-bages,940 000,Bages 11100,205,459,6
Maison  de ville en pierre  -terrasse plein sud,https://www.etreproprio.com/immobilier-23912346-vente-maison-de-ville-en-pierre-terrasse-plein-sud-agen,265 000,Agen 47000,170,32,6
"Vente maison de village entre nîmes, avignon, uzès",https://www.etreproprio.com/immobilier-23912305-vente-vente-maison-de-village-entre-nimes-avignon-uzes-ledenon,378 000,Ledenon 30210,160,,6
Maison 4 pièces 67 m2,https://www.etreproprio.com/immobilier-23912754-vente-maison-4-pieces-67-m2-semblancay,160 343,Semblancay 37360,67,410,4
Maison 1000m² à saint-denis-les-martel,https://www.etreproprio.com/immobilier-23914166-vente-maison-1000m-a-saint-denis-les-martel-saint-denis-les-martel,1 990 000,Saint-Denis-Les-Martel 46600,1 000,75 000,30
Eguilles - maison 150m² sur beau terrain arboré de 6 300m²,https://www.etreproprio.com/immobilier-23912975-vente-eguilles-maison-150m-sur-beau-terrain-arbore-de-6-300m-eguilles,1 250 000,Eguilles 13510,150,6 300,5
Maison 164m² à antony,https://www.etreproprio.com/immobilier-23913005-vente-maison-164m-a-antony-antony,720 000,Antony 92160,164,270,7
Maison atypique avec piscine  5 chambres,https://www.etreproprio.com/immobilier-23913126-vente-maison-atypique-avec-piscine-5-chambres-gouy,735 000,Gouy 76520,300,1 042,8
Neuf - duplex t3 de 60m2 au 1er et dernier étage avec terrasse et parking,https://www.etreproprio.com/immobilier-23912155-vente-neuf-duplex-t3-de-60m2-au-1er-et-dernier-etage-avec-terrasse-et-parking-eaunes,228 600,Eaunes 31600,60,,3
"Maison individuelle 6 pièces  167 m²  avec volumes, potentiel et batiment annexe  darnetal 76160",https://www.etreproprio.com/immobilier-23913156-vente-maison-individuelle-6-pieces-167-m-avec-volumes-potentiel-et-batiment-annexe-darnetal-76160-darnetal,279 000,Darnetal 76160,167,486,6
Maison 93m² à bonnieres-sur-seine,https://www.etreproprio.com/immobilier-23913305-vente-maison-93m-a-bonnieres-sur-seine-bonnieres-sur-seine,215 000,Bonnieres-Sur-Seine 78270,93,517,4
Maison 4 pièces à rénover + toiture et charpentes neuves !,https://www.etreproprio.com/immobilier-23912347-vente-maison-4-pieces-a-renover-toiture-et-charpentes-neuves-layrac,75 000,Layrac 47390,150,100,4
A découvrir flayosc cette jolie villa f8 200m piscine terrasse sur 1448m terrain 495000€ dpe d,https://www.etreproprio.com/immobilier-23913299-vente-a-decouvrir-flayosc-cette-jolie-villa-f8-200m-piscine-terrasse-sur-1448m-terrain-495000-dpe-d-flayosc,495 000,Flayosc 83780,200,1 448,6
Maison 117m² à sainte-maure-de-touraine,https://www.etreproprio.com/immobilier-23542675-vente-maison-117m-a-sainte-maure-de-touraine-sainte-maure-de-touraine,189 000,Sainte-Maure-De-Touraine 37800,117,700,5
Maison ligné (7 pièces) 164.97m2,https://www.etreproprio.com/immobilier-23912136-vente-maison-ligne-7-pieces-16497m2-le-cellier,314 500,Le Cellier 44850,165,4 636,7
Maison 63m² à berck,https://www.etreproprio.com/immobilier-23914098-vente-maison-63m-a-berck-berck,219 900,Berck 62600,63,175,3
Vente maison auray(56400) 438 900ï¿œ,https://www.etreproprio.com/immobilier-23912531-vente-vente-maison-auray56400-438-900i-oe-auray,438 900,Auray 56400,204,343,7
Maison familliale vitre,https://www.etreproprio.com/immobilier-23761436-vente-maison-familliale-vitre-vitre,447 200,Vitre 35500,169,409,6
Propriété à vendre 12 pièces vitre (35),https://www.etreproprio.com/immobilier-22142198-vente-propriete-a-vendre-12-pieces-vitre-35-vitre,705 000,Vitre 35500,273,18 270,12
A vendre maison 6 pièces à vitré 175 m² - 618 800  hai,https://www.etreproprio.com/immobilier-23721978-vente-a-vendre-maison-6-pieces-a-vitre-175-m-618-800-hai-vitre,618 800,Vitre 35500,175,736,6
Maison 160m² à vitre,https://www.etreproprio.com/immobilier-23312050-vente-maison-160m-a-vitre-vitre,100 000,Vitre 35500,160,1 646,6
Maison 165m² à vitré,https://www.etreproprio.com/immobilier-23709960-vente-maison-165m-a-vitre-vitre,551 000,Vitre 35500,165,520,8
A vendre maison 7 pièces à vitré 222 m² - 624 500  hai,https://www.etreproprio.com/immobilier-23709659-vente-a-vendre-maison-7-pieces-a-vitre-222-m-624-500-hai-vitre,624 500,Vitre 35500,222,1 003,7
Maison 236m² à vitre,https://www.etreproprio.com/immobilier-22637075-vente-maison-236m-a-vitre-vitre,300 000,Vitre 35500,237,14 825,10
Maison 86m² à vitre,https://www.etreproprio.com/immobilier-23698725-vente-maison-86m-a-vitre-vitre,278 250,Vitre 35500,87,320,4
A vendre maison 6 pièces à vitre 150 m² - 468 000  hai,https://www.etreproprio.com/immobilier-22763545-vente-a-vendre-maison-6-pieces-a-vitre-150-m-468-000-hai-vitre,468 000,Vitre 35500,150,424,6
Maison - a vendre - vitre,https://www.etreproprio.com/immobilier-23627383-vente-maison-a-vendre-vitre-vitre,166 800,Vitre 35500,73,430,3
Maison 75m² à vitre,https://www.etreproprio.com/immobilier-23239531-vente-maison-75m-a-vitre-vitre,227 500,Vitre 35500,75,612,4
Maison 106m² à vitre,https://www.etreproprio.com/immobilier-23655035-vente-maison-106m-a-vitre-vitre,231 000,Vitre 35500,106,510,4
Vitre - vendu - maison,https://www.etreproprio.com/immobilier-23659027-vente-vitre-vendu-maison-vitre,374 400,Vitre 35500,136,538,6
"En exclusivité, maison de plain-pied de 130m2 4 chambres",https://www.etreproprio.com/immobilier-22929876-vente-en-exclusivite-maison-de-plain-pied-de-130m2-4-chambres-vitre,269 900,Vitre 35500,130,,6
Maison  2 pièce(s) 52 m2,https://www.etreproprio.com/immobilier-20779967-vente-maison-2-pieces-52-m2-vitre,150 000,Vitre 35500,52,202,2
Vitre - maison - a vendre,https://www.etreproprio.com/immobilier-23627381-vente-vitre-maison-a-vendre-vitre,329 900,Vitre 35500,123,440,6
Maison 73m² à vitré,https://www.etreproprio.com/immobilier-23626436-vente-maison-73m-a-vitre-vitre,168 800,Vitre 35500,73,430,3
Vendu- maison de ville - vitre,https://www.etreproprio.com/immobilier-23618585-vente-vendu-maison-de-ville-vitre-vitre,332 800,Vitre 35500,113,152,5
Vitre - a vendre - maison,https://www.etreproprio.com/immobilier-23618588-vente-vitre-a-vendre-maison-vitre,358 600,Vitre 35500,110,434,6
Maison 119m² à vitre,https://www.etreproprio.com/immobilier-23621077-vente-maison-119m-a-vitre-vitre,290 000,Vitre 35500,119,520,5
Maison 140m² à le vivier-sur-mer,https://www.etreproprio.com/immobilier-23791030-vente-maison-140m-a-le-vivier-sur-mer-le-vivier-sur-mer,535 000,Le Vivier-Sur-Mer 35960,140,1 106,4
Maison 134m² à le vivier-sur-mer,https://www.etreproprio.com/immobilier-23045258-vente-maison-134m-a-le-vivier-sur-mer-le-vivier-sur-mer,446 250,Le Vivier-Sur-Mer 35960,135,1 660,5
Maison 116m² à le vivier-sur-mer,https://www.etreproprio.com/immobilier-23669846-vente-maison-116m-a-le-vivier-sur-mer-le-vivier-sur-mer,362 700,Le Vivier-Sur-Mer 35960,116,712,6
Maison 56m² à le vivier-sur-mer,https://www.etreproprio.com/immobilier-23656837-vente-maison-56m-a-le-vivier-sur-mer-le-vivier-sur-mer,172 500,Le Vivier-Sur-Mer 35960,56,373,2
Le vivier sur mer,https://www.etreproprio.com/immobilier-20628592-vente-le-vivier-sur-mer-le-vivier-sur-mer,537 000,Le Vivier-Sur-Mer 35960,148,1 085,6
Maison type 4 à 5 mn pied de la mer - vendue louee,https://www.etreproprio.com/immobilier-23354414-vente-maison-type-4-a-5-mn-pied-de-la-mer-vendue-louee-le-vivier-sur-mer,196 100,Le Vivier-Sur-Mer 35960,107,668,4
Maison 140m² à le vivier-sur-mer,https://www.etreproprio.com/immobilier-23244301-vente-maison-140m-a-le-vivier-sur-mer-le-vivier-sur-mer,538 000,Le Vivier-Sur-Mer 35960,140,,4
Le vivier sur mer,https://www.etreproprio.com/immobilier-23216020-vente-le-vivier-sur-mer-le-vivier-sur-mer,478 518,Le Vivier-Sur-Mer 35960,150,1 660,5
Maison 56m² à le vivier-sur-mer,https://www.etreproprio.com/immobilier-23151673-vente-maison-56m-a-le-vivier-sur-mer-le-vivier-sur-mer,172 920,Le Vivier-Sur-Mer 35960,56,373,2
Maison 179m² à le vivier-sur-mer,https://www.etreproprio.com/immobilier-23144699-vente-maison-179m-a-le-vivier-sur-mer-le-vivier-sur-mer,407 000,Le Vivier-Sur-Mer 35960,179,,5
Maison  centre ville le vivier -sur- mer,https://www.etreproprio.com/immobilier-23025610-vente-maison-centre-ville-le-vivier-sur-mer-le-vivier-sur-mer,172 920,Le Vivier-Sur-Mer 35960,56,373,2
Maison 149m² à le vivier-sur-mer,https://www.etreproprio.com/immobilier-22006452-vente-maison-149m-a-le-vivier-sur-mer-le-vivier-sur-mer,479 850,Le Vivier-Sur-Mer 35960,149,1 660,6
Maison 116m² à le vivier-sur-mer,https://www.etreproprio.com/immobilier-22639758-vente-maison-116m-a-le-vivier-sur-mer-le-vivier-sur-mer,362 700,Le Vivier-Sur-Mer 35960,116,712,5
Le vivier sur mer,https://www.etreproprio.com/immobilier-22621122-vente-le-vivier-sur-mer-le-vivier-sur-mer,191 500,Le Vivier-Sur-Mer 35960,92,482,4
Maison 132m² à le vivier-sur-mer,https://www.etreproprio.com/immobilier-22473243-vente-maison-132m-a-le-vivier-sur-mer-le-vivier-sur-mer,210 000,Le Vivier-Sur-Mer 35960,132,506,6
Maison 150m² à le vivier-sur-mer,https://www.etreproprio.com/immobilier-22405323-vente-maison-150m-a-le-vivier-sur-mer-le-vivier-sur-mer,499 905,Le Vivier-Sur-Mer 35960,151,3 624,6
Le vivier sur mer,https://www.etreproprio.com/immobilier-22175220-vente-le-vivier-sur-mer-le-vivier-sur-mer,367 000,Le Vivier-Sur-Mer 35960,135,712,6
Vivier-sur-mer - belle demeure en pierres,https://www.etreproprio.com/immobilier-21820499-vente-vivier-sur-mer-belle-demeure-en-pierres-le-vivier-sur-mer,655 000,Le Vivier-Sur-Mer 35960,276,2 002,10
Maison proche bord de mer à 250 m des commerces,https://www.etreproprio.com/immobilier-21578757-vente-maison-proche-bord-de-mer-a-250-m-des-commerces-le-vivier-sur-mer,489 000,Le Vivier-Sur-Mer 35960,167,1 468,8
Le vivier sur mer demeure de charme 229 m²,https://www.etreproprio.com/immobilier-21743329-vente-le-vivier-sur-mer-demeure-de-charme-229-m-le-vivier-sur-mer,655 000,Le Vivier-Sur-Mer 35960,229,2 002,10
Maison 5 pièces 97 m2,https://www.etreproprio.com/immobilier-23912463-vente-maison-5-pieces-97-m2-yvetot,235 495,Yvetot 76190,97,684,5
"Ollioules, maison contemporaine  245 m2, vue mer",https://www.etreproprio.com/immobilier-23912922-vente-ollioules-maison-contemporaine-245-m2-vue-mer-ollioules,2 295 000,Ollioules 83190,244,1 545,6
Maison 4 pièces 61 m2,https://www.etreproprio.com/immobilier-23913412-vente-maison-4-pieces-61-m2-mouilleron-le-captif,177 535,Mouilleron-Le-Captif 85000,61,563,4
Maison 7 pièces 94 m2,https://www.etreproprio.com/immobilier-23912471-vente-maison-7-pieces-94-m2-sauchay,177 067,Sauchay 76630,94,700,7
Maison 135m² à gambais,https://www.etreproprio.com/immobilier-23913487-vente-maison-135m-a-gambais-gambais,620 000,Gambais 78950,135,800,6
Villa neuve 6 pièces • 171 m2 • terrain 1 173 m2,https://www.etreproprio.com/immobilier-23912210-vente-villa-neuve-6-pieces-171-m2-terrain-1-173-m2-nimes,925 000,Nimes 30900,171,1 173,5
Maison saint leger en yvelines 5 pièce(s),https://www.etreproprio.com/immobilier-23913684-vente-maison-saint-leger-en-yvelines-5-pieces-montfort-l-amaury,449 000,Montfort-L'amaury 78490,105,416,5
Maison 65m² à le havre,https://www.etreproprio.com/immobilier-23914122-vente-maison-65m-a-le-havre-le-havre,149 500,Le Havre 76600,65,50,3
Schoelcher vue mer – maison familiale 192 m² habitables – jardin – garage – sous-sol,https://www.etreproprio.com/immobilier-23913325-vente-schoelcher-vue-mer-maison-familiale-192-m-habitables-jardin-garage-sous-sol-schoelcher,547 000,Schoelcher 97233,193,,5
Maison 130m² à barjac,https://www.etreproprio.com/immobilier-23913949-vente-maison-130m-a-barjac-barjac,320 000,Barjac 30430,130,20,8
Maison 5 pièces 92 m2,https://www.etreproprio.com/immobilier-23912758-vente-maison-5-pieces-92-m2-epuisay,146 351,Epuisay 41360,92,673,5
Maison 5 pièces 92 m2,https://www.etreproprio.com/immobilier-23912465-vente-maison-5-pieces-92-m2-saint-pierre-de-varengeville,212 710,Saint-Pierre-De-Varengeville 76480,92,416,5
Grande maison familiale – saint-ail (54580),https://www.etreproprio.com/immobilier-23752887-vente-grande-maison-familiale-saint-ail-54580-saint-ail,344 000,Saint-Ail 54580,149,1 362,6
Maison individuelle 6 pièces  sottevilles-lès-rouen secteur les bruyères  100 m²,https://www.etreproprio.com/immobilier-23913200-vente-maison-individuelle-6-pieces-sottevilles-les-rouen-secteur-les-bruyeres-100-m-sotteville-les-rouen,215 000,Sotteville-Les-Rouen 76300,100,271,6
Maison 113m² à saint-brevin-les-pins,https://www.etreproprio.com/immobilier-23763124-vente-maison-113m-a-saint-brevin-les-pins-saint-brevin-les-pins,439 900,Saint-Brevin-Les-Pins 44250,113,560,4
Maison 111m² à vendargues,https://www.etreproprio.com/immobilier-23913604-vente-maison-111m-a-vendargues-vendargues,410 000,Vendargues 34740,111,409,5
Maison 403m² à quissac,https://www.etreproprio.com/immobilier-23912730-vente-maison-403m-a-quissac-quissac,630 000,Quissac 30260,403,1 560,8
Maison 165m² à goult,https://www.etreproprio.com/immobilier-22699251-vente-maison-165m-a-goult-goult,1 170 000,Goult 84220,165,,6
La plage à pied !,https://www.etreproprio.com/immobilier-23913898-vente-la-plage-a-pied-pornic,695 000,Pornic 44210,120,700,5
Maison de ville rénovée  belbeuf,https://www.etreproprio.com/immobilier-23913073-vente-maison-de-ville-renovee-belbeuf-belbeuf,172 000,Belbeuf 76240,85,,6
A vendre - vitre,https://www.etreproprio.com/immobilier-22599232-vente-a-vendre-vitre-vitre,379 900,Vitre 35500,140,413,5
Maison 140m² à vitre,https://www.etreproprio.com/immobilier-22259346-vente-maison-140m-a-vitre-vitre,378 000,Vitre 35500,140,413,5
Maison 75m² à vitre,https://www.etreproprio.com/immobilier-22904228-vente-maison-75m-a-vitre-vitre,190 000,Vitre 35500,75,1 097,4
A vendre maison 12 pièces à vitré 430 m² - 984 000  hai,https://www.etreproprio.com/immobilier-22351592-vente-a-vendre-maison-12-pieces-a-vitre-430-m-984-000-hai-vitre,984 000,Vitre 35500,430,1 735,12
Maison vitré plain pied 6 pièce(s) 234 m2-bien rare,https://www.etreproprio.com/immobilier-22121945-vente-maison-vitre-plain-pied-6-pieces-234-m2-bien-rare-vitre,696 800,Vitre 35500,234,868,6
Vitre - maison - a vendre,https://www.etreproprio.com/immobilier-22515505-vente-vitre-maison-a-vendre-vitre,289 900,Vitre 35500,73,1 445,4
Vitre - a vendre - maison,https://www.etreproprio.com/immobilier-22180554-vente-vitre-a-vendre-maison-vitre,689 900,Vitre 35500,234,860,7
A vendre maison 7 pièces à vitre 165 m² - 551 200  hai,https://www.etreproprio.com/immobilier-23567950-vente-a-vendre-maison-7-pieces-a-vitre-165-m-551-200-hai-vitre,551 200,Vitre 35500,165,476,7
Vente maison vitre(35500) 135 000ï¿œ,https://www.etreproprio.com/immobilier-21593682-vente-vente-maison-vitre35500-135-000i-oe-vitre,135 000,Vitre 35500,81,475,4
A vendre maison 7 pièces à vitré 170 m² - 476 000  hai,https://www.etreproprio.com/immobilier-20402941-vente-a-vendre-maison-7-pieces-a-vitre-170-m-476-000-hai-vitre,476 000,Vitre 35500,170,1 016,7
Maison 4 pièces 81m²,https://www.etreproprio.com/immobilier-21577782-vente-maison-4-pieces-81m-vitre,135 000,Vitre 35500,81,475,4
Maison 82m² à vitré,https://www.etreproprio.com/immobilier-23497653-vente-maison-82m-a-vitre-vitre,229 900,Vitre 35500,82,271,5
Maison 150m² à vitre,https://www.etreproprio.com/immobilier-22020424-vente-maison-150m-a-vitre-vitre,269 000,Vitre 35500,150,3 600,7
Maison 135m2 3 chambres entièrement rénovée,https://www.etreproprio.com/immobilier-23494579-vente-maison-135m2-3-chambres-entierement-renovee-vitre,489 900,Vitre 35500,135,400,5
Maison 170m² à vitré,https://www.etreproprio.com/immobilier-23487816-vente-maison-170m-a-vitre-vitre,476 000,Vitre 35500,170,1 016,6
Maison t4 vitre,https://www.etreproprio.com/immobilier-23485750-vente-maison-t4-vitre-vitre,229 700,Vitre 35500,72,501,4
Maison 210m² à vitre,https://www.etreproprio.com/immobilier-23477198-vente-maison-210m-a-vitre-vitre,605 000,Vitre 35500,210,4 797,8
"En exclusivité, longère de 152m2 3 chambres",https://www.etreproprio.com/immobilier-23475310-vente-en-exclusivite-longere-de-152m2-3-chambres-vitre,279 900,Vitre 35500,155,,7
Ensemble immobilier vitre 7 pièce(s) 202 m2,https://www.etreproprio.com/immobilier-23454425-vente-ensemble-immobilier-vitre-7-pieces-202-m2-vitre,214 020,Vitre 35500,202,,7
"En exclusivité, maison 118m2 4 chambres + 1 bureau",https://www.etreproprio.com/immobilier-23427618-vente-en-exclusivite-maison-118m2-4-chambres-1-bureau-vitre,227 900,Vitre 35500,116,,6
Maison 171m² à mont-de-marsan,https://www.etreproprio.com/immobilier-23912643-vente-maison-171m-a-mont-de-marsan-mont-de-marsan,249 000,Mont-De-Marsan 40000,171,800,7
Maison de plain pied à 3mn de la gare du vert galant,https://www.etreproprio.com/immobilier-23912323-vente-maison-de-plain-pied-a-3mn-de-la-gare-du-vert-galant-villepinte,260 000,Villepinte 93420,59,372,3
Maison 114m² à charonville,https://www.etreproprio.com/immobilier-23914285-vente-maison-114m-a-charonville-charonville,189 000,Charonville 28120,114,1 000,5
Maison rouen 4 pièce(s) 115 m2,https://www.etreproprio.com/immobilier-23909961-vente-maison-rouen-4-pieces-115-m2-rouen,299 900,Rouen 76000,115,218,4
Maison aix en provence 7 pièce(s) 185 m2,https://www.etreproprio.com/immobilier-23912970-vente-maison-aix-en-provence-7-pieces-185-m2-aix-en-provence,1 295 000,Aix-En-Provence 13090,185,1 500,7
"Propriété de charme à poujols  165 m² habitables, piscine, grand terrain et vue nature près du lac du salagou",https://www.etreproprio.com/immobilier-23913945-vente-propriete-de-charme-a-poujols-165-m-habitables-piscine-grand-terrain-et-vue-nature-pres-du-lac-du-salagou-poujols,695 000,Poujols 34700,145,3 838,6
Vue degagee,https://www.etreproprio.com/immobilier-23912261-vente-vue-degagee-andilly,795 000,Andilly 95580,216,,7
Maison 99m² à montner,https://www.etreproprio.com/immobilier-23913648-vente-maison-99m-a-montner-montner,178 000,Montner 66720,99,111,5
Maison 90m² à saint-esteve,https://www.etreproprio.com/immobilier-23914189-vente-maison-90m-a-saint-esteve-saint-esteve,146 000,Saint-Esteve 66240,90,,3
Maison 4 pièces 61 m2,https://www.etreproprio.com/immobilier-23913414-vente-maison-4-pieces-61-m2-le-poire-sur-vie,164 251,Le Poire-Sur-Vie 85170,61,368,4
Découvrez cette maison (individuelle) de 6 pièces située à le mesnil-esnard (76240) disponible en ve,https://www.etreproprio.com/immobilier-23913193-vente-decouvrez-cette-maison-individuelle-de-6-pieces-situee-a-le-mesnil-esnard-76240-disponible-en-ve-le-mesnil-esnard,448 800,Le Mesnil-Esnard 76240,170,1 153,6
Maison familiale 220 m²  mont-fortin bois-guillaume 76230,https://www.etreproprio.com/immobilier-23913187-vente-maison-familiale-220-m-mont-fortin-bois-guillaume-76230-bois-guillaume,644 000,Bois-Guillaume 76230,220,1 028,7
Maison 4 pièces 61 m2,https://www.etreproprio.com/immobilier-23912799-vente-maison-4-pieces-61-m2-villebarou,137 412,Villebarou 41000,61,1 579,4
Maison 62m² à saint-jean-de-braye,https://www.etreproprio.com/immobilier-23913236-vente-maison-62m-a-saint-jean-de-braye-saint-jean-de-braye,259 000,Saint-Jean-De-Braye 45800,62,120,3
Maison 195m² à vincey,https://www.etreproprio.com/immobilier-23912583-vente-maison-195m-a-vincey-vincey,450 000,Vincey 88450,195,2 030,7
Maison 5 pièces 92 m2,https://www.etreproprio.com/immobilier-23912756-vente-maison-5-pieces-92-m2-lussault-sur-loire,226 126,Lussault-Sur-Loire 37400,92,1 905,5
Maison 171m² à verrieres-le-buisson,https://www.etreproprio.com/immobilier-23912576-vente-maison-171m-a-verrieres-le-buisson-verrieres-le-buisson,750 000,Verrieres-Le-Buisson 91370,171,273,8
Maison 24m² à maurecourt,https://www.etreproprio.com/immobilier-23913220-vente-maison-24m-a-maurecourt-maurecourt,137 000,Maurecourt 78780,24,,2
Maison 77m² à laudun-l'ardoise,https://www.etreproprio.com/immobilier-23912399-vente-maison-77m-a-laudun-l-ardoise-laudun-l-ardoise,206 000,Laudun-L'ardoise 30290,77,1 124,4
"Maison a vendre au tronchet (35540) - 5 pièce(s) - 98,94 m2",https://www.etreproprio.com/immobilier-23881072-vente-maison-a-vendre-au-tronchet-35540-5-pieces-9894-m2-le-tronchet,187 075,Le Tronchet 35540,99,140,5
Maison 42m² à le tronchet,https://www.etreproprio.com/immobilier-23868596-vente-maison-42m-a-le-tronchet-le-tronchet,77 500,Le Tronchet 35540,42,285,1
Double garage- 355 m2 constructible,https://www.etreproprio.com/immobilier-22784266-vente-double-garage-355-m2-constructible-le-tronchet,49 500,Le Tronchet 35540,36,355,
"Spécial investisseur - maison 3 pièces acces pmr  au sein de la ""résidence du golf"" - 35540 le tronchet",https://www.etreproprio.com/immobilier-23604438-vente-special-investisseur-maison-3-pieces-acces-pmr-au-sein-de-la-residence-du-golf-35540-le-tronchet-le-tronchet,95 000,Le Tronchet 35540,48,20,3
Maison 133m² à le tronchet,https://www.etreproprio.com/immobilier-23490832-vente-maison-133m-a-le-tronchet-le-tronchet,323 500,Le Tronchet 35540,133,165,5
Maison de plain-pied,https://www.etreproprio.com/immobilier-23595806-vente-maison-de-plain-pied-le-tronchet,189 000,Le Tronchet 35540,50,397,3
Sous compromis - le tronchet - exclusivite !,https://www.etreproprio.com/immobilier-23290617-vente-sous-compromis-le-tronchet-exclusivite-le-tronchet,277 000,Le Tronchet 35540,121,1 600,5
Maison 140m² à le tronchet,https://www.etreproprio.com/immobilier-23221141-vente-maison-140m-a-le-tronchet-le-tronchet,210 000,Le Tronchet 35540,140,566,5
Maison 30m² à le tronchet,https://www.etreproprio.com/immobilier-19941336-vente-maison-30m-a-le-tronchet-le-tronchet,56 500,Le Tronchet 35540,30,,2
Maison le tronchet 2 pièce(s),https://www.etreproprio.com/immobilier-21626762-vente-maison-le-tronchet-2-pieces-le-tronchet,129 000,Le Tronchet 35540,150,8 643,2
Maison 40m² à le tronchet,https://www.etreproprio.com/immobilier-19941531-vente-maison-40m-a-le-tronchet-le-tronchet,75 000,Le Tronchet 35540,40,,3
Maison 127m² à le tronchet,https://www.etreproprio.com/immobilier-21515325-vente-maison-127m-a-le-tronchet-le-tronchet,451 500,Le Tronchet 35540,128,1 056,5
Maison 54m² à pont-pean,https://www.etreproprio.com/immobilier-23774801-vente-maison-54m-a-pont-pean-pont-pean,189 900,Pont-Pean 35131,54,529,3
Maison pont pean 6 pièces 220 m2,https://www.etreproprio.com/immobilier-23755503-vente-maison-pont-pean-6-pieces-220-m2-pont-pean,269 500,Pont-Pean 35131,211,5 868,6
Maison achat -vente,https://www.etreproprio.com/immobilier-23704900-vente-maison-achat-vente-pont-pean,279 450,Pont-Pean 35131,133,431,7
Maison 132m² à pont-pean,https://www.etreproprio.com/immobilier-23121728-vente-maison-132m-a-pont-pean-pont-pean,420 795,Pont-Pean 35131,132,1 119,7
Maison - pont-péan,https://www.etreproprio.com/immobilier-23421915-vente-maison-pont-pean-pont-pean,799 000,Pont-Pean 35131,263,3 282,10
Maison 4 chambres sur terrain de 668 m2,https://www.etreproprio.com/immobilier-23381051-vente-maison-4-chambres-sur-terrain-de-668-m2-pont-pean,398 475,Pont-Pean 35131,137,668,6
belle maison familiale à pont-péan – 5 chambres -140 m² habitables – jardin 450 m²,https://www.etreproprio.com/immobilier-23333501-vente-belle-maison-familiale-a-pont-pean-5-chambres-140-m-habitables-jardin-450-m-pont-pean,400 000,Pont-Pean 35131,140,450,6
Maison pont pean 6 pièce(s) 145m2,https://www.etreproprio.com/immobilier-23317449-vente-maison-pont-pean-6-pieces-145m2-pont-pean,356 320,Pont-Pean 35131,145,356,6
Maison de bourg 5 pièces 99 m² - pont-péan,https://www.etreproprio.com/immobilier-22879319-vente-maison-de-bourg-5-pieces-99-m-pont-pean-pont-pean,184 080,Pont-Pean 35131,99,410,5
Maison 120m² à pont-pean,https://www.etreproprio.com/immobilier-22200577-vente-maison-120m-a-pont-pean-pont-pean,n.c.,Pont-Pean 35131,120,2 500,7
Maison de caractère 6 pièces 123 m² - environnement campagne - pont-péan,https://www.etreproprio.com/immobilier-22199848-vente-maison-de-caractere-6-pieces-123-m-environnement-campagne-pont-pean-pont-pean,278 100,Pont-Pean 35131,123,2 601,6
Maison 128m² à pont-pean,https://www.etreproprio.com/immobilier-22448364-vente-maison-128m-a-pont-pean-pont-pean,388 500,Pont-Pean 35131,129,296,5
Maison 151m² à pont-pean,https://www.etreproprio.com/immobilier-22361039-vente-maison-151m-a-pont-pean-pont-pean,434 500,Pont-Pean 35131,151,453,5
Maison pont pean 7 pièces 211 m2,https://www.etreproprio.com/immobilier-21141961-vente-maison-pont-pean-7-pieces-211-m2-pont-pean,269 000,Pont-Pean 35131,211,5 868,7
Maison de caractère + appartement indépendant,https://www.etreproprio.com/immobilier-22015689-vente-maison-de-caractere-appartement-independant-pont-pean,270 000,Pont-Pean 35131,211,5 868,7
Maison 145m² à pont-pean,https://www.etreproprio.com/immobilier-21950662-vente-maison-145m-a-pont-pean-pont-pean,415 000,Pont-Pean 35131,146,1 422,7
Maison val d ize 6 pièce(s) 141.34 m2,https://www.etreproprio.com/immobilier-23420701-vente-maison-val-d-ize-6-pieces-14134-m2-vitre,341 000,Vitre 35500,141,806,6
Maison faite avec goût située à vitre 35500,https://www.etreproprio.com/immobilier-23427435-vente-maison-faite-avec-gout-situee-a-vitre-35500-vitre,362 250,Vitre 35500,189,,8
A vendre maison à vitre 5 pièces 95 m² - 178 400  hai,https://www.etreproprio.com/immobilier-23418925-vente-a-vendre-maison-a-vitre-5-pieces-95-m-178-400-hai-vitre,178 400,Vitre 35500,95,,5
Maison 130m² à vitre,https://www.etreproprio.com/immobilier-22899126-vente-maison-130m-a-vitre-vitre,217 350,Vitre 35500,130,645,1
Maison 228m² à vitré,https://www.etreproprio.com/immobilier-22892735-vente-maison-228m-a-vitre-vitre,379 000,Vitre 35500,228,2 675,9
A vendre maison à vitre 112 m² - 272 000  hai,https://www.etreproprio.com/immobilier-23357258-vente-a-vendre-maison-a-vitre-112-m-272-000-hai-vitre,272 000,Vitre 35500,112,214,4
Maison 188m² à vitre,https://www.etreproprio.com/immobilier-23327206-vente-maison-188m-a-vitre-vitre,367 500,Vitre 35500,189,543,8
A vendre maison 6 pièces à pocé les bois 130 m² - 399 900  hai,https://www.etreproprio.com/immobilier-23328398-vente-a-vendre-maison-6-pieces-a-poce-les-bois-130-m-399-900-hai-vitre,399 900,Vitre 35500,130,706,6
Maison louvigne de bais 7 pièce(s) 206 m2,https://www.etreproprio.com/immobilier-23302359-vente-maison-louvigne-de-bais-7-pieces-206-m2-vitre,330 000,Vitre 35500,206,272,7
A vendre maison 5 pièces à vitré 92 m² - 277 700  hai,https://www.etreproprio.com/immobilier-23301686-vente-a-vendre-maison-5-pieces-a-vitre-92-m-277-700-hai-vitre,277 700,Vitre 35500,92,169,5
Maison 107m² à vitre,https://www.etreproprio.com/immobilier-23289362-vente-maison-107m-a-vitre-vitre,159 900,Vitre 35500,107,1 154,5
Magnifique château style néo-renaissance   réf : 2025129,https://www.etreproprio.com/immobilier-23295112-vente-magnifique-chateau-style-neo-renaissance-ref-2025129-vitre,1 450 000,Vitre 35500,469,12 584,12
Maison 125m² à vitre,https://www.etreproprio.com/immobilier-22389558-vente-maison-125m-a-vitre-vitre,332 000,Vitre 35500,125,,6
Maison 183m² à vitre,https://www.etreproprio.com/immobilier-23256512-vente-maison-183m-a-vitre-vitre,609 000,Vitre 35500,183,1 219,7
Maison vitre 35500,https://www.etreproprio.com/immobilier-21918260-vente-maison-vitre-35500-vitre,244 900,Vitre 35500,88,585,4
Maison - vitre - a vendre,https://www.etreproprio.com/immobilier-21713080-vente-maison-vitre-a-vendre-vitre,280 500,Vitre 35500,153,685,7
Maison 92m² à vitre,https://www.etreproprio.com/immobilier-21919296-vente-maison-92m-a-vitre-vitre,234 900,Vitre 35500,93,458,5
Charmante maison familiale de 168 m² - châtillon-en-vendelais,https://www.etreproprio.com/immobilier-23214123-vente-charmante-maison-familiale-de-168-m-chatillon-en-vendelais-vitre,348 000,Vitre 35500,167,5 155,7
Maison vitre 5 pièce(s) 115 m2,https://www.etreproprio.com/immobilier-23194108-vente-maison-vitre-5-pieces-115-m2-vitre,343 200,Vitre 35500,113,544,5
Vitre 35500,https://www.etreproprio.com/immobilier-23186473-vente-vitre-35500-vitre,312 000,Vitre 35500,138,470,5
Pavillon 6 pièces de 130m2,https://www.etreproprio.com/immobilier-23912310-vente-pavillon-6-pieces-de-130m2-mitry-mory,345 000,Mitry-Mory 77290,130,347,6
Maison le cellier (5 pièces) 100.92m2,https://www.etreproprio.com/immobilier-23913876-vente-maison-le-cellier-5-pieces-10092m2-le-cellier,271 000,Le Cellier 44850,101,699,5
"Villa de 250m² sur terrain de 6300m² - les milles - luynes - piscine, poolhouse, double garage",https://www.etreproprio.com/immobilier-23912979-vente-villa-de-250m-sur-terrain-de-6300m-les-milles-luynes-piscine-poolhouse-double-garage-aix-en-provence,1 680 000,Aix-En-Provence 13290,250,6 300,7
Maison 122m² à sene,https://www.etreproprio.com/immobilier-23914221-vente-maison-122m-a-sene-sene,575 000,Sene 56860,122,355,6
Maison 250m² à bagneres-de-bigorre,https://www.etreproprio.com/immobilier-22031561-vente-maison-250m-a-bagneres-de-bigorre-bagneres-de-bigorre,275 000,Bagneres-De-Bigorre 65200,250,2 200,10
Maison 176m² à morsang-sur-orge,https://www.etreproprio.com/immobilier-22548751-vente-maison-176m-a-morsang-sur-orge-morsang-sur-orge,325 000,Morsang-Sur-Orge 91390,176,962,5
Maison 100m² à ardoix,https://www.etreproprio.com/immobilier-23914108-vente-maison-100m-a-ardoix-ardoix,230 000,Ardoix 07290,100,400,4
Maison 100m² à beychac-et-caillau,https://www.etreproprio.com/immobilier-23914176-vente-maison-100m-a-beychac-et-caillau-beychac-et-caillau,305 000,Beychac-Et-Caillau 33750,100,985,4
Barbizon  - plain pied,https://www.etreproprio.com/immobilier-23912309-vente-barbizon-plain-pied-barbizon,850 000,Barbizon 77630,199,5 914,7
Maison 143m² à conflans-sainte-honorine,https://www.etreproprio.com/immobilier-23913252-vente-maison-143m-a-conflans-sainte-honorine-conflans-sainte-honorine,467 000,Conflans-Sainte-Honorine 78700,143,510,7
Maison 5 pièces 97 m2,https://www.etreproprio.com/immobilier-23912457-vente-maison-5-pieces-97-m2-le-trait,209 495,Le Trait 76580,97,512,5
Maison de charme rénovée esprit loft avec piscine et volumes généreux  pézenas,https://www.etreproprio.com/immobilier-23913942-vente-maison-de-charme-renovee-esprit-loft-avec-piscine-et-volumes-genereux-pezenas-pezenas,795 000,Pezenas 34120,338,700,10
Maison 90m² à argeliers,https://www.etreproprio.com/immobilier-22565844-vente-maison-90m-a-argeliers-argeliers,219 000,Argeliers 11120,90,400,4
Maison 71m² à descartes,https://www.etreproprio.com/immobilier-22477131-vente-maison-71m-a-descartes-descartes,120 000,Descartes 37160,71,707,3
Maison 67m² à le petit-quevilly,https://www.etreproprio.com/immobilier-23913432-vente-maison-67m-a-le-petit-quevilly-le-petit-quevilly,168 900,Le Petit-Quevilly 76140,67,90,4
Maison 7 pièces 94 m2,https://www.etreproprio.com/immobilier-23912480-vente-maison-7-pieces-94-m2-martainville-epreville,187 267,Martainville-Epreville 76116,94,501,7
Maison d'architecte  7 pièces  193 m²,https://www.etreproprio.com/immobilier-23913122-vente-maison-d-architecte-7-pieces-193-m-les-authieux-sur-le-port-saint-ouen,495 000,Les Authieux-Sur-Le-Port-Saint-Ouen 76520,193,730,8
Maison 4 pièces 61 m2,https://www.etreproprio.com/immobilier-23913393-vente-maison-4-pieces-61-m2-angles,178 035,Angles 85750,61,456,4
Maison 196m² à oloron-sainte-marie,https://www.etreproprio.com/immobilier-22341207-vente-maison-196m-a-oloron-sainte-marie-oloron-sainte-marie,220 000,Oloron-Sainte-Marie 64400,196,2 400,8
Maison 102m² à beaumont-le-roger,https://www.etreproprio.com/immobilier-23913632-vente-maison-102m-a-beaumont-le-roger-beaumont-le-roger,118 500,Beaumont-Le-Roger 27170,102,1 231,5
Maison avec 3 chambres  a vendre a cavaillon,https://www.etreproprio.com/immobilier-23913954-vente-maison-avec-3-chambres-a-vendre-a-cavaillon-cavaillon,212 000,Cavaillon 84300,102,397,6
Maison le cellier (4 pièces) 77.30m2,https://www.etreproprio.com/immobilier-23913869-vente-maison-le-cellier-4-pieces-7730m2-le-cellier,239 600,Le Cellier 44850,78,292,4
Maison 154m² à gourbera,https://www.etreproprio.com/immobilier-23696569-vente-maison-154m-a-gourbera-gourbera,302 100,Gourbera 40990,155,10 000,7
Maison 70m² à lormaye,https://www.etreproprio.com/immobilier-23914140-vente-maison-70m-a-lormaye-lormaye,159 000,Lormaye 28210,70,117,4
Maison de village avec garage et remises,https://www.etreproprio.com/immobilier-23913919-vente-maison-de-village-avec-garage-et-remises-cabrieres,167 000,Cabrieres 34800,130,,8
Maison 61m² à montceau-les-mines,https://www.etreproprio.com/immobilier-23913990-vente-maison-61m-a-montceau-les-mines-montceau-les-mines,85 000,Montceau-Les-Mines 71300,61,350,4
Maison de 143 m² habitables à fronton,https://www.etreproprio.com/immobilier-23733395-vente-maison-de-143-m-habitables-a-fronton-fronton,438 000,Fronton 31620,143,2 178,6
Maison faulquemont 5 pièce(s) 137 m2,https://www.etreproprio.com/immobilier-23913816-vente-maison-faulquemont-5-pieces-137-m2-faulquemont,200 000,Faulquemont 57380,137,600,5
Vente maison pelussin(42410) 199 000ï¿œ,https://www.etreproprio.com/immobilier-23913001-vente-vente-maison-pelussin42410-199-000i-oe-pelussin,199 000,Pelussin 42410,131,600,6
Maison 214m² à eschau,https://www.etreproprio.com/immobilier-23914199-vente-maison-214m-a-eschau-eschau,691 000,Eschau 67114,214,634,7
Maison 165m² à monteux,https://www.etreproprio.com/immobilier-23914112-vente-maison-165m-a-monteux-monteux,349 000,Monteux 84170,165,800,7
Maison 5 pièces 97 m2,https://www.etreproprio.com/immobilier-23912456-vente-maison-5-pieces-97-m2-fauville-en-caux,210 895,Fauville-En-Caux 76640,97,1 421,5
Maison 97m² à romilly-sur-seine,https://www.etreproprio.com/immobilier-23914292-vente-maison-97m-a-romilly-sur-seine-romilly-sur-seine,210 000,Romilly-Sur-Seine 10100,97,820,4
Maison 98m² à monce-en-belin,https://www.etreproprio.com/immobilier-23912390-vente-maison-98m-a-monce-en-belin-monce-en-belin,218 400,Monce-En-Belin 72230,98,24 602,5
Maison 63m² à saint-martin-la-garenne,https://www.etreproprio.com/immobilier-23912394-vente-maison-63m-a-saint-martin-la-garenne-saint-martin-la-garenne,209 000,Saint-Martin-La-Garenne 78520,63,2 500,3
Maison 93m² à vernois-sur-mance,https://www.etreproprio.com/immobilier-23913980-vente-maison-93m-a-vernois-sur-mance-vernois-sur-mance,46 000,Vernois-Sur-Mance 70500,93,348,4
Grande villa au calme à la peyrade,https://www.etreproprio.com/immobilier-23912180-vente-grande-villa-au-calme-a-la-peyrade-frontignan,690 000,Frontignan 34110,175,1 195,9
Les milles - mas provençal de 200m² sur terrain de 4ha,https://www.etreproprio.com/immobilier-23912963-vente-les-milles-mas-provencal-de-200m-sur-terrain-de-4ha-aix-en-provence,1 130 000,Aix-En-Provence 13080,200,40 000,6
maison 117 m² – saint-étienne-sur-chalaronne,https://www.etreproprio.com/immobilier-23912954-vente-maison-117-m-saint-etienne-sur-chalaronne-saint-etienne-sur-chalaronne,205 000,Saint-Etienne-Sur-Chalaronne 01140,117,160,5
Maison 177m² à saint-jean-de-gonville,https://www.etreproprio.com/immobilier-23914168-vente-maison-177m-a-saint-jean-de-gonville-saint-jean-de-gonville,480 000,Saint-Jean-De-Gonville 01630,177,481,9
Maison 200m² à vitre,https://www.etreproprio.com/immobilier-23190420-vente-maison-200m-a-vitre-vitre,624 000,Vitre 35500,200,590,8
Maison vitre 5 pièce(s) 104 m2,https://www.etreproprio.com/immobilier-23174908-vente-maison-vitre-5-pieces-104-m2-vitre,260 000,Vitre 35500,104,436,5
Maison 200m² à vitre,https://www.etreproprio.com/immobilier-23149104-vente-maison-200m-a-vitre-vitre,280 000,Vitre 35500,200,,6
Maison vitre 7 pièce(s) 200 m2,https://www.etreproprio.com/immobilier-23140941-vente-maison-vitre-7-pieces-200-m2-vitre,624 000,Vitre 35500,200,590,7
À vendre  a vitré  maison avec sous-sol complet - emplacement privilégié & calme,https://www.etreproprio.com/immobilier-22590307-vente-a-vendre-a-vitre-maison-avec-sous-sol-complet-emplacement-privilegie-calme-vitre,224 535,Vitre 35500,67,458,4
Très belle maison familiale avec piscine de luxe à vitré,https://www.etreproprio.com/immobilier-23139095-vente-tres-belle-maison-familiale-avec-piscine-de-luxe-a-vitre-vitre,690 000,Vitre 35500,305,,8
Vente maison vitre(35500) 128 060ï¿œ,https://www.etreproprio.com/immobilier-23023956-vente-vente-maison-vitre35500-128-060i-oe-vitre,128 060,Vitre 35500,92,670,4
Maison vitre 7 pièce(s) 167.98 m2,https://www.etreproprio.com/immobilier-23076287-vente-maison-vitre-7-pieces-16798-m2-vitre,547 900,Vitre 35500,168,476,7
Coup de coeur,https://www.etreproprio.com/immobilier-23053916-vente-coup-de-coeur-vitre,624 000,Vitre 35500,200,590,8
Maison vitre 4 pièce(s) 74 m2,https://www.etreproprio.com/immobilier-19087186-vente-maison-vitre-4-pieces-74-m2-vitre,229 680,Vitre 35500,74,612,4
Longere renovee,https://www.etreproprio.com/immobilier-22433657-vente-longere-renovee-vitre,569 000,Vitre 35500,269,,7
A vendre maison 7 pièces à vitré 199 m² - 624 000  hai,https://www.etreproprio.com/immobilier-23013887-vente-a-vendre-maison-7-pieces-a-vitre-199-m-624-000-hai-vitre,624 000,Vitre 35500,199,590,7
Longere vitre,https://www.etreproprio.com/immobilier-22998153-vente-longere-vitre-vitre,157 000,Vitre 35500,80,4 710,4
Maison 113m² à vitre,https://www.etreproprio.com/immobilier-22742192-vente-maison-113m-a-vitre-vitre,266 000,Vitre 35500,113,578,7
Maison 91m² à vitre,https://www.etreproprio.com/immobilier-22742136-vente-maison-91m-a-vitre-vitre,367 500,Vitre 35500,91,8 649,5
Vitre - maison - vendu,https://www.etreproprio.com/immobilier-22732351-vente-vitre-maison-vendu-vitre,457 160,Vitre 35500,139,516,5
Maison 92m² à vitre,https://www.etreproprio.com/immobilier-22318207-vente-maison-92m-a-vitre-vitre,129 900,Vitre 35500,93,124,4
Maison vitre 6 pièce(s) 175 m2,https://www.etreproprio.com/immobilier-21553246-vente-maison-vitre-6-pieces-175-m2-vitre,398 320,Vitre 35500,175,386,6
Maison vitré  4 pièce(s),https://www.etreproprio.com/immobilier-22533726-vente-maison-vitre-4-pieces-vitre,178 000,Vitre 35500,90,504,4
"En exclusivité, maison plain-pied 101m2 pmr 3 chambres",https://www.etreproprio.com/immobilier-21974318-vente-en-exclusivite-maison-plain-pied-101m2-pmr-3-chambres-vitre,216 900,Vitre 35500,101,,5
Maison 101m² à mannevillette,https://www.etreproprio.com/immobilier-23914119-vente-maison-101m-a-mannevillette-mannevillette,285 000,Mannevillette 76290,101,1 200,4
Vente maison josselin(56120) 259 990ï¿œ,https://www.etreproprio.com/immobilier-23406134-vente-vente-maison-josselin56120-259-990i-oe-josselin,259 990,Josselin 56120,140,1 200,7
Maison 82m² à aix-en-provence,https://www.etreproprio.com/immobilier-23913488-vente-maison-82m-a-aix-en-provence-aix-en-provence,465 000,Aix-En-Provence 13100,82,1 200,4
A vendre en exclusivité  - maison de plain-pied à la meauffe  (50880 ),https://www.etreproprio.com/immobilier-23913639-vente-a-vendre-en-exclusivite-maison-de-plain-pied-a-la-meauffe-50880-la-meauffe,97 000,La Meauffe 50880,60,414,3
Maison 4 pièces 61 m2,https://www.etreproprio.com/immobilier-23912469-vente-maison-4-pieces-61-m2-saint-pierre-de-varengeville,166 734,Saint-Pierre-De-Varengeville 76480,61,416,4
Maison 99m² à saint-paul,https://www.etreproprio.com/immobilier-23914038-vente-maison-99m-a-saint-paul-saint-paul,995 000,Saint-Paul 97434,99,280,4
Maison maintenon 8 pièces 210 m2,https://www.etreproprio.com/immobilier-23913690-vente-maison-maintenon-8-pieces-210-m2-epernon,345 000,Epernon 28230,210,1 780,8
Maison 85m² à saint-nazaire,https://www.etreproprio.com/immobilier-23913276-vente-maison-85m-a-saint-nazaire-saint-nazaire,180 200,Saint-Nazaire 44600,85,285,2
Maison 111m² à la trinite-sur-mer,https://www.etreproprio.com/immobilier-23912566-vente-maison-111m-a-la-trinite-sur-mer-la-trinite-sur-mer,850 000,La Trinite-Sur-Mer 56470,111,3 600,5
Maison contemporaine de 120 m2 avec jardin,https://www.etreproprio.com/immobilier-23912948-vente-maison-contemporaine-de-120-m2-avec-jardin-la-seyne-sur-mer,610 000,La Seyne-Sur-Mer 83500,120,412,4
Maison 170m² à fuveau,https://www.etreproprio.com/immobilier-23914210-vente-maison-170m-a-fuveau-fuveau,860 000,Fuveau 13710,170,3 200,5
Maison 4 pièces 61 m2,https://www.etreproprio.com/immobilier-23913413-vente-maison-4-pieces-61-m2-belleville-sur-vie,149 036,Belleville-Sur-Vie 85170,61,361,4
Maison 76m²  rouen jouvenet boulingrin  76000,https://www.etreproprio.com/immobilier-23913192-vente-maison-76m-rouen-jouvenet-boulingrin-76000-rouen,188 000,Rouen 76000,73,80,4
Maison 88m² à bon-encontre,https://www.etreproprio.com/immobilier-23913672-vente-maison-88m-a-bon-encontre-bon-encontre,159 900,Bon-Encontre 47240,89,2 049,4
Maison familiale 5 chambres  154 m²  mont-saint-aignan village,https://www.etreproprio.com/immobilier-23913169-vente-maison-familiale-5-chambres-154-m-mont-saint-aignan-village-mont-saint-aignan,345 000,Mont-Saint-Aignan 76130,154,,7
Maison 6 pièces 97 m2,https://www.etreproprio.com/immobilier-23912784-vente-maison-6-pieces-97-m2-monteaux,158 213,Monteaux 41150,97,1 041,6
Maison 115m² à barjouville,https://www.etreproprio.com/immobilier-23914239-vente-maison-115m-a-barjouville-barjouville,280 000,Barjouville 28630,115,690,6
Maison 95m² à restigne,https://www.etreproprio.com/immobilier-23914016-vente-maison-95m-a-restigne-restigne,134 450,Restigne 37140,95,1 140,4
Maison 123m² à ifs,https://www.etreproprio.com/immobilier-23914246-vente-maison-123m-a-ifs-ifs,328 000,Ifs 14123,123,341,6
Maison 138m² à quillan,https://www.etreproprio.com/immobilier-23914066-vente-maison-138m-a-quillan-quillan,139 000,Quillan 11500,138,344,5
Maison 82m² à vitre,https://www.etreproprio.com/immobilier-22503220-vente-maison-82m-a-vitre-vitre,273 000,Vitre 35500,83,212,4
Maison 82m² à vitre,https://www.etreproprio.com/immobilier-22503222-vente-maison-82m-a-vitre-vitre,273 000,Vitre 35500,83,212,4
Maison 82m² à vitre,https://www.etreproprio.com/immobilier-22503221-vente-maison-82m-a-vitre-vitre,273 000,Vitre 35500,83,212,4
Maison 83m² à vitre,https://www.etreproprio.com/immobilier-22320947-vente-maison-83m-a-vitre-vitre,268 500,Vitre 35500,83,210,4
Maison 83m² à vitre,https://www.etreproprio.com/immobilier-20193203-vente-maison-83m-a-vitre-vitre,268 500,Vitre 35500,83,210,4
Maison vitré 8 pièce(s),https://www.etreproprio.com/immobilier-22469200-vente-maison-vitre-8-pieces-vitre,448 000,Vitre 35500,250,590,8
Maison 83m² à vitre,https://www.etreproprio.com/immobilier-20193206-vente-maison-83m-a-vitre-vitre,268 500,Vitre 35500,83,210,4
Maison 137m² à vitré,https://www.etreproprio.com/immobilier-22155589-vente-maison-137m-a-vitre-vitre,279 015,Vitre 35500,137,584,6
Maison 99m² à vitre,https://www.etreproprio.com/immobilier-22439921-vente-maison-99m-a-vitre-vitre,198 350,Vitre 35500,99,307,6
Maison campagne sud vitre,https://www.etreproprio.com/immobilier-22424564-vente-maison-campagne-sud-vitre-vitre,372 320,Vitre 35500,180,7 500,6
Maison vitre 6 pièce(s) 200 m2,https://www.etreproprio.com/immobilier-22396001-vente-maison-vitre-6-pieces-200-m2-vitre,374 400,Vitre 35500,200,7 500,6
"A vendre maison à vitre 5 pièces 110,5 m² - 376 500  hai",https://www.etreproprio.com/immobilier-22351590-vente-a-vendre-maison-a-vitre-5-pieces-1105-m-376-500-hai-vitre,376 500,Vitre 35500,111,302,5
Deja vendu - vitre - maison,https://www.etreproprio.com/immobilier-22279888-vente-deja-vendu-vitre-maison-vitre,436 800,Vitre 35500,141,430,7
Maison 73m² à vitré,https://www.etreproprio.com/immobilier-22197107-vente-maison-73m-a-vitre-vitre,292 600,Vitre 35500,73,1 445,3
Maison vitre 5 pièce(s) 155 m2,https://www.etreproprio.com/immobilier-22176253-vente-maison-vitre-5-pieces-155-m2-vitre,280 280,Vitre 35500,155,636,5
Maison vitre,https://www.etreproprio.com/immobilier-21811657-vente-maison-vitre-vitre,199 926,Vitre 35500,86,270,3
A vendre maison à vitre 5 pièces 125 m² - 426 400  hai,https://www.etreproprio.com/immobilier-22092129-vente-a-vendre-maison-a-vitre-5-pieces-125-m-426-400-hai-vitre,426 400,Vitre 35500,125,381,5
Longère pleine de charme à découvrir,https://www.etreproprio.com/immobilier-22062730-vente-longere-pleine-de-charme-a-decouvrir-vitre,334 000,Vitre 35500,176,3 423,7
A vendre maison à vitre 4 pièces 68.5 m² - 272 000  hai,https://www.etreproprio.com/immobilier-22038739-vente-a-vendre-maison-a-vitre-4-pieces-685-m-272-000-hai-vitre,272 000,Vitre 35500,69,503,4
Maison vitre 5 pièce(s) 117 m2,https://www.etreproprio.com/immobilier-21602396-vente-maison-vitre-5-pieces-117-m2-vitre,275 600,Vitre 35500,117,304,5
Maison 5 pièces 76 m2,https://www.etreproprio.com/immobilier-23912468-vente-maison-5-pieces-76-m2-ecalles-alix,178 127,Ecalles-Alix 76190,76,713,5
Maison 160m² à la rochelle,https://www.etreproprio.com/immobilier-23914294-vente-maison-160m-a-la-rochelle-la-rochelle,560 000,La Rochelle 17000,160,305,5
Villa 4 pieces sur 1061 m2 de terrain 84500 bollene,https://www.etreproprio.com/immobilier-23912276-vente-villa-4-pieces-sur-1061-m2-de-terrain-84500-bollene-bollene,318 000,Bollene 84500,104,1 061,5
Maison 106m² à sartrouville,https://www.etreproprio.com/immobilier-23913567-vente-maison-106m-a-sartrouville-sartrouville,560 000,Sartrouville 78500,106,148,6
Maison 4 pièces 61 m2,https://www.etreproprio.com/immobilier-23913408-vente-maison-4-pieces-61-m2-la-roche-sur-yon,162 351,La Roche-Sur-Yon 85000,61,342,4
Maison 5 pièces 90 m2,https://www.etreproprio.com/immobilier-23913384-vente-maison-5-pieces-90-m2-angles,201 541,Angles 85750,90,413,5
Maison 68m² à claix,https://www.etreproprio.com/immobilier-23912372-vente-maison-68m-a-claix-claix,319 000,Claix 38640,69,,3
Maison 90m² à bletterans,https://www.etreproprio.com/immobilier-23913281-vente-maison-90m-a-bletterans-bletterans,156 000,Bletterans 39140,90,400,4
Maison 41m² à pommeuse,https://www.etreproprio.com/immobilier-23914129-vente-maison-41m-a-pommeuse-pommeuse,130 000,Pommeuse 77515,41,344,2
Belle chaumière avec dépendances  bosrobert proche brionne (27800),https://www.etreproprio.com/immobilier-23913211-vente-belle-chaumiere-avec-dependances-bosrobert-proche-brionne-27800-bosrobert,366 000,Bosrobert 27800,148,4 060,8
Maison 5 pièces 97 m2,https://www.etreproprio.com/immobilier-23913387-vente-maison-5-pieces-97-m2-saint-hilaire-le-vouhis,195 742,Saint-Hilaire-Le-Vouhis 85480,97,437,5
Maison 80m² à audun-le-tiche,https://www.etreproprio.com/immobilier-23914006-vente-maison-80m-a-audun-le-tiche-audun-le-tiche,245 000,Audun-Le-Tiche 57390,80,,3
Maison 5 pièces 97 m2,https://www.etreproprio.com/immobilier-23913388-vente-maison-5-pieces-97-m2-les-magnils-reigniers,186 399,Les Magnils-Reigniers 85400,97,503,5
"Ensemble immobilier 500m2 habitable coeur de ville avec 1 maison, 1 loft, 1 studo, 1 apprtement t3, + 1 local",https://www.etreproprio.com/immobilier-23912143-vente-ensemble-immobilier-500m2-habitable-coeur-de-ville-avec-1-maison-1-loft-1-studo-1-apprtement-t3-1-local-montesquieu-volvestre,337 000,Montesquieu-Volvestre 31310,500,742,16
Belle propriété  260m²  la vieille-lyre ( 27330 ),https://www.etreproprio.com/immobilier-23913191-vente-belle-propriete-260m-la-vieille-lyre-27330-la-vieille-lyre,560 000,La Vieille-Lyre 27330,260,2 400,7
Maison 5 pièces 97 m2,https://www.etreproprio.com/immobilier-23912461-vente-maison-5-pieces-97-m2-bolbec,213 125,Bolbec 76210,97,447,5
Maison 216m² à nonville,https://www.etreproprio.com/immobilier-23914142-vente-maison-216m-a-nonville-nonville,155 000,Nonville 88260,216,,7
Maison 91m² à saint-fargeau-ponthierry,https://www.etreproprio.com/immobilier-23914251-vente-maison-91m-a-saint-fargeau-ponthierry-saint-fargeau-ponthierry,269 000,Saint-Fargeau-Ponthierry 77310,91,70,4
Maison 100m² à sainte-adresse,https://www.etreproprio.com/immobilier-23912410-vente-maison-100m-a-sainte-adresse-sainte-adresse,342 000,Sainte-Adresse 76310,100,207,6
Maison 188m² à montaren-et-saint-mediers,https://www.etreproprio.com/immobilier-23913984-vente-maison-188m-a-montaren-et-saint-mediers-montaren-et-saint-mediers,639 000,Montaren-Et-Saint-Mediers 30700,188,6 343,8
Maison 257m² à vitré,https://www.etreproprio.com/immobilier-21532411-vente-maison-257m-a-vitre-vitre,780 000,Vitre 35500,257,502,8
Centre ville,https://www.etreproprio.com/immobilier-18810477-vente-centre-ville-vitre,137 000,Vitre 35500,106,,6
Maison t4 à vitré -disponible !,https://www.etreproprio.com/immobilier-18686101-vente-maison-t4-a-vitre-disponible-vitre,260 000,Vitre 35500,82,212,4
A vendre immeuble (local + appartement) 134 m² à vitre - 148 200  hai,https://www.etreproprio.com/immobilier-19160760-vente-a-vendre-immeuble-local-appartement-134-m-a-vitre-148-200-hai-vitre,148 200,Vitre 35500,134,74,4
Vitre - exclusivite - loft,https://www.etreproprio.com/immobilier-20185842-vente-vitre-exclusivite-loft-vitre,548 080,Vitre 35500,153,158,5
A vendre bâtisse en pierres 140 m² - 76 300  hai,https://www.etreproprio.com/immobilier-19890000-vente-a-vendre-batisse-en-pierres-140-m-76-300-hai-vitre,76 300,Vitre 35500,140,4 800,1
"Sanary sur mer, maison au centre-ville  avec piscine",https://www.etreproprio.com/immobilier-23912911-vente-sanary-sur-mer-maison-au-centre-ville-avec-piscine-sanary-sur-mer,2 450 000,Sanary-Sur-Mer 83110,204,1 095,5
Maison 116m² à les pennes-mirabeau,https://www.etreproprio.com/immobilier-23912646-vente-maison-116m-a-les-pennes-mirabeau-les-pennes-mirabeau,545 000,Les Pennes-Mirabeau 13170,116,518,5
Maison 4 pièces 61 m2,https://www.etreproprio.com/immobilier-23912494-vente-maison-4-pieces-61-m2-breaute,158 134,Breaute 76110,61,435,4
Maison 80m² à la plaine-des-palmistes,https://www.etreproprio.com/immobilier-23914019-vente-maison-80m-a-la-plaine-des-palmistes-la-plaine-des-palmistes,198 000,La Plaine-Des-Palmistes 97431,80,600,4
Maison moderne à elne avec 4 pièce(s) 89 m2 et garage,https://www.etreproprio.com/immobilier-23913760-vente-maison-moderne-a-elne-avec-4-pieces-89-m2-et-garage-elne,263 000,Elne 66200,89,203,4
Maison ancienne a renover,https://www.etreproprio.com/immobilier-23912808-vente-maison-ancienne-a-renover-liez,81 000,Liez 85420,84,,4
Maison 141m² à veigne,https://www.etreproprio.com/immobilier-21098434-vente-maison-141m-a-veigne-veigne,189 900,Veigne 37250,141,,8
Maison 5 pièces 90 m2,https://www.etreproprio.com/immobilier-23912444-vente-maison-5-pieces-90-m2-bouelles,183 457,Bouelles 76270,90,1 478,5
Pavillon de 133m2 avec jardin - vaujours-triangle d'or,https://www.etreproprio.com/immobilier-23912317-vente-pavillon-de-133m2-avec-jardin-vaujours-triangle-d-or-vaujours,315 000,Vaujours 93410,133,,5
Maison de 147 m² située à chatou  sur 290 m² de terrain à 7 mn du rer,https://www.etreproprio.com/immobilier-23913014-vente-maison-de-147-m-situee-a-chatou-sur-290-m-de-terrain-a-7-mn-du-rer-chatou,945 000,Chatou 78400,147,290,6
Maison familiale de 128 m2 accès à pied aux plages,https://www.etreproprio.com/immobilier-23912931-vente-maison-familiale-de-128-m2-acces-a-pied-aux-plages-six-fours-les-plages,889 000,Six-Fours-Les-Plages 83140,131,545,7
Maison le perray en yvelines 5 pièce(s) 111.43 m2,https://www.etreproprio.com/immobilier-23913686-vente-maison-le-perray-en-yvelines-5-pieces-11143-m2-le-perray-en-yvelines,394 000,Le Perray-En-Yvelines 78610,111,340,5
Maison 280m² à anglet,https://www.etreproprio.com/immobilier-23912548-vente-maison-280m-a-anglet-anglet,3 950 000,Anglet 64600,280,756,8
Maison 6 pièces 118 m2,https://www.etreproprio.com/immobilier-23913692-vente-maison-6-pieces-118-m2-rambouillet,277 000,Rambouillet 78120,118,972,6
Maison 57m² à la caillere-saint-hilaire,https://www.etreproprio.com/immobilier-23913657-vente-maison-57m-a-la-caillere-saint-hilaire-la-caillere-saint-hilaire,116 600,La Caillere-Saint-Hilaire 85410,57,1 009,4
Maison 201m² à crozet,https://www.etreproprio.com/immobilier-23913894-vente-maison-201m-a-crozet-crozet,1 030 000,Crozet 01170,202,712,8
Maison 211m² à longpont-sur-orge,https://www.etreproprio.com/immobilier-23914276-vente-maison-211m-a-longpont-sur-orge-longpont-sur-orge,790 000,Longpont-Sur-Orge 91310,211,803,8
"Maison familiale de 215 m2 au sol avec grand jardin et annexe de 49,5 m2",https://www.etreproprio.com/immobilier-23912128-vente-maison-familiale-de-215-m2-au-sol-avec-grand-jardin-et-annexe-de-495-m2-meudon,1 348 000,Meudon 92190,215,557,8
Maison 190m² à dordives,https://www.etreproprio.com/immobilier-23913986-vente-maison-190m-a-dordives-dordives,129 500,Dordives 45680,190,300,7
Maison 121m² à montbeliard,https://www.etreproprio.com/immobilier-23912727-vente-maison-121m-a-montbeliard-montbeliard,134 800,Montbeliard 25200,121,,7
Nouveau maison d'architecte atypique 7 pièces 270 m2 sur 1400 m2,https://www.etreproprio.com/immobilier-23913761-vente-nouveau-maison-d-architecte-atypique-7-pieces-270-m2-sur-1400-m2-pornichet,1 029 000,Pornichet 44380,270,1 445,7
Maison 116m² à eragny,https://www.etreproprio.com/immobilier-23913365-vente-maison-116m-a-eragny-eragny,369 900,Eragny 95610,116,225,6
Maison 165m² à pont-du-casse,https://www.etreproprio.com/immobilier-22913387-vente-maison-165m-a-pont-du-casse-pont-du-casse,318 000,Pont-Du-Casse 47480,165,40 000,5
Maison 105m² à villenave-d'ornon,https://www.etreproprio.com/immobilier-23913754-vente-maison-105m-a-villenave-d-ornon-villenave-d-ornon,378 000,Villenave-D'ornon 33140,105,150,4
Maison 4 pièces 61 m2,https://www.etreproprio.com/immobilier-23913398-vente-maison-4-pieces-61-m2-le-poire-sur-vie,165 251,Le Poire-Sur-Vie 85170,61,377,4
Maison 91m² à eragny,https://www.etreproprio.com/immobilier-23913253-vente-maison-91m-a-eragny-eragny,327 000,Eragny 95610,92,85,5
Maison 140m² à verzy,https://www.etreproprio.com/immobilier-23914065-vente-maison-140m-a-verzy-verzy,370 000,Verzy 51380,140,158,6
Maison 5 pièces 92 m2,https://www.etreproprio.com/immobilier-23912762-vente-maison-5-pieces-92-m2-sarge-sur-braye,142 526,Sarge-Sur-Braye 41170,92,610,5
Maison 206m² à gien,https://www.etreproprio.com/immobilier-22904880-vente-maison-206m-a-gien-gien,279 999,Gien 45500,206,1 352,7
Maison 70m² à pont-l'eveque,https://www.etreproprio.com/immobilier-20535177-vente-maison-70m-a-pont-l-eveque-pont-l-eveque,264 000,Pont-L'eveque 14130,70,2 481,4
Maison 160m² à nantes,https://www.etreproprio.com/immobilier-22222763-vente-maison-160m-a-nantes-nantes,517 000,Nantes 44300,160,731,7
"Maison t6 de 285 m2 secteur du brusc, splendide vue mer",https://www.etreproprio.com/immobilier-23912904-vente-maison-t6-de-285-m2-secteur-du-brusc-splendide-vue-mer-six-fours-les-plages,1 399 000,Six-Fours-Les-Plages 83140,285,1 259,6
Magnifique propriété de 250 m2 au calme,https://www.etreproprio.com/immobilier-23912918-vente-magnifique-propriete-de-250-m2-au-calme-la-cadiere-d-azur,2 625 000,La Cadiere-D'azur 83740,251,2 000,6
Maison 187m² à saint-denis,https://www.etreproprio.com/immobilier-23914002-vente-maison-187m-a-saint-denis-saint-denis,470 000,Saint-Denis 97417,187,621,6
Maison 170m² à margency,https://www.etreproprio.com/immobilier-23912265-vente-maison-170m-a-margency-margency,625 000,Margency 95580,170,700,7
Maison 125m² à lons-le-saunier,https://www.etreproprio.com/immobilier-23913283-vente-maison-125m-a-lons-le-saunier-lons-le-saunier,189 000,Lons-Le-Saunier 39000,125,150,6
Maison tignieu jameyzieu de 436 m2,https://www.etreproprio.com/immobilier-23913782-vente-maison-tignieu-jameyzieu-de-436-m2-tignieu-jameyzieu,395 000,Tignieu-Jameyzieu 38230,140,1 572,4
Maison 52m² à ambares-et-lagrave,https://www.etreproprio.com/immobilier-23912387-vente-maison-52m-a-ambares-et-lagrave-ambares-et-lagrave,179 000,Ambares-Et-Lagrave 33440,52,182,2
Maison t4 avec jardin,https://www.etreproprio.com/immobilier-23912185-vente-maison-t4-avec-jardin-beziers,294 000,Beziers 34500,128,,4
Maison 150m² à villers-stoncourt,https://www.etreproprio.com/immobilier-23914011-vente-maison-150m-a-villers-stoncourt-villers-stoncourt,160 000,Villers-Stoncourt 57530,150,278,4
Maison 5 pièces 83 m2,https://www.etreproprio.com/immobilier-23912466-vente-maison-5-pieces-83-m2-la-rue-saint-pierre,205 449,La Rue-Saint-Pierre 76690,83,500,5
Plain-pied corcoue sur logne 44650,https://www.etreproprio.com/immobilier-23913941-vente-plain-pied-corcoue-sur-logne-44650-corcoue-sur-logne,248 900,Corcoue-Sur-Logne 44650,114,442,4
Maison 3ch avec cour exterieur,https://www.etreproprio.com/immobilier-23913490-vente-maison-3ch-avec-cour-exterieur-caudrot,156 750,Caudrot 33490,120,,5
Maison 136m² à septeuil,https://www.etreproprio.com/immobilier-23914133-vente-maison-136m-a-septeuil-septeuil,449 000,Septeuil 78790,136,970,7
Maison 57m² à chantonnay,https://www.etreproprio.com/immobilier-23913656-vente-maison-57m-a-chantonnay-chantonnay,116 600,Chantonnay 85110,57,1 009,4
Maison 76m² à sarzeau,https://www.etreproprio.com/immobilier-23914213-vente-maison-76m-a-sarzeau-sarzeau,393 000,Sarzeau 56370,76,251,4
Maison 161m² à saint-maur-des-fosses,https://www.etreproprio.com/immobilier-23912637-vente-maison-161m-a-saint-maur-des-fosses-saint-maur-des-fosses,1 050 000,Saint-Maur-Des-Fosses 94100,161,100,6
Maison individuelle de 78m2 avec sous sol,https://www.etreproprio.com/immobilier-23912324-vente-maison-individuelle-de-78m2-avec-sous-sol-tremblay-en-france,289 000,Tremblay-En-France 93290,78,402,4
Maison 96m² à coueron,https://www.etreproprio.com/immobilier-23914126-vente-maison-96m-a-coueron-coueron,299 990,Coueron 44220,96,254,4
Maison 119m² à solferino,https://www.etreproprio.com/immobilier-23912541-vente-maison-119m-a-solferino-solferino,398 000,Solferino 40210,119,2 630,7
"Maison de 150 m² avec appartement de 34 m², garage et jardin",https://www.etreproprio.com/immobilier-23913671-vente-maison-de-150-m-avec-appartement-de-34-m-garage-et-jardin-roubaix,308 000,Roubaix 59100,184,,7
Maison 90m² à saint-sauveur-en-puisaye,https://www.etreproprio.com/immobilier-23914296-vente-maison-90m-a-saint-sauveur-en-puisaye-saint-sauveur-en-puisaye,75 000,Saint-Sauveur-En-Puisaye 89520,90,75,4
Maison 5 pièces 92 m2,https://www.etreproprio.com/immobilier-23912755-vente-maison-5-pieces-92-m2-le-boulay,208 556,Le Boulay 37110,92,2 100,5
Maison 4 pièces 61 m2,https://www.etreproprio.com/immobilier-23912502-vente-maison-4-pieces-61-m2-totes,155 634,Totes 76890,61,600,4
Maison 170m² à lons-le-saunier,https://www.etreproprio.com/immobilier-23913288-vente-maison-170m-a-lons-le-saunier-lons-le-saunier,272 000,Lons-Le-Saunier 39000,170,400,6
Maison 200m² à olley,https://www.etreproprio.com/immobilier-23914167-vente-maison-200m-a-olley-olley,414 000,Olley 54800,200,2 364,6
Sainte colombe sur seine  ensemble deux de maisons avec dépendances  terrain proches des écoles.,https://www.etreproprio.com/immobilier-23912293-vente-sainte-colombe-sur-seine-ensemble-deux-de-maisons-avec-dependances-terrain-proches-des-ecoles-sainte-colombe-sur-seine,136 000,Sainte-Colombe-Sur-Seine 21400,160,,7
Maison 94m² à saint-genis-pouilly,https://www.etreproprio.com/immobilier-23913895-vente-maison-94m-a-saint-genis-pouilly-saint-genis-pouilly,549 000,Saint-Genis-Pouilly 01630,94,405,4
Maison 522m² à marans,https://www.etreproprio.com/immobilier-23913734-vente-maison-522m-a-marans-marans,818 000,Marans 17230,523,8 556,15
Maison 150m² à saint-paul,https://www.etreproprio.com/immobilier-23913270-vente-maison-150m-a-saint-paul-saint-paul,1 040 000,Saint-Paul 97434,150,500,5
Maison sartrouville 8 pièce(s) 120 m2,https://www.etreproprio.com/immobilier-23913839-vente-maison-sartrouville-8-pieces-120-m2-sartrouville,650 000,Sartrouville 78500,120,387,8
Maison 130m² à conflans-sainte-honorine,https://www.etreproprio.com/immobilier-23913251-vente-maison-130m-a-conflans-sainte-honorine-conflans-sainte-honorine,439 000,Conflans-Sainte-Honorine 78700,130,680,6
Maison 160m² à les adrets-de-l'esterel,https://www.etreproprio.com/immobilier-23914281-vente-maison-160m-a-les-adrets-de-l-esterel-les-adrets-de-l-esterel,990 000,Les Adrets-De-L'esterel 83600,160,2 261,6
Maison de 180 m2 au calme,https://www.etreproprio.com/immobilier-23912926-vente-maison-de-180-m2-au-calme-bandol,1 352 000,Bandol 83150,180,5 155,4
Maison 146m² à dompierre-sous-sanvignes,https://www.etreproprio.com/immobilier-23914070-vente-maison-146m-a-dompierre-sous-sanvignes-dompierre-sous-sanvignes,299 000,Dompierre-Sous-Sanvignes 71420,146,1 700,5
Maison 44m² à la seyne-sur-mer,https://www.etreproprio.com/immobilier-23912657-vente-maison-44m-a-la-seyne-sur-mer-la-seyne-sur-mer,242 000,La Seyne-Sur-Mer 83500,44,40,3
Maison 160m² à blanquefort,https://www.etreproprio.com/immobilier-23913995-vente-maison-160m-a-blanquefort-blanquefort,550 000,Blanquefort 33290,160,784,6
Maison 6 pièces 111 m2,https://www.etreproprio.com/immobilier-23912779-vente-maison-6-pieces-111-m2-montlouis-sur-loire,214 709,Montlouis-Sur-Loire 37270,111,255,6
Maison 114m² à merignac,https://www.etreproprio.com/immobilier-23912415-vente-maison-114m-a-merignac-merignac,385 987,Merignac 33700,115,464,5
Maison 105m² à saint-gervais-sur-roubion,https://www.etreproprio.com/immobilier-23914223-vente-maison-105m-a-saint-gervais-sur-roubion-saint-gervais-sur-roubion,350 000,Saint-Gervais-Sur-Roubion 26160,105,,5
Maison 105m² à marignane,https://www.etreproprio.com/immobilier-23912996-vente-maison-105m-a-marignane-marignane,459 000,Marignane 13700,105,,4
Maison 131m² à brannay,https://www.etreproprio.com/immobilier-23913991-vente-maison-131m-a-brannay-brannay,150 000,Brannay 89150,131,970,4
Maison individuelle 8 pièces  162 m²  avec garage terrasse et jardin  preaux76160,https://www.etreproprio.com/immobilier-23913157-vente-maison-individuelle-8-pieces-162-m-avec-garage-terrasse-et-jardin-preaux76160-preaux,310 000,Preaux 76160,162,570,8
Maison t5 de 130m2 rénovée en 2021 sur un terrain de 731m2,https://www.etreproprio.com/immobilier-23912154-vente-maison-t5-de-130m2-renovee-en-2021-sur-un-terrain-de-731m2-muret,298 000,Muret 31600,130,731,5
Coup de coeur / dpe c : maison de ville hyper centre de st-astier,https://www.etreproprio.com/immobilier-23912526-vente-coup-de-coeur-dpe-c-maison-de-ville-hyper-centre-de-st-astier-saint-astier,184 950,Saint-Astier 24110,162,308,6
Maison 130m² à gond-pontouvre,https://www.etreproprio.com/immobilier-23912693-vente-maison-130m-a-gond-pontouvre-gond-pontouvre,299 500,Gond-Pontouvre 16160,130,236,5
"Aix en provence aux portes de la ville, superbe bastide au charme unique avec piscine, pool-house, sous-sol",https://www.etreproprio.com/immobilier-23913912-vente-aix-en-provence-aux-portes-de-la-ville-superbe-bastide-au-charme-unique-avec-piscine-pool-house-sous-sol-aix-en-provence,1 850 000,Aix-En-Provence 13100,225,3 000,8
Belle demeure de 200m2 au centre ville de châtillon-sur-seine sur 650m2 de terrain avec atelier .,https://www.etreproprio.com/immobilier-23912291-vente-belle-demeure-de-200m2-au-centre-ville-de-chatillon-sur-seine-sur-650m2-de-terrain-avec-atelier-chatillon-sur-seine,299 900,Chatillon-Sur-Seine 21400,200,630,8
"Exclusivite - magnifique maison de 122 m2,  vue mer proche du centre-ville",https://www.etreproprio.com/immobilier-23912899-vente-exclusivite-magnifique-maison-de-122-m2-vue-mer-proche-du-centre-ville-sanary-sur-mer,1 400 000,Sanary-Sur-Mer 83110,122,538,6
Maison 40m² à sanary-sur-mer,https://www.etreproprio.com/immobilier-23914004-vente-maison-40m-a-sanary-sur-mer-sanary-sur-mer,295 000,Sanary-Sur-Mer 83110,40,850,2
Villa neuve 6 pièces • 182 m2 • terrain 1 621 m2,https://www.etreproprio.com/immobilier-23912211-vente-villa-neuve-6-pieces-182-m2-terrain-1-621-m2-nimes,977 000,Nimes 30900,182,1 621,6
Maison 84m² à amiens,https://www.etreproprio.com/immobilier-23788716-vente-maison-84m-a-amiens-amiens,177 000,Amiens 80090,84,35,4
Villa contemporaine de 150 m2 aperçu mer,https://www.etreproprio.com/immobilier-23912952-vente-villa-contemporaine-de-150-m2-apercu-mer-sanary-sur-mer,1 290 000,Sanary-Sur-Mer 83110,150,760,5
Maison 76m² à gradignan,https://www.etreproprio.com/immobilier-23912700-vente-maison-76m-a-gradignan-gradignan,330 000,Gradignan 33170,76,550,5
Maison 140m² à nibelle,https://www.etreproprio.com/immobilier-23913988-vente-maison-140m-a-nibelle-nibelle,169 989,Nibelle 45340,140,394,7
Maison 246m² à pissos,https://www.etreproprio.com/immobilier-23913317-vente-maison-246m-a-pissos-pissos,475 200,Pissos 40410,246,3 764,9
Maison contemporaine 6 pièces  120.11m²  saint-jean-du-cardonnay (76150),https://www.etreproprio.com/immobilier-23913114-vente-maison-contemporaine-6-pieces-12011m-saint-jean-du-cardonnay-76150-saint-jean-du-cardonnay,345 000,Saint-Jean-Du-Cardonnay 76150,120,340,6
5 mn pézenas,https://www.etreproprio.com/immobilier-23913934-vente-5-mn-pezenas-montagnac,190 000,Montagnac 34530,85,,3
Maison 112m² à champs-sur-tarentaine-marchal,https://www.etreproprio.com/immobilier-23913314-vente-maison-112m-a-champs-sur-tarentaine-marchal-champs-sur-tarentaine-marchal,48 000,Champs-Sur-Tarentaine-Marchal 15270,112,148,6
Maison 106m² à moelan-sur-mer,https://www.etreproprio.com/immobilier-23914240-vente-maison-106m-a-moelan-sur-mer-moelan-sur-mer,350 000,Moelan-Sur-Mer 29350,106,750,5
Maison 5 pièces 90 m2,https://www.etreproprio.com/immobilier-23912434-vente-maison-5-pieces-90-m2-yerville,194 357,Yerville 76760,90,550,5
Maison 7 pièces 94 m2,https://www.etreproprio.com/immobilier-23912477-vente-maison-7-pieces-94-m2-bolleville,173 767,Bolleville 76210,94,677,7
Ensemble immobilier d exception samoëns - verchaix - entièrement renové avec vue panoramique,https://www.etreproprio.com/immobilier-23913943-vente-ensemble-immobilier-d-exception-samoens-verchaix-entierement-renove-avec-vue-panoramique-mieussy,1 850 000,Mieussy 74440,400,17 000,16
Maison 7 pièces 94 m2,https://www.etreproprio.com/immobilier-23912478-vente-maison-7-pieces-94-m2-le-bocasse,176 767,Le Bocasse 76690,94,707,7
Maison 62m² à liancourt,https://www.etreproprio.com/immobilier-23913312-vente-maison-62m-a-liancourt-liancourt,149 000,Liancourt 60140,62,204,4
Maison 7 pièces 94 m2,https://www.etreproprio.com/immobilier-23912474-vente-maison-7-pieces-94-m2-montreuil-en-caux,181 767,Montreuil-En-Caux 76850,94,1 177,7
Vente maison saint-quentin(02100) 112 500ï¿œ,https://www.etreproprio.com/immobilier-23456707-vente-vente-maison-saint-quentin02100-112-500i-oe-saint-quentin,112 500,Saint-Quentin 02100,93,,5
Charmante maison 6 pièces de 240 m2 vue mer,https://www.etreproprio.com/immobilier-23912927-vente-charmante-maison-6-pieces-de-240-m2-vue-mer-ollioules,2 184 000,Ollioules 83190,240,2 370,6
Maison 252m² à louviers,https://www.etreproprio.com/immobilier-22556253-vente-maison-252m-a-louviers-louviers,289 000,Louviers 27400,252,451,7
Coeur amidonniers - maison t3 60m2 avec cour exterieure et terrasse,https://www.etreproprio.com/immobilier-23912146-vente-coeur-amidonniers-maison-t3-60m2-avec-cour-exterieure-et-terrasse-toulouse,327 000,Toulouse 31000,60,49,3
Maison 4 pièces 61 m2,https://www.etreproprio.com/immobilier-23912490-vente-maison-4-pieces-61-m2-allouville-bellefosse,150 034,Allouville-Bellefosse 76190,61,662,4
Maison 4 pièces 61 m2,https://www.etreproprio.com/immobilier-23912500-vente-maison-4-pieces-61-m2-roumare,186 134,Roumare 76480,61,505,4
Maison 139m² à saint-jean-de-muzols,https://www.etreproprio.com/immobilier-23914244-vente-maison-139m-a-saint-jean-de-muzols-saint-jean-de-muzols,220 000,Saint-Jean-De-Muzols 07300,139,1 090,5
Maison 106m² à auxi-le-chateau,https://www.etreproprio.com/immobilier-23280744-vente-maison-106m-a-auxi-le-chateau-auxi-le-chateau,230 000,Auxi-Le-Chateau 62390,106,3 100,4
Maison 455m² à cordes-sur-ciel,https://www.etreproprio.com/immobilier-23913844-vente-maison-455m-a-cordes-sur-ciel-cordes-sur-ciel,679 000,Cordes-Sur-Ciel 81170,455,3 300,18
Maison 160m² à proissans,https://www.etreproprio.com/immobilier-23912554-vente-maison-160m-a-proissans-proissans,428 000,Proissans 24200,160,10 000,6
Dordogne lisle ensemble immobilier,https://www.etreproprio.com/immobilier-23480431-vente-dordogne-lisle-ensemble-immobilier-lisle,299 000,Lisle 24350,275,4 300,14
Maison mauves sur loire (4 pièces) 107.60m2,https://www.etreproprio.com/immobilier-23912133-vente-maison-mauves-sur-loire-4-pieces-10760m2-thouare-sur-loire,304 500,Thouare-Sur-Loire 44470,94,885,4
"Domaine de 32 hectares en bord de rivière avec deux batisses entièrement rénovées, piscines et potentiel touristique en occitani",https://www.etreproprio.com/immobilier-23913944-vente-domaine-de-32-hectares-en-bord-de-riviere-avec-deux-batisses-entierement-renovees-piscines-et-potentiel-touristique-en-occitani-murviel-les-beziers,1 490 000,Murviel-Les-Beziers 34490,231,324 400,12
Maison 179m² à callac,https://www.etreproprio.com/immobilier-23913560-vente-maison-179m-a-callac-callac,169 900,Callac 22160,179,1 617,7
Maison coeur de ville st jean d'angély .... quel charme!,https://www.etreproprio.com/immobilier-23912288-vente-maison-coeur-de-ville-st-jean-d-angely-quel-charme-saint-jean-d-angely,158 760,Saint-Jean-D'angely 17400,115,,5
Maison 330m² à bonnieux,https://www.etreproprio.com/immobilier-23912672-vente-maison-330m-a-bonnieux-bonnieux,1 850 000,Bonnieux 84480,330,20 000,8
Maison contemporaine  5 chambres  houppeville 76770  hameau saint maurice,https://www.etreproprio.com/immobilier-23913171-vente-maison-contemporaine-5-chambres-houppeville-76770-hameau-saint-maurice-malaunay,399 000,Malaunay 76770,170,1 509,7
Maison 6 pièces 111 m2,https://www.etreproprio.com/immobilier-23913380-vente-maison-6-pieces-111-m2-avrille,198 699,Avrille 85440,111,310,6
Maison 37m² à dammarie-les-lys,https://www.etreproprio.com/immobilier-23914026-vente-maison-37m-a-dammarie-les-lys-dammarie-les-lys,125 000,Dammarie-Les-Lys 77190,37,,2
"Maison vaux sur seine, 116 m², 4 chambres",https://www.etreproprio.com/immobilier-23913637-vente-maison-vaux-sur-seine-116-m-4-chambres-vaux-sur-seine,330 000,Vaux-Sur-Seine 78740,116,290,6
Maison 5 pièces 90 m2,https://www.etreproprio.com/immobilier-23912443-vente-maison-5-pieces-90-m2-bornambusc,197 857,Bornambusc 76110,90,528,5
Maison le cellier (6 pièces) 122.90m2,https://www.etreproprio.com/immobilier-23913868-vente-maison-le-cellier-6-pieces-12290m2-le-cellier,540 000,Le Cellier 44850,123,1 938,6
