Ville,Nom,Lien
ANDOUILLE-NEUVILLE,Longère  rénovée contemporaine t6/t7- 176 m2- piscine -secte,https://www.etreproprio.com/immobilier-23594292-vente-longere-renovee-contemporaine-t6t7-176-m2-piscine-secte-andouille-neuville
ANDOUILLE-NEUVILLE,Maison 171m² à andouille-neuville,https://www.etreproprio.com/immobilier-23048611-vente-maison-171m-a-andouille-neuville-andouille-neuville
AMANLIS,Spacieuse maison de caractère à amanlis,https://www.etreproprio.com/immobilier-23876452-vente-spacieuse-maison-de-caractere-a-amanlis-amanlis
AMANLIS,"Maison de 7 pièces de 148,83 m² située à amanlis",https://www.etreproprio.com/immobilier-23814658-vente-maison-de-7-pieces-de-14883-m-situee-a-amanlis-amanlis
AMANLIS,Maison 225m² à amanlis,https://www.etreproprio.com/immobilier-23634745-vente-maison-225m-a-amanlis-amanlis
AMANLIS,Maison 92m² à amanlis,https://www.etreproprio.com/immobilier-22460780-vente-maison-92m-a-amanlis-amanlis
AMANLIS,Maison non mitoyenne - 4 chambres terrain 8 377 m²,https://www.etreproprio.com/immobilier-21025853-vente-maison-non-mitoyenne-4-chambres-terrain-8-377-m-amanlis
AMANLIS,"Maison non mitoyenne - 3 chambres, un bureau terrain 755 m²",https://www.etreproprio.com/immobilier-20146075-vente-maison-non-mitoyenne-3-chambres-un-bureau-terrain-755-m-amanlis
AMANLIS,Maison amanlis 92 m2 - terrain 666 m²- dépendances,https://www.etreproprio.com/immobilier-16329394-vente-maison-amanlis-92-m2-terrain-666-m-dependances-amanlis
ACIGNE,Maison 126m² à acigne,https://www.etreproprio.com/immobilier-23890248-vente-maison-126m-a-acigne-acigne
ACIGNE,Maison 85m² à acigne,https://www.etreproprio.com/immobilier-23839384-vente-maison-85m-a-acigne-acigne
ACIGNE,Maison récente 5 chambres à acigné,https://www.etreproprio.com/immobilier-23810105-vente-maison-recente-5-chambres-a-acigne-acigne
ACIGNE,Jolie maison t5 a acigne !,https://www.etreproprio.com/immobilier-23810322-vente-jolie-maison-t5-a-acigne-acigne
ACIGNE,Acigne - maison 7 pièces de 135m²,https://www.etreproprio.com/immobilier-23813323-vente-acigne-maison-7-pieces-de-135m-acigne
ACIGNE,Maison 149m² à acigne,https://www.etreproprio.com/immobilier-23788646-vente-maison-149m-a-acigne-acigne
ACIGNE,Maison 153m² à acigne,https://www.etreproprio.com/immobilier-23779745-vente-maison-153m-a-acigne-acigne
ACIGNE,Maison 230m² à acigne,https://www.etreproprio.com/immobilier-23159377-vente-maison-230m-a-acigne-acigne
ACIGNE,Maison 230m² à acigne,https://www.etreproprio.com/immobilier-23609335-vente-maison-230m-a-acigne-acigne
ACIGNE,Acigne - longère rénovée de 210m²,https://www.etreproprio.com/immobilier-23561127-vente-acigne-longere-renovee-de-210m-acigne
ACIGNE,Acigne - maison 6 pièces de 121 m²,https://www.etreproprio.com/immobilier-23539139-vente-acigne-maison-6-pieces-de-121-m-acigne
ACIGNE,Maison acigne 4 pièce(s) 126 m2,https://www.etreproprio.com/immobilier-23512546-vente-maison-acigne-4-pieces-126-m2-acigne
ACIGNE,Maison 108m² à acigne,https://www.etreproprio.com/immobilier-22113663-vente-maison-108m-a-acigne-acigne
ACIGNE,Maison 115m² à acigne,https://www.etreproprio.com/immobilier-23102342-vente-maison-115m-a-acigne-acigne
ACIGNE,Maison plain pied 142m² - 6 pièces,https://www.etreproprio.com/immobilier-23367396-vente-maison-plain-pied-142m-6-pieces-acigne
ACIGNE,Acigne proche bourg - maison 6 pièce(s) 150 m²,https://www.etreproprio.com/immobilier-23033195-vente-acigne-proche-bourg-maison-6-pieces-150-m-acigne
ACIGNE,Acigne - maison sur sous-sol de 82m²,https://www.etreproprio.com/immobilier-23310464-vente-acigne-maison-sur-sous-sol-de-82m-acigne
ACIGNE,Maison 117m² à acigne,https://www.etreproprio.com/immobilier-23276383-vente-maison-117m-a-acigne-acigne
ACIGNE,Maison 6 pièces - 130m²,https://www.etreproprio.com/immobilier-23042406-vente-maison-6-pieces-130m-acigne
ACIGNE,"Maison en viager occupé à acigné, ille-et-vilaine",https://www.etreproprio.com/immobilier-22998381-vente-maison-en-viager-occupe-a-acigne-ille-et-vilaine-acigne
ACIGNE,Acigne - pavillon de 118.92m²,https://www.etreproprio.com/immobilier-22087350-vente-acigne-pavillon-de-11892m-acigne
ACIGNE,Maison 120m² à acigne,https://www.etreproprio.com/immobilier-22744840-vente-maison-120m-a-acigne-acigne
ACIGNE,Longere acigné,https://www.etreproprio.com/immobilier-22520863-vente-longere-acigne-acigne
ACIGNE,Maison 98m² à acigne,https://www.etreproprio.com/immobilier-21952203-vente-maison-98m-a-acigne-acigne
ACIGNE,Maison 98m² à acigne,https://www.etreproprio.com/immobilier-21853459-vente-maison-98m-a-acigne-acigne
ACIGNE,Maison ancienne au coeur d'acigné,https://www.etreproprio.com/immobilier-22440390-vente-maison-ancienne-au-coeur-d-acigne-acigne
ACIGNE,Maison d'habitation t5 acigné,https://www.etreproprio.com/immobilier-21825530-vente-maison-d-habitation-t5-acigne-acigne
ACIGNE,Acigne - longère de 126m²,https://www.etreproprio.com/immobilier-22354703-vente-acigne-longere-de-126m-acigne
ACIGNE,Maison de campagne de 124m² sur 5700m² de terrain,https://www.etreproprio.com/immobilier-22087351-vente-maison-de-campagne-de-124m-sur-5700m-de-terrain-acigne
ACIGNE,Acigne hypercentre - maison t4 de 90m²,https://www.etreproprio.com/immobilier-21622219-vente-acigne-hypercentre-maison-t4-de-90m-acigne
ACIGNE,Maison 5 pièces - 98 m2,https://www.etreproprio.com/immobilier-21826361-vente-maison-5-pieces-98-m2-acigne
ANTRAIN,Maison val-couesnon 9 pièce(s) 245 m2,https://www.etreproprio.com/immobilier-23909620-vente-maison-val-couesnon-9-pieces-245-m2-antrain
ANTRAIN,Maison en pierres 75m² - 3 pièces - 2 chambres - terrain 1960m² - val-couesnon,https://www.etreproprio.com/immobilier-23894090-vente-maison-en-pierres-75m-3-pieces-2-chambres-terrain-1960m-val-couesnon-antrain
ANTRAIN,Maison d'architecte de 245 m2 - 6 chambres - atelier de 150 m2,https://www.etreproprio.com/immobilier-23818085-vente-maison-d-architecte-de-245-m2-6-chambres-atelier-de-150-m2-antrain
ANTRAIN,A vendre - val couesnon - maison 9 pièce(s) 250 m²,https://www.etreproprio.com/immobilier-23860578-vente-a-vendre-val-couesnon-maison-9-pieces-250-m-antrain
ANTRAIN,Maison 75m² à antrain,https://www.etreproprio.com/immobilier-23796531-vente-maison-75m-a-antrain-antrain
ANTRAIN,Maison 160m² à antrain,https://www.etreproprio.com/immobilier-23797775-vente-maison-160m-a-antrain-antrain
ANTRAIN,Maison 112m² à antrain,https://www.etreproprio.com/immobilier-23785947-vente-maison-112m-a-antrain-antrain
ANTRAIN,"Bretagne, ille et vilaine, la fontenelle, 4 chambres, garage, grange, 5526m2 terrain",https://www.etreproprio.com/immobilier-23754717-vente-bretagne-ille-et-vilaine-la-fontenelle-4-chambres-garage-grange-5526m2-terrain-antrain
ANTRAIN,Longère en pierres – val-couesnon,https://www.etreproprio.com/immobilier-23672413-vente-longere-en-pierres-val-couesnon-antrain
ANTRAIN,A vendre - maison de ville a renover - antrain,https://www.etreproprio.com/immobilier-23721757-vente-a-vendre-maison-de-ville-a-renover-antrain-antrain
ANTRAIN,A vendre pavillon 2016 à tremblay de 116m2,https://www.etreproprio.com/immobilier-23687592-vente-a-vendre-pavillon-2016-a-tremblay-de-116m2-antrain
ANTRAIN,Maison 220m² à antrain,https://www.etreproprio.com/immobilier-23602932-vente-maison-220m-a-antrain-antrain
ANTRAIN,Maison 70m² à antrain,https://www.etreproprio.com/immobilier-23591963-vente-maison-70m-a-antrain-antrain
ANTRAIN,Ensemble maison et atelier - idéal pour artisan - val couesnon,https://www.etreproprio.com/immobilier-23477335-vente-ensemble-maison-et-atelier-ideal-pour-artisan-val-couesnon-antrain
ANTRAIN,Maison 206m² à antrain,https://www.etreproprio.com/immobilier-22682740-vente-maison-206m-a-antrain-antrain
ANTRAIN,Entre pontorson et antrain. (sacey) pavillon 1993 sur sous-sol - 132 m2 - 4 chambres -  terrain: 1.038 m2.,https://www.etreproprio.com/immobilier-23312917-vente-entre-pontorson-et-antrain-sacey-pavillon-1993-sur-sous-sol-132-m2-4-chambres-terrain-1038-m2-antrain
ANTRAIN,Maison 160m² à antrain,https://www.etreproprio.com/immobilier-23318765-vente-maison-160m-a-antrain-antrain
ANTRAIN,Maison 8 pièces - 6 chambres - 163 m2,https://www.etreproprio.com/immobilier-22927178-vente-maison-8-pieces-6-chambres-163-m2-antrain
ANTRAIN,Maison de ville 148 m² – centre d’antrain – 4 chambres – grande cave,https://www.etreproprio.com/immobilier-22698713-vente-maison-de-ville-148-m-centre-d-antrain-4-chambres-grande-cave-antrain
ANTRAIN,Maison 109m² à val-couesnon,https://www.etreproprio.com/immobilier-23045712-vente-maison-109m-a-val-couesnon-antrain
ARGENTRE-DU-PLESSIS,Maison 118 m2 avec jardin en centre ville d'argentre du plessis,https://www.etreproprio.com/immobilier-23531413-vente-maison-118-m2-avec-jardin-en-centre-ville-d-argentre-du-plessis-argentre-du-plessis
ARGENTRE-DU-PLESSIS,Vrai havre de paix entre vitre et laval,https://www.etreproprio.com/immobilier-21829531-vente-vrai-havre-de-paix-entre-vitre-et-laval-argentre-du-plessis
ARGENTRE-DU-PLESSIS,Maison 138m² à argentre-du-plessis,https://www.etreproprio.com/immobilier-23684965-vente-maison-138m-a-argentre-du-plessis-argentre-du-plessis
ARGENTRE-DU-PLESSIS,Vente maison argentre-du-plessis(35370) 204 750ï¿œ,https://www.etreproprio.com/immobilier-23597011-vente-vente-maison-argentre-du-plessis35370-204-750i-oe-argentre-du-plessis
ARGENTRE-DU-PLESSIS,Maison argentre du plessis 5 pièce(s) 103 m2,https://www.etreproprio.com/immobilier-23599473-vente-maison-argentre-du-plessis-5-pieces-103-m2-argentre-du-plessis
ARGENTRE-DU-PLESSIS,Maison 99m² à argentre-du-plessis,https://www.etreproprio.com/immobilier-23599508-vente-maison-99m-a-argentre-du-plessis-argentre-du-plessis
ARGENTRE-DU-PLESSIS,Maison de plain pied - argentre du plessis - avec jardin,https://www.etreproprio.com/immobilier-23586700-vente-maison-de-plain-pied-argentre-du-plessis-avec-jardin-argentre-du-plessis
ARGENTRE-DU-PLESSIS,Maison 119m² à argentre-du-plessis,https://www.etreproprio.com/immobilier-23566836-vente-maison-119m-a-argentre-du-plessis-argentre-du-plessis
ARGENTRE-DU-PLESSIS,Maison en pierres - plein centre ville d'argentre du plessis - avec jardin,https://www.etreproprio.com/immobilier-23517771-vente-maison-en-pierres-plein-centre-ville-d-argentre-du-plessis-avec-jardin-argentre-du-plessis
ARGENTRE-DU-PLESSIS,Maison 103m² à argentre-du-plessis,https://www.etreproprio.com/immobilier-22361090-vente-maison-103m-a-argentre-du-plessis-argentre-du-plessis
ARGENTRE-DU-PLESSIS,Vente maison argentre-du-plessis(35370) 378 000ï¿œ,https://www.etreproprio.com/immobilier-23062483-vente-vente-maison-argentre-du-plessis35370-378-000i-oe-argentre-du-plessis
ARGENTRE-DU-PLESSIS,Maison familiale de 145 m2 au coeur du centre ville d'argentre du plessis avec terrasse et dependance,https://www.etreproprio.com/immobilier-23214734-vente-maison-familiale-de-145-m2-au-coeur-du-centre-ville-d-argentre-du-plessis-avec-terrasse-et-dependance-argentre-du-plessis
ARGENTRE-DU-PLESSIS,Vente maison argentre-du-plessis(35370) 229 900ï¿œ,https://www.etreproprio.com/immobilier-22528510-vente-vente-maison-argentre-du-plessis35370-229-900i-oe-argentre-du-plessis
ARGENTRE-DU-PLESSIS,Vente maison argentre-du-plessis(35370) 499 800ï¿œ,https://www.etreproprio.com/immobilier-22166196-vente-vente-maison-argentre-du-plessis35370-499-800i-oe-argentre-du-plessis
ARGENTRE-DU-PLESSIS,Maison 175m² à argentre-du-plessis,https://www.etreproprio.com/immobilier-18492220-vente-maison-175m-a-argentre-du-plessis-argentre-du-plessis
AUBIGNE,Maison au centre d'aubigné - opportunité d'investissement exceptionnelle,https://www.etreproprio.com/immobilier-23836468-vente-maison-au-centre-d-aubigne-opportunite-d-investissement-exceptionnelle-aubigne
AUBIGNE,Maison au centre d'aubigné - opportunité d'investissement exceptionnelle,https://www.etreproprio.com/immobilier-23615351-vente-maison-au-centre-d-aubigne-opportunite-d-investissement-exceptionnelle-aubigne
ANTRAIN,Maison val couesnon 4 pièce(s) 89 m2,https://www.etreproprio.com/immobilier-22351540-vente-maison-val-couesnon-4-pieces-89-m2-antrain
ANTRAIN,Maison val couesnon 4 pièce(s) 87 m2,https://www.etreproprio.com/immobilier-22959297-vente-maison-val-couesnon-4-pieces-87-m2-antrain
ANTRAIN,Maison val couesnon 4 pièce(s) 36m2,https://www.etreproprio.com/immobilier-22943305-vente-maison-val-couesnon-4-pieces-36m2-antrain
ANTRAIN,Ensemble immobilier de deux maisons,https://www.etreproprio.com/immobilier-22927185-vente-ensemble-immobilier-de-deux-maisons-antrain
ANTRAIN,Local professionnel  + 300 m² – parking privatif,https://www.etreproprio.com/immobilier-22615866-vente-local-professionnel-300-m-parking-privatif-antrain
ANTRAIN,Maison 83m² à antrain,https://www.etreproprio.com/immobilier-22502512-vente-maison-83m-a-antrain-antrain
ANTRAIN,Maison saint ouen la rouerie 5 pièce(s),https://www.etreproprio.com/immobilier-22458295-vente-maison-saint-ouen-la-rouerie-5-pieces-antrain
AVAILLES-SUR-SEICHE,Maison 180m² à availles-sur-seiche,https://www.etreproprio.com/immobilier-23787440-vente-maison-180m-a-availles-sur-seiche-availles-sur-seiche
AVAILLES-SUR-SEICHE,"Availles sur seiche, maison de 6 pièces, 150.72 m2 et terrain de 1470 m²",https://www.etreproprio.com/immobilier-23755560-vente-availles-sur-seiche-maison-de-6-pieces-15072-m2-et-terrain-de-1470-m-availles-sur-seiche
AVAILLES-SUR-SEICHE,Vente maison availles-sur-seiche(35130) 99 995ï¿œ,https://www.etreproprio.com/immobilier-19054566-vente-vente-maison-availles-sur-seiche35130-99-995i-oe-availles-sur-seiche
BAGUER-MORVAN,Baguer morvan - exclusivite,https://www.etreproprio.com/immobilier-23807236-vente-baguer-morvan-exclusivite-baguer-morvan
BAGUER-MORVAN,Maison - 5 chambres - 35120 - baguer morvan - sous sol complet,https://www.etreproprio.com/immobilier-23717007-vente-maison-5-chambres-35120-baguer-morvan-sous-sol-complet-baguer-morvan
BAGUER-MORVAN,Baguer-morvan - campagne,https://www.etreproprio.com/immobilier-23635883-vente-baguer-morvan-campagne-baguer-morvan
BAGUER-MORVAN,Maison rénovée avec étang et prairie .,https://www.etreproprio.com/immobilier-23343922-vente-maison-renovee-avec-etang-et-prairie-baguer-morvan
BAGUER-MORVAN,"Nouveauté. idéalement située, en plein coeur de baguer-morvan.",https://www.etreproprio.com/immobilier-23315862-vente-nouveaute-idealement-situee-en-plein-coeur-de-baguer-morvan-baguer-morvan
BAGUER-MORVAN,Maison baguer morvan  93 m2,https://www.etreproprio.com/immobilier-22732990-vente-maison-baguer-morvan-93-m2-baguer-morvan
BAGUER-MORVAN,Maison 164m² à baguer-morvan,https://www.etreproprio.com/immobilier-22008092-vente-maison-164m-a-baguer-morvan-baguer-morvan
BAGUER-MORVAN,Maison 298m² à baguer-morvan,https://www.etreproprio.com/immobilier-21279532-vente-maison-298m-a-baguer-morvan-baguer-morvan
BAGUER-PICAN,Longère baguer pican 5 pièce(s) 216 m2,https://www.etreproprio.com/immobilier-23847537-vente-longere-baguer-pican-5-pieces-216-m2-baguer-pican
BAGUER-PICAN,Maison à vendre baguer pican 7 pièce(s) 142 m2,https://www.etreproprio.com/immobilier-22469217-vente-maison-a-vendre-baguer-pican-7-pieces-142-m2-baguer-pican
BAGUER-PICAN,Maison 155m² à baguer-pican,https://www.etreproprio.com/immobilier-23703354-vente-maison-155m-a-baguer-pican-baguer-pican
BAGUER-PICAN,Maison avec jardin baguer pican à vendre,https://www.etreproprio.com/immobilier-23403155-vente-maison-avec-jardin-baguer-pican-a-vendre-baguer-pican
BAGUER-PICAN,Maison en pierre proche centre commercial et gare,https://www.etreproprio.com/immobilier-23644305-vente-maison-en-pierre-proche-centre-commercial-et-gare-baguer-pican
BAGUER-PICAN,"Maison de 75m2, 4 pièces",https://www.etreproprio.com/immobilier-23615456-vente-maison-de-75m2-4-pieces-baguer-pican
BAGUER-PICAN,Baguer pican,https://www.etreproprio.com/immobilier-23326494-vente-baguer-pican-baguer-pican
BAGUER-PICAN,Baguer-pican - maison en pierres,https://www.etreproprio.com/immobilier-22457660-vente-baguer-pican-maison-en-pierres-baguer-pican
BAGUER-PICAN,Maison (5 pièces)   baguer-pican,https://www.etreproprio.com/immobilier-23380691-vente-maison-5-pieces-baguer-pican-baguer-pican
BAGUER-PICAN,Maison ancienne rénovée avec goûts - t6 - possibilité de louer un appartement à l'étage,https://www.etreproprio.com/immobilier-23379785-vente-maison-ancienne-renovee-avec-gouts-t6-possibilite-de-louer-un-appartement-a-l-etage-baguer-pican
BAGUER-PICAN,Maison à vendre à rénover baguer pican 1 pièce(s) 96m2,https://www.etreproprio.com/immobilier-23328375-vente-maison-a-vendre-a-renover-baguer-pican-1-pieces-96m2-baguer-pican
BAGUER-PICAN,Maison de campagne dans la baie du mt-st-michel,https://www.etreproprio.com/immobilier-21827966-vente-maison-de-campagne-dans-la-baie-du-mt-st-michel-baguer-pican
BAGUER-PICAN,Maison pierre et terre baguer pican,https://www.etreproprio.com/immobilier-22928510-vente-maison-pierre-et-terre-baguer-pican-baguer-pican
BAGUER-PICAN,"Dpt (35), à vendre maison avec 2 appartements à baguer-pican en baie du mont saint michel",https://www.etreproprio.com/immobilier-22703872-vente-dpt-35-a-vendre-maison-avec-2-appartements-a-baguer-pican-en-baie-du-mont-saint-michel-baguer-pican
BAGUER-PICAN,Baguer-pican - ancienne chaumière,https://www.etreproprio.com/immobilier-19617734-vente-baguer-pican-ancienne-chaumiere-baguer-pican
BAGUER-PICAN,Vendu - maison à rénover - 120m² - baguer pican,https://www.etreproprio.com/immobilier-21185064-vente-vendu-maison-a-renover-120m-baguer-pican-baguer-pican
BAIN-DE-BRETAGNE,Maison 228m² à bain-de-bretagne,https://www.etreproprio.com/immobilier-23866533-vente-maison-228m-a-bain-de-bretagne-bain-de-bretagne
BAIN-DE-BRETAGNE,Maison de bourg 50 m² - 2 pièces - 1 chambre - 470m² de terrain - plechatel,https://www.etreproprio.com/immobilier-22675588-vente-maison-de-bourg-50-m-2-pieces-1-chambre-470m-de-terrain-plechatel-bain-de-bretagne
BAIN-DE-BRETAGNE,Maison de ville de 140 m²,https://www.etreproprio.com/immobilier-22658502-vente-maison-de-ville-de-140-m-bain-de-bretagne
BAIN-DE-BRETAGNE,Maison 102m² à bain-de-bretagne,https://www.etreproprio.com/immobilier-23838562-vente-maison-102m-a-bain-de-bretagne-bain-de-bretagne
BAIN-DE-BRETAGNE,Maison 200m² à bain-de-bretagne,https://www.etreproprio.com/immobilier-23838561-vente-maison-200m-a-bain-de-bretagne-bain-de-bretagne
BAIN-DE-BRETAGNE,Maison 384m² à bain-de-bretagne,https://www.etreproprio.com/immobilier-23820378-vente-maison-384m-a-bain-de-bretagne-bain-de-bretagne
BAIN-DE-BRETAGNE,Maison 184m² à bain-de-bretagne,https://www.etreproprio.com/immobilier-23775540-vente-maison-184m-a-bain-de-bretagne-bain-de-bretagne
BAIN-DE-BRETAGNE,Maison 303m² à bain-de-bretagne,https://www.etreproprio.com/immobilier-23767046-vente-maison-303m-a-bain-de-bretagne-bain-de-bretagne
BAIN-DE-BRETAGNE,Maison 150m² à bain-de-bretagne,https://www.etreproprio.com/immobilier-23728593-vente-maison-150m-a-bain-de-bretagne-bain-de-bretagne
BAIN-DE-BRETAGNE,Maison 130m² à bain-de-bretagne,https://www.etreproprio.com/immobilier-23703108-vente-maison-130m-a-bain-de-bretagne-bain-de-bretagne
BAIN-DE-BRETAGNE,Maison 129m² à bain-de-bretagne,https://www.etreproprio.com/immobilier-23645891-vente-maison-129m-a-bain-de-bretagne-bain-de-bretagne
BAIN-DE-BRETAGNE,Maison 98m² à bain-de-bretagne,https://www.etreproprio.com/immobilier-23640894-vente-maison-98m-a-bain-de-bretagne-bain-de-bretagne
BAIN-DE-BRETAGNE,"Maison de bourg t3 77,42 m2 - 1 426 m2 de terrain",https://www.etreproprio.com/immobilier-22538407-vente-maison-de-bourg-t3-7742-m2-1-426-m2-de-terrain-bain-de-bretagne
BAIN-DE-BRETAGNE,Maison bain de bretagne,https://www.etreproprio.com/immobilier-23008833-vente-maison-bain-de-bretagne-bain-de-bretagne
BAIN-DE-BRETAGNE,Maison 137m² à bain-de-bretagne,https://www.etreproprio.com/immobilier-23565242-vente-maison-137m-a-bain-de-bretagne-bain-de-bretagne
BAIN-DE-BRETAGNE,"Maison a la campagne, rénovée 5 chambres avec piscine et jardin arboré",https://www.etreproprio.com/immobilier-23552363-vente-maison-a-la-campagne-renovee-5-chambres-avec-piscine-et-jardin-arbore-bain-de-bretagne
BAIN-DE-BRETAGNE,Maison 230m² à bain-de-bretagne,https://www.etreproprio.com/immobilier-23535534-vente-maison-230m-a-bain-de-bretagne-bain-de-bretagne
BAIN-DE-BRETAGNE,Maison 121m² à bain-de-bretagne,https://www.etreproprio.com/immobilier-23535536-vente-maison-121m-a-bain-de-bretagne-bain-de-bretagne
BAIN-DE-BRETAGNE,L'élégance au quotidien dans un cadre de vie privilégié,https://www.etreproprio.com/immobilier-23437081-vente-l-elegance-au-quotidien-dans-un-cadre-de-vie-privilegie-bain-de-bretagne
BAIN-DE-BRETAGNE,Maison 82m² à bain-de-bretagne,https://www.etreproprio.com/immobilier-23497244-vente-maison-82m-a-bain-de-bretagne-bain-de-bretagne
BAINS-SUR-OUST,Maison bains sur oust 4 pièce(s) 86 m2,https://www.etreproprio.com/immobilier-23891597-vente-maison-bains-sur-oust-4-pieces-86-m2-bains-sur-oust
BAINS-SUR-OUST,Maison bains sur oust 6 pièce(s) 135 m2,https://www.etreproprio.com/immobilier-23891596-vente-maison-bains-sur-oust-6-pieces-135-m2-bains-sur-oust
BAINS-SUR-OUST,Maison 121m² à bains-sur-oust,https://www.etreproprio.com/immobilier-23873886-vente-maison-121m-a-bains-sur-oust-bains-sur-oust
BAINS-SUR-OUST,Maison 102m² à bains-sur-oust,https://www.etreproprio.com/immobilier-23822457-vente-maison-102m-a-bains-sur-oust-bains-sur-oust
BAINS-SUR-OUST,A decouvrir 2 maisons sur la commune de bains sur oust (35600),https://www.etreproprio.com/immobilier-23681796-vente-a-decouvrir-2-maisons-sur-la-commune-de-bains-sur-oust-35600-bains-sur-oust
BAINS-SUR-OUST,Maison 145m² à bains-sur-oust,https://www.etreproprio.com/immobilier-23580877-vente-maison-145m-a-bains-sur-oust-bains-sur-oust
BAINS-SUR-OUST,Maison bains-sur-oust 4 pièce(s) 86 m2,https://www.etreproprio.com/immobilier-14434862-vente-maison-bains-sur-oust-4-pieces-86-m2-bains-sur-oust
BAINS-SUR-OUST,"Ancien corps de ferme en pierre - charme, calme et potentiel à la campagne",https://www.etreproprio.com/immobilier-23531216-vente-ancien-corps-de-ferme-en-pierre-charme-calme-et-potentiel-a-la-campagne-bains-sur-oust
BAINS-SUR-OUST,Maison 93m² à bains-sur-oust,https://www.etreproprio.com/immobilier-23479092-vente-maison-93m-a-bains-sur-oust-bains-sur-oust
BAINS-SUR-OUST,Maison 162m² à bains-sur-oust,https://www.etreproprio.com/immobilier-23280253-vente-maison-162m-a-bains-sur-oust-bains-sur-oust
BAINS-SUR-OUST,"Maison contemporaine de standing avec piscine — confort, élégance et sérénité 162m² - 5 chambres",https://www.etreproprio.com/immobilier-23416081-vente-maison-contemporaine-de-standing-avec-piscine-confort-elegance-et-serenite-162m-5-chambres-bains-sur-oust
BAINS-SUR-OUST,Maison 97m² à bains-sur-oust,https://www.etreproprio.com/immobilier-23280254-vente-maison-97m-a-bains-sur-oust-bains-sur-oust
BAINS-SUR-OUST,Maison de caractere 4 chambres - 200m² - bain s/ oust,https://www.etreproprio.com/immobilier-21883113-vente-maison-de-caractere-4-chambres-200m-bain-s-oust-bains-sur-oust
BAINS-SUR-OUST,Maison 103m² à bains-sur-oust,https://www.etreproprio.com/immobilier-22749310-vente-maison-103m-a-bains-sur-oust-bains-sur-oust
BAINS-SUR-OUST,Maison individuelle,https://www.etreproprio.com/immobilier-20577763-vente-maison-individuelle-bains-sur-oust
BAINS-SUR-OUST,Longère de 130 m2,https://www.etreproprio.com/immobilier-22931798-vente-longere-de-130-m2-bains-sur-oust
BAINS-SUR-OUST,Maison bains sur oust 5 pièces 400 m2,https://www.etreproprio.com/immobilier-22349864-vente-maison-bains-sur-oust-5-pieces-400-m2-bains-sur-oust
BAINS-SUR-OUST,authentique corps de ferme avec terrain de plus d’un hectare,https://www.etreproprio.com/immobilier-22193160-vente-authentique-corps-de-ferme-avec-terrain-de-plus-d-un-hectare-bains-sur-oust
BAIN-DE-BRETAGNE,Maison 162m² à bain-de-bretagne,https://www.etreproprio.com/immobilier-23423540-vente-maison-162m-a-bain-de-bretagne-bain-de-bretagne
BAIN-DE-BRETAGNE,Maison 580m² à bain-de-bretagne,https://www.etreproprio.com/immobilier-23417150-vente-maison-580m-a-bain-de-bretagne-bain-de-bretagne
BAIN-DE-BRETAGNE,Maison familiale (2012) t8 - 578 m2 (5 chambres et bureau),https://www.etreproprio.com/immobilier-23410796-vente-maison-familiale-2012-t8-578-m2-5-chambres-et-bureau-bain-de-bretagne
BAIN-DE-BRETAGNE,Longère en pierre t8 199 m2 - 3 900 m2,https://www.etreproprio.com/immobilier-23334406-vente-longere-en-pierre-t8-199-m2-3-900-m2-bain-de-bretagne
BAIN-DE-BRETAGNE,Maison 84m² à bain-de-bretagne,https://www.etreproprio.com/immobilier-22621343-vente-maison-84m-a-bain-de-bretagne-bain-de-bretagne
BAIN-DE-BRETAGNE,Maison bain de bretagne 4 pièce(s) 160 m2,https://www.etreproprio.com/immobilier-21020949-vente-maison-bain-de-bretagne-4-pieces-160-m2-bain-de-bretagne
BAIN-DE-BRETAGNE,Maison 135m² à bain-de-bretagne,https://www.etreproprio.com/immobilier-23326955-vente-maison-135m-a-bain-de-bretagne-bain-de-bretagne
BAIN-DE-BRETAGNE,Maison 165m² à bain-de-bretagne,https://www.etreproprio.com/immobilier-22668137-vente-maison-165m-a-bain-de-bretagne-bain-de-bretagne
BAIN-DE-BRETAGNE,Maison 150m² à bain-de-bretagne,https://www.etreproprio.com/immobilier-23131715-vente-maison-150m-a-bain-de-bretagne-bain-de-bretagne
BAIN-DE-BRETAGNE,Maison 102m² à bain-de-bretagne,https://www.etreproprio.com/immobilier-22461272-vente-maison-102m-a-bain-de-bretagne-bain-de-bretagne
BAIN-DE-BRETAGNE,Maison 119m² à bain-de-bretagne,https://www.etreproprio.com/immobilier-23237879-vente-maison-119m-a-bain-de-bretagne-bain-de-bretagne
BAIN-DE-BRETAGNE,Maison contemporaine de 140m² - 6 pièces - 5 chambres - terrain de 722m² - bain-de-bretagne,https://www.etreproprio.com/immobilier-22334790-vente-maison-contemporaine-de-140m-6-pieces-5-chambres-terrain-de-722m-bain-de-bretagne-bain-de-bretagne
BAIN-DE-BRETAGNE,Maison 114m² à bain-de-bretagne,https://www.etreproprio.com/immobilier-23161681-vente-maison-114m-a-bain-de-bretagne-bain-de-bretagne
BAIN-DE-BRETAGNE,Rare à bain de bretagne : maison familiale de 228 m2 sur 1750 m2 de jardin en centre ville,https://www.etreproprio.com/immobilier-23147364-vente-rare-a-bain-de-bretagne-maison-familiale-de-228-m2-sur-1750-m2-de-jardin-en-centre-ville-bain-de-bretagne
BAIN-DE-BRETAGNE,Maison 228m² à bain-de-bretagne,https://www.etreproprio.com/immobilier-23111069-vente-maison-228m-a-bain-de-bretagne-bain-de-bretagne
BAIN-DE-BRETAGNE,Maison 194m² à bain-de-bretagne,https://www.etreproprio.com/immobilier-20845660-vente-maison-194m-a-bain-de-bretagne-bain-de-bretagne
BAIN-DE-BRETAGNE,Maison 165m² à bain-de-bretagne,https://www.etreproprio.com/immobilier-23039903-vente-maison-165m-a-bain-de-bretagne-bain-de-bretagne
BAIN-DE-BRETAGNE,Vaste propriété et ses nombreuses pièces,https://www.etreproprio.com/immobilier-21411728-vente-vaste-propriete-et-ses-nombreuses-pieces-bain-de-bretagne
BAIN-DE-BRETAGNE,Maison 95m² à bain-de-bretagne,https://www.etreproprio.com/immobilier-22741771-vente-maison-95m-a-bain-de-bretagne-bain-de-bretagne
BAIN-DE-BRETAGNE,Maison 143m² à bain-de-bretagne,https://www.etreproprio.com/immobilier-22716059-vente-maison-143m-a-bain-de-bretagne-bain-de-bretagne
BAIS,Maison 290m² à bais,https://www.etreproprio.com/immobilier-23876639-vente-maison-290m-a-bais-bais
BAIS,Maison 271m² à bais,https://www.etreproprio.com/immobilier-23843459-vente-maison-271m-a-bais-bais
BAIS,Maison bais 6 pièce(s),https://www.etreproprio.com/immobilier-23729341-vente-maison-bais-6-pieces-bais
BAIS,Maison 252m² à bais,https://www.etreproprio.com/immobilier-23655254-vente-maison-252m-a-bais-bais
BAIS,Maison bais 5 pièce(s) 115 m2,https://www.etreproprio.com/immobilier-22351784-vente-maison-bais-5-pieces-115-m2-bais
BAIS,Maison 100m² à bais,https://www.etreproprio.com/immobilier-23101748-vente-maison-100m-a-bais-bais
BAIS,Maison 296m² à bais,https://www.etreproprio.com/immobilier-23564931-vente-maison-296m-a-bais-bais
BAIS,Bâtisse à rénover avec terrain arboré et hangar.,https://www.etreproprio.com/immobilier-23485751-vente-batisse-a-renover-avec-terrain-arbore-et-hangar-bais
BAIS,Maison 180m² à bais,https://www.etreproprio.com/immobilier-23477046-vente-maison-180m-a-bais-bais
BAIS,Vente maison bais(35680) 168 000ï¿œ,https://www.etreproprio.com/immobilier-21581838-vente-vente-maison-bais35680-168-000i-oe-bais
BAIS,Maison 5 pièces 140 m2,https://www.etreproprio.com/immobilier-22404977-vente-maison-5-pieces-140-m2-bais
BAIS,Belle maison familiale,https://www.etreproprio.com/immobilier-21883759-vente-belle-maison-familiale-bais
BAIS,"Longère de caractère en pierre avec dépendances, garage et atelier   à 3 km de la guerche",https://www.etreproprio.com/immobilier-22164140-vente-longere-de-caractere-en-pierre-avec-dependances-garage-et-atelier-a-3-km-de-la-guerche-bais
BALAZE,Balaze - a vendre - maison,https://www.etreproprio.com/immobilier-23797605-vente-balaze-a-vendre-maison-balaze
BALAZE,Maison 273m² à balaze,https://www.etreproprio.com/immobilier-23775264-vente-maison-273m-a-balaze-balaze
BALAZE,"Maison neuve avec dpe en a, dans un environnement bucolique",https://www.etreproprio.com/immobilier-23736973-vente-maison-neuve-avec-dpe-en-a-dans-un-environnement-bucolique-balaze
BALAZE,Balaze - maison de maître en coeur de village,https://www.etreproprio.com/immobilier-23631350-vente-balaze-maison-de-maitre-en-coeur-de-village-balaze
BALAZE,Balaze - maison - vendu,https://www.etreproprio.com/immobilier-23618590-vente-balaze-maison-vendu-balaze
BALAZE,Balaze - a vendre - maison,https://www.etreproprio.com/immobilier-23568176-vente-balaze-a-vendre-maison-balaze
BALAZE,Maison 120m² à balaze,https://www.etreproprio.com/immobilier-23511053-vente-maison-120m-a-balaze-balaze
BALAZE,Balaze - a vendre - maison,https://www.etreproprio.com/immobilier-23420652-vente-balaze-a-vendre-maison-balaze
BALAZE,Maison 120m² à balaze,https://www.etreproprio.com/immobilier-21815676-vente-maison-120m-a-balaze-balaze
BALAZE,Maison 120m² à balaze,https://www.etreproprio.com/immobilier-22420850-vente-maison-120m-a-balaze-balaze
BALAZE,Maison 5 pièce(s) - 5min de vitre,https://www.etreproprio.com/immobilier-21751254-vente-maison-5-pieces-5min-de-vitre-balaze
BALAZE,Maison 55m² à balaze,https://www.etreproprio.com/immobilier-22976362-vente-maison-55m-a-balaze-balaze
BALAZE,Maison 121m² à balaze,https://www.etreproprio.com/immobilier-21912222-vente-maison-121m-a-balaze-balaze
BALAZE,Maison balazé 5 pièce(s) 119 m2,https://www.etreproprio.com/immobilier-22315271-vente-maison-balaze-5-pieces-119-m2-balaze
BALAZE,Balazé - ancien bâtiment de ferme à rénover 85 m2 au sol,https://www.etreproprio.com/immobilier-17444957-vente-balaze-ancien-batiment-de-ferme-a-renover-85-m2-au-sol-balaze
BALAZE,Maison balaze 4 pièce(s) 90 m2,https://www.etreproprio.com/immobilier-20549894-vente-maison-balaze-4-pieces-90-m2-balaze
BAIN-DE-BRETAGNE,Maison de ville à rénover de 79 m²,https://www.etreproprio.com/immobilier-22668465-vente-maison-de-ville-a-renover-de-79-m-bain-de-bretagne
BAIN-DE-BRETAGNE,Maison 133m² à bain-de-bretagne,https://www.etreproprio.com/immobilier-22553595-vente-maison-133m-a-bain-de-bretagne-bain-de-bretagne
BAIN-DE-BRETAGNE,Maison 145m² à bain-de-bretagne,https://www.etreproprio.com/immobilier-22553568-vente-maison-145m-a-bain-de-bretagne-bain-de-bretagne
BAIN-DE-BRETAGNE,Maison 180m² à bain-de-bretagne,https://www.etreproprio.com/immobilier-22385129-vente-maison-180m-a-bain-de-bretagne-bain-de-bretagne
BAIN-DE-BRETAGNE,Longère en pierre t9 210m2 - 3900 m2,https://www.etreproprio.com/immobilier-22299428-vente-longere-en-pierre-t9-210m2-3900-m2-bain-de-bretagne
BAIN-DE-BRETAGNE,Ancienne halte de gare   maison de caractère avec grand terrain et dépendances,https://www.etreproprio.com/immobilier-22215070-vente-ancienne-halte-de-gare-maison-de-caractere-avec-grand-terrain-et-dependances-bain-de-bretagne
BAIN-DE-BRETAGNE,Maison bain de bretagne 9 pièce(s) 280m²,https://www.etreproprio.com/immobilier-19645883-vente-maison-bain-de-bretagne-9-pieces-280m-bain-de-bretagne
BAIN-DE-BRETAGNE,Vendu maison en pierres a rehabiliter  - jardin - bain de bretagne - ille et vilaine,https://www.etreproprio.com/immobilier-18500009-vente-vendu-maison-en-pierres-a-rehabiliter-jardin-bain-de-bretagne-ille-et-vilaine-bain-de-bretagne
BAULON,Maison d'architecte baulon 5 pièces 147 m²,https://www.etreproprio.com/immobilier-23909975-vente-maison-d-architecte-baulon-5-pieces-147-m-baulon
BAULON,Maison 147m² à baulon,https://www.etreproprio.com/immobilier-23621254-vente-maison-147m-a-baulon-baulon
BAULON,Maison en pierres à rénover baulon,https://www.etreproprio.com/immobilier-23678025-vente-maison-en-pierres-a-renover-baulon-baulon
BAULON,Maison 132m² à baulon,https://www.etreproprio.com/immobilier-22744838-vente-maison-132m-a-baulon-baulon
BAULON,Maison 7 pièces 148 m²,https://www.etreproprio.com/immobilier-23499836-vente-maison-7-pieces-148-m-baulon
BAULON,Charmante maison de bourg à baulon,https://www.etreproprio.com/immobilier-23368774-vente-charmante-maison-de-bourg-a-baulon-baulon
BAULON,Baulon - coup de coeur pour ce loft lumineux de plain-pied 123 m² avec terrasse plein sud,https://www.etreproprio.com/immobilier-22912054-vente-baulon-coup-de-coeur-pour-ce-loft-lumineux-de-plain-pied-123-m-avec-terrasse-plein-sud-baulon
LA BAUSSAINE,A vendre - soquet immobilier - maison de caractere - la baussaine,https://www.etreproprio.com/immobilier-23670836-vente-a-vendre-soquet-immobilier-maison-de-caractere-la-baussaine-la-baussaine
LA BAUSSAINE,Propriété avec grande maison familiale et gite indépendant la baussaine,https://www.etreproprio.com/immobilier-22496600-vente-propriete-avec-grande-maison-familiale-et-gite-independant-la-baussaine-la-baussaine
LA BAUSSAINE,Maison la baussaine 12 pièces 280 m²,https://www.etreproprio.com/immobilier-20466771-vente-maison-la-baussaine-12-pieces-280-m-la-baussaine
LA BAZOUGE-DU-DESERT,Maison 154m² à la bazouge-du-desert,https://www.etreproprio.com/immobilier-23811528-vente-maison-154m-a-la-bazouge-du-desert-la-bazouge-du-desert
LA BAZOUGE-DU-DESERT,Maison la bazouge du desert 4 pièce(s),https://www.etreproprio.com/immobilier-22286699-vente-maison-la-bazouge-du-desert-4-pieces-la-bazouge-du-desert
LA BAZOUGE-DU-DESERT,Maison la bazouge du desert 6 pièce(s),https://www.etreproprio.com/immobilier-23443545-vente-maison-la-bazouge-du-desert-6-pieces-la-bazouge-du-desert
LA BAZOUGE-DU-DESERT,Maison 195m² à la bazouge-du-desert,https://www.etreproprio.com/immobilier-22395968-vente-maison-195m-a-la-bazouge-du-desert-la-bazouge-du-desert
LA BAZOUGE-DU-DESERT,Maison 114m² à la bazouge-du-desert,https://www.etreproprio.com/immobilier-22548821-vente-maison-114m-a-la-bazouge-du-desert-la-bazouge-du-desert
LA BAZOUGE-DU-DESERT,A vendre maison la bazouge du d. 4 pièces 89 m²,https://www.etreproprio.com/immobilier-22093263-vente-a-vendre-maison-la-bazouge-du-d-4-pieces-89-m-la-bazouge-du-desert
LA BAZOUGE-DU-DESERT,Maison à rénover avec terrain la bazouge du desert (35),https://www.etreproprio.com/immobilier-18624412-vente-maison-a-renover-avec-terrain-la-bazouge-du-desert-35-la-bazouge-du-desert
BAZOUGES-LA-PEROUSE,Maison bazouges la perouse 6 pièce(s) 149 m2,https://www.etreproprio.com/immobilier-23828837-vente-maison-bazouges-la-perouse-6-pieces-149-m2-bazouges-la-perouse
BAZOUGES-LA-PEROUSE,Charmante maison en pierre à bzaouges la pérouse 79 m² habitables + grenier sur un jardin de 285 m²,https://www.etreproprio.com/immobilier-23827976-vente-charmante-maison-en-pierre-a-bzaouges-la-perouse-79-m-habitables-grenier-sur-un-jardin-de-285-m-bazouges-la-perouse
BAZOUGES-LA-PEROUSE,Maison 48m² à bazouges-la-perouse,https://www.etreproprio.com/immobilier-23786089-vente-maison-48m-a-bazouges-la-perouse-bazouges-la-perouse
BAZOUGES-LA-PEROUSE,Maison 160m² à bazouges-la-perouse,https://www.etreproprio.com/immobilier-23692132-vente-maison-160m-a-bazouges-la-perouse-bazouges-la-perouse
BAZOUGES-LA-PEROUSE,Maison campagne bazouges la pérouse,https://www.etreproprio.com/immobilier-23654466-vente-maison-campagne-bazouges-la-perouse-bazouges-la-perouse
BAZOUGES-LA-PEROUSE,Maison 142m² à bazouges-la-perouse,https://www.etreproprio.com/immobilier-23558480-vente-maison-142m-a-bazouges-la-perouse-bazouges-la-perouse
BAZOUGES-LA-PEROUSE,Corps de ferme rénové 6 pièces 4 ch 142 m² terrain 2400 m² proche combourg,https://www.etreproprio.com/immobilier-23542948-vente-corps-de-ferme-renove-6-pieces-4-ch-142-m-terrain-2400-m-proche-combourg-bazouges-la-perouse
BAZOUGES-LA-PEROUSE,Bazouges-la-pérouse,https://www.etreproprio.com/immobilier-23542306-vente-bazouges-la-perouse-bazouges-la-perouse
BAZOUGES-LA-PEROUSE,Maison bazouges la perouse 6 pièce(s) 154 m2,https://www.etreproprio.com/immobilier-21121160-vente-maison-bazouges-la-perouse-6-pieces-154-m2-bazouges-la-perouse
BAZOUGES-LA-PEROUSE,En campagne de bazouges-la-pérouse,https://www.etreproprio.com/immobilier-23451871-vente-en-campagne-de-bazouges-la-perouse-bazouges-la-perouse
BAZOUGES-LA-PEROUSE,Logement atypique avec du potentiel,https://www.etreproprio.com/immobilier-23444044-vente-logement-atypique-avec-du-potentiel-bazouges-la-perouse
BAZOUGES-LA-PEROUSE,"Ille et vilaine, bazouges la pérouse. maison de campagne mitoyenne en pierre de 4 chambres avec jardin et dépendances.",https://www.etreproprio.com/immobilier-22756473-vente-ille-et-vilaine-bazouges-la-perouse-maison-de-campagne-mitoyenne-en-pierre-de-4-chambres-avec-jardin-et-dependances-bazouges-la-perouse
BAZOUGES-LA-PEROUSE,Maison à fort potentiel à bazouges-la-pérouse,https://www.etreproprio.com/immobilier-23237193-vente-maison-a-fort-potentiel-a-bazouges-la-perouse-bazouges-la-perouse
BAZOUGES-LA-PEROUSE,Bazouges-la-perouse - maison en pierre centre bourg,https://www.etreproprio.com/immobilier-23217405-vente-bazouges-la-perouse-maison-en-pierre-centre-bourg-bazouges-la-perouse
BAZOUGES-LA-PEROUSE,Bazouge la perouse exclusivité,https://www.etreproprio.com/immobilier-22408394-vente-bazouge-la-perouse-exclusivite-bazouges-la-perouse
BAZOUGES-LA-PEROUSE,Charme et authenticité!,https://www.etreproprio.com/immobilier-22929834-vente-charme-et-authenticite-bazouges-la-perouse
BAZOUGES-LA-PEROUSE,Maison 75m² à bazouges-la-perouse,https://www.etreproprio.com/immobilier-22742300-vente-maison-75m-a-bazouges-la-perouse-bazouges-la-perouse
BAZOUGES-LA-PEROUSE,Maison 62m² à bazouges-la-perouse,https://www.etreproprio.com/immobilier-22031467-vente-maison-62m-a-bazouges-la-perouse-bazouges-la-perouse
BAZOUGES-LA-PEROUSE,Belle longère 260 m² avec dépendances 12 km de combourg,https://www.etreproprio.com/immobilier-22285851-vente-belle-longere-260-m-avec-dependances-12-km-de-combourg-bazouges-la-perouse
BAZOUGES-LA-PEROUSE,Lot de 2 maisons bazouges la perouse,https://www.etreproprio.com/immobilier-19066828-vente-lot-de-2-maisons-bazouges-la-perouse-bazouges-la-perouse
BEAUCE,Maison contemporaine de 2022,https://www.etreproprio.com/immobilier-23793530-vente-maison-contemporaine-de-2022-beauce
BEAUCE,Maison 82m² à beauce,https://www.etreproprio.com/immobilier-23280152-vente-maison-82m-a-beauce-beauce
BEAUCE,Maison exceptionnelle – 353 m² sur parc de 3 518 m²,https://www.etreproprio.com/immobilier-23485314-vente-maison-exceptionnelle-353-m-sur-parc-de-3-518-m-beauce
BEAUCE,Maison 131m² à beauce,https://www.etreproprio.com/immobilier-23161630-vente-maison-131m-a-beauce-beauce
BEAUCE,Maison individuelle,https://www.etreproprio.com/immobilier-21992161-vente-maison-individuelle-beauce
BECHEREL,Maison 201m² à becherel,https://www.etreproprio.com/immobilier-23863152-vente-maison-201m-a-becherel-becherel
BECHEREL,Maison 247m² à becherel,https://www.etreproprio.com/immobilier-23565138-vente-maison-247m-a-becherel-becherel
BECHEREL,Bureaux becherel 4 pièce(s) 91 m2,https://www.etreproprio.com/immobilier-22209671-vente-bureaux-becherel-4-pieces-91-m2-becherel
BECHEREL,Maison 91m² à becherel,https://www.etreproprio.com/immobilier-22868378-vente-maison-91m-a-becherel-becherel
BECHEREL,Maison à vendre 6 pièces longaulnay (35),https://www.etreproprio.com/immobilier-23297474-vente-maison-a-vendre-6-pieces-longaulnay-35-becherel
BECHEREL,Maison bécherel 6 pièce(s) 135 m2,https://www.etreproprio.com/immobilier-23219197-vente-maison-becherel-6-pieces-135-m2-becherel
BECHEREL,Maison 112 m2,https://www.etreproprio.com/immobilier-23171090-vente-maison-112-m2-becherel
BECHEREL,"Maison de bourg en pierres, idéalement située à becherel",https://www.etreproprio.com/immobilier-23071682-vente-maison-de-bourg-en-pierres-idealement-situee-a-becherel-becherel
BECHEREL,Maison de caractère becherel,https://www.etreproprio.com/immobilier-22567236-vente-maison-de-caractere-becherel-becherel
BECHEREL,Maison 80m² à becherel,https://www.etreproprio.com/immobilier-22461766-vente-maison-80m-a-becherel-becherel
BECHEREL,Maison 169m² à becherel,https://www.etreproprio.com/immobilier-22223869-vente-maison-169m-a-becherel-becherel
BECHEREL,Maison en pierre à vendre 5 pièces 105 m2 becherel (35),https://www.etreproprio.com/immobilier-21838260-vente-maison-en-pierre-a-vendre-5-pieces-105-m2-becherel-35-becherel
BECHEREL,Manoir 17ème -13 pièces - 365 m² sur parc  de 6307 m²,https://www.etreproprio.com/immobilier-20428340-vente-manoir-17eme-13-pieces-365-m-sur-parc-de-6307-m-becherel
BECHEREL,Maison 150m² à becherel,https://www.etreproprio.com/immobilier-17801551-vente-maison-150m-a-becherel-becherel
BEDEE,Maison 165m² à bedee,https://www.etreproprio.com/immobilier-23371998-vente-maison-165m-a-bedee-bedee
BEDEE,Maison de ville,https://www.etreproprio.com/immobilier-23856717-vente-maison-de-ville-bedee
BEDEE,Maison 80m² à bedee,https://www.etreproprio.com/immobilier-23856718-vente-maison-80m-a-bedee-bedee
BEDEE,Maison 137m² à bedee,https://www.etreproprio.com/immobilier-23538080-vente-maison-137m-a-bedee-bedee
BEDEE,Bedée longère rénovée de 143m² sur 12010m² de terrain au calme !,https://www.etreproprio.com/immobilier-23817624-vente-bedee-longere-renovee-de-143m-sur-12010m-de-terrain-au-calme-bedee
BEDEE,Maison 100m² à bedee,https://www.etreproprio.com/immobilier-23599123-vente-maison-100m-a-bedee-bedee
BEDEE,Maison 4 pièces - 114m2,https://www.etreproprio.com/immobilier-23653070-vente-maison-4-pieces-114m2-bedee
BEDEE,Maison 102m² à bedee,https://www.etreproprio.com/immobilier-23129183-vente-maison-102m-a-bedee-bedee
BEDEE,Maison bédée 5 pièce(s) 132 m2,https://www.etreproprio.com/immobilier-22496705-vente-maison-bedee-5-pieces-132-m2-bedee
BEDEE,Maison 124m² à bedee,https://www.etreproprio.com/immobilier-23277569-vente-maison-124m-a-bedee-bedee
BEDEE,Maison 297m² à bedee,https://www.etreproprio.com/immobilier-23194177-vente-maison-297m-a-bedee-bedee
BEDEE,Maison 117m² à bedee,https://www.etreproprio.com/immobilier-23049495-vente-maison-117m-a-bedee-bedee
BEDEE,Maison 80m² à bedee,https://www.etreproprio.com/immobilier-22503799-vente-maison-80m-a-bedee-bedee
BEDEE,Maison 103m² à bedee,https://www.etreproprio.com/immobilier-21971463-vente-maison-103m-a-bedee-bedee
BEDEE,Maison 105m² à bedee,https://www.etreproprio.com/immobilier-21743073-vente-maison-105m-a-bedee-bedee
BETTON,Maison t6 - 94 m2 - 528 m2 avec garage - emplacement prisé,https://www.etreproprio.com/immobilier-23150078-vente-maison-t6-94-m2-528-m2-avec-garage-emplacement-prise-betton
BETTON,Maison 141m² à betton,https://www.etreproprio.com/immobilier-23534139-vente-maison-141m-a-betton-betton
BETTON,"Maison betton, 135  m², 4 chambres",https://www.etreproprio.com/immobilier-23903258-vente-maison-betton-135-m-4-chambres-betton
BETTON,Maison 115m² à betton,https://www.etreproprio.com/immobilier-23125674-vente-maison-115m-a-betton-betton
BETTON,Maison 5 pièces 98 m2,https://www.etreproprio.com/immobilier-23887458-vente-maison-5-pieces-98-m2-betton
BETTON,Maison 178m² à betton,https://www.etreproprio.com/immobilier-23872881-vente-maison-178m-a-betton-betton
BETTON,A vendre - agence giboire - maison contemporaine de 150 m² - betton - quartier de la plesse,https://www.etreproprio.com/immobilier-23870730-vente-a-vendre-agence-giboire-maison-contemporaine-de-150-m-betton-quartier-de-la-plesse-betton
BETTON,Maison à vendre 7 pièces betton (35),https://www.etreproprio.com/immobilier-23865187-vente-maison-a-vendre-7-pieces-betton-35-betton
BETTON,Maison 132m² à betton,https://www.etreproprio.com/immobilier-23848293-vente-maison-132m-a-betton-betton
BETTON,Maison 166m² à betton,https://www.etreproprio.com/immobilier-23839427-vente-maison-166m-a-betton-betton
BETTON,Maison 197m² à betton,https://www.etreproprio.com/immobilier-23843905-vente-maison-197m-a-betton-betton
BETTON,Maison 7 pièces 156 m2,https://www.etreproprio.com/immobilier-23838370-vente-maison-7-pieces-156-m2-betton
BETTON,A vendre - agence giboire - maison 8 pieces 183 m² - betton,https://www.etreproprio.com/immobilier-23796574-vente-a-vendre-agence-giboire-maison-8-pieces-183-m-betton-betton
BETTON,Maison betton 6 pièces 152 m2 au sol,https://www.etreproprio.com/immobilier-23755599-vente-maison-betton-6-pieces-152-m2-au-sol-betton
BETTON,Maison betton 7 pièce(s) 127.02 m2,https://www.etreproprio.com/immobilier-23755605-vente-maison-betton-7-pieces-12702-m2-betton
BETTON,Maison betton 4 pièce(s),https://www.etreproprio.com/immobilier-23755597-vente-maison-betton-4-pieces-betton
BETTON,Maison betton 93 m2,https://www.etreproprio.com/immobilier-23755598-vente-maison-betton-93-m2-betton
BETTON,Maison betton 8 pièce(s) 179.70 m2,https://www.etreproprio.com/immobilier-23755602-vente-maison-betton-8-pieces-17970-m2-betton
BETTON,Maison  betton saint sulpice la foret 6 pièce(s) 182 m2,https://www.etreproprio.com/immobilier-23755601-vente-maison-betton-saint-sulpice-la-foret-6-pieces-182-m2-betton
BETTON,Maison 121m² à betton,https://www.etreproprio.com/immobilier-23738598-vente-maison-121m-a-betton-betton
BILLE,Belle maison en campagne 183m² à bille  (35133 ),https://www.etreproprio.com/immobilier-23508386-vente-belle-maison-en-campagne-183m-a-bille-35133-bille
BETTON,Maison 103m² à betton,https://www.etreproprio.com/immobilier-23497115-vente-maison-103m-a-betton-betton
BETTON,Maison d'habitation 2 chambres à betton,https://www.etreproprio.com/immobilier-23710524-vente-maison-d-habitation-2-chambres-a-betton-betton
BETTON,Maison 149m² à betton,https://www.etreproprio.com/immobilier-23708566-vente-maison-149m-a-betton-betton
BETTON,Maison betton 3 pièce(s) 95.7 m2,https://www.etreproprio.com/immobilier-23699968-vente-maison-betton-3-pieces-957-m2-betton
BETTON,A vendre - exclusivite agence giboire - maison 6 pièces - betton zac de la plesse,https://www.etreproprio.com/immobilier-23687400-vente-a-vendre-exclusivite-agence-giboire-maison-6-pieces-betton-zac-de-la-plesse-betton
BETTON,Maison 147m² à betton,https://www.etreproprio.com/immobilier-23388876-vente-maison-147m-a-betton-betton
BETTON,Maison 143m² à betton,https://www.etreproprio.com/immobilier-23676140-vente-maison-143m-a-betton-betton
BETTON,Betton / maison 6-7 pièces 147 m2 avec 4 chambre et une suite parentale,https://www.etreproprio.com/immobilier-23382540-vente-betton-maison-6-7-pieces-147-m2-avec-4-chambre-et-une-suite-parentale-betton
BETTON,Maison 108m² à betton,https://www.etreproprio.com/immobilier-23676142-vente-maison-108m-a-betton-betton
BETTON,Maison 167m² à betton,https://www.etreproprio.com/immobilier-23665134-vente-maison-167m-a-betton-betton
BETTON,Maison 150m² à betton,https://www.etreproprio.com/immobilier-23636018-vente-maison-150m-a-betton-betton
BETTON,Maison 110m² à betton,https://www.etreproprio.com/immobilier-23589182-vente-maison-110m-a-betton-betton
BETTON,Betton maison à rafraichir offrant 105 m2 habitables avec sous-sol complet de 70m² sur 503m² de terrain plein sud !,https://www.etreproprio.com/immobilier-22578848-vente-betton-maison-a-rafraichir-offrant-105-m2-habitables-avec-sous-sol-complet-de-70m-sur-503m-de-terrain-plein-sud-betton
BETTON,Maison 430m² à betton,https://www.etreproprio.com/immobilier-23490211-vente-maison-430m-a-betton-betton
BETTON,Maison 133m² à betton,https://www.etreproprio.com/immobilier-23350500-vente-maison-133m-a-betton-betton
BETTON,Maison 110m² à betton,https://www.etreproprio.com/immobilier-23476924-vente-maison-110m-a-betton-betton
BETTON,Maison 94m² à betton,https://www.etreproprio.com/immobilier-23459877-vente-maison-94m-a-betton-betton
BETTON,Maison - betton,https://www.etreproprio.com/immobilier-23445342-vente-maison-betton-betton
BETTON,"Maison de 75m² entierrement rénovée, à betton",https://www.etreproprio.com/immobilier-23427675-vente-maison-de-75m-entierrement-renovee-a-betton-betton
BETTON,"Maisonnette de 22m² en rez-de jardin, à betton",https://www.etreproprio.com/immobilier-23427672-vente-maisonnette-de-22m-en-rez-de-jardin-a-betton-betton
BLERUAIS,Maison 124m² à bleruais,https://www.etreproprio.com/immobilier-22636423-vente-maison-124m-a-bleruais-bleruais
BOISGERVILLY,Maison 180m² à boisgervilly,https://www.etreproprio.com/immobilier-23901174-vente-maison-180m-a-boisgervilly-boisgervilly
BOISGERVILLY,Maison 98m² à boisgervilly,https://www.etreproprio.com/immobilier-23848034-vente-maison-98m-a-boisgervilly-boisgervilly
BOISGERVILLY,Maison 83m² à boisgervilly,https://www.etreproprio.com/immobilier-23800832-vente-maison-83m-a-boisgervilly-boisgervilly
BOISGERVILLY,Longère de 178 m² habitables sur un terrain entièrement clos et arboré de 6650 m². + dépendances,https://www.etreproprio.com/immobilier-23655236-vente-longere-de-178-m-habitables-sur-un-terrain-entierement-clos-et-arbore-de-6650-m-dependances-boisgervilly
BOISGERVILLY,"Maison contemporaine de 121 m² avec 5 chambres, garage et terrain.",https://www.etreproprio.com/immobilier-23038289-vente-maison-contemporaine-de-121-m-avec-5-chambres-garage-et-terrain-boisgervilly
BOISGERVILLY,Maison boisgervilly 5 pièces 84 m2 - sous/sol complet - grenier aménageable - terrain de 641 m²,https://www.etreproprio.com/immobilier-23152591-vente-maison-boisgervilly-5-pieces-84-m2-soussol-complet-grenier-amenageable-terrain-de-641-m-boisgervilly
BOISGERVILLY,Maison 102m² à boisgervilly,https://www.etreproprio.com/immobilier-22611630-vente-maison-102m-a-boisgervilly-boisgervilly
BOISGERVILLY,Maison 135m² à boisgervilly,https://www.etreproprio.com/immobilier-21971445-vente-maison-135m-a-boisgervilly-boisgervilly
BOISGERVILLY,Maison 95m² à boisgervilly,https://www.etreproprio.com/immobilier-21971453-vente-maison-95m-a-boisgervilly-boisgervilly
BETTON,Maison 6 pièces 121 m2,https://www.etreproprio.com/immobilier-23395306-vente-maison-6-pieces-121-m2-betton
BETTON,Maison 171m² à betton,https://www.etreproprio.com/immobilier-23402624-vente-maison-171m-a-betton-betton
BETTON,Maison betton 5 pièce(s) 105 m2,https://www.etreproprio.com/immobilier-22593437-vente-maison-betton-5-pieces-105-m2-betton
BETTON,Maison 120m² à betton,https://www.etreproprio.com/immobilier-21965922-vente-maison-120m-a-betton-betton
BETTON,Maison 83m² à betton,https://www.etreproprio.com/immobilier-23274818-vente-maison-83m-a-betton-betton
BETTON,A vendre - betton 35830 -  maison neuve - 148 m² habitables - 5 chambres - 180 m² env de terrain - garage attenant,https://www.etreproprio.com/immobilier-23208868-vente-a-vendre-betton-35830-maison-neuve-148-m-habitables-5-chambres-180-m-env-de-terrain-garage-attenant-betton
BETTON,Maison betton - 5 chambres,https://www.etreproprio.com/immobilier-23126302-vente-maison-betton-5-chambres-betton
BETTON,"Maison betton, 5 chambres",https://www.etreproprio.com/immobilier-23126301-vente-maison-betton-5-chambres-betton
BETTON,Maison 125m² à betton,https://www.etreproprio.com/immobilier-22669397-vente-maison-125m-a-betton-betton
BETTON,Maison 128m² à betton,https://www.etreproprio.com/immobilier-23024978-vente-maison-128m-a-betton-betton
BETTON,Maison - betton,https://www.etreproprio.com/immobilier-22991900-vente-maison-betton-betton
BETTON,Maison 288m² à betton,https://www.etreproprio.com/immobilier-22533922-vente-maison-288m-a-betton-betton
BETTON,Maison 288m² à betton,https://www.etreproprio.com/immobilier-22245325-vente-maison-288m-a-betton-betton
BETTON,Maison indépendante (109 m2) sur terrain de 748 m2.,https://www.etreproprio.com/immobilier-21614145-vente-maison-independante-109-m2-sur-terrain-de-748-m2-betton
BETTON,Maison 140m² à betton,https://www.etreproprio.com/immobilier-21526671-vente-maison-140m-a-betton-betton
BETTON,Maison 100m² à betton,https://www.etreproprio.com/immobilier-22145643-vente-maison-100m-a-betton-betton
BETTON,Maison 190m² à betton,https://www.etreproprio.com/immobilier-21553626-vente-maison-190m-a-betton-betton
BETTON,Maison 6 pièces de 165 m2,https://www.etreproprio.com/immobilier-19151639-vente-maison-6-pieces-de-165-m2-betton
BOISTRUDAN,Maison 94m² à boistrudan,https://www.etreproprio.com/immobilier-22873120-vente-maison-94m-a-boistrudan-boistrudan
BOISTRUDAN,Maison 87m² à boistrudan,https://www.etreproprio.com/immobilier-23297541-vente-maison-87m-a-boistrudan-boistrudan
BONNEMAIN,Exceptionnel- maison contemporaine de caractère avec piscine 5 ch 7 p 1100 m²,https://www.etreproprio.com/immobilier-23469357-vente-exceptionnel-maison-contemporaine-de-caractere-avec-piscine-5-ch-7-p-1100-m-bonnemain
BONNEMAIN,Maison 160m² à bonnemain,https://www.etreproprio.com/immobilier-22637901-vente-maison-160m-a-bonnemain-bonnemain
BONNEMAIN,Bonnemain bourg - immeuble à usage d'habitation et de local commercial,https://www.etreproprio.com/immobilier-22695051-vente-bonnemain-bourg-immeuble-a-usage-d-habitation-et-de-local-commercial-bonnemain
BONNEMAIN,Belle longère rénovée 7 km de combourg,https://www.etreproprio.com/immobilier-22107071-vente-belle-longere-renovee-7-km-de-combourg-bonnemain
BONNEMAIN,Maison 142m² à bonnemain,https://www.etreproprio.com/immobilier-22721830-vente-maison-142m-a-bonnemain-bonnemain
BONNEMAIN,Maison de caractère en pierre 170 m² 6 p 4 ch centre bourg de bonnemain,https://www.etreproprio.com/immobilier-22973270-vente-maison-de-caractere-en-pierre-170-m-6-p-4-ch-centre-bourg-de-bonnemain-bonnemain
BONNEMAIN,Maison 128m² à bonnemain,https://www.etreproprio.com/immobilier-23472394-vente-maison-128m-a-bonnemain-bonnemain
BONNEMAIN,Maison bonnemain 6 pièce(s) 142 m2,https://www.etreproprio.com/immobilier-23100247-vente-maison-bonnemain-6-pieces-142-m2-bonnemain
BONNEMAIN,Maison 166m² à bonnemain,https://www.etreproprio.com/immobilier-22896112-vente-maison-166m-a-bonnemain-bonnemain
BONNEMAIN,Maison bonnemain 8 pièces 175 m²,https://www.etreproprio.com/immobilier-19552790-vente-maison-bonnemain-8-pieces-175-m-bonnemain
LA BOSSE-DE-BRETAGNE,Maison 240m² à la bosse-de-bretagne,https://www.etreproprio.com/immobilier-23727970-vente-maison-240m-a-la-bosse-de-bretagne-la-bosse-de-bretagne
LA BOSSE-DE-BRETAGNE,Maison familiale (2012) t8 148 m2 - 578 m2 (5 chambres et bureau),https://www.etreproprio.com/immobilier-23405681-vente-maison-familiale-2012-t8-148-m2-578-m2-5-chambres-et-bureau-la-bosse-de-bretagne
LA BOSSE-DE-BRETAGNE,Maison à la bosse-de-bretagne,https://www.etreproprio.com/immobilier-22989370-vente-maison-a-la-bosse-de-bretagne-la-bosse-de-bretagne
LA BOUEXIERE,Maison 103m² à la bouexiere,https://www.etreproprio.com/immobilier-23653710-vente-maison-103m-a-la-bouexiere-la-bouexiere
LA BOUEXIERE,Maison 100m² à la bouexiere,https://www.etreproprio.com/immobilier-23850297-vente-maison-100m-a-la-bouexiere-la-bouexiere
LA BOUEXIERE,Échappée belle : ressourcez-vous au calme absolu à la campagne !,https://www.etreproprio.com/immobilier-23820590-vente-echappee-belle-ressourcez-vous-au-calme-absolu-a-la-campagne-la-bouexiere
LA BOUEXIERE,Maison à vendre 3 pièces la bouexiere (35),https://www.etreproprio.com/immobilier-23737291-vente-maison-a-vendre-3-pieces-la-bouexiere-35-la-bouexiere
LA BOUEXIERE,Maison la bouexiere 4 pièce(s) 83 m2,https://www.etreproprio.com/immobilier-23258031-vente-maison-la-bouexiere-4-pieces-83-m2-la-bouexiere
LA BOUEXIERE,Maison la bouexiere 5 pièce(s) 97 m2,https://www.etreproprio.com/immobilier-23460362-vente-maison-la-bouexiere-5-pieces-97-m2-la-bouexiere
LA BOUEXIERE,Grange à rénover sur la bouexiere,https://www.etreproprio.com/immobilier-21978873-vente-grange-a-renover-sur-la-bouexiere-la-bouexiere
LA BOUEXIERE,Maison 110m² à la bouexiere,https://www.etreproprio.com/immobilier-23467263-vente-maison-110m-a-la-bouexiere-la-bouexiere
LA BOUEXIERE,Maison 155m² à la bouexiere,https://www.etreproprio.com/immobilier-23460111-vente-maison-155m-a-la-bouexiere-la-bouexiere
LA BOUEXIERE,Maison à vendre à la bouëxiére,https://www.etreproprio.com/immobilier-23408425-vente-maison-a-vendre-a-la-bouexiere-la-bouexiere
LA BOUEXIERE,Maison 112m² à la bouexiere,https://www.etreproprio.com/immobilier-23040210-vente-maison-112m-a-la-bouexiere-la-bouexiere
LA BOUEXIERE,Maison 186m² à la bouexiere,https://www.etreproprio.com/immobilier-21514235-vente-maison-186m-a-la-bouexiere-la-bouexiere
LA BOUEXIERE,Maison contemporaine avec dépendance - centre de la bouëxière - 6 pièces - 135 m²,https://www.etreproprio.com/immobilier-22338946-vente-maison-contemporaine-avec-dependance-centre-de-la-bouexiere-6-pieces-135-m-la-bouexiere
LA BOUEXIERE,Vente maison la bouexiere(35340) 273 000ï¿œ,https://www.etreproprio.com/immobilier-22534215-vente-vente-maison-la-bouexiere35340-273-000i-oe-la-bouexiere
LA BOUEXIERE,Vente maison la bouexiere(35340) 176 400ï¿œ,https://www.etreproprio.com/immobilier-23187642-vente-vente-maison-la-bouexiere35340-176-400i-oe-la-bouexiere
LA BOUEXIERE,Maison la bouexiere 7 pièce(s) 146 m2,https://www.etreproprio.com/immobilier-23177191-vente-maison-la-bouexiere-7-pieces-146-m2-la-bouexiere
LA BOUEXIERE,Maison 4 chambres 130 m2 prête à vivre,https://www.etreproprio.com/immobilier-23074456-vente-maison-4-chambres-130-m2-prete-a-vivre-la-bouexiere
LA BOUEXIERE,Maison 146m² à la bouexiere,https://www.etreproprio.com/immobilier-21746177-vente-maison-146m-a-la-bouexiere-la-bouexiere
LA BOUEXIERE,Maison 121m² à la bouexiere,https://www.etreproprio.com/immobilier-22752680-vente-maison-121m-a-la-bouexiere-la-bouexiere
LA BOUEXIERE,Maison 213m² à la bouexiere,https://www.etreproprio.com/immobilier-22740638-vente-maison-213m-a-la-bouexiere-la-bouexiere
BOURGBARRE,Maison 101m² à bourgbarre,https://www.etreproprio.com/immobilier-23831562-vente-maison-101m-a-bourgbarre-bourgbarre
BOURGBARRE,Maison 38m² à bourgbarre,https://www.etreproprio.com/immobilier-23784168-vente-maison-38m-a-bourgbarre-bourgbarre
BOURGBARRE,Maison 138m² à bourgbarre,https://www.etreproprio.com/immobilier-23734026-vente-maison-138m-a-bourgbarre-bourgbarre
BOURGBARRE,Maison 306m² à bourgbarre,https://www.etreproprio.com/immobilier-22725616-vente-maison-306m-a-bourgbarre-bourgbarre
BOURGBARRE,Maison 202m² à bourgbarre,https://www.etreproprio.com/immobilier-22138477-vente-maison-202m-a-bourgbarre-bourgbarre
BOURGBARRE,"Maison - 6 pièces - 4 chambres - 104,24 m2",https://www.etreproprio.com/immobilier-23032623-vente-maison-6-pieces-4-chambres-10424-m2-bourgbarre
BOURGBARRE,Maison - bourgbarré,https://www.etreproprio.com/immobilier-23502007-vente-maison-bourgbarre-bourgbarre
BOURGBARRE,Maison 114m² à bourgbarre,https://www.etreproprio.com/immobilier-23524555-vente-maison-114m-a-bourgbarre-bourgbarre
BOURGBARRE,Maison 173m² à bourgbarre,https://www.etreproprio.com/immobilier-23068666-vente-maison-173m-a-bourgbarre-bourgbarre
BOURGBARRE,Maison 106m² à bourgbarre,https://www.etreproprio.com/immobilier-23482111-vente-maison-106m-a-bourgbarre-bourgbarre
BOURGBARRE,"Bourgbarré, belle maison familiale de 174 m² sur terrain de 628 m²",https://www.etreproprio.com/immobilier-22459241-vente-bourgbarre-belle-maison-familiale-de-174-m-sur-terrain-de-628-m-bourgbarre
BOURGBARRE,Maison 231m² à bourgbarre,https://www.etreproprio.com/immobilier-23406166-vente-maison-231m-a-bourgbarre-bourgbarre
BOURGBARRE,Maison familiale d’exception   bourgbarré   202 m2   piscine,https://www.etreproprio.com/immobilier-23394966-vente-maison-familiale-d-exception-bourgbarre-202-m2-piscine-bourgbarre
BOURGBARRE,"à vendre – en exclusivité - maison contemporaine à bourgbarré – 124 m² habitables, 4 chambres",https://www.etreproprio.com/immobilier-23368898-vente-a-vendre-en-exclusivite-maison-contemporaine-a-bourgbarre-124-m-habitables-4-chambres-bourgbarre
BOURGBARRE,Maison 152m² à bourgbarre,https://www.etreproprio.com/immobilier-23319672-vente-maison-152m-a-bourgbarre-bourgbarre
BOURGBARRE,Maison t4 de 85m2 sur bourgbarré,https://www.etreproprio.com/immobilier-23310533-vente-maison-t4-de-85m2-sur-bourgbarre-bourgbarre
BOURGBARRE,Maison 204m² à bourgbarre,https://www.etreproprio.com/immobilier-22669265-vente-maison-204m-a-bourgbarre-bourgbarre
BOURGBARRE,Maison lotissement - 173 m² - 4 chambres,https://www.etreproprio.com/immobilier-23207986-vente-maison-lotissement-173-m-4-chambres-bourgbarre
BOURGBARRE,Maison 85m² à bourgbarre,https://www.etreproprio.com/immobilier-23219140-vente-maison-85m-a-bourgbarre-bourgbarre
BOURGBARRE,Maison contemporaine d'environ 200m²,https://www.etreproprio.com/immobilier-23208461-vente-maison-contemporaine-d-environ-200m-bourgbarre
BOURG-DES-COMPTES,Maison bourg des comptes 7 chambres - 230 m2,https://www.etreproprio.com/immobilier-23755492-vente-maison-bourg-des-comptes-7-chambres-230-m2-bourg-des-comptes
BOURG-DES-COMPTES,Propriété en pierres - hangar - logement indépendant,https://www.etreproprio.com/immobilier-23709584-vente-propriete-en-pierres-hangar-logement-independant-bourg-des-comptes
BOURG-DES-COMPTES,Maison bourg des comptes 7 pièce(s) 126 m2,https://www.etreproprio.com/immobilier-23189053-vente-maison-bourg-des-comptes-7-pieces-126-m2-bourg-des-comptes
BOURG-DES-COMPTES,"Maison de caractère 112 m2 - 944 m2 de terrain (abris de jardin, four à pain fonctionnel, garage)",https://www.etreproprio.com/immobilier-23668534-vente-maison-de-caractere-112-m2-944-m2-de-terrain-abris-de-jardin-four-a-pain-fonctionnel-garage-bourg-des-comptes
BOURG-DES-COMPTES,Maison 104m² à bourg-des-comptes,https://www.etreproprio.com/immobilier-23664326-vente-maison-104m-a-bourg-des-comptes-bourg-des-comptes
BOURG-DES-COMPTES,Maison 135m² à bourg-des-comptes,https://www.etreproprio.com/immobilier-22374484-vente-maison-135m-a-bourg-des-comptes-bourg-des-comptes
BOURG-DES-COMPTES,Maison de village - fort potentiel,https://www.etreproprio.com/immobilier-23618192-vente-maison-de-village-fort-potentiel-bourg-des-comptes
BOURG-DES-COMPTES,Maison 194m² à bourg-des-comptes,https://www.etreproprio.com/immobilier-23349464-vente-maison-194m-a-bourg-des-comptes-bourg-des-comptes
BOURG-DES-COMPTES,Maison bourg des comptes 7 pièce(s) 160m²,https://www.etreproprio.com/immobilier-23279314-vente-maison-bourg-des-comptes-7-pieces-160m-bourg-des-comptes
BOURG-DES-COMPTES,Maison bourg des comptes 5 pièce(s) 138 m2,https://www.etreproprio.com/immobilier-22496676-vente-maison-bourg-des-comptes-5-pieces-138-m2-bourg-des-comptes
BOURG-DES-COMPTES,Maison - ancien corps de ferme,https://www.etreproprio.com/immobilier-23073764-vente-maison-ancien-corps-de-ferme-bourg-des-comptes
BOURG-DES-COMPTES,Maison bourg-des-comptes 6 pièce(s) 130 m2,https://www.etreproprio.com/immobilier-23030509-vente-maison-bourg-des-comptes-6-pieces-130-m2-bourg-des-comptes
BOURG-DES-COMPTES,Maison 4 chambres -  2012,https://www.etreproprio.com/immobilier-22566449-vente-maison-4-chambres-2012-bourg-des-comptes
BOURG-DES-COMPTES,Maison en pierres à bourg des comptes,https://www.etreproprio.com/immobilier-22135832-vente-maison-en-pierres-a-bourg-des-comptes-bourg-des-comptes
BOURG-DES-COMPTES,Maison individuelle - projet rénovation,https://www.etreproprio.com/immobilier-20582828-vente-maison-individuelle-projet-renovation-bourg-des-comptes
BOURG-DES-COMPTES,Ensemble immobilier 450 m² en pierre à rénover,https://www.etreproprio.com/immobilier-20789870-vente-ensemble-immobilier-450-m-en-pierre-a-renover-bourg-des-comptes
LA BOUEXIERE,Maison 118m² à la bouexiere,https://www.etreproprio.com/immobilier-22681312-vente-maison-118m-a-la-bouexiere-la-bouexiere
LA BOUEXIERE,Pavillon 4 pièces - 83m²,https://www.etreproprio.com/immobilier-22151626-vente-pavillon-4-pieces-83m-la-bouexiere
LA BOUEXIERE,Maison 82m² à la bouexiere,https://www.etreproprio.com/immobilier-22122135-vente-maison-82m-a-la-bouexiere-la-bouexiere
LA BOUEXIERE,Maison à vendre 8 pièces la bouexiere (35),https://www.etreproprio.com/immobilier-20503237-vente-maison-a-vendre-8-pieces-la-bouexiere-35-la-bouexiere
BOVEL,Maison à bovel  195m²,https://www.etreproprio.com/immobilier-19321381-vente-maison-a-bovel-195m-bovel
LA BOUSSAC,La boussac - maison idéale pour primo,https://www.etreproprio.com/immobilier-23646432-vente-la-boussac-maison-ideale-pour-primo-la-boussac
LA BOUSSAC,Maison 98m² à la boussac,https://www.etreproprio.com/immobilier-22992240-vente-maison-98m-a-la-boussac-la-boussac
LA BOUSSAC,Maison 220m² à la boussac,https://www.etreproprio.com/immobilier-23666965-vente-maison-220m-a-la-boussac-la-boussac
LA BOUSSAC,Maison 125m² à la boussac,https://www.etreproprio.com/immobilier-23478844-vente-maison-125m-a-la-boussac-la-boussac
LA BOUSSAC,"De beaux volumes pour cette maison de centre bourg avec garage de 50 m2, commerces et école à pied",https://www.etreproprio.com/immobilier-22759131-vente-de-beaux-volumes-pour-cette-maison-de-centre-bourg-avec-garage-de-50-m2-commerces-et-ecole-a-pied-la-boussac
LA BOUSSAC,Maison 195m² à la boussac,https://www.etreproprio.com/immobilier-23582972-vente-maison-195m-a-la-boussac-la-boussac
LA BOUSSAC,Maison 98m² à la boussac,https://www.etreproprio.com/immobilier-22942283-vente-maison-98m-a-la-boussac-la-boussac
LA BOUSSAC,Maison 195m² à la boussac,https://www.etreproprio.com/immobilier-22505606-vente-maison-195m-a-la-boussac-la-boussac
LA BOUSSAC,La boussac - maison avec son terrain constructible pour partie,https://www.etreproprio.com/immobilier-22861078-vente-la-boussac-maison-avec-son-terrain-constructible-pour-partie-la-boussac
BOURGBARRE,Maison 149m² à bourgbarre,https://www.etreproprio.com/immobilier-23145476-vente-maison-149m-a-bourgbarre-bourgbarre
BOURGBARRE,Longère rénovée avec dépendances à bourgbarré,https://www.etreproprio.com/immobilier-23065987-vente-longere-renovee-avec-dependances-a-bourgbarre-bourgbarre
BOURGBARRE,Maison 142m² à bourgbarre,https://www.etreproprio.com/immobilier-21791442-vente-maison-142m-a-bourgbarre-bourgbarre
BOURGBARRE,Maison 97m² à bourgbarre,https://www.etreproprio.com/immobilier-23031340-vente-maison-97m-a-bourgbarre-bourgbarre
BOURGBARRE,Longère en pierre avec garage et hangar,https://www.etreproprio.com/immobilier-22648103-vente-longere-en-pierre-avec-garage-et-hangar-bourgbarre
BOURGBARRE,"Maison 160m2 habitables, 5 chambres spa et sauna, sur 1000m2 de terrain, double garage.",https://www.etreproprio.com/immobilier-22559680-vente-maison-160m2-habitables-5-chambres-spa-et-sauna-sur-1000m2-de-terrain-double-garage-bourgbarre
BOURGBARRE,"Bourgbarré, pavillon indépendant 4ch sur 486m2 de terrain.",https://www.etreproprio.com/immobilier-22530923-vente-bourgbarre-pavillon-independant-4ch-sur-486m2-de-terrain-bourgbarre
BOURGBARRE,Maison 8 pièces 250 m2 - bougbarre 35230,https://www.etreproprio.com/immobilier-22504875-vente-maison-8-pieces-250-m2-bougbarre-35230-bourgbarre
BOURGBARRE,Maison 112m² à bourgbarre,https://www.etreproprio.com/immobilier-22470640-vente-maison-112m-a-bourgbarre-bourgbarre
BOURGBARRE,Maison de campagne avec de 151 m2 avec 1480 m2 de terrain clos,https://www.etreproprio.com/immobilier-21675830-vente-maison-de-campagne-avec-de-151-m2-avec-1480-m2-de-terrain-clos-bourgbarre
BOURGBARRE,Maison 160m2 - 2 700m2 de terrain - centre de bourgbarre,https://www.etreproprio.com/immobilier-19920060-vente-maison-160m2-2-700m2-de-terrain-centre-de-bourgbarre-bourgbarre
BOURGBARRE,Maison 3 chambres proche centre bourgbarré,https://www.etreproprio.com/immobilier-19757771-vente-maison-3-chambres-proche-centre-bourgbarre-bourgbarre
BOURGBARRE,A vendre maison de plain pied à bourgbarré,https://www.etreproprio.com/immobilier-19483829-vente-a-vendre-maison-de-plain-pied-a-bourgbarre-bourgbarre
BREAL-SOUS-MONTFORT,"Maison familiale d'exception t10 de 414,18 m² surface au sol / 332 m2 habitables terrain 4 192 m² belles prestations-bréal so",https://www.etreproprio.com/immobilier-23894538-vente-maison-familiale-d-exception-t10-de-41418-m-surface-au-sol-332-m2-habitables-terrain-4-192-m-belles-prestations-breal-so-breal-sous-montfort
BREAL-SOUS-MONTFORT,Maison 395m² à breal-sous-montfort,https://www.etreproprio.com/immobilier-23863365-vente-maison-395m-a-breal-sous-montfort-breal-sous-montfort
BREAL-SOUS-MONTFORT,Maison 470m² à breal-sous-montfort,https://www.etreproprio.com/immobilier-22309518-vente-maison-470m-a-breal-sous-montfort-breal-sous-montfort
BREAL-SOUS-MONTFORT,Maison bréal sous montfort 8 pièce(s) 157 m2,https://www.etreproprio.com/immobilier-23317114-vente-maison-breal-sous-montfort-8-pieces-157-m2-breal-sous-montfort
BREAL-SOUS-MONTFORT,Bréal sous montfort maison neuve avec 5 chambres de 131m² exposée plein sud !,https://www.etreproprio.com/immobilier-23578657-vente-breal-sous-montfort-maison-neuve-avec-5-chambres-de-131m-exposee-plein-sud-breal-sous-montfort
BREAL-SOUS-MONTFORT,Maison 158m² à breal-sous-montfort,https://www.etreproprio.com/immobilier-23677130-vente-maison-158m-a-breal-sous-montfort-breal-sous-montfort
BREAL-SOUS-MONTFORT,Maison 125m² à breal-sous-montfort,https://www.etreproprio.com/immobilier-23627501-vente-maison-125m-a-breal-sous-montfort-breal-sous-montfort
BREAL-SOUS-MONTFORT,Breal sous montfort en impasse maison (2012) de 107m² hab et 117m² utiles sur 285m² de terrain  !,https://www.etreproprio.com/immobilier-23578658-vente-breal-sous-montfort-en-impasse-maison-2012-de-107m-hab-et-117m-utiles-sur-285m-de-terrain-breal-sous-montfort
BREAL-SOUS-MONTFORT,Maison - breal-sous-montfort,https://www.etreproprio.com/immobilier-23502010-vente-maison-breal-sous-montfort-breal-sous-montfort
BREAL-SOUS-MONTFORT,Maison 145m² à breal-sous-montfort,https://www.etreproprio.com/immobilier-23472701-vente-maison-145m-a-breal-sous-montfort-breal-sous-montfort
BREAL-SOUS-MONTFORT,Maison 111m² à breal-sous-montfort,https://www.etreproprio.com/immobilier-23176227-vente-maison-111m-a-breal-sous-montfort-breal-sous-montfort
BREAL-SOUS-MONTFORT,Maison 395m² à breal-sous-montfort,https://www.etreproprio.com/immobilier-22216591-vente-maison-395m-a-breal-sous-montfort-breal-sous-montfort
BREAL-SOUS-MONTFORT,Évasion aux portes de rennes – superbe propriété avec piscine et parc paysagé,https://www.etreproprio.com/immobilier-23118268-vente-evasion-aux-portes-de-rennes-superbe-propriete-avec-piscine-et-parc-paysage-breal-sous-montfort
BREAL-SOUS-MONTFORT,Pépite évolutive coeur de bourg !,https://www.etreproprio.com/immobilier-22698097-vente-pepite-evolutive-coeur-de-bourg-breal-sous-montfort
BREAL-SOUS-MONTFORT,Maison d'architecte - centre de bréal-sous-montfort - 180 m² habitables,https://www.etreproprio.com/immobilier-21844675-vente-maison-d-architecte-centre-de-breal-sous-montfort-180-m-habitables-breal-sous-montfort
BREAL-SOUS-MONTFORT,Maison 220m² à breal-sous-montfort,https://www.etreproprio.com/immobilier-22036722-vente-maison-220m-a-breal-sous-montfort-breal-sous-montfort
BREAL-SOUS-MONTFORT,Ancien corps de ferme avec maison d'hôtes en activité,https://www.etreproprio.com/immobilier-21820676-vente-ancien-corps-de-ferme-avec-maison-d-hotes-en-activite-breal-sous-montfort
BREAL-SOUS-MONTFORT,Maison 117m² à breal-sous-montfort,https://www.etreproprio.com/immobilier-21514824-vente-maison-117m-a-breal-sous-montfort-breal-sous-montfort
BREAL-SOUS-VITRE,A vendre maison de plain pied 5 pièces à breal-sous-vitre 125 m² - 210 000  hai,https://www.etreproprio.com/immobilier-23301687-vente-a-vendre-maison-de-plain-pied-5-pieces-a-breal-sous-vitre-125-m-210-000-hai-breal-sous-vitre
BRECE,Maison 208m² à brece,https://www.etreproprio.com/immobilier-23863226-vente-maison-208m-a-brece-brece
BRECE,Maison 148m² à brece,https://www.etreproprio.com/immobilier-22703724-vente-maison-148m-a-brece-brece
BRECE,Maison 58m² à brece,https://www.etreproprio.com/immobilier-22511875-vente-maison-58m-a-brece-brece
BRECE,Maison brece - 5 pièces - 100 m²,https://www.etreproprio.com/immobilier-23710697-vente-maison-brece-5-pieces-100-m-brece
BRECE,Maison 150m² à brece,https://www.etreproprio.com/immobilier-22557909-vente-maison-150m-a-brece-brece
BRECE,Maison brece 8 pièce(s) 150 m2,https://www.etreproprio.com/immobilier-23457845-vente-maison-brece-8-pieces-150-m2-brece
BRECE,Maison 96m² à brece,https://www.etreproprio.com/immobilier-23397417-vente-maison-96m-a-brece-brece
BRECE,Maison 8 pieces 159 m2,https://www.etreproprio.com/immobilier-20099479-vente-maison-8-pieces-159-m2-brece
BRECE,Maison 5 chambres 112m2,https://www.etreproprio.com/immobilier-19750324-vente-maison-5-chambres-112m2-brece
BRETEIL,Breteil en impasse au calme venez découvrir cette maison de 117.5 m2 rénovée avec sous-sol complet de 70m² le tout sur 450m² de,https://www.etreproprio.com/immobilier-23152589-vente-breteil-en-impasse-au-calme-venez-decouvrir-cette-maison-de-1175-m2-renovee-avec-sous-sol-complet-de-70m-le-tout-sur-450m-de-breteil
BRETEIL,Maison 90m² à breteil,https://www.etreproprio.com/immobilier-23647187-vente-maison-90m-a-breteil-breteil
BRETEIL,A vendre - maison 6 pièces - breteil,https://www.etreproprio.com/immobilier-23132147-vente-a-vendre-maison-6-pieces-breteil-breteil
BRETEIL,Maison 97m² à breteil,https://www.etreproprio.com/immobilier-22958653-vente-maison-97m-a-breteil-breteil
BRETEIL,Maison 115m² à breteil,https://www.etreproprio.com/immobilier-22636421-vente-maison-115m-a-breteil-breteil
BRETEIL,Maison sur sous-sol complet,https://www.etreproprio.com/immobilier-18115659-vente-maison-sur-sous-sol-complet-breteil
BRIE,"À vendre   exclusivité maison d’architecte 174 m2   terrain 984 m2   brie (35150), proche janzé / rennes",https://www.etreproprio.com/immobilier-23287448-vente-a-vendre-exclusivite-maison-d-architecte-174-m2-terrain-984-m2-brie-35150-proche-janze-rennes-brie
BRIELLES,Maison brielles 4 pièce(s) 99 m2,https://www.etreproprio.com/immobilier-23468088-vente-maison-brielles-4-pieces-99-m2-brielles
BRIELLES,Maison 224m² à brielles,https://www.etreproprio.com/immobilier-23477926-vente-maison-224m-a-brielles-brielles
BRIELLES,Maison 91m² à brielles,https://www.etreproprio.com/immobilier-23264682-vente-maison-91m-a-brielles-brielles
BRIELLES,Maison brielles 4 pièce(s) 97 m2,https://www.etreproprio.com/immobilier-23159036-vente-maison-brielles-4-pieces-97-m2-brielles
BRIELLES,Maison de 82 m2 avec trois chambres sur 744 m2 de terrain et dependances,https://www.etreproprio.com/immobilier-22602223-vente-maison-de-82-m2-avec-trois-chambres-sur-744-m2-de-terrain-et-dependances-brielles
BRUC-SUR-AFF,Maison familiale de 135 m² sur terrain de 4 400 m² avec garage et dépendance – fort potentiel,https://www.etreproprio.com/immobilier-23897227-vente-maison-familiale-de-135-m-sur-terrain-de-4-400-m-avec-garage-et-dependance-fort-potentiel-bruc-sur-aff
BRUC-SUR-AFF,Maison 5 pièces 130 m² à rénover,https://www.etreproprio.com/immobilier-23878375-vente-maison-5-pieces-130-m-a-renover-bruc-sur-aff
BRUC-SUR-AFF,Maison 125m² à bruc-sur-aff,https://www.etreproprio.com/immobilier-23702896-vente-maison-125m-a-bruc-sur-aff-bruc-sur-aff
BRUC-SUR-AFF,Maison 85m² à bruc-sur-aff,https://www.etreproprio.com/immobilier-23091238-vente-maison-85m-a-bruc-sur-aff-bruc-sur-aff
BRUC-SUR-AFF,Maison 26m² à bruc-sur-aff,https://www.etreproprio.com/immobilier-23409231-vente-maison-26m-a-bruc-sur-aff-bruc-sur-aff
BRUC-SUR-AFF,Maison bruc-sur-aff 6 pièces 116 m2,https://www.etreproprio.com/immobilier-21920394-vente-maison-bruc-sur-aff-6-pieces-116-m2-bruc-sur-aff
BRUC-SUR-AFF,Maison bruc sur aff 3 pièces 71 m2,https://www.etreproprio.com/immobilier-22094092-vente-maison-bruc-sur-aff-3-pieces-71-m2-bruc-sur-aff
BRUC-SUR-AFF,A vendre immeuble locatifs maison 35550 bruc sur aff,https://www.etreproprio.com/immobilier-22197795-vente-a-vendre-immeuble-locatifs-maison-35550-bruc-sur-aff-bruc-sur-aff
LES BRULAIS,Maison 7 pièces de 248m² sur un terrain de 2067 m²,https://www.etreproprio.com/immobilier-23795193-vente-maison-7-pieces-de-248m-sur-un-terrain-de-2067-m-les-brulais
LES BRULAIS,Maison de 106 m² sur un terrain 1980 m²,https://www.etreproprio.com/immobilier-23777561-vente-maison-de-106-m-sur-un-terrain-1980-m-les-brulais
LES BRULAIS,Maison 120m² à les brulais,https://www.etreproprio.com/immobilier-23768390-vente-maison-120m-a-les-brulais-les-brulais
LES BRULAIS,Maison 173m² à les brulais,https://www.etreproprio.com/immobilier-23667243-vente-maison-173m-a-les-brulais-les-brulais
LES BRULAIS,"Maison de ville à val d’anast – 91 m² habitables, jardin et grand garage",https://www.etreproprio.com/immobilier-21842834-vente-maison-de-ville-a-val-d-anast-91-m-habitables-jardin-et-grand-garage-les-brulais
LES BRULAIS,Vente longère val d'anast,https://www.etreproprio.com/immobilier-23566778-vente-vente-longere-val-d-anast-les-brulais
LES BRULAIS,Ensemble immobilier - val d'anast,https://www.etreproprio.com/immobilier-22634743-vente-ensemble-immobilier-val-d-anast-les-brulais
LES BRULAIS,Maison 6 pièces 155m2,https://www.etreproprio.com/immobilier-22938752-vente-maison-6-pieces-155m2-les-brulais
LES BRULAIS,Magnifique longère rénové en 2018 à val d'anast   proche plélan-le-grand,https://www.etreproprio.com/immobilier-23439064-vente-magnifique-longere-renove-en-2018-a-val-d-anast-proche-plelan-le-grand-les-brulais
LES BRULAIS,Maison 76m² à les brulais,https://www.etreproprio.com/immobilier-23309389-vente-maison-76m-a-les-brulais-les-brulais
LES BRULAIS,Maison de 103 m² sur un terrain de 1495 m²,https://www.etreproprio.com/immobilier-23142072-vente-maison-de-103-m-sur-un-terrain-de-1495-m-les-brulais
LES BRULAIS,Charmante maison en pierre - 85 m² hab - 3 chambres - dépendance,https://www.etreproprio.com/immobilier-22513092-vente-charmante-maison-en-pierre-85-m-hab-3-chambres-dependance-les-brulais
LES BRULAIS,Maison 105m² à les brulais,https://www.etreproprio.com/immobilier-21035809-vente-maison-105m-a-les-brulais-les-brulais
LES BRULAIS,Ancienne ferme à rénover - gros potentiel 3 longères,https://www.etreproprio.com/immobilier-19232461-vente-ancienne-ferme-a-renover-gros-potentiel-3-longeres-les-brulais
BRUZ,Maison 135m² à bruz,https://www.etreproprio.com/immobilier-23868384-vente-maison-135m-a-bruz-bruz
BRUZ,Maison 121m² à bruz,https://www.etreproprio.com/immobilier-23868383-vente-maison-121m-a-bruz-bruz
BRUZ,Maison 169m² à bruz,https://www.etreproprio.com/immobilier-22540729-vente-maison-169m-a-bruz-bruz
BRUZ,Belle maison familiale indépendante à bruz,https://www.etreproprio.com/immobilier-23088352-vente-belle-maison-familiale-independante-a-bruz-bruz
BRUZ,Maison 94m² à bruz,https://www.etreproprio.com/immobilier-23686743-vente-maison-94m-a-bruz-bruz
BRUZ,Maison contemporaine 2018 t6 - 145 m2 - environnement privilégié (vue forêt) - dpe : a,https://www.etreproprio.com/immobilier-23486283-vente-maison-contemporaine-2018-t6-145-m2-environnement-privilegie-vue-foret-dpe-a-bruz
BRUZ,Maison 173m² à bruz,https://www.etreproprio.com/immobilier-23779761-vente-maison-173m-a-bruz-bruz
BRUZ,Maison 195m² à bruz,https://www.etreproprio.com/immobilier-23490790-vente-maison-195m-a-bruz-bruz
BRUZ,Maison bruz,https://www.etreproprio.com/immobilier-23754870-vente-maison-bruz-bruz
BRUZ,Maison bruz 6 pièce(s) 133 m2,https://www.etreproprio.com/immobilier-23755496-vente-maison-bruz-6-pieces-133-m2-bruz
BRUZ,Bruz secteur du boël - a rénover - maison de caractère sur 5000 m² de terrain,https://www.etreproprio.com/immobilier-23733631-vente-bruz-secteur-du-boel-a-renover-maison-de-caractere-sur-5000-m-de-terrain-bruz
BRUZ,Maison - bruz,https://www.etreproprio.com/immobilier-23730053-vente-maison-bruz-bruz
BRUZ,Maison 2014 - 143 m2 - 800 m2 - double garage,https://www.etreproprio.com/immobilier-23696291-vente-maison-2014-143-m2-800-m2-double-garage-bruz
BRUZ,Maison t3 bruz,https://www.etreproprio.com/immobilier-23672414-vente-maison-t3-bruz-bruz
BRUZ,Maison 154 m2 - pont-réan - 5 chambres - 744 m2 de terrain - garage + carport,https://www.etreproprio.com/immobilier-23654204-vente-maison-154-m2-pont-rean-5-chambres-744-m2-de-terrain-garage-carport-bruz
BRUZ,Bruz - maison de 4 chambres dans le golf de cicé blossac,https://www.etreproprio.com/immobilier-23638236-vente-bruz-maison-de-4-chambres-dans-le-golf-de-cice-blossac-bruz
BRUZ,"Maison - 4 chambres - 134,50 m2",https://www.etreproprio.com/immobilier-23623695-vente-maison-4-chambres-13450-m2-bruz
BRUZ,Maison familiale 7 pièces   117 m2   quartier recherché du v,https://www.etreproprio.com/immobilier-23624114-vente-maison-familiale-7-pieces-117-m2-quartier-recherche-du-v-bruz
BRUZ,Maison a renover a bruz !,https://www.etreproprio.com/immobilier-22945923-vente-maison-a-renover-a-bruz-bruz
BRUZ,Maison - bruz,https://www.etreproprio.com/immobilier-23607119-vente-maison-bruz-bruz
CANCALE,Longère cancale 5 pièce(s) 157 m2,https://www.etreproprio.com/immobilier-23900549-vente-longere-cancale-5-pieces-157-m2-cancale
CANCALE,Maison 100m² à cancale,https://www.etreproprio.com/immobilier-23884665-vente-maison-100m-a-cancale-cancale
CANCALE,Maison 109m² à cancale,https://www.etreproprio.com/immobilier-23863093-vente-maison-109m-a-cancale-cancale
CANCALE,Maison 108m² à cancale,https://www.etreproprio.com/immobilier-22084948-vente-maison-108m-a-cancale-cancale
CANCALE,Maison cancale proche centre-ville,https://www.etreproprio.com/immobilier-23808656-vente-maison-cancale-proche-centre-ville-cancale
CANCALE,Maison 144m² à cancale,https://www.etreproprio.com/immobilier-23805947-vente-maison-144m-a-cancale-cancale
CANCALE,Cancale port-mer - maison familiale 4 chambres à deux pas de la plage,https://www.etreproprio.com/immobilier-23755333-vente-cancale-port-mer-maison-familiale-4-chambres-a-deux-pas-de-la-plage-cancale
CANCALE,Maison 67m² à cancale,https://www.etreproprio.com/immobilier-23727555-vente-maison-67m-a-cancale-cancale
CANCALE,Maison 94m² à cancale,https://www.etreproprio.com/immobilier-23692479-vente-maison-94m-a-cancale-cancale
CANCALE,"Centre & port de la houle à pied : maison avec vie de plain-pied, terrasse sud, garage",https://www.etreproprio.com/immobilier-23710270-vente-centre-port-de-la-houle-a-pied-maison-avec-vie-de-plain-pied-terrasse-sud-garage-cancale
CANCALE,Maison cancale -152m2- terrain 500m²,https://www.etreproprio.com/immobilier-23442303-vente-maison-cancale-152m2-terrain-500m-cancale
CANCALE,Maison 135m² à cancale,https://www.etreproprio.com/immobilier-23704515-vente-maison-135m-a-cancale-cancale
CANCALE,Maison 154m² à cancale,https://www.etreproprio.com/immobilier-23424287-vente-maison-154m-a-cancale-cancale
CANCALE,Maison 118m² à cancale,https://www.etreproprio.com/immobilier-22273180-vente-maison-118m-a-cancale-cancale
CANCALE,Maison familiale 5 chambres au calme absolu à cancale,https://www.etreproprio.com/immobilier-23686566-vente-maison-familiale-5-chambres-au-calme-absolu-a-cancale-cancale
CANCALE,Maison familiale contemporaine 5 chambres,https://www.etreproprio.com/immobilier-23686565-vente-maison-familiale-contemporaine-5-chambres-cancale
CANCALE,Maison 87m² à cancale,https://www.etreproprio.com/immobilier-23685459-vente-maison-87m-a-cancale-cancale
CANCALE,A vendre agence giboire maison saint meloir des ondes - aux portes de cancale 170 m2,https://www.etreproprio.com/immobilier-23647800-vente-a-vendre-agence-giboire-maison-saint-meloir-des-ondes-aux-portes-de-cancale-170-m2-cancale
CANCALE,Propriété du xviii siècle à vendre à cancale,https://www.etreproprio.com/immobilier-22948246-vente-propriete-du-xviii-siecle-a-vendre-a-cancale-cancale
CANCALE,Maison en pierre 160 m2 avec grand garage double,https://www.etreproprio.com/immobilier-22103312-vente-maison-en-pierre-160-m2-avec-grand-garage-double-cancale
BRUZ,Maison 168m² à bruz,https://www.etreproprio.com/immobilier-21665595-vente-maison-168m-a-bruz-bruz
BRUZ,Maison en pierre t6 - 140 m2 - 350 m2,https://www.etreproprio.com/immobilier-23532168-vente-maison-en-pierre-t6-140-m2-350-m2-bruz
BRUZ,Longère 153 m² 5 chambres,https://www.etreproprio.com/immobilier-22608425-vente-longere-153-m-5-chambres-bruz
BRUZ,Achat / vente - maison - hyper centre,https://www.etreproprio.com/immobilier-23483124-vente-achat-vente-maison-hyper-centre-bruz
BRUZ,Maison 187m² à bruz,https://www.etreproprio.com/immobilier-23142102-vente-maison-187m-a-bruz-bruz
BRUZ,Maison 123m² à bruz,https://www.etreproprio.com/immobilier-23461797-vente-maison-123m-a-bruz-bruz
BRUZ,Maison d'architecte - hypercentre de bruz,https://www.etreproprio.com/immobilier-23404560-vente-maison-d-architecte-hypercentre-de-bruz-bruz
BRUZ,"A bruz, maison de 165m² sur une parcelle de 934m²",https://www.etreproprio.com/immobilier-23358105-vente-a-bruz-maison-de-165m-sur-une-parcelle-de-934m-bruz
BRUZ,Maison - 8 pièces - 165 m2,https://www.etreproprio.com/immobilier-23352665-vente-maison-8-pieces-165-m2-bruz
BRUZ,Maison bruz 6 pièce(s) 121 m2,https://www.etreproprio.com/immobilier-23329109-vente-maison-bruz-6-pieces-121-m2-bruz
BRUZ,Maison de plain-pied 56 m2 - 2 chambres,https://www.etreproprio.com/immobilier-23333882-vente-maison-de-plain-pied-56-m2-2-chambres-bruz
BRUZ,Maison 56m² à bruz,https://www.etreproprio.com/immobilier-23307216-vente-maison-56m-a-bruz-bruz
BRUZ,"A vendre - agence giboire - maison d'environ 127,04 m2 - bruz, au calme dans un quartier prisé",https://www.etreproprio.com/immobilier-22688779-vente-a-vendre-agence-giboire-maison-d-environ-12704-m2-bruz-au-calme-dans-un-quartier-prise-bruz
BRUZ,Maison 3 pièces 56 m²,https://www.etreproprio.com/immobilier-23310825-vente-maison-3-pieces-56-m-bruz
BRUZ,"Bruz - en plein centre-ville, maison à rénover de 155m² sur une parcelle de 548m²",https://www.etreproprio.com/immobilier-23188743-vente-bruz-en-plein-centre-ville-maison-a-renover-de-155m-sur-une-parcelle-de-548m-bruz
BRUZ,Bruz maison familiale de 5 chambres,https://www.etreproprio.com/immobilier-23076917-vente-bruz-maison-familiale-de-5-chambres-bruz
BRUZ,Maison bruz 4 pièce(s) 118 m2,https://www.etreproprio.com/immobilier-23038800-vente-maison-bruz-4-pieces-118-m2-bruz
BRUZ,Bruz maison d'architecte en lisiere de foret,https://www.etreproprio.com/immobilier-23030284-vente-bruz-maison-d-architecte-en-lisiere-de-foret-bruz
BRUZ,Maison en pierre renovee bruz,https://www.etreproprio.com/immobilier-23018727-vente-maison-en-pierre-renovee-bruz-bruz
BRUZ,Maison - bruz,https://www.etreproprio.com/immobilier-23015623-vente-maison-bruz-bruz
CARDROC,Maison cardroc 4 pièces,https://www.etreproprio.com/immobilier-23587537-vente-maison-cardroc-4-pieces-cardroc
CARDROC,Maison cardroc 4 pièce(s) 112 m2,https://www.etreproprio.com/immobilier-22496576-vente-maison-cardroc-4-pieces-112-m2-cardroc
CESSON-SEVIGNE,Maison cesson sevigne plein centre,https://www.etreproprio.com/immobilier-17903748-vente-maison-cesson-sevigne-plein-centre-cesson-sevigne
CESSON-SEVIGNE,A vendre maison 7 pièces à cesson sevigne - quartier bellevue,https://www.etreproprio.com/immobilier-23755263-vente-a-vendre-maison-7-pieces-a-cesson-sevigne-quartier-bellevue-cesson-sevigne
CESSON-SEVIGNE,"Maison t7 à vendre, cesson-sévigné",https://www.etreproprio.com/immobilier-23881002-vente-maison-t7-a-vendre-cesson-sevigne-cesson-sevigne
CESSON-SEVIGNE,"Maison t7 à vendre, cesson-sévigné",https://www.etreproprio.com/immobilier-23860638-vente-maison-t7-a-vendre-cesson-sevigne-cesson-sevigne
CESSON-SEVIGNE,Élégance contemporaine & piscine plein sud,https://www.etreproprio.com/immobilier-23663615-vente-elegance-contemporaine-piscine-plein-sud-cesson-sevigne
CESSON-SEVIGNE,Maison 6 pièces - secteur bellevue,https://www.etreproprio.com/immobilier-23837744-vente-maison-6-pieces-secteur-bellevue-cesson-sevigne
CESSON-SEVIGNE,Maison 106m² à cesson-sevigne,https://www.etreproprio.com/immobilier-23196079-vente-maison-106m-a-cesson-sevigne-cesson-sevigne
CESSON-SEVIGNE,Achat - exclusivité agence giboire - maison 3 chambres (possibilité 4) d'environ 122.41m² (142.63m² au sol) - cesson-sevigne,https://www.etreproprio.com/immobilier-23796573-vente-achat-exclusivite-agence-giboire-maison-3-chambres-possibilite-4-d-environ-12241m-14263m-au-sol-cesson-sevigne-cesson-sevigne
CESSON-SEVIGNE,A vendre maison 6 pièces en impasse quartier dezerseul cesson sevigne,https://www.etreproprio.com/immobilier-23795819-vente-a-vendre-maison-6-pieces-en-impasse-quartier-dezerseul-cesson-sevigne-cesson-sevigne
CESSON-SEVIGNE,Maison 86m² à cesson-sevigne,https://www.etreproprio.com/immobilier-23795135-vente-maison-86m-a-cesson-sevigne-cesson-sevigne
CESSON-SEVIGNE,Cesson sévigné - belle maison 4 chambres,https://www.etreproprio.com/immobilier-23793079-vente-cesson-sevigne-belle-maison-4-chambres-cesson-sevigne
CESSON-SEVIGNE,A vendre - exclusivite agence giboire - maison neuve 4 chambres - cesson-sevigne,https://www.etreproprio.com/immobilier-23778131-vente-a-vendre-exclusivite-agence-giboire-maison-neuve-4-chambres-cesson-sevigne-cesson-sevigne
CESSON-SEVIGNE,Maison 112m² à cesson-sevigne,https://www.etreproprio.com/immobilier-23768196-vente-maison-112m-a-cesson-sevigne-cesson-sevigne
CESSON-SEVIGNE,Maison cesson sevigne,https://www.etreproprio.com/immobilier-23755260-vente-maison-cesson-sevigne-cesson-sevigne
CESSON-SEVIGNE,A vendre - exclusivite agence giboire - maison 5 chambres - 228.59m² habitables et 301.59m² au sol - cesson-sévigné,https://www.etreproprio.com/immobilier-23751671-vente-a-vendre-exclusivite-agence-giboire-maison-5-chambres-22859m-habitables-et-30159m-au-sol-cesson-sevigne-cesson-sevigne
CESSON-SEVIGNE,Maison 89m² à cesson-sevigne,https://www.etreproprio.com/immobilier-22038559-vente-maison-89m-a-cesson-sevigne-cesson-sevigne
CESSON-SEVIGNE,A vendre maison  7 pieces d'architecte la monniais cesson-sevigne,https://www.etreproprio.com/immobilier-23755268-vente-a-vendre-maison-7-pieces-d-architecte-la-monniais-cesson-sevigne-cesson-sevigne
CESSON-SEVIGNE,Maison cesson sevigne 10 pièce(s) 197.33 m2,https://www.etreproprio.com/immobilier-23755266-vente-maison-cesson-sevigne-10-pieces-19733-m2-cesson-sevigne
CESSON-SEVIGNE,A vendre maison 7 pièces à cesson sevigne - quartier bellevue en impasse,https://www.etreproprio.com/immobilier-23755262-vente-a-vendre-maison-7-pieces-a-cesson-sevigne-quartier-bellevue-en-impasse-cesson-sevigne
CESSON-SEVIGNE,Cesson sevigne maison,https://www.etreproprio.com/immobilier-23755261-vente-cesson-sevigne-maison-cesson-sevigne
BRUZ,Maison bruz 5 pièce(s) 97 m2,https://www.etreproprio.com/immobilier-22937460-vente-maison-bruz-5-pieces-97-m2-bruz
BRUZ,Projet de maison neuve 104m2 de plain-pied bruz,https://www.etreproprio.com/immobilier-22865738-vente-projet-de-maison-neuve-104m2-de-plain-pied-bruz-bruz
BRUZ,Maison 135m² à bruz,https://www.etreproprio.com/immobilier-22662063-vente-maison-135m-a-bruz-bruz
BRUZ,Maison architecte proche centre ville bruz 186 m2,https://www.etreproprio.com/immobilier-21294859-vente-maison-architecte-proche-centre-ville-bruz-186-m2-bruz
BRUZ,Maison 153m² à bruz,https://www.etreproprio.com/immobilier-22607435-vente-maison-153m-a-bruz-bruz
BRUZ,Maison centre-ville - 148 m2 sur une parcelle de 580 m2,https://www.etreproprio.com/immobilier-17603732-vente-maison-centre-ville-148-m2-sur-une-parcelle-de-580-m2-bruz
BRUZ,Maison 195m² à bruz,https://www.etreproprio.com/immobilier-21886405-vente-maison-195m-a-bruz-bruz
BRUZ,Bruz maison d'architecte domaine du golf de cice,https://www.etreproprio.com/immobilier-21111855-vente-bruz-maison-d-architecte-domaine-du-golf-de-cice-bruz
BRUZ,Bruz maison  d'architecte 8 pièce(s) 161 m2,https://www.etreproprio.com/immobilier-22516810-vente-bruz-maison-d-architecte-8-pieces-161-m2-bruz
BRUZ,"A bruz, maison indépendante de 161 m2",https://www.etreproprio.com/immobilier-22516835-vente-a-bruz-maison-independante-de-161-m2-bruz
BRUZ,Maison 7 pièces sur domaine de cissé blossac,https://www.etreproprio.com/immobilier-20915593-vente-maison-7-pieces-sur-domaine-de-cisse-blossac-bruz
BRUZ,Maison indépendante à bruz 129m²,https://www.etreproprio.com/immobilier-22135835-vente-maison-independante-a-bruz-129m-bruz
BRUZ,"Maison familiale 8 pièces, bruz centre",https://www.etreproprio.com/immobilier-21360156-vente-maison-familiale-8-pieces-bruz-centre-bruz
BRUZ,"A vendre - agence giboire  - en exclusivite - contemporaine d'environ189.74 m2 - rennes metropole -chavagne, au coeur d'un quart",https://www.etreproprio.com/immobilier-22253424-vente-a-vendre-agence-giboire-en-exclusivite-contemporaine-d-environ18974-m2-rennes-metropole-chavagne-au-coeur-d-un-quart-bruz
BRUZ,Maison bruz 5 pièce(s) 94 m2,https://www.etreproprio.com/immobilier-21781086-vente-maison-bruz-5-pieces-94-m2-bruz
BRUZ,Propriété - 185 m2 sur terrain de 1 176 m2,https://www.etreproprio.com/immobilier-22003664-vente-propriete-185-m2-sur-terrain-de-1-176-m2-bruz
BRUZ,Maison 161m² à bruz,https://www.etreproprio.com/immobilier-21933036-vente-maison-161m-a-bruz-bruz
BRUZ,Maison 155m² à bruz,https://www.etreproprio.com/immobilier-21918910-vente-maison-155m-a-bruz-bruz
BRUZ,Maison 153m² à bruz,https://www.etreproprio.com/immobilier-21869977-vente-maison-153m-a-bruz-bruz
BRUZ,Lumineuse et agréable maison en hypercentre de bruz,https://www.etreproprio.com/immobilier-21871667-vente-lumineuse-et-agreable-maison-en-hypercentre-de-bruz-bruz
CANCALE,À seulement 100 m de la mer – coup de cœur garanti pour cette maison entièrement rénovée,https://www.etreproprio.com/immobilier-23594134-vente-a-seulement-100-m-de-la-mer-coup-de-coeur-garanti-pour-cette-maison-entierement-renovee-cancale
CANCALE,Maison familiale de 142 m2 - 5 chambres - cancale - 2 km du port,https://www.etreproprio.com/immobilier-23561596-vente-maison-familiale-de-142-m2-5-chambres-cancale-2-km-du-port-cancale
CANCALE,Maison cancale 4 pièces. garage et dépendance. jardin,https://www.etreproprio.com/immobilier-22596221-vente-maison-cancale-4-pieces-garage-et-dependance-jardin-cancale
CANCALE,Charmante maison proche plage cancale,https://www.etreproprio.com/immobilier-23316393-vente-charmante-maison-proche-plage-cancale-cancale
CANCALE,"Cancale, maison 10 pièces 282 m2",https://www.etreproprio.com/immobilier-23580487-vente-cancale-maison-10-pieces-282-m2-cancale
CANCALE,Maison 157m² à cancale,https://www.etreproprio.com/immobilier-23567330-vente-maison-157m-a-cancale-cancale
CANCALE,Maison au calme en impasse,https://www.etreproprio.com/immobilier-23562913-vente-maison-au-calme-en-impasse-cancale
CANCALE,"Maison à cancale - 5 chambres, sous-sol complet, grand jardin",https://www.etreproprio.com/immobilier-23556387-vente-maison-a-cancale-5-chambres-sous-sol-complet-grand-jardin-cancale
CANCALE,Maison 4 chambres - cancale - aucun travaux,https://www.etreproprio.com/immobilier-23548911-vente-maison-4-chambres-cancale-aucun-travaux-cancale
CANCALE,"À vendre - maison contemporaine avec vue mer, cancale les rimains",https://www.etreproprio.com/immobilier-22741809-vente-a-vendre-maison-contemporaine-avec-vue-mer-cancale-les-rimains-cancale
CANCALE,Maison 73m² à cancale,https://www.etreproprio.com/immobilier-23535175-vente-maison-73m-a-cancale-cancale
CANCALE,Maison 165m² à cancale,https://www.etreproprio.com/immobilier-23062766-vente-maison-165m-a-cancale-cancale
CANCALE,Propriété d'exception - charme de l'ancien et confort contemporain,https://www.etreproprio.com/immobilier-21816666-vente-propriete-d-exception-charme-de-l-ancien-et-confort-contemporain-cancale
CANCALE,Maison 135m² à cancale,https://www.etreproprio.com/immobilier-23515349-vente-maison-135m-a-cancale-cancale
CANCALE,Villa  vue mer  cancale,https://www.etreproprio.com/immobilier-22862241-vente-villa-vue-mer-cancale-cancale
CANCALE,Maison 158m² à cancale,https://www.etreproprio.com/immobilier-22854700-vente-maison-158m-a-cancale-cancale
CANCALE,Maison 83m² à cancale,https://www.etreproprio.com/immobilier-23466810-vente-maison-83m-a-cancale-cancale
CANCALE,Maison 237m² à cancale,https://www.etreproprio.com/immobilier-23454771-vente-maison-237m-a-cancale-cancale
CANCALE,Agence giboire a vendre maison en pierres proximite plages et commerces vie de plain pied cancale chambre au rez de chaussee git,https://www.etreproprio.com/immobilier-21844172-vente-agence-giboire-a-vendre-maison-en-pierres-proximite-plages-et-commerces-vie-de-plain-pied-cancale-chambre-au-rez-de-chaussee-git-cancale
CANCALE,Maison 182m² à cancale,https://www.etreproprio.com/immobilier-22102108-vente-maison-182m-a-cancale-cancale
CESSON-SEVIGNE,La boulais  - maison 4 ch +bureau sur sous-sol total,https://www.etreproprio.com/immobilier-23740850-vente-la-boulais-maison-4-ch-bureau-sur-sous-sol-total-cesson-sevigne
CESSON-SEVIGNE,Maison 197m² à cesson-sevigne,https://www.etreproprio.com/immobilier-23723655-vente-maison-197m-a-cesson-sevigne-cesson-sevigne
CESSON-SEVIGNE,Maison 197m² à cesson-sevigne,https://www.etreproprio.com/immobilier-23723654-vente-maison-197m-a-cesson-sevigne-cesson-sevigne
CESSON-SEVIGNE,Maison 122m² à cesson-sevigne,https://www.etreproprio.com/immobilier-23723902-vente-maison-122m-a-cesson-sevigne-cesson-sevigne
CESSON-SEVIGNE,Maison 110m² à cesson-sevigne,https://www.etreproprio.com/immobilier-23721785-vente-maison-110m-a-cesson-sevigne-cesson-sevigne
CESSON-SEVIGNE,Maison 140m² à cesson-sevigne,https://www.etreproprio.com/immobilier-23714000-vente-maison-140m-a-cesson-sevigne-cesson-sevigne
CESSON-SEVIGNE,Maison type 7 à vendre - cesson-sévigné,https://www.etreproprio.com/immobilier-23711348-vente-maison-type-7-a-vendre-cesson-sevigne-cesson-sevigne
CESSON-SEVIGNE,Maison 205m² à cesson-sevigne,https://www.etreproprio.com/immobilier-23714129-vente-maison-205m-a-cesson-sevigne-cesson-sevigne
CESSON-SEVIGNE,Maison 130m² à cesson-sevigne,https://www.etreproprio.com/immobilier-23699074-vente-maison-130m-a-cesson-sevigne-cesson-sevigne
CESSON-SEVIGNE,Maison 135m² à cesson-sevigne,https://www.etreproprio.com/immobilier-23699073-vente-maison-135m-a-cesson-sevigne-cesson-sevigne
CESSON-SEVIGNE,Maison 135m² à cesson-sevigne,https://www.etreproprio.com/immobilier-23109324-vente-maison-135m-a-cesson-sevigne-cesson-sevigne
CESSON-SEVIGNE,"Maison type 6 à vendre, cesson-sévigné",https://www.etreproprio.com/immobilier-23265639-vente-maison-type-6-a-vendre-cesson-sevigne-cesson-sevigne
CESSON-SEVIGNE,Maison 132m² à cesson-sevigne,https://www.etreproprio.com/immobilier-23691075-vente-maison-132m-a-cesson-sevigne-cesson-sevigne
CESSON-SEVIGNE,Cesson sévigné - quartier recherché  très calme proche tous services  maison 5 chambres + bureau avec  sous-sol,https://www.etreproprio.com/immobilier-23688173-vente-cesson-sevigne-quartier-recherche-tres-calme-proche-tous-services-maison-5-chambres-bureau-avec-sous-sol-cesson-sevigne
CESSON-SEVIGNE,Maison familiale,https://www.etreproprio.com/immobilier-23686533-vente-maison-familiale-cesson-sevigne
CESSON-SEVIGNE,Maison 150m² à cesson-sevigne,https://www.etreproprio.com/immobilier-23679592-vente-maison-150m-a-cesson-sevigne-cesson-sevigne
CESSON-SEVIGNE,Maison 180m² à cesson-sevigne,https://www.etreproprio.com/immobilier-23670326-vente-maison-180m-a-cesson-sevigne-cesson-sevigne
CESSON-SEVIGNE,Cesson sevigne,https://www.etreproprio.com/immobilier-23588873-vente-cesson-sevigne-cesson-sevigne
CESSON-SEVIGNE,Maison 97m² à cesson-sevigne,https://www.etreproprio.com/immobilier-22472245-vente-maison-97m-a-cesson-sevigne-cesson-sevigne
CESSON-SEVIGNE,Maison 168m² à cesson-sevigne,https://www.etreproprio.com/immobilier-23552600-vente-maison-168m-a-cesson-sevigne-cesson-sevigne
BRUZ,Maison independante bruz 8 pieces golf cice blossac de 178m2,https://www.etreproprio.com/immobilier-21748951-vente-maison-independante-bruz-8-pieces-golf-cice-blossac-de-178m2-bruz
BRUZ,Maison 137m² à bruz,https://www.etreproprio.com/immobilier-21621501-vente-maison-137m-a-bruz-bruz
BRUZ,Maison indépendante de type 6 au calme,https://www.etreproprio.com/immobilier-20949474-vente-maison-independante-de-type-6-au-calme-bruz
BRUZ,Découvrez le charme et le confort à proximité du centre de bruz,https://www.etreproprio.com/immobilier-18898343-vente-decouvrez-le-charme-et-le-confort-a-proximite-du-centre-de-bruz-bruz
CESSON-SEVIGNE,Maison 112m² à cesson-sevigne,https://www.etreproprio.com/immobilier-23103623-vente-maison-112m-a-cesson-sevigne-cesson-sevigne
CESSON-SEVIGNE,Maison 76m² à cesson-sevigne,https://www.etreproprio.com/immobilier-23514400-vente-maison-76m-a-cesson-sevigne-cesson-sevigne
CESSON-SEVIGNE,A vendre -  agence giboire - maison t7 - 5 chambres - 176 m² habitables - 200 m² au sol - cesson-sevigne,https://www.etreproprio.com/immobilier-22231091-vente-a-vendre-agence-giboire-maison-t7-5-chambres-176-m-habitables-200-m-au-sol-cesson-sevigne-cesson-sevigne
CESSON-SEVIGNE,Maison familiale de standing de 168 m² sur 774 m² de terrain – cadre verdoyant et lumineux,https://www.etreproprio.com/immobilier-23517987-vente-maison-familiale-de-standing-de-168-m-sur-774-m-de-terrain-cadre-verdoyant-et-lumineux-cesson-sevigne
CESSON-SEVIGNE,Achat - agence giboire - maison 4 chambres - division parcellaire  - cesson-sévigné,https://www.etreproprio.com/immobilier-23498627-vente-achat-agence-giboire-maison-4-chambres-division-parcellaire-cesson-sevigne-cesson-sevigne
CESSON-SEVIGNE,Maison 153m² à cesson-sevigne,https://www.etreproprio.com/immobilier-23016268-vente-maison-153m-a-cesson-sevigne-cesson-sevigne
CESSON-SEVIGNE,Maison type 6 de 132m² à la menouriais - cesson-sévigné,https://www.etreproprio.com/immobilier-23258027-vente-maison-type-6-de-132m-a-la-menouriais-cesson-sevigne-cesson-sevigne
CESSON-SEVIGNE,Maison 140m² à cesson-sevigne,https://www.etreproprio.com/immobilier-23491096-vente-maison-140m-a-cesson-sevigne-cesson-sevigne
CESSON-SEVIGNE,Cesson sevigne - maison en campagne proche ville,https://www.etreproprio.com/immobilier-23474417-vente-cesson-sevigne-maison-en-campagne-proche-ville-cesson-sevigne
CESSON-SEVIGNE,Achat - exclusivite agence giboire - maison 4 chambres - cesson-sevigne,https://www.etreproprio.com/immobilier-23206479-vente-achat-exclusivite-agence-giboire-maison-4-chambres-cesson-sevigne-cesson-sevigne
CESSON-SEVIGNE,Maison 163m² à cesson-sevigne,https://www.etreproprio.com/immobilier-23396093-vente-maison-163m-a-cesson-sevigne-cesson-sevigne
CESSON-SEVIGNE,Cesson sevigne,https://www.etreproprio.com/immobilier-23363525-vente-cesson-sevigne-cesson-sevigne
CESSON-SEVIGNE,Maison 246m² à cesson-sevigne,https://www.etreproprio.com/immobilier-23340846-vente-maison-246m-a-cesson-sevigne-cesson-sevigne
CESSON-SEVIGNE,Maison 160m² à cesson-sevigne,https://www.etreproprio.com/immobilier-23277899-vente-maison-160m-a-cesson-sevigne-cesson-sevigne
CESSON-SEVIGNE,A vendre - agence giboire cesson-sévigné - maison type 9 - thorigné-fouillard - centre-ville - rennes métropole,https://www.etreproprio.com/immobilier-23256770-vente-a-vendre-agence-giboire-cesson-sevigne-maison-type-9-thorigne-fouillard-centre-ville-rennes-metropole-cesson-sevigne
CESSON-SEVIGNE,Maison cesson sevigne 4 pièce(s) 94.2 m2,https://www.etreproprio.com/immobilier-21780135-vente-maison-cesson-sevigne-4-pieces-942-m2-cesson-sevigne
CESSON-SEVIGNE,Maison 71m² à cesson-sevigne,https://www.etreproprio.com/immobilier-21441988-vente-maison-71m-a-cesson-sevigne-cesson-sevigne
CESSON-SEVIGNE,Maison secteur bourchevreuil,https://www.etreproprio.com/immobilier-23176609-vente-maison-secteur-bourchevreuil-cesson-sevigne
CESSON-SEVIGNE,Maison a cesson-sevigne avec piscine !,https://www.etreproprio.com/immobilier-23155650-vente-maison-a-cesson-sevigne-avec-piscine-cesson-sevigne
CESSON-SEVIGNE,Maison 231 m2 - cesson-sévigné,https://www.etreproprio.com/immobilier-23114179-vente-maison-231-m2-cesson-sevigne-cesson-sevigne
CHAMPEAUX,Champeaux - a vendre - maison,https://www.etreproprio.com/immobilier-23902103-vente-champeaux-a-vendre-maison-champeaux
CHAMPEAUX,Vente maison champeaux(35500) 193 880ï¿œ,https://www.etreproprio.com/immobilier-22951564-vente-vente-maison-champeaux35500-193-880i-oe-champeaux
CANCALE,Maison 30m² à cancale,https://www.etreproprio.com/immobilier-23390750-vente-maison-30m-a-cancale-cancale
CANCALE,Maison 288m² à cancale,https://www.etreproprio.com/immobilier-21410522-vente-maison-288m-a-cancale-cancale
CANCALE,Maison 182m² à cancale,https://www.etreproprio.com/immobilier-22110410-vente-maison-182m-a-cancale-cancale
CANCALE,Gîtes et chambres d'hôtes à cancale longère 18ème siècle !,https://www.etreproprio.com/immobilier-23321302-vente-gites-et-chambres-d-hotes-a-cancale-longere-18eme-siecle-cancale
CANCALE,Maison 188m² à cancale,https://www.etreproprio.com/immobilier-23310552-vente-maison-188m-a-cancale-cancale
CANCALE,Maison de charme en pierres plein centre cancale,https://www.etreproprio.com/immobilier-23276968-vente-maison-de-charme-en-pierres-plein-centre-cancale-cancale
CANCALE,Maison de ville - centre cancale,https://www.etreproprio.com/immobilier-23273216-vente-maison-de-ville-centre-cancale-cancale
CANCALE,Maison 169m² à cancale,https://www.etreproprio.com/immobilier-23238234-vente-maison-169m-a-cancale-cancale
CANCALE,Maison cancale 140 m2 4 chambres (possibilité 6ch),https://www.etreproprio.com/immobilier-21395162-vente-maison-cancale-140-m2-4-chambres-possibilite-6ch-cancale
CANCALE,Maison 136m² à cancale,https://www.etreproprio.com/immobilier-21306002-vente-maison-136m-a-cancale-cancale
CANCALE,Maison 140m² à cancale,https://www.etreproprio.com/immobilier-21464182-vente-maison-140m-a-cancale-cancale
CANCALE,"Maison cancale, 115 m² avec potentiel mixte – habitation et ou activité professionnelle",https://www.etreproprio.com/immobilier-23003243-vente-maison-cancale-115-m-avec-potentiel-mixte-habitation-et-ou-activite-professionnelle-cancale
CANCALE,"À vendre - maison en pierres avec jardin et aperçu mer à cancale, à deux pas du gr34",https://www.etreproprio.com/immobilier-22190302-vente-a-vendre-maison-en-pierres-avec-jardin-et-apercu-mer-a-cancale-a-deux-pas-du-gr34-cancale
CANCALE,Maison 159m² à cancale,https://www.etreproprio.com/immobilier-22555786-vente-maison-159m-a-cancale-cancale
CANCALE,Maison 150m² à cancale,https://www.etreproprio.com/immobilier-22513179-vente-maison-150m-a-cancale-cancale
CANCALE,Maison 113m² à cancale,https://www.etreproprio.com/immobilier-22473215-vente-maison-113m-a-cancale-cancale
CANCALE,Maison 59m² à cancale,https://www.etreproprio.com/immobilier-22028470-vente-maison-59m-a-cancale-cancale
CANCALE,Maison 88m² à cancale,https://www.etreproprio.com/immobilier-22374202-vente-maison-88m-a-cancale-cancale
CANCALE,Maison 83m² à cancale,https://www.etreproprio.com/immobilier-22317754-vente-maison-83m-a-cancale-cancale
CANCALE,A vendre seulement agence giboire vue mer cancale port mer maison terrain,https://www.etreproprio.com/immobilier-21967824-vente-a-vendre-seulement-agence-giboire-vue-mer-cancale-port-mer-maison-terrain-cancale
CHANTELOUP,Maison 105m² à chanteloup,https://www.etreproprio.com/immobilier-23893024-vente-maison-105m-a-chanteloup-chanteloup
CHANTELOUP,Maison 155m² à chanteloup,https://www.etreproprio.com/immobilier-23867824-vente-maison-155m-a-chanteloup-chanteloup
CHANTELOUP,Maison 130m² à chanteloup,https://www.etreproprio.com/immobilier-23832000-vente-maison-130m-a-chanteloup-chanteloup
CHANTELOUP,Chanteloup - château et ses dépendances aux portes du village,https://www.etreproprio.com/immobilier-23631361-vente-chanteloup-chateau-et-ses-dependances-aux-portes-du-village-chanteloup
CHANTELOUP,Maison 109m² à chanteloup,https://www.etreproprio.com/immobilier-23412314-vente-maison-109m-a-chanteloup-chanteloup
CHANTELOUP,Maison 130m² à chanteloup,https://www.etreproprio.com/immobilier-23440751-vente-maison-130m-a-chanteloup-chanteloup
CHANTELOUP,Maison néo-bretonne 7 pièces – 147 m² avec parc arboré,https://www.etreproprio.com/immobilier-23414855-vente-maison-neo-bretonne-7-pieces-147-m-avec-parc-arbore-chanteloup
CHANTELOUP,Exceptionnel! manoir et ses gîtes au cœur de ville.,https://www.etreproprio.com/immobilier-23214696-vente-exceptionnel-manoir-et-ses-gites-au-coeur-de-ville-chanteloup
CHANTELOUP,Maison de bourg à chanteloup,https://www.etreproprio.com/immobilier-19177060-vente-maison-de-bourg-a-chanteloup-chanteloup
CESSON-SEVIGNE,Maison 120m² à cesson-sevigne,https://www.etreproprio.com/immobilier-23102376-vente-maison-120m-a-cesson-sevigne-cesson-sevigne
CESSON-SEVIGNE,Maison 120m² à cesson-sevigne,https://www.etreproprio.com/immobilier-23064733-vente-maison-120m-a-cesson-sevigne-cesson-sevigne
CESSON-SEVIGNE,Belle maison familiale 120 m2 et 359 m2 de terrain,https://www.etreproprio.com/immobilier-22538408-vente-belle-maison-familiale-120-m2-et-359-m2-de-terrain-cesson-sevigne
CESSON-SEVIGNE,Grande maison secteur de la chalotais à cesson-sévigné,https://www.etreproprio.com/immobilier-23061252-vente-grande-maison-secteur-de-la-chalotais-a-cesson-sevigne-cesson-sevigne
CESSON-SEVIGNE,Maison contemporaine de + 190 m² avec 4 grandes chambres+ bureau et une salle multifonction,https://www.etreproprio.com/immobilier-23057661-vente-maison-contemporaine-de-190-m-avec-4-grandes-chambres-bureau-et-une-salle-multifonction-cesson-sevigne
CESSON-SEVIGNE,Maison 152m² à cesson-sevigne,https://www.etreproprio.com/immobilier-22893206-vente-maison-152m-a-cesson-sevigne-cesson-sevigne
CESSON-SEVIGNE,Maison 157m² à cesson-sevigne,https://www.etreproprio.com/immobilier-22799689-vente-maison-157m-a-cesson-sevigne-cesson-sevigne
CESSON-SEVIGNE,Maison 149m² à cesson-sevigne,https://www.etreproprio.com/immobilier-22799688-vente-maison-149m-a-cesson-sevigne-cesson-sevigne
CESSON-SEVIGNE,Achat - exclusivite agence giboire - terrain constructible + 2  appartements - cesson-sevigne,https://www.etreproprio.com/immobilier-22732226-vente-achat-exclusivite-agence-giboire-terrain-constructible-2-appartements-cesson-sevigne-cesson-sevigne
CESSON-SEVIGNE,Emplacement privilégié au centre de cesson sévigné,https://www.etreproprio.com/immobilier-22706849-vente-emplacement-privilegie-au-centre-de-cesson-sevigne-cesson-sevigne
CESSON-SEVIGNE,Maison 102m² à cesson-sevigne,https://www.etreproprio.com/immobilier-22643488-vente-maison-102m-a-cesson-sevigne-cesson-sevigne
CESSON-SEVIGNE,Maison t6 a vendre - cesson-sevigne,https://www.etreproprio.com/immobilier-22550390-vente-maison-t6-a-vendre-cesson-sevigne-cesson-sevigne
CESSON-SEVIGNE,A vendre - agence giboire - maison 5 chambres - cesson-sévigné - 192.75m² habitables - 223 m² au sol,https://www.etreproprio.com/immobilier-22546820-vente-a-vendre-agence-giboire-maison-5-chambres-cesson-sevigne-19275m-habitables-223-m-au-sol-cesson-sevigne
CESSON-SEVIGNE,Maison 210m² à cesson-sevigne,https://www.etreproprio.com/immobilier-22507347-vente-maison-210m-a-cesson-sevigne-cesson-sevigne
CESSON-SEVIGNE,Belle longère 170m2 à cesson-sévigné,https://www.etreproprio.com/immobilier-20553926-vente-belle-longere-170m2-a-cesson-sevigne-cesson-sevigne
CESSON-SEVIGNE,Propriété aux portes de rennes maison 250 m2 + dépendances sur un terrain d'environ 3000 m2 (cesson-sévigné).,https://www.etreproprio.com/immobilier-20763261-vente-propriete-aux-portes-de-rennes-maison-250-m2-dependances-sur-un-terrain-d-environ-3000-m2-cesson-sevigne-cesson-sevigne
CESSON-SEVIGNE,Maison 137m² à cesson-sevigne,https://www.etreproprio.com/immobilier-21976186-vente-maison-137m-a-cesson-sevigne-cesson-sevigne
CESSON-SEVIGNE,Maison 190m² à cesson-sevigne,https://www.etreproprio.com/immobilier-20670622-vente-maison-190m-a-cesson-sevigne-cesson-sevigne
CESSON-SEVIGNE,Maison - cesson-sévigné,https://www.etreproprio.com/immobilier-19500375-vente-maison-cesson-sevigne-cesson-sevigne
CANCALE,Maison 100m² à cancale,https://www.etreproprio.com/immobilier-21521192-vente-maison-100m-a-cancale-cancale
CANCALE,Maison pierres et ardoises à rénover,https://www.etreproprio.com/immobilier-21126817-vente-maison-pierres-et-ardoises-a-renover-cancale
CANCALE,Cancale - exclusivité,https://www.etreproprio.com/immobilier-20854254-vente-cancale-exclusivite-cancale
CHANTEPIE,Maison chantepie 5 pièce(s) 95 m2,https://www.etreproprio.com/immobilier-23902143-vente-maison-chantepie-5-pieces-95-m2-chantepie
CHANTEPIE,Maison 141m² à chantepie,https://www.etreproprio.com/immobilier-23459565-vente-maison-141m-a-chantepie-chantepie
CHANTEPIE,Maison familiale de 115m2 habitables(130m2 au sol)-chantepie à 10 minutes de rennes- environnement calme-jardin arboré-proche co,https://www.etreproprio.com/immobilier-23897333-vente-maison-familiale-de-115m2-habitables130m2-au-sol-chantepie-a-10-minutes-de-rennes-environnement-calme-jardin-arbore-proche-co-chantepie
CHANTEPIE,Maison chantepie 5 pièce(s) 100 m2,https://www.etreproprio.com/immobilier-23881212-vente-maison-chantepie-5-pieces-100-m2-chantepie
CHANTEPIE,Maison 115m² à chantepie,https://www.etreproprio.com/immobilier-23710828-vente-maison-115m-a-chantepie-chantepie
CHANTEPIE,Maison chantepie 4 pièce(s) 92.69m2,https://www.etreproprio.com/immobilier-23755357-vente-maison-chantepie-4-pieces-9269m2-chantepie
CHANTEPIE,Maison 123m² à chantepie,https://www.etreproprio.com/immobilier-23121763-vente-maison-123m-a-chantepie-chantepie
CHANTEPIE,Maison chantepie 6 pièce(s) 141 m2,https://www.etreproprio.com/immobilier-23785374-vente-maison-chantepie-6-pieces-141-m2-chantepie
CHANTEPIE,Maison 139m² à chantepie,https://www.etreproprio.com/immobilier-23397710-vente-maison-139m-a-chantepie-chantepie
CHANTEPIE,Maison spacieuse de 7 pièces à chantepie ! un cadre de vie agréable pour votre famille !,https://www.etreproprio.com/immobilier-22060987-vente-maison-spacieuse-de-7-pieces-a-chantepie-un-cadre-de-vie-agreable-pour-votre-famille-chantepie
CHANTEPIE,Chantepie - maison 4 chambres - 141 m2,https://www.etreproprio.com/immobilier-23729500-vente-chantepie-maison-4-chambres-141-m2-chantepie
CHANTEPIE,Maison 112m² à chantepie,https://www.etreproprio.com/immobilier-23691615-vente-maison-112m-a-chantepie-chantepie
CHANTEPIE,Maison chantepie - 140m2 + combles aménageables,https://www.etreproprio.com/immobilier-23677730-vente-maison-chantepie-140m2-combles-amenageables-chantepie
CHANTEPIE,Maison 120m² à chantepie,https://www.etreproprio.com/immobilier-23607461-vente-maison-120m-a-chantepie-chantepie
CHANTEPIE,"Au cœur de chantepie, maison en bon état (120 m2) sur terrain clos de 550 m2.",https://www.etreproprio.com/immobilier-23605547-vente-au-coeur-de-chantepie-maison-en-bon-etat-120-m2-sur-terrain-clos-de-550-m2-chantepie
CHANTEPIE,"Chantepie / maison 6-7 pièces, 5 chambres, terrain clos, double garage",https://www.etreproprio.com/immobilier-23586814-vente-chantepie-maison-6-7-pieces-5-chambres-terrain-clos-double-garage-chantepie
CHANTEPIE,Maison 123m² à chantepie,https://www.etreproprio.com/immobilier-23319718-vente-maison-123m-a-chantepie-chantepie
CHANTEPIE,Maison contemporaine 216m2 bois de soeuvres 2km chantepie,https://www.etreproprio.com/immobilier-23436837-vente-maison-contemporaine-216m2-bois-de-soeuvres-2km-chantepie-chantepie
CHANTEPIE,Maison 166m² à chantepie,https://www.etreproprio.com/immobilier-22251060-vente-maison-166m-a-chantepie-chantepie
CHANTEPIE,Maison 105m² à chantepie,https://www.etreproprio.com/immobilier-23239734-vente-maison-105m-a-chantepie-chantepie
LA CHAPELLE-AUX-FILTZMEENS,Maison 111m² à la chapelle-aux-filtzmeens,https://www.etreproprio.com/immobilier-23910368-vente-maison-111m-a-la-chapelle-aux-filtzmeens-la-chapelle-aux-filtzmeens
LA CHAPELLE-AUX-FILTZMEENS,Maison 106m² à la chapelle-aux-filtzmeens,https://www.etreproprio.com/immobilier-23459925-vente-maison-106m-a-la-chapelle-aux-filtzmeens-la-chapelle-aux-filtzmeens
LA CHAPELLE-AUX-FILTZMEENS,Maison 152m² à la chapelle-aux-filtzmeens,https://www.etreproprio.com/immobilier-23196024-vente-maison-152m-a-la-chapelle-aux-filtzmeens-la-chapelle-aux-filtzmeens
LA CHAPELLE-AUX-FILTZMEENS,Belle longère proche de combourg 11 pièce(s) 415 m2 revenus locatifs,https://www.etreproprio.com/immobilier-21160644-vente-belle-longere-proche-de-combourg-11-pieces-415-m2-revenus-locatifs-la-chapelle-aux-filtzmeens
LA CHAPELLE-AUX-FILTZMEENS,Maison la chapelle aux filtzmeens 5 pièce(s) 135 m2 - 4 chambres,https://www.etreproprio.com/immobilier-22018674-vente-maison-la-chapelle-aux-filtzmeens-5-pieces-135-m2-4-chambres-la-chapelle-aux-filtzmeens
LA CHAPELLE-BOUEXIC,Maison 87m² à la chapelle-bouexic,https://www.etreproprio.com/immobilier-23910950-vente-maison-87m-a-la-chapelle-bouexic-la-chapelle-bouexic
LA CHAPELLE-BOUEXIC,Maison familiale rénovée – 4 chambres – terrain clos sans vis-à-vis,https://www.etreproprio.com/immobilier-23530921-vente-maison-familiale-renovee-4-chambres-terrain-clos-sans-vis-a-vis-la-chapelle-bouexic
LA CHAPELLE-BOUEXIC,"Belle longère de caractère avec potentiel, à 10 min de l'axe rennes redon",https://www.etreproprio.com/immobilier-23497779-vente-belle-longere-de-caractere-avec-potentiel-a-10-min-de-l-axe-rennes-redon-la-chapelle-bouexic
LA CHAPELLE-BOUEXIC,Maison moderne avec jardin – 3 chambres + garage – construction 2021,https://www.etreproprio.com/immobilier-22495945-vente-maison-moderne-avec-jardin-3-chambres-garage-construction-2021-la-chapelle-bouexic
LA CHAPELLE-BOUEXIC,Maison 127m² à la chapelle-bouexic,https://www.etreproprio.com/immobilier-22369852-vente-maison-127m-a-la-chapelle-bouexic-la-chapelle-bouexic
LA CHAPELLE-BOUEXIC,Maison en pierre avec deux dépendances à rénover - terrain constructible 1000 m² - hangar,https://www.etreproprio.com/immobilier-21740168-vente-maison-en-pierre-avec-deux-dependances-a-renover-terrain-constructible-1000-m-hangar-la-chapelle-bouexic
CHANTEPIE,Maison 60m² à chantepie,https://www.etreproprio.com/immobilier-23228326-vente-maison-60m-a-chantepie-chantepie
CHANTEPIE,Maison 159m² à chantepie,https://www.etreproprio.com/immobilier-23154364-vente-maison-159m-a-chantepie-chantepie
CHANTEPIE,Maison 280m² à chantepie,https://www.etreproprio.com/immobilier-23145632-vente-maison-280m-a-chantepie-chantepie
CHANTEPIE,Maison 160m² à chantepie,https://www.etreproprio.com/immobilier-20096068-vente-maison-160m-a-chantepie-chantepie
CHANTEPIE,Longère chantepie t8 pièces 267 m2 (220 m2 habitable) - 5 500 m2,https://www.etreproprio.com/immobilier-22299432-vente-longere-chantepie-t8-pieces-267-m2-220-m2-habitable-5-500-m2-chantepie
CHANTEPIE,Maison 169m² à chantepie,https://www.etreproprio.com/immobilier-22649143-vente-maison-169m-a-chantepie-chantepie
CHANTEPIE,Maison 160m² à chantepie,https://www.etreproprio.com/immobilier-22070031-vente-maison-160m-a-chantepie-chantepie
CHANTEPIE,Maison 125m² à chantepie,https://www.etreproprio.com/immobilier-22440914-vente-maison-125m-a-chantepie-chantepie
CHANTEPIE,Maison 149m² à chantepie,https://www.etreproprio.com/immobilier-21709288-vente-maison-149m-a-chantepie-chantepie
LA CHAPELLE-CHAUSSEE,Maison de 100m² située à la chapelle chaussee,https://www.etreproprio.com/immobilier-23606948-vente-maison-de-100m-situee-a-la-chapelle-chaussee-la-chapelle-chaussee
LA CHAPELLE-CHAUSSEE,La chapelle chaussée - a vendre - maison non mitoyenne 5 pièce de 100 m2 habitables  avec 4 chambres.,https://www.etreproprio.com/immobilier-23326636-vente-la-chapelle-chaussee-a-vendre-maison-non-mitoyenne-5-piece-de-100-m2-habitables-avec-4-chambres-la-chapelle-chaussee
LA CHAPELLE-CHAUSSEE,Maison 234m² à la chapelle-chaussee,https://www.etreproprio.com/immobilier-23102798-vente-maison-234m-a-la-chapelle-chaussee-la-chapelle-chaussee
LA CHAPELLE-CHAUSSEE,Maison 155m² à la chapelle-chaussee,https://www.etreproprio.com/immobilier-17579749-vente-maison-155m-a-la-chapelle-chaussee-la-chapelle-chaussee
LA CHAPELLE-CHAUSSEE,Maison 155m² à la chapelle-chaussee,https://www.etreproprio.com/immobilier-17579752-vente-maison-155m-a-la-chapelle-chaussee-la-chapelle-chaussee
LA CHAPELLE-DES-FOUGERETZ,Maison 172m² à la chapelle-des-fougeretz,https://www.etreproprio.com/immobilier-23723780-vente-maison-172m-a-la-chapelle-des-fougeretz-la-chapelle-des-fougeretz
LA CHAPELLE-DES-FOUGERETZ,Maison 128m² à la chapelle-des-fougeretz,https://www.etreproprio.com/immobilier-23843807-vente-maison-128m-a-la-chapelle-des-fougeretz-la-chapelle-des-fougeretz
LA CHAPELLE-DES-FOUGERETZ,La chapelle des fougeretz magnifique maison aux belles prestations de 170m² (2024) sur une parcelle de 410m²,https://www.etreproprio.com/immobilier-23828427-vente-la-chapelle-des-fougeretz-magnifique-maison-aux-belles-prestations-de-170m-2024-sur-une-parcelle-de-410m-la-chapelle-des-fougeretz
LA CHAPELLE-DES-FOUGERETZ,maison contemporaine d’exception – la chapelle-des-fougeretz (2024) avec garage non mitoyenne,https://www.etreproprio.com/immobilier-23682867-vente-maison-contemporaine-d-exception-la-chapelle-des-fougeretz-2024-avec-garage-non-mitoyenne-la-chapelle-des-fougeretz
LA CHAPELLE-DES-FOUGERETZ,"La chapelle des fougeretz, maison neuve de 125m² sur 393m² de terrain exposé ouest !",https://www.etreproprio.com/immobilier-23687396-vente-la-chapelle-des-fougeretz-maison-neuve-de-125m-sur-393m-de-terrain-expose-ouest-la-chapelle-des-fougeretz
LA CHAPELLE-DES-FOUGERETZ,"La chapelle des fougeretz, maison récente de 2004 de 240m² sur un magnifique jardin plein sud de 1000m² !",https://www.etreproprio.com/immobilier-23765601-vente-la-chapelle-des-fougeretz-maison-recente-de-2004-de-240m-sur-un-magnifique-jardin-plein-sud-de-1000m-la-chapelle-des-fougeretz
LA CHAPELLE-DES-FOUGERETZ,Maison la chapelle des fougeretz 5 pièce(s) 123.11 m2,https://www.etreproprio.com/immobilier-23755463-vente-maison-la-chapelle-des-fougeretz-5-pieces-12311-m2-la-chapelle-des-fougeretz
LA CHAPELLE-DES-FOUGERETZ,Maison la chapelle des fougeretz 7 pièce(s) 160 m²,https://www.etreproprio.com/immobilier-23755469-vente-maison-la-chapelle-des-fougeretz-7-pieces-160-m-la-chapelle-des-fougeretz
LA CHAPELLE-DES-FOUGERETZ,Maison la chapelle des fougeretz 6 pièce(s) 100 m2,https://www.etreproprio.com/immobilier-23755461-vente-maison-la-chapelle-des-fougeretz-6-pieces-100-m2-la-chapelle-des-fougeretz
LA CHAPELLE-DES-FOUGERETZ,Maison  4 chambres la chapelle des fougeretz 114m²,https://www.etreproprio.com/immobilier-23755456-vente-maison-4-chambres-la-chapelle-des-fougeretz-114m-la-chapelle-des-fougeretz
LA CHAPELLE-DES-FOUGERETZ,Maison 121m² à la chapelle-des-fougeretz,https://www.etreproprio.com/immobilier-23741633-vente-maison-121m-a-la-chapelle-des-fougeretz-la-chapelle-des-fougeretz
LA CHAPELLE-DES-FOUGERETZ,A vendre - maison 7 pièces - la chapelle des fougeretz,https://www.etreproprio.com/immobilier-23730142-vente-a-vendre-maison-7-pieces-la-chapelle-des-fougeretz-la-chapelle-des-fougeretz
LA CHAPELLE-DES-FOUGERETZ,Maison 237m² à la chapelle-des-fougeretz,https://www.etreproprio.com/immobilier-22517678-vente-maison-237m-a-la-chapelle-des-fougeretz-la-chapelle-des-fougeretz
LA CHAPELLE-DES-FOUGERETZ,"La chapelle des fougeretz, jolie maison de 122m² sur 490m² de terrain bien exposé au calme d'une impasse !",https://www.etreproprio.com/immobilier-23567936-vente-la-chapelle-des-fougeretz-jolie-maison-de-122m-sur-490m-de-terrain-bien-expose-au-calme-d-une-impasse-la-chapelle-des-fougeretz
LA CHAPELLE-DES-FOUGERETZ,Maison  7 pièces  - 141 m2 - sous sol complet - 476 m² de terrain,https://www.etreproprio.com/immobilier-23637035-vente-maison-7-pieces-141-m2-sous-sol-complet-476-m-de-terrain-la-chapelle-des-fougeretz
LA CHAPELLE-DES-FOUGERETZ,A vendre - agence giboire -  en exclusivite - belle longère de 105m² habitable en impasse à la chapelle des fougeretz - 10min de,https://www.etreproprio.com/immobilier-23152611-vente-a-vendre-agence-giboire-en-exclusivite-belle-longere-de-105m-habitable-en-impasse-a-la-chapelle-des-fougeretz-10min-de-la-chapelle-des-fougeretz
LA CHAPELLE-DES-FOUGERETZ,A vendre - maison 7 pièces - la chapelle des fougeretz,https://www.etreproprio.com/immobilier-23580591-vente-a-vendre-maison-7-pieces-la-chapelle-des-fougeretz-la-chapelle-des-fougeretz
LA CHAPELLE-DES-FOUGERETZ,Maison 137m² à la chapelle-des-fougeretz,https://www.etreproprio.com/immobilier-23484984-vente-maison-137m-a-la-chapelle-des-fougeretz-la-chapelle-des-fougeretz
LA CHAPELLE-DES-FOUGERETZ,A vendre - exclusivite agence giboire - maison neuve 145 m² - la chapelle des fougeretz - 10 minutes de rennes,https://www.etreproprio.com/immobilier-22715293-vente-a-vendre-exclusivite-agence-giboire-maison-neuve-145-m-la-chapelle-des-fougeretz-10-minutes-de-rennes-la-chapelle-des-fougeretz
LA CHAPELLE-DES-FOUGERETZ,Maison à vendre 6 pièces la chapelle des fougeretz (35),https://www.etreproprio.com/immobilier-23404835-vente-maison-a-vendre-6-pieces-la-chapelle-des-fougeretz-35-la-chapelle-des-fougeretz
LA CHAPELLE-ERBREE,Maison de bourg proche vitré,https://www.etreproprio.com/immobilier-21853209-vente-maison-de-bourg-proche-vitre-la-chapelle-erbree
LA CHAPELLE-JANSON,Maison 136m² à la chapelle-janson,https://www.etreproprio.com/immobilier-23785922-vente-maison-136m-a-la-chapelle-janson-la-chapelle-janson
LA CHAPELLE-JANSON,Longère en pierre 5 pièces-194 m² avec parc pour chevaux,https://www.etreproprio.com/immobilier-23782370-vente-longere-en-pierre-5-pieces-194-m-avec-parc-pour-chevaux-la-chapelle-janson
LA CHAPELLE-JANSON,A découvrir !,https://www.etreproprio.com/immobilier-23594454-vente-a-decouvrir-la-chapelle-janson
LA CHAPELLE-JANSON,Maison 183m² à la chapelle-janson,https://www.etreproprio.com/immobilier-23389110-vente-maison-183m-a-la-chapelle-janson-la-chapelle-janson
LA CHAPELLE-JANSON,Maison 99m² à la chapelle-janson,https://www.etreproprio.com/immobilier-23280104-vente-maison-99m-a-la-chapelle-janson-la-chapelle-janson
LA CHAPELLE-JANSON,Pavillon 4 chambres,https://www.etreproprio.com/immobilier-23238436-vente-pavillon-4-chambres-la-chapelle-janson
LA CHAPELLE-JANSON,Maison la chapelle fleurigne,https://www.etreproprio.com/immobilier-20801469-vente-maison-la-chapelle-fleurigne-la-chapelle-janson
LA CHAPELLE-JANSON,Maison la chapelle janson 5 pièce(s) 122 m2,https://www.etreproprio.com/immobilier-23086672-vente-maison-la-chapelle-janson-5-pieces-122-m2-la-chapelle-janson
LA CHAPELLE-JANSON,Maison à vendre 6 pièces la chapelle janson (35),https://www.etreproprio.com/immobilier-22003062-vente-maison-a-vendre-6-pieces-la-chapelle-janson-35-la-chapelle-janson
LA CHAPELLE-JANSON,Maison 122m² à la chapelle-janson,https://www.etreproprio.com/immobilier-23001559-vente-maison-122m-a-la-chapelle-janson-la-chapelle-janson
LA CHAPELLE-JANSON,A découvrir !,https://www.etreproprio.com/immobilier-21612312-vente-a-decouvrir-la-chapelle-janson
LA CHAPELLE-JANSON,Maison 100m² à la chapelle-janson,https://www.etreproprio.com/immobilier-22920417-vente-maison-100m-a-la-chapelle-janson-la-chapelle-janson
LA CHAPELLE-JANSON,"À vendre à la chapelle-fleurigné, maison familiale fonctionnelle et prête à vivre",https://www.etreproprio.com/immobilier-21714153-vente-a-vendre-a-la-chapelle-fleurigne-maison-familiale-fonctionnelle-et-prete-a-vivre-la-chapelle-janson
LA CHAPELLE-JANSON,Maison la chapelle fleurigne 7 pièce(s) 102 m2,https://www.etreproprio.com/immobilier-22618353-vente-maison-la-chapelle-fleurigne-7-pieces-102-m2-la-chapelle-janson
LA CHAPELLE-JANSON,"Maison à vendre 100 m2, 3 chambres, sous-sol complet- la chapelle janson-",https://www.etreproprio.com/immobilier-22656241-vente-maison-a-vendre-100-m2-3-chambres-sous-sol-complet-la-chapelle-janson-la-chapelle-janson
LA CHAPELLE-JANSON,Maison la chapelle fleurigne 2 pièce(s) 50 m2,https://www.etreproprio.com/immobilier-22189811-vente-maison-la-chapelle-fleurigne-2-pieces-50-m2-la-chapelle-janson
LA CHAPELLE-JANSON,Maison la chapelle fleurigne 4 pièce(s) 112 m2,https://www.etreproprio.com/immobilier-22195119-vente-maison-la-chapelle-fleurigne-4-pieces-112-m2-la-chapelle-janson
LA CHAPELLE-DES-FOUGERETZ,Maison 116m² à la chapelle-des-fougeretz,https://www.etreproprio.com/immobilier-21709436-vente-maison-116m-a-la-chapelle-des-fougeretz-la-chapelle-des-fougeretz
LA CHAPELLE-DES-FOUGERETZ,Maison 117m² à la chapelle-des-fougeretz,https://www.etreproprio.com/immobilier-22347141-vente-maison-117m-a-la-chapelle-des-fougeretz-la-chapelle-des-fougeretz
LA CHAPELLE-DES-FOUGERETZ,Maison la chapelle des fougeretz 5 pièce(s) 120 m2,https://www.etreproprio.com/immobilier-22497796-vente-maison-la-chapelle-des-fougeretz-5-pieces-120-m2-la-chapelle-des-fougeretz
LA CHAPELLE-DES-FOUGERETZ,Maison 135m² à la chapelle-des-fougeretz,https://www.etreproprio.com/immobilier-23337130-vente-maison-135m-a-la-chapelle-des-fougeretz-la-chapelle-des-fougeretz
LA CHAPELLE-DES-FOUGERETZ,Maison 174m² à la chapelle-des-fougeretz,https://www.etreproprio.com/immobilier-23023931-vente-maison-174m-a-la-chapelle-des-fougeretz-la-chapelle-des-fougeretz
LA CHAPELLE-DES-FOUGERETZ,La chapelle des fougeretz - maison type 7 pièce(s) 125 m2 sur terrain sud de près de 400 m²,https://www.etreproprio.com/immobilier-22740299-vente-la-chapelle-des-fougeretz-maison-type-7-pieces-125-m2-sur-terrain-sud-de-pres-de-400-m-la-chapelle-des-fougeretz
LA CHAPELLE-DES-FOUGERETZ,La chapelle des fougeretz magnifique maison neuve de 125.5m² aux prestations hauts de gammes !,https://www.etreproprio.com/immobilier-22578972-vente-la-chapelle-des-fougeretz-magnifique-maison-neuve-de-1255m-aux-prestations-hauts-de-gammes-la-chapelle-des-fougeretz
LA CHAPELLE-DES-FOUGERETZ,La chapelle des fougeretz - agréable maison contemporaine de près de 150m² hab sur terrain de 300 m² env,https://www.etreproprio.com/immobilier-22578903-vente-la-chapelle-des-fougeretz-agreable-maison-contemporaine-de-pres-de-150m-hab-sur-terrain-de-300-m-env-la-chapelle-des-fougeretz
LA CHAPELLE-DES-FOUGERETZ,La chapelle des fougeretz magnifique contemporaine de 133m² aux prestations hauts de gammes !,https://www.etreproprio.com/immobilier-22578968-vente-la-chapelle-des-fougeretz-magnifique-contemporaine-de-133m-aux-prestations-hauts-de-gammes-la-chapelle-des-fougeretz
LA CHAPELLE-DES-FOUGERETZ,Maison 157m² à la chapelle-des-fougeretz,https://www.etreproprio.com/immobilier-22578507-vente-maison-157m-a-la-chapelle-des-fougeretz-la-chapelle-des-fougeretz
LA CHAPELLE-DES-FOUGERETZ,A vendre - maison 6 pièces - la chapelle des fougeretz,https://www.etreproprio.com/immobilier-22178195-vente-a-vendre-maison-6-pieces-la-chapelle-des-fougeretz-la-chapelle-des-fougeretz
LA CHAPELLE-DES-FOUGERETZ,Maison 153m² à la chapelle-des-fougeretz,https://www.etreproprio.com/immobilier-21504342-vente-maison-153m-a-la-chapelle-des-fougeretz-la-chapelle-des-fougeretz
LA CHAPELLE-SAINT-AUBERT,Maison en impasse à proximité de fougeres et romagne,https://www.etreproprio.com/immobilier-22711466-vente-maison-en-impasse-a-proximite-de-fougeres-et-romagne-la-chapelle-saint-aubert
LA CHAPELLE-DE-BRAIN,Maison 72m² à la chapelle-de-brain,https://www.etreproprio.com/immobilier-23691623-vente-maison-72m-a-la-chapelle-de-brain-la-chapelle-de-brain
LA CHAPELLE-DE-BRAIN,Maison en pierre - tranquille à la campagne - proche de redon,https://www.etreproprio.com/immobilier-23437936-vente-maison-en-pierre-tranquille-a-la-campagne-proche-de-redon-la-chapelle-de-brain
LA CHAPELLE-DE-BRAIN,Maison 176m² à la chapelle-de-brain,https://www.etreproprio.com/immobilier-20593509-vente-maison-176m-a-la-chapelle-de-brain-la-chapelle-de-brain
LA CHAPELLE-DE-BRAIN,Maison 121m² à la chapelle-de-brain,https://www.etreproprio.com/immobilier-22682024-vente-maison-121m-a-la-chapelle-de-brain-la-chapelle-de-brain
LA CHAPELLE-DE-BRAIN,Maison la chapelle de brain 4 pièce(s) 83 m2,https://www.etreproprio.com/immobilier-22410189-vente-maison-la-chapelle-de-brain-4-pieces-83-m2-la-chapelle-de-brain
LA CHAPELLE-DE-BRAIN,Maison 194 m² la chapelle de brain,https://www.etreproprio.com/immobilier-22049415-vente-maison-194-m-la-chapelle-de-brain-la-chapelle-de-brain
LA CHAPELLE-DE-BRAIN,Maison la chapelle de brain 3 pièces 81 m2,https://www.etreproprio.com/immobilier-16845920-vente-maison-la-chapelle-de-brain-3-pieces-81-m2-la-chapelle-de-brain
LA CHAPELLE-DE-BRAIN,Maison 120m² à la chapelle-de-brain,https://www.etreproprio.com/immobilier-20916028-vente-maison-120m-a-la-chapelle-de-brain-la-chapelle-de-brain
LA CHAPELLE-THOUARAULT,La chapelle thouarault,https://www.etreproprio.com/immobilier-23848192-vente-la-chapelle-thouarault-la-chapelle-thouarault
LA CHAPELLE-THOUARAULT,Maison 5 pièces 86 m² - la chapelle thouarault,https://www.etreproprio.com/immobilier-23745565-vente-maison-5-pieces-86-m-la-chapelle-thouarault-la-chapelle-thouarault
LA CHAPELLE-THOUARAULT,Maison 3 pièces 50 m² + garage fermé - la chapelle thouarault,https://www.etreproprio.com/immobilier-23230845-vente-maison-3-pieces-50-m-garage-ferme-la-chapelle-thouarault-la-chapelle-thouarault
CHARTRES-DE-BRETAGNE,Chartres-de-bretagne / maison bourgeoise 4 chambres,https://www.etreproprio.com/immobilier-23911818-vente-chartres-de-bretagne-maison-bourgeoise-4-chambres-chartres-de-bretagne
CHARTRES-DE-BRETAGNE,Maison familiale  6 pièces chartres de bretagne - proche  rennes,https://www.etreproprio.com/immobilier-23865159-vente-maison-familiale-6-pieces-chartres-de-bretagne-proche-rennes-chartres-de-bretagne
CHARTRES-DE-BRETAGNE,Jolie maison traditionnelle - 8 pièces - 5 chambres + 1 bureau - sous-sol complet - jardin clos et arboré,https://www.etreproprio.com/immobilier-23737761-vente-jolie-maison-traditionnelle-8-pieces-5-chambres-1-bureau-sous-sol-complet-jardin-clos-et-arbore-chartres-de-bretagne
CHARTRES-DE-BRETAGNE,"Secteur college, piscine et cinema",https://www.etreproprio.com/immobilier-23715849-vente-secteur-college-piscine-et-cinema-chartres-de-bretagne
CHARTRES-DE-BRETAGNE,Maison familiale de 5 chambres à chartres-de-bretagne,https://www.etreproprio.com/immobilier-23701559-vente-maison-familiale-de-5-chambres-a-chartres-de-bretagne-chartres-de-bretagne
CHARTRES-DE-BRETAGNE,Maison 103m² à chartres-de-bretagne,https://www.etreproprio.com/immobilier-22018102-vente-maison-103m-a-chartres-de-bretagne-chartres-de-bretagne
CHARTRES-DE-BRETAGNE,Maison 101m² à chartres-de-bretagne,https://www.etreproprio.com/immobilier-23036777-vente-maison-101m-a-chartres-de-bretagne-chartres-de-bretagne
CHARTRES-DE-BRETAGNE,A 2 pas du centre,https://www.etreproprio.com/immobilier-22268233-vente-a-2-pas-du-centre-chartres-de-bretagne
CHARTRES-DE-BRETAGNE,Maison 183m² à chartres-de-bretagne,https://www.etreproprio.com/immobilier-23098518-vente-maison-183m-a-chartres-de-bretagne-chartres-de-bretagne
CHARTRES-DE-BRETAGNE,Maison 165m² à chartres-de-bretagne,https://www.etreproprio.com/immobilier-23581267-vente-maison-165m-a-chartres-de-bretagne-chartres-de-bretagne
CHARTRES-DE-BRETAGNE,Maison familiale avec beaux volumes et très beau jardin idéalement exposée,https://www.etreproprio.com/immobilier-23088349-vente-maison-familiale-avec-beaux-volumes-et-tres-beau-jardin-idealement-exposee-chartres-de-bretagne
CHARTRES-DE-BRETAGNE,Maison - chartres-de-bretagne,https://www.etreproprio.com/immobilier-23513892-vente-maison-chartres-de-bretagne-chartres-de-bretagne
CHARTRES-DE-BRETAGNE,Maison 85m² à chartres-de-bretagne,https://www.etreproprio.com/immobilier-23499822-vente-maison-85m-a-chartres-de-bretagne-chartres-de-bretagne
CHARTRES-DE-BRETAGNE,Charmante maison à rénover à chartres de bretagne ! parfaite pour une famille !,https://www.etreproprio.com/immobilier-23489867-vente-charmante-maison-a-renover-a-chartres-de-bretagne-parfaite-pour-une-famille-chartres-de-bretagne
CHARTRES-DE-BRETAGNE,Chartres-de-bretagne : maison 6 pièces de 133 m2 - aux portes de rennes,https://www.etreproprio.com/immobilier-23457163-vente-chartres-de-bretagne-maison-6-pieces-de-133-m2-aux-portes-de-rennes-chartres-de-bretagne
CHARTRES-DE-BRETAGNE,Maison 114m² à chartres-de-bretagne,https://www.etreproprio.com/immobilier-23152028-vente-maison-114m-a-chartres-de-bretagne-chartres-de-bretagne
CHARTRES-DE-BRETAGNE,Maison contemporaine de +160 m²  avec  5 chambres et mezzanine  à 2 min à pieds des bus et 10 min collège et écoles,https://www.etreproprio.com/immobilier-23242996-vente-maison-contemporaine-de-160-m-avec-5-chambres-et-mezzanine-a-2-min-a-pieds-des-bus-et-10-min-college-et-ecoles-chartres-de-bretagne
CHARTRES-DE-BRETAGNE,Maison 110m² à chartres-de-bretagne,https://www.etreproprio.com/immobilier-23208215-vente-maison-110m-a-chartres-de-bretagne-chartres-de-bretagne
CHARTRES-DE-BRETAGNE,Maison neuve,https://www.etreproprio.com/immobilier-22128163-vente-maison-neuve-chartres-de-bretagne
CHARTRES-DE-BRETAGNE,Maison 98m² à chartres-de-bretagne,https://www.etreproprio.com/immobilier-23048685-vente-maison-98m-a-chartres-de-bretagne-chartres-de-bretagne
CHASNE-SUR-ILLET,Maison chasne sur illet 4 pièce(s) 137 m2,https://www.etreproprio.com/immobilier-23500789-vente-maison-chasne-sur-illet-4-pieces-137-m2-chasne-sur-illet
CHASNE-SUR-ILLET,"Maison 4 chambres, chasne sur illet",https://www.etreproprio.com/immobilier-23460360-vente-maison-4-chambres-chasne-sur-illet-chasne-sur-illet
CHASNE-SUR-ILLET,Maison 138m² à chasne-sur-illet,https://www.etreproprio.com/immobilier-23503300-vente-maison-138m-a-chasne-sur-illet-chasne-sur-illet
CHASNE-SUR-ILLET,Maison lumineuse et de plain pied au cœur du bourg de chasné-sur-illet,https://www.etreproprio.com/immobilier-23595166-vente-maison-lumineuse-et-de-plain-pied-au-coeur-du-bourg-de-chasne-sur-illet-chasne-sur-illet
CHASNE-SUR-ILLET,Maison 143m² à chasne-sur-illet,https://www.etreproprio.com/immobilier-23684523-vente-maison-143m-a-chasne-sur-illet-chasne-sur-illet
CHASNE-SUR-ILLET,Maison 149m² à chasne-sur-illet,https://www.etreproprio.com/immobilier-23422346-vente-maison-149m-a-chasne-sur-illet-chasne-sur-illet
CHASNE-SUR-ILLET,Maison chasné sur illet,https://www.etreproprio.com/immobilier-23402726-vente-maison-chasne-sur-illet-chasne-sur-illet
CHASNE-SUR-ILLET,Maison 193m² à chasne-sur-illet,https://www.etreproprio.com/immobilier-23383826-vente-maison-193m-a-chasne-sur-illet-chasne-sur-illet
CHASNE-SUR-ILLET,Maison chasne sur illet 3 pièce(s) 76m2,https://www.etreproprio.com/immobilier-23219063-vente-maison-chasne-sur-illet-3-pieces-76m2-chasne-sur-illet
CHASNE-SUR-ILLET,Maison chasne sur illet 6 pièce(s) 128.37 m2,https://www.etreproprio.com/immobilier-23038512-vente-maison-chasne-sur-illet-6-pieces-12837-m2-chasne-sur-illet
CHASNE-SUR-ILLET,"À vendre - maison familiale 170 m² - 5 chambres à chasné-sur-illet, au calme d'une impasse",https://www.etreproprio.com/immobilier-22618646-vente-a-vendre-maison-familiale-170-m-5-chambres-a-chasne-sur-illet-au-calme-d-une-impasse-chasne-sur-illet
CHASNE-SUR-ILLET,Maison 169m² à chasne-sur-illet,https://www.etreproprio.com/immobilier-22659108-vente-maison-169m-a-chasne-sur-illet-chasne-sur-illet
CHASNE-SUR-ILLET,Centre bourg,https://www.etreproprio.com/immobilier-22660471-vente-centre-bourg-chasne-sur-illet
CHARTRES-DE-BRETAGNE,Plein centre,https://www.etreproprio.com/immobilier-22986834-vente-plein-centre-chartres-de-bretagne
CHARTRES-DE-BRETAGNE,Maison 122m² à chartres-de-bretagne,https://www.etreproprio.com/immobilier-22972852-vente-maison-122m-a-chartres-de-bretagne-chartres-de-bretagne
CHARTRES-DE-BRETAGNE,Maison 136m² à chartres-de-bretagne,https://www.etreproprio.com/immobilier-22679254-vente-maison-136m-a-chartres-de-bretagne-chartres-de-bretagne
CHARTRES-DE-BRETAGNE,Maison de maître,https://www.etreproprio.com/immobilier-22486794-vente-maison-de-maitre-chartres-de-bretagne
CHARTRES-DE-BRETAGNE,Biens en off,https://www.etreproprio.com/immobilier-22413973-vente-biens-en-off-chartres-de-bretagne
CHATEAUBOURG,Maison chateaubourg 5 pièce(s) 80 m2,https://www.etreproprio.com/immobilier-23890389-vente-maison-chateaubourg-5-pieces-80-m2-chateaubourg
CHATEAUBOURG,Maison 109m² à chateaubourg,https://www.etreproprio.com/immobilier-23139609-vente-maison-109m-a-chateaubourg-chateaubourg
CHATEAUBOURG,"Chateaubourg, campagne proche bourg",https://www.etreproprio.com/immobilier-23835411-vente-chateaubourg-campagne-proche-bourg-chateaubourg
CHATEAUBOURG,Maison 129m² à chateaubourg,https://www.etreproprio.com/immobilier-23828713-vente-maison-129m-a-chateaubourg-chateaubourg
CHATEAUBOURG,maison à vendre en exclusivité – châteaubourg – 63 m² – 2 chambres – garage + atelier – proche toutes commodités,https://www.etreproprio.com/immobilier-23804106-vente-maison-a-vendre-en-exclusivite-chateaubourg-63-m-2-chambres-garage-atelier-proche-toutes-commodites-chateaubourg
CHATEAUBOURG,Maison - saint didier - vendu,https://www.etreproprio.com/immobilier-23807381-vente-maison-saint-didier-vendu-chateaubourg
CHATEAUBOURG,Vente maison chateaubourg(35220) 99 500ï¿œ,https://www.etreproprio.com/immobilier-23808338-vente-vente-maison-chateaubourg35220-99-500i-oe-chateaubourg
CHATEAUBOURG,Grange en pierre à réhabiliter,https://www.etreproprio.com/immobilier-23792087-vente-grange-en-pierre-a-rehabiliter-chateaubourg
CHATEAUBOURG,Nouveauté ! maison de plain-pied avec grand terrain constructible – saint-didier (35),https://www.etreproprio.com/immobilier-23717607-vente-nouveaute-maison-de-plain-pied-avec-grand-terrain-constructible-saint-didier-35-chateaubourg
CHATEAUBOURG,Maison 149m² à chateaubourg,https://www.etreproprio.com/immobilier-23683160-vente-maison-149m-a-chateaubourg-chateaubourg
CHATEAUBOURG,"Sous compromis ! en exclusivité cabinet diard immobilier ! jolie maison d'environ 73 m2 habitables, de plain p",https://www.etreproprio.com/immobilier-23652341-vente-sous-compromis-en-exclusivite-cabinet-diard-immobilier-jolie-maison-d-environ-73-m2-habitables-de-plain-p-chateaubourg
CHATEAUBOURG,Maison 129m² à chateaubourg,https://www.etreproprio.com/immobilier-23649385-vente-maison-129m-a-chateaubourg-chateaubourg
CHATEAUBOURG,"Compromis signé ! immeuble de rapport au coeur de chateaubourg, proche gare à pied",https://www.etreproprio.com/immobilier-23652334-vente-compromis-signe-immeuble-de-rapport-au-coeur-de-chateaubourg-proche-gare-a-pied-chateaubourg
CHATEAUBOURG,Offre d'achat signée ! au cabinet diard immobilier chateaubourg ! grande maison t6 belle localisation,https://www.etreproprio.com/immobilier-23652337-vente-offre-d-achat-signee-au-cabinet-diard-immobilier-chateaubourg-grande-maison-t6-belle-localisation-chateaubourg
CHATEAUBOURG,Sous offre d'achat ! au cabinet diard immobilier ! belle maison sur sous-sol rénovée t5 de 141 m2,https://www.etreproprio.com/immobilier-23652340-vente-sous-offre-d-achat-au-cabinet-diard-immobilier-belle-maison-sur-sous-sol-renovee-t5-de-141-m2-chateaubourg
CHATEAUBOURG,Maison 200m² à chateaubourg,https://www.etreproprio.com/immobilier-23640274-vente-maison-200m-a-chateaubourg-chateaubourg
CHATEAUBOURG,Longère châteaubourg 7 pièce(s) 269 m2,https://www.etreproprio.com/immobilier-23628750-vente-longere-chateaubourg-7-pieces-269-m2-chateaubourg
CHATEAUBOURG,Vente maison chateaubourg(35220) 241 500ï¿œ,https://www.etreproprio.com/immobilier-23610714-vente-vente-maison-chateaubourg35220-241-500i-oe-chateaubourg
CHATEAUBOURG,Maison 78m² à chateaubourg,https://www.etreproprio.com/immobilier-23599299-vente-maison-78m-a-chateaubourg-chateaubourg
CHATEAUBOURG,Maison 139m² à chateaubourg,https://www.etreproprio.com/immobilier-23604459-vente-maison-139m-a-chateaubourg-chateaubourg
CHATEAUBOURG,Vente maison chateaubourg(35220) 334 000ï¿œ,https://www.etreproprio.com/immobilier-23522304-vente-vente-maison-chateaubourg35220-334-000i-oe-chateaubourg
CHATEAUBOURG,Belle maison familiale  de 117 m2,https://www.etreproprio.com/immobilier-23506297-vente-belle-maison-familiale-de-117-m2-chateaubourg
CHATEAUBOURG,Maison 146m² à chateaubourg,https://www.etreproprio.com/immobilier-23398481-vente-maison-146m-a-chateaubourg-chateaubourg
CHATEAUBOURG,Maison chateaubourg 5 pièce(s) 101.64 m2,https://www.etreproprio.com/immobilier-23057225-vente-maison-chateaubourg-5-pieces-10164-m2-chateaubourg
CHATEAUBOURG,Saint-didier (5 min gare) : neuf 2024 - maison de plain-pied clés en main (pac) !,https://www.etreproprio.com/immobilier-23354701-vente-saint-didier-5-min-gare-neuf-2024-maison-de-plain-pied-cles-en-main-pac-chateaubourg
CHATEAUBOURG,Vente maison chateaubourg(35220) 409 500ï¿œ,https://www.etreproprio.com/immobilier-23339327-vente-vente-maison-chateaubourg35220-409-500i-oe-chateaubourg
CHATEAUBOURG,Maison châteaubourg 200m²,https://www.etreproprio.com/immobilier-23332938-vente-maison-chateaubourg-200m-chateaubourg
CHATEAUBOURG,Nouveauté au cabinet diard immobilier ! maison t6 - centre-ville chateaubourg,https://www.etreproprio.com/immobilier-23323067-vente-nouveaute-au-cabinet-diard-immobilier-maison-t6-centre-ville-chateaubourg-chateaubourg
CHATEAUBOURG,Longere renovee de 214m2 - 4 chambres,https://www.etreproprio.com/immobilier-23225819-vente-longere-renovee-de-214m2-4-chambres-chateaubourg
CHATEAUBOURG,Maison 146m² à châteaubourg,https://www.etreproprio.com/immobilier-23176341-vente-maison-146m-a-chateaubourg-chateaubourg
CHATEAUBOURG,Sous compromis ! nouveauté en exclusivité cabinet diard immobilier ! maison contemporaine t5 de 98 m2 hab,https://www.etreproprio.com/immobilier-23172231-vente-sous-compromis-nouveaute-en-exclusivite-cabinet-diard-immobilier-maison-contemporaine-t5-de-98-m2-hab-chateaubourg
CHATEAUBOURG,Vente maison chateaubourg(35220) 198 360ï¿œ,https://www.etreproprio.com/immobilier-23130451-vente-vente-maison-chateaubourg35220-198-360i-oe-chateaubourg
CHATEAUBOURG,Maison avec un grand terrain arboré,https://www.etreproprio.com/immobilier-23116632-vente-maison-avec-un-grand-terrain-arbore-chateaubourg
CHATEAUBOURG,Maison 225m² à chateaubourg,https://www.etreproprio.com/immobilier-22337121-vente-maison-225m-a-chateaubourg-chateaubourg
CHATEAUBOURG,Longère entièrement rénovée,https://www.etreproprio.com/immobilier-22433653-vente-longere-entierement-renovee-chateaubourg
CHATEAUBOURG,Maison familiale sur sous sol,https://www.etreproprio.com/immobilier-23021194-vente-maison-familiale-sur-sous-sol-chateaubourg
CHATEAUBOURG,Maison de plain-pied,https://www.etreproprio.com/immobilier-22573469-vente-maison-de-plain-pied-chateaubourg
CHATEAUBOURG,Maison 178m² à chateaubourg,https://www.etreproprio.com/immobilier-22552468-vente-maison-178m-a-chateaubourg-chateaubourg
CHATEAUBOURG,Maison 176m² à chateaubourg,https://www.etreproprio.com/immobilier-22518837-vente-maison-176m-a-chateaubourg-chateaubourg
CHATEAUBOURG,Vente maison chateaubourg(35220) 313 980ï¿œ,https://www.etreproprio.com/immobilier-22059095-vente-vente-maison-chateaubourg35220-313-980i-oe-chateaubourg
CHATEAUGIRON,Maison 4 pièces 95m2,https://www.etreproprio.com/immobilier-23897167-vente-maison-4-pieces-95m2-chateaugiron
CHATEAUGIRON,Maison 137m² à chateaugiron,https://www.etreproprio.com/immobilier-23893843-vente-maison-137m-a-chateaugiron-chateaugiron
CHATEAUGIRON,Maison 120m² à chateaugiron,https://www.etreproprio.com/immobilier-23522680-vente-maison-120m-a-chateaugiron-chateaugiron
CHATEAUGIRON,Longère 144 m² - 6 pièces - maisonnette + garage et carport,https://www.etreproprio.com/immobilier-23886309-vente-longere-144-m-6-pieces-maisonnette-garage-et-carport-chateaugiron
CHATEAUGIRON,Maison familiale 121 m² emplacement exceptionnel à deux pas du centre historique,https://www.etreproprio.com/immobilier-23876530-vente-maison-familiale-121-m-emplacement-exceptionnel-a-deux-pas-du-centre-historique-chateaugiron
CHATEAUGIRON,Maison chateaugiron  6 pièce(s) - 123 m2,https://www.etreproprio.com/immobilier-23444325-vente-maison-chateaugiron-6-pieces-123-m2-chateaugiron
CHATEAUGIRON,Maison 134m² à chateaugiron,https://www.etreproprio.com/immobilier-23866509-vente-maison-134m-a-chateaugiron-chateaugiron
CHATEAUGIRON,Maison chateaugiron - dépendances - granges - terrain- campagne très proche,https://www.etreproprio.com/immobilier-23860646-vente-maison-chateaugiron-dependances-granges-terrain-campagne-tres-proche-chateaugiron
CHATEAUGIRON,Maison 80m² à chateaugiron,https://www.etreproprio.com/immobilier-23853368-vente-maison-80m-a-chateaugiron-chateaugiron
CHATEAUGIRON,"Maison de 123 m2 avec 4 chambres, garage, carport et jardin",https://www.etreproprio.com/immobilier-23846231-vente-maison-de-123-m2-avec-4-chambres-garage-carport-et-jardin-chateaugiron
CHATEAUGIRON,Maison 120m² à chateaugiron,https://www.etreproprio.com/immobilier-23150591-vente-maison-120m-a-chateaugiron-chateaugiron
CHATEAUGIRON,"Maison de 80 m2 avec 2 chambres, 1 bureau, garage et terrain constructible !",https://www.etreproprio.com/immobilier-23119528-vente-maison-de-80-m2-avec-2-chambres-1-bureau-garage-et-terrain-constructible-chateaugiron
CHATEAUGIRON,Maison- châteaugiron - proche centre -ville - potentiel -  beau terrain,https://www.etreproprio.com/immobilier-23152996-vente-maison-chateaugiron-proche-centre-ville-potentiel-beau-terrain-chateaugiron
CHATEAUGIRON,Maison chateaugiron 6 pièce(s) 117 m2,https://www.etreproprio.com/immobilier-23047760-vente-maison-chateaugiron-6-pieces-117-m2-chateaugiron
CHATEAUGIRON,Maison de 2019 non mitoyenne 3 chambres - terrain 406m²,https://www.etreproprio.com/immobilier-23599871-vente-maison-de-2019-non-mitoyenne-3-chambres-terrain-406m-chateaugiron
CHATEAUGIRON,Maison - 5 chambres - saint-aubin-du-pavail - jardin - lumineuse - proche châteaugiron,https://www.etreproprio.com/immobilier-23177005-vente-maison-5-chambres-saint-aubin-du-pavail-jardin-lumineuse-proche-chateaugiron-chateaugiron
CHATEAUGIRON,Maison indépendante de 122 m2 avec 4 chambres et bureau sur 655 m2 de terrain,https://www.etreproprio.com/immobilier-22642160-vente-maison-independante-de-122-m2-avec-4-chambres-et-bureau-sur-655-m2-de-terrain-chateaugiron
CHATEAUGIRON,Immeuble -chateaugiron -3 lots- hyper centre,https://www.etreproprio.com/immobilier-21524202-vente-immeuble-chateaugiron-3-lots-hyper-centre-chateaugiron
CHATEAUGIRON,Maison 136m² à chateaugiron,https://www.etreproprio.com/immobilier-22886733-vente-maison-136m-a-chateaugiron-chateaugiron
CHATEAUGIRON,Achat chateaugiron immeuble de caractere de rapport avec commerce possible,https://www.etreproprio.com/immobilier-23755358-vente-achat-chateaugiron-immeuble-de-caractere-de-rapport-avec-commerce-possible-chateaugiron
CHATEAUNEUF-D'ILLE-ET-VILAINE,Maison en pierre à rénover avec garage et jardin à proximité,https://www.etreproprio.com/immobilier-23877769-vente-maison-en-pierre-a-renover-avec-garage-et-jardin-a-proximite-chateauneuf-d-ille-et-vilaine
CHATEAUNEUF-D'ILLE-ET-VILAINE,Maison 96m² à chateauneuf-d'ille-et-vilaine,https://www.etreproprio.com/immobilier-23683107-vente-maison-96m-a-chateauneuf-d-ille-et-vilaine-chateauneuf-d-ille-et-vilaine
CHATEAUNEUF-D'ILLE-ET-VILAINE,Maison 4 chambres et studio - chateauneuf d'ille et vilaine,https://www.etreproprio.com/immobilier-23824488-vente-maison-4-chambres-et-studio-chateauneuf-d-ille-et-vilaine-chateauneuf-d-ille-et-vilaine
CHATEAUNEUF-D'ILLE-ET-VILAINE,Maison 95 m² et studio 25 m² chateauneuf d ille et vilainbe,https://www.etreproprio.com/immobilier-23731827-vente-maison-95-m-et-studio-25-m-chateauneuf-d-ille-et-vilainbe-chateauneuf-d-ille-et-vilaine
CHATEAUNEUF-D'ILLE-ET-VILAINE,Maison 224m² à chateauneuf-d'ille-et-vilaine,https://www.etreproprio.com/immobilier-23703508-vente-maison-224m-a-chateauneuf-d-ille-et-vilaine-chateauneuf-d-ille-et-vilaine
CHATEAUNEUF-D'ILLE-ET-VILAINE,Maison 123m² à chateauneuf-d'ille-et-vilaine,https://www.etreproprio.com/immobilier-22252843-vente-maison-123m-a-chateauneuf-d-ille-et-vilaine-chateauneuf-d-ille-et-vilaine
CHATEAUNEUF-D'ILLE-ET-VILAINE,Maison de ville - châteauneuf-d'ille-et-vilaine,https://www.etreproprio.com/immobilier-23547279-vente-maison-de-ville-chateauneuf-d-ille-et-vilaine-chateauneuf-d-ille-et-vilaine
CHATEAUNEUF-D'ILLE-ET-VILAINE,Maison plein bourg,https://www.etreproprio.com/immobilier-22635051-vente-maison-plein-bourg-chateauneuf-d-ille-et-vilaine
CHATEAUNEUF-D'ILLE-ET-VILAINE,Maison de ville châteauneuf d'ille et vilaine,https://www.etreproprio.com/immobilier-21631673-vente-maison-de-ville-chateauneuf-d-ille-et-vilaine-chateauneuf-d-ille-et-vilaine
CHATEAUNEUF-D'ILLE-ET-VILAINE,Maison 100m² à chateauneuf-d'ille-et-vilaine,https://www.etreproprio.com/immobilier-22100056-vente-maison-100m-a-chateauneuf-d-ille-et-vilaine-chateauneuf-d-ille-et-vilaine
CHATEAUNEUF-D'ILLE-ET-VILAINE,A vendre maison chateauneuf d'ille et vilaine t5 100m²,https://www.etreproprio.com/immobilier-21471556-vente-a-vendre-maison-chateauneuf-d-ille-et-vilaine-t5-100m-chateauneuf-d-ille-et-vilaine
CHATEAUNEUF-D'ILLE-ET-VILAINE,Maison en pierres 7 pièces 165 m2 avec vie de plain-pied,https://www.etreproprio.com/immobilier-23451261-vente-maison-en-pierres-7-pieces-165-m2-avec-vie-de-plain-pied-chateauneuf-d-ille-et-vilaine
CHATEAUNEUF-D'ILLE-ET-VILAINE,Maison 128m² à chateauneuf-d'ille-et-vilaine,https://www.etreproprio.com/immobilier-22983186-vente-maison-128m-a-chateauneuf-d-ille-et-vilaine-chateauneuf-d-ille-et-vilaine
CHATEAUNEUF-D'ILLE-ET-VILAINE,"Propriété châteauneuf d'ille et vilaine 9 pièces 204 m2. dépendances, jardin",https://www.etreproprio.com/immobilier-22977785-vente-propriete-chateauneuf-d-ille-et-vilaine-9-pieces-204-m2-dependances-jardin-chateauneuf-d-ille-et-vilaine
CHATEAUGIRON,Maison chateaugiron 5 pièces avec jardin de plus de 850 m²,https://www.etreproprio.com/immobilier-23755349-vente-maison-chateaugiron-5-pieces-avec-jardin-de-plus-de-850-m-chateaugiron
CHATEAUGIRON,Maison châteaugiron  -  rénovation -  charme - calme - proche centre-ville,https://www.etreproprio.com/immobilier-23711360-vente-maison-chateaugiron-renovation-charme-calme-proche-centre-ville-chateaugiron
CHATEAUGIRON,Longère rénovée - châteaugiron - piscine- pierre - calme,https://www.etreproprio.com/immobilier-23711361-vente-longere-renovee-chateaugiron-piscine-pierre-calme-chateaugiron
CHATEAUGIRON,Maison contemporaine chateaugiron 115m2,https://www.etreproprio.com/immobilier-23323846-vente-maison-contemporaine-chateaugiron-115m2-chateaugiron
CHATEAUGIRON,Maison 115 m2 - chateaugiron,https://www.etreproprio.com/immobilier-23659923-vente-maison-115-m2-chateaugiron-chateaugiron
CHATEAUGIRON,Maison chateaugiron 5 pièce(s) 145.46 m2,https://www.etreproprio.com/immobilier-22515728-vente-maison-chateaugiron-5-pieces-14546-m2-chateaugiron
CHATEAUGIRON,Maison 126m² à chateaugiron,https://www.etreproprio.com/immobilier-23624612-vente-maison-126m-a-chateaugiron-chateaugiron
CHATEAUGIRON,Maison 115m² à chateaugiron,https://www.etreproprio.com/immobilier-23624628-vente-maison-115m-a-chateaugiron-chateaugiron
CHATEAUGIRON,Maison de charme rénovée - châteaugiron - 6 pièces - proche commerces,https://www.etreproprio.com/immobilier-23599934-vente-maison-de-charme-renovee-chateaugiron-6-pieces-proche-commerces-chateaugiron
CHATEAUGIRON,"Prestigieuse maison de ville avec 4 chambres, cour, cave, garage et dépendance aménagée.",https://www.etreproprio.com/immobilier-23596101-vente-prestigieuse-maison-de-ville-avec-4-chambres-cour-cave-garage-et-dependance-amenagee-chateaugiron
CHATEAUGIRON,Maison sur sous-sol complet avec 4 chambres et vaste mezzanine sur,https://www.etreproprio.com/immobilier-23574666-vente-maison-sur-sous-sol-complet-avec-4-chambres-et-vaste-mezzanine-sur-chateaugiron
CHATEAUGIRON,Elegante maison comtemporaine idealement situee proche chateaugiron,https://www.etreproprio.com/immobilier-23584680-vente-elegante-maison-comtemporaine-idealement-situee-proche-chateaugiron-chateaugiron
CHATEAUGIRON,Maison 92m² à chateaugiron,https://www.etreproprio.com/immobilier-23570325-vente-maison-92m-a-chateaugiron-chateaugiron
CHATEAUGIRON,Maison  architecte - chateaugiron - sobriété- lumière,https://www.etreproprio.com/immobilier-22073107-vente-maison-architecte-chateaugiron-sobriete-lumiere-chateaugiron
CHATEAUGIRON,Maison 150m² à chateaugiron,https://www.etreproprio.com/immobilier-23522679-vente-maison-150m-a-chateaugiron-chateaugiron
CHATEAUGIRON,Maison 126m² à chateaugiron,https://www.etreproprio.com/immobilier-23502067-vente-maison-126m-a-chateaugiron-chateaugiron
CHATEAUGIRON,Vente maison chateaugiron(35410) 472 500ï¿œ,https://www.etreproprio.com/immobilier-23500063-vente-vente-maison-chateaugiron35410-472-500i-oe-chateaugiron
CHATEAUGIRON,Pépite en plein coeur de châteaugiron!,https://www.etreproprio.com/immobilier-23483770-vente-pepite-en-plein-coeur-de-chateaugiron-chateaugiron
CHATEAUGIRON,À vendre – longère de charme avec toit cathédrale et jardin paysagé,https://www.etreproprio.com/immobilier-23171926-vente-a-vendre-longere-de-charme-avec-toit-cathedrale-et-jardin-paysage-chateaugiron
CHATEAUGIRON,Maison 74m² à chateaugiron,https://www.etreproprio.com/immobilier-22871998-vente-maison-74m-a-chateaugiron-chateaugiron
LE CHATELLIER,Maison 201m² à le chatellier,https://www.etreproprio.com/immobilier-23411706-vente-maison-201m-a-le-chatellier-le-chatellier
LE CHATELLIER,Maison 214m² à le chatellier,https://www.etreproprio.com/immobilier-21710083-vente-maison-214m-a-le-chatellier-le-chatellier
LE CHATELLIER,Martial joyeux votre conseiller immobilier optimhome vous présente cette longère au chatellier,https://www.etreproprio.com/immobilier-21366236-vente-martial-joyeux-votre-conseiller-immobilier-optimhome-vous-presente-cette-longere-au-chatellier-le-chatellier
CHATEAUBOURG,Maison neuve 120 m² - chateaubourg,https://www.etreproprio.com/immobilier-22047711-vente-maison-neuve-120-m-chateaubourg-chateaubourg
CHATEAUBOURG,Vente maison chateaubourg(35220) 432 300ï¿œ,https://www.etreproprio.com/immobilier-22179829-vente-vente-maison-chateaubourg35220-432-300i-oe-chateaubourg
CHATEAUBOURG,Charmante maison en pierre 3 chambres 120m2,https://www.etreproprio.com/immobilier-22172684-vente-charmante-maison-en-pierre-3-chambres-120m2-chateaubourg
CHATEAUBOURG,Vente maison chateaubourg(35220) 319 000ï¿œ,https://www.etreproprio.com/immobilier-21581837-vente-vente-maison-chateaubourg35220-319-000i-oe-chateaubourg
CHATEAUBOURG,Maison 4 chambres 120m² terrain 4000m²,https://www.etreproprio.com/immobilier-21567918-vente-maison-4-chambres-120m-terrain-4000m-chateaubourg
CHATEAUBOURG,Maison chateaubourg 7 pièce(s) 130 m2,https://www.etreproprio.com/immobilier-22029211-vente-maison-chateaubourg-7-pieces-130-m2-chateaubourg
CHATEAUBOURG,Vente maison chateaubourg(35220) 549 990ï¿œ,https://www.etreproprio.com/immobilier-21692282-vente-vente-maison-chateaubourg35220-549-990i-oe-chateaubourg
CHATILLON-EN-VENDELAIS,Vente maison chatillon-en-vendelais(35210) 254 500ï¿œ,https://www.etreproprio.com/immobilier-23889295-vente-vente-maison-chatillon-en-vendelais35210-254-500i-oe-chatillon-en-vendelais
CHATILLON-EN-VENDELAIS,Maison 5 pièces,https://www.etreproprio.com/immobilier-23875088-vente-maison-5-pieces-chatillon-en-vendelais
CHATILLON-EN-VENDELAIS,Maison 126m² à chatillon-en-vendelais,https://www.etreproprio.com/immobilier-22450242-vente-maison-126m-a-chatillon-en-vendelais-chatillon-en-vendelais
CHATILLON-EN-VENDELAIS,A vendre maison 4 pièces chatillon en vendelais 96 m² - 194 500  hai,https://www.etreproprio.com/immobilier-23751924-vente-a-vendre-maison-4-pieces-chatillon-en-vendelais-96-m-194-500-hai-chatillon-en-vendelais
CHATILLON-EN-VENDELAIS,Maison 109m² à chatillon-en-vendelais,https://www.etreproprio.com/immobilier-23698726-vente-maison-109m-a-chatillon-en-vendelais-chatillon-en-vendelais
CHATILLON-EN-VENDELAIS,Maison 167m² à chatillon-en-vendelais,https://www.etreproprio.com/immobilier-23468859-vente-maison-167m-a-chatillon-en-vendelais-chatillon-en-vendelais
CHATILLON-EN-VENDELAIS,Joli pavillon de 108 m2 clé en main,https://www.etreproprio.com/immobilier-21674253-vente-joli-pavillon-de-108-m2-cle-en-main-chatillon-en-vendelais
CHATILLON-EN-VENDELAIS,Maison 47m² à chatillon-en-vendelais,https://www.etreproprio.com/immobilier-23058539-vente-maison-47m-a-chatillon-en-vendelais-chatillon-en-vendelais
CHATILLON-EN-VENDELAIS,Maison 101m² à chatillon-en-vendelais,https://www.etreproprio.com/immobilier-22905159-vente-maison-101m-a-chatillon-en-vendelais-chatillon-en-vendelais
CHATILLON-EN-VENDELAIS,Maison t7  à chatillon en vendelais,https://www.etreproprio.com/immobilier-22168718-vente-maison-t7-a-chatillon-en-vendelais-chatillon-en-vendelais
CHATILLON-EN-VENDELAIS,Maison campagne chatillon en vendelais,https://www.etreproprio.com/immobilier-22120854-vente-maison-campagne-chatillon-en-vendelais-chatillon-en-vendelais
CHATILLON-EN-VENDELAIS,A vendre maison à chatillon en vendelais 4 pièces 93 m² - 207 500  hai,https://www.etreproprio.com/immobilier-21866885-vente-a-vendre-maison-a-chatillon-en-vendelais-4-pieces-93-m-207-500-hai-chatillon-en-vendelais
CHATILLON-EN-VENDELAIS,A vendre maison à chatillon en vendelais 218 m² - 138 000  hai,https://www.etreproprio.com/immobilier-21489614-vente-a-vendre-maison-a-chatillon-en-vendelais-218-m-138-000-hai-chatillon-en-vendelais
CHAUVIGNE,Maison chauvigne 7 pièce(s) 157 m2,https://www.etreproprio.com/immobilier-23656927-vente-maison-chauvigne-7-pieces-157-m2-chauvigne
CHAUVIGNE,Maison chauvigne 6 pièce(s) 160 m2,https://www.etreproprio.com/immobilier-20609632-vente-maison-chauvigne-6-pieces-160-m2-chauvigne
CHAUVIGNE,Maison chauvigne 3 pièce(s) 81 m2,https://www.etreproprio.com/immobilier-23176665-vente-maison-chauvigne-3-pieces-81-m2-chauvigne
CHAUVIGNE,Maison chauvigne 3 pièce(s) 81 m2,https://www.etreproprio.com/immobilier-23175441-vente-maison-chauvigne-3-pieces-81-m2-chauvigne
CHAUVIGNE,Maison contemporaine,https://www.etreproprio.com/immobilier-23086810-vente-maison-contemporaine-chauvigne
CHAUVIGNE,Maison 70m² à chauvigne,https://www.etreproprio.com/immobilier-22406657-vente-maison-70m-a-chauvigne-chauvigne
CHATEAUGIRON,Maison 142m² à chateaugiron,https://www.etreproprio.com/immobilier-23422915-vente-maison-142m-a-chateaugiron-chateaugiron
CHATEAUGIRON,Maison 100m² à chateaugiron,https://www.etreproprio.com/immobilier-23401257-vente-maison-100m-a-chateaugiron-chateaugiron
CHATEAUGIRON,Maison 138 m2,https://www.etreproprio.com/immobilier-22121564-vente-maison-138-m2-chateaugiron
CHATEAUGIRON,Maison tres recente en lotissement 4 chambres,https://www.etreproprio.com/immobilier-23351318-vente-maison-tres-recente-en-lotissement-4-chambres-chateaugiron
CHATEAUGIRON,Maison 110m² à chateaugiron,https://www.etreproprio.com/immobilier-22607429-vente-maison-110m-a-chateaugiron-chateaugiron
CHATEAUGIRON,Maison 112m² à chateaugiron,https://www.etreproprio.com/immobilier-23304917-vente-maison-112m-a-chateaugiron-chateaugiron
CHATEAUGIRON,Maison 105m² à chateaugiron,https://www.etreproprio.com/immobilier-23289531-vente-maison-105m-a-chateaugiron-chateaugiron
CHATEAUGIRON,Maison chateaugiron 5 pièce(s) 80 m2,https://www.etreproprio.com/immobilier-22755246-vente-maison-chateaugiron-5-pieces-80-m2-chateaugiron
CHATEAUGIRON,Maison 80m² à chateaugiron,https://www.etreproprio.com/immobilier-21615406-vente-maison-80m-a-chateaugiron-chateaugiron
CHATEAUGIRON,Maison 103m² à chateaugiron,https://www.etreproprio.com/immobilier-23126614-vente-maison-103m-a-chateaugiron-chateaugiron
CHATEAUGIRON,Une parenthèse de charme en cœur de ville   maison coup de cœur à châteaugiron,https://www.etreproprio.com/immobilier-23238731-vente-une-parenthese-de-charme-en-coeur-de-ville-maison-coup-de-coeur-a-chateaugiron-chateaugiron
CHATEAUGIRON,Maison 96m² à chateaugiron,https://www.etreproprio.com/immobilier-22018422-vente-maison-96m-a-chateaugiron-chateaugiron
CHATEAUGIRON,Maison 103m² à chateaugiron,https://www.etreproprio.com/immobilier-23196573-vente-maison-103m-a-chateaugiron-chateaugiron
CHATEAUGIRON,Maison de bourg de 96 m² 4 pièces,https://www.etreproprio.com/immobilier-21578048-vente-maison-de-bourg-de-96-m-4-pieces-chateaugiron
CHATEAUGIRON,Maison 95m² à chateaugiron,https://www.etreproprio.com/immobilier-23124598-vente-maison-95m-a-chateaugiron-chateaugiron
CHATEAUGIRON,"Maison de 123 m2 avec 5 chambres, sous-sol et jardin",https://www.etreproprio.com/immobilier-20723916-vente-maison-de-123-m2-avec-5-chambres-sous-sol-et-jardin-chateaugiron
CHATEAUGIRON,Maison 140m² à chateaugiron,https://www.etreproprio.com/immobilier-22440598-vente-maison-140m-a-chateaugiron-chateaugiron
CHATEAUGIRON,Maison 163m² à chateaugiron,https://www.etreproprio.com/immobilier-22065265-vente-maison-163m-a-chateaugiron-chateaugiron
CHATEAUGIRON,Maison chateaugiron 6 pièce(s) 110 m2,https://www.etreproprio.com/immobilier-22732400-vente-maison-chateaugiron-6-pieces-110-m2-chateaugiron
CHATEAUGIRON,Maison- sous-sol- jardin- chateaugiron- 110 m2,https://www.etreproprio.com/immobilier-22157650-vente-maison-sous-sol-jardin-chateaugiron-110-m2-chateaugiron
CHAVAGNE,Maison 190m² à chavagne,https://www.etreproprio.com/immobilier-22855653-vente-maison-190m-a-chavagne-chavagne
CHAVAGNE,Maison 100m² à chavagne,https://www.etreproprio.com/immobilier-23826663-vente-maison-100m-a-chavagne-chavagne
CHAVAGNE,Maison 95m² à chavagne,https://www.etreproprio.com/immobilier-23768182-vente-maison-95m-a-chavagne-chavagne
CHAVAGNE,Maison 166m² à chavagne,https://www.etreproprio.com/immobilier-23746536-vente-maison-166m-a-chavagne-chavagne
CHAVAGNE,maison 85 m² de 2014 – terrain 200 m² – proche rennes (10 min),https://www.etreproprio.com/immobilier-23717566-vente-maison-85-m-de-2014-terrain-200-m-proche-rennes-10-min-chavagne
CHAVAGNE,Maison 84m² à chavagne,https://www.etreproprio.com/immobilier-23534820-vente-maison-84m-a-chavagne-chavagne
CHAVAGNE,Maison 127 m² à chavagne - quatre chambres - 570m² terrain,https://www.etreproprio.com/immobilier-14115148-vente-maison-127-m-a-chavagne-quatre-chambres-570m-terrain-chavagne
CHELUN,"Chelun -maison 2 chambres , jardin ,garage",https://www.etreproprio.com/immobilier-23909672-vente-chelun-maison-2-chambres-jardin-garage-chelun
CHELUN,"Chelun, dans le bourg, maison de 127 m², 3 chambre",https://www.etreproprio.com/immobilier-23844634-vente-chelun-dans-le-bourg-maison-de-127-m-3-chambre-chelun
CHELUN,Maison en pierres - terrain de 11845 m2,https://www.etreproprio.com/immobilier-21915742-vente-maison-en-pierres-terrain-de-11845-m2-chelun
CHERRUEIX,Maison 93m² à cherrueix,https://www.etreproprio.com/immobilier-23832297-vente-maison-93m-a-cherrueix-cherrueix
CHERRUEIX,Maison 78m² à cherrueix,https://www.etreproprio.com/immobilier-23443358-vente-maison-78m-a-cherrueix-cherrueix
CHERRUEIX,Maison 275m² à cherrueix,https://www.etreproprio.com/immobilier-22630817-vente-maison-275m-a-cherrueix-cherrueix
CHERRUEIX,Maison 127m² à cherrueix,https://www.etreproprio.com/immobilier-23255373-vente-maison-127m-a-cherrueix-cherrueix
CHERRUEIX,Authentique maison bretonne rénovée,https://www.etreproprio.com/immobilier-22609388-vente-authentique-maison-bretonne-renovee-cherrueix
CHERRUEIX,Maison 138m² à cherrueix,https://www.etreproprio.com/immobilier-21843980-vente-maison-138m-a-cherrueix-cherrueix
CHERRUEIX,"Dpt ille et vilaine (35), à vendre cherrueix propriété de 20 pièces sur 4 hectares",https://www.etreproprio.com/immobilier-21330404-vente-dpt-ille-et-vilaine-35-a-vendre-cherrueix-propriete-de-20-pieces-sur-4-hectares-cherrueix
CHERRUEIX,Maison 295m² à cherrueix,https://www.etreproprio.com/immobilier-20743787-vente-maison-295m-a-cherrueix-cherrueix
CHATEAUGIRON,Maison 90m² à chateaugiron,https://www.etreproprio.com/immobilier-22726078-vente-maison-90m-a-chateaugiron-chateaugiron
CHATEAUGIRON,Maison 107m² à chateaugiron,https://www.etreproprio.com/immobilier-22642886-vente-maison-107m-a-chateaugiron-chateaugiron
CHATEAUGIRON,Maison chateaugiron 5 pièce(s) 80.21 m2,https://www.etreproprio.com/immobilier-22515727-vente-maison-chateaugiron-5-pieces-8021-m2-chateaugiron
CHATEAUGIRON,Maison 76m² à chateaugiron,https://www.etreproprio.com/immobilier-22513418-vente-maison-76m-a-chateaugiron-chateaugiron
CHATEAUGIRON,Maison -charme-centre-ville-chateaugiron,https://www.etreproprio.com/immobilier-22409594-vente-maison-charme-centre-ville-chateaugiron-chateaugiron
CHATEAUGIRON,Maison 112m² à chateaugiron,https://www.etreproprio.com/immobilier-22354165-vente-maison-112m-a-chateaugiron-chateaugiron
CHATEAUGIRON,Maison 128m² à chateaugiron,https://www.etreproprio.com/immobilier-21946000-vente-maison-128m-a-chateaugiron-chateaugiron
CHATEAUGIRON,Maison 169m² à chateaugiron,https://www.etreproprio.com/immobilier-22208997-vente-maison-169m-a-chateaugiron-chateaugiron
CHATEAUGIRON,Maison 160m² à chateaugiron,https://www.etreproprio.com/immobilier-22182169-vente-maison-160m-a-chateaugiron-chateaugiron
CHATEAUGIRON,"Maison de 160 m2 avec 5 chambres, garage, hangar et carport",https://www.etreproprio.com/immobilier-22174000-vente-maison-de-160-m2-avec-5-chambres-garage-hangar-et-carport-chateaugiron
CHATEAUGIRON,Maison 150m² à chateaugiron,https://www.etreproprio.com/immobilier-21099939-vente-maison-150m-a-chateaugiron-chateaugiron
CHATEAUGIRON,Maison 112m² à chateaugiron,https://www.etreproprio.com/immobilier-21816276-vente-maison-112m-a-chateaugiron-chateaugiron
CHATEAUGIRON,Maison à vendre - 5 pièces - récente - châteaugiron - lumineuse,https://www.etreproprio.com/immobilier-21605287-vente-maison-a-vendre-5-pieces-recente-chateaugiron-lumineuse-chateaugiron
CHEVAIGNE,Maison mouaze 6 pièce(s) 146 m2,https://www.etreproprio.com/immobilier-23711074-vente-maison-mouaze-6-pieces-146-m2-chevaigne
CHEVAIGNE,Maison 5 pièces 107 m2,https://www.etreproprio.com/immobilier-23345182-vente-maison-5-pieces-107-m2-chevaigne
CINTRE,Maison cintre 8 pièce(s) 200 m2,https://www.etreproprio.com/immobilier-23869818-vente-maison-cintre-8-pieces-200-m2-cintre
CINTRE,Maison 286m² à cintre,https://www.etreproprio.com/immobilier-23692245-vente-maison-286m-a-cintre-cintre
CINTRE,Maison 84m² à cintre,https://www.etreproprio.com/immobilier-23677131-vente-maison-84m-a-cintre-cintre
CINTRE,Maison familiale - centre de cintré - 126.31 m² habitables,https://www.etreproprio.com/immobilier-23315465-vente-maison-familiale-centre-de-cintre-12631-m-habitables-cintre
CINTRE,Maison de 2012 en ossature bois,https://www.etreproprio.com/immobilier-23265593-vente-maison-de-2012-en-ossature-bois-cintre
CINTRE,Maison contemporaine 125 m² – cintré (rennes métropole),https://www.etreproprio.com/immobilier-23262436-vente-maison-contemporaine-125-m-cintre-rennes-metropole-cintre
CINTRE,maison neuve 150 m² – belle vie de plain pied avec garage,https://www.etreproprio.com/immobilier-23132913-vente-maison-neuve-150-m-belle-vie-de-plain-pied-avec-garage-cintre
CINTRE,Maison 159m² à cintre,https://www.etreproprio.com/immobilier-22713416-vente-maison-159m-a-cintre-cintre
CINTRE,Maison à vendre 5 pièces cintre (35),https://www.etreproprio.com/immobilier-21391784-vente-maison-a-vendre-5-pieces-cintre-35-cintre
CLAYES,Maison clayes 5 pièces - 77 m2 - 137 m² de terrain - garage et place de parking,https://www.etreproprio.com/immobilier-23778041-vente-maison-clayes-5-pieces-77-m2-137-m-de-terrain-garage-et-place-de-parking-clayes
COESMES,Maison 190m² à coesmes,https://www.etreproprio.com/immobilier-23779876-vente-maison-190m-a-coesmes-coesmes
COESMES,Maison 4 pièces - coësmes,https://www.etreproprio.com/immobilier-23370392-vente-maison-4-pieces-coesmes-coesmes
COESMES,Maison 70m² à coesmes,https://www.etreproprio.com/immobilier-23667012-vente-maison-70m-a-coesmes-coesmes
COESMES,Maison 130m² à coesmes,https://www.etreproprio.com/immobilier-23662029-vente-maison-130m-a-coesmes-coesmes
COESMES,Nouveauté !   maison de  4 pièces de plain-pied,https://www.etreproprio.com/immobilier-23183580-vente-nouveaute-maison-de-4-pieces-de-plain-pied-coesmes
COESMES,Maison 123m² à coesmes,https://www.etreproprio.com/immobilier-23603221-vente-maison-123m-a-coesmes-coesmes
COESMES,Belle propriété (170 m2) au cœur de la ville.,https://www.etreproprio.com/immobilier-23159697-vente-belle-propriete-170-m2-au-coeur-de-la-ville-coesmes
COESMES,Maison de caractère sur sous sol,https://www.etreproprio.com/immobilier-21163739-vente-maison-de-caractere-sur-sous-sol-coesmes
COESMES,Maison de maître,https://www.etreproprio.com/immobilier-21367934-vente-maison-de-maitre-coesmes
COESMES,Maison 110m² à coesmes,https://www.etreproprio.com/immobilier-23232799-vente-maison-110m-a-coesmes-coesmes
COESMES,Terrain constructible avec grange,https://www.etreproprio.com/immobilier-22728783-vente-terrain-constructible-avec-grange-coesmes
COESMES,Maison de maître 4 pièces 138 m2 - 2 270 m2 de terrain,https://www.etreproprio.com/immobilier-22612961-vente-maison-de-maitre-4-pieces-138-m2-2-270-m2-de-terrain-coesmes
COESMES,Maison 123m2 à coësmes,https://www.etreproprio.com/immobilier-21840074-vente-maison-123m2-a-coesmes-coesmes
COMBLESSAC,Charmante maison rénovée à comblessac,https://www.etreproprio.com/immobilier-23760699-vente-charmante-maison-renovee-a-comblessac-comblessac
COMBOURG,Maison combourg 8 pièce(s) 200 m2,https://www.etreproprio.com/immobilier-23909938-vente-maison-combourg-8-pieces-200-m2-combourg
COMBOURG,Maison 159m² à combourg,https://www.etreproprio.com/immobilier-23895449-vente-maison-159m-a-combourg-combourg
COMBOURG,Maison bazouges la pérouse 10 pièce(s) 330 m2,https://www.etreproprio.com/immobilier-22339209-vente-maison-bazouges-la-perouse-10-pieces-330-m2-combourg
COMBOURG,Maison combourg  plain-pied 4 pièce(s) 70 m2,https://www.etreproprio.com/immobilier-23842213-vente-maison-combourg-plain-pied-4-pieces-70-m2-combourg
COMBOURG,Maison combourg 4 pièce(s) 85 m2,https://www.etreproprio.com/immobilier-23842214-vente-maison-combourg-4-pieces-85-m2-combourg
COMBOURG,Maison combourg  5 chambres 142 m2,https://www.etreproprio.com/immobilier-22593844-vente-maison-combourg-5-chambres-142-m2-combourg
COMBOURG,Longere rénovée à 10 min de combourg,https://www.etreproprio.com/immobilier-23587613-vente-longere-renovee-a-10-min-de-combourg-combourg
COMBOURG,Grande demeure a la campagne,https://www.etreproprio.com/immobilier-23251481-vente-grande-demeure-a-la-campagne-combourg
COMBOURG,Maison 84m² à combourg,https://www.etreproprio.com/immobilier-23754540-vente-maison-84m-a-combourg-combourg
COMBOURG,Maison 172m² à combourg,https://www.etreproprio.com/immobilier-23734046-vente-maison-172m-a-combourg-combourg
COMBOURG,Maison combourg 5 pièce(s) 212 m2,https://www.etreproprio.com/immobilier-19894536-vente-maison-combourg-5-pieces-212-m2-combourg
COMBOURG,Maison 110m² à combourg,https://www.etreproprio.com/immobilier-23617009-vente-maison-110m-a-combourg-combourg
COMBOURG,Maison combourg 5 pièce(s) 112 m2,https://www.etreproprio.com/immobilier-21426789-vente-maison-combourg-5-pieces-112-m2-combourg
COMBOURG,Maison 129m² à combourg,https://www.etreproprio.com/immobilier-23548604-vente-maison-129m-a-combourg-combourg
COMBOURG,Combourg centre,https://www.etreproprio.com/immobilier-22476039-vente-combourg-centre-combourg
COMBOURG,Maison  6 pièce(s) 143 m2,https://www.etreproprio.com/immobilier-23095120-vente-maison-6-pieces-143-m2-combourg
COMBOURG,Maison 43m² à combourg,https://www.etreproprio.com/immobilier-22937650-vente-maison-43m-a-combourg-combourg
COMBOURG,Maison combourg 7 pièce(s) 135 m2 avec sous-sol total.,https://www.etreproprio.com/immobilier-23512465-vente-maison-combourg-7-pieces-135-m2-avec-sous-sol-total-combourg
COMBOURG,Maison combourg 4 pièce(s) 76.89 m2,https://www.etreproprio.com/immobilier-22286546-vente-maison-combourg-4-pieces-7689-m2-combourg
COMBOURG,Demeure de caractère 4 ch 6 p combourg hyper centre,https://www.etreproprio.com/immobilier-21604917-vente-demeure-de-caractere-4-ch-6-p-combourg-hyper-centre-combourg
COMBOURTILLE,Maison en pierres rénovée,https://www.etreproprio.com/immobilier-22927176-vente-maison-en-pierres-renovee-combourtille
COMBOURTILLE,Belle maison en pierres à combourtille (35210),https://www.etreproprio.com/immobilier-20925531-vente-belle-maison-en-pierres-a-combourtille-35210-combourtille
COMBOURG,Entre rennes et saint-malo maison clé en main - proche gare,https://www.etreproprio.com/immobilier-22393121-vente-entre-rennes-et-saint-malo-maison-cle-en-main-proche-gare-combourg
COMBOURG,À visiter sans tarder!,https://www.etreproprio.com/immobilier-22760296-vente-a-visiter-sans-tarder-combourg
COMBOURG,Propriété de charme rénovée à combourg  réf : 202555,https://www.etreproprio.com/immobilier-22162140-vente-propriete-de-charme-renovee-a-combourg-ref-202555-combourg
COMBOURG,Maison 126m² à combourg,https://www.etreproprio.com/immobilier-23030726-vente-maison-126m-a-combourg-combourg
COMBOURG,Maison combourg 5 pièce(s) 116 m2,https://www.etreproprio.com/immobilier-23399689-vente-maison-combourg-5-pieces-116-m2-combourg
COMBOURG,À vendre - maison de 205 m² - 8 pièces - 5 chambres,https://www.etreproprio.com/immobilier-23374171-vente-a-vendre-maison-de-205-m-8-pieces-5-chambres-combourg
COMBOURG,Maison centre ville combourg à vendre,https://www.etreproprio.com/immobilier-23330019-vente-maison-centre-ville-combourg-a-vendre-combourg
COMBOURG,Rare à la vente ! maison récente à combourg,https://www.etreproprio.com/immobilier-23274418-vente-rare-a-la-vente-maison-recente-a-combourg-combourg
COMBOURG,"Combourg - à vendre - pavillon de 2011, secteur résidentiel proche de la gare",https://www.etreproprio.com/immobilier-23240836-vente-combourg-a-vendre-pavillon-de-2011-secteur-residentiel-proche-de-la-gare-combourg
COMBOURG,Maison 93m² à combourg,https://www.etreproprio.com/immobilier-23195221-vente-maison-93m-a-combourg-combourg
COMBOURG,Maison combourg 8 pièce(s) 160 m2,https://www.etreproprio.com/immobilier-23128390-vente-maison-combourg-8-pieces-160-m2-combourg
COMBOURG,Maison 107m² à combourg,https://www.etreproprio.com/immobilier-23108968-vente-maison-107m-a-combourg-combourg
COMBOURG,Maison 171m² à combourg,https://www.etreproprio.com/immobilier-23096428-vente-maison-171m-a-combourg-combourg
COMBOURG,Maison 172m² à combourg,https://www.etreproprio.com/immobilier-23101054-vente-maison-172m-a-combourg-combourg
COMBOURG,Propriété équestre,https://www.etreproprio.com/immobilier-21895577-vente-propriete-equestre-combourg
COMBOURG,Propriété avec étang combourg 7 pièce(s) 173 m2,https://www.etreproprio.com/immobilier-22763931-vente-propriete-avec-etang-combourg-7-pieces-173-m2-combourg
COMBOURG,Combourg centre ville 6 pièce(s) 160 m2,https://www.etreproprio.com/immobilier-21912231-vente-combourg-centre-ville-6-pieces-160-m2-combourg
COMBOURG,"Combourg, emplacement recherché, proche centre ville",https://www.etreproprio.com/immobilier-21780307-vente-combourg-emplacement-recherche-proche-centre-ville-combourg
COMBOURG,Maison combourg 5 pièce(s) 120 m2,https://www.etreproprio.com/immobilier-21371715-vente-maison-combourg-5-pieces-120-m2-combourg
COMBOURG,Maison 45m² à combourg,https://www.etreproprio.com/immobilier-22587114-vente-maison-45m-a-combourg-combourg
CORNILLE,Maison cornille 6 pièce(s) 111.38 m2,https://www.etreproprio.com/immobilier-23909839-vente-maison-cornille-6-pieces-11138-m2-cornille
CORNILLE,Maison 130m² à cornille,https://www.etreproprio.com/immobilier-23702318-vente-maison-130m-a-cornille-cornille
CORNILLE,Maison cornille 7 pièce(s) 269 m2,https://www.etreproprio.com/immobilier-23618625-vente-maison-cornille-7-pieces-269-m2-cornille
CORNILLE,Vente maison cornille(35500) 194 250ï¿œ,https://www.etreproprio.com/immobilier-23610713-vente-vente-maison-cornille35500-194-250i-oe-cornille
CORNILLE,Longère rénovée située entre châteaubourg et vitré,https://www.etreproprio.com/immobilier-22360483-vente-longere-renovee-situee-entre-chateaubourg-et-vitre-cornille
CORNILLE,Maison 100m² à cornille,https://www.etreproprio.com/immobilier-22678502-vente-maison-100m-a-cornille-cornille
CORNILLE,Maison cornille 6 pièce(s) 215 m2,https://www.etreproprio.com/immobilier-21998213-vente-maison-cornille-6-pieces-215-m2-cornille
COMBOURG,Maison 118m² à combourg,https://www.etreproprio.com/immobilier-22559115-vente-maison-118m-a-combourg-combourg
COMBOURG,Maison 123m² à combourg,https://www.etreproprio.com/immobilier-22559116-vente-maison-123m-a-combourg-combourg
COMBOURG,Maison 230m² à combourg,https://www.etreproprio.com/immobilier-22528492-vente-maison-230m-a-combourg-combourg
COMBOURG,Maison de maître - 190 m² - 10 pièces - 520 m² de terrain,https://www.etreproprio.com/immobilier-21929203-vente-maison-de-maitre-190-m-10-pieces-520-m-de-terrain-combourg
COMBOURG,Maison 234m² à combourg,https://www.etreproprio.com/immobilier-22441265-vente-maison-234m-a-combourg-combourg
COMBOURG,Maison 152m² à combourg,https://www.etreproprio.com/immobilier-22064412-vente-maison-152m-a-combourg-combourg
COMBOURG,Maison combourg 8 pièce(s) 230 m2,https://www.etreproprio.com/immobilier-22142392-vente-maison-combourg-8-pieces-230-m2-combourg
COMBOURG,Maison combourg 3 pièce(s) 72 m2,https://www.etreproprio.com/immobilier-22108931-vente-maison-combourg-3-pieces-72-m2-combourg
COMBOURG,Maison combourg 2 pièce(s) 300 m2,https://www.etreproprio.com/immobilier-20220761-vente-maison-combourg-2-pieces-300-m2-combourg
COMBOURG,Maison combourg 8 pièce(s)  139 m2,https://www.etreproprio.com/immobilier-21263822-vente-maison-combourg-8-pieces-139-m2-combourg
COMBOURG,Maison à rénover combourg 2 pièce(s),https://www.etreproprio.com/immobilier-21263821-vente-maison-a-renover-combourg-2-pieces-combourg
COMBOURG,L'élégance contemporaine avec vue panoramique  et beaux volumes 210 m² terrain 1885 m²,https://www.etreproprio.com/immobilier-21210620-vente-l-elegance-contemporaine-avec-vue-panoramique-et-beaux-volumes-210-m-terrain-1885-m-combourg
COMBOURG,Maison combourg 3 pièce(s),https://www.etreproprio.com/immobilier-19909138-vente-maison-combourg-3-pieces-combourg
COMBOURG,Maison 153m² à combourg,https://www.etreproprio.com/immobilier-17579756-vente-maison-153m-a-combourg-combourg
CORPS-NUDS,Maison 109m² à corps-nuds,https://www.etreproprio.com/immobilier-23883362-vente-maison-109m-a-corps-nuds-corps-nuds
CORPS-NUDS,Maison 96m² à corps-nuds,https://www.etreproprio.com/immobilier-21324078-vente-maison-96m-a-corps-nuds-corps-nuds
CORPS-NUDS,Maison 102m² à corps-nuds,https://www.etreproprio.com/immobilier-22159763-vente-maison-102m-a-corps-nuds-corps-nuds
CORPS-NUDS,Maison 134m² à corps-nuds,https://www.etreproprio.com/immobilier-23670369-vente-maison-134m-a-corps-nuds-corps-nuds
CORPS-NUDS,Maison 147m² à corps-nuds,https://www.etreproprio.com/immobilier-23697765-vente-maison-147m-a-corps-nuds-corps-nuds
CORPS-NUDS,Maison avec 5 chambres,https://www.etreproprio.com/immobilier-23624145-vente-maison-avec-5-chambres-corps-nuds
CORPS-NUDS,Maison corps-nuds,https://www.etreproprio.com/immobilier-23118894-vente-maison-corps-nuds-corps-nuds
CORPS-NUDS,Maison corps nuds 6 pièce(s) 123.71 m2,https://www.etreproprio.com/immobilier-23374554-vente-maison-corps-nuds-6-pieces-12371-m2-corps-nuds
CORPS-NUDS,Maison 220m² à corps-nuds,https://www.etreproprio.com/immobilier-22178844-vente-maison-220m-a-corps-nuds-corps-nuds
CORPS-NUDS,Ce bien sous compromis n'est plus disponible a la vente,https://www.etreproprio.com/immobilier-22088386-vente-ce-bien-sous-compromis-n-est-plus-disponible-a-la-vente-corps-nuds
CORPS-NUDS,Corps de ferme,https://www.etreproprio.com/immobilier-21828754-vente-corps-de-ferme-corps-nuds
CORPS-NUDS,"Aux portes de rennes, propriété d'exception sur plus d'un hectare.",https://www.etreproprio.com/immobilier-19414506-vente-aux-portes-de-rennes-propriete-d-exception-sur-plus-d-un-hectare-corps-nuds
LA COUYERE,"Maison 4 chambres, hangars et vaste terrain",https://www.etreproprio.com/immobilier-23792583-vente-maison-4-chambres-hangars-et-vaste-terrain-la-couyere
LA COUYERE,Charmante longère de 165m2 7 pièces,https://www.etreproprio.com/immobilier-20553927-vente-charmante-longere-de-165m2-7-pieces-la-couyere
LA COUYERE,Maison en pierre dans hameau proche janzé,https://www.etreproprio.com/immobilier-23234782-vente-maison-en-pierre-dans-hameau-proche-janze-la-couyere
LA COUYERE,Maison 89m² à la couyere,https://www.etreproprio.com/immobilier-21701623-vente-maison-89m-a-la-couyere-la-couyere
CREVIN,Maison 102m² à crevin,https://www.etreproprio.com/immobilier-23335720-vente-maison-102m-a-crevin-crevin
CREVIN,Maison 96m² à crevin,https://www.etreproprio.com/immobilier-23850040-vente-maison-96m-a-crevin-crevin
CREVIN,Maison 102m² à crevin,https://www.etreproprio.com/immobilier-23412594-vente-maison-102m-a-crevin-crevin
CREVIN,Maison 101m² à crevin,https://www.etreproprio.com/immobilier-23768283-vente-maison-101m-a-crevin-crevin
CREVIN,Maison 134m² à crevin,https://www.etreproprio.com/immobilier-23696696-vente-maison-134m-a-crevin-crevin
CREVIN,Maison 122m² à crevin,https://www.etreproprio.com/immobilier-23692482-vente-maison-122m-a-crevin-crevin
CREVIN,Maison crevin 6 pièce(s) 94 m2,https://www.etreproprio.com/immobilier-23038910-vente-maison-crevin-6-pieces-94-m2-crevin
CREVIN,Maison 5 pièces - emplacement idéal,https://www.etreproprio.com/immobilier-23547510-vente-maison-5-pieces-emplacement-ideal-crevin
CREVIN,Maison 134m² à crevin,https://www.etreproprio.com/immobilier-23419133-vente-maison-134m-a-crevin-crevin
CREVIN,Maison 4 pièces de 97 m²,https://www.etreproprio.com/immobilier-23261718-vente-maison-4-pieces-de-97-m-crevin
CREVIN,Maison  4 chambres lotissement,https://www.etreproprio.com/immobilier-22974362-vente-maison-4-chambres-lotissement-crevin
CREVIN,"Maison récente (110 m2) sur terrain clos de 441 m2, au calme.",https://www.etreproprio.com/immobilier-22642091-vente-maison-recente-110-m2-sur-terrain-clos-de-441-m2-au-calme-crevin
CREVIN,Maison crevin 8 pièce(s) 170 m2 + sous sol + dependances de 60 m²,https://www.etreproprio.com/immobilier-21860738-vente-maison-crevin-8-pieces-170-m2-sous-sol-dependances-de-60-m-crevin
CREVIN,Crevin - maison plain-pied de 2021- 3 chambres,https://www.etreproprio.com/immobilier-14780954-vente-crevin-maison-plain-pied-de-2021-3-chambres-crevin
CUGUEN,Maison de pays en pierre 5 pièces 130 m² 5 km de combourg,https://www.etreproprio.com/immobilier-22990625-vente-maison-de-pays-en-pierre-5-pieces-130-m-5-km-de-combourg-cuguen
CUGUEN,Maison avec jardin à vendre cuguen,https://www.etreproprio.com/immobilier-23601344-vente-maison-avec-jardin-a-vendre-cuguen-cuguen
DINARD,Dinard - maison 4 chambres avec vie de plain pied,https://www.etreproprio.com/immobilier-23906125-vente-dinard-maison-4-chambres-avec-vie-de-plain-pied-dinard
DINARD,"Dinard, propriété rénovée de 252m² avec maison d'amis et deux garages sur jardin clos de 1700m² à l'abri des regards",https://www.etreproprio.com/immobilier-21831478-vente-dinard-propriete-renovee-de-252m-avec-maison-d-amis-et-deux-garages-sur-jardin-clos-de-1700m-a-l-abri-des-regards-dinard
DINARD,"À vendre - maison d’architecte de 2009 à dinard   cadre exceptionnel, 240 m2 habitables sur 6500 m2 de terrain",https://www.etreproprio.com/immobilier-23877757-vente-a-vendre-maison-d-architecte-de-2009-a-dinard-cadre-exceptionnel-240-m2-habitables-sur-6500-m2-de-terrain-dinard
DINARD,Maison 104m² à dinard,https://www.etreproprio.com/immobilier-23854077-vente-maison-104m-a-dinard-dinard
DINARD,Maison 266m² à dinard,https://www.etreproprio.com/immobilier-23846670-vente-maison-266m-a-dinard-dinard
DINARD,Maison dinard/saint enogat,https://www.etreproprio.com/immobilier-22586028-vente-maison-dinardsaint-enogat-dinard
DINARD,Maison 87m² à dinard,https://www.etreproprio.com/immobilier-22575256-vente-maison-87m-a-dinard-dinard
DINARD,Maison 109m² à dinard,https://www.etreproprio.com/immobilier-23806334-vente-maison-109m-a-dinard-dinard
DINARD,Dinard port breton - villa 5 chambres,https://www.etreproprio.com/immobilier-23813736-vente-dinard-port-breton-villa-5-chambres-dinard
DINARD,Maison dinard,https://www.etreproprio.com/immobilier-23797127-vente-maison-dinard-dinard
DINARD,Maison 168m² à dinard,https://www.etreproprio.com/immobilier-23580862-vente-maison-168m-a-dinard-dinard
DINARD,Maison 175m² à dinard,https://www.etreproprio.com/immobilier-23786376-vente-maison-175m-a-dinard-dinard
DINARD,Maison 127m² à dinard,https://www.etreproprio.com/immobilier-23776339-vente-maison-127m-a-dinard-dinard
DINARD,A vendre à dinard maison 4-5 chambres à proximité de la place du marché,https://www.etreproprio.com/immobilier-22679067-vente-a-vendre-a-dinard-maison-4-5-chambres-a-proximite-de-la-place-du-marche-dinard
DINARD,Dinard centre - charmante maison au calme avec jardin et garage,https://www.etreproprio.com/immobilier-23753869-vente-dinard-centre-charmante-maison-au-calme-avec-jardin-et-garage-dinard
DINARD,Maison dinard  plein centre 4 pièce(s) 90 m2,https://www.etreproprio.com/immobilier-23755334-vente-maison-dinard-plein-centre-4-pieces-90-m2-dinard
DINARD,Dinard - belle maison familiale au calme,https://www.etreproprio.com/immobilier-22610759-vente-dinard-belle-maison-familiale-au-calme-dinard
DINARD,Maison 166m² à dinard,https://www.etreproprio.com/immobilier-23752584-vente-maison-166m-a-dinard-dinard
DINARD,Maison 85m² à dinard,https://www.etreproprio.com/immobilier-23720335-vente-maison-85m-a-dinard-dinard
DINARD,Maison 100m² à dinard,https://www.etreproprio.com/immobilier-23577535-vente-maison-100m-a-dinard-dinard
DINGE,Maison 48m² à dinge,https://www.etreproprio.com/immobilier-23807467-vente-maison-48m-a-dinge-dinge
DINGE,Belle contemporaine de  114 m² 3 ch 5 p dingé centre 623 m²,https://www.etreproprio.com/immobilier-23777079-vente-belle-contemporaine-de-114-m-3-ch-5-p-dinge-centre-623-m-dinge
DINGE,Maison 153m² à dinge,https://www.etreproprio.com/immobilier-23779841-vente-maison-153m-a-dinge-dinge
DINGE,Maison 211m² à dinge,https://www.etreproprio.com/immobilier-23548498-vente-maison-211m-a-dinge-dinge
DINGE,Maison dinge 5 pièce(s) 210 m2,https://www.etreproprio.com/immobilier-23536893-vente-maison-dinge-5-pieces-210-m2-dinge
DINGE,Maison a renover a dinge (35440) - 4 pieces,https://www.etreproprio.com/immobilier-23099941-vente-maison-a-renover-a-dinge-35440-4-pieces-dinge
DINGE,Maison 122m² à dinge,https://www.etreproprio.com/immobilier-23111258-vente-maison-122m-a-dinge-dinge
DINGE,"Dinge (35190), maison sur l'axe rennes (35000) - st malo (35400)",https://www.etreproprio.com/immobilier-19460255-vente-dinge-35190-maison-sur-l-axe-rennes-35000-st-malo-35400-dinge
DINGE,Charmante maison de campagne de 212 m2  sur 3 hectares avec assainissement aux normes,https://www.etreproprio.com/immobilier-18997096-vente-charmante-maison-de-campagne-de-212-m2-sur-3-hectares-avec-assainissement-aux-normes-dinge
DINARD,Maison de ville à dinard,https://www.etreproprio.com/immobilier-23675965-vente-maison-de-ville-a-dinard-dinard
DINARD,"Quartier la vicomté lumineuse maison t5 neuve, bel environnement, prestations qualitatives",https://www.etreproprio.com/immobilier-20786326-vente-quartier-la-vicomte-lumineuse-maison-t5-neuve-bel-environnement-prestations-qualitatives-dinard
DINARD,"Emplacement premium belle maison t4, terrasse, jardin, environnement boisé, proche plage, prestations qualitatives, dpe : a",https://www.etreproprio.com/immobilier-23572125-vente-emplacement-premium-belle-maison-t4-terrasse-jardin-environnement-boise-proche-plage-prestations-qualitatives-dpe-a-dinard
DINARD,Maison 138m² à dinard,https://www.etreproprio.com/immobilier-23679860-vente-maison-138m-a-dinard-dinard
DINARD,Maison t5 dinard,https://www.etreproprio.com/immobilier-22208060-vente-maison-t5-dinard-dinard
DINARD,A vendre - soquet immobilier -  maison -  dinard,https://www.etreproprio.com/immobilier-23670854-vente-a-vendre-soquet-immobilier-maison-dinard-dinard
DINARD,Dinard maison avec jardin proche plage et commerces à rénover en vente à dinard,https://www.etreproprio.com/immobilier-21873312-vente-dinard-maison-avec-jardin-proche-plage-et-commerces-a-renover-en-vente-a-dinard-dinard
DINARD,Maison 101m² à dinard,https://www.etreproprio.com/immobilier-23662461-vente-maison-101m-a-dinard-dinard
DINARD,Maison dinard 7 pièce(s) 6 chambres - jardin de 1498 m² - garage- remise - quartier résidentiel,https://www.etreproprio.com/immobilier-22878651-vente-maison-dinard-7-pieces-6-chambres-jardin-de-1498-m-garage-remise-quartier-residentiel-dinard
DINARD,Maison 290m² à dinard,https://www.etreproprio.com/immobilier-23630789-vente-maison-290m-a-dinard-dinard
DINARD,Maison 8 pièces de 230 m2 habitables - terrain 1250 m2,https://www.etreproprio.com/immobilier-22537471-vente-maison-8-pieces-de-230-m2-habitables-terrain-1250-m2-dinard
DINARD,Maison dinard 6 pièces149.66 m² dans un environnement calme,https://www.etreproprio.com/immobilier-23617004-vente-maison-dinard-6-pieces14966-m-dans-un-environnement-calme-dinard
DINARD,"Maison de 101.52 m² plus une véranda de 14.50m² sur jardin clos de 552 m², 4 chambres. plages et commerces à pied",https://www.etreproprio.com/immobilier-23614039-vente-maison-de-10152-m-plus-une-veranda-de-1450m-sur-jardin-clos-de-552-m-4-chambres-plages-et-commerces-a-pied-dinard
DINARD,La mer vous fera voir toutes ses couleurs de cette propriété de 1ère ligne offrant des points de vue exceptionnels,https://www.etreproprio.com/immobilier-22048079-vente-la-mer-vous-fera-voir-toutes-ses-couleurs-de-cette-propriete-de-1ere-ligne-offrant-des-points-de-vue-exceptionnels-dinard
DINARD,Maison d 'architecte 240 m² - dinard,https://www.etreproprio.com/immobilier-23225914-vente-maison-d-architecte-240-m-dinard-dinard
DINARD,Maison dinard quartier résidentiel 4 chambres et studio indépendant terrain 1283 m²,https://www.etreproprio.com/immobilier-20837758-vente-maison-dinard-quartier-residentiel-4-chambres-et-studio-independant-terrain-1283-m-dinard
DINARD,Maison dinard,https://www.etreproprio.com/immobilier-23576847-vente-maison-dinard-dinard
DINARD,Maison 178m² à dinard,https://www.etreproprio.com/immobilier-23155885-vente-maison-178m-a-dinard-dinard
DINARD,Maison 189m² à dinard,https://www.etreproprio.com/immobilier-23580945-vente-maison-189m-a-dinard-dinard
DINARD,Maison 106m² à dinard,https://www.etreproprio.com/immobilier-20349079-vente-maison-106m-a-dinard-dinard
DOL-DE-BRETAGNE,"Maison à dol-de-bretagne, 35120 - 3 pieces - 81 m2",https://www.etreproprio.com/immobilier-23906512-vente-maison-a-dol-de-bretagne-35120-3-pieces-81-m2-dol-de-bretagne
DOL-DE-BRETAGNE,Maison dol de bretagne 3 pièce(s) 79 m2,https://www.etreproprio.com/immobilier-22220346-vente-maison-dol-de-bretagne-3-pieces-79-m2-dol-de-bretagne
DOL-DE-BRETAGNE,Maison dol de bretagne 5 pièce(s) 116 m2,https://www.etreproprio.com/immobilier-20836829-vente-maison-dol-de-bretagne-5-pieces-116-m2-dol-de-bretagne
DOL-DE-BRETAGNE,Maison traditionnelle de 2025 - plain pied - dol de bretagne - 35120,https://www.etreproprio.com/immobilier-23856260-vente-maison-traditionnelle-de-2025-plain-pied-dol-de-bretagne-35120-dol-de-bretagne
DOL-DE-BRETAGNE,Maison dol de bretagne 8 pièce(s) 191 m2,https://www.etreproprio.com/immobilier-23838646-vente-maison-dol-de-bretagne-8-pieces-191-m2-dol-de-bretagne
DOL-DE-BRETAGNE,Propriété,https://www.etreproprio.com/immobilier-23835412-vente-propriete-dol-de-bretagne
DOL-DE-BRETAGNE,Maison dol de bretagne 4 pièce(s) 100 m2,https://www.etreproprio.com/immobilier-23817985-vente-maison-dol-de-bretagne-4-pieces-100-m2-dol-de-bretagne
DOL-DE-BRETAGNE,Maison dol de bretagne 6 pièce(s) 213m2,https://www.etreproprio.com/immobilier-22747364-vente-maison-dol-de-bretagne-6-pieces-213m2-dol-de-bretagne
DOL-DE-BRETAGNE,Maison dol de bretagne 5 pièce(s) 110 m2,https://www.etreproprio.com/immobilier-21788419-vente-maison-dol-de-bretagne-5-pieces-110-m2-dol-de-bretagne
DOL-DE-BRETAGNE,Maison dol de bretagne 6 pièce(s) 213m2,https://www.etreproprio.com/immobilier-21222296-vente-maison-dol-de-bretagne-6-pieces-213m2-dol-de-bretagne
DOL-DE-BRETAGNE,Maison 81m² à dol-de-bretagne,https://www.etreproprio.com/immobilier-23789714-vente-maison-81m-a-dol-de-bretagne-dol-de-bretagne
DOL-DE-BRETAGNE,Maison en pierres au mont dol -140 m2,https://www.etreproprio.com/immobilier-23787145-vente-maison-en-pierres-au-mont-dol-140-m2-dol-de-bretagne
DOL-DE-BRETAGNE,Dol de bretagne plein centre historique - immeuble t3,https://www.etreproprio.com/immobilier-23759521-vente-dol-de-bretagne-plein-centre-historique-immeuble-t3-dol-de-bretagne
DOL-DE-BRETAGNE,Maison à vendre dol de bretagne 8 pièce(s) 142 m2,https://www.etreproprio.com/immobilier-23739149-vente-maison-a-vendre-dol-de-bretagne-8-pieces-142-m2-dol-de-bretagne
DOL-DE-BRETAGNE,Dol-de-bretagne - maison récente,https://www.etreproprio.com/immobilier-23739507-vente-dol-de-bretagne-maison-recente-dol-de-bretagne
DOL-DE-BRETAGNE,Pavillon t4  dol proche centre ville,https://www.etreproprio.com/immobilier-23725698-vente-pavillon-t4-dol-proche-centre-ville-dol-de-bretagne
DOL-DE-BRETAGNE,Maison 185m² à dol-de-bretagne,https://www.etreproprio.com/immobilier-23691874-vente-maison-185m-a-dol-de-bretagne-dol-de-bretagne
DOL-DE-BRETAGNE,"Maison centre village, proche de dol-de-bretagne",https://www.etreproprio.com/immobilier-23474989-vente-maison-centre-village-proche-de-dol-de-bretagne-dol-de-bretagne
DOL-DE-BRETAGNE,Maison proche centre dol de bretagne,https://www.etreproprio.com/immobilier-23652330-vente-maison-proche-centre-dol-de-bretagne-dol-de-bretagne
DOL-DE-BRETAGNE,Maison 207m² à dol-de-bretagne,https://www.etreproprio.com/immobilier-23649669-vente-maison-207m-a-dol-de-bretagne-dol-de-bretagne
DINARD,"Maison hyper centre dinard 190m² 6 chambres, terrasse, garage.",https://www.etreproprio.com/immobilier-22176555-vente-maison-hyper-centre-dinard-190m-6-chambres-terrasse-garage-dinard
DINARD,Maison pleurtuit cancaval 210 m2,https://www.etreproprio.com/immobilier-20590026-vente-maison-pleurtuit-cancaval-210-m2-dinard
DINARD,Dinard - plain-pied,https://www.etreproprio.com/immobilier-23522212-vente-dinard-plain-pied-dinard
DINARD,Maison 71m² à dinard,https://www.etreproprio.com/immobilier-23500185-vente-maison-71m-a-dinard-dinard
DINARD,Maison dinard- plage de l'ecluse,https://www.etreproprio.com/immobilier-23500511-vente-maison-dinard-plage-de-l-ecluse-dinard
DINARD,A vendre dinard maison 3 chambres 82.83 m² proche commerces et plages,https://www.etreproprio.com/immobilier-23500406-vente-a-vendre-dinard-maison-3-chambres-8283-m-proche-commerces-et-plages-dinard
DINARD,Maison avec espace d'activité - dinard 10 pièces 443 m2,https://www.etreproprio.com/immobilier-23485203-vente-maison-avec-espace-d-activite-dinard-10-pieces-443-m2-dinard
DINARD,Maison  6 pièce(s) 137.7 m2 dinard ? hyper centre,https://www.etreproprio.com/immobilier-23457117-vente-maison-6-pieces-1377-m2-dinard-hyper-centre-dinard
DINARD,Maison 105m² à dinard,https://www.etreproprio.com/immobilier-21120333-vente-maison-105m-a-dinard-dinard
DINARD,Maison 35800,https://www.etreproprio.com/immobilier-23451369-vente-maison-35800-dinard
DINARD,Agence giboire à vendre maison dinard saint enogat,https://www.etreproprio.com/immobilier-22754203-vente-agence-giboire-a-vendre-maison-dinard-saint-enogat-dinard
DINARD,Maison à vendre à dinard quartier du prieuré maison en pierres avec dépendances en vente,https://www.etreproprio.com/immobilier-23417126-vente-maison-a-vendre-a-dinard-quartier-du-prieure-maison-en-pierres-avec-dependances-en-vente-dinard
DINARD,"A vendre à dinard maison familiale, 4 chambres dont une suite parentale au rez-de-chaussée bureau proche plages et commodités",https://www.etreproprio.com/immobilier-23419551-vente-a-vendre-a-dinard-maison-familiale-4-chambres-dont-une-suite-parentale-au-rez-de-chaussee-bureau-proche-plages-et-commodites-dinard
DINARD,Maison 164m² à dinard,https://www.etreproprio.com/immobilier-22860515-vente-maison-164m-a-dinard-dinard
DINARD,Maison 189m² à dinard,https://www.etreproprio.com/immobilier-23403324-vente-maison-189m-a-dinard-dinard
DINARD,Maison 187m² à dinard,https://www.etreproprio.com/immobilier-23385173-vente-maison-187m-a-dinard-dinard
DINARD,Maison 188m² à dinard,https://www.etreproprio.com/immobilier-23383242-vente-maison-188m-a-dinard-dinard
DINARD,Maison dinard 108m²,https://www.etreproprio.com/immobilier-23386691-vente-maison-dinard-108m-dinard
DINARD,"Dinard, st enogat , port blanc, maison de 43.5m² avec 2 chambres et jardinet prête à vivre. plages et commerces à pied",https://www.etreproprio.com/immobilier-23353549-vente-dinard-st-enogat-port-blanc-maison-de-435m-avec-2-chambres-et-jardinet-prete-a-vivre-plages-et-commerces-a-pied-dinard
DINARD,Maison 222m² à dinard,https://www.etreproprio.com/immobilier-23347723-vente-maison-222m-a-dinard-dinard
DOMAGNE,Maison 199m² à domagne,https://www.etreproprio.com/immobilier-23828712-vente-maison-199m-a-domagne-domagne
DOMAGNE,Une maison de centre bourg de domagné,https://www.etreproprio.com/immobilier-23705884-vente-une-maison-de-centre-bourg-de-domagne-domagne
DOMAGNE,Maison 112m² à domagne,https://www.etreproprio.com/immobilier-23691890-vente-maison-112m-a-domagne-domagne
DOMAGNE,Maison 73m² à domagne,https://www.etreproprio.com/immobilier-23659889-vente-maison-73m-a-domagne-domagne
DOMAGNE,Longère de charme avec toit cathédrale et jardin paysagé,https://www.etreproprio.com/immobilier-23171918-vente-longere-de-charme-avec-toit-cathedrale-et-jardin-paysage-domagne
DOMAGNE,Maison 59m² à domagne,https://www.etreproprio.com/immobilier-23327667-vente-maison-59m-a-domagne-domagne
DOMAGNE,Maison 78m² à domagne,https://www.etreproprio.com/immobilier-23055603-vente-maison-78m-a-domagne-domagne
DOMAGNE,"Longere en pierre , fort potentiel",https://www.etreproprio.com/immobilier-23021196-vente-longere-en-pierre-fort-potentiel-domagne
DOMAGNE,Domagne - a vendre - maison de campagne,https://www.etreproprio.com/immobilier-23005524-vente-domagne-a-vendre-maison-de-campagne-domagne
DOMAGNE,Maison domagne 3 pièce(s) 66 m2,https://www.etreproprio.com/immobilier-22998152-vente-maison-domagne-3-pieces-66-m2-domagne
DOMAGNE,Maison bourgeoise proche de chateaubourg,https://www.etreproprio.com/immobilier-22234192-vente-maison-bourgeoise-proche-de-chateaubourg-domagne
DOMAGNE,Maison 93m² à domagne,https://www.etreproprio.com/immobilier-20676452-vente-maison-93m-a-domagne-domagne
DOMAGNE,Vente maison domagne(35113) 260 000ï¿œ,https://www.etreproprio.com/immobilier-22861275-vente-vente-maison-domagne35113-260-000i-oe-domagne
DOMAGNE,Maison centre domagné,https://www.etreproprio.com/immobilier-22815575-vente-maison-centre-domagne-domagne
DOL-DE-BRETAGNE,Maison rénovée proche dol de bretagne,https://www.etreproprio.com/immobilier-18693651-vente-maison-renovee-proche-dol-de-bretagne-dol-de-bretagne
DOL-DE-BRETAGNE,Maison a la campagne - 75 m2 -la boussac - 35120,https://www.etreproprio.com/immobilier-23644301-vente-maison-a-la-campagne-75-m2-la-boussac-35120-dol-de-bretagne
DOL-DE-BRETAGNE,Dol-de-bretagne - maison traditionnelle,https://www.etreproprio.com/immobilier-23626431-vente-dol-de-bretagne-maison-traditionnelle-dol-de-bretagne
DOL-DE-BRETAGNE,Dol de bretagne,https://www.etreproprio.com/immobilier-21227112-vente-dol-de-bretagne-dol-de-bretagne
DOL-DE-BRETAGNE,Maison neuve dol de bretagne,https://www.etreproprio.com/immobilier-23324809-vente-maison-neuve-dol-de-bretagne-dol-de-bretagne
DOL-DE-BRETAGNE,Maison contemporaine - 98 m2- dol de bretagne 35120,https://www.etreproprio.com/immobilier-23573104-vente-maison-contemporaine-98-m2-dol-de-bretagne-35120-dol-de-bretagne
DOL-DE-BRETAGNE,Maison de plain pied dans un cadre bucolique - mont dol - 35120,https://www.etreproprio.com/immobilier-23551673-vente-maison-de-plain-pied-dans-un-cadre-bucolique-mont-dol-35120-dol-de-bretagne
DOL-DE-BRETAGNE,Maison 240m² à dol-de-bretagne,https://www.etreproprio.com/immobilier-23434448-vente-maison-240m-a-dol-de-bretagne-dol-de-bretagne
DOL-DE-BRETAGNE,Dol-de-bretagne,https://www.etreproprio.com/immobilier-23519730-vente-dol-de-bretagne-dol-de-bretagne
DOL-DE-BRETAGNE,Maison 541m² à dol-de-bretagne,https://www.etreproprio.com/immobilier-23502958-vente-maison-541m-a-dol-de-bretagne-dol-de-bretagne
DOL-DE-BRETAGNE,Dol de bretagne,https://www.etreproprio.com/immobilier-23038024-vente-dol-de-bretagne-dol-de-bretagne
DOL-DE-BRETAGNE,Maison 95m² à dol-de-bretagne,https://www.etreproprio.com/immobilier-23490451-vente-maison-95m-a-dol-de-bretagne-dol-de-bretagne
DOL-DE-BRETAGNE,Baisse de prix ! immeuble dol de bretagne,https://www.etreproprio.com/immobilier-20062079-vente-baisse-de-prix-immeuble-dol-de-bretagne-dol-de-bretagne
DOL-DE-BRETAGNE,Maison dol de bretagne 5 pièce(s) 110 m2,https://www.etreproprio.com/immobilier-22146169-vente-maison-dol-de-bretagne-5-pieces-110-m2-dol-de-bretagne
DOL-DE-BRETAGNE,Longère de charme à 5 mn du golf des ormes,https://www.etreproprio.com/immobilier-22313696-vente-longere-de-charme-a-5-mn-du-golf-des-ormes-dol-de-bretagne
DOL-DE-BRETAGNE,Maison 100m² à dol-de-bretagne,https://www.etreproprio.com/immobilier-22252104-vente-maison-100m-a-dol-de-bretagne-dol-de-bretagne
DOL-DE-BRETAGNE,Maison de plain-pied à 1200 m de tous commerces,https://www.etreproprio.com/immobilier-22582141-vente-maison-de-plain-pied-a-1200-m-de-tous-commerces-dol-de-bretagne
DOL-DE-BRETAGNE,Maison 107m² à dol-de-bretagne,https://www.etreproprio.com/immobilier-23398623-vente-maison-107m-a-dol-de-bretagne-dol-de-bretagne
DOL-DE-BRETAGNE,Maison 428m² à dol-de-bretagne,https://www.etreproprio.com/immobilier-22686382-vente-maison-428m-a-dol-de-bretagne-dol-de-bretagne
DOL-DE-BRETAGNE,Maison 110m² à dol-de-bretagne,https://www.etreproprio.com/immobilier-23304473-vente-maison-110m-a-dol-de-bretagne-dol-de-bretagne
DINARD,Maison de ville,https://www.etreproprio.com/immobilier-23310597-vente-maison-de-ville-dinard
DINARD,Maison en pierres,https://www.etreproprio.com/immobilier-23310598-vente-maison-en-pierres-dinard
DINARD,Maison 108m² à dinard,https://www.etreproprio.com/immobilier-23310574-vente-maison-108m-a-dinard-dinard
DINARD,Maison dinard 6 pièce(s) 116 m2 et 134 m² au sol,https://www.etreproprio.com/immobilier-20389340-vente-maison-dinard-6-pieces-116-m2-et-134-m-au-sol-dinard
DINARD,"Maison 186 m² située dans un quartier résidentiel, proche plage et commerces",https://www.etreproprio.com/immobilier-23269303-vente-maison-186-m-situee-dans-un-quartier-residentiel-proche-plage-et-commerces-dinard
DINARD,Maison 125m² à dinard,https://www.etreproprio.com/immobilier-22753693-vente-maison-125m-a-dinard-dinard
DINARD,"Maison non mitoyenne, 4 chambres, garage, jardin",https://www.etreproprio.com/immobilier-23262569-vente-maison-non-mitoyenne-4-chambres-garage-jardin-dinard
DINARD,Maison 84m² à dinard,https://www.etreproprio.com/immobilier-23241415-vente-maison-84m-a-dinard-dinard
DINARD,Maison dinard,https://www.etreproprio.com/immobilier-23217673-vente-maison-dinard-dinard
DINARD,Maison familiale dinard proche des plages - 6 pièces 127 m2,https://www.etreproprio.com/immobilier-23202275-vente-maison-familiale-dinard-proche-des-plages-6-pieces-127-m2-dinard
DINARD,Maison à vendre 6 pièces dinard (35),https://www.etreproprio.com/immobilier-23202988-vente-maison-a-vendre-6-pieces-dinard-35-dinard
DINARD,Maison dinard proche du bourg de saint enogat,https://www.etreproprio.com/immobilier-23202869-vente-maison-dinard-proche-du-bourg-de-saint-enogat-dinard
DINARD,Maison 239m² à dinard,https://www.etreproprio.com/immobilier-22251402-vente-maison-239m-a-dinard-dinard
DINARD,Maison dinard 125 m2 à deux pas de la plage,https://www.etreproprio.com/immobilier-22416220-vente-maison-dinard-125-m2-a-deux-pas-de-la-plage-dinard
DINARD,Maison 171m² à dinard,https://www.etreproprio.com/immobilier-23185877-vente-maison-171m-a-dinard-dinard
DINARD,Maison 75m² à dinard,https://www.etreproprio.com/immobilier-23185662-vente-maison-75m-a-dinard-dinard
DINARD,"Maison 116 m2 hab env, 6 pièces..",https://www.etreproprio.com/immobilier-21279096-vente-maison-116-m2-hab-env-6-pieces-dinard
DINARD,Maison dinard 6 pièce(s) 118 m2 - place du marché,https://www.etreproprio.com/immobilier-22208708-vente-maison-dinard-6-pieces-118-m2-place-du-marche-dinard
DINARD,"Dinard, le prieuré, villa de caractère de 270m² , chambre en suite au rdc sur son parc clos arboré de 3000m². garages",https://www.etreproprio.com/immobilier-23158010-vente-dinard-le-prieure-villa-de-caractere-de-270m-chambre-en-suite-au-rdc-sur-son-parc-clos-arbore-de-3000m-garages-dinard
DINARD,Maison dinard 7 pièce(s) 165 m2 - 5 chambres,https://www.etreproprio.com/immobilier-23142805-vente-maison-dinard-7-pieces-165-m2-5-chambres-dinard
DOL-DE-BRETAGNE,"Propriété à vendre dol de bretagne 12 pièces, 12289m² terrain",https://www.etreproprio.com/immobilier-23291013-vente-propriete-a-vendre-dol-de-bretagne-12-pieces-12289m-terrain-dol-de-bretagne
DOL-DE-BRETAGNE,Maison 219m² à dol-de-bretagne,https://www.etreproprio.com/immobilier-23266452-vente-maison-219m-a-dol-de-bretagne-dol-de-bretagne
DOL-DE-BRETAGNE,Belle demeure centre dol-de-bretagne,https://www.etreproprio.com/immobilier-23261431-vente-belle-demeure-centre-dol-de-bretagne-dol-de-bretagne
DOL-DE-BRETAGNE,Demeure de prestige (35),https://www.etreproprio.com/immobilier-23225291-vente-demeure-de-prestige-35-dol-de-bretagne
DOL-DE-BRETAGNE,Maison 187m² à dol-de-bretagne,https://www.etreproprio.com/immobilier-22031038-vente-maison-187m-a-dol-de-bretagne-dol-de-bretagne
DOL-DE-BRETAGNE,Belle demeure centre dol-de-bretagne,https://www.etreproprio.com/immobilier-23192429-vente-belle-demeure-centre-dol-de-bretagne-dol-de-bretagne
DOL-DE-BRETAGNE,Epiniac - maison en pierres,https://www.etreproprio.com/immobilier-21342528-vente-epiniac-maison-en-pierres-dol-de-bretagne
DOL-DE-BRETAGNE,Maison 93m² à dol-de-bretagne,https://www.etreproprio.com/immobilier-23154738-vente-maison-93m-a-dol-de-bretagne-dol-de-bretagne
DOL-DE-BRETAGNE,Maison 358m² à dol-de-bretagne,https://www.etreproprio.com/immobilier-23135961-vente-maison-358m-a-dol-de-bretagne-dol-de-bretagne
DOL-DE-BRETAGNE,Maison 90m² à dol-de-bretagne,https://www.etreproprio.com/immobilier-21683093-vente-maison-90m-a-dol-de-bretagne-dol-de-bretagne
DOL-DE-BRETAGNE,Ille-et-vilaine 35120 saint broladre - belle maison familiale  4 chambres de 140m2  sur un terrain constructible de 5137 m2,https://www.etreproprio.com/immobilier-23128099-vente-ille-et-vilaine-35120-saint-broladre-belle-maison-familiale-4-chambres-de-140m2-sur-un-terrain-constructible-de-5137-m2-dol-de-bretagne
DOL-DE-BRETAGNE,Maison 118m² à dol-de-bretagne,https://www.etreproprio.com/immobilier-23058325-vente-maison-118m-a-dol-de-bretagne-dol-de-bretagne
DOL-DE-BRETAGNE,Dol de bretagne,https://www.etreproprio.com/immobilier-21283908-vente-dol-de-bretagne-dol-de-bretagne
DOL-DE-BRETAGNE,Maison 211m² à dol-de-bretagne,https://www.etreproprio.com/immobilier-22992128-vente-maison-211m-a-dol-de-bretagne-dol-de-bretagne
DOL-DE-BRETAGNE,Maison 293m² à dol-de-bretagne,https://www.etreproprio.com/immobilier-22973380-vente-maison-293m-a-dol-de-bretagne-dol-de-bretagne
DOL-DE-BRETAGNE,Maison 313m² à dol-de-bretagne,https://www.etreproprio.com/immobilier-22919965-vente-maison-313m-a-dol-de-bretagne-dol-de-bretagne
DOL-DE-BRETAGNE,Dol de bretagne,https://www.etreproprio.com/immobilier-22723275-vente-dol-de-bretagne-dol-de-bretagne
DOL-DE-BRETAGNE,Dol de bretagne - exclusivite,https://www.etreproprio.com/immobilier-22386893-vente-dol-de-bretagne-exclusivite-dol-de-bretagne
DOL-DE-BRETAGNE,Maison dol de bretagne  en pierres 6 chambres 242.78 m2,https://www.etreproprio.com/immobilier-22619673-vente-maison-dol-de-bretagne-en-pierres-6-chambres-24278-m2-dol-de-bretagne
DOL-DE-BRETAGNE,Propriété 7 pièce(s) 186.77 m2,https://www.etreproprio.com/immobilier-22566555-vente-propriete-7-pieces-18677-m2-dol-de-bretagne
DOMALAIN,Belle maison familiale à vendre – domalain,https://www.etreproprio.com/immobilier-23726475-vente-belle-maison-familiale-a-vendre-domalain-domalain
DOMALAIN,Maison de plain-pied à vendre sur la commune de domalain,https://www.etreproprio.com/immobilier-23718249-vente-maison-de-plain-pied-a-vendre-sur-la-commune-de-domalain-domalain
DOMALAIN,Maison 105 m²- 4 chambres - 977 ² terrain- impasse- 239500 euros hai- domalain 35680,https://www.etreproprio.com/immobilier-23586291-vente-maison-105-m-4-chambres-977-terrain-impasse-239500-euros-hai-domalain-35680-domalain
DOMALAIN,Maison spacieuse et lumineuse-180 m² - 4 chambres- piscine- domalain 35680-349 990 euros,https://www.etreproprio.com/immobilier-23438622-vente-maison-spacieuse-et-lumineuse-180-m-4-chambres-piscine-domalain-35680-349-990-euros-domalain
DOMALAIN,Maison 147m² à domalain,https://www.etreproprio.com/immobilier-22526363-vente-maison-147m-a-domalain-domalain
DOMALAIN,Maison basse consommation- 4 chambres - 128 m2 - tout faire a pied- 278 000 euros,https://www.etreproprio.com/immobilier-22964491-vente-maison-basse-consommation-4-chambres-128-m2-tout-faire-a-pied-278-000-euros-domalain
DOMALAIN,Longère et corps de ferme a rafraichir  en campagne,https://www.etreproprio.com/immobilier-20974825-vente-longere-et-corps-de-ferme-a-rafraichir-en-campagne-domalain
DOMALAIN,Une longère pleine de charme à découvrir,https://www.etreproprio.com/immobilier-22057516-vente-une-longere-pleine-de-charme-a-decouvrir-domalain
DOMALAIN,Vente maison domalain(35680) 388 500ï¿œ,https://www.etreproprio.com/immobilier-21666800-vente-vente-maison-domalain35680-388-500i-oe-domalain
DOMALAIN,Maison 50m² à domalain,https://www.etreproprio.com/immobilier-19460291-vente-maison-50m-a-domalain-domalain
DINARD,Maison 70m² à dinard,https://www.etreproprio.com/immobilier-23135959-vente-maison-70m-a-dinard-dinard
DINARD,Maison 127m² à dinard,https://www.etreproprio.com/immobilier-23135958-vente-maison-127m-a-dinard-dinard
DINARD,Maison 108m² à dinard,https://www.etreproprio.com/immobilier-23128594-vente-maison-108m-a-dinard-dinard
DINARD,Maison familiale à 1 km de la plage et des commerces.,https://www.etreproprio.com/immobilier-22435715-vente-maison-familiale-a-1-km-de-la-plage-et-des-commerces-dinard
DINARD,Maison 5 chambres et terrain constructible/divisible,https://www.etreproprio.com/immobilier-23087534-vente-maison-5-chambres-et-terrain-constructibledivisible-dinard
DINARD,Dinard: maison de 89m² avec garage sur jardin clos de 353m². 4 chambres. plages et commerces à 15 minutes à pied,https://www.etreproprio.com/immobilier-22162410-vente-dinard-maison-de-89m-avec-garage-sur-jardin-clos-de-353m-4-chambres-plages-et-commerces-a-15-minutes-a-pied-dinard
DINARD,Maison 88m² à dinard,https://www.etreproprio.com/immobilier-22144951-vente-maison-88m-a-dinard-dinard
DINARD,Maison 105m² à dinard,https://www.etreproprio.com/immobilier-22984856-vente-maison-105m-a-dinard-dinard
DINARD,Charmante maison avec jardin 5 chambres et dépendance à vendre à dinard,https://www.etreproprio.com/immobilier-22972038-vente-charmante-maison-avec-jardin-5-chambres-et-dependance-a-vendre-a-dinard-dinard
DINARD,Maison en parfait état dinard la vicomté,https://www.etreproprio.com/immobilier-22951804-vente-maison-en-parfait-etat-dinard-la-vicomte-dinard
DINARD,Maison 123m² à dinard,https://www.etreproprio.com/immobilier-21926942-vente-maison-123m-a-dinard-dinard
DINARD,Maison 150m² à dinard,https://www.etreproprio.com/immobilier-22195206-vente-maison-150m-a-dinard-dinard
DINARD,Maison 153m² à dinard,https://www.etreproprio.com/immobilier-22671591-vente-maison-153m-a-dinard-dinard
DINARD,Dinard propriete de caractère de 163 m2,https://www.etreproprio.com/immobilier-22143806-vente-dinard-propriete-de-caractere-de-163-m2-dinard
DINARD,Maison 159m² à dinard,https://www.etreproprio.com/immobilier-21688404-vente-maison-159m-a-dinard-dinard
DINARD,Maison dinard 5 pièces 120 m² 4 chambres 547 m² de terrain,https://www.etreproprio.com/immobilier-22514716-vente-maison-dinard-5-pieces-120-m-4-chambres-547-m-de-terrain-dinard
DINARD,Maison 84m² à dinard,https://www.etreproprio.com/immobilier-22486442-vente-maison-84m-a-dinard-dinard
DINARD,Maison dinard 5 pièce(s),https://www.etreproprio.com/immobilier-22397754-vente-maison-dinard-5-pieces-dinard
DINARD,Maison 140m² à dinard,https://www.etreproprio.com/immobilier-22390541-vente-maison-140m-a-dinard-dinard
DINARD,Dinard résidentiel : maison de charme posée sur son magnifique jardin en pente douce,https://www.etreproprio.com/immobilier-22358109-vente-dinard-residentiel-maison-de-charme-posee-sur-son-magnifique-jardin-en-pente-douce-dinard
DOL-DE-BRETAGNE,"Maison bourgeoise à vendre dol de bretagne 7 pièce(s) 153.65 m², terrain de 763m² , double garage.",https://www.etreproprio.com/immobilier-22175411-vente-maison-bourgeoise-a-vendre-dol-de-bretagne-7-pieces-15365-m-terrain-de-763m-double-garage-dol-de-bretagne
DOL-DE-BRETAGNE,A 10 minutes de dol de bretagne,https://www.etreproprio.com/immobilier-19236936-vente-a-10-minutes-de-dol-de-bretagne-dol-de-bretagne
DOL-DE-BRETAGNE,Dol-de-bretagne - maison de ville avec piscine,https://www.etreproprio.com/immobilier-22397485-vente-dol-de-bretagne-maison-de-ville-avec-piscine-dol-de-bretagne
DOL-DE-BRETAGNE,Dol de bretagne,https://www.etreproprio.com/immobilier-22157320-vente-dol-de-bretagne-dol-de-bretagne
DOL-DE-BRETAGNE,Maison 91m² à dol-de-bretagne,https://www.etreproprio.com/immobilier-22060158-vente-maison-91m-a-dol-de-bretagne-dol-de-bretagne
DOL-DE-BRETAGNE,Ille-et-vilaine 35 -proche de saint malo  maison  4 chambres 232 m2,https://www.etreproprio.com/immobilier-21963939-vente-ille-et-vilaine-35-proche-de-saint-malo-maison-4-chambres-232-m2-dol-de-bretagne
DOL-DE-BRETAGNE,Maison 94m² à dol-de-bretagne,https://www.etreproprio.com/immobilier-21302039-vente-maison-94m-a-dol-de-bretagne-dol-de-bretagne
DOL-DE-BRETAGNE,Maison 526m² à dol-de-bretagne,https://www.etreproprio.com/immobilier-16704567-vente-maison-526m-a-dol-de-bretagne-dol-de-bretagne
DINARD,Maison 124m² à dinard,https://www.etreproprio.com/immobilier-22359880-vente-maison-124m-a-dinard-dinard
DINARD,Maison 101m² à dinard,https://www.etreproprio.com/immobilier-22354211-vente-maison-101m-a-dinard-dinard
DINARD,Maison 100m² à dinard,https://www.etreproprio.com/immobilier-21515252-vente-maison-100m-a-dinard-dinard
DINARD,Maison 101m² à dinard,https://www.etreproprio.com/immobilier-22327072-vente-maison-101m-a-dinard-dinard
DINARD,Maison 93m² à dinard,https://www.etreproprio.com/immobilier-22276359-vente-maison-93m-a-dinard-dinard
DINARD,Maison 158m² à dinard,https://www.etreproprio.com/immobilier-22218211-vente-maison-158m-a-dinard-dinard
DINARD,Dinard belle villa de 147 m²,https://www.etreproprio.com/immobilier-22058725-vente-dinard-belle-villa-de-147-m-dinard
DINARD,Dinard maison renovee 128 m²,https://www.etreproprio.com/immobilier-21958885-vente-dinard-maison-renovee-128-m-dinard
DINARD,Maison 92m² à dinard,https://www.etreproprio.com/immobilier-21913743-vente-maison-92m-a-dinard-dinard
DINARD,Prieuré dinard maison avec jardin à vendre proche plage,https://www.etreproprio.com/immobilier-21873313-vente-prieure-dinard-maison-avec-jardin-a-vendre-proche-plage-dinard
DINARD,Maison dinard 5 pièces,https://www.etreproprio.com/immobilier-21832281-vente-maison-dinard-5-pieces-dinard
DINARD,"Maison 128 m2 env. avec garage, dinard st enogat",https://www.etreproprio.com/immobilier-21663647-vente-maison-128-m2-env-avec-garage-dinard-st-enogat-dinard
DINARD,En vente à dinard maison de pêcheur à rénover 2 chambres,https://www.etreproprio.com/immobilier-21633413-vente-en-vente-a-dinard-maison-de-pecheur-a-renover-2-chambres-dinard
DINARD,Maison 81m² à dinard,https://www.etreproprio.com/immobilier-21603980-vente-maison-81m-a-dinard-dinard
DINARD,Maison 165m² à dinard,https://www.etreproprio.com/immobilier-21603981-vente-maison-165m-a-dinard-dinard
DINARD,Maison dinard 4 pièces 70 m2,https://www.etreproprio.com/immobilier-21613636-vente-maison-dinard-4-pieces-70-m2-dinard
DINARD,Maison 40m² à dinard,https://www.etreproprio.com/immobilier-20905751-vente-maison-40m-a-dinard-dinard
DINARD,Maison  4 pièce(s) 109.69 m2,https://www.etreproprio.com/immobilier-21316944-vente-maison-4-pieces-10969-m2-dinard
DINARD,Maison 189m² à dinard,https://www.etreproprio.com/immobilier-20349127-vente-maison-189m-a-dinard-dinard
DINARD,Maison dinard 7 pièce(s),https://www.etreproprio.com/immobilier-20286460-vente-maison-dinard-7-pieces-dinard
LA DOMINELAIS,Maison à rénover de plain-pied 116m2 - grand terrain avec étang,https://www.etreproprio.com/immobilier-23837741-vente-maison-a-renover-de-plain-pied-116m2-grand-terrain-avec-etang-la-dominelais
LA DOMINELAIS,Maison 191m² à la dominelais,https://www.etreproprio.com/immobilier-23700087-vente-maison-191m-a-la-dominelais-la-dominelais
LA DOMINELAIS,Maison 129m² à la dominelais,https://www.etreproprio.com/immobilier-22595467-vente-maison-129m-a-la-dominelais-la-dominelais
LA DOMINELAIS,Corps de ferme à rénover 160m² au sol - 2700m² de terrain - la dominelais,https://www.etreproprio.com/immobilier-21192319-vente-corps-de-ferme-a-renover-160m-au-sol-2700m-de-terrain-la-dominelais-la-dominelais
DINARD,Maison 118m² à dinard,https://www.etreproprio.com/immobilier-19712369-vente-maison-118m-a-dinard-dinard
DINARD,Maison dinard hyper centre 4 chambres 135 m² terrasse orientée au sud,https://www.etreproprio.com/immobilier-19359765-vente-maison-dinard-hyper-centre-4-chambres-135-m-terrasse-orientee-au-sud-dinard
DINARD,Maison dinard,https://www.etreproprio.com/immobilier-17944082-vente-maison-dinard-dinard
DINARD,Maison d'architecte dinard,https://www.etreproprio.com/immobilier-17709085-vente-maison-d-architecte-dinard-dinard
DOMLOUP,Maison 160m² à domloup,https://www.etreproprio.com/immobilier-23883450-vente-maison-160m-a-domloup-domloup
DOMLOUP,Maison domloup 6 pièce(s) 121.59 m2,https://www.etreproprio.com/immobilier-23500709-vente-maison-domloup-6-pieces-12159-m2-domloup
DOMLOUP,Maison contemporaine de 2022 de 122 m2 habitables sur 426 m2 de terrain,https://www.etreproprio.com/immobilier-23866726-vente-maison-contemporaine-de-2022-de-122-m2-habitables-sur-426-m2-de-terrain-domloup
DOMLOUP,Maison 89m² à domloup,https://www.etreproprio.com/immobilier-23853312-vente-maison-89m-a-domloup-domloup
DOMLOUP,Maison - récente - 4 chambres - domloup,https://www.etreproprio.com/immobilier-23819225-vente-maison-recente-4-chambres-domloup-domloup
DOMLOUP,Longère 140 m² habitables avec potentiel de surface à aménager exceptionnel,https://www.etreproprio.com/immobilier-23782384-vente-longere-140-m-habitables-avec-potentiel-de-surface-a-amenager-exceptionnel-domloup
DOMLOUP,Maison domloup 5 pièce(s) 114.18 m² a vendre,https://www.etreproprio.com/immobilier-23755356-vente-maison-domloup-5-pieces-11418-m-a-vendre-domloup
DOMLOUP,Domloup maison 6 pièces 97 m2 avec jardin de 430 m²,https://www.etreproprio.com/immobilier-23755364-vente-domloup-maison-6-pieces-97-m2-avec-jardin-de-430-m-domloup
DOMLOUP,Maison domloup 9 pièces 118.8 m²,https://www.etreproprio.com/immobilier-23755345-vente-maison-domloup-9-pieces-1188-m-domloup
DOMLOUP,Maison - domloup,https://www.etreproprio.com/immobilier-23745713-vente-maison-domloup-domloup
DOMLOUP,Maison domloup 6 pièce(s) 130 m2,https://www.etreproprio.com/immobilier-23164390-vente-maison-domloup-6-pieces-130-m2-domloup
DOMLOUP,Maison de 141 m2 avec garage et jardin,https://www.etreproprio.com/immobilier-23718426-vente-maison-de-141-m2-avec-garage-et-jardin-domloup
DOMLOUP,Maison domloup 5 pièce(s) 129.42 m2,https://www.etreproprio.com/immobilier-23710698-vente-maison-domloup-5-pieces-12942-m2-domloup
DOMLOUP,Maison 122m² à domloup,https://www.etreproprio.com/immobilier-23640504-vente-maison-122m-a-domloup-domloup
DOMLOUP,Domloup - magnifique longère rénovée de 270m²,https://www.etreproprio.com/immobilier-23631358-vente-domloup-magnifique-longere-renovee-de-270m-domloup
DOMLOUP,Domloup - métairie et ses dépendances à quelques km de cesson,https://www.etreproprio.com/immobilier-23631355-vente-domloup-metairie-et-ses-dependances-a-quelques-km-de-cesson-domloup
DOMLOUP,Maison - domloup,https://www.etreproprio.com/immobilier-23524308-vente-maison-domloup-domloup
DOMLOUP,Maison 62m² à domloup,https://www.etreproprio.com/immobilier-23460744-vente-maison-62m-a-domloup-domloup
DOMLOUP,Maison 134m² à domloup,https://www.etreproprio.com/immobilier-23452086-vente-maison-134m-a-domloup-domloup
DOMLOUP,Maison 98m² à domloup,https://www.etreproprio.com/immobilier-23402289-vente-maison-98m-a-domloup-domloup
DOURDAIN,Maison 128m² à dourdain,https://www.etreproprio.com/immobilier-23897524-vente-maison-128m-a-dourdain-dourdain
DOURDAIN,Maison 103m² à dourdain,https://www.etreproprio.com/immobilier-23605390-vente-maison-103m-a-dourdain-dourdain
DOURDAIN,Maison dourdain,https://www.etreproprio.com/immobilier-23502180-vente-maison-dourdain-dourdain
DROUGES,Maison sur sous sol située en campagne,https://www.etreproprio.com/immobilier-23907068-vente-maison-sur-sous-sol-situee-en-campagne-drouges
DROUGES,Maison 164m² à drouges,https://www.etreproprio.com/immobilier-23831211-vente-maison-164m-a-drouges-drouges
DROUGES,"Entre rennes et laval, très belle propriété de 372 m2 sur 5200 m2 de terrain",https://www.etreproprio.com/immobilier-23394859-vente-entre-rennes-et-laval-tres-belle-propriete-de-372-m2-sur-5200-m2-de-terrain-drouges
DROUGES,Maison 67m² à drouges,https://www.etreproprio.com/immobilier-22052586-vente-maison-67m-a-drouges-drouges
DOMLOUP,Maison domloup 6 pièce(s) 149.10 m2,https://www.etreproprio.com/immobilier-23328606-vente-maison-domloup-6-pieces-14910-m2-domloup
DOMLOUP,Maison 109m² à domloup,https://www.etreproprio.com/immobilier-22586030-vente-maison-109m-a-domloup-domloup
DOMLOUP,Maison 97m² à domloup,https://www.etreproprio.com/immobilier-22480879-vente-maison-97m-a-domloup-domloup
DOMLOUP,Maison de type 5 avec 4 chambres et garage sur 200 m2 de terrain,https://www.etreproprio.com/immobilier-23045022-vente-maison-de-type-5-avec-4-chambres-et-garage-sur-200-m2-de-terrain-domloup
DOMLOUP,A venddre - domloup 35410 - longère rénovée - 261 m² habitables  et 329 m² au sol- terrain de 10 700 m² - piscine chauffée - pre,https://www.etreproprio.com/immobilier-22904592-vente-a-venddre-domloup-35410-longere-renovee-261-m-habitables-et-329-m-au-sol-terrain-de-10-700-m-piscine-chauffee-pre-domloup
DOMLOUP,"Maison de 149 m2 avec 4 chambres, bureau, buanderie, garage, dépendance de 40 m2 et jardin",https://www.etreproprio.com/immobilier-22583808-vente-maison-de-149-m2-avec-4-chambres-bureau-buanderie-garage-dependance-de-40-m2-et-jardin-domloup
DOMLOUP,Maison domloup 6 pièce(s) 246 m2,https://www.etreproprio.com/immobilier-22680724-vente-maison-domloup-6-pieces-246-m2-domloup
DOMLOUP,Maison 130m² à domloup,https://www.etreproprio.com/immobilier-22638037-vente-maison-130m-a-domloup-domloup
EANCE,Maison 184m² à eance,https://www.etreproprio.com/immobilier-23337231-vente-maison-184m-a-eance-eance
EANCE,Vente maison eance(35640) 59 785ï¿œ,https://www.etreproprio.com/immobilier-19323242-vente-vente-maison-eance35640-59-785i-oe-eance
EANCE,Vente maison eance(35640) 89 580ï¿œ,https://www.etreproprio.com/immobilier-19054540-vente-vente-maison-eance35640-89-580i-oe-eance
EPINIAC,Maison 60m² à epiniac,https://www.etreproprio.com/immobilier-23885034-vente-maison-60m-a-epiniac-epiniac
EPINIAC,Maison 126m² à epiniac,https://www.etreproprio.com/immobilier-23885033-vente-maison-126m-a-epiniac-epiniac
EPINIAC,Maison avec jardin epiniac à vendre,https://www.etreproprio.com/immobilier-23861944-vente-maison-avec-jardin-epiniac-a-vendre-epiniac
EPINIAC,Epiniac - maison de ville en pierres,https://www.etreproprio.com/immobilier-23151951-vente-epiniac-maison-de-ville-en-pierres-epiniac
EPINIAC,Maison avec jardin epiniac à vendre,https://www.etreproprio.com/immobilier-23822169-vente-maison-avec-jardin-epiniac-a-vendre-epiniac
EPINIAC,Maison 156m² à epiniac,https://www.etreproprio.com/immobilier-23780315-vente-maison-156m-a-epiniac-epiniac
EPINIAC,Maison 80m² à epiniac,https://www.etreproprio.com/immobilier-23746448-vente-maison-80m-a-epiniac-epiniac
EPINIAC,Maison 80m² à epiniac,https://www.etreproprio.com/immobilier-23746449-vente-maison-80m-a-epiniac-epiniac
EPINIAC,Epiniac centre,https://www.etreproprio.com/immobilier-23584679-vente-epiniac-centre-epiniac
EPINIAC,Longère epiniac 3 pièce(s) 73 m2,https://www.etreproprio.com/immobilier-23383330-vente-longere-epiniac-3-pieces-73-m2-epiniac
EPINIAC,Epiniac - maison en pierres avec un gite et une roulotte,https://www.etreproprio.com/immobilier-23357094-vente-epiniac-maison-en-pierres-avec-un-gite-et-une-roulotte-epiniac
EPINIAC,Immeuble epiniac - 3 lots - 285m²,https://www.etreproprio.com/immobilier-23348702-vente-immeuble-epiniac-3-lots-285m-epiniac
EPINIAC,Ensemble immobilier à vendre - epiniac en baie du mont saint michel - bretagne,https://www.etreproprio.com/immobilier-22289033-vente-ensemble-immobilier-a-vendre-epiniac-en-baie-du-mont-saint-michel-bretagne-epiniac
EPINIAC,Centre bourg epiniac maison 3 pièce(s) 82 m2,https://www.etreproprio.com/immobilier-21584266-vente-centre-bourg-epiniac-maison-3-pieces-82-m2-epiniac
EPINIAC,Maison 155m² à epiniac,https://www.etreproprio.com/immobilier-23163723-vente-maison-155m-a-epiniac-epiniac
EPINIAC,Vous serez séduit par l'authenticité qu'apporte le charme de l'ancien avec pierres et poutres apparentes et cette rénovation réa,https://www.etreproprio.com/immobilier-23137431-vente-vous-serez-seduit-par-l-authenticite-qu-apporte-le-charme-de-l-ancien-avec-pierres-et-poutres-apparentes-et-cette-renovation-rea-epiniac
EPINIAC,Epiniac - maison sur sous sol avec potentiel,https://www.etreproprio.com/immobilier-21304021-vente-epiniac-maison-sur-sous-sol-avec-potentiel-epiniac
ERBREE,Maison erbree,https://www.etreproprio.com/immobilier-23804631-vente-maison-erbree-erbree
ERBREE,Erbree - a vendre - maison,https://www.etreproprio.com/immobilier-23068111-vente-erbree-a-vendre-maison-erbree
ERBREE,Maison 277m² à erbree,https://www.etreproprio.com/immobilier-23479206-vente-maison-277m-a-erbree-erbree
ERBREE,Maison 142m² à erbree,https://www.etreproprio.com/immobilier-22584544-vente-maison-142m-a-erbree-erbree
ERBREE,Maison 125m² à erbree,https://www.etreproprio.com/immobilier-23304454-vente-maison-125m-a-erbree-erbree
ERBREE,A vendre maison 5 pièces à erbree 125 m² - 240 000  hai,https://www.etreproprio.com/immobilier-21988540-vente-a-vendre-maison-5-pieces-a-erbree-125-m-240-000-hai-erbree
ERBREE,Maison erbree 4 pièce(s) 125 m2,https://www.etreproprio.com/immobilier-21523320-vente-maison-erbree-4-pieces-125-m2-erbree
ERBREE,A vendre longère en pierres à erbrée 125 m² - 87 000  hai,https://www.etreproprio.com/immobilier-13572997-vente-a-vendre-longere-en-pierres-a-erbree-125-m-87-000-hai-erbree
ERCE-EN-LAMEE,Orpi provost immobilier,https://www.etreproprio.com/immobilier-22640758-vente-orpi-provost-immobilier-erce-en-lamee
ERCE-EN-LAMEE,Maison 116m² à erce-en-lamee,https://www.etreproprio.com/immobilier-22916927-vente-maison-116m-a-erce-en-lamee-erce-en-lamee
ERCE-EN-LAMEE,Maison 167m² à erce-en-lamee,https://www.etreproprio.com/immobilier-22972857-vente-maison-167m-a-erce-en-lamee-erce-en-lamee
ERCE-PRES-LIFFRE,Maison 135m² à erce-pres-liffre,https://www.etreproprio.com/immobilier-23914533-vente-maison-135m-a-erce-pres-liffre-erce-pres-liffre
ERCE-PRES-LIFFRE,Maison 85m² à erce-pres-liffre,https://www.etreproprio.com/immobilier-23900817-vente-maison-85m-a-erce-pres-liffre-erce-pres-liffre
ERCE-PRES-LIFFRE,Maison 101m² à erce-pres-liffre,https://www.etreproprio.com/immobilier-23900818-vente-maison-101m-a-erce-pres-liffre-erce-pres-liffre
ERCE-PRES-LIFFRE,Liffre - maison d'architecte au coeur d'un parc paysager,https://www.etreproprio.com/immobilier-23891996-vente-liffre-maison-d-architecte-au-coeur-d-un-parc-paysager-erce-pres-liffre
ERCE-PRES-LIFFRE,Maison 95m² à erce-pres-liffre,https://www.etreproprio.com/immobilier-23888689-vente-maison-95m-a-erce-pres-liffre-erce-pres-liffre
ERCE-PRES-LIFFRE,Maison 136m² à erce-pres-liffre,https://www.etreproprio.com/immobilier-23838161-vente-maison-136m-a-erce-pres-liffre-erce-pres-liffre
ERCE-PRES-LIFFRE,Maison erce pres liffre 6 pièce(s) 1445 m2,https://www.etreproprio.com/immobilier-23778440-vente-maison-erce-pres-liffre-6-pieces-1445-m2-erce-pres-liffre
ERCE-PRES-LIFFRE,Maison 93m² à erce-pres-liffre,https://www.etreproprio.com/immobilier-23779787-vente-maison-93m-a-erce-pres-liffre-erce-pres-liffre
ERCE-PRES-LIFFRE,Liffre - maison de maître au coeur de son parc de 7ha,https://www.etreproprio.com/immobilier-23631364-vente-liffre-maison-de-maitre-au-coeur-de-son-parc-de-7ha-erce-pres-liffre
ERCE-PRES-LIFFRE,Maison familiale d'exception -154m² - ercé-près-liffré - 5 chambres,https://www.etreproprio.com/immobilier-22252650-vente-maison-familiale-d-exception-154m-erce-pres-liffre-5-chambres-erce-pres-liffre
ERCE-PRES-LIFFRE,Maison familiale 154m² à vendre ercé-près-liffré - 5 chambres - terrain 540m²,https://www.etreproprio.com/immobilier-22252428-vente-maison-familiale-154m-a-vendre-erce-pres-liffre-5-chambres-terrain-540m-erce-pres-liffre
ERCE-PRES-LIFFRE,Maison 160m² à erce-pres-liffre,https://www.etreproprio.com/immobilier-23589926-vente-maison-160m-a-erce-pres-liffre-erce-pres-liffre
ERCE-PRES-LIFFRE,Maison ercé-près-liffré,https://www.etreproprio.com/immobilier-22993162-vente-maison-erce-pres-liffre-erce-pres-liffre
ERCE-PRES-LIFFRE,Maison 244m² à erce-pres-liffre,https://www.etreproprio.com/immobilier-22984890-vente-maison-244m-a-erce-pres-liffre-erce-pres-liffre
ERCE-PRES-LIFFRE,Maison 120m² à erce-pres-liffre,https://www.etreproprio.com/immobilier-22708567-vente-maison-120m-a-erce-pres-liffre-erce-pres-liffre
ERCE-PRES-LIFFRE,Maison en pierres avec dépendances,https://www.etreproprio.com/immobilier-22657642-vente-maison-en-pierres-avec-dependances-erce-pres-liffre
ETRELLES,A vendre maison 6 pièces à etrelles  143 m² - 324 500  hai,https://www.etreproprio.com/immobilier-23841607-vente-a-vendre-maison-6-pieces-a-etrelles-143-m-324-500-hai-etrelles
ETRELLES,Maison 143m² à etrelles,https://www.etreproprio.com/immobilier-23838735-vente-maison-143m-a-etrelles-etrelles
ETRELLES,Maison etrelles de 147 m2 avec chambre et salle d'eau au rdc,https://www.etreproprio.com/immobilier-23834703-vente-maison-etrelles-de-147-m2-avec-chambre-et-salle-d-eau-au-rdc-etrelles
ETRELLES,Nouveaute etrelles - maison 4 chambres - double garage,https://www.etreproprio.com/immobilier-23834708-vente-nouveaute-etrelles-maison-4-chambres-double-garage-etrelles
ETRELLES,Maison - a vendre - etrelles,https://www.etreproprio.com/immobilier-23432445-vente-maison-a-vendre-etrelles-etrelles
ETRELLES,Maison contemporaine de plain-pied – cadre paisible proche de la guerche-de-bretagne,https://www.etreproprio.com/immobilier-23615449-vente-maison-contemporaine-de-plain-pied-cadre-paisible-proche-de-la-guerche-de-bretagne-etrelles
ETRELLES,Maison familiale lumineuse – 6 chambres,https://www.etreproprio.com/immobilier-23464632-vente-maison-familiale-lumineuse-6-chambres-etrelles
ETRELLES,Maison 228m² à etrelles,https://www.etreproprio.com/immobilier-23429812-vente-maison-228m-a-etrelles-etrelles
ETRELLES,Maison 81m² à etrelles,https://www.etreproprio.com/immobilier-23197760-vente-maison-81m-a-etrelles-etrelles
ETRELLES,Maison 228m² à etrelles,https://www.etreproprio.com/immobilier-23190858-vente-maison-228m-a-etrelles-etrelles
ETRELLES,Campagne etrelles a 5 kms de vitre - maison en pierres  a renover avec ses 4 dependances,https://www.etreproprio.com/immobilier-22269751-vente-campagne-etrelles-a-5-kms-de-vitre-maison-en-pierres-a-renover-avec-ses-4-dependances-etrelles
ETRELLES,Maison 125m² à étrelles,https://www.etreproprio.com/immobilier-20698026-vente-maison-125m-a-etrelles-etrelles
ETRELLES,A vendre maison 6 pièces à etrelles 124 m² - 251 200  hai,https://www.etreproprio.com/immobilier-20688712-vente-a-vendre-maison-6-pieces-a-etrelles-124-m-251-200-hai-etrelles
ETRELLES,Maison neuve - etrelles,https://www.etreproprio.com/immobilier-22868469-vente-maison-neuve-etrelles-etrelles
ETRELLES,Maison etrelles 4 pièce(s) 80 m2,https://www.etreproprio.com/immobilier-22642939-vente-maison-etrelles-4-pieces-80-m2-etrelles
ETRELLES,Maison 80m² à etrelles,https://www.etreproprio.com/immobilier-22155516-vente-maison-80m-a-etrelles-etrelles
FEINS,Maison avec jardin feins à vendre,https://www.etreproprio.com/immobilier-23903516-vente-maison-avec-jardin-feins-a-vendre-feins
FEINS,Maison feins 8 pièce(s) 147m2,https://www.etreproprio.com/immobilier-23327575-vente-maison-feins-8-pieces-147m2-feins
LE FERRE,Maison 245m² à le ferre,https://www.etreproprio.com/immobilier-23786033-vente-maison-245m-a-le-ferre-le-ferre
LE FERRE,"Magnifique manoir du 17ᵉ, 8 chambres, belles dépendances, implanté dans un superbe parc avec étang",https://www.etreproprio.com/immobilier-23011195-vente-magnifique-manoir-du-17-8-chambres-belles-dependances-implante-dans-un-superbe-parc-avec-etang-le-ferre
LE FERRE,A découvrir !,https://www.etreproprio.com/immobilier-21466084-vente-a-decouvrir-le-ferre
LE FERRE,Maison 5 pièces 165 m2,https://www.etreproprio.com/immobilier-19805271-vente-maison-5-pieces-165-m2-le-ferre
FORGES-LA-FORET,Maison 65m² à forges-la-foret,https://www.etreproprio.com/immobilier-23580188-vente-maison-65m-a-forges-la-foret-forges-la-foret
FOUGERES,Maison 240m² à fougeres,https://www.etreproprio.com/immobilier-23908091-vente-maison-240m-a-fougeres-fougeres
FOUGERES,Maison (appartement loft) située au coeur de fougeres 35300,https://www.etreproprio.com/immobilier-23897220-vente-maison-appartement-loft-situee-au-coeur-de-fougeres-35300-fougeres
FOUGERES,"Élégante maison de caractère – quartier montaubert, cadre verdoyant",https://www.etreproprio.com/immobilier-23897272-vente-elegante-maison-de-caractere-quartier-montaubert-cadre-verdoyant-fougeres
FOUGERES,Maison 125m² à fougeres,https://www.etreproprio.com/immobilier-23870523-vente-maison-125m-a-fougeres-fougeres
FOUGERES,Maison 4 chambres,https://www.etreproprio.com/immobilier-23877186-vente-maison-4-chambres-fougeres
FOUGERES,Maison 118m² à fougeres,https://www.etreproprio.com/immobilier-23863563-vente-maison-118m-a-fougeres-fougeres
FOUGERES,Maison 7 pièces 168 m2,https://www.etreproprio.com/immobilier-23838353-vente-maison-7-pieces-168-m2-fougeres
FOUGERES,Maison fougeres 4 pièce(s) 81 m2,https://www.etreproprio.com/immobilier-23829153-vente-maison-fougeres-4-pieces-81-m2-fougeres
FOUGERES,Maison de ville type 4,https://www.etreproprio.com/immobilier-23834707-vente-maison-de-ville-type-4-fougeres
FOUGERES,Maison 110m² à fougeres,https://www.etreproprio.com/immobilier-23826685-vente-maison-110m-a-fougeres-fougeres
FOUGERES,Belle maison en pierres - centre ville,https://www.etreproprio.com/immobilier-23824734-vente-belle-maison-en-pierres-centre-ville-fougeres
FOUGERES,Maison 175m² à fougeres,https://www.etreproprio.com/immobilier-23641155-vente-maison-175m-a-fougeres-fougeres
FOUGERES,Maison de ville 63m² 'idéal investisseur',https://www.etreproprio.com/immobilier-23252337-vente-maison-de-ville-63m-ideal-investisseur-fougeres
FOUGERES,"Maison contemporaine 110m², 3 chambres",https://www.etreproprio.com/immobilier-23793542-vente-maison-contemporaine-110m-3-chambres-fougeres
FOUGERES,Maison 152m² à fougeres,https://www.etreproprio.com/immobilier-23220474-vente-maison-152m-a-fougeres-fougeres
FOUGERES,Maison 152m² à fougeres,https://www.etreproprio.com/immobilier-23074523-vente-maison-152m-a-fougeres-fougeres
FOUGERES,"Maison de ville rénovée, surface de 152 m² sur un terrain de 193 m²-avec 5 chambres, cuisine a/e , grand salon expo sud avec che",https://www.etreproprio.com/immobilier-23770456-vente-maison-de-ville-renovee-surface-de-152-m-sur-un-terrain-de-193-m-avec-5-chambres-cuisine-ae-grand-salon-expo-sud-avec-che-fougeres
FOUGERES,Maison 103m² à fougeres,https://www.etreproprio.com/immobilier-23757548-vente-maison-103m-a-fougeres-fougeres
FOUGERES,Maison 87m² à fougeres,https://www.etreproprio.com/immobilier-22502910-vente-maison-87m-a-fougeres-fougeres
FOUGERES,Maison fougeres  5 pièce(s),https://www.etreproprio.com/immobilier-23740666-vente-maison-fougeres-5-pieces-fougeres
LA FRESNAIS,Maison 153m² à la fresnais,https://www.etreproprio.com/immobilier-22276038-vente-maison-153m-a-la-fresnais-la-fresnais
LA FRESNAIS,Maison 35111,https://www.etreproprio.com/immobilier-23906497-vente-maison-35111-la-fresnais
LA FRESNAIS,"La fresnais, demeure rénovée en pierres, grand terrain, dépendances et box à chevaux.",https://www.etreproprio.com/immobilier-23843061-vente-la-fresnais-demeure-renovee-en-pierres-grand-terrain-dependances-et-box-a-chevaux-la-fresnais
LA FRESNAIS,La fresnais,https://www.etreproprio.com/immobilier-23826528-vente-la-fresnais-la-fresnais
LA FRESNAIS,Maison 87m² à la fresnais,https://www.etreproprio.com/immobilier-22910558-vente-maison-87m-a-la-fresnais-la-fresnais
LA FRESNAIS,La fresnais - maison entièrement rénovée,https://www.etreproprio.com/immobilier-23784934-vente-la-fresnais-maison-entierement-renovee-la-fresnais
LA FRESNAIS,Maison 161m² à la fresnais,https://www.etreproprio.com/immobilier-23783367-vente-maison-161m-a-la-fresnais-la-fresnais
LA FRESNAIS,Maison individuelle rénovée avec grand hangar,https://www.etreproprio.com/immobilier-23202326-vente-maison-individuelle-renovee-avec-grand-hangar-la-fresnais
LA FRESNAIS,Maison 200m² à la fresnais,https://www.etreproprio.com/immobilier-21791658-vente-maison-200m-a-la-fresnais-la-fresnais
LA FRESNAIS,"Maison en pierre, tous commerces et gare à pied",https://www.etreproprio.com/immobilier-23673337-vente-maison-en-pierre-tous-commerces-et-gare-a-pied-la-fresnais
LA FRESNAIS,Maison de caractère,https://www.etreproprio.com/immobilier-23668002-vente-maison-de-caractere-la-fresnais
LA FRESNAIS,Maison 171m² à la fresnais,https://www.etreproprio.com/immobilier-23609825-vente-maison-171m-a-la-fresnais-la-fresnais
LA FRESNAIS,Maison de charme la fresnais,https://www.etreproprio.com/immobilier-23342682-vente-maison-de-charme-la-fresnais-la-fresnais
LA FRESNAIS,Maison 78m² à la fresnais,https://www.etreproprio.com/immobilier-22946568-vente-maison-78m-a-la-fresnais-la-fresnais
LA FRESNAIS,Maison à vendre  de 180m² à finir de rénover - la fresnais,https://www.etreproprio.com/immobilier-22918221-vente-maison-a-vendre-de-180m-a-finir-de-renover-la-fresnais-la-fresnais
LA FRESNAIS,Maison de 180m² à finir de rénover - la fresnais,https://www.etreproprio.com/immobilier-22870388-vente-maison-de-180m-a-finir-de-renover-la-fresnais-la-fresnais
LA FRESNAIS,Maison 170m² à la fresnais,https://www.etreproprio.com/immobilier-22690917-vente-maison-170m-a-la-fresnais-la-fresnais
LA FRESNAIS,Maison de caractere a proximite de saint-malo,https://www.etreproprio.com/immobilier-20111182-vente-maison-de-caractere-a-proximite-de-saint-malo-la-fresnais
LA FRESNAIS,"Maison à vendre la fresnais 8 pièce(s), 215m² hab., 5 chambres, 3254m² de terrain, 450m² dépendances.",https://www.etreproprio.com/immobilier-19293059-vente-maison-a-vendre-la-fresnais-8-pieces-215m-hab-5-chambres-3254m-de-terrain-450m-dependances-la-fresnais
LA FRESNAIS,Maison 177m² à la fresnais,https://www.etreproprio.com/immobilier-19844724-vente-maison-177m-a-la-fresnais-la-fresnais
GAEL,Maison 63m² à gael,https://www.etreproprio.com/immobilier-23882692-vente-maison-63m-a-gael-gael
GAEL,Maison 150m² à gael,https://www.etreproprio.com/immobilier-23843246-vente-maison-150m-a-gael-gael
GAEL,Maison 134m² à gael,https://www.etreproprio.com/immobilier-23643910-vente-maison-134m-a-gael-gael
GAEL,Maison 188m² à gael,https://www.etreproprio.com/immobilier-23603485-vente-maison-188m-a-gael-gael
GAEL,"Gael, proximité du bourg, maison élevée sur cave de 100m2 habiatable",https://www.etreproprio.com/immobilier-23573385-vente-gael-proximite-du-bourg-maison-elevee-sur-cave-de-100m2-habiatable-gael
GAEL,à vendre – domaine de caractère avec étangs et espaces événementiels – gaël (35),https://www.etreproprio.com/immobilier-23475336-vente-a-vendre-domaine-de-caractere-avec-etangs-et-espaces-evenementiels-gael-35-gael
GAEL,"À 30 minutes de rennes, et 15 minutes de ploërmel",https://www.etreproprio.com/immobilier-23262403-vente-a-30-minutes-de-rennes-et-15-minutes-de-ploermel-gael
GAEL,"Ensemble immobilier, 3 maisons  dont un gîte ,gael  268 m2 habitable au total.",https://www.etreproprio.com/immobilier-23250223-vente-ensemble-immobilier-3-maisons-dont-un-gite-gael-268-m2-habitable-au-total-gael
GAEL,Maison 88m² à gael,https://www.etreproprio.com/immobilier-22920439-vente-maison-88m-a-gael-gael
GAEL,Maison 230m² à gael,https://www.etreproprio.com/immobilier-23064224-vente-maison-230m-a-gael-gael
GAEL,Ensemble immobilier à gael 8 pièces 300 m²,https://www.etreproprio.com/immobilier-21988476-vente-ensemble-immobilier-a-gael-8-pieces-300-m-gael
GAEL,Maison gael 8 pièces 242 m²,https://www.etreproprio.com/immobilier-22285882-vente-maison-gael-8-pieces-242-m-gael
GAEL,Maison  8 pièce(s) 181 m2,https://www.etreproprio.com/immobilier-21165788-vente-maison-8-pieces-181-m2-gael
GAEL,Maison a gael 35290,https://www.etreproprio.com/immobilier-22134786-vente-maison-a-gael-35290-gael
GAEL,Maison 106m² à gael,https://www.etreproprio.com/immobilier-21971461-vente-maison-106m-a-gael-gael
GAEL,Maison gael 8 pièces 230 m²,https://www.etreproprio.com/immobilier-21928543-vente-maison-gael-8-pieces-230-m-gael
GAEL,Maison  5 pièce(s) 157 m2,https://www.etreproprio.com/immobilier-21374512-vente-maison-5-pieces-157-m2-gael
GAEL,Ancien presbytère avec jardin clos de 2343 m²,https://www.etreproprio.com/immobilier-19062351-vente-ancien-presbytere-avec-jardin-clos-de-2343-m-gael
FOUGERES,Maison 109m² à fougeres,https://www.etreproprio.com/immobilier-21677430-vente-maison-109m-a-fougeres-fougeres
FOUGERES,Maison 157m² à fougeres,https://www.etreproprio.com/immobilier-23718250-vente-maison-157m-a-fougeres-fougeres
FOUGERES,A vendre - maison fougères centre ville,https://www.etreproprio.com/immobilier-23720671-vente-a-vendre-maison-fougeres-centre-ville-fougeres
FOUGERES,Pavillon lumineux de 81 m2 à fougères bien exposé,https://www.etreproprio.com/immobilier-23726476-vente-pavillon-lumineux-de-81-m2-a-fougeres-bien-expose-fougeres
FOUGERES,Maison 87m² à fougeres,https://www.etreproprio.com/immobilier-23714423-vente-maison-87m-a-fougeres-fougeres
FOUGERES,Maison 175m² à fougeres,https://www.etreproprio.com/immobilier-23713769-vente-maison-175m-a-fougeres-fougeres
FOUGERES,Fougeres dans quartier calme,https://www.etreproprio.com/immobilier-23701932-vente-fougeres-dans-quartier-calme-fougeres
FOUGERES,Maison fougeres  5 pièce(s) 1 m2,https://www.etreproprio.com/immobilier-22937338-vente-maison-fougeres-5-pieces-1-m2-fougeres
FOUGERES,Maison 500m² à fougeres,https://www.etreproprio.com/immobilier-23693735-vente-maison-500m-a-fougeres-fougeres
FOUGERES,Maison mitoyenne exposée plein sud de 123 m2 à rénover sur fougères,https://www.etreproprio.com/immobilier-22915466-vente-maison-mitoyenne-exposee-plein-sud-de-123-m2-a-renover-sur-fougeres-fougeres
FOUGERES,Maison 81m² à fougeres,https://www.etreproprio.com/immobilier-23656845-vente-maison-81m-a-fougeres-fougeres
FOUGERES,Maison 72m² à fougeres,https://www.etreproprio.com/immobilier-23660809-vente-maison-72m-a-fougeres-fougeres
FOUGERES,Martial joyeux conseiller immobilier optimhome vous présente cette maison d'environs 115 m² à fougères,https://www.etreproprio.com/immobilier-23663856-vente-martial-joyeux-conseiller-immobilier-optimhome-vous-presente-cette-maison-d-environs-115-m-a-fougeres-fougeres
FOUGERES,Maison 146m² à fougeres,https://www.etreproprio.com/immobilier-22921570-vente-maison-146m-a-fougeres-fougeres
FOUGERES,Maison contemporaine de 2021,https://www.etreproprio.com/immobilier-23416245-vente-maison-contemporaine-de-2021-fougeres
FOUGERES,Maison en pierres à rénover avec garage - centre fougères,https://www.etreproprio.com/immobilier-21604837-vente-maison-en-pierres-a-renover-avec-garage-centre-fougeres-fougeres
FOUGERES,Maison 177m² à fougeres,https://www.etreproprio.com/immobilier-23537714-vente-maison-177m-a-fougeres-fougeres
FOUGERES,Maison située au calme à fougeres 35300,https://www.etreproprio.com/immobilier-23183314-vente-maison-situee-au-calme-a-fougeres-35300-fougeres
FOUGERES,Maison de prestige en forêt,https://www.etreproprio.com/immobilier-21197310-vente-maison-de-prestige-en-foret-fougeres
FOUGERES,Maison 63m² à fougeres,https://www.etreproprio.com/immobilier-23017138-vente-maison-63m-a-fougeres-fougeres
GAHARD,Longère en pierre 220m2,https://www.etreproprio.com/immobilier-23886210-vente-longere-en-pierre-220m2-gahard
GAHARD,Maison 110m² à gahard,https://www.etreproprio.com/immobilier-23821309-vente-maison-110m-a-gahard-gahard
GAHARD,Charmante maison à gahard,https://www.etreproprio.com/immobilier-23778318-vente-charmante-maison-a-gahard-gahard
GAHARD,Maison à vendre à gahard - référence 5297ib,https://www.etreproprio.com/immobilier-23660115-vente-maison-a-vendre-a-gahard-reference-5297ib-gahard
GAHARD,Maison 147m² à gahard,https://www.etreproprio.com/immobilier-23592450-vente-maison-147m-a-gahard-gahard
GAHARD,Maison 62m² à gahard,https://www.etreproprio.com/immobilier-23661533-vente-maison-62m-a-gahard-gahard
GAHARD,Maison 92m² à gahard,https://www.etreproprio.com/immobilier-22190790-vente-maison-92m-a-gahard-gahard
GAHARD,Maison 220m² à gahard,https://www.etreproprio.com/immobilier-23293407-vente-maison-220m-a-gahard-gahard
GAHARD,Maison 130m² à gahard,https://www.etreproprio.com/immobilier-23245464-vente-maison-130m-a-gahard-gahard
GAHARD,"Batiment à rénover gahard  + 280 m² aménageable, jardin plus de 950 m²",https://www.etreproprio.com/immobilier-21767750-vente-batiment-a-renover-gahard-280-m-amenageable-jardin-plus-de-950-m-gahard
GENNES-SUR-SEICHE,Maison 290m² à gennes-sur-seiche,https://www.etreproprio.com/immobilier-23620517-vente-maison-290m-a-gennes-sur-seiche-gennes-sur-seiche
GENNES-SUR-SEICHE,Maison 290m² à gennes-sur-seiche,https://www.etreproprio.com/immobilier-23615544-vente-maison-290m-a-gennes-sur-seiche-gennes-sur-seiche
GEVEZE,Geveze - maison contemporaine 115m2,https://www.etreproprio.com/immobilier-23915162-vente-geveze-maison-contemporaine-115m2-geveze
GEVEZE,En campagne,https://www.etreproprio.com/immobilier-23606473-vente-en-campagne-geveze
GEVEZE,En campagne,https://www.etreproprio.com/immobilier-23606472-vente-en-campagne-geveze
GEVEZE,A vendre manoir 5 min de pacé,https://www.etreproprio.com/immobilier-23022297-vente-a-vendre-manoir-5-min-de-pace-geveze
GEVEZE,rare à la vente – ensemble de 2 maisons + 2 garages au cœur de gévezé,https://www.etreproprio.com/immobilier-23897224-vente-rare-a-la-vente-ensemble-de-2-maisons-2-garages-au-coeur-de-geveze-geveze
GEVEZE,Maison contemporaine à gévezé axe rennes / saint-malo,https://www.etreproprio.com/immobilier-22497810-vente-maison-contemporaine-a-geveze-axe-rennes-saint-malo-geveze
GEVEZE,Maison 165m² à geveze,https://www.etreproprio.com/immobilier-23700106-vente-maison-165m-a-geveze-geveze
GEVEZE,Maison familiale 4 chambres - 117 m² - jardin & garage - gevezé,https://www.etreproprio.com/immobilier-23809575-vente-maison-familiale-4-chambres-117-m-jardin-garage-geveze-geveze
GEVEZE,Gévezé jolie maison t7 sur l'axe rennes st malo,https://www.etreproprio.com/immobilier-23278755-vente-geveze-jolie-maison-t7-sur-l-axe-rennes-st-malo-geveze
GEVEZE,Maison 120m² à geveze,https://www.etreproprio.com/immobilier-23797270-vente-maison-120m-a-geveze-geveze
GEVEZE,"Maison 4 chambres, gévezé",https://www.etreproprio.com/immobilier-23779408-vente-maison-4-chambres-geveze-geveze
GEVEZE,Gevezé  maison contemporaine de 2021 avec jardin et pergola bioclimatique,https://www.etreproprio.com/immobilier-22732954-vente-geveze-maison-contemporaine-de-2021-avec-jardin-et-pergola-bioclimatique-geveze
GEVEZE,Maison geveze 6 pièce(s) 130 m2,https://www.etreproprio.com/immobilier-23755465-vente-maison-geveze-6-pieces-130-m2-geveze
GEVEZE,Maison 79m² à geveze,https://www.etreproprio.com/immobilier-23750970-vente-maison-79m-a-geveze-geveze
GEVEZE,A vendre - maison 8 pièces - geveze,https://www.etreproprio.com/immobilier-23755470-vente-a-vendre-maison-8-pieces-geveze-geveze
GEVEZE,Maison de 8 pièces de 350 m² située à gévezé,https://www.etreproprio.com/immobilier-23749229-vente-maison-de-8-pieces-de-350-m-situee-a-geveze-geveze
GEVEZE,Maison 80m² à geveze,https://www.etreproprio.com/immobilier-23267251-vente-maison-80m-a-geveze-geveze
GEVEZE,Maison 127m² à geveze,https://www.etreproprio.com/immobilier-23590134-vente-maison-127m-a-geveze-geveze
GEVEZE,Maison 6 pièces 119 m2 - gévezé,https://www.etreproprio.com/immobilier-23290332-vente-maison-6-pieces-119-m2-geveze-geveze
GEVEZE,Maison à vendre 7 pièces geveze (35),https://www.etreproprio.com/immobilier-23529290-vente-maison-a-vendre-7-pieces-geveze-35-geveze
FOUGERES,Maison de plain pied t4 ou t3 avec terrasse,https://www.etreproprio.com/immobilier-23088913-vente-maison-de-plain-pied-t4-ou-t3-avec-terrasse-fougeres
FOUGERES,Maison fougères 8 pièces 318 m²,https://www.etreproprio.com/immobilier-23533266-vente-maison-fougeres-8-pieces-318-m-fougeres
FOUGERES,Maison de 200m2 5 chambres + 1 bureau - garages 170m2,https://www.etreproprio.com/immobilier-23485476-vente-maison-de-200m2-5-chambres-1-bureau-garages-170m2-fougeres
FOUGERES,A vendre maison fougères 6 pièce(s) 144 m²,https://www.etreproprio.com/immobilier-22504905-vente-a-vendre-maison-fougeres-6-pieces-144-m-fougeres
FOUGERES,Maison 81m² à fougeres,https://www.etreproprio.com/immobilier-23443201-vente-maison-81m-a-fougeres-fougeres
FOUGERES,Maison fougeres 6 pièce(s) 170 m2,https://www.etreproprio.com/immobilier-20884751-vente-maison-fougeres-6-pieces-170-m2-fougeres
FOUGERES,Maison 158m² à fougeres,https://www.etreproprio.com/immobilier-21526720-vente-maison-158m-a-fougeres-fougeres
FOUGERES,Immeuble de rapport monopropriété composé de 5 appartements,https://www.etreproprio.com/immobilier-23354394-vente-immeuble-de-rapport-monopropriete-compose-de-5-appartements-fougeres
FOUGERES,Maison 253m² à fougeres,https://www.etreproprio.com/immobilier-23344336-vente-maison-253m-a-fougeres-fougeres
FOUGERES,Maison 104m² à fougeres,https://www.etreproprio.com/immobilier-23344345-vente-maison-104m-a-fougeres-fougeres
FOUGERES,Maison de caractere - 85 m² - 3 chambres,https://www.etreproprio.com/immobilier-23338400-vente-maison-de-caractere-85-m-3-chambres-fougeres
FOUGERES,Maison familiale de 181 m2 en centre ville de fougères,https://www.etreproprio.com/immobilier-21936873-vente-maison-familiale-de-181-m2-en-centre-ville-de-fougeres-fougeres
FOUGERES,Maison à vendre 9 pièces fougeres (35),https://www.etreproprio.com/immobilier-22710492-vente-maison-a-vendre-9-pieces-fougeres-35-fougeres
FOUGERES,Maison t5 lumineuse,https://www.etreproprio.com/immobilier-23238434-vente-maison-t5-lumineuse-fougeres
FOUGERES,Magnifique pavillon de 142 m2 clé en main,https://www.etreproprio.com/immobilier-23225916-vente-magnifique-pavillon-de-142-m2-cle-en-main-fougeres
FOUGERES,Jolie maison avec garage et jardin exposé sud et ouest,https://www.etreproprio.com/immobilier-23212882-vente-jolie-maison-avec-garage-et-jardin-expose-sud-et-ouest-fougeres
FOUGERES,Maison 142m² à fougeres,https://www.etreproprio.com/immobilier-23195273-vente-maison-142m-a-fougeres-fougeres
FOUGERES,Maison 158m² à fougeres,https://www.etreproprio.com/immobilier-23191716-vente-maison-158m-a-fougeres-fougeres
FOUGERES,Maison 158m² à fougeres,https://www.etreproprio.com/immobilier-21429965-vente-maison-158m-a-fougeres-fougeres
FOUGERES,Maison 112m² à fougeres,https://www.etreproprio.com/immobilier-23161629-vente-maison-112m-a-fougeres-fougeres
GOSNE,Maison à rénover gosné potentiel 151 m²,https://www.etreproprio.com/immobilier-23870955-vente-maison-a-renover-gosne-potentiel-151-m-gosne
GOSNE,Maison 45m² à gosne,https://www.etreproprio.com/immobilier-23850221-vente-maison-45m-a-gosne-gosne
GOSNE,Maison 83m² à gosne,https://www.etreproprio.com/immobilier-23779786-vente-maison-83m-a-gosne-gosne
GOSNE,Maison 124m² à gosne,https://www.etreproprio.com/immobilier-23739279-vente-maison-124m-a-gosne-gosne
GOSNE,Maison de 7 pièces de 186 m² située à gosné - 20 min de rennes,https://www.etreproprio.com/immobilier-23562802-vente-maison-de-7-pieces-de-186-m-situee-a-gosne-20-min-de-rennes-gosne
GOSNE,Maison 77m² à gosne,https://www.etreproprio.com/immobilier-23484977-vente-maison-77m-a-gosne-gosne
GOSNE,Maison 102m² à gosne,https://www.etreproprio.com/immobilier-23509766-vente-maison-102m-a-gosne-gosne
GOSNE,À saisir en exclusivité : maison contemporaine de 81m² prête à poser vos valises- gosne,https://www.etreproprio.com/immobilier-23109660-vente-a-saisir-en-exclusivite-maison-contemporaine-de-81m-prete-a-poser-vos-valises-gosne-gosne
FOUGERES,Maison 203m² à fougeres,https://www.etreproprio.com/immobilier-22636831-vente-maison-203m-a-fougeres-fougeres
FOUGERES,Maison 5 pièces à proximité du centre-ville,https://www.etreproprio.com/immobilier-23139041-vente-maison-5-pieces-a-proximite-du-centre-ville-fougeres
FOUGERES,Maison en pierre au cœur du centre-ville,https://www.etreproprio.com/immobilier-23053310-vente-maison-en-pierre-au-coeur-du-centre-ville-fougeres
FOUGERES,"Ille et vilaine, les portes du coglais, près de fougères.  maison plein pied 3 chs etang privé, bois, champ, jardins, 1,4 hectar",https://www.etreproprio.com/immobilier-22977775-vente-ille-et-vilaine-les-portes-du-coglais-pres-de-fougeres-maison-plein-pied-3-chs-etang-prive-bois-champ-jardins-14-hectar-fougeres
FOUGERES,Maison + étang à 9 kms de fougeres,https://www.etreproprio.com/immobilier-22974691-vente-maison-etang-a-9-kms-de-fougeres-fougeres
FOUGERES,A vendre maison fougères 5 pièce(s) 81 m2,https://www.etreproprio.com/immobilier-22951831-vente-a-vendre-maison-fougeres-5-pieces-81-m2-fougeres
FOUGERES,A vendre - maison d'exception 10 pièces  302 m²,https://www.etreproprio.com/immobilier-22937092-vente-a-vendre-maison-d-exception-10-pieces-302-m-fougeres
FOUGERES,Maison fougeres 5 pièce(s) 141.13 m2,https://www.etreproprio.com/immobilier-22894526-vente-maison-fougeres-5-pieces-14113-m2-fougeres
FOUGERES,Maison 7 pièces 134 m² odorico / novello & art déco,https://www.etreproprio.com/immobilier-22688452-vente-maison-7-pieces-134-m-odorico-novello-art-deco-fougeres
FOUGERES,Maison 255m² à fougeres,https://www.etreproprio.com/immobilier-22679902-vente-maison-255m-a-fougeres-fougeres
FOUGERES,Maison 184m² à fougeres,https://www.etreproprio.com/immobilier-22026230-vente-maison-184m-a-fougeres-fougeres
FOUGERES,Proche fougeres - a vendre - maison,https://www.etreproprio.com/immobilier-14515058-vente-proche-fougeres-a-vendre-maison-fougeres
FOUGERES,Maison fougeres 4 pièce(s) 89m2,https://www.etreproprio.com/immobilier-22514726-vente-maison-fougeres-4-pieces-89m2-fougeres
FOUGERES,Maison fougeres 5 pièce(s) 170 m2,https://www.etreproprio.com/immobilier-22444897-vente-maison-fougeres-5-pieces-170-m2-fougeres
FOUGERES,Belle maison au centre de fougères 4 pièces 107 m2,https://www.etreproprio.com/immobilier-22304777-vente-belle-maison-au-centre-de-fougeres-4-pieces-107-m2-fougeres
FOUGERES,Maison 620m² à fougeres,https://www.etreproprio.com/immobilier-21650999-vente-maison-620m-a-fougeres-fougeres
FOUGERES,Maison 108m² à fougeres,https://www.etreproprio.com/immobilier-21650998-vente-maison-108m-a-fougeres-fougeres
FOUGERES,Maison individuelle,https://www.etreproprio.com/immobilier-21505717-vente-maison-individuelle-fougeres
FOUGERES,"Maison fougères 3 pièces 58,50 m²",https://www.etreproprio.com/immobilier-21386982-vente-maison-fougeres-3-pieces-5850-m-fougeres
FOUGERES,Vente maison fougeres t3 avec jardin,https://www.etreproprio.com/immobilier-21386980-vente-vente-maison-fougeres-t3-avec-jardin-fougeres
LA GOUESNIERE,"Maison de caractère, très beau grenier aménageable",https://www.etreproprio.com/immobilier-23895661-vente-maison-de-caractere-tres-beau-grenier-amenageable-la-gouesniere
LA GOUESNIERE,Maison la gouesniere 5 pièce(s),https://www.etreproprio.com/immobilier-22689805-vente-maison-la-gouesniere-5-pieces-la-gouesniere
LA GOUESNIERE,Maison 98m² à la gouesnière,https://www.etreproprio.com/immobilier-23783093-vente-maison-98m-a-la-gouesniere-la-gouesniere
LA GOUESNIERE,Maison en pierres la gouesniere rénovée,https://www.etreproprio.com/immobilier-23686563-vente-maison-en-pierres-la-gouesniere-renovee-la-gouesniere
LA GOUESNIERE,Maison 109m² à la gouesniere,https://www.etreproprio.com/immobilier-23670347-vente-maison-109m-a-la-gouesniere-la-gouesniere
LA GOUESNIERE,Maison 6 pièces 109 m2,https://www.etreproprio.com/immobilier-23451268-vente-maison-6-pieces-109-m2-la-gouesniere
LA GOUESNIERE,La gouesniere - exclusivité.,https://www.etreproprio.com/immobilier-22504838-vente-la-gouesniere-exclusivite-la-gouesniere
LA GOUESNIERE,"La gouesnière, maison récente de type 5, terrasse, jardin, garage.",https://www.etreproprio.com/immobilier-23337837-vente-la-gouesniere-maison-recente-de-type-5-terrasse-jardin-garage-la-gouesniere
LA GOUESNIERE,Maison 184m² à la gouesniere,https://www.etreproprio.com/immobilier-23073969-vente-maison-184m-a-la-gouesniere-la-gouesniere
LA GOUESNIERE,"Maison contemporaine la gouesnière 6p, 136 m2",https://www.etreproprio.com/immobilier-22069822-vente-maison-contemporaine-la-gouesniere-6p-136-m2-la-gouesniere
GEVEZE,Maison geveze 145 m2,https://www.etreproprio.com/immobilier-23501318-vente-maison-geveze-145-m2-geveze
GEVEZE,Maison 145m² à geveze,https://www.etreproprio.com/immobilier-23423752-vente-maison-145m-a-geveze-geveze
GEVEZE,Maison 203m² à geveze,https://www.etreproprio.com/immobilier-23402426-vente-maison-203m-a-geveze-geveze
GEVEZE,Maison 98m² à geveze,https://www.etreproprio.com/immobilier-23363615-vente-maison-98m-a-geveze-geveze
GEVEZE,Maison 116m² à geveze,https://www.etreproprio.com/immobilier-23289855-vente-maison-116m-a-geveze-geveze
GEVEZE,Maison  sur sous sol complet 4 chambres,https://www.etreproprio.com/immobilier-23270001-vente-maison-sur-sous-sol-complet-4-chambres-geveze
GEVEZE,Maison 350m² à geveze,https://www.etreproprio.com/immobilier-23242218-vente-maison-350m-a-geveze-geveze
GEVEZE,Maison 144m² à geveze,https://www.etreproprio.com/immobilier-23120123-vente-maison-144m-a-geveze-geveze
GEVEZE,Maison de centre ville,https://www.etreproprio.com/immobilier-22497821-vente-maison-de-centre-ville-geveze
GEVEZE,Maison geveze  3 pièce(s) 70 m2,https://www.etreproprio.com/immobilier-22497809-vente-maison-geveze-3-pieces-70-m2-geveze
GEVEZE,Maison 113m² à geveze,https://www.etreproprio.com/immobilier-23055121-vente-maison-113m-a-geveze-geveze
GEVEZE,Maison gévezé,https://www.etreproprio.com/immobilier-22945663-vente-maison-geveze-geveze
GEVEZE,Gévezé longère très bien située de 130m² de plain-pied rénovée en 2021 avec dépendances sur 1500m² de terrain environ !,https://www.etreproprio.com/immobilier-22732219-vente-geveze-longere-tres-bien-situee-de-130m-de-plain-pied-renovee-en-2021-avec-dependances-sur-1500m-de-terrain-environ-geveze
GEVEZE,Maison 98m² à geveze,https://www.etreproprio.com/immobilier-22245317-vente-maison-98m-a-geveze-geveze
GEVEZE,Maison 155m² à geveze,https://www.etreproprio.com/immobilier-21581511-vente-maison-155m-a-geveze-geveze
GEVEZE,Longère à rénover à vendre 5 pièces 13000m2  étang et 700m2 hangars  geveze (35),https://www.etreproprio.com/immobilier-22531379-vente-longere-a-renover-a-vendre-5-pieces-13000m2-etang-et-700m2-hangars-geveze-35-geveze
GEVEZE,Longère 7 pièces de 260m2,https://www.etreproprio.com/immobilier-19847792-vente-longere-7-pieces-de-260m2-geveze
GEVEZE,Maison geveze 7 pièce(s) 116 m2,https://www.etreproprio.com/immobilier-19894523-vente-maison-geveze-7-pieces-116-m2-geveze
FOUGERES,Maison fougères 4 pièce(s) 115 m2,https://www.etreproprio.com/immobilier-21343402-vente-maison-fougeres-4-pieces-115-m2-fougeres
GOVEN,Maison 203m² à goven,https://www.etreproprio.com/immobilier-23689525-vente-maison-203m-a-goven-goven
GOVEN,Maison 4 pièces 93m²,https://www.etreproprio.com/immobilier-23847759-vente-maison-4-pieces-93m-goven
GOVEN,Maison 111m² à goven,https://www.etreproprio.com/immobilier-23779577-vente-maison-111m-a-goven-goven
GOVEN,Maison de type 5 avec un jardin de 790 m2,https://www.etreproprio.com/immobilier-22933284-vente-maison-de-type-5-avec-un-jardin-de-790-m2-goven
GOVEN,Maison 139m² à goven,https://www.etreproprio.com/immobilier-23713992-vente-maison-139m-a-goven-goven
GOVEN,Maison 115m² à goven,https://www.etreproprio.com/immobilier-20087292-vente-maison-115m-a-goven-goven
GOVEN,Maison 9 pièces goven,https://www.etreproprio.com/immobilier-23647657-vente-maison-9-pieces-goven-goven
GOVEN,Maison 118m² à goven,https://www.etreproprio.com/immobilier-23522252-vente-maison-118m-a-goven-goven
GOVEN,Maison neuve livrée,https://www.etreproprio.com/immobilier-23236267-vente-maison-neuve-livree-goven
GOVEN,Maison 247m² à goven,https://www.etreproprio.com/immobilier-23580083-vente-maison-247m-a-goven-goven
GOVEN,Maison 211m² à goven,https://www.etreproprio.com/immobilier-23580084-vente-maison-211m-a-goven-goven
GOVEN,Maison 92m² à goven,https://www.etreproprio.com/immobilier-23537161-vente-maison-92m-a-goven-goven
GOVEN,Nouveaute - maison en centre bourg de goven,https://www.etreproprio.com/immobilier-23449320-vente-nouveaute-maison-en-centre-bourg-de-goven-goven
GOVEN,Maison goven,https://www.etreproprio.com/immobilier-23383273-vente-maison-goven-goven
GOVEN,Maison 105m² à goven,https://www.etreproprio.com/immobilier-23376587-vente-maison-105m-a-goven-goven
GOVEN,Maison 458m² à goven,https://www.etreproprio.com/immobilier-22945647-vente-maison-458m-a-goven-goven
GOVEN,maison 4 chambres avec piscine – 1900 m² de terrain – proximité bréal-sous-montfort (4 km) – 15 min de rennes,https://www.etreproprio.com/immobilier-23262562-vente-maison-4-chambres-avec-piscine-1900-m-de-terrain-proximite-breal-sous-montfort-4-km-15-min-de-rennes-goven
GOVEN,Maison 185m² à goven,https://www.etreproprio.com/immobilier-23244806-vente-maison-185m-a-goven-goven
GOVEN,Maison 185m² à goven,https://www.etreproprio.com/immobilier-23187871-vente-maison-185m-a-goven-goven
GOVEN,Maison 110m² à goven,https://www.etreproprio.com/immobilier-22945648-vente-maison-110m-a-goven-goven
GRAND-FOUGERAY,Maison 125m² à grand-fougeray,https://www.etreproprio.com/immobilier-23889679-vente-maison-125m-a-grand-fougeray-grand-fougeray
GRAND-FOUGERAY,Maison d'habitation d'environ 115 m2,https://www.etreproprio.com/immobilier-23493580-vente-maison-d-habitation-d-environ-115-m2-grand-fougeray
GRAND-FOUGERAY,Maison 115m² à grand-fougeray,https://www.etreproprio.com/immobilier-23446830-vente-maison-115m-a-grand-fougeray-grand-fougeray
GRAND-FOUGERAY,Maison en pierre rénovée : authenticité & modernité réunies,https://www.etreproprio.com/immobilier-23384863-vente-maison-en-pierre-renovee-authenticite-modernite-reunies-grand-fougeray
GRAND-FOUGERAY,"Vente maison de bourg grand-fougeray (35390)   4 pièces, 89 m2,",https://www.etreproprio.com/immobilier-23634833-vente-vente-maison-de-bourg-grand-fougeray-35390-4-pieces-89-m2-grand-fougeray
GRAND-FOUGERAY,Maison 169m² à grand-fougeray,https://www.etreproprio.com/immobilier-23620302-vente-maison-169m-a-grand-fougeray-grand-fougeray
GRAND-FOUGERAY,Maison 7 pièce(s),https://www.etreproprio.com/immobilier-23512581-vente-maison-7-pieces-grand-fougeray
GRAND-FOUGERAY,Maison 100m² à grand-fougeray,https://www.etreproprio.com/immobilier-23497246-vente-maison-100m-a-grand-fougeray-grand-fougeray
GRAND-FOUGERAY,Maison 209m² à grand-fougeray,https://www.etreproprio.com/immobilier-22378525-vente-maison-209m-a-grand-fougeray-grand-fougeray
GRAND-FOUGERAY,Maison - dépendance - terrain 2390 m² - bâtiment de 300 m² - idéal jardin,https://www.etreproprio.com/immobilier-22751782-vente-maison-dependance-terrain-2390-m-batiment-de-300-m-ideal-jardin-grand-fougeray
GRAND-FOUGERAY,Maison de plain-pied à 10 min de l’axe nantes/rennes + terrain constructible,https://www.etreproprio.com/immobilier-22673808-vente-maison-de-plain-pied-a-10-min-de-l-axe-nantesrennes-terrain-constructible-grand-fougeray
LA GUERCHE-DE-BRETAGNE,Maison 95m² à la guerche-de-bretagne,https://www.etreproprio.com/immobilier-23910704-vente-maison-95m-a-la-guerche-de-bretagne-la-guerche-de-bretagne
LA GUERCHE-DE-BRETAGNE,Maison 145m² à la guerche-de-bretagne,https://www.etreproprio.com/immobilier-22328021-vente-maison-145m-a-la-guerche-de-bretagne-la-guerche-de-bretagne
LA GUERCHE-DE-BRETAGNE,Maison 145m² à la guerche-de-bretagne,https://www.etreproprio.com/immobilier-23107550-vente-maison-145m-a-la-guerche-de-bretagne-la-guerche-de-bretagne
LA GUERCHE-DE-BRETAGNE,Vente maison la guerche-de-bretagne(35130) 207 200ï¿œ,https://www.etreproprio.com/immobilier-23096623-vente-vente-maison-la-guerche-de-bretagne35130-207-200i-oe-la-guerche-de-bretagne
LA GUERCHE-DE-BRETAGNE,Maison 283m² à la guerche-de-bretagne,https://www.etreproprio.com/immobilier-23883589-vente-maison-283m-a-la-guerche-de-bretagne-la-guerche-de-bretagne
LA GUERCHE-DE-BRETAGNE,Maison neuve moderne et prête à accueillir votre famille.,https://www.etreproprio.com/immobilier-23139786-vente-maison-neuve-moderne-et-prete-a-accueillir-votre-famille-la-guerche-de-bretagne
LA GUERCHE-DE-BRETAGNE,Spacieuse maison 8 pièces au cœur de la guerche,https://www.etreproprio.com/immobilier-23876456-vente-spacieuse-maison-8-pieces-au-coeur-de-la-guerche-la-guerche-de-bretagne
LA GUERCHE-DE-BRETAGNE,Vente maison la guerche-de-bretagne(35130) 309 750ï¿œ,https://www.etreproprio.com/immobilier-23870413-vente-vente-maison-la-guerche-de-bretagne35130-309-750i-oe-la-guerche-de-bretagne
LA GUERCHE-DE-BRETAGNE,Sublime maison atypique 134 m²,https://www.etreproprio.com/immobilier-23081480-vente-sublime-maison-atypique-134-m-la-guerche-de-bretagne
LA GUERCHE-DE-BRETAGNE,Longère 6 pièces 150 m² habitables,https://www.etreproprio.com/immobilier-23855427-vente-longere-6-pieces-150-m-habitables-la-guerche-de-bretagne
LA GUERCHE-DE-BRETAGNE,"La guerche de bretagne, pavillon sur sou-sol de 77 m² et  terrain de 719 m²",https://www.etreproprio.com/immobilier-23844628-vente-la-guerche-de-bretagne-pavillon-sur-sou-sol-de-77-m-et-terrain-de-719-m-la-guerche-de-bretagne
LA GUERCHE-DE-BRETAGNE,"Exclusivité, la guerche de bretagne, longère de 110 m² et terrain de 1 ha 16",https://www.etreproprio.com/immobilier-23844624-vente-exclusivite-la-guerche-de-bretagne-longere-de-110-m-et-terrain-de-1-ha-16-la-guerche-de-bretagne
LA GUERCHE-DE-BRETAGNE,"Exclusivité, la guerche de bretagne, pavillon sur sous-sol avec 3 chambres et un bureau.",https://www.etreproprio.com/immobilier-23844625-vente-exclusivite-la-guerche-de-bretagne-pavillon-sur-sous-sol-avec-3-chambres-et-un-bureau-la-guerche-de-bretagne
LA GUERCHE-DE-BRETAGNE,"À la guerche-de-bretagne, pavillon sur sous-sol de 150 m² avec 2697 m² de terrain.",https://www.etreproprio.com/immobilier-23844629-vente-a-la-guerche-de-bretagne-pavillon-sur-sous-sol-de-150-m-avec-2697-m-de-terrain-la-guerche-de-bretagne
LA GUERCHE-DE-BRETAGNE,"La guerche-de-bretagne, maison neuve avec 4 chambres",https://www.etreproprio.com/immobilier-23844636-vente-la-guerche-de-bretagne-maison-neuve-avec-4-chambres-la-guerche-de-bretagne
LA GUERCHE-DE-BRETAGNE,"La guerche de bretagne, proche centre, maison7 pièce(s) 171.73 m2 et 1 107 m² de terrain",https://www.etreproprio.com/immobilier-23830838-vente-la-guerche-de-bretagne-proche-centre-maison7-pieces-17173-m2-et-1-107-m-de-terrain-la-guerche-de-bretagne
LA GUERCHE-DE-BRETAGNE,"La guerche de bretagne, maison en centre-ville.",https://www.etreproprio.com/immobilier-23830839-vente-la-guerche-de-bretagne-maison-en-centre-ville-la-guerche-de-bretagne
LA GUERCHE-DE-BRETAGNE,Vente maison la guerche-de-bretagne(35130) 236 000ï¿œ,https://www.etreproprio.com/immobilier-23816559-vente-vente-maison-la-guerche-de-bretagne35130-236-000i-oe-la-guerche-de-bretagne
LA GUERCHE-DE-BRETAGNE,Maison la guerche de bretagne 4 pièce(s) 103 m2,https://www.etreproprio.com/immobilier-23810382-vente-maison-la-guerche-de-bretagne-4-pieces-103-m2-la-guerche-de-bretagne
LA GUERCHE-DE-BRETAGNE,"A 10 minutes de la guerche de bretagne : maison familiale avec jardin, terrasse couverte",https://www.etreproprio.com/immobilier-23802505-vente-a-10-minutes-de-la-guerche-de-bretagne-maison-familiale-avec-jardin-terrasse-couverte-la-guerche-de-bretagne
GOVEN,Maison 115m² à goven,https://www.etreproprio.com/immobilier-22461368-vente-maison-115m-a-goven-goven
GOVEN,Maison indépendante à goven de  142m²,https://www.etreproprio.com/immobilier-22135837-vente-maison-independante-a-goven-de-142m-goven
GOVEN,Maison 5 chambres - terrain 5 800 m2,https://www.etreproprio.com/immobilier-21851069-vente-maison-5-chambres-terrain-5-800-m2-goven
GOVEN,A vendre en exclusivite - domaine sur 4 hectares,https://www.etreproprio.com/immobilier-20514411-vente-a-vendre-en-exclusivite-domaine-sur-4-hectares-goven
GUICHEN,Maison contemporaine 2018 t6 - 145 m2 - pont rean - environnement privilégié (vue forêt) - dpe : a,https://www.etreproprio.com/immobilier-23912295-vente-maison-contemporaine-2018-t6-145-m2-pont-rean-environnement-privilegie-vue-foret-dpe-a-guichen
GUICHEN,Maison t7 - 160 m2 - 1095 m2 - sous-sol + garage + abri de jardin,https://www.etreproprio.com/immobilier-23888168-vente-maison-t7-160-m2-1095-m2-sous-sol-garage-abri-de-jardin-guichen
GUICHEN,Maison pont-rean (guichen) 6 pièce(s) 145 m2,https://www.etreproprio.com/immobilier-23869624-vente-maison-pont-rean-guichen-6-pieces-145-m2-guichen
GUICHEN,Maison 150m² à guichen,https://www.etreproprio.com/immobilier-23598299-vente-maison-150m-a-guichen-guichen
GUICHEN,Maison 65m² à guichen,https://www.etreproprio.com/immobilier-23796532-vente-maison-65m-a-guichen-guichen
GUICHEN,Maison 150m² à guichen,https://www.etreproprio.com/immobilier-23601684-vente-maison-150m-a-guichen-guichen
GUICHEN,Maison t5 bourg pont rean à rénover - 148 m2 - 1 615 m2 terrain - possibilité d'édifier une autre construction,https://www.etreproprio.com/immobilier-23774371-vente-maison-t5-bourg-pont-rean-a-renover-148-m2-1-615-m2-terrain-possibilite-d-edifier-une-autre-construction-guichen
GUICHEN,Maison guichen 4 pièce(s) 73 m2,https://www.etreproprio.com/immobilier-23755495-vente-maison-guichen-4-pieces-73-m2-guichen
GUICHEN,Guichen magnifique contemporaine 179m2 sur 963 m2 de terrain,https://www.etreproprio.com/immobilier-23747069-vente-guichen-magnifique-contemporaine-179m2-sur-963-m2-de-terrain-guichen
GUICHEN,Maison 166m² à guichen,https://www.etreproprio.com/immobilier-23746100-vente-maison-166m-a-guichen-guichen
GUICHEN,Maison 2014 - 143 m2 - 800 m2 - double garage,https://www.etreproprio.com/immobilier-23684126-vente-maison-2014-143-m2-800-m2-double-garage-guichen
GUICHEN,Maison 144m² à guichen,https://www.etreproprio.com/immobilier-23679644-vente-maison-144m-a-guichen-guichen
GUICHEN,Maison neuve à guignen   128 m2   4 chambres   garage et jardin,https://www.etreproprio.com/immobilier-23486284-vente-maison-neuve-a-guignen-128-m2-4-chambres-garage-et-jardin-guichen
GUICHEN,Maison 154 m2 - pont-réan - 5 chambres - 744 m2 de terrain - garage + carport,https://www.etreproprio.com/immobilier-23654203-vente-maison-154-m2-pont-rean-5-chambres-744-m2-de-terrain-garage-carport-guichen
GUICHEN,Maison t9 en pierre - 1509 m2 de terrain - deux garages - commodités accessibles à pied,https://www.etreproprio.com/immobilier-22383884-vente-maison-t9-en-pierre-1509-m2-de-terrain-deux-garages-commodites-accessibles-a-pied-guichen
GUICHEN,Maison 127m² à guichen,https://www.etreproprio.com/immobilier-23640800-vente-maison-127m-a-guichen-guichen
GUICHEN,Maison contemporaine dpe a avec piscine ? guichen ? plain-pied ? secteur calme,https://www.etreproprio.com/immobilier-22952450-vente-maison-contemporaine-dpe-a-avec-piscine-guichen-plain-pied-secteur-calme-guichen
GUICHEN,Maison 75m² à guichen,https://www.etreproprio.com/immobilier-22615249-vente-maison-75m-a-guichen-guichen
GUICHEN,Maison 75m² à guichen,https://www.etreproprio.com/immobilier-23570118-vente-maison-75m-a-guichen-guichen
GUICHEN,Maison 140m² à guichen,https://www.etreproprio.com/immobilier-22745644-vente-maison-140m-a-guichen-guichen
GUIGNEN,Maison 115m² à guignen,https://www.etreproprio.com/immobilier-23913900-vente-maison-115m-a-guignen-guignen
GUIGNEN,Maison 139m² à guignen,https://www.etreproprio.com/immobilier-23848491-vente-maison-139m-a-guignen-guignen
GUIGNEN,Maison guignen 5 pièces 125 m2 avec hangar/atelier de 250 m²,https://www.etreproprio.com/immobilier-23849273-vente-maison-guignen-5-pieces-125-m2-avec-hangaratelier-de-250-m-guignen
GUIGNEN,Maison neuve à guignen   128 m2   4 chambres   garage et jardin,https://www.etreproprio.com/immobilier-23440078-vente-maison-neuve-a-guignen-128-m2-4-chambres-garage-et-jardin-guignen
GUIGNEN,Maison 143m² à guignen,https://www.etreproprio.com/immobilier-23557502-vente-maison-143m-a-guignen-guignen
GUIGNEN,Longère 4 pièces 83 m2,https://www.etreproprio.com/immobilier-23366508-vente-longere-4-pieces-83-m2-guignen
GUIGNEN,"Maison guignen rénovée avec parc, dépendances et projet d'agrandissement",https://www.etreproprio.com/immobilier-23057797-vente-maison-guignen-renovee-avec-parc-dependances-et-projet-d-agrandissement-guignen
GUIGNEN,Maison guignen 80 m² à rénover,https://www.etreproprio.com/immobilier-23000522-vente-maison-guignen-80-m-a-renover-guignen
GUIGNEN,Longère en pierres t6 guignen 218 m2 - 4550 m2 - four à pain et puit en pierre.,https://www.etreproprio.com/immobilier-22299436-vente-longere-en-pierres-t6-guignen-218-m2-4550-m2-four-a-pain-et-puit-en-pierre-guignen
GUIGNEN,Maison d'architecte de 236 m2- 4 chambres -  730 m2  terrain arboré -,https://www.etreproprio.com/immobilier-22003404-vente-maison-d-architecte-de-236-m2-4-chambres-730-m2-terrain-arbore-guignen
GUIGNEN,Maison de 192m2,https://www.etreproprio.com/immobilier-19409839-vente-maison-de-192m2-guignen
GUIGNEN,Maison en pierre de 218m2,https://www.etreproprio.com/immobilier-18914007-vente-maison-en-pierre-de-218m2-guignen
LA GUERCHE-DE-BRETAGNE,Maison 180m² à la guerche-de-bretagne,https://www.etreproprio.com/immobilier-23797978-vente-maison-180m-a-la-guerche-de-bretagne-la-guerche-de-bretagne
LA GUERCHE-DE-BRETAGNE,Maison 147m² à la guerche-de-bretagne,https://www.etreproprio.com/immobilier-23360626-vente-maison-147m-a-la-guerche-de-bretagne-la-guerche-de-bretagne
LA GUERCHE-DE-BRETAGNE,Belle maison familiale à vendre – domalain,https://www.etreproprio.com/immobilier-23726477-vente-belle-maison-familiale-a-vendre-domalain-la-guerche-de-bretagne
LA GUERCHE-DE-BRETAGNE,Maison 4 pièces 71m2,https://www.etreproprio.com/immobilier-23717303-vente-maison-4-pieces-71m2-la-guerche-de-bretagne
LA GUERCHE-DE-BRETAGNE,Maison 73m² à la guerche-de-bretagne,https://www.etreproprio.com/immobilier-23663190-vente-maison-73m-a-la-guerche-de-bretagne-la-guerche-de-bretagne
LA GUERCHE-DE-BRETAGNE,Maison de bourg,https://www.etreproprio.com/immobilier-23653765-vente-maison-de-bourg-la-guerche-de-bretagne
LA GUERCHE-DE-BRETAGNE,Maison de maître,https://www.etreproprio.com/immobilier-23599170-vente-maison-de-maitre-la-guerche-de-bretagne
LA GUERCHE-DE-BRETAGNE,Vente maison la guerche-de-bretagne(35130) 276 300ï¿œ,https://www.etreproprio.com/immobilier-23564772-vente-vente-maison-la-guerche-de-bretagne35130-276-300i-oe-la-guerche-de-bretagne
LA GUERCHE-DE-BRETAGNE,Maison 242m² à la guerche-de-bretagne,https://www.etreproprio.com/immobilier-23016251-vente-maison-242m-a-la-guerche-de-bretagne-la-guerche-de-bretagne
LA GUERCHE-DE-BRETAGNE,Pavillon 6 pièces 132 m²,https://www.etreproprio.com/immobilier-23550662-vente-pavillon-6-pieces-132-m-la-guerche-de-bretagne
LA GUERCHE-DE-BRETAGNE,Maison 4 chambres- geothermie- dependances- campagne- 140m² - 243 990 hai - 4 600 m² terrain,https://www.etreproprio.com/immobilier-23552751-vente-maison-4-chambres-geothermie-dependances-campagne-140m-243-990-hai-4-600-m-terrain-la-guerche-de-bretagne
LA GUERCHE-DE-BRETAGNE,Maison sur sous-sol,https://www.etreproprio.com/immobilier-23563192-vente-maison-sur-sous-sol-la-guerche-de-bretagne
LA GUERCHE-DE-BRETAGNE,Corps de ferme 220 m2 et dépendances,https://www.etreproprio.com/immobilier-23551927-vente-corps-de-ferme-220-m2-et-dependances-la-guerche-de-bretagne
LA GUERCHE-DE-BRETAGNE,Maison 150m² à la guerche-de-bretagne,https://www.etreproprio.com/immobilier-23544490-vente-maison-150m-a-la-guerche-de-bretagne-la-guerche-de-bretagne
LA GUERCHE-DE-BRETAGNE,Maison familiale de 124m2 sur sous-sol,https://www.etreproprio.com/immobilier-23531412-vente-maison-familiale-de-124m2-sur-sous-sol-la-guerche-de-bretagne
LA GUERCHE-DE-BRETAGNE,Exclusivité - ensemble de maisons 260 m2 à rénover entièrement sur la commune de la guerche de bretagne (35),https://www.etreproprio.com/immobilier-21209616-vente-exclusivite-ensemble-de-maisons-260-m2-a-renover-entierement-sur-la-commune-de-la-guerche-de-bretagne-35-la-guerche-de-bretagne
LA GUERCHE-DE-BRETAGNE,Vente maison la guerche-de-bretagne(35130) 126 000ï¿œ,https://www.etreproprio.com/immobilier-23477988-vente-vente-maison-la-guerche-de-bretagne35130-126-000i-oe-la-guerche-de-bretagne
LA GUERCHE-DE-BRETAGNE,Maison de ville entièrement rénovée à la guerche de bretagne,https://www.etreproprio.com/immobilier-23464948-vente-maison-de-ville-entierement-renovee-a-la-guerche-de-bretagne-la-guerche-de-bretagne
LA GUERCHE-DE-BRETAGNE,Maison de plain pied -la guerche de bretagne,https://www.etreproprio.com/immobilier-23462822-vente-maison-de-plain-pied-la-guerche-de-bretagne-la-guerche-de-bretagne
LA GUERCHE-DE-BRETAGNE,Maison 134m² à la guerche-de-bretagne,https://www.etreproprio.com/immobilier-23452080-vente-maison-134m-a-la-guerche-de-bretagne-la-guerche-de-bretagne
GUIPEL,Maison t5 117 m²,https://www.etreproprio.com/immobilier-23531053-vente-maison-t5-117-m-guipel
GUIPEL,Propriété au calme située à guipel,https://www.etreproprio.com/immobilier-22496602-vente-propriete-au-calme-situee-a-guipel-guipel
GUIPEL,Maison 1m² à guipel,https://www.etreproprio.com/immobilier-23767867-vente-maison-1m-a-guipel-guipel
GUIPEL,Maison 117m² à guipel,https://www.etreproprio.com/immobilier-23447445-vente-maison-117m-a-guipel-guipel
GUIPEL,Maison guipel 7 pièce(s) 172 m2,https://www.etreproprio.com/immobilier-23654432-vente-maison-guipel-7-pieces-172-m2-guipel
GUIPEL,Maison 93m² à guipel,https://www.etreproprio.com/immobilier-22588283-vente-maison-93m-a-guipel-guipel
GUIPEL,Maison guipel 5 pièce(s) 86.30 m2,https://www.etreproprio.com/immobilier-23565441-vente-maison-guipel-5-pieces-8630-m2-guipel
GUIPEL,Maison 157m² à guipel,https://www.etreproprio.com/immobilier-23006656-vente-maison-157m-a-guipel-guipel
GUIPEL,Maison 87m² à guipel,https://www.etreproprio.com/immobilier-22998373-vente-maison-87m-a-guipel-guipel
GUIPEL,Maison guipel 3 pièce(s),https://www.etreproprio.com/immobilier-19460670-vente-maison-guipel-3-pieces-guipel
GUICHEN,Maison t6 guichen - 140 m2 - 350 m2,https://www.etreproprio.com/immobilier-22299431-vente-maison-t6-guichen-140-m2-350-m2-guichen
GUICHEN,Maison familiale de 167 m2 et 3408 m2 de terrain fort potentiel à exploiter,https://www.etreproprio.com/immobilier-23466159-vente-maison-familiale-de-167-m2-et-3408-m2-de-terrain-fort-potentiel-a-exploiter-guichen
GUICHEN,Longère en pierre t6 guichen 140 m2 - 4 980 m2 de terrain,https://www.etreproprio.com/immobilier-22299439-vente-longere-en-pierre-t6-guichen-140-m2-4-980-m2-de-terrain-guichen
GUICHEN,Maison 140m² à guichen,https://www.etreproprio.com/immobilier-23434550-vente-maison-140m-a-guichen-guichen
GUICHEN,"Maison de caractère 112 m2 - 944 m2 de terrain (abris de jardin, four à pain fonctionnel, garage)",https://www.etreproprio.com/immobilier-23417634-vente-maison-de-caractere-112-m2-944-m2-de-terrain-abris-de-jardin-four-a-pain-fonctionnel-garage-guichen
GUICHEN,Maison 232m² à guichen,https://www.etreproprio.com/immobilier-21565906-vente-maison-232m-a-guichen-guichen
GUICHEN,Maison guichen 6 pieces 140m2,https://www.etreproprio.com/immobilier-23425449-vente-maison-guichen-6-pieces-140m2-guichen
GUICHEN,Maison 264m² à guichen,https://www.etreproprio.com/immobilier-22680299-vente-maison-264m-a-guichen-guichen
GUICHEN,Maison 106m² à guichen,https://www.etreproprio.com/immobilier-23402402-vente-maison-106m-a-guichen-guichen
GUICHEN,Longère en pierres t6 guignen 218 m2 - 4550 m2 - four à pain et puit en pierre.,https://www.etreproprio.com/immobilier-23395574-vente-longere-en-pierres-t6-guignen-218-m2-4550-m2-four-a-pain-et-puit-en-pierre-guichen
GUICHEN,"Maison 7 pièces 115,75 m2",https://www.etreproprio.com/immobilier-20187825-vente-maison-7-pieces-11575-m2-guichen
GUICHEN,Maison t6 107 m2 (construite en 2019) - pont rean - grand garage - hors zone inondable,https://www.etreproprio.com/immobilier-23364685-vente-maison-t6-107-m2-construite-en-2019-pont-rean-grand-garage-hors-zone-inondable-guichen
GUICHEN,Propriété t5 75 m2 - 3480 m2 de terrain avec plan d'eau et sous-sol - combles aménageables,https://www.etreproprio.com/immobilier-23334407-vente-propriete-t5-75-m2-3480-m2-de-terrain-avec-plan-d-eau-et-sous-sol-combles-amenageables-guichen
GUICHEN,Maison familiale - coeur de ville,https://www.etreproprio.com/immobilier-23276119-vente-maison-familiale-coeur-de-ville-guichen
GUICHEN,Maison 3 chambres sur un terrain de 1300m²,https://www.etreproprio.com/immobilier-23234783-vente-maison-3-chambres-sur-un-terrain-de-1300m-guichen
GUICHEN,Maison 70m² à guichen,https://www.etreproprio.com/immobilier-23226001-vente-maison-70m-a-guichen-guichen
GUICHEN,Maison 140m² à guichen,https://www.etreproprio.com/immobilier-23191392-vente-maison-140m-a-guichen-guichen
GUICHEN,Maison indépendante 98m² à guichen,https://www.etreproprio.com/immobilier-23177070-vente-maison-independante-98m-a-guichen-guichen
GUICHEN,Maison guichen 5 pièce(s) 108m2,https://www.etreproprio.com/immobilier-23177067-vente-maison-guichen-5-pieces-108m2-guichen
GUICHEN,Maison t7 guichen 132 m2 - 605 m2,https://www.etreproprio.com/immobilier-23160382-vente-maison-t7-guichen-132-m2-605-m2-guichen
LA GUERCHE-DE-BRETAGNE,Coup de cœur assuré – maison contemporaine de 2019 à 4 min de la guerche-de-bretagne !,https://www.etreproprio.com/immobilier-23451822-vente-coup-de-coeur-assure-maison-contemporaine-de-2019-a-4-min-de-la-guerche-de-bretagne-la-guerche-de-bretagne
LA GUERCHE-DE-BRETAGNE,Maison à vendre 6 pièces la guerche de bretagne (35),https://www.etreproprio.com/immobilier-23438797-vente-maison-a-vendre-6-pieces-la-guerche-de-bretagne-35-la-guerche-de-bretagne
LA GUERCHE-DE-BRETAGNE,Maison de ville de 324m2 5 chambres,https://www.etreproprio.com/immobilier-23427620-vente-maison-de-ville-de-324m2-5-chambres-la-guerche-de-bretagne
LA GUERCHE-DE-BRETAGNE,"Proche la guerche-de-bretagne maison de caractère d'environ 260 m2, 11 pièces, 6 ch, terrain environ 1000m2",https://www.etreproprio.com/immobilier-23334308-vente-proche-la-guerche-de-bretagne-maison-de-caractere-d-environ-260-m2-11-pieces-6-ch-terrain-environ-1000m2-la-guerche-de-bretagne
LA GUERCHE-DE-BRETAGNE,Maison de caractère en ville de 164 m² - la guerche de bretagne (35130),https://www.etreproprio.com/immobilier-23273865-vente-maison-de-caractere-en-ville-de-164-m-la-guerche-de-bretagne-35130-la-guerche-de-bretagne
LA GUERCHE-DE-BRETAGNE,Maison sur sous-sol de 1970,https://www.etreproprio.com/immobilier-23238437-vente-maison-sur-sous-sol-de-1970-la-guerche-de-bretagne
LA GUERCHE-DE-BRETAGNE,Vente maison la guerche-de-bretagne(35130) 183 750ï¿œ,https://www.etreproprio.com/immobilier-23173846-vente-vente-maison-la-guerche-de-bretagne35130-183-750i-oe-la-guerche-de-bretagne
LA GUERCHE-DE-BRETAGNE,Maison 280m² à la guerche-de-bretagne,https://www.etreproprio.com/immobilier-23167009-vente-maison-280m-a-la-guerche-de-bretagne-la-guerche-de-bretagne
LA GUERCHE-DE-BRETAGNE,Maison 103m² à la guerche-de-bretagne,https://www.etreproprio.com/immobilier-20814948-vente-maison-103m-a-la-guerche-de-bretagne-la-guerche-de-bretagne
LA GUERCHE-DE-BRETAGNE,Ancienne école rénovée – charme et volumes dans un écrin de verdure,https://www.etreproprio.com/immobilier-22939762-vente-ancienne-ecole-renovee-charme-et-volumes-dans-un-ecrin-de-verdure-la-guerche-de-bretagne
LA GUERCHE-DE-BRETAGNE,À vendre – spacieuse maison familiale à la guerche-de-bretagne,https://www.etreproprio.com/immobilier-22929750-vente-a-vendre-spacieuse-maison-familiale-a-la-guerche-de-bretagne-la-guerche-de-bretagne
LA GUERCHE-DE-BRETAGNE,"Ensemble immobilier avec fort potentiel, idéal investisseur ou projet familial.",https://www.etreproprio.com/immobilier-22752631-vente-ensemble-immobilier-avec-fort-potentiel-ideal-investisseur-ou-projet-familial-la-guerche-de-bretagne
LA GUERCHE-DE-BRETAGNE,Maison  5 pièce(s) 128.5 m2,https://www.etreproprio.com/immobilier-22723450-vente-maison-5-pieces-1285-m2-la-guerche-de-bretagne
LA GUERCHE-DE-BRETAGNE,Maison 111m² à la guerche-de-bretagne,https://www.etreproprio.com/immobilier-22662354-vente-maison-111m-a-la-guerche-de-bretagne-la-guerche-de-bretagne
LA GUERCHE-DE-BRETAGNE,Maison la guerche de bretagne  12 pièce(s) 260 m2,https://www.etreproprio.com/immobilier-21721575-vente-maison-la-guerche-de-bretagne-12-pieces-260-m2-la-guerche-de-bretagne
LA GUERCHE-DE-BRETAGNE,Maison familiale 134 m2 avec dépendance et studio,https://www.etreproprio.com/immobilier-21998651-vente-maison-familiale-134-m2-avec-dependance-et-studio-la-guerche-de-bretagne
LA GUERCHE-DE-BRETAGNE,Maison 134m² à la guerche-de-bretagne,https://www.etreproprio.com/immobilier-21564609-vente-maison-134m-a-la-guerche-de-bretagne-la-guerche-de-bretagne
LA GUERCHE-DE-BRETAGNE,Longere en pierres - superbe cadre -  secteur la guerche de bretagne,https://www.etreproprio.com/immobilier-18920945-vente-longere-en-pierres-superbe-cadre-secteur-la-guerche-de-bretagne-la-guerche-de-bretagne
LA GUERCHE-DE-BRETAGNE,Propriété de caractère en pierre de 273m2 habitables + salle de réception.,https://www.etreproprio.com/immobilier-22153941-vente-propriete-de-caractere-en-pierre-de-273m2-habitables-salle-de-reception-la-guerche-de-bretagne
LA GUERCHE-DE-BRETAGNE,Maison atypique,https://www.etreproprio.com/immobilier-22005177-vente-maison-atypique-la-guerche-de-bretagne
HEDE,Longère hede-bazouges proche canal,https://www.etreproprio.com/immobilier-22496591-vente-longere-hede-bazouges-proche-canal-hede
HEDE,Maison de maître hédé-bazouges,https://www.etreproprio.com/immobilier-23747771-vente-maison-de-maitre-hede-bazouges-hede
HEDE,Maison de 6 pièces hédé-bazouges,https://www.etreproprio.com/immobilier-23672412-vente-maison-de-6-pieces-hede-bazouges-hede
HEDE,Maison 195m² à hede,https://www.etreproprio.com/immobilier-23359993-vente-maison-195m-a-hede-hede
HEDE,Maison 95m² à hede,https://www.etreproprio.com/immobilier-23184170-vente-maison-95m-a-hede-hede
HEDE,Maison coup de coeur hede bazougues,https://www.etreproprio.com/immobilier-23033101-vente-maison-coup-de-coeur-hede-bazougues-hede
HEDE,Propriété d'exception hede,https://www.etreproprio.com/immobilier-22496571-vente-propriete-d-exception-hede-hede
HEDE,Maison  8 pièce(s) 215 m2,https://www.etreproprio.com/immobilier-21741467-vente-maison-8-pieces-215-m2-hede
HEDE,"Exclusivite - maison bazouges sous hede 5 pièces 100 m², 300 m² potentiel",https://www.etreproprio.com/immobilier-19697432-vente-exclusivite-maison-bazouges-sous-hede-5-pieces-100-m-300-m-potentiel-hede
HEDE,Manoir du xivème siècle dans son écrin de verdure,https://www.etreproprio.com/immobilier-20758855-vente-manoir-du-xiveme-siecle-dans-son-ecrin-de-verdure-hede
HEDE,Maison 150m² à hede,https://www.etreproprio.com/immobilier-17801550-vente-maison-150m-a-hede-hede
HEDE,Maison 146m² à hede,https://www.etreproprio.com/immobilier-17579754-vente-maison-146m-a-hede-hede
HEDE,Maison 146m² à hede,https://www.etreproprio.com/immobilier-17579750-vente-maison-146m-a-hede-hede
LA GUERCHE-DE-BRETAGNE,Vente maison la guerche-de-bretagne(35130) 119 880ï¿œ,https://www.etreproprio.com/immobilier-19054531-vente-vente-maison-la-guerche-de-bretagne35130-119-880i-oe-la-guerche-de-bretagne
GUICHEN,Maison familiale spacieuse au coeur du bourg,https://www.etreproprio.com/immobilier-23000521-vente-maison-familiale-spacieuse-au-coeur-du-bourg-guichen
GUICHEN,Maison 140m² à guichen,https://www.etreproprio.com/immobilier-22412525-vente-maison-140m-a-guichen-guichen
GUICHEN,Maison 185m² à guichen,https://www.etreproprio.com/immobilier-22575127-vente-maison-185m-a-guichen-guichen
GUICHEN,Exclusivité. demeure de prestige,https://www.etreproprio.com/immobilier-21541328-vente-exclusivite-demeure-de-prestige-guichen
GUICHEN,Maison 155m² à guichen,https://www.etreproprio.com/immobilier-22461367-vente-maison-155m-a-guichen-guichen
GUICHEN,Maison 8 pièces 190 m2,https://www.etreproprio.com/immobilier-22391285-vente-maison-8-pieces-190-m2-guichen
GUICHEN,Maison t5 127 m2 - 4 300 m2 - garage et plan d'eau,https://www.etreproprio.com/immobilier-22299443-vente-maison-t5-127-m2-4-300-m2-garage-et-plan-d-eau-guichen
GUICHEN,Maison 168m² à guichen,https://www.etreproprio.com/immobilier-22252413-vente-maison-168m-a-guichen-guichen
GUICHEN,Maison 65m² à guichen,https://www.etreproprio.com/immobilier-22178310-vente-maison-65m-a-guichen-guichen
GUICHEN,Maison 127m² à guichen,https://www.etreproprio.com/immobilier-21670068-vente-maison-127m-a-guichen-guichen
GUICHEN,Maison familiale - 6 chambres - piscine,https://www.etreproprio.com/immobilier-21350081-vente-maison-familiale-6-chambres-piscine-guichen
GUICHEN,Maison 24 m2 - extension possible sur terrain de 1 380 m2,https://www.etreproprio.com/immobilier-16695444-vente-maison-24-m2-extension-possible-sur-terrain-de-1-380-m2-guichen
L'HERMITAGE,Maison 63m² à l'hermitage,https://www.etreproprio.com/immobilier-23255374-vente-maison-63m-a-l-hermitage-l-hermitage
L'HERMITAGE,L'hermitage,https://www.etreproprio.com/immobilier-23256406-vente-l-hermitage-l-hermitage
L'HERMITAGE,L hermitage de 105 m2 construite en 2016 sur 300m² de terrain plein sud !,https://www.etreproprio.com/immobilier-23176684-vente-l-hermitage-de-105-m2-construite-en-2016-sur-300m-de-terrain-plein-sud-l-hermitage
L'HERMITAGE,"L hermitage, contemporaine de 2016 offrant 131m² habitables sur un terrain de 310m² plein sud !",https://www.etreproprio.com/immobilier-23152588-vente-l-hermitage-contemporaine-de-2016-offrant-131m-habitables-sur-un-terrain-de-310m-plein-sud-l-hermitage
L'HERMITAGE,Maison l hermitage 5 pièces 102 m2,https://www.etreproprio.com/immobilier-23126385-vente-maison-l-hermitage-5-pieces-102-m2-l-hermitage
L'HERMITAGE,L'hermitage en campagne maison rénovée de 195m² habitables sur 3250m² de terrain et 7 chambres !,https://www.etreproprio.com/immobilier-22578864-vente-l-hermitage-en-campagne-maison-renovee-de-195m-habitables-sur-3250m-de-terrain-et-7-chambres-l-hermitage
L'HERMITAGE,Maison 92m² à l'hermitage,https://www.etreproprio.com/immobilier-21643033-vente-maison-92m-a-l-hermitage-l-hermitage
L'HERMITAGE,Rennes/l'hermitage- maison t5 sur terrain clos,https://www.etreproprio.com/immobilier-18298118-vente-rennesl-hermitage-maison-t5-sur-terrain-clos-l-hermitage
HIREL,À vendre - maison avec vue mer,https://www.etreproprio.com/immobilier-23893694-vente-a-vendre-maison-avec-vue-mer-hirel
HIREL,Maison 83m² à hirel,https://www.etreproprio.com/immobilier-23859190-vente-maison-83m-a-hirel-hirel
HIREL,Maison 120m² à hirel,https://www.etreproprio.com/immobilier-23467116-vente-maison-120m-a-hirel-hirel
HIREL,Maison à vendre 6/7 pièces hirel (35) jardin et dependances,https://www.etreproprio.com/immobilier-23717872-vente-maison-a-vendre-67-pieces-hirel-35-jardin-et-dependances-hirel
HIREL,Maison de plain-pied 80 m2 avec 3 chambres et sans travaux,https://www.etreproprio.com/immobilier-23673327-vente-maison-de-plain-pied-80-m2-avec-3-chambres-et-sans-travaux-hirel
HIREL,Maison 80m² à hirel,https://www.etreproprio.com/immobilier-23467115-vente-maison-80m-a-hirel-hirel
HIREL,"Vilde la marine, ensemble de 2 maisons à rénover. cour et jardinet",https://www.etreproprio.com/immobilier-23319311-vente-vilde-la-marine-ensemble-de-2-maisons-a-renover-cour-et-jardinet-hirel
HIREL,Maison vue mer 320m² hirel,https://www.etreproprio.com/immobilier-23163998-vente-maison-vue-mer-320m-hirel-hirel
HIREL,Maison 82m² à hirel,https://www.etreproprio.com/immobilier-22168690-vente-maison-82m-a-hirel-hirel
HIREL,Maison hirel 4 pièce(s) 83 m2 sur 1320 m² de terrain,https://www.etreproprio.com/immobilier-22082443-vente-maison-hirel-4-pieces-83-m2-sur-1320-m-de-terrain-hirel
HIREL,Maison 126m² à hirel,https://www.etreproprio.com/immobilier-22251190-vente-maison-126m-a-hirel-hirel
HIREL,Maison en pierre rénovée à hirel - 150 m² de charme sur un terrain de 650 m²,https://www.etreproprio.com/immobilier-21816664-vente-maison-en-pierre-renovee-a-hirel-150-m-de-charme-sur-un-terrain-de-650-m-hirel
HIREL,Ille-et-vilaine 35120 hirel - maison 165 m2 à 5 km de la gare de dol de bretagne,https://www.etreproprio.com/immobilier-21613570-vente-ille-et-vilaine-35120-hirel-maison-165-m2-a-5-km-de-la-gare-de-dol-de-bretagne-hirel
HIREL,Maison hirel 6 pièces 165 m²,https://www.etreproprio.com/immobilier-21533729-vente-maison-hirel-6-pieces-165-m-hirel
IFFENDIC,Maison de vacances en campagne de brocéliande - tremelin– 4 pièces - 128m² habitable - 640m² de terrain,https://www.etreproprio.com/immobilier-23494842-vente-maison-de-vacances-en-campagne-de-broceliande-tremelin-4-pieces-128m-habitable-640m-de-terrain-iffendic
IFFENDIC,"Iffendic, propriété de caractère en campagne 6 pièce(s) 141 m2",https://www.etreproprio.com/immobilier-23632987-vente-iffendic-propriete-de-caractere-en-campagne-6-pieces-141-m2-iffendic
IFFENDIC,Maison 142m² à iffendic,https://www.etreproprio.com/immobilier-23376543-vente-maison-142m-a-iffendic-iffendic
IFFENDIC,Maison 164m² à iffendic,https://www.etreproprio.com/immobilier-23255641-vente-maison-164m-a-iffendic-iffendic
IFFENDIC,Maison de 2006 – 6 pièces - 142m² habitable - 700 m² de terrain,https://www.etreproprio.com/immobilier-22674111-vente-maison-de-2006-6-pieces-142m-habitable-700-m-de-terrain-iffendic
IFFENDIC,Maison à vendre 5 pièces iffendic (35),https://www.etreproprio.com/immobilier-22561970-vente-maison-a-vendre-5-pieces-iffendic-35-iffendic
IFFENDIC,Maison 147m² à iffendic,https://www.etreproprio.com/immobilier-22546716-vente-maison-147m-a-iffendic-iffendic
IFFENDIC,Maison 110m² à iffendic,https://www.etreproprio.com/immobilier-22375889-vente-maison-110m-a-iffendic-iffendic
IFFENDIC,Maison 7 pièces,https://www.etreproprio.com/immobilier-20980429-vente-maison-7-pieces-iffendic
IFFENDIC,Maison 7 pièces,https://www.etreproprio.com/immobilier-20873229-vente-maison-7-pieces-iffendic
IFFENDIC,Maison  6 pièce(s) 125 m2,https://www.etreproprio.com/immobilier-20311453-vente-maison-6-pieces-125-m2-iffendic
LES IFFS,Maison 135m² à les iffs,https://www.etreproprio.com/immobilier-23548640-vente-maison-135m-a-les-iffs-les-iffs
LES IFFS,Maison 174m² à les iffs,https://www.etreproprio.com/immobilier-22458090-vente-maison-174m-a-les-iffs-les-iffs
LES IFFS,Maison a vendre les iffs (35630) ) - 5 pieces,https://www.etreproprio.com/immobilier-23336580-vente-maison-a-vendre-les-iffs-35630-5-pieces-les-iffs
LES IFFS,Maison a vendre les iffs (35630) ) - 5 pieces,https://www.etreproprio.com/immobilier-23336579-vente-maison-a-vendre-les-iffs-35630-5-pieces-les-iffs
LES IFFS,Maison 296m² à les iffs,https://www.etreproprio.com/immobilier-22455019-vente-maison-296m-a-les-iffs-les-iffs
IRODOUER,Maison à vendre 5 pièces irodouer (35),https://www.etreproprio.com/immobilier-23897876-vente-maison-a-vendre-5-pieces-irodouer-35-irodouer
IRODOUER,Maison à vendre 6 pièces 152m2   irodouër sur sous sol,https://www.etreproprio.com/immobilier-23856807-vente-maison-a-vendre-6-pieces-152m2-irodouer-sur-sous-sol-irodouer
IRODOUER,Propriété rurale à restaurer,https://www.etreproprio.com/immobilier-22354704-vente-propriete-rurale-a-restaurer-irodouer
IRODOUER,Maison à vendre 3 pièces irodouer (35),https://www.etreproprio.com/immobilier-23804409-vente-maison-a-vendre-3-pieces-irodouer-35-irodouer
IRODOUER,Maison avec hangar,https://www.etreproprio.com/immobilier-23624733-vente-maison-avec-hangar-irodouer
IRODOUER,Maison 130m² à irodouer,https://www.etreproprio.com/immobilier-23277568-vente-maison-130m-a-irodouer-irodouer
IRODOUER,Maison à vendre 6 pièces irodouer (35),https://www.etreproprio.com/immobilier-23562159-vente-maison-a-vendre-6-pieces-irodouer-35-irodouer
IRODOUER,Maison 222m² à irodouer,https://www.etreproprio.com/immobilier-23470692-vente-maison-222m-a-irodouer-irodouer
IRODOUER,Maison à vendre 5 pièces terrain et bâtisse a rénover    (35),https://www.etreproprio.com/immobilier-22779435-vente-maison-a-vendre-5-pieces-terrain-et-batisse-a-renover-35-irodouer
IRODOUER,Maison 114m² à irodouer,https://www.etreproprio.com/immobilier-22978113-vente-maison-114m-a-irodouer-irodouer
IRODOUER,"Dpt ille et vilaine (35), à vendre irodouer maison p3",https://www.etreproprio.com/immobilier-22131493-vente-dpt-ille-et-vilaine-35-a-vendre-irodouer-maison-p3-irodouer
IRODOUER,"Dpt ille et vilaine (35), à vendre saint pern propriete p6 de 228,5 m² - terrain de 5 218,00 m²",https://www.etreproprio.com/immobilier-20752591-vente-dpt-ille-et-vilaine-35-a-vendre-saint-pern-propriete-p6-de-2285-m-terrain-de-5-21800-m-irodouer
IRODOUER,Maison 5 pièces de 126 m2 + 80m2,https://www.etreproprio.com/immobilier-16969289-vente-maison-5-pieces-de-126-m2-80m2-irodouer
JANZE,À vendre   terrain à bâtir viabilisé de 207 m2 + maison à piré-chancé (35150) avec maison racine,https://www.etreproprio.com/immobilier-23907100-vente-a-vendre-terrain-a-batir-viabilise-de-207-m2-maison-a-pire-chance-35150-avec-maison-racine-janze
JANZE,Maison janze 135 m²,https://www.etreproprio.com/immobilier-23890818-vente-maison-janze-135-m-janze
JANZE,Maison passive dpe a+ 100 m2 de plain-pied janze,https://www.etreproprio.com/immobilier-23051328-vente-maison-passive-dpe-a-100-m2-de-plain-pied-janze-janze
JANZE,Maison tresboeuf  4 pièce(s) 99 m2,https://www.etreproprio.com/immobilier-23126520-vente-maison-tresboeuf-4-pieces-99-m2-janze
JANZE,Maison 125m² à janze,https://www.etreproprio.com/immobilier-23124305-vente-maison-125m-a-janze-janze
JANZE,Maison de 114m2 avec 5 chambres,https://www.etreproprio.com/immobilier-23772739-vente-maison-de-114m2-avec-5-chambres-janze
JANZE,Maison 45m² à janze,https://www.etreproprio.com/immobilier-23708127-vente-maison-45m-a-janze-janze
JANZE,Maison janzé - 4 chambres,https://www.etreproprio.com/immobilier-21025852-vente-maison-janze-4-chambres-janze
JANZE,Maison 219m² à janze,https://www.etreproprio.com/immobilier-23669986-vente-maison-219m-a-janze-janze
JANZE,Maison 94m² à janze,https://www.etreproprio.com/immobilier-22879863-vente-maison-94m-a-janze-janze
JANZE,Maison 131m² à janze,https://www.etreproprio.com/immobilier-23630905-vente-maison-131m-a-janze-janze
JANZE,Maison 115m² à janze,https://www.etreproprio.com/immobilier-22082368-vente-maison-115m-a-janze-janze
JANZE,Maison en campagne de janzé,https://www.etreproprio.com/immobilier-23595966-vente-maison-en-campagne-de-janze-janze
JANZE,Maison plain pied - 3 chambres - garage,https://www.etreproprio.com/immobilier-23578880-vente-maison-plain-pied-3-chambres-garage-janze
JANZE,Rare à la vente   maison plain-pied avec véranda et dépendances,https://www.etreproprio.com/immobilier-23066742-vente-rare-a-la-vente-maison-plain-pied-avec-veranda-et-dependances-janze
JANZE,Maison 160m² à janze,https://www.etreproprio.com/immobilier-23569821-vente-maison-160m-a-janze-janze
JANZE,Maison de charme  166 m² - janzé,https://www.etreproprio.com/immobilier-23561138-vente-maison-de-charme-166-m-janze-janze
JANZE,À seulement 11 minutes de janze – maison familiale récente à retiers (2018),https://www.etreproprio.com/immobilier-23552286-vente-a-seulement-11-minutes-de-janze-maison-familiale-recente-a-retiers-2018-janze
JANZE,Maison bourgeoise à rénover – centre-ville de janzé,https://www.etreproprio.com/immobilier-23540079-vente-maison-bourgeoise-a-renover-centre-ville-de-janze-janze
JANZE,Maison janze 5 pièce(s) 104 m2,https://www.etreproprio.com/immobilier-23489492-vente-maison-janze-5-pieces-104-m2-janze
JAVENE,Maison javene rt 2020 bbc,https://www.etreproprio.com/immobilier-23433503-vente-maison-javene-rt-2020-bbc-javene
JAVENE,Exclusivité maison mitoyenne en pierre de 182 m2 sur la commune de javené (35),https://www.etreproprio.com/immobilier-23793563-vente-exclusivite-maison-mitoyenne-en-pierre-de-182-m2-sur-la-commune-de-javene-35-javene
JAVENE,Maison 150m² à javene,https://www.etreproprio.com/immobilier-23131757-vente-maison-150m-a-javene-javene
JAVENE,Maison 178m² à javene,https://www.etreproprio.com/immobilier-22456584-vente-maison-178m-a-javene-javene
JAVENE,"Exclusivité propriété de 325 m2 sur la commune de javené (35), rare à la vente !",https://www.etreproprio.com/immobilier-23634202-vente-exclusivite-propriete-de-325-m2-sur-la-commune-de-javene-35-rare-a-la-vente-javene
JAVENE,Maison mitoyenne en pierre de 144 m2 exposée plein sud sur la commune de javené,https://www.etreproprio.com/immobilier-22077686-vente-maison-mitoyenne-en-pierre-de-144-m2-exposee-plein-sud-sur-la-commune-de-javene-javene
JAVENE,Maison 4 pièces 75 m2,https://www.etreproprio.com/immobilier-23428909-vente-maison-4-pieces-75-m2-javene
JAVENE,Maison à vendre 6 pièces javene (35),https://www.etreproprio.com/immobilier-22779426-vente-maison-a-vendre-6-pieces-javene-35-javene
LAIGNELET,"Maison 106m², 4 chambres",https://www.etreproprio.com/immobilier-23793447-vente-maison-106m-4-chambres-laignelet
LAIGNELET,Maison à rénover,https://www.etreproprio.com/immobilier-22431453-vente-maison-a-renover-laignelet
LAIGNELET,Maison individuelle,https://www.etreproprio.com/immobilier-23693736-vente-maison-individuelle-laignelet
LAIGNELET,Maison 6 pièces 121 m2,https://www.etreproprio.com/immobilier-23653057-vente-maison-6-pieces-121-m2-laignelet
LAIGNELET,Maison laignelet 4 pièce(s) 82 m2,https://www.etreproprio.com/immobilier-23628919-vente-maison-laignelet-4-pieces-82-m2-laignelet
LAIGNELET,Maison en pierres 112m² 3chambres à laignelet 35133,https://www.etreproprio.com/immobilier-23438241-vente-maison-en-pierres-112m-3chambres-a-laignelet-35133-laignelet
LAIGNELET,Maison 183m² à laignelet,https://www.etreproprio.com/immobilier-21639644-vente-maison-183m-a-laignelet-laignelet
JANZE,Longere lalleu,https://www.etreproprio.com/immobilier-23489494-vente-longere-lalleu-janze
JANZE,Maison 103m² à janze,https://www.etreproprio.com/immobilier-22574141-vente-maison-103m-a-janze-janze
JANZE,Maison 6 pièces de 103m2 à janzé,https://www.etreproprio.com/immobilier-23464228-vente-maison-6-pieces-de-103m2-a-janze-janze
JANZE,Maison janzé 4 pièces - 900 m2 de terrain,https://www.etreproprio.com/immobilier-23464299-vente-maison-janze-4-pieces-900-m2-de-terrain-janze
JANZE,Maison 136m² à janze,https://www.etreproprio.com/immobilier-23464510-vente-maison-136m-a-janze-janze
JANZE,Maison 147m² à janze,https://www.etreproprio.com/immobilier-23447658-vente-maison-147m-a-janze-janze
JANZE,Maison plain-pied 6 pièces,https://www.etreproprio.com/immobilier-23428263-vente-maison-plain-pied-6-pieces-janze
JANZE,Janze quartier calme et résidentiel,https://www.etreproprio.com/immobilier-23428264-vente-janze-quartier-calme-et-residentiel-janze
JANZE,Maison 102m² à janze,https://www.etreproprio.com/immobilier-23386068-vente-maison-102m-a-janze-janze
JANZE,Maison 147m² à janze,https://www.etreproprio.com/immobilier-23380631-vente-maison-147m-a-janze-janze
JANZE,Maison neuve - le theil de bretagne - 4 chambres,https://www.etreproprio.com/immobilier-23374555-vente-maison-neuve-le-theil-de-bretagne-4-chambres-janze
JANZE,Maison plain pied - 2 chambres,https://www.etreproprio.com/immobilier-22983687-vente-maison-plain-pied-2-chambres-janze
JANZE,Maison 5 pièces janzé,https://www.etreproprio.com/immobilier-23343726-vente-maison-5-pieces-janze-janze
JANZE,Maison janze 6 pièce(s) 113 m2,https://www.etreproprio.com/immobilier-23329337-vente-maison-janze-6-pieces-113-m2-janze
JANZE,Maison 175m² à janze,https://www.etreproprio.com/immobilier-23299459-vente-maison-175m-a-janze-janze
JANZE,Maison 5 pièces et dépendances - 5080 m2 de jardin,https://www.etreproprio.com/immobilier-23312278-vente-maison-5-pieces-et-dependances-5080-m2-de-jardin-janze
JANZE,Maison 170m² à janze,https://www.etreproprio.com/immobilier-23280473-vente-maison-170m-a-janze-janze
JANZE,"Grande maison en pierres de 300 m2 avec terrain, hangar   parfaite pour une grande famille ou un projet multi-",https://www.etreproprio.com/immobilier-23270648-vente-grande-maison-en-pierres-de-300-m2-avec-terrain-hangar-parfaite-pour-une-grande-famille-ou-un-projet-multi-janze
JANZE,Maison 180m² à janze,https://www.etreproprio.com/immobilier-23264382-vente-maison-180m-a-janze-janze
JANZE,"Janze - longère 12 pièce(s) de 300 m2 - 1,6 hectare de terrain",https://www.etreproprio.com/immobilier-23262635-vente-janze-longere-12-pieces-de-300-m2-16-hectare-de-terrain-janze
LAILLE,Maison t7 - 160 m2 - 1095 m2 - sous-sol + garage + abri de jardin,https://www.etreproprio.com/immobilier-23888170-vente-maison-t7-160-m2-1095-m2-sous-sol-garage-abri-de-jardin-laille
LAILLE,Maison laille 6 pièce(s) 142m2,https://www.etreproprio.com/immobilier-23755497-vente-maison-laille-6-pieces-142m2-laille
LAILLE,Maison 65m² à laille,https://www.etreproprio.com/immobilier-23788177-vente-maison-65m-a-laille-laille
LAILLE,Maison laille 6 pièce(s) 104 m2,https://www.etreproprio.com/immobilier-22606422-vente-maison-laille-6-pieces-104-m2-laille
LAILLE,"Maison en bois rt 2012, de plain-pied",https://www.etreproprio.com/immobilier-23737782-vente-maison-en-bois-rt-2012-de-plain-pied-laille
LAILLE,Maison laille 6 pièces 123.67 m²,https://www.etreproprio.com/immobilier-23740612-vente-maison-laille-6-pieces-12367-m-laille
LAILLE,Maison 117m² à laille,https://www.etreproprio.com/immobilier-23712444-vente-maison-117m-a-laille-laille
LAILLE,Maison 139m² à laille,https://www.etreproprio.com/immobilier-23665436-vente-maison-139m-a-laille-laille
LAILLE,Maison laillé,https://www.etreproprio.com/immobilier-23164399-vente-maison-laille-laille
LAILLE,Maison laille 7 pièce(s) 129 m2,https://www.etreproprio.com/immobilier-23619128-vente-maison-laille-7-pieces-129-m2-laille
LAILLE,Maison 123m² à laille,https://www.etreproprio.com/immobilier-23588026-vente-maison-123m-a-laille-laille
LAILLE,Maison 144m² à laille,https://www.etreproprio.com/immobilier-23588024-vente-maison-144m-a-laille-laille
LAILLE,Maison individuelle 6 pièces – 130 m² plain pied sur sous sol complet– laillé (rennes métropole),https://www.etreproprio.com/immobilier-23562276-vente-maison-individuelle-6-pieces-130-m-plain-pied-sur-sous-sol-complet-laille-rennes-metropole-laille
LAILLE,Maison 121m² à laille,https://www.etreproprio.com/immobilier-23543037-vente-maison-121m-a-laille-laille
LAILLE,Maison 196m² à laille,https://www.etreproprio.com/immobilier-23525939-vente-maison-196m-a-laille-laille
LAILLE,Maison 120m² à laille,https://www.etreproprio.com/immobilier-23459585-vente-maison-120m-a-laille-laille
LAILLE,Longère rénovée - coup de coeur,https://www.etreproprio.com/immobilier-22228859-vente-longere-renovee-coup-de-coeur-laille
LAILLE,Propriété à fort potentiel - sud de rennes,https://www.etreproprio.com/immobilier-22611126-vente-propriete-a-fort-potentiel-sud-de-rennes-laille
LAILLE,Tranquillité en cœur de ville,https://www.etreproprio.com/immobilier-23297058-vente-tranquillite-en-coeur-de-ville-laille
LAILLE,Maison  4 pièces  116 m²,https://www.etreproprio.com/immobilier-23231433-vente-maison-4-pieces-116-m-laille
JANZE,Maison 182m² à janze,https://www.etreproprio.com/immobilier-23260039-vente-maison-182m-a-janze-janze
JANZE,Maison de bourg janzé- 2 pièces,https://www.etreproprio.com/immobilier-22393988-vente-maison-de-bourg-janze-2-pieces-janze
JANZE,Maison en impasse de janzé - belles prestations,https://www.etreproprio.com/immobilier-23207985-vente-maison-en-impasse-de-janze-belles-prestations-janze
JANZE,Maison 182m² à janze,https://www.etreproprio.com/immobilier-23207157-vente-maison-182m-a-janze-janze
JANZE,Maison 215m² à janze,https://www.etreproprio.com/immobilier-23207156-vente-maison-215m-a-janze-janze
JANZE,Maison janze 4 pièce(s) 85.5 m2,https://www.etreproprio.com/immobilier-23195581-vente-maison-janze-4-pieces-855-m2-janze
JANZE,Maison 110m² à janze,https://www.etreproprio.com/immobilier-23118345-vente-maison-110m-a-janze-janze
JANZE,À seulement 11 min de janzé – maison contemporaine de 2018 à retiers,https://www.etreproprio.com/immobilier-23106947-vente-a-seulement-11-min-de-janze-maison-contemporaine-de-2018-a-retiers-janze
JANZE,Maison plain-pied 5 pièces - centre de janzé,https://www.etreproprio.com/immobilier-23094293-vente-maison-plain-pied-5-pieces-centre-de-janze-janze
JANZE,"Centre de janzé   calme, espace et luminosité",https://www.etreproprio.com/immobilier-23094251-vente-centre-de-janze-calme-espace-et-luminosite-janze
JANZE,Maison le theil de bretagne 4 pièce(s) 133 m2,https://www.etreproprio.com/immobilier-23063883-vente-maison-le-theil-de-bretagne-4-pieces-133-m2-janze
JANZE,Maison 188m² à janze,https://www.etreproprio.com/immobilier-23046966-vente-maison-188m-a-janze-janze
JANZE,Maison 120m² à janze,https://www.etreproprio.com/immobilier-22855432-vente-maison-120m-a-janze-janze
JANZE,Maison lotissement - 5 chambres,https://www.etreproprio.com/immobilier-22974360-vente-maison-lotissement-5-chambres-janze
JANZE,Maison familiale 5 chambres   quartier calme   janzé,https://www.etreproprio.com/immobilier-22709945-vente-maison-familiale-5-chambres-quartier-calme-janze-janze
JANZE,Maison 185m² à janze,https://www.etreproprio.com/immobilier-22440729-vente-maison-185m-a-janze-janze
JANZE,Maison 4 pièces 95m2,https://www.etreproprio.com/immobilier-22590268-vente-maison-4-pieces-95m2-janze
JANZE,Maison 71m² à janze,https://www.etreproprio.com/immobilier-22450436-vente-maison-71m-a-janze-janze
JANZE,Maison  113 m2,https://www.etreproprio.com/immobilier-22546960-vente-maison-113-m2-janze
JANZE,Maison 170m² à janze,https://www.etreproprio.com/immobilier-22504125-vente-maison-170m-a-janze-janze
LALLEU,Maison 58m² à lalleu,https://www.etreproprio.com/immobilier-23265277-vente-maison-58m-a-lalleu-lalleu
JANZE,Maison 98m² à janze,https://www.etreproprio.com/immobilier-22378497-vente-maison-98m-a-janze-janze
JANZE,Maison de village,https://www.etreproprio.com/immobilier-22165673-vente-maison-de-village-janze
JANZE,Maison 55m² à janze,https://www.etreproprio.com/immobilier-22155522-vente-maison-55m-a-janze-janze
JANZE,Maison en pierre à vendre 8 pièces à janze,https://www.etreproprio.com/immobilier-21223111-vente-maison-en-pierre-a-vendre-8-pieces-a-janze-janze
JANZE,Maison 175m² à janze,https://www.etreproprio.com/immobilier-21997683-vente-maison-175m-a-janze-janze
JANZE,Vente maison janze(35150) 308 800ï¿œ,https://www.etreproprio.com/immobilier-21986483-vente-vente-maison-janze35150-308-800i-oe-janze
JANZE,Maison 112m² à janze,https://www.etreproprio.com/immobilier-21983570-vente-maison-112m-a-janze-janze
JANZE,Pavillon 6 pièces 175 m²,https://www.etreproprio.com/immobilier-21972658-vente-pavillon-6-pieces-175-m-janze
JANZE,Maison 4 pièces janzé,https://www.etreproprio.com/immobilier-21964169-vente-maison-4-pieces-janze-janze
JANZE,Charmante maison individuelle à janzé (35150) - proche de toutes commodités,https://www.etreproprio.com/immobilier-20606804-vente-charmante-maison-individuelle-a-janze-35150-proche-de-toutes-commodites-janze
JANZE,Maison 175m² à janze,https://www.etreproprio.com/immobilier-20307763-vente-maison-175m-a-janze-janze
JANZE,Maison 124m² à janze,https://www.etreproprio.com/immobilier-21852905-vente-maison-124m-a-janze-janze
JANZE,Maison à vendre,https://www.etreproprio.com/immobilier-18532608-vente-maison-a-vendre-janze
JANZE,"Grande maison en pierres de 300 m2 avec terrain, hangar, étang et bois* parfaite pour une grande famille ou un",https://www.etreproprio.com/immobilier-20099588-vente-grande-maison-en-pierres-de-300-m2-avec-terrain-hangar-etang-et-bois-parfaite-pour-une-grande-famille-ou-un-janze
JANZE,Maison 118 m² non mitoyenne 5 chambres dont 1 au rdc avec salle d'eau,https://www.etreproprio.com/immobilier-20523822-vente-maison-118-m-non-mitoyenne-5-chambres-dont-1-au-rdc-avec-salle-d-eau-janze
JANZE,Belle maison contemporaine 4 chambres et un bureau - terrain 950 m2,https://www.etreproprio.com/immobilier-20004228-vente-belle-maison-contemporaine-4-chambres-et-un-bureau-terrain-950-m2-janze
JANZE,Longère découpée en appartements,https://www.etreproprio.com/immobilier-19894727-vente-longere-decoupee-en-appartements-janze
JANZE,Janzé -maison non mitoyenne sans vis à vis - 4 chambres dont 1 rdc et un bureau - 721 m²  terrain,https://www.etreproprio.com/immobilier-19499126-vente-janze-maison-non-mitoyenne-sans-vis-a-vis-4-chambres-dont-1-rdc-et-un-bureau-721-m-terrain-janze
JANZE,Janzé - maison 153m² sur parcelle de 1349m2,https://www.etreproprio.com/immobilier-18438803-vente-janze-maison-153m-sur-parcelle-de-1349m2-janze
JANZE,Janzé  bourg- maison plain-pied - 2 chambres- 409 m² terrain,https://www.etreproprio.com/immobilier-15653190-vente-janze-bourg-maison-plain-pied-2-chambres-409-m-terrain-janze
LAILLE,A 2 pas du centre,https://www.etreproprio.com/immobilier-23212351-vente-a-2-pas-du-centre-laille
LAILLE,Maison 151m² à laille,https://www.etreproprio.com/immobilier-22989560-vente-maison-151m-a-laille-laille
LAILLE,Maison laille 2 pièce(s) 23.80 m2,https://www.etreproprio.com/immobilier-22496664-vente-maison-laille-2-pieces-2380-m2-laille
LAILLE,Viager - maison laille 5 pièce(s) 80 m2,https://www.etreproprio.com/immobilier-22496665-vente-viager-maison-laille-5-pieces-80-m2-laille
LAILLE,Maison laille 7 pièce(s) 120 m2,https://www.etreproprio.com/immobilier-22496669-vente-maison-laille-7-pieces-120-m2-laille
LAILLE,Maison 110m² à laille,https://www.etreproprio.com/immobilier-22441727-vente-maison-110m-a-laille-laille
LAILLE,Maison 125m² à laille,https://www.etreproprio.com/immobilier-21564592-vente-maison-125m-a-laille-laille
LAILLE,Maison 81m² à laille,https://www.etreproprio.com/immobilier-22354212-vente-maison-81m-a-laille-laille
LAILLE,Propriété laillé avec vue exceptionnelle sur la vallée,https://www.etreproprio.com/immobilier-22277551-vente-propriete-laille-avec-vue-exceptionnelle-sur-la-vallee-laille
LAILLE,Maison familiale à laillé,https://www.etreproprio.com/immobilier-21097888-vente-maison-familiale-a-laille-laille
LAILLE,Maison 186m² à laille,https://www.etreproprio.com/immobilier-21765243-vente-maison-186m-a-laille-laille
LAILLE,Maison laillé 120 m2,https://www.etreproprio.com/immobilier-20228922-vente-maison-laille-120-m2-laille
LANDAVRAN,A vendre maison 5 pièces à landavran 105 m² - 157 900  hai,https://www.etreproprio.com/immobilier-22592876-vente-a-vendre-maison-5-pieces-a-landavran-105-m-157-900-hai-landavran
LANDEAN,Maison 115m² à landean,https://www.etreproprio.com/immobilier-23908085-vente-maison-115m-a-landean-landean
LANDEAN,Maison en pierres à finir de rénover - gros potentiel,https://www.etreproprio.com/immobilier-23897430-vente-maison-en-pierres-a-finir-de-renover-gros-potentiel-landean
LANDEAN,"Maison en pierres, 3ch, à finir de rénover - gros potentiel",https://www.etreproprio.com/immobilier-23897432-vente-maison-en-pierres-3ch-a-finir-de-renover-gros-potentiel-landean
LANDEAN,Maison à vendre 6 pièces landean (35),https://www.etreproprio.com/immobilier-23856904-vente-maison-a-vendre-6-pieces-landean-35-landean
LANDEAN,Maison 75 m² à landean (35133 ) plain-pied,https://www.etreproprio.com/immobilier-18962986-vente-maison-75-m-a-landean-35133-plain-pied-landean
LANDEAN,Maison landean 5 pièce(s),https://www.etreproprio.com/immobilier-23536369-vente-maison-landean-5-pieces-landean
LANDEAN,Maison 190m² à landean,https://www.etreproprio.com/immobilier-22322415-vente-maison-190m-a-landean-landean
LANDEAN,Maison  9 pièces + dépendances,https://www.etreproprio.com/immobilier-20316759-vente-maison-9-pieces-dependances-landean
LANDEAN,Maison 127m² à landean,https://www.etreproprio.com/immobilier-22494529-vente-maison-127m-a-landean-landean
LANDEAN,Demeure en pierres,https://www.etreproprio.com/immobilier-21917240-vente-demeure-en-pierres-landean
LANDUJAN,Maison landujan 7 pièces 166 m2 - 5 chambres - dépendances - 7500 m² de terrain,https://www.etreproprio.com/immobilier-22715055-vente-maison-landujan-7-pieces-166-m2-5-chambres-dependances-7500-m-de-terrain-landujan
LANDUJAN,Maison 125m² à landujan,https://www.etreproprio.com/immobilier-21971459-vente-maison-125m-a-landujan-landujan
LANDUJAN,"Dpt ille et vilaine (35), à vendre landujan maison",https://www.etreproprio.com/immobilier-21613376-vente-dpt-ille-et-vilaine-35-a-vendre-landujan-maison-landujan
LANGAN,Maison 113m² à langan,https://www.etreproprio.com/immobilier-23214814-vente-maison-113m-a-langan-langan
LANGON,Jolie maison de 4 chambres et piscine proche de langon,https://www.etreproprio.com/immobilier-23903236-vente-jolie-maison-de-4-chambres-et-piscine-proche-de-langon-langon
LANGON,Maison 119m² à langon,https://www.etreproprio.com/immobilier-23607383-vente-maison-119m-a-langon-langon
LANGON,Maison langon 35660- cadre verdoyant et calme - 4 chambres,https://www.etreproprio.com/immobilier-23290142-vente-maison-langon-35660-cadre-verdoyant-et-calme-4-chambres-langon
LANGON,Maison langon 10 pièce(s) 160 m2,https://www.etreproprio.com/immobilier-22420206-vente-maison-langon-10-pieces-160-m2-langon
LANGON,Maison - la chapelle de brain - 3 pièces -  81 m2,https://www.etreproprio.com/immobilier-23220271-vente-maison-la-chapelle-de-brain-3-pieces-81-m2-langon
LANGON,Maison 30m² à langon,https://www.etreproprio.com/immobilier-23152302-vente-maison-30m-a-langon-langon
LANGON,Maison langon 15 pièce(s) 500 m2,https://www.etreproprio.com/immobilier-22937375-vente-maison-langon-15-pieces-500-m2-langon
LANGON,Maison 84m² à langon,https://www.etreproprio.com/immobilier-22070420-vente-maison-84m-a-langon-langon
LANGON,Maison 90m² à langon,https://www.etreproprio.com/immobilier-22854883-vente-maison-90m-a-langon-langon
LANGON,Maison langon 6 pièce(s) 165 m2,https://www.etreproprio.com/immobilier-22567112-vente-maison-langon-6-pieces-165-m2-langon
LANGON,A vendre maison t3 avec jardin a langon,https://www.etreproprio.com/immobilier-22032137-vente-a-vendre-maison-t3-avec-jardin-a-langon-langon
LANGON,Manoir d'exception  xv émé au xix ème  siècle   parc paysager de près de 3 hectares  dépendances  jardin à la française,https://www.etreproprio.com/immobilier-22060204-vente-manoir-d-exception-xv-eme-au-xix-eme-siecle-parc-paysager-de-pres-de-3-hectares-dependances-jardin-a-la-francaise-langon
LANGOUET,Maison 101m² à langouet,https://www.etreproprio.com/immobilier-23768625-vente-maison-101m-a-langouet-langouet
LANGOUET,Maison 137m² à langouet,https://www.etreproprio.com/immobilier-22725480-vente-maison-137m-a-langouet-langouet
LANGOUET,Maison 107m² à langouet,https://www.etreproprio.com/immobilier-23649484-vente-maison-107m-a-langouet-langouet
LANGOUET,Maison langouet t7 220 m²,https://www.etreproprio.com/immobilier-23285702-vente-maison-langouet-t7-220-m-langouet
LANGOUET,Maison contemporaine récente - 101 m2 - 3 chambres,https://www.etreproprio.com/immobilier-23183268-vente-maison-contemporaine-recente-101-m2-3-chambres-langouet
LANGOUET,Longère authentique langouet 6 pièce(s) 203 m2,https://www.etreproprio.com/immobilier-22497799-vente-longere-authentique-langouet-6-pieces-203-m2-langouet
LANGOUET,Maison 146m² à langouet,https://www.etreproprio.com/immobilier-17579748-vente-maison-146m-a-langouet-langouet
LANGOUET,Maison 146m² à langouet,https://www.etreproprio.com/immobilier-17579751-vente-maison-146m-a-langouet-langouet
LASSY,Maison 5 pièces 102m²,https://www.etreproprio.com/immobilier-23888912-vente-maison-5-pieces-102m-lassy
LASSY,Maison secteur calme,https://www.etreproprio.com/immobilier-23709950-vente-maison-secteur-calme-lassy
LASSY,Maison 8 pieces lassy terrain 6100m2,https://www.etreproprio.com/immobilier-23642173-vente-maison-8-pieces-lassy-terrain-6100m2-lassy
LASSY,Maison en pierres en campagne,https://www.etreproprio.com/immobilier-21005812-vente-maison-en-pierres-en-campagne-lassy
LASSY,Maison  indépendante lassy 7 pièce(s) 199m²,https://www.etreproprio.com/immobilier-19321385-vente-maison-independante-lassy-7-pieces-199m-lassy
LECOUSSE,Maison 95m² à lecousse,https://www.etreproprio.com/immobilier-23914599-vente-maison-95m-a-lecousse-lecousse
LECOUSSE,Campagne de lecousse,https://www.etreproprio.com/immobilier-23910229-vente-campagne-de-lecousse-lecousse
LECOUSSE,Maison 91m² à lecousse,https://www.etreproprio.com/immobilier-23901861-vente-maison-91m-a-lecousse-lecousse
LECOUSSE,Maison 80m² à lecousse,https://www.etreproprio.com/immobilier-23533067-vente-maison-80m-a-lecousse-lecousse
LECOUSSE,Maison lecousse  4 pièce(s) 80 m2,https://www.etreproprio.com/immobilier-23536370-vente-maison-lecousse-4-pieces-80-m2-lecousse
LECOUSSE,"Maison de 156m² à lécousse, proche commerces et écoles",https://www.etreproprio.com/immobilier-19484846-vente-maison-de-156m-a-lecousse-proche-commerces-et-ecoles-lecousse
LECOUSSE,Maison 87m² à lecousse,https://www.etreproprio.com/immobilier-23502918-vente-maison-87m-a-lecousse-lecousse
LECOUSSE,Maison très récente à vendre 4 pièces lecousse (35),https://www.etreproprio.com/immobilier-23493235-vente-maison-tres-recente-a-vendre-4-pieces-lecousse-35-lecousse
LECOUSSE,Maison 156m² à lecousse,https://www.etreproprio.com/immobilier-23661001-vente-maison-156m-a-lecousse-lecousse
LECOUSSE,Maison récente 3 chambres avec suite parentale - lecousse,https://www.etreproprio.com/immobilier-23606364-vente-maison-recente-3-chambres-avec-suite-parentale-lecousse-lecousse
LECOUSSE,Maison t5 lecousse,https://www.etreproprio.com/immobilier-23479711-vente-maison-t5-lecousse-lecousse
LECOUSSE,Jolie maison avec garage et jardin exposé sud et ouest,https://www.etreproprio.com/immobilier-23212881-vente-jolie-maison-avec-garage-et-jardin-expose-sud-et-ouest-lecousse
LECOUSSE,A la recherche d'une maison familliale 5 chambres avec un beau jardin ? ne chercher plus,https://www.etreproprio.com/immobilier-22612408-vente-a-la-recherche-d-une-maison-familliale-5-chambres-avec-un-beau-jardin-ne-chercher-plus-lecousse
LECOUSSE,Votre nouvelle histoire commence à lécousse !,https://www.etreproprio.com/immobilier-23201407-vente-votre-nouvelle-histoire-commence-a-lecousse-lecousse
LECOUSSE,A vendre - maison romagne 132 m²,https://www.etreproprio.com/immobilier-23151751-vente-a-vendre-maison-romagne-132-m-lecousse
LECOUSSE,"Maison de 155 m², 7 pièces sur 1400 m² de terrain",https://www.etreproprio.com/immobilier-22609363-vente-maison-de-155-m-7-pieces-sur-1400-m-de-terrain-lecousse
LECOUSSE,Maison 138m² à lecousse,https://www.etreproprio.com/immobilier-23113613-vente-maison-138m-a-lecousse-lecousse
LECOUSSE,Maison lécousse 5 pièce(s),https://www.etreproprio.com/immobilier-23078860-vente-maison-lecousse-5-pieces-lecousse
LECOUSSE,Maison lécousse,https://www.etreproprio.com/immobilier-22974692-vente-maison-lecousse-lecousse
LECOUSSE,A vendre maison fougère lecousse 6 pièce(s) 99.2 m2,https://www.etreproprio.com/immobilier-22942741-vente-a-vendre-maison-fougere-lecousse-6-pieces-992-m2-lecousse
LIEURON,Maison 136m² à lieuron,https://www.etreproprio.com/immobilier-23244487-vente-maison-136m-a-lieuron-lieuron
LIEURON,Maison de 88 m² sur un terrain de 759 m²,https://www.etreproprio.com/immobilier-23466686-vente-maison-de-88-m-sur-un-terrain-de-759-m-lieuron
LIFFRE,Maison 114m² à liffre,https://www.etreproprio.com/immobilier-23900816-vente-maison-114m-a-liffre-liffre
LIFFRE,Maison 101m² à liffre,https://www.etreproprio.com/immobilier-23905351-vente-maison-101m-a-liffre-liffre
LIFFRE,Maison 115m² à liffre,https://www.etreproprio.com/immobilier-23889547-vente-maison-115m-a-liffre-liffre
LIFFRE,Maison de bourg - liffré -  6 pièce(s)  - 142 m2 - jardin,https://www.etreproprio.com/immobilier-20936767-vente-maison-de-bourg-liffre-6-pieces-142-m2-jardin-liffre
LIFFRE,Maison coup de cœur entourée de nature à erce-près-liffre,https://www.etreproprio.com/immobilier-23857141-vente-maison-coup-de-coeur-entouree-de-nature-a-erce-pres-liffre-liffre
LIFFRE,Maison liffré,https://www.etreproprio.com/immobilier-23849723-vente-maison-liffre-liffre
LIFFRE,Maison liffre 6 pièce(s) 181.67 m2,https://www.etreproprio.com/immobilier-23841963-vente-maison-liffre-6-pieces-18167-m2-liffre
LIFFRE,Maison à liffré de 169 m2,https://www.etreproprio.com/immobilier-23840569-vente-maison-a-liffre-de-169-m2-liffre
LIFFRE,Maison liffre 5 pièce(s) 126.12 m2,https://www.etreproprio.com/immobilier-22319772-vente-maison-liffre-5-pieces-12612-m2-liffre
LIFFRE,Maison 143m² à liffre,https://www.etreproprio.com/immobilier-23806275-vente-maison-143m-a-liffre-liffre
LIFFRE,Maison 106m² à liffre,https://www.etreproprio.com/immobilier-23765587-vente-maison-106m-a-liffre-liffre
LIFFRE,Maison 140m² à liffre,https://www.etreproprio.com/immobilier-23755925-vente-maison-140m-a-liffre-liffre
LIFFRE,Maison 145m² à liffre,https://www.etreproprio.com/immobilier-23714112-vente-maison-145m-a-liffre-liffre
LIFFRE,Maison 80m² à liffre,https://www.etreproprio.com/immobilier-23684524-vente-maison-80m-a-liffre-liffre
LIFFRE,Maison familiale avec chambre au rdc idéalement située à liffré,https://www.etreproprio.com/immobilier-23687704-vente-maison-familiale-avec-chambre-au-rdc-idealement-situee-a-liffre-liffre
LIFFRE,Maison 179m² à liffre,https://www.etreproprio.com/immobilier-23684525-vente-maison-179m-a-liffre-liffre
LIFFRE,Maison liffré,https://www.etreproprio.com/immobilier-23689519-vente-maison-liffre-liffre
LIFFRE,À vendre - belle maison contemporaine aux prestations de qualité sur la commune de liffré,https://www.etreproprio.com/immobilier-23687702-vente-a-vendre-belle-maison-contemporaine-aux-prestations-de-qualite-sur-la-commune-de-liffre-liffre
LIFFRE,Maison liffré,https://www.etreproprio.com/immobilier-23689518-vente-maison-liffre-liffre
LIFFRE,Maison liffré,https://www.etreproprio.com/immobilier-23687707-vente-maison-liffre-liffre
LECOUSSE,Maison 3 pièces 55 m2,https://www.etreproprio.com/immobilier-21675805-vente-maison-3-pieces-55-m2-lecousse
LECOUSSE,A vendre maison d'architecte à  lécousse 7 pièce(s) 215m²,https://www.etreproprio.com/immobilier-21584297-vente-a-vendre-maison-d-architecte-a-lecousse-7-pieces-215m-lecousse
LECOUSSE,Maison 6 pièces 120 m2,https://www.etreproprio.com/immobilier-22165709-vente-maison-6-pieces-120-m2-lecousse
LECOUSSE,Maison 200m² à lecousse,https://www.etreproprio.com/immobilier-22026236-vente-maison-200m-a-lecousse-lecousse
LECOUSSE,"Maison lécousse, proche fougeres 6 pièce(s) 107 m2",https://www.etreproprio.com/immobilier-21235400-vente-maison-lecousse-proche-fougeres-6-pieces-107-m2-lecousse
LECOUSSE,Maison 5 pièces 95 m2,https://www.etreproprio.com/immobilier-20207833-vente-maison-5-pieces-95-m2-lecousse
LECOUSSE,Maison 92m² à lecousse,https://www.etreproprio.com/immobilier-16119280-vente-maison-92m-a-lecousse-lecousse
LILLEMER,"Maison à vendre lillemer 6 pièces, 4 chambres, 993m² de terrain",https://www.etreproprio.com/immobilier-23880760-vente-maison-a-vendre-lillemer-6-pieces-4-chambres-993m-de-terrain-lillemer
LILLEMER,Maison 108m² à lillemer,https://www.etreproprio.com/immobilier-23735105-vente-maison-108m-a-lillemer-lillemer
LILLEMER,Maison avec jardin lillemer à vendre,https://www.etreproprio.com/immobilier-21795120-vente-maison-avec-jardin-lillemer-a-vendre-lillemer
LIVRE-SUR-CHANGEON,Maison 136m² à livre-sur-changeon,https://www.etreproprio.com/immobilier-23883151-vente-maison-136m-a-livre-sur-changeon-livre-sur-changeon
LIVRE-SUR-CHANGEON,Maison 175m² à livre-sur-changeon,https://www.etreproprio.com/immobilier-23001271-vente-maison-175m-a-livre-sur-changeon-livre-sur-changeon
LIVRE-SUR-CHANGEON,Maison 132m² à livre-sur-changeon,https://www.etreproprio.com/immobilier-23756878-vente-maison-132m-a-livre-sur-changeon-livre-sur-changeon
LIVRE-SUR-CHANGEON,Maison livre sur changeon 5 pièce(s) 140 m2,https://www.etreproprio.com/immobilier-23386872-vente-maison-livre-sur-changeon-5-pieces-140-m2-livre-sur-changeon
LIFFRE,Maison liffré -  5 pièces - 76 m² - chambre au rez-de-chaussée,https://www.etreproprio.com/immobilier-23687700-vente-maison-liffre-5-pieces-76-m-chambre-au-rez-de-chaussee-liffre
LIFFRE,Maison en campagne de liffré,https://www.etreproprio.com/immobilier-23687706-vente-maison-en-campagne-de-liffre-liffre
LIFFRE,Maison 143m² à liffre,https://www.etreproprio.com/immobilier-23184072-vente-maison-143m-a-liffre-liffre
LIFFRE,"Centre ville, maison 130m2, 4 chambres.",https://www.etreproprio.com/immobilier-20104212-vente-centre-ville-maison-130m2-4-chambres-liffre
LIFFRE,Maison 248m² à liffre,https://www.etreproprio.com/immobilier-23660998-vente-maison-248m-a-liffre-liffre
LIFFRE,Maison liffré,https://www.etreproprio.com/immobilier-23619575-vente-maison-liffre-liffre
LIFFRE,Maison 118m² à liffre,https://www.etreproprio.com/immobilier-22145533-vente-maison-118m-a-liffre-liffre
LIFFRE,Maison 94m² à liffre,https://www.etreproprio.com/immobilier-23548810-vente-maison-94m-a-liffre-liffre
LIFFRE,Maison 92m² à liffre,https://www.etreproprio.com/immobilier-23545519-vente-maison-92m-a-liffre-liffre
LIFFRE,Maison 133m² à liffre,https://www.etreproprio.com/immobilier-22927493-vente-maison-133m-a-liffre-liffre
LIFFRE,Maison 129m² à liffre,https://www.etreproprio.com/immobilier-23130360-vente-maison-129m-a-liffre-liffre
LIFFRE,Maison 117m² à liffre,https://www.etreproprio.com/immobilier-22631421-vente-maison-117m-a-liffre-liffre
LIFFRE,Maison 203m² à liffre,https://www.etreproprio.com/immobilier-23507711-vente-maison-203m-a-liffre-liffre
LIFFRE,Maison 144m² à liffre,https://www.etreproprio.com/immobilier-23490278-vente-maison-144m-a-liffre-liffre
LIFFRE,Maison 122m² à liffre,https://www.etreproprio.com/immobilier-23490228-vente-maison-122m-a-liffre-liffre
LIFFRE,Maison 127m² à liffre,https://www.etreproprio.com/immobilier-23467264-vente-maison-127m-a-liffre-liffre
LIFFRE,Maison liffré 8 pièce(s) 170m2,https://www.etreproprio.com/immobilier-23457843-vente-maison-liffre-8-pieces-170m2-liffre
LIFFRE,Maison 151m² à liffre,https://www.etreproprio.com/immobilier-21995845-vente-maison-151m-a-liffre-liffre
LIFFRE,Maison récente 85 m² 3 chambres à liffré,https://www.etreproprio.com/immobilier-23444038-vente-maison-recente-85-m-3-chambres-a-liffre-liffre
LIFFRE,Maison liffre 8 pièce(s) 277 m2,https://www.etreproprio.com/immobilier-23219062-vente-maison-liffre-8-pieces-277-m2-liffre
LOHEAC,Maison 140m² à loheac,https://www.etreproprio.com/immobilier-22322387-vente-maison-140m-a-loheac-loheac
LONGAULNAY,"Idéal investisseur, 2 logements, proche axe rennes st malo",https://www.etreproprio.com/immobilier-23848112-vente-ideal-investisseur-2-logements-proche-axe-rennes-st-malo-longaulnay
LONGAULNAY,Maison longaulnay 6 pièce(s) 200 m2,https://www.etreproprio.com/immobilier-22688188-vente-maison-longaulnay-6-pieces-200-m2-longaulnay
LE LOROUX,Charmante maison de bourg,https://www.etreproprio.com/immobilier-23464614-vente-charmante-maison-de-bourg-le-loroux
LE LOROUX,Maison 145m² à le loroux,https://www.etreproprio.com/immobilier-23786521-vente-maison-145m-a-le-loroux-le-loroux
LE LOROUX,Martial joyeux conseiller immobilier optimhome vous présente :,https://www.etreproprio.com/immobilier-23594417-vente-martial-joyeux-conseiller-immobilier-optimhome-vous-presente-le-loroux
LE LOROUX,Maison pierre de 110 m2 très bien entretenue en centre bourg avec ses dépendances,https://www.etreproprio.com/immobilier-23368766-vente-maison-pierre-de-110-m2-tres-bien-entretenue-en-centre-bourg-avec-ses-dependances-le-loroux
LE LOROUX,"Maison type longère 166m², 4 chambres",https://www.etreproprio.com/immobilier-20846281-vente-maison-type-longere-166m-4-chambres-le-loroux
LIFFRE,Maison 173m² à liffre,https://www.etreproprio.com/immobilier-23394094-vente-maison-173m-a-liffre-liffre
LIFFRE,"À vendre - belle longère en pierre avec vaste terrain arboré, sans vis-à-vis",https://www.etreproprio.com/immobilier-22644597-vente-a-vendre-belle-longere-en-pierre-avec-vaste-terrain-arbore-sans-vis-a-vis-liffre
LIFFRE,Maison 118m² à liffre,https://www.etreproprio.com/immobilier-23313487-vente-maison-118m-a-liffre-liffre
LIFFRE,Vendu par l'agence la française immobilière liffré !,https://www.etreproprio.com/immobilier-23316603-vente-vendu-par-l-agence-la-francaise-immobiliere-liffre-liffre
LIFFRE,Maison 149m² à liffre,https://www.etreproprio.com/immobilier-23306404-vente-maison-149m-a-liffre-liffre
LIFFRE,Liffré centre   grande maison 7 ch avec piscine et potentiel,https://www.etreproprio.com/immobilier-23284718-vente-liffre-centre-grande-maison-7-ch-avec-piscine-et-potentiel-liffre
LIFFRE,Maison contemporaine,https://www.etreproprio.com/immobilier-23273842-vente-maison-contemporaine-liffre
LIFFRE,Prestations de qualité et cadre serein : votre future maison à liffré,https://www.etreproprio.com/immobilier-23273792-vente-prestations-de-qualite-et-cadre-serein-votre-future-maison-a-liffre-liffre
LIFFRE,A vendre - 35340 liffre  - maison de charme - centre ville - 4 chambres - 167 m² hab et 207 m² au sol - expo sud - terrain de 33,https://www.etreproprio.com/immobilier-23231557-vente-a-vendre-35340-liffre-maison-de-charme-centre-ville-4-chambres-167-m-hab-et-207-m-au-sol-expo-sud-terrain-de-33-liffre
LIFFRE,Maison contemporaine liffre 6 pièce(s) 112.67 m2,https://www.etreproprio.com/immobilier-23188212-vente-maison-contemporaine-liffre-6-pieces-11267-m2-liffre
LIFFRE,Maison chasné sur illet,https://www.etreproprio.com/immobilier-23168010-vente-maison-chasne-sur-illet-liffre
LIFFRE,"À liffré, dans un quartier très recherché, venez découvrir cette jolie maison familiale pleine de charme et de potentiel !",https://www.etreproprio.com/immobilier-23138905-vente-a-liffre-dans-un-quartier-tres-recherche-venez-decouvrir-cette-jolie-maison-familiale-pleine-de-charme-et-de-potentiel-liffre
LIFFRE,Maison 112m² à liffre,https://www.etreproprio.com/immobilier-22981468-vente-maison-112m-a-liffre-liffre
LIFFRE,Maison 104m² à liffre,https://www.etreproprio.com/immobilier-23089529-vente-maison-104m-a-liffre-liffre
LIFFRE,Maison 247m² à liffre,https://www.etreproprio.com/immobilier-23026763-vente-maison-247m-a-liffre-liffre
LIFFRE,Maison contemporaire coup de coeur à liffré,https://www.etreproprio.com/immobilier-22995726-vente-maison-contemporaire-coup-de-coeur-a-liffre-liffre
LIFFRE,Vendu - 35340 liffre - centre ville - maison - 5 chambres - 162 m² hab. et 188m² au sol - terrain 590 m²- garage.,https://www.etreproprio.com/immobilier-22904591-vente-vendu-35340-liffre-centre-ville-maison-5-chambres-162-m-hab-et-188m-au-sol-terrain-590-m-garage-liffre
LIFFRE,Rare longére liffre 10 pièce(s) 277 m2 proximité centre ville de liffré et a84,https://www.etreproprio.com/immobilier-21683976-vente-rare-longere-liffre-10-pieces-277-m2-proximite-centre-ville-de-liffre-et-a84-liffre
LIFFRE,Maison liffré,https://www.etreproprio.com/immobilier-22863962-vente-maison-liffre-liffre
LIFFRE,Maison 93m² à liffre,https://www.etreproprio.com/immobilier-22506133-vente-maison-93m-a-liffre-liffre
LOURMAIS,Maison 124m² à lourmais,https://www.etreproprio.com/immobilier-21745480-vente-maison-124m-a-lourmais-lourmais
LOURMAIS,Maison lourmais 6 pièce(s) 166 m2,https://www.etreproprio.com/immobilier-23777094-vente-maison-lourmais-6-pieces-166-m2-lourmais
LOURMAIS,Maison proche combourg 131 m2,https://www.etreproprio.com/immobilier-21396646-vente-maison-proche-combourg-131-m2-lourmais
LOUTEHEL,Charmante maison de bourg de loutehel (35330),https://www.etreproprio.com/immobilier-22935041-vente-charmante-maison-de-bourg-de-loutehel-35330-loutehel
LIFFRE,Maison liffre 8 pièce(s) 156m2,https://www.etreproprio.com/immobilier-22853414-vente-maison-liffre-8-pieces-156m2-liffre
LIFFRE,Maison 215m² à liffre,https://www.etreproprio.com/immobilier-22765820-vente-maison-215m-a-liffre-liffre
LIFFRE,"Maison 180,78 m² - centre-ville de liffré - 6 chambres - sous-sol",https://www.etreproprio.com/immobilier-22330915-vente-maison-18078-m-centre-ville-de-liffre-6-chambres-sous-sol-liffre
LIFFRE,Maison 110m² à liffre,https://www.etreproprio.com/immobilier-22356393-vente-maison-110m-a-liffre-liffre
LIFFRE,Maison à vendre liffré centre,https://www.etreproprio.com/immobilier-22243438-vente-maison-a-vendre-liffre-centre-liffre
LIFFRE,Maison liffré,https://www.etreproprio.com/immobilier-22221815-vente-maison-liffre-liffre
LIFFRE,A vendre manoir du 17ème de 400 m² environ plus 400 m² (5 logements independants) sur 11 hectares,https://www.etreproprio.com/immobilier-21988462-vente-a-vendre-manoir-du-17eme-de-400-m-environ-plus-400-m-5-logements-independants-sur-11-hectares-liffre
LIFFRE,Manoir de prestige à vendre à liffre,https://www.etreproprio.com/immobilier-21990594-vente-manoir-de-prestige-a-vendre-a-liffre-liffre
LIFFRE,Charmante maison aux portes de rennes – idéale pour un nouveau départ en 2025 !,https://www.etreproprio.com/immobilier-21974181-vente-charmante-maison-aux-portes-de-rennes-ideale-pour-un-nouveau-depart-en-2025-liffre
LIFFRE,Liffré -   à 100 m de commerces,https://www.etreproprio.com/immobilier-21878798-vente-liffre-a-100-m-de-commerces-liffre
LIFFRE,Liffré -   à 100 m de commerces,https://www.etreproprio.com/immobilier-21878799-vente-liffre-a-100-m-de-commerces-liffre
LIFFRE,De nouveaux biens arrivent bientôt… et si c’était le vôtre ?,https://www.etreproprio.com/immobilier-21716946-vente-de-nouveaux-biens-arrivent-bientot-et-si-c-etait-le-votre-liffre
LIFFRE,Maison liffré,https://www.etreproprio.com/immobilier-21417983-vente-maison-liffre-liffre
LIFFRE,Maison liffre,https://www.etreproprio.com/immobilier-21417982-vente-maison-liffre-liffre
LIFFRE,Maison 97m² à liffré,https://www.etreproprio.com/immobilier-18909874-vente-maison-97m-a-liffre-liffre
LIFFRE,Maison liffre 6 pièce(s) 70 m2,https://www.etreproprio.com/immobilier-21316340-vente-maison-liffre-6-pieces-70-m2-liffre
LIFFRE,Maison 96 m² à liffré,https://www.etreproprio.com/immobilier-21194653-vente-maison-96-m-a-liffre-liffre
LIFFRE,Maison de ville neuve 91 m2 située en plein centre-ville de liffré - 6 pièces.,https://www.etreproprio.com/immobilier-20998282-vente-maison-de-ville-neuve-91-m2-situee-en-plein-centre-ville-de-liffre-6-pieces-liffre
LIFFRE,Maison de ville neuve 129 m2 située en plein centre-ville de liffré - 7 pièces.,https://www.etreproprio.com/immobilier-20998281-vente-maison-de-ville-neuve-129-m2-situee-en-plein-centre-ville-de-liffre-7-pieces-liffre
LIFFRE,Maison récente de plain pied de 2020,https://www.etreproprio.com/immobilier-20636510-vente-maison-recente-de-plain-pied-de-2020-liffre
LOUVIGNE-DE-BAIS,Maison 140m² à louvigné-de-bais,https://www.etreproprio.com/immobilier-23299874-vente-maison-140m-a-louvigne-de-bais-louvigne-de-bais
LOUVIGNE-DE-BAIS,Nouveauté au cabinet diard immobilier ! maison type 4 de plain pied 70 m2 sur terrain clos de 379 m2,https://www.etreproprio.com/immobilier-23736977-vente-nouveaute-au-cabinet-diard-immobilier-maison-type-4-de-plain-pied-70-m2-sur-terrain-clos-de-379-m2-louvigne-de-bais
LOUVIGNE-DE-BAIS,Maison 271m² à louvigne-de-bais,https://www.etreproprio.com/immobilier-23691929-vente-maison-271m-a-louvigne-de-bais-louvigne-de-bais
LOUVIGNE-DE-BAIS,A vendre maison 6 pièces à louvigné de bais 110 m² - 198 900 hai,https://www.etreproprio.com/immobilier-21855154-vente-a-vendre-maison-6-pieces-a-louvigne-de-bais-110-m-198-900-hai-louvigne-de-bais
LOUVIGNE-DE-BAIS,Maison 155m² à louvigne-de-bais,https://www.etreproprio.com/immobilier-23300175-vente-maison-155m-a-louvigne-de-bais-louvigne-de-bais
LOUVIGNE-DE-BAIS,Maison 220m² à louvigne-de-bais,https://www.etreproprio.com/immobilier-22437538-vente-maison-220m-a-louvigne-de-bais-louvigne-de-bais
LOUVIGNE-DE-BAIS,Maisons au cœur de louvigné de bais,https://www.etreproprio.com/immobilier-22531940-vente-maisons-au-coeur-de-louvigne-de-bais-louvigne-de-bais
LOUVIGNE-DE-BAIS,Maison 170m² à louvigne-de-bais,https://www.etreproprio.com/immobilier-23107592-vente-maison-170m-a-louvigne-de-bais-louvigne-de-bais
LOUVIGNE-DE-BAIS,Maison 400m² à louvigne-de-bais,https://www.etreproprio.com/immobilier-23394121-vente-maison-400m-a-louvigne-de-bais-louvigne-de-bais
LOUVIGNE-DE-BAIS,Maison louvigne de bais 6 pièce(s) 105 m2,https://www.etreproprio.com/immobilier-21880991-vente-maison-louvigne-de-bais-6-pieces-105-m2-louvigne-de-bais
LOUVIGNE-DE-BAIS,Maison 106m² à louvigne-de-bais,https://www.etreproprio.com/immobilier-23129355-vente-maison-106m-a-louvigne-de-bais-louvigne-de-bais
LOUVIGNE-DE-BAIS,"Maison 138 m2 sur terrain de 520 m2 avec 4 chambres, terrasse, cour et jardin exposé sud, double carport, cave",https://www.etreproprio.com/immobilier-23108093-vente-maison-138-m2-sur-terrain-de-520-m2-avec-4-chambres-terrasse-cour-et-jardin-expose-sud-double-carport-cave-louvigne-de-bais
LOUVIGNE-DE-BAIS,Maison 49m² à louvigne-de-bais,https://www.etreproprio.com/immobilier-22961815-vente-maison-49m-a-louvigne-de-bais-louvigne-de-bais
LOUVIGNE-DE-BAIS,Maison louvigne de bais 7 pièce(s) 206 m2,https://www.etreproprio.com/immobilier-22680723-vente-maison-louvigne-de-bais-7-pieces-206-m2-louvigne-de-bais
LOUVIGNE-DE-BAIS,Maison 252m² à louvigné-de-bais,https://www.etreproprio.com/immobilier-22658676-vente-maison-252m-a-louvigne-de-bais-louvigne-de-bais
LOUVIGNE-DE-BAIS,"Maison familiale , 4 chambres",https://www.etreproprio.com/immobilier-22573467-vente-maison-familiale-4-chambres-louvigne-de-bais
LOUVIGNE-DE-BAIS,Maison 109m² à louvigne-de-bais,https://www.etreproprio.com/immobilier-21521649-vente-maison-109m-a-louvigne-de-bais-louvigne-de-bais
LOUVIGNE-DE-BAIS,A vendre - maison + hangar à louvigne de bais - 438 000  hai,https://www.etreproprio.com/immobilier-20584204-vente-a-vendre-maison-hangar-a-louvigne-de-bais-438-000-hai-louvigne-de-bais
LIFFRE,Maison en campagne à environ 2 kms du bourg,https://www.etreproprio.com/immobilier-20560068-vente-maison-en-campagne-a-environ-2-kms-du-bourg-liffre
LOUVIGNE-DU-DESERT,Maison 115m² à louvigne-du-desert,https://www.etreproprio.com/immobilier-23665767-vente-maison-115m-a-louvigne-du-desert-louvigne-du-desert
LOUVIGNE-DU-DESERT,Maison 114m² à louvigne-du-desert,https://www.etreproprio.com/immobilier-23873202-vente-maison-114m-a-louvigne-du-desert-louvigne-du-desert
LOUVIGNE-DU-DESERT,Maison louvigne du desert 5 pièce(s) 100 m2,https://www.etreproprio.com/immobilier-23860815-vente-maison-louvigne-du-desert-5-pieces-100-m2-louvigne-du-desert
LOUVIGNE-DU-DESERT,Maison 145m² à louvigne-du-desert,https://www.etreproprio.com/immobilier-23402107-vente-maison-145m-a-louvigne-du-desert-louvigne-du-desert
LOUVIGNE-DU-DESERT,Maison 140m² à louvigne-du-desert,https://www.etreproprio.com/immobilier-23751031-vente-maison-140m-a-louvigne-du-desert-louvigne-du-desert
LOUVIGNE-DU-DESERT,Maison 70m² à louvigne-du-desert,https://www.etreproprio.com/immobilier-23361748-vente-maison-70m-a-louvigne-du-desert-louvigne-du-desert
LOUVIGNE-DU-DESERT,Maison louvigne du desert 8 pièce(s) 195.14 m2,https://www.etreproprio.com/immobilier-23678022-vente-maison-louvigne-du-desert-8-pieces-19514-m2-louvigne-du-desert
LOUVIGNE-DU-DESERT,Maison louvigne du desert 5 pièce(s) 105 m2,https://www.etreproprio.com/immobilier-23628918-vente-maison-louvigne-du-desert-5-pieces-105-m2-louvigne-du-desert
LOUVIGNE-DU-DESERT,Maison louvigne du desert  4 pièce(s),https://www.etreproprio.com/immobilier-22618352-vente-maison-louvigne-du-desert-4-pieces-louvigne-du-desert
LOUVIGNE-DU-DESERT,A vendre - louvigné du désert - maison 4 pièce(s) 104 m² - terrain 1ha9a,https://www.etreproprio.com/immobilier-23555843-vente-a-vendre-louvigne-du-desert-maison-4-pieces-104-m-terrain-1ha9a-louvigne-du-desert
LOUVIGNE-DU-DESERT,Maison 178m² à louvigne-du-desert,https://www.etreproprio.com/immobilier-23541621-vente-maison-178m-a-louvigne-du-desert-louvigne-du-desert
LOUVIGNE-DU-DESERT,Maison 80m² à louvigne-du-desert,https://www.etreproprio.com/immobilier-23130111-vente-maison-80m-a-louvigne-du-desert-louvigne-du-desert
LOUVIGNE-DU-DESERT,Maison à vendre à louvigné du désert - référence 373bl,https://www.etreproprio.com/immobilier-23533267-vente-maison-a-vendre-a-louvigne-du-desert-reference-373bl-louvigne-du-desert
LOUVIGNE-DU-DESERT,Charmante maison de ville – 88 m² – 505 m² de terrain clos,https://www.etreproprio.com/immobilier-22980069-vente-charmante-maison-de-ville-88-m-505-m-de-terrain-clos-louvigne-du-desert
LOUVIGNE-DU-DESERT,Maison louvigné-du-désert 8 pièces 212 m2,https://www.etreproprio.com/immobilier-23349534-vente-maison-louvigne-du-desert-8-pieces-212-m2-louvigne-du-desert
LOUVIGNE-DU-DESERT,Maison 61m² à louvigne-du-desert,https://www.etreproprio.com/immobilier-22972983-vente-maison-61m-a-louvigne-du-desert-louvigne-du-desert
LOUVIGNE-DU-DESERT,Maison louvigné,https://www.etreproprio.com/immobilier-23292273-vente-maison-louvigne-louvigne-du-desert
LOUVIGNE-DU-DESERT,Maison 190m² à louvigne-du-desert,https://www.etreproprio.com/immobilier-21765049-vente-maison-190m-a-louvigne-du-desert-louvigne-du-desert
LOUVIGNE-DU-DESERT,Maison 143m² à louvigne-du-desert,https://www.etreproprio.com/immobilier-23256751-vente-maison-143m-a-louvigne-du-desert-louvigne-du-desert
LOUVIGNE-DU-DESERT,Maison 243m² à louvigne-du-desert,https://www.etreproprio.com/immobilier-22058748-vente-maison-243m-a-louvigne-du-desert-louvigne-du-desert
LUITRE,A vendre maison en pierre luitré 35133,https://www.etreproprio.com/immobilier-23565796-vente-a-vendre-maison-en-pierre-luitre-35133-luitre
LUITRE,Maison 144m² à luitre,https://www.etreproprio.com/immobilier-23280101-vente-maison-144m-a-luitre-luitre
LUITRE,Belle longère située à luitre,https://www.etreproprio.com/immobilier-21236892-vente-belle-longere-situee-a-luitre-luitre
LUITRE,Maison luitre dompierre,https://www.etreproprio.com/immobilier-23432397-vente-maison-luitre-dompierre-luitre
LUITRE,Maison luitre 278m²,https://www.etreproprio.com/immobilier-23386032-vente-maison-luitre-278m-luitre
LUITRE,2 maisons d'habitation à rénover dans un hameau sur la commune de luitré,https://www.etreproprio.com/immobilier-20705556-vente-2-maisons-d-habitation-a-renover-dans-un-hameau-sur-la-commune-de-luitre-luitre
LOUVIGNE-DU-DESERT,Maison 272m² à louvigne-du-desert,https://www.etreproprio.com/immobilier-23099337-vente-maison-272m-a-louvigne-du-desert-louvigne-du-desert
LOUVIGNE-DU-DESERT,Maison 210m² à louvigne-du-desert,https://www.etreproprio.com/immobilier-23046508-vente-maison-210m-a-louvigne-du-desert-louvigne-du-desert
LOUVIGNE-DU-DESERT,Maison 353m² à louvigne-du-desert,https://www.etreproprio.com/immobilier-22252335-vente-maison-353m-a-louvigne-du-desert-louvigne-du-desert
LOUVIGNE-DU-DESERT,Maison louvigne du desert 7 pièce(s),https://www.etreproprio.com/immobilier-22124557-vente-maison-louvigne-du-desert-7-pieces-louvigne-du-desert
LOUVIGNE-DU-DESERT,Maison à vendre 1 pièce louvigne du desert (35),https://www.etreproprio.com/immobilier-22657082-vente-maison-a-vendre-1-piece-louvigne-du-desert-35-louvigne-du-desert
LOUVIGNE-DU-DESERT,Maison 94m² à louvigne-du-desert,https://www.etreproprio.com/immobilier-21691873-vente-maison-94m-a-louvigne-du-desert-louvigne-du-desert
LOUVIGNE-DU-DESERT,Maison louvigne du desert,https://www.etreproprio.com/immobilier-22496800-vente-maison-louvigne-du-desert-louvigne-du-desert
LOUVIGNE-DU-DESERT,Maison 156m² à louvigne-du-desert,https://www.etreproprio.com/immobilier-22446909-vente-maison-156m-a-louvigne-du-desert-louvigne-du-desert
LOUVIGNE-DU-DESERT,Maison 249m² à louvigne-du-desert,https://www.etreproprio.com/immobilier-22415959-vente-maison-249m-a-louvigne-du-desert-louvigne-du-desert
LOUVIGNE-DU-DESERT,Maison 69m² à louvigne-du-desert,https://www.etreproprio.com/immobilier-21954302-vente-maison-69m-a-louvigne-du-desert-louvigne-du-desert
LOUVIGNE-DU-DESERT,Maison 10 pièces 218 m2,https://www.etreproprio.com/immobilier-19805263-vente-maison-10-pieces-218-m2-louvigne-du-desert
MARCILLE-RAOUL,Maison 72m² à marcille-raoul,https://www.etreproprio.com/immobilier-22417069-vente-maison-72m-a-marcille-raoul-marcille-raoul
MARPIRE,"Maison pavillon 96m², 4 chambres",https://www.etreproprio.com/immobilier-23726542-vente-maison-pavillon-96m-4-chambres-marpire
MARPIRE,Maison 112m² à marpire,https://www.etreproprio.com/immobilier-23645769-vente-maison-112m-a-marpire-marpire
MARPIRE,Maison marpire 1 pièce(s) 145 m2,https://www.etreproprio.com/immobilier-22943054-vente-maison-marpire-1-pieces-145-m2-marpire
MARTIGNE-FERCHAUD,Ensemble immobilier 203m2,https://www.etreproprio.com/immobilier-23866416-vente-ensemble-immobilier-203m2-martigne-ferchaud
MARTIGNE-FERCHAUD,Le charme et le potentiel sont au rendez-vous!,https://www.etreproprio.com/immobilier-23865696-vente-le-charme-et-le-potentiel-sont-au-rendez-vous-martigne-ferchaud
MARTIGNE-FERCHAUD,Vente maison martigne-ferchaud(35640) 69 920ï¿œ,https://www.etreproprio.com/immobilier-23838012-vente-vente-maison-martigne-ferchaud35640-69-920i-oe-martigne-ferchaud
MARTIGNE-FERCHAUD,Vente maison martigne-ferchaud(35640) 109 200ï¿œ,https://www.etreproprio.com/immobilier-23838013-vente-vente-maison-martigne-ferchaud35640-109-200i-oe-martigne-ferchaud
MARTIGNE-FERCHAUD,Vente maison martigne-ferchaud(35640) 178 000ï¿œ,https://www.etreproprio.com/immobilier-23818629-vente-vente-maison-martigne-ferchaud35640-178-000i-oe-martigne-ferchaud
MARTIGNE-FERCHAUD,"Maison de charme , entre nature et confort en campagne de martigné ferchaud",https://www.etreproprio.com/immobilier-23710696-vente-maison-de-charme-entre-nature-et-confort-en-campagne-de-martigne-ferchaud-martigne-ferchaud
MARTIGNE-FERCHAUD,Maison 110m² à martigne-ferchaud,https://www.etreproprio.com/immobilier-23661573-vente-maison-110m-a-martigne-ferchaud-martigne-ferchaud
MARTIGNE-FERCHAUD,Vente maison martigne-ferchaud(35640) 69 248ï¿œ,https://www.etreproprio.com/immobilier-23314483-vente-vente-maison-martigne-ferchaud35640-69-248i-oe-martigne-ferchaud
MARTIGNE-FERCHAUD,Maison à vendre,https://www.etreproprio.com/immobilier-23652541-vente-maison-a-vendre-martigne-ferchaud
MARTIGNE-FERCHAUD,Longère martigné-ferchaud 6 pièce(s) 112 m2,https://www.etreproprio.com/immobilier-23488545-vente-longere-martigne-ferchaud-6-pieces-112-m2-martigne-ferchaud
MARTIGNE-FERCHAUD,Fermette à rénover,https://www.etreproprio.com/immobilier-23494764-vente-fermette-a-renover-martigne-ferchaud
MARTIGNE-FERCHAUD,Ensemble immobilier 220 m2,https://www.etreproprio.com/immobilier-23238025-vente-ensemble-immobilier-220-m2-martigne-ferchaud
MARTIGNE-FERCHAUD,Bien mixte 143m2,https://www.etreproprio.com/immobilier-23238027-vente-bien-mixte-143m2-martigne-ferchaud
MARTIGNE-FERCHAUD,Maison 5 pièces 115 m2,https://www.etreproprio.com/immobilier-23238026-vente-maison-5-pieces-115-m2-martigne-ferchaud
MARTIGNE-FERCHAUD,Maison 117m² à martigne-ferchaud,https://www.etreproprio.com/immobilier-23402198-vente-maison-117m-a-martigne-ferchaud-martigne-ferchaud
MARTIGNE-FERCHAUD,Maison 227m² à martigne-ferchaud,https://www.etreproprio.com/immobilier-23402199-vente-maison-227m-a-martigne-ferchaud-martigne-ferchaud
MARTIGNE-FERCHAUD,Maison 146m² à martigne-ferchaud,https://www.etreproprio.com/immobilier-22505672-vente-maison-146m-a-martigne-ferchaud-martigne-ferchaud
MARTIGNE-FERCHAUD,Maison en pierre martigne ferchaud,https://www.etreproprio.com/immobilier-22234561-vente-maison-en-pierre-martigne-ferchaud-martigne-ferchaud
MARTIGNE-FERCHAUD,Maison 125m² à martigne-ferchaud,https://www.etreproprio.com/immobilier-23389428-vente-maison-125m-a-martigne-ferchaud-martigne-ferchaud
MARTIGNE-FERCHAUD,Maison 88m² à martigne-ferchaud,https://www.etreproprio.com/immobilier-23331783-vente-maison-88m-a-martigne-ferchaud-martigne-ferchaud
MAURE-DE-BRETAGNE,Maison à vendre val d'anast,https://www.etreproprio.com/immobilier-23896053-vente-maison-a-vendre-val-d-anast-maure-de-bretagne
MAURE-DE-BRETAGNE,"Charmante maison en pierres, cadre idyllique !",https://www.etreproprio.com/immobilier-23834023-vente-charmante-maison-en-pierres-cadre-idyllique-maure-de-bretagne
MAURE-DE-BRETAGNE,Maison en pierres 5 pièces maure de bretagne (35),https://www.etreproprio.com/immobilier-23804317-vente-maison-en-pierres-5-pieces-maure-de-bretagne-35-maure-de-bretagne
MAURE-DE-BRETAGNE,Maison val d'anast 5 chambres garage sous-sol jardin dépendance terrain clos,https://www.etreproprio.com/immobilier-21968496-vente-maison-val-d-anast-5-chambres-garage-sous-sol-jardin-dependance-terrain-clos-maure-de-bretagne
MAURE-DE-BRETAGNE,Maison val d anast 4 pièce(s) 94 m²,https://www.etreproprio.com/immobilier-22872080-vente-maison-val-d-anast-4-pieces-94-m-maure-de-bretagne
MAURE-DE-BRETAGNE,Maison val d'anast 135 m2 4 chambres terrasse garage jardin,https://www.etreproprio.com/immobilier-22488581-vente-maison-val-d-anast-135-m2-4-chambres-terrasse-garage-jardin-maure-de-bretagne
MAURE-DE-BRETAGNE,Maison val d anast 102m² 4 chambres sous sol jardin,https://www.etreproprio.com/immobilier-23678088-vente-maison-val-d-anast-102m-4-chambres-sous-sol-jardin-maure-de-bretagne
MAURE-DE-BRETAGNE,Maison en pierre avec dependances maure de bretagne,https://www.etreproprio.com/immobilier-23060400-vente-maison-en-pierre-avec-dependances-maure-de-bretagne-maure-de-bretagne
MAURE-DE-BRETAGNE,Belle longère en campagne de val d'anast sur 5 000m²,https://www.etreproprio.com/immobilier-23551810-vente-belle-longere-en-campagne-de-val-d-anast-sur-5-000m-maure-de-bretagne
MAURE-DE-BRETAGNE,Maure-de-bretagne – maison familiale 7 pièces – 140 m²,https://www.etreproprio.com/immobilier-23508192-vente-maure-de-bretagne-maison-familiale-7-pieces-140-m-maure-de-bretagne
MAURE-DE-BRETAGNE,"Maison val d anast 4-5 chambres, sous-sol, jardin clos",https://www.etreproprio.com/immobilier-23000376-vente-maison-val-d-anast-4-5-chambres-sous-sol-jardin-clos-maure-de-bretagne
MAURE-DE-BRETAGNE,Centre de campel - maisons à rénover - 2 maisons,https://www.etreproprio.com/immobilier-21125881-vente-centre-de-campel-maisons-a-renover-2-maisons-maure-de-bretagne
MAURE-DE-BRETAGNE,Maison 86m² à maure-de-bretagne,https://www.etreproprio.com/immobilier-23159342-vente-maison-86m-a-maure-de-bretagne-maure-de-bretagne
MAURE-DE-BRETAGNE,Maison 218m² à maure-de-bretagne,https://www.etreproprio.com/immobilier-23070228-vente-maison-218m-a-maure-de-bretagne-maure-de-bretagne
MAURE-DE-BRETAGNE,Maison t6 maure-de-bretagne,https://www.etreproprio.com/immobilier-21412703-vente-maison-t6-maure-de-bretagne-maure-de-bretagne
MAURE-DE-BRETAGNE,Maison à vendre 6 pièces maure de bretagne (35),https://www.etreproprio.com/immobilier-22372140-vente-maison-a-vendre-6-pieces-maure-de-bretagne-35-maure-de-bretagne
MAURE-DE-BRETAGNE,Maison de 77m² sur un terrain de 550m²,https://www.etreproprio.com/immobilier-22563331-vente-maison-de-77m-sur-un-terrain-de-550m-maure-de-bretagne
MAURE-DE-BRETAGNE,Maison pipriac 8 pièce(s) 250 m2 + spa de nage,https://www.etreproprio.com/immobilier-22444958-vente-maison-pipriac-8-pieces-250-m2-spa-de-nage-maure-de-bretagne
MAXENT,Propriété en brocéliande sur plus d’un hectare,https://www.etreproprio.com/immobilier-23876026-vente-propriete-en-broceliande-sur-plus-d-un-hectare-maxent
MAXENT,À acheter : maison de ville en pierre à rénover à maxent,https://www.etreproprio.com/immobilier-23876844-vente-a-acheter-maison-de-ville-en-pierre-a-renover-a-maxent-maxent
MAXENT,Charmante longère d'environ 180m2 au sol en pierres avec potentiel à maxent,https://www.etreproprio.com/immobilier-22581459-vente-charmante-longere-d-environ-180m2-au-sol-en-pierres-avec-potentiel-a-maxent-maxent
MAXENT,Bâtisse en pierre à rénover à maxent,https://www.etreproprio.com/immobilier-22581460-vente-batisse-en-pierre-a-renover-a-maxent-maxent
MARTIGNE-FERCHAUD,Maison 154m² à martigne-ferchaud,https://www.etreproprio.com/immobilier-23191242-vente-maison-154m-a-martigne-ferchaud-martigne-ferchaud
MARTIGNE-FERCHAUD,Maison à rénover forges la fôret,https://www.etreproprio.com/immobilier-23171011-vente-maison-a-renover-forges-la-foret-martigne-ferchaud
MARTIGNE-FERCHAUD,Maison martigne ferchaud 7 pièce(s) 220 m2,https://www.etreproprio.com/immobilier-22510991-vente-maison-martigne-ferchaud-7-pieces-220-m2-martigne-ferchaud
MARTIGNE-FERCHAUD,Vente maison martigne-ferchaud(35640) 275 335ï¿œ,https://www.etreproprio.com/immobilier-23109174-vente-vente-maison-martigne-ferchaud35640-275-335i-oe-martigne-ferchaud
MARTIGNE-FERCHAUD,Maison 100m² à martigne-ferchaud,https://www.etreproprio.com/immobilier-22417489-vente-maison-100m-a-martigne-ferchaud-martigne-ferchaud
MARTIGNE-FERCHAUD,Vente maison martigne-ferchaud(35640) 79 600ï¿œ,https://www.etreproprio.com/immobilier-22955908-vente-vente-maison-martigne-ferchaud35640-79-600i-oe-martigne-ferchaud
MARTIGNE-FERCHAUD,Vente maison martigne-ferchaud(35640) 109 100ï¿œ,https://www.etreproprio.com/immobilier-22910087-vente-vente-maison-martigne-ferchaud35640-109-100i-oe-martigne-ferchaud
MARTIGNE-FERCHAUD,Maison 115m² à martigne-ferchaud,https://www.etreproprio.com/immobilier-22691606-vente-maison-115m-a-martigne-ferchaud-martigne-ferchaud
MARTIGNE-FERCHAUD,Vente maison martigne-ferchaud(35640) 129 500ï¿œ,https://www.etreproprio.com/immobilier-22591496-vente-vente-maison-martigne-ferchaud35640-129-500i-oe-martigne-ferchaud
MARTIGNE-FERCHAUD,Vente maison martigne-ferchaud(35640) 139 600ï¿œ,https://www.etreproprio.com/immobilier-22538933-vente-vente-maison-martigne-ferchaud35640-139-600i-oe-martigne-ferchaud
MARTIGNE-FERCHAUD,Vente maison martigne-ferchaud(35640) 250 000ï¿œ,https://www.etreproprio.com/immobilier-22175732-vente-vente-maison-martigne-ferchaud35640-250-000i-oe-martigne-ferchaud
MARTIGNE-FERCHAUD,Vente maison martigne-ferchaud(35640) 159 860ï¿œ,https://www.etreproprio.com/immobilier-22155143-vente-vente-maison-martigne-ferchaud35640-159-860i-oe-martigne-ferchaud
MARTIGNE-FERCHAUD,Maison plain-pied martigné-ferchaud 5 pièces 146 m²,https://www.etreproprio.com/immobilier-21236049-vente-maison-plain-pied-martigne-ferchaud-5-pieces-146-m-martigne-ferchaud
MARTIGNE-FERCHAUD,Vente maison martigne-ferchaud(35640) 33 960ï¿œ,https://www.etreproprio.com/immobilier-19054533-vente-vente-maison-martigne-ferchaud35640-33-960i-oe-martigne-ferchaud
MARTIGNE-FERCHAUD,Maison 2 chambres,https://www.etreproprio.com/immobilier-21760613-vente-maison-2-chambres-martigne-ferchaud
MARTIGNE-FERCHAUD,Vente maison martigne-ferchaud(35640) 116 270ï¿œ,https://www.etreproprio.com/immobilier-21678294-vente-vente-maison-martigne-ferchaud35640-116-270i-oe-martigne-ferchaud
MARTIGNE-FERCHAUD,Vente maison martigne-ferchaud(35640) 157 350ï¿œ,https://www.etreproprio.com/immobilier-21678295-vente-vente-maison-martigne-ferchaud35640-157-350i-oe-martigne-ferchaud
MARTIGNE-FERCHAUD,Maison 158m² à martigne-ferchaud,https://www.etreproprio.com/immobilier-21605542-vente-maison-158m-a-martigne-ferchaud-martigne-ferchaud
MARTIGNE-FERCHAUD,Vente maison martigne-ferchaud(35640) 149 950ï¿œ,https://www.etreproprio.com/immobilier-21481803-vente-vente-maison-martigne-ferchaud35640-149-950i-oe-martigne-ferchaud
MARTIGNE-FERCHAUD,Maison martigne ferchaud 9 pièce(s) 150 m²,https://www.etreproprio.com/immobilier-21431881-vente-maison-martigne-ferchaud-9-pieces-150-m-martigne-ferchaud
MECE,Maison 30m² à mece,https://www.etreproprio.com/immobilier-23844056-vente-maison-30m-a-mece-mece
MECE,Maison 97m² à mece,https://www.etreproprio.com/immobilier-23360246-vente-maison-97m-a-mece-mece
MECE,Maison 180m² à mece,https://www.etreproprio.com/immobilier-23707106-vente-maison-180m-a-mece-mece
MECE,Maison 97m² à mece,https://www.etreproprio.com/immobilier-22536119-vente-maison-97m-a-mece-mece
MEDREAC,Maison 77m² à medreac,https://www.etreproprio.com/immobilier-23499555-vente-maison-77m-a-medreac-medreac
MEDREAC,Maison 88m² à medreac,https://www.etreproprio.com/immobilier-23778020-vente-maison-88m-a-medreac-medreac
MEDREAC,Maison 90m² à medreac,https://www.etreproprio.com/immobilier-23733840-vente-maison-90m-a-medreac-medreac
MEDREAC,Maison 123m² à medreac,https://www.etreproprio.com/immobilier-22494116-vente-maison-123m-a-medreac-medreac
MEDREAC,"Demeure de caractère du xviie siècle - médréac (35) - 185 m² - terrain 1,5 ha",https://www.etreproprio.com/immobilier-23599270-vente-demeure-de-caractere-du-xviie-siecle-medreac-35-185-m-terrain-15-ha-medreac
MEDREAC,Longère - médréac - 8 pièces 180m2  sur 4 000 m² de terrain,https://www.etreproprio.com/immobilier-23328394-vente-longere-medreac-8-pieces-180m2-sur-4-000-m-de-terrain-medreac
MEDREAC,Maison 70m² à medreac,https://www.etreproprio.com/immobilier-23525715-vente-maison-70m-a-medreac-medreac
MEDREAC,Maison 173m² à medreac,https://www.etreproprio.com/immobilier-23515401-vente-maison-173m-a-medreac-medreac
MEDREAC,Maison 130m² à medreac,https://www.etreproprio.com/immobilier-22341522-vente-maison-130m-a-medreac-medreac
MEDREAC,Maison 177m² à medreac,https://www.etreproprio.com/immobilier-21971464-vente-maison-177m-a-medreac-medreac
MEDREAC,Maison 214m² à medreac,https://www.etreproprio.com/immobilier-21971458-vente-maison-214m-a-medreac-medreac
MEDREAC,Maison à vendre médréac,https://www.etreproprio.com/immobilier-22189001-vente-maison-a-vendre-medreac-medreac
MEDREAC,Maison 195m² à medreac,https://www.etreproprio.com/immobilier-21971465-vente-maison-195m-a-medreac-medreac
MEDREAC,A vendre - propriété bourgeoise - dépendances - parc arboré - médréac,https://www.etreproprio.com/immobilier-21524203-vente-a-vendre-propriete-bourgeoise-dependances-parc-arbore-medreac-medreac
MEILLAC,Maison 88m² plain pied,https://www.etreproprio.com/immobilier-23354416-vente-maison-88m-plain-pied-meillac
MEILLAC,Maison 88m² à meillac,https://www.etreproprio.com/immobilier-23713682-vente-maison-88m-a-meillac-meillac
MEILLAC,Maison à vendre 6 pièces sur terrain 516 m² à meillac (35) près de combourg,https://www.etreproprio.com/immobilier-23572444-vente-maison-a-vendre-6-pieces-sur-terrain-516-m-a-meillac-35-pres-de-combourg-meillac
MEILLAC,Maison à vendre en bretagne pelin centre de  meillac près de combourg : 7 pièces sur terrain de 1190 m²,https://www.etreproprio.com/immobilier-23561146-vente-maison-a-vendre-en-bretagne-pelin-centre-de-meillac-pres-de-combourg-7-pieces-sur-terrain-de-1190-m-meillac
MEILLAC,Maison meillac 108 m²,https://www.etreproprio.com/immobilier-23552430-vente-maison-meillac-108-m-meillac
MEILLAC,Maison en pierre 4 pièces,https://www.etreproprio.com/immobilier-22988635-vente-maison-en-pierre-4-pieces-meillac
MEILLAC,Maison meillac 4 pièce(s) 109 m2,https://www.etreproprio.com/immobilier-22943631-vente-maison-meillac-4-pieces-109-m2-meillac
MEILLAC,A 5 kms de combourg,https://www.etreproprio.com/immobilier-21386512-vente-a-5-kms-de-combourg-meillac
MARTIGNE-FERCHAUD,Vente maison martigne-ferchaud(35640) 139 600ï¿œ,https://www.etreproprio.com/immobilier-20881852-vente-vente-maison-martigne-ferchaud35640-139-600i-oe-martigne-ferchaud
MARTIGNE-FERCHAUD,Vente maison martigne-ferchaud(35640) 146 860ï¿œ,https://www.etreproprio.com/immobilier-20449880-vente-vente-maison-martigne-ferchaud35640-146-860i-oe-martigne-ferchaud
MARTIGNE-FERCHAUD,Vente maison martigne-ferchaud(35640) 188 100ï¿œ,https://www.etreproprio.com/immobilier-19937874-vente-vente-maison-martigne-ferchaud35640-188-100i-oe-martigne-ferchaud
MARTIGNE-FERCHAUD,Vente maison martigne-ferchaud(35640) 199 995ï¿œ,https://www.etreproprio.com/immobilier-19937873-vente-vente-maison-martigne-ferchaud35640-199-995i-oe-martigne-ferchaud
MARTIGNE-FERCHAUD,Vente maison martigne-ferchaud(35640) 183 000ï¿œ,https://www.etreproprio.com/immobilier-19716188-vente-vente-maison-martigne-ferchaud35640-183-000i-oe-martigne-ferchaud
MARTIGNE-FERCHAUD,Vente maison martigne-ferchaud(35640) 135 500ï¿œ,https://www.etreproprio.com/immobilier-19709851-vente-vente-maison-martigne-ferchaud35640-135-500i-oe-martigne-ferchaud
MARTIGNE-FERCHAUD,Vente maison martigne-ferchaud(35640) 99 000ï¿œ,https://www.etreproprio.com/immobilier-19664174-vente-vente-maison-martigne-ferchaud35640-99-000i-oe-martigne-ferchaud
MARTIGNE-FERCHAUD,Vente maison martigne-ferchaud(35640) 198 100ï¿œ,https://www.etreproprio.com/immobilier-19394179-vente-vente-maison-martigne-ferchaud35640-198-100i-oe-martigne-ferchaud
MARTIGNE-FERCHAUD,Vente maison martigne-ferchaud(35640) 106 200ï¿œ,https://www.etreproprio.com/immobilier-19206662-vente-vente-maison-martigne-ferchaud35640-106-200i-oe-martigne-ferchaud
MARTIGNE-FERCHAUD,Vente maison martigne-ferchaud(35640) 162 595ï¿œ,https://www.etreproprio.com/immobilier-19054525-vente-vente-maison-martigne-ferchaud35640-162-595i-oe-martigne-ferchaud
MARTIGNE-FERCHAUD,Vente maison martigne-ferchaud(35640) 131 625ï¿œ,https://www.etreproprio.com/immobilier-19054539-vente-vente-maison-martigne-ferchaud35640-131-625i-oe-martigne-ferchaud
MARTIGNE-FERCHAUD,Vente maison martigne-ferchaud(35640) 149 990ï¿œ,https://www.etreproprio.com/immobilier-19054565-vente-vente-maison-martigne-ferchaud35640-149-990i-oe-martigne-ferchaud
MARTIGNE-FERCHAUD,Vente maison martigne-ferchaud(35640) 129 027ï¿œ,https://www.etreproprio.com/immobilier-19054551-vente-vente-maison-martigne-ferchaud35640-129-027i-oe-martigne-ferchaud
MARTIGNE-FERCHAUD,Vente maison martigne-ferchaud(35640) 189 950ï¿œ,https://www.etreproprio.com/immobilier-19054545-vente-vente-maison-martigne-ferchaud35640-189-950i-oe-martigne-ferchaud
MARTIGNE-FERCHAUD,Vente maison martigne-ferchaud(35640) 119 880ï¿œ,https://www.etreproprio.com/immobilier-19054558-vente-vente-maison-martigne-ferchaud35640-119-880i-oe-martigne-ferchaud
MARTIGNE-FERCHAUD,Vente maison martigne-ferchaud(35640) 199 044ï¿œ,https://www.etreproprio.com/immobilier-19054555-vente-vente-maison-martigne-ferchaud35640-199-044i-oe-martigne-ferchaud
MARTIGNE-FERCHAUD,Vente maison martigne-ferchaud(35640) 125 880ï¿œ,https://www.etreproprio.com/immobilier-19054560-vente-vente-maison-martigne-ferchaud35640-125-880i-oe-martigne-ferchaud
MARTIGNE-FERCHAUD,Vente maison martigne-ferchaud(35640) 248 750ï¿œ,https://www.etreproprio.com/immobilier-19054549-vente-vente-maison-martigne-ferchaud35640-248-750i-oe-martigne-ferchaud
MELESSE,Maison 103m² à melesse,https://www.etreproprio.com/immobilier-23481523-vente-maison-103m-a-melesse-melesse
MELESSE,Maison melesse 6 pièce(s) 130 m2,https://www.etreproprio.com/immobilier-23500705-vente-maison-melesse-6-pieces-130-m2-melesse
MELESSE,Maison 106m² à melesse,https://www.etreproprio.com/immobilier-23862817-vente-maison-106m-a-melesse-melesse
MELESSE,Maison 138m² à melesse,https://www.etreproprio.com/immobilier-23703446-vente-maison-138m-a-melesse-melesse
MELESSE,Maison  en pierre  à rénover,https://www.etreproprio.com/immobilier-23838343-vente-maison-en-pierre-a-renover-melesse
MELESSE,Maison 209m² à melesse,https://www.etreproprio.com/immobilier-23499784-vente-maison-209m-a-melesse-melesse
MELESSE,Maison melesse 6 pièce(s) 140 m2,https://www.etreproprio.com/immobilier-23828608-vente-maison-melesse-6-pieces-140-m2-melesse
MELESSE,Maison 131m² à melesse,https://www.etreproprio.com/immobilier-23795717-vente-maison-131m-a-melesse-melesse
MELESSE,Maison melesse 6 pièce(s) 138 m2,https://www.etreproprio.com/immobilier-23795718-vente-maison-melesse-6-pieces-138-m2-melesse
MELESSE,Maison melesse 6 pièce(s) 163 m2,https://www.etreproprio.com/immobilier-23795720-vente-maison-melesse-6-pieces-163-m2-melesse
MELESSE,"Longère de charme 8 pièces, 215 m² sur plus de 3 800 m² de terrain",https://www.etreproprio.com/immobilier-23766230-vente-longere-de-charme-8-pieces-215-m-sur-plus-de-3-800-m-de-terrain-melesse
MELESSE,Maison melesse 9 pièce(s) 210 m2,https://www.etreproprio.com/immobilier-23755199-vente-maison-melesse-9-pieces-210-m2-melesse
MELESSE,Maison 234m² à melesse,https://www.etreproprio.com/immobilier-23681261-vente-maison-234m-a-melesse-melesse
MELESSE,Maison 104m² à melesse,https://www.etreproprio.com/immobilier-23713956-vente-maison-104m-a-melesse-melesse
MELESSE,Maison 151m² à melesse,https://www.etreproprio.com/immobilier-23676524-vente-maison-151m-a-melesse-melesse
MELESSE,Maison 306m² à melesse,https://www.etreproprio.com/immobilier-23670301-vente-maison-306m-a-melesse-melesse
MELESSE,Maison 227m² à melesse,https://www.etreproprio.com/immobilier-23646509-vente-maison-227m-a-melesse-melesse
MELESSE,Maison 118m² à melesse,https://www.etreproprio.com/immobilier-22647469-vente-maison-118m-a-melesse-melesse
MELESSE,Maison 120m² à melesse,https://www.etreproprio.com/immobilier-23589332-vente-maison-120m-a-melesse-melesse
MELESSE,Maison 92m² à melesse,https://www.etreproprio.com/immobilier-23588874-vente-maison-92m-a-melesse-melesse
MELLE,Maison 190m² à melle,https://www.etreproprio.com/immobilier-23259408-vente-maison-190m-a-melle-melle
MELLE,"Maison + gîte  à vendre melle (35420), ç pièces, 163m², 2640m² de terrain.",https://www.etreproprio.com/immobilier-21667788-vente-maison-gite-a-vendre-melle-35420-c-pieces-163m-2640m-de-terrain-melle
MELLE,Maison 84m² à melle,https://www.etreproprio.com/immobilier-23161628-vente-maison-84m-a-melle-melle
MERNEL,Maisons en pierre - centre de mernel - espace au calme,https://www.etreproprio.com/immobilier-22737062-vente-maisons-en-pierre-centre-de-mernel-espace-au-calme-mernel
MERNEL,"Dpt ille et vilaine (35), à vendre mernel maison p3",https://www.etreproprio.com/immobilier-21062894-vente-dpt-ille-et-vilaine-35-a-vendre-mernel-maison-p3-mernel
MELESSE,Maison 183m² à melesse,https://www.etreproprio.com/immobilier-23576079-vente-maison-183m-a-melesse-melesse
MELESSE,Maison 218m² à melesse,https://www.etreproprio.com/immobilier-23525420-vente-maison-218m-a-melesse-melesse
MELESSE,"Melesse , maison de 234 m2 sur un terrain de 3 400 m2",https://www.etreproprio.com/immobilier-23489863-vente-melesse-maison-de-234-m2-sur-un-terrain-de-3-400-m2-melesse
MELESSE,Maison familiale 8 pièces à melesse,https://www.etreproprio.com/immobilier-23417453-vente-maison-familiale-8-pieces-a-melesse-melesse
MELESSE,Maison 153m² à melesse,https://www.etreproprio.com/immobilier-23409124-vente-maison-153m-a-melesse-melesse
MELESSE,Maison 480m² à melesse,https://www.etreproprio.com/immobilier-20392427-vente-maison-480m-a-melesse-melesse
MELESSE,Maison 220m² à melesse,https://www.etreproprio.com/immobilier-23362523-vente-maison-220m-a-melesse-melesse
MELESSE,Maison 128m² à melesse,https://www.etreproprio.com/immobilier-23221684-vente-maison-128m-a-melesse-melesse
MELESSE,Maison de caractère  melesse -  480 m2 - 1 hectare de terrain  - terrain de tennis et dépendances,https://www.etreproprio.com/immobilier-22029022-vente-maison-de-caractere-melesse-480-m2-1-hectare-de-terrain-terrain-de-tennis-et-dependances-melesse
MELESSE,Maison bourg de melesse !,https://www.etreproprio.com/immobilier-23155651-vente-maison-bourg-de-melesse-melesse
MELESSE,Maison 80m² à melesse,https://www.etreproprio.com/immobilier-23234374-vente-maison-80m-a-melesse-melesse
MELESSE,Maison melesse 6 pièce(s) 136 m2,https://www.etreproprio.com/immobilier-23218542-vente-maison-melesse-6-pieces-136-m2-melesse
MELESSE,Vente maison melesse(35520) 379 542ï¿œ,https://www.etreproprio.com/immobilier-22951320-vente-vente-maison-melesse35520-379-542i-oe-melesse
MELESSE,Maison centre ville melesse,https://www.etreproprio.com/immobilier-23173194-vente-maison-centre-ville-melesse-melesse
MELESSE,Longère familiale rénovée melesse,https://www.etreproprio.com/immobilier-23128842-vente-longere-familiale-renovee-melesse-melesse
MELESSE,Maison melesse 6 pièce(s) 120.5 m2,https://www.etreproprio.com/immobilier-23121686-vente-maison-melesse-6-pieces-1205-m2-melesse
MELESSE,Maison 79m² à melesse,https://www.etreproprio.com/immobilier-23111706-vente-maison-79m-a-melesse-melesse
MELESSE,Maison 122m² à melesse,https://www.etreproprio.com/immobilier-22966677-vente-maison-122m-a-melesse-melesse
MELESSE,Maison familiale melesse,https://www.etreproprio.com/immobilier-22926082-vente-maison-familiale-melesse-melesse
MELESSE,Maison 80m² à melesse,https://www.etreproprio.com/immobilier-22888087-vente-maison-80m-a-melesse-melesse
MELESSE,Maison 123m² à melesse,https://www.etreproprio.com/immobilier-22688210-vente-maison-123m-a-melesse-melesse
MELESSE,Maison melesse 8 pièce(s) 215 m2,https://www.etreproprio.com/immobilier-22678517-vente-maison-melesse-8-pieces-215-m2-melesse
MELESSE,Maison 250m² à melesse,https://www.etreproprio.com/immobilier-22614071-vente-maison-250m-a-melesse-melesse
MELESSE,Melesse maison neuve de 133 m2 avec de belles prestations sur un terrain de 230m² exposé ouest !,https://www.etreproprio.com/immobilier-22578957-vente-melesse-maison-neuve-de-133-m2-avec-de-belles-prestations-sur-un-terrain-de-230m-expose-ouest-melesse
MELESSE,Maison 153m² à melesse,https://www.etreproprio.com/immobilier-22554562-vente-maison-153m-a-melesse-melesse
MELESSE,Maison 346m² à melesse,https://www.etreproprio.com/immobilier-22502616-vente-maison-346m-a-melesse-melesse
MELESSE,Longère rénovée,https://www.etreproprio.com/immobilier-22497819-vente-longere-renovee-melesse
MELESSE,Maison melesse 4 pièce(s) 109 m2,https://www.etreproprio.com/immobilier-22497836-vente-maison-melesse-4-pieces-109-m2-melesse
MELESSE,Maison melesse 7 pièce(s) 172 m2,https://www.etreproprio.com/immobilier-22497818-vente-maison-melesse-7-pieces-172-m2-melesse
MELESSE,Maison indépendante melesse,https://www.etreproprio.com/immobilier-22366544-vente-maison-independante-melesse-melesse
MELESSE,Maison melesse 5 pièce(s) 90 m2,https://www.etreproprio.com/immobilier-22333582-vente-maison-melesse-5-pieces-90-m2-melesse
MELESSE,Maison 95m² à melesse,https://www.etreproprio.com/immobilier-22252458-vente-maison-95m-a-melesse-melesse
MELESSE,Maison 109m² à melesse,https://www.etreproprio.com/immobilier-21831878-vente-maison-109m-a-melesse-melesse
MELESSE,Maison 103m² à melesse,https://www.etreproprio.com/immobilier-22051623-vente-maison-103m-a-melesse-melesse
MELESSE,Maison 72m² à melesse,https://www.etreproprio.com/immobilier-21618715-vente-maison-72m-a-melesse-melesse
MESSAC,"Maison 5 pièces, 2-3 chambres guipry-messac (35) quartier de la gare",https://www.etreproprio.com/immobilier-23195173-vente-maison-5-pieces-2-3-chambres-guipry-messac-35-quartier-de-la-gare-messac
MESSAC,"Longère d'environ 195m², 4 chambres, terrain 1350 m²",https://www.etreproprio.com/immobilier-23624245-vente-longere-d-environ-195m-4-chambres-terrain-1350-m-messac
MESSAC,"A vendre- maison t2 -guipry-messac - centre-bourg, jardin, bureau",https://www.etreproprio.com/immobilier-23315468-vente-a-vendre-maison-t2-guipry-messac-centre-bourg-jardin-bureau-messac
MESSAC,Maison à vendre 5 pièces messac (35),https://www.etreproprio.com/immobilier-23003843-vente-maison-a-vendre-5-pieces-messac-35-messac
MESSAC,Maison 88m² à messac,https://www.etreproprio.com/immobilier-22746031-vente-maison-88m-a-messac-messac
MESSAC,Maison en pierres de 134m² - 4 pièces - 2 chambres - guipry-messac,https://www.etreproprio.com/immobilier-23200696-vente-maison-en-pierres-de-134m-4-pieces-2-chambres-guipry-messac-messac
MESSAC,Maison guipry-messac (35) 4 chambres,https://www.etreproprio.com/immobilier-22910978-vente-maison-guipry-messac-35-4-chambres-messac
MESSAC,Maison de 95 m² sur un terrain attenant de 466 m²,https://www.etreproprio.com/immobilier-22730481-vente-maison-de-95-m-sur-un-terrain-attenant-de-466-m-messac
MESSAC,Maison guipry messac,https://www.etreproprio.com/immobilier-20736502-vente-maison-guipry-messac-messac
LA MEZIERE,Maison la meziere 7 pièce(s) 120 m2,https://www.etreproprio.com/immobilier-23910206-vente-maison-la-meziere-7-pieces-120-m2-la-meziere
LA MEZIERE,Maison contemporaine située à la mézière,https://www.etreproprio.com/immobilier-23058030-vente-maison-contemporaine-situee-a-la-meziere-la-meziere
LA MEZIERE,Maison 142m² à la meziere,https://www.etreproprio.com/immobilier-23903755-vente-maison-142m-a-la-meziere-la-meziere
LA MEZIERE,"Maison familiale au calme d'une impasse, 123m²",https://www.etreproprio.com/immobilier-23897326-vente-maison-familiale-au-calme-d-une-impasse-123m-la-meziere
LA MEZIERE,Maison la meziere 5 pièce(s) 93.64 m2,https://www.etreproprio.com/immobilier-22599714-vente-maison-la-meziere-5-pieces-9364-m2-la-meziere
LA MEZIERE,Maison 101m² à la meziere,https://www.etreproprio.com/immobilier-22525187-vente-maison-101m-a-la-meziere-la-meziere
LA MEZIERE,"Maison familiale 3 niveaux – 4/5 chambres, suite parentale et garage",https://www.etreproprio.com/immobilier-23836524-vente-maison-familiale-3-niveaux-45-chambres-suite-parentale-et-garage-la-meziere
LA MEZIERE,Maison 129m² à la meziere,https://www.etreproprio.com/immobilier-23542026-vente-maison-129m-a-la-meziere-la-meziere
LA MEZIERE,"""investissement rentable : gîte + 12 logements loués"" sur plus de 8400m2 de terrain",https://www.etreproprio.com/immobilier-23781694-vente-investissement-rentable-gite-12-logements-loues-sur-plus-de-8400m2-de-terrain-la-meziere
LA MEZIERE,Maison 169m² à la meziere,https://www.etreproprio.com/immobilier-23621255-vente-maison-169m-a-la-meziere-la-meziere
LA MEZIERE,Maison 130m² à la meziere,https://www.etreproprio.com/immobilier-23674091-vente-maison-130m-a-la-meziere-la-meziere
LA MEZIERE,Maison 108m² à la meziere,https://www.etreproprio.com/immobilier-23670156-vente-maison-108m-a-la-meziere-la-meziere
LA MEZIERE,Maison  7 pièces  - 141 m2 - sous sol complet - 476 m² de terrain,https://www.etreproprio.com/immobilier-23162750-vente-maison-7-pieces-141-m2-sous-sol-complet-476-m-de-terrain-la-meziere
LA MEZIERE,Maison neuve avec vue -  6 pièces à la mézière,https://www.etreproprio.com/immobilier-23633349-vente-maison-neuve-avec-vue-6-pieces-a-la-meziere-la-meziere
LA MEZIERE,Maison 162m² à la meziere,https://www.etreproprio.com/immobilier-23592243-vente-maison-162m-a-la-meziere-la-meziere
LA MEZIERE,Maison 80m² à la meziere,https://www.etreproprio.com/immobilier-22245315-vente-maison-80m-a-la-meziere-la-meziere
LA MEZIERE,Maison la mézière 6 pièces 143 m2 sur 1252 m² de terrain - rénovation de 2015 - superbe environnement!,https://www.etreproprio.com/immobilier-23442655-vente-maison-la-meziere-6-pieces-143-m2-sur-1252-m-de-terrain-renovation-de-2015-superbe-environnement-la-meziere
LA MEZIERE,Maison 154m² à la meziere,https://www.etreproprio.com/immobilier-23194158-vente-maison-154m-a-la-meziere-la-meziere
LA MEZIERE,Maison la meziere 5 pièce(s) 123 m2,https://www.etreproprio.com/immobilier-22764159-vente-maison-la-meziere-5-pieces-123-m2-la-meziere
LA MEZIERE,Maison 123m² à la meziere,https://www.etreproprio.com/immobilier-22725305-vente-maison-123m-a-la-meziere-la-meziere
MEZIERES-SUR-COUESNON,"Maison contemporaine 2017, 4 chambres, 125 m², hors lotissement à 10 min de st aubin du cormier et de l'a84",https://www.etreproprio.com/immobilier-23909725-vente-maison-contemporaine-2017-4-chambres-125-m-hors-lotissement-a-10-min-de-st-aubin-du-cormier-et-de-l-a84-mezieres-sur-couesnon
MEZIERES-SUR-COUESNON,Maison 549m² à mezieres-sur-couesnon,https://www.etreproprio.com/immobilier-23820992-vente-maison-549m-a-mezieres-sur-couesnon-mezieres-sur-couesnon
MEZIERES-SUR-COUESNON,Maison 95m² à mezieres-sur-couesnon,https://www.etreproprio.com/immobilier-23821934-vente-maison-95m-a-mezieres-sur-couesnon-mezieres-sur-couesnon
MEZIERES-SUR-COUESNON,Maison 104m² à mezieres-sur-couesnon,https://www.etreproprio.com/immobilier-23786075-vente-maison-104m-a-mezieres-sur-couesnon-mezieres-sur-couesnon
MEZIERES-SUR-COUESNON,Maison 150m² à mezieres-sur-couesnon,https://www.etreproprio.com/immobilier-22263294-vente-maison-150m-a-mezieres-sur-couesnon-mezieres-sur-couesnon
MEZIERES-SUR-COUESNON,Mezieres sur couesnon,https://www.etreproprio.com/immobilier-21341564-vente-mezieres-sur-couesnon-mezieres-sur-couesnon
MEZIERES-SUR-COUESNON,Maison familiale individuelle,https://www.etreproprio.com/immobilier-23381131-vente-maison-familiale-individuelle-mezieres-sur-couesnon
MEZIERES-SUR-COUESNON,Maison spacieuse à vendre à mézières sur couesnon,https://www.etreproprio.com/immobilier-22741722-vente-maison-spacieuse-a-vendre-a-mezieres-sur-couesnon-mezieres-sur-couesnon
MEZIERES-SUR-COUESNON,Maison 193m² à mezieres-sur-couesnon,https://www.etreproprio.com/immobilier-22427954-vente-maison-193m-a-mezieres-sur-couesnon-mezieres-sur-couesnon
MEZIERES-SUR-COUESNON,Maison 119m² à mezieres-sur-couesnon,https://www.etreproprio.com/immobilier-22201899-vente-maison-119m-a-mezieres-sur-couesnon-mezieres-sur-couesnon
MINIAC-MORVAN,Maison 81m² à miniac-morvan,https://www.etreproprio.com/immobilier-23914400-vente-maison-81m-a-miniac-morvan-miniac-morvan
MINIAC-MORVAN,Maison miniac morvan 4 pièce(s) 66m²,https://www.etreproprio.com/immobilier-23418807-vente-maison-miniac-morvan-4-pieces-66m-miniac-morvan
MINIAC-MORVAN,Miniac-morvan - maison de ville à rénover - 2 chambres et terrasse,https://www.etreproprio.com/immobilier-23906127-vente-miniac-morvan-maison-de-ville-a-renover-2-chambres-et-terrasse-miniac-morvan
MINIAC-MORVAN,Maison 107m² à miniac-morvan,https://www.etreproprio.com/immobilier-23892794-vente-maison-107m-a-miniac-morvan-miniac-morvan
MINIAC-MORVAN,Maison 136m² à miniac-morvan,https://www.etreproprio.com/immobilier-23893014-vente-maison-136m-a-miniac-morvan-miniac-morvan
MINIAC-MORVAN,Maison familiale 5 chambres avec suite parentale au rdc,https://www.etreproprio.com/immobilier-23877767-vente-maison-familiale-5-chambres-avec-suite-parentale-au-rdc-miniac-morvan
MINIAC-MORVAN,Maison familiale 180 m² - studio indépendant - dépendances - terrain de 8400 m²,https://www.etreproprio.com/immobilier-23877773-vente-maison-familiale-180-m-studio-independant-dependances-terrain-de-8400-m-miniac-morvan
MINIAC-MORVAN,Maison familiale à miniac morvan,https://www.etreproprio.com/immobilier-22729346-vente-maison-familiale-a-miniac-morvan-miniac-morvan
MINIAC-MORVAN,Maison 134m² à miniac-morvan,https://www.etreproprio.com/immobilier-23862299-vente-maison-134m-a-miniac-morvan-miniac-morvan
MINIAC-MORVAN,Maison 68m² à miniac-morvan,https://www.etreproprio.com/immobilier-23832222-vente-maison-68m-a-miniac-morvan-miniac-morvan
MINIAC-MORVAN,Maison a vendre a miniac movan (35540) - 4 pièce(s) - 99.51 m2,https://www.etreproprio.com/immobilier-23499500-vente-maison-a-vendre-a-miniac-movan-35540-4-pieces-9951-m2-miniac-morvan
MINIAC-MORVAN,Miniac-morvan,https://www.etreproprio.com/immobilier-23383509-vente-miniac-morvan-miniac-morvan
MINIAC-MORVAN,Maison 123m² à miniac-morvan,https://www.etreproprio.com/immobilier-23337617-vente-maison-123m-a-miniac-morvan-miniac-morvan
MINIAC-MORVAN,Charme à 20 min de saint malo,https://www.etreproprio.com/immobilier-23129349-vente-charme-a-20-min-de-saint-malo-miniac-morvan
MINIAC-MORVAN,Maison 75m² à miniac-morvan,https://www.etreproprio.com/immobilier-23742083-vente-maison-75m-a-miniac-morvan-miniac-morvan
MINIAC-MORVAN,Maison 164m² à miniac-morvan,https://www.etreproprio.com/immobilier-23692212-vente-maison-164m-a-miniac-morvan-miniac-morvan
MINIAC-MORVAN,"Maison 144 m2 environ, 3 chambres, grand garage.",https://www.etreproprio.com/immobilier-22627014-vente-maison-144-m2-environ-3-chambres-grand-garage-miniac-morvan
MINIAC-MORVAN,Maison centre-bourg de miniac morvan,https://www.etreproprio.com/immobilier-23659467-vente-maison-centre-bourg-de-miniac-morvan-miniac-morvan
MINIAC-MORVAN,Maison miniac morvan,https://www.etreproprio.com/immobilier-23597668-vente-maison-miniac-morvan-miniac-morvan
MINIAC-MORVAN,Maison miniac morvan 2 pièce(s) 36 m2,https://www.etreproprio.com/immobilier-23587616-vente-maison-miniac-morvan-2-pieces-36-m2-miniac-morvan
LA MEZIERE,Maison la meziere 6 pièce(s) 130 m2,https://www.etreproprio.com/immobilier-22497789-vente-maison-la-meziere-6-pieces-130-m2-la-meziere
LA MEZIERE,Maison neuve – 2024 – 4 chambres – la mézière – 162 m² – terrain clos de 560 m²-frais de notaire réduit,https://www.etreproprio.com/immobilier-23427425-vente-maison-neuve-2024-4-chambres-la-meziere-162-m-terrain-clos-de-560-m-frais-de-notaire-reduit-la-meziere
LA MEZIERE,Longère de caractère,https://www.etreproprio.com/immobilier-23127998-vente-longere-de-caractere-la-meziere
LA MEZIERE,Maison 136m² à la meziere,https://www.etreproprio.com/immobilier-22700774-vente-maison-136m-a-la-meziere-la-meziere
LA MEZIERE,Maison 5 pièces 140 m2,https://www.etreproprio.com/immobilier-23371045-vente-maison-5-pieces-140-m2-la-meziere
LA MEZIERE,Maison 197m² à la meziere,https://www.etreproprio.com/immobilier-23341002-vente-maison-197m-a-la-meziere-la-meziere
LA MEZIERE,Maison la meziere 5 pièce(s) 109 m2,https://www.etreproprio.com/immobilier-22497792-vente-maison-la-meziere-5-pieces-109-m2-la-meziere
LA MEZIERE,Maison la meziere 4 pièce(s) 100 m2,https://www.etreproprio.com/immobilier-22497802-vente-maison-la-meziere-4-pieces-100-m2-la-meziere
LA MEZIERE,La meziere rare à la vente maison neuve en frais réduits de notaire de 162m² habitables sur 560m² de terrain ouest !,https://www.etreproprio.com/immobilier-22578953-vente-la-meziere-rare-a-la-vente-maison-neuve-en-frais-reduits-de-notaire-de-162m-habitables-sur-560m-de-terrain-ouest-la-meziere
LA MEZIERE,Maison 165m² à la meziere,https://www.etreproprio.com/immobilier-23161218-vente-maison-165m-a-la-meziere-la-meziere
LA MEZIERE,À vendre – maison neuve sur l’axe melesse / la mézière – constructeur maisons guillaume,https://www.etreproprio.com/immobilier-23147485-vente-a-vendre-maison-neuve-sur-l-axe-melesse-la-meziere-constructeur-maisons-guillaume-la-meziere
LA MEZIERE,Maison la meziere 5 pièce(s) 104 m2,https://www.etreproprio.com/immobilier-23101589-vente-maison-la-meziere-5-pieces-104-m2-la-meziere
LA MEZIERE,La meziere en plein centre rare à la vente maison neuve de 100m² sur 200m² de terrain plein sud avec chambre au rdc !,https://www.etreproprio.com/immobilier-22578862-vente-la-meziere-en-plein-centre-rare-a-la-vente-maison-neuve-de-100m-sur-200m-de-terrain-plein-sud-avec-chambre-au-rdc-la-meziere
LA MEZIERE,En campagne,https://www.etreproprio.com/immobilier-22918837-vente-en-campagne-la-meziere
LA MEZIERE,Maison 160m² à la meziere,https://www.etreproprio.com/immobilier-22906987-vente-maison-160m-a-la-meziere-la-meziere
LA MEZIERE,Maison la meziere 7 pièce(s) 150 m2,https://www.etreproprio.com/immobilier-22497826-vente-maison-la-meziere-7-pieces-150-m2-la-meziere
LA MEZIERE,Maison 165m² à la meziere,https://www.etreproprio.com/immobilier-22700580-vente-maison-165m-a-la-meziere-la-meziere
LA MEZIERE,Maison la meziere 5 pièce(s) 126 m2,https://www.etreproprio.com/immobilier-22497801-vente-maison-la-meziere-5-pieces-126-m2-la-meziere
LA MEZIERE,Maison 126m² à la meziere,https://www.etreproprio.com/immobilier-22255475-vente-maison-126m-a-la-meziere-la-meziere
LA MEZIERE,A vendre à la meziere (35) maison de plain-pied dans un parc floral,https://www.etreproprio.com/immobilier-22178969-vente-a-vendre-a-la-meziere-35-maison-de-plain-pied-dans-un-parc-floral-la-meziere
MINIAC-SOUS-BECHEREL,Maison spacieuse,https://www.etreproprio.com/immobilier-23705824-vente-maison-spacieuse-miniac-sous-becherel
MINIAC-SOUS-BECHEREL,Vente maison miniac-sous-becherel(35190) 379 000ï¿œ,https://www.etreproprio.com/immobilier-23590587-vente-vente-maison-miniac-sous-becherel35190-379-000i-oe-miniac-sous-becherel
MINIAC-SOUS-BECHEREL,Maison 125m² à miniac-sous-becherel,https://www.etreproprio.com/immobilier-22915898-vente-maison-125m-a-miniac-sous-becherel-miniac-sous-becherel
LA MEZIERE,Maison 138m² à la meziere,https://www.etreproprio.com/immobilier-21647197-vente-maison-138m-a-la-meziere-la-meziere
LA MEZIERE,Maison 5 pièces 97 m2,https://www.etreproprio.com/immobilier-19406381-vente-maison-5-pieces-97-m2-la-meziere
MINIAC-MORVAN,Demeure miniac-morvan,https://www.etreproprio.com/immobilier-23230399-vente-demeure-miniac-morvan-miniac-morvan
MINIAC-MORVAN,Maison 87m² à miniac-morvan,https://www.etreproprio.com/immobilier-23510696-vente-maison-87m-a-miniac-morvan-miniac-morvan
MINIAC-MORVAN,Miniac-morvan,https://www.etreproprio.com/immobilier-22938500-vente-miniac-morvan-miniac-morvan
MINIAC-MORVAN,Maison miniac morvan 6 pièce(s) 110 m2,https://www.etreproprio.com/immobilier-23507953-vente-maison-miniac-morvan-6-pieces-110-m2-miniac-morvan
MINIAC-MORVAN,Maison miniac morvan,https://www.etreproprio.com/immobilier-23322997-vente-maison-miniac-morvan-miniac-morvan
MINIAC-MORVAN,Maison 91m² à miniac-morvan,https://www.etreproprio.com/immobilier-23479322-vente-maison-91m-a-miniac-morvan-miniac-morvan
MINIAC-MORVAN,Miniac morvan,https://www.etreproprio.com/immobilier-23469453-vente-miniac-morvan-miniac-morvan
MINIAC-MORVAN,Maison 98m² à miniac-morvan,https://www.etreproprio.com/immobilier-23423723-vente-maison-98m-a-miniac-morvan-miniac-morvan
MINIAC-MORVAN,Superbe propriété  entre rennes et saint-malo,https://www.etreproprio.com/immobilier-22283383-vente-superbe-propriete-entre-rennes-et-saint-malo-miniac-morvan
MINIAC-MORVAN,Maison miniac morvan 128 m2,https://www.etreproprio.com/immobilier-23231344-vente-maison-miniac-morvan-128-m2-miniac-morvan
MINIAC-MORVAN,Maison miniac morvan  140 m2,https://www.etreproprio.com/immobilier-23231345-vente-maison-miniac-morvan-140-m2-miniac-morvan
MINIAC-MORVAN,Maison miniac morvan  120 m2,https://www.etreproprio.com/immobilier-22618431-vente-maison-miniac-morvan-120-m2-miniac-morvan
MINIAC-MORVAN,Belle maison familiale de 185m² rénovée avec goût !!!,https://www.etreproprio.com/immobilier-23184056-vente-belle-maison-familiale-de-185m-renovee-avec-gout-miniac-morvan
MINIAC-MORVAN,Maison 141m² à miniac-morvan,https://www.etreproprio.com/immobilier-23154760-vente-maison-141m-a-miniac-morvan-miniac-morvan
MINIAC-MORVAN,Maison 94m² à miniac-morvan,https://www.etreproprio.com/immobilier-23155178-vente-maison-94m-a-miniac-morvan-miniac-morvan
MINIAC-MORVAN,Maison 142m² à miniac-morvan,https://www.etreproprio.com/immobilier-23154694-vente-maison-142m-a-miniac-morvan-miniac-morvan
MINIAC-MORVAN,Maison 97m² à miniac-morvan,https://www.etreproprio.com/immobilier-22585629-vente-maison-97m-a-miniac-morvan-miniac-morvan
MINIAC-MORVAN,Maison miniac morvan plein centre avec terrain de 411m²,https://www.etreproprio.com/immobilier-22609391-vente-maison-miniac-morvan-plein-centre-avec-terrain-de-411m-miniac-morvan
MINIAC-MORVAN,Maison miniac morvan plein centre,https://www.etreproprio.com/immobilier-23071355-vente-maison-miniac-morvan-plein-centre-miniac-morvan
MINIAC-MORVAN,Maison miniac morvan  115 m2,https://www.etreproprio.com/immobilier-23057941-vente-maison-miniac-morvan-115-m2-miniac-morvan
LE MINIHIC-SUR-RANCE,Maison 88m² à le minihic-sur-rance,https://www.etreproprio.com/immobilier-23901101-vente-maison-88m-a-le-minihic-sur-rance-le-minihic-sur-rance
LE MINIHIC-SUR-RANCE,Maison le minihic sur rance 6 pièce(s) 131.35 m2,https://www.etreproprio.com/immobilier-23869870-vente-maison-le-minihic-sur-rance-6-pieces-13135-m2-le-minihic-sur-rance
LE MINIHIC-SUR-RANCE,Maison avec vie de plain pied en centre bourg du minihic sur rance,https://www.etreproprio.com/immobilier-23823809-vente-maison-avec-vie-de-plain-pied-en-centre-bourg-du-minihic-sur-rance-le-minihic-sur-rance
LE MINIHIC-SUR-RANCE,Le minihic sur rance - maison de maître 188 m2,https://www.etreproprio.com/immobilier-23781962-vente-le-minihic-sur-rance-maison-de-maitre-188-m2-le-minihic-sur-rance
LE MINIHIC-SUR-RANCE,Maison 218m² à le minihic-sur-rance,https://www.etreproprio.com/immobilier-23756867-vente-maison-218m-a-le-minihic-sur-rance-le-minihic-sur-rance
LE MINIHIC-SUR-RANCE,Maison 163m² à le minihic-sur-rance,https://www.etreproprio.com/immobilier-23165985-vente-maison-163m-a-le-minihic-sur-rance-le-minihic-sur-rance
LE MINIHIC-SUR-RANCE,Maison familiale et dépendance minihic-sur-rance,https://www.etreproprio.com/immobilier-21972903-vente-maison-familiale-et-dependance-minihic-sur-rance-le-minihic-sur-rance
LE MINIHIC-SUR-RANCE,"Entre rance et mer, maison familiale 4 chambres- le minihic-sur-rance, à quelques minutes de dinard",https://www.etreproprio.com/immobilier-23700372-vente-entre-rance-et-mer-maison-familiale-4-chambres-le-minihic-sur-rance-a-quelques-minutes-de-dinard-le-minihic-sur-rance
LE MINIHIC-SUR-RANCE,Le minihic sur rance - maison ossature bois - 163 m2 et 1585 m2 de terrain arboré,https://www.etreproprio.com/immobilier-23672592-vente-le-minihic-sur-rance-maison-ossature-bois-163-m2-et-1585-m2-de-terrain-arbore-le-minihic-sur-rance
LE MINIHIC-SUR-RANCE,Maison le minihic sur rance 5 pièces 138 m2,https://www.etreproprio.com/immobilier-23628397-vente-maison-le-minihic-sur-rance-5-pieces-138-m2-le-minihic-sur-rance
LE MINIHIC-SUR-RANCE,Maison 88m² à le minihic-sur-rance,https://www.etreproprio.com/immobilier-23631094-vente-maison-88m-a-le-minihic-sur-rance-le-minihic-sur-rance
LE MINIHIC-SUR-RANCE,Entre langrolay et le minihic sur rance,https://www.etreproprio.com/immobilier-23618210-vente-entre-langrolay-et-le-minihic-sur-rance-le-minihic-sur-rance
LE MINIHIC-SUR-RANCE,Maison 101 m2 / 4 chambres / terrain 1000 m2 proche de la rance,https://www.etreproprio.com/immobilier-23562379-vente-maison-101-m2-4-chambres-terrain-1000-m2-proche-de-la-rance-le-minihic-sur-rance
LE MINIHIC-SUR-RANCE,Charmante maison traditionnelle à rénover,https://www.etreproprio.com/immobilier-23510924-vente-charmante-maison-traditionnelle-a-renover-le-minihic-sur-rance
LE MINIHIC-SUR-RANCE,Bord de rance,https://www.etreproprio.com/immobilier-23486806-vente-bord-de-rance-le-minihic-sur-rance
LE MINIHIC-SUR-RANCE,Maison avec jardin à vendre au minihic-sur-rance maison familiale en vente sur les bords de rance,https://www.etreproprio.com/immobilier-23394870-vente-maison-avec-jardin-a-vendre-au-minihic-sur-rance-maison-familiale-en-vente-sur-les-bords-de-rance-le-minihic-sur-rance
LE MINIHIC-SUR-RANCE,Maison le minihic sur rance 6 pièces150 m2,https://www.etreproprio.com/immobilier-23319312-vente-maison-le-minihic-sur-rance-6-pieces150-m2-le-minihic-sur-rance
LE MINIHIC-SUR-RANCE,Maison 125m² à le minihic-sur-rance,https://www.etreproprio.com/immobilier-23301198-vente-maison-125m-a-le-minihic-sur-rance-le-minihic-sur-rance
LE MINIHIC-SUR-RANCE,Maison 132m² à le minihic-sur-rance,https://www.etreproprio.com/immobilier-23290282-vente-maison-132m-a-le-minihic-sur-rance-le-minihic-sur-rance
LE MINIHIC-SUR-RANCE,Maison 4 chambres - le minihic-sur-rance,https://www.etreproprio.com/immobilier-23213369-vente-maison-4-chambres-le-minihic-sur-rance-le-minihic-sur-rance
MINIAC-MORVAN,Maison 66m² à miniac-morvan,https://www.etreproprio.com/immobilier-23002498-vente-maison-66m-a-miniac-morvan-miniac-morvan
MINIAC-MORVAN,Maison de famille en campagne de saint malo & des bords de rance,https://www.etreproprio.com/immobilier-22987521-vente-maison-de-famille-en-campagne-de-saint-malo-des-bords-de-rance-miniac-morvan
MINIAC-MORVAN,Maison 160m² à miniac-morvan,https://www.etreproprio.com/immobilier-22233659-vente-maison-160m-a-miniac-morvan-miniac-morvan
MINIAC-MORVAN,Maison 158m² à miniac-morvan,https://www.etreproprio.com/immobilier-22968496-vente-maison-158m-a-miniac-morvan-miniac-morvan
MINIAC-MORVAN,Maison 117m² à miniac-morvan,https://www.etreproprio.com/immobilier-22919833-vente-maison-117m-a-miniac-morvan-miniac-morvan
MINIAC-MORVAN,Maison miniac morvan,https://www.etreproprio.com/immobilier-22030015-vente-maison-miniac-morvan-miniac-morvan
MINIAC-MORVAN,Maison 23m² à miniac-morvan,https://www.etreproprio.com/immobilier-22870269-vente-maison-23m-a-miniac-morvan-miniac-morvan
MINIAC-MORVAN,Maison à vendre miniac-morvan  t6 160m²,https://www.etreproprio.com/immobilier-17133683-vente-maison-a-vendre-miniac-morvan-t6-160m-miniac-morvan
MINIAC-MORVAN,Maison 87m² à miniac-morvan,https://www.etreproprio.com/immobilier-22756967-vente-maison-87m-a-miniac-morvan-miniac-morvan
MINIAC-MORVAN,Maison 143m² à miniac-morvan,https://www.etreproprio.com/immobilier-22637082-vente-maison-143m-a-miniac-morvan-miniac-morvan
MINIAC-MORVAN,Maison 108m² à miniac-morvan,https://www.etreproprio.com/immobilier-22637081-vente-maison-108m-a-miniac-morvan-miniac-morvan
MINIAC-MORVAN,A vendre maison miniac morvan 90m²,https://www.etreproprio.com/immobilier-22565201-vente-a-vendre-maison-miniac-morvan-90m-miniac-morvan
MINIAC-MORVAN,Maison 143m² à miniac-morvan,https://www.etreproprio.com/immobilier-22502557-vente-maison-143m-a-miniac-morvan-miniac-morvan
MINIAC-MORVAN,"Maison à vendre hors lotissement miniac morvan 4 pièces, 3 chambres, 117m² habitables, 808m² de terrain.",https://www.etreproprio.com/immobilier-20675540-vente-maison-a-vendre-hors-lotissement-miniac-morvan-4-pieces-3-chambres-117m-habitables-808m-de-terrain-miniac-morvan
MINIAC-MORVAN,Maison miniac morvan,https://www.etreproprio.com/immobilier-22310948-vente-maison-miniac-morvan-miniac-morvan
MINIAC-MORVAN,Maison 87m² à miniac-morvan,https://www.etreproprio.com/immobilier-22261617-vente-maison-87m-a-miniac-morvan-miniac-morvan
MINIAC-MORVAN,Maison 175m² à miniac-morvan,https://www.etreproprio.com/immobilier-22059939-vente-maison-175m-a-miniac-morvan-miniac-morvan
MINIAC-MORVAN,Maison à vendre 5 pièces miniac morvan (35),https://www.etreproprio.com/immobilier-21949506-vente-maison-a-vendre-5-pieces-miniac-morvan-35-miniac-morvan
MINIAC-MORVAN,Maison 117m² à miniac-morvan,https://www.etreproprio.com/immobilier-21877248-vente-maison-117m-a-miniac-morvan-miniac-morvan
MINIAC-MORVAN,Maison miniac morvan 8 pièce(s) 128 m2,https://www.etreproprio.com/immobilier-21620038-vente-maison-miniac-morvan-8-pieces-128-m2-miniac-morvan
MONDEVERT,Belle longere en pierres avec champ - campagne - a 5 minutes d'argentre du plessis,https://www.etreproprio.com/immobilier-23595967-vente-belle-longere-en-pierres-avec-champ-campagne-a-5-minutes-d-argentre-du-plessis-mondevert
MONDEVERT,Vente maison mondevert(35370) 147 000ï¿œ,https://www.etreproprio.com/immobilier-23541186-vente-vente-maison-mondevert35370-147-000i-oe-mondevert
MONDEVERT,Maison 4 pièces,https://www.etreproprio.com/immobilier-23528907-vente-maison-4-pieces-mondevert
MONDEVERT,Maison mondevert 3 pièce(s) 69 m2,https://www.etreproprio.com/immobilier-22878881-vente-maison-mondevert-3-pieces-69-m2-mondevert
MINIAC-MORVAN,Magnifique contemporaine domaine du golf,https://www.etreproprio.com/immobilier-21579800-vente-magnifique-contemporaine-domaine-du-golf-miniac-morvan
MINIAC-MORVAN,Maison miniac morvan 5 pièce(s) 90 m2,https://www.etreproprio.com/immobilier-21427357-vente-maison-miniac-morvan-5-pieces-90-m2-miniac-morvan
MINIAC-MORVAN,Maison miniac morvan 10 pièce(s) 167.5 m2,https://www.etreproprio.com/immobilier-21484199-vente-maison-miniac-morvan-10-pieces-1675-m2-miniac-morvan
MINIAC-MORVAN,Miniac-morvan - maison de bourg avec hangar,https://www.etreproprio.com/immobilier-21204302-vente-miniac-morvan-maison-de-bourg-avec-hangar-miniac-morvan
MONTAUBAN-DE-BRETAGNE,Maison 198m² à montauban-de-bretagne,https://www.etreproprio.com/immobilier-23892628-vente-maison-198m-a-montauban-de-bretagne-montauban-de-bretagne
MONTAUBAN-DE-BRETAGNE,Maison d'architecte 198 m² t6 avec jardin - garage - dépendance,https://www.etreproprio.com/immobilier-23882505-vente-maison-d-architecte-198-m-t6-avec-jardin-garage-dependance-montauban-de-bretagne
MONTAUBAN-DE-BRETAGNE,Maison montauban de bretagne sur 1014 m² de terrain avec possibilité de diviser la parcelle,https://www.etreproprio.com/immobilier-22578935-vente-maison-montauban-de-bretagne-sur-1014-m-de-terrain-avec-possibilite-de-diviser-la-parcelle-montauban-de-bretagne
MONTAUBAN-DE-BRETAGNE,Maison 114m² à montauban-de-bretagne,https://www.etreproprio.com/immobilier-23873898-vente-maison-114m-a-montauban-de-bretagne-montauban-de-bretagne
MONTAUBAN-DE-BRETAGNE,Maison montauban-de-bretagne 4 pièce(s) 68 m2,https://www.etreproprio.com/immobilier-23861272-vente-maison-montauban-de-bretagne-4-pieces-68-m2-montauban-de-bretagne
MONTAUBAN-DE-BRETAGNE,Maison 158m² à montauban-de-bretagne,https://www.etreproprio.com/immobilier-23816702-vente-maison-158m-a-montauban-de-bretagne-montauban-de-bretagne
MONTAUBAN-DE-BRETAGNE,Maison 60 m² à vendre à montauban-de-bretagne - terrain 530 m² - proche bourg et étang,https://www.etreproprio.com/immobilier-23819224-vente-maison-60-m-a-vendre-a-montauban-de-bretagne-terrain-530-m-proche-bourg-et-etang-montauban-de-bretagne
MONTAUBAN-DE-BRETAGNE,Maison 77m² à montauban-de-bretagne,https://www.etreproprio.com/immobilier-23790716-vente-maison-77m-a-montauban-de-bretagne-montauban-de-bretagne
MONTAUBAN-DE-BRETAGNE,Maison 5 chambres -180 m² avec grand terrain et double garage - montauban-de-bretagne,https://www.etreproprio.com/immobilier-23799075-vente-maison-5-chambres-180-m-avec-grand-terrain-et-double-garage-montauban-de-bretagne-montauban-de-bretagne
MONTAUBAN-DE-BRETAGNE,Maison 111m² à montauban-de-bretagne,https://www.etreproprio.com/immobilier-23751626-vente-maison-111m-a-montauban-de-bretagne-montauban-de-bretagne
MONTAUBAN-DE-BRETAGNE,Maison 190m² à montauban-de-bretagne,https://www.etreproprio.com/immobilier-23653681-vente-maison-190m-a-montauban-de-bretagne-montauban-de-bretagne
MONTAUBAN-DE-BRETAGNE,Maison 100m² à montauban-de-bretagne,https://www.etreproprio.com/immobilier-23641562-vente-maison-100m-a-montauban-de-bretagne-montauban-de-bretagne
MONTAUBAN-DE-BRETAGNE,Maison 81m² à montauban-de-bretagne,https://www.etreproprio.com/immobilier-23570556-vente-maison-81m-a-montauban-de-bretagne-montauban-de-bretagne
MONTAUBAN-DE-BRETAGNE,Maison à vendre 6 pièces - 107m² habitable - 772m² de terrain  montauban de bretagne (35),https://www.etreproprio.com/immobilier-23605446-vente-maison-a-vendre-6-pieces-107m-habitable-772m-de-terrain-montauban-de-bretagne-35-montauban-de-bretagne
MONTAUBAN-DE-BRETAGNE,Maison 3 chambres + bureau - montauban-de-bretagne - 96 m² avec jardin et garage,https://www.etreproprio.com/immobilier-23599271-vente-maison-3-chambres-bureau-montauban-de-bretagne-96-m-avec-jardin-et-garage-montauban-de-bretagne
MONTAUBAN-DE-BRETAGNE,Maison 116m² à montauban-de-bretagne,https://www.etreproprio.com/immobilier-23294460-vente-maison-116m-a-montauban-de-bretagne-montauban-de-bretagne
MONTAUBAN-DE-BRETAGNE,Maison familiale - 4 chambres,https://www.etreproprio.com/immobilier-23483915-vente-maison-familiale-4-chambres-montauban-de-bretagne
MONTAUBAN-DE-BRETAGNE,Maison 252m² à montauban-de-bretagne,https://www.etreproprio.com/immobilier-22526348-vente-maison-252m-a-montauban-de-bretagne-montauban-de-bretagne
MONTAUBAN-DE-BRETAGNE,Maison 137m² à montauban-de-bretagne,https://www.etreproprio.com/immobilier-23448662-vente-maison-137m-a-montauban-de-bretagne-montauban-de-bretagne
MONTAUBAN-DE-BRETAGNE,Maison 161m² à montauban-de-bretagne,https://www.etreproprio.com/immobilier-23435712-vente-maison-161m-a-montauban-de-bretagne-montauban-de-bretagne
LE MINIHIC-SUR-RANCE,Maison 4 pièces,https://www.etreproprio.com/immobilier-23198219-vente-maison-4-pieces-le-minihic-sur-rance
LE MINIHIC-SUR-RANCE,Maison 222m² à le minihic-sur-rance,https://www.etreproprio.com/immobilier-23191294-vente-maison-222m-a-le-minihic-sur-rance-le-minihic-sur-rance
LE MINIHIC-SUR-RANCE,Maison 128m² à le minihic-sur-rance,https://www.etreproprio.com/immobilier-22755892-vente-maison-128m-a-le-minihic-sur-rance-le-minihic-sur-rance
LE MINIHIC-SUR-RANCE,Maison  188m² le minihic sur rance,https://www.etreproprio.com/immobilier-21997127-vente-maison-188m-le-minihic-sur-rance-le-minihic-sur-rance
LE MINIHIC-SUR-RANCE,Le minihic-sur-rance – maison 4 chambres avec sous-sol au cœur du bourg,https://www.etreproprio.com/immobilier-23052098-vente-le-minihic-sur-rance-maison-4-chambres-avec-sous-sol-au-coeur-du-bourg-le-minihic-sur-rance
LE MINIHIC-SUR-RANCE,Maison 150m² à le minihic-sur-rance,https://www.etreproprio.com/immobilier-23016228-vente-maison-150m-a-le-minihic-sur-rance-le-minihic-sur-rance
LE MINIHIC-SUR-RANCE,Maison 140m² à le minihic-sur-rance,https://www.etreproprio.com/immobilier-22925020-vente-maison-140m-a-le-minihic-sur-rance-le-minihic-sur-rance
LE MINIHIC-SUR-RANCE,Maison 217m² à le minihic-sur-rance,https://www.etreproprio.com/immobilier-22917006-vente-maison-217m-a-le-minihic-sur-rance-le-minihic-sur-rance
LE MINIHIC-SUR-RANCE,Exclusivité. à vendre chez christelle mesnage immobilier.  à,https://www.etreproprio.com/immobilier-22914553-vente-exclusivite-a-vendre-chez-christelle-mesnage-immobilier-a-le-minihic-sur-rance
LE MINIHIC-SUR-RANCE,Maison familiale minihic sur rance,https://www.etreproprio.com/immobilier-22729345-vente-maison-familiale-minihic-sur-rance-le-minihic-sur-rance
LE MINIHIC-SUR-RANCE,"Maison en pierre rénovée de 152 m² – le minihic-sur-rance, centre bourg",https://www.etreproprio.com/immobilier-22684958-vente-maison-en-pierre-renovee-de-152-m-le-minihic-sur-rance-centre-bourg-le-minihic-sur-rance
LE MINIHIC-SUR-RANCE,Maison le minihic sur rance cale de la landriais,https://www.etreproprio.com/immobilier-22494236-vente-maison-le-minihic-sur-rance-cale-de-la-landriais-le-minihic-sur-rance
LE MINIHIC-SUR-RANCE,"Maison le minhic sur rance  5 pièce(s) 136 m² 3 chambres possibilités 5 chambres, cave, garage terrain d'une superficie de 1001",https://www.etreproprio.com/immobilier-22038018-vente-maison-le-minhic-sur-rance-5-pieces-136-m-3-chambres-possibilites-5-chambres-cave-garage-terrain-d-une-superficie-de-1001-le-minihic-sur-rance
LE MINIHIC-SUR-RANCE,Maison 178m² à le minihic-sur-rance,https://www.etreproprio.com/immobilier-22390336-vente-maison-178m-a-le-minihic-sur-rance-le-minihic-sur-rance
LE MINIHIC-SUR-RANCE,Maison le minihic sur rance 4 pièce(s),https://www.etreproprio.com/immobilier-22220448-vente-maison-le-minihic-sur-rance-4-pieces-le-minihic-sur-rance
LE MINIHIC-SUR-RANCE,Maison en pierre de caractère avec parc arboré de plus de 12 000 m² - minihic-sur-rance,https://www.etreproprio.com/immobilier-20207250-vente-maison-en-pierre-de-caractere-avec-parc-arbore-de-plus-de-12-000-m-minihic-sur-rance-le-minihic-sur-rance
LE MINIHIC-SUR-RANCE,Maison le minihic sur rance cale de la landriais 3 pièce(s) 90.33 m²,https://www.etreproprio.com/immobilier-22038017-vente-maison-le-minihic-sur-rance-cale-de-la-landriais-3-pieces-9033-m-le-minihic-sur-rance
LE MINIHIC-SUR-RANCE,"A vos baskets, vélos, bateaux ...",https://www.etreproprio.com/immobilier-21083819-vente-a-vos-baskets-velos-bateaux-le-minihic-sur-rance
LE MINIHIC-SUR-RANCE,Maison de maïtre   8 pièce(s) 187 m2 le minihic sur rance,https://www.etreproprio.com/immobilier-21351046-vente-maison-de-maitre-8-pieces-187-m2-le-minihic-sur-rance-le-minihic-sur-rance
LE MINIHIC-SUR-RANCE,Maison 187m² à le minihic-sur-rance,https://www.etreproprio.com/immobilier-21352476-vente-maison-187m-a-le-minihic-sur-rance-le-minihic-sur-rance
MONTAUBAN-DE-BRETAGNE,Maison 250m² à montauban-de-bretagne,https://www.etreproprio.com/immobilier-23406949-vente-maison-250m-a-montauban-de-bretagne-montauban-de-bretagne
MONTAUBAN-DE-BRETAGNE,Maison 118m² à montauban-de-bretagne,https://www.etreproprio.com/immobilier-22473524-vente-maison-118m-a-montauban-de-bretagne-montauban-de-bretagne
MONTAUBAN-DE-BRETAGNE,Maison 111m² à montauban-de-bretagne,https://www.etreproprio.com/immobilier-23032024-vente-maison-111m-a-montauban-de-bretagne-montauban-de-bretagne
MONTAUBAN-DE-BRETAGNE,Montauban-de-bretagne – spacieuse maison familiale en plein centre-ville,https://www.etreproprio.com/immobilier-23116910-vente-montauban-de-bretagne-spacieuse-maison-familiale-en-plein-centre-ville-montauban-de-bretagne
MONTAUBAN-DE-BRETAGNE,Maison 189m² à montauban-de-bretagne,https://www.etreproprio.com/immobilier-21257249-vente-maison-189m-a-montauban-de-bretagne-montauban-de-bretagne
MONTAUBAN-DE-BRETAGNE,Maison 153m² à montauban-de-bretagne,https://www.etreproprio.com/immobilier-22925187-vente-maison-153m-a-montauban-de-bretagne-montauban-de-bretagne
MONTAUBAN-DE-BRETAGNE,Maison 198m² à montauban-de-bretagne,https://www.etreproprio.com/immobilier-21971449-vente-maison-198m-a-montauban-de-bretagne-montauban-de-bretagne
MONTAUBAN-DE-BRETAGNE,Maison neuve de 80 m² - 3 chambres - 415 m² de terrain - environnement calme,https://www.etreproprio.com/immobilier-22578897-vente-maison-neuve-de-80-m-3-chambres-415-m-de-terrain-environnement-calme-montauban-de-bretagne
MONTAUBAN-DE-BRETAGNE,Maison montauban de bretagne 8 pièces 190 m2 - 2000 m² de terrain - double garage!,https://www.etreproprio.com/immobilier-22635964-vente-maison-montauban-de-bretagne-8-pieces-190-m2-2000-m-de-terrain-double-garage-montauban-de-bretagne
MONTAUBAN-DE-BRETAGNE,Maison montauban de bretagne 158 m2 - 42 m² de garage - terrain de 2000 m²,https://www.etreproprio.com/immobilier-22578926-vente-maison-montauban-de-bretagne-158-m2-42-m-de-garage-terrain-de-2000-m-montauban-de-bretagne
MONTAUBAN-DE-BRETAGNE,Maison de ville - montauban de bretagne 7 pièces 162 m2,https://www.etreproprio.com/immobilier-22578933-vente-maison-de-ville-montauban-de-bretagne-7-pieces-162-m2-montauban-de-bretagne
MONTAUBAN-DE-BRETAGNE,A vendre maison 6 pièces - 160 m2 - potentiel évolutif - montauban de bretagne,https://www.etreproprio.com/immobilier-22448666-vente-a-vendre-maison-6-pieces-160-m2-potentiel-evolutif-montauban-de-bretagne-montauban-de-bretagne
MONTAUBAN-DE-BRETAGNE,Maison 129m² à montauban-de-bretagne,https://www.etreproprio.com/immobilier-22322566-vente-maison-129m-a-montauban-de-bretagne-montauban-de-bretagne
MONTAUBAN-DE-BRETAGNE,Maison 94m² à montauban-de-bretagne,https://www.etreproprio.com/immobilier-22056443-vente-maison-94m-a-montauban-de-bretagne-montauban-de-bretagne
MONTAUBAN-DE-BRETAGNE,Maison 103m² à montauban-de-bretagne,https://www.etreproprio.com/immobilier-22002242-vente-maison-103m-a-montauban-de-bretagne-montauban-de-bretagne
MONTAUBAN-DE-BRETAGNE,Maison 290m² à montauban-de-bretagne,https://www.etreproprio.com/immobilier-21971452-vente-maison-290m-a-montauban-de-bretagne-montauban-de-bretagne
MONTAUBAN-DE-BRETAGNE,Maison 103m² à montauban-de-bretagne,https://www.etreproprio.com/immobilier-21971446-vente-maison-103m-a-montauban-de-bretagne-montauban-de-bretagne
MONTAUBAN-DE-BRETAGNE,Maison 150m² à montauban-de-bretagne,https://www.etreproprio.com/immobilier-21971448-vente-maison-150m-a-montauban-de-bretagne-montauban-de-bretagne
MONTAUBAN-DE-BRETAGNE,Maison 100m² à montauban-de-bretagne,https://www.etreproprio.com/immobilier-21971455-vente-maison-100m-a-montauban-de-bretagne-montauban-de-bretagne
MONTAUBAN-DE-BRETAGNE,Maison 162m² à montauban-de-bretagne,https://www.etreproprio.com/immobilier-21921188-vente-maison-162m-a-montauban-de-bretagne-montauban-de-bretagne
MONTAUTOUR,Maison 59m² à montautour,https://www.etreproprio.com/immobilier-23372465-vente-maison-59m-a-montautour-montautour
MONT-DOL,Corps de ferme,https://www.etreproprio.com/immobilier-23803508-vente-corps-de-ferme-mont-dol
MONT-DOL,Maison 694m² à mont-dol,https://www.etreproprio.com/immobilier-23812212-vente-maison-694m-a-mont-dol-mont-dol
MONT-DOL,Maison 554m² à mont-dol,https://www.etreproprio.com/immobilier-23323227-vente-maison-554m-a-mont-dol-mont-dol
MONT-DOL,Maison 178m² à mont-dol,https://www.etreproprio.com/immobilier-23277940-vente-maison-178m-a-mont-dol-mont-dol
MONT-DOL,Propriété - chambres d'hôtes mont dol 694m²,https://www.etreproprio.com/immobilier-23265375-vente-propriete-chambres-d-hotes-mont-dol-694m-mont-dol
MONT-DOL,Dol de bretagne en campagne,https://www.etreproprio.com/immobilier-23236268-vente-dol-de-bretagne-en-campagne-mont-dol
MONT-DOL,Pavillon plain pied 100 m² proche dol de bretagne,https://www.etreproprio.com/immobilier-23112204-vente-pavillon-plain-pied-100-m-proche-dol-de-bretagne-mont-dol
MONT-DOL,Propriété d’exception au cœur du mont-dol,https://www.etreproprio.com/immobilier-23106599-vente-propriete-d-exception-au-coeur-du-mont-dol-mont-dol
MONT-DOL,Mont-dol - charmante maison en campagne avec hangar,https://www.etreproprio.com/immobilier-22983301-vente-mont-dol-charmante-maison-en-campagne-avec-hangar-mont-dol
MONT-DOL,Maison 178m² à mont-dol,https://www.etreproprio.com/immobilier-22036632-vente-maison-178m-a-mont-dol-mont-dol
MONT-DOL,Maison avec jardin mont dol à vendre,https://www.etreproprio.com/immobilier-21882020-vente-maison-avec-jardin-mont-dol-a-vendre-mont-dol
MONT-DOL,"Mont dol - habitation, dépendances et salle de réception",https://www.etreproprio.com/immobilier-20935237-vente-mont-dol-habitation-dependances-et-salle-de-reception-mont-dol
MONT-DOL,Maison 65m² à mont-dol,https://www.etreproprio.com/immobilier-21545923-vente-maison-65m-a-mont-dol-mont-dol
MONTAUBAN-DE-BRETAGNE,Maison boisgervilly 6 pièces 150 m²,https://www.etreproprio.com/immobilier-19568738-vente-maison-boisgervilly-6-pieces-150-m-montauban-de-bretagne
MONTERFIL,Maison 8 pièces 165m²,https://www.etreproprio.com/immobilier-23417911-vente-maison-8-pieces-165m-monterfil
MONTERFIL,Maison monterfil - campagne - calme - investisseur,https://www.etreproprio.com/immobilier-23521728-vente-maison-monterfil-campagne-calme-investisseur-monterfil
MONTERFIL,Propriété - longère 310m² - ancienne ferme,https://www.etreproprio.com/immobilier-20942355-vente-propriete-longere-310m-ancienne-ferme-monterfil
MONTERFIL,"Maison d'habitation, terrain et dépendances, à monterfil",https://www.etreproprio.com/immobilier-17907941-vente-maison-d-habitation-terrain-et-dependances-a-monterfil-monterfil
MONTFORT-SUR-MEU,Maison 106m² à montfort-sur-meu,https://www.etreproprio.com/immobilier-23872648-vente-maison-106m-a-montfort-sur-meu-montfort-sur-meu
MONTFORT-SUR-MEU,"Centre historique, maison  de ville de caractère",https://www.etreproprio.com/immobilier-22751161-vente-centre-historique-maison-de-ville-de-caractere-montfort-sur-meu
MONTFORT-SUR-MEU,Maison 108m² à montfort-sur-meu,https://www.etreproprio.com/immobilier-23858743-vente-maison-108m-a-montfort-sur-meu-montfort-sur-meu
MONTFORT-SUR-MEU,Pépite à restaurer aux abords du centre-ville !,https://www.etreproprio.com/immobilier-23855519-vente-pepite-a-restaurer-aux-abords-du-centre-ville-montfort-sur-meu
MONTFORT-SUR-MEU,Superbe maison de bourg - montfort sur meu,https://www.etreproprio.com/immobilier-23722523-vente-superbe-maison-de-bourg-montfort-sur-meu-montfort-sur-meu
MONTFORT-SUR-MEU,Centre montfort sur meu - maison de type 4 - calme,https://www.etreproprio.com/immobilier-22763747-vente-centre-montfort-sur-meu-maison-de-type-4-calme-montfort-sur-meu
MONTFORT-SUR-MEU,Coup de cœur !,https://www.etreproprio.com/immobilier-23171883-vente-coup-de-coeur-montfort-sur-meu
MONTFORT-SUR-MEU,Bâtiment à vendre - 262m² - hypercentre -  montfort-sur-meu,https://www.etreproprio.com/immobilier-23328604-vente-batiment-a-vendre-262m-hypercentre-montfort-sur-meu-montfort-sur-meu
MONTFORT-SUR-MEU,Maison de maître au cœur de l’ancienne cité médiévale,https://www.etreproprio.com/immobilier-23586162-vente-maison-de-maitre-au-coeur-de-l-ancienne-cite-medievale-montfort-sur-meu
MONTFORT-SUR-MEU,Maison 175m² à montfort-sur-meu,https://www.etreproprio.com/immobilier-23556207-vente-maison-175m-a-montfort-sur-meu-montfort-sur-meu
MONTFORT-SUR-MEU,Maison 259m² à montfort-sur-meu,https://www.etreproprio.com/immobilier-23383245-vente-maison-259m-a-montfort-sur-meu-montfort-sur-meu
MONTFORT-SUR-MEU,Maison 137m² à montfort-sur-meu,https://www.etreproprio.com/immobilier-23345859-vente-maison-137m-a-montfort-sur-meu-montfort-sur-meu
MONTFORT-SUR-MEU,Maison 125m² à montfort-sur-meu,https://www.etreproprio.com/immobilier-23205632-vente-maison-125m-a-montfort-sur-meu-montfort-sur-meu
MONTFORT-SUR-MEU,Maison à vendre 5 pièces breteil centre (35),https://www.etreproprio.com/immobilier-22281904-vente-maison-a-vendre-5-pieces-breteil-centre-35-montfort-sur-meu
MONTFORT-SUR-MEU,"Maison 6 pièces 158 m2  hab - 202 m² au sol + sous sol de 100 m², l'ensemble sur 482 m² de terrain",https://www.etreproprio.com/immobilier-22578932-vente-maison-6-pieces-158-m2-hab-202-m-au-sol-sous-sol-de-100-m-l-ensemble-sur-482-m-de-terrain-montfort-sur-meu
MONTFORT-SUR-MEU,Maison montfort-sur-meu 6 pièce(s) 175 m2,https://www.etreproprio.com/immobilier-22496715-vente-maison-montfort-sur-meu-6-pieces-175-m2-montfort-sur-meu
MONTFORT-SUR-MEU,"Coeur de ville, maison montfort sur meu,  5 pièces, 103 m2",https://www.etreproprio.com/immobilier-19525491-vente-coeur-de-ville-maison-montfort-sur-meu-5-pieces-103-m2-montfort-sur-meu
MONTFORT-SUR-MEU,Centre-ville,https://www.etreproprio.com/immobilier-20617099-vente-centre-ville-montfort-sur-meu
MONTGERMONT,Maison montgermont 7 pièce(s) 119 m2,https://www.etreproprio.com/immobilier-23891104-vente-maison-montgermont-7-pieces-119-m2-montgermont
MONTGERMONT,"Maison spacieuse et récente montgermont - 6 chambres, 243 m²",https://www.etreproprio.com/immobilier-22696087-vente-maison-spacieuse-et-recente-montgermont-6-chambres-243-m-montgermont
MONTGERMONT,Maison 6 chambres montgermont,https://www.etreproprio.com/immobilier-22546958-vente-maison-6-chambres-montgermont-montgermont
MONTGERMONT,Maison - montgermont 7 pièces 119 m2 - 5 chambres - 433 m² de terrain,https://www.etreproprio.com/immobilier-23839393-vente-maison-montgermont-7-pieces-119-m2-5-chambres-433-m-de-terrain-montgermont
MONTGERMONT,Vente maison montgermont(35760) 332 800ï¿œ,https://www.etreproprio.com/immobilier-23784051-vente-vente-maison-montgermont35760-332-800i-oe-montgermont
MONTGERMONT,Maison montgermont 7 pièce(s) 119 m2,https://www.etreproprio.com/immobilier-23677881-vente-maison-montgermont-7-pieces-119-m2-montgermont
MONTGERMONT,Montgermont maison (2021) de 90m² sur 270m² de terrain plein sud !,https://www.etreproprio.com/immobilier-23469380-vente-montgermont-maison-2021-de-90m-sur-270m-de-terrain-plein-sud-montgermont
MONTGERMONT,Montgermont récente de 100 m2 avec 3 chs possibilité 4 sur 240m² de terrain plein sud avec garage !,https://www.etreproprio.com/immobilier-23162749-vente-montgermont-recente-de-100-m2-avec-3-chs-possibilite-4-sur-240m-de-terrain-plein-sud-avec-garage-montgermont
MONTGERMONT,Montgermont maison de 200 m2 sur 1800m² de terrain !,https://www.etreproprio.com/immobilier-22578948-vente-montgermont-maison-de-200-m2-sur-1800m-de-terrain-montgermont
MONTHAULT,Maison 100m² à monthault,https://www.etreproprio.com/immobilier-23908110-vente-maison-100m-a-monthault-monthault
MONTHAULT,Maison à vendre 4 pièces monthault (35),https://www.etreproprio.com/immobilier-20654366-vente-maison-a-vendre-4-pieces-monthault-35-monthault
MONTOURS,Maison située aux portes du coglais avec des belles prestations,https://www.etreproprio.com/immobilier-21774309-vente-maison-situee-aux-portes-du-coglais-avec-des-belles-prestations-montours
MONTOURS,Maison 97m² à montours,https://www.etreproprio.com/immobilier-23063498-vente-maison-97m-a-montours-montours
MONTOURS,Maison 105m² à montours,https://www.etreproprio.com/immobilier-23774910-vente-maison-105m-a-montours-montours
MONTOURS,Maison à vendre 6 pièces les portes du coglais (35),https://www.etreproprio.com/immobilier-23813541-vente-maison-a-vendre-6-pieces-les-portes-du-coglais-35-montours
MONTOURS,Maison 163m² à montours,https://www.etreproprio.com/immobilier-23772876-vente-maison-163m-a-montours-montours
MONTOURS,Maison 145m² à montours,https://www.etreproprio.com/immobilier-23610979-vente-maison-145m-a-montours-montours
MONTOURS,Maison 238m² à montours,https://www.etreproprio.com/immobilier-22577640-vente-maison-238m-a-montours-montours
MONTOURS,Maison de bourg 6 pièces 172 m2,https://www.etreproprio.com/immobilier-23428903-vente-maison-de-bourg-6-pieces-172-m2-montours
MONTOURS,Maison 127m² à montours,https://www.etreproprio.com/immobilier-23409079-vente-maison-127m-a-montours-montours
MONTOURS,"Longère en campagne, à 3 min de l'a84, 180 m2",https://www.etreproprio.com/immobilier-22911845-vente-longere-en-campagne-a-3-min-de-l-a84-180-m2-montours
MONTOURS,Maison 100m² à montours,https://www.etreproprio.com/immobilier-22535500-vente-maison-100m-a-montours-montours
MONTOURS,Longère maen roch,https://www.etreproprio.com/immobilier-21182000-vente-longere-maen-roch-montours
MONTOURS,Maison 73m² à montours,https://www.etreproprio.com/immobilier-22989561-vente-maison-73m-a-montours-montours
MONTOURS,Maison 285m² à montours,https://www.etreproprio.com/immobilier-22984861-vente-maison-285m-a-montours-montours
MONTOURS,A vendre - maison montours 4 pièce(s) 86 m2,https://www.etreproprio.com/immobilier-22723297-vente-a-vendre-maison-montours-4-pieces-86-m2-montours
MONTOURS,Maison 106m² à montours,https://www.etreproprio.com/immobilier-21141832-vente-maison-106m-a-montours-montours
MONTREUIL-DES-LANDES,Maison 73m² à montreuil-des-landes,https://www.etreproprio.com/immobilier-23646737-vente-maison-73m-a-montreuil-des-landes-montreuil-des-landes
MONTREUIL-DES-LANDES,Maison 110m² à montreuil-des-landes,https://www.etreproprio.com/immobilier-22976358-vente-maison-110m-a-montreuil-des-landes-montreuil-des-landes
MONTREUIL-DES-LANDES,Maison plain-pied de 73m2 - 2 chambres,https://www.etreproprio.com/immobilier-21487167-vente-maison-plain-pied-de-73m2-2-chambres-montreuil-des-landes
MONTREUIL-DES-LANDES,Maison 75m² à montreuil-des-landes,https://www.etreproprio.com/immobilier-22242350-vente-maison-75m-a-montreuil-des-landes-montreuil-des-landes
MONTREUIL-LE-GAST,Longère montreuil le gast,https://www.etreproprio.com/immobilier-23639085-vente-longere-montreuil-le-gast-montreuil-le-gast
MONTREUIL-LE-GAST,maison neuve 135 m² – montreuil-le-gast – 4 chambres – jardin avec robot tondeuse – garage,https://www.etreproprio.com/immobilier-23508253-vente-maison-neuve-135-m-montreuil-le-gast-4-chambres-jardin-avec-robot-tondeuse-garage-montreuil-le-gast
MONTREUIL-LE-GAST,"Maison contemporaine, 6 pièces à vendre à montreuil le gast (35520)",https://www.etreproprio.com/immobilier-23624754-vente-maison-contemporaine-6-pieces-a-vendre-a-montreuil-le-gast-35520-montreuil-le-gast
MONTREUIL-LE-GAST,Maison récente centre montreuil le gast,https://www.etreproprio.com/immobilier-23547022-vente-maison-recente-centre-montreuil-le-gast-montreuil-le-gast
MONTREUIL-LE-GAST,Maison 103m² à montreuil-le-gast,https://www.etreproprio.com/immobilier-23514555-vente-maison-103m-a-montreuil-le-gast-montreuil-le-gast
MONTREUIL-LE-GAST,Montreuil-le-gast,https://www.etreproprio.com/immobilier-23363523-vente-montreuil-le-gast-montreuil-le-gast
MONTREUIL-LE-GAST,Maison montreuil le gast,https://www.etreproprio.com/immobilier-23258850-vente-maison-montreuil-le-gast-montreuil-le-gast
MONTREUIL-LE-GAST,Maison indépendante montreuil le gast,https://www.etreproprio.com/immobilier-23153852-vente-maison-independante-montreuil-le-gast-montreuil-le-gast
MONTREUIL-LE-GAST,Maison 253m² à montreuil-le-gast,https://www.etreproprio.com/immobilier-23111705-vente-maison-253m-a-montreuil-le-gast-montreuil-le-gast
MONTREUIL-LE-GAST,Maison 94m² à montreuil-le-gast,https://www.etreproprio.com/immobilier-22946242-vente-maison-94m-a-montreuil-le-gast-montreuil-le-gast
MONTREUIL-LE-GAST,"Maison contemporaine, 6 pièces à vendre à montreuil le gast (35)",https://www.etreproprio.com/immobilier-22613086-vente-maison-contemporaine-6-pieces-a-vendre-a-montreuil-le-gast-35-montreuil-le-gast
MONTREUIL-LE-GAST,Maison neuve de  95 m² - jardin expose sud - montreuil-le-gast - la meziere - melesse,https://www.etreproprio.com/immobilier-22470854-vente-maison-neuve-de-95-m-jardin-expose-sud-montreuil-le-gast-la-meziere-melesse-montreuil-le-gast
MONTREUIL-LE-GAST,Maison neuve de  95 m²  - jardin expose sud - montreuil-le-gast - la meziere - melesse,https://www.etreproprio.com/immobilier-22470853-vente-maison-neuve-de-95-m-jardin-expose-sud-montreuil-le-gast-la-meziere-melesse-montreuil-le-gast
MONTREUIL-LE-GAST,Maison montreuil le gast 5 pièce(s) 97 m2,https://www.etreproprio.com/immobilier-22497833-vente-maison-montreuil-le-gast-5-pieces-97-m2-montreuil-le-gast
MONTREUIL-LE-GAST,Maison neuve 97m²,https://www.etreproprio.com/immobilier-21971040-vente-maison-neuve-97m-montreuil-le-gast
MONTREUIL-LE-GAST,Maison montreuil le gast 5 pièce(s) 103 m2,https://www.etreproprio.com/immobilier-22497778-vente-maison-montreuil-le-gast-5-pieces-103-m2-montreuil-le-gast
MONTREUIL-LE-GAST,Maison 90m² à montreuil-le-gast,https://www.etreproprio.com/immobilier-22051622-vente-maison-90m-a-montreuil-le-gast-montreuil-le-gast
MONTREUIL-SOUS-PEROUSE,"À seulement 3 km de vitré, bâtisse rénovée - hors d’eau / hors d’air.",https://www.etreproprio.com/immobilier-23804632-vente-a-seulement-3-km-de-vitre-batisse-renovee-hors-d-eau-hors-d-air-montreuil-sous-perouse
MONTREUIL-SOUS-PEROUSE,Maison en pierres en campagne,https://www.etreproprio.com/immobilier-23595964-vente-maison-en-pierres-en-campagne-montreuil-sous-perouse
MONTREUIL-SOUS-PEROUSE,Maison montreuil sous perouse 5 pièce(s) 146 m2,https://www.etreproprio.com/immobilier-23313836-vente-maison-montreuil-sous-perouse-5-pieces-146-m2-montreuil-sous-perouse
MONTREUIL-SOUS-PEROUSE,Maison 278m² à montreuil-sous-perouse,https://www.etreproprio.com/immobilier-23101471-vente-maison-278m-a-montreuil-sous-perouse-montreuil-sous-perouse
MONTREUIL-SOUS-PEROUSE,Maison à vendre  montreuil sous perouse (35) maison moderne,https://www.etreproprio.com/immobilier-22185632-vente-maison-a-vendre-montreuil-sous-perouse-35-maison-moderne-montreuil-sous-perouse
MONTREUIL-SUR-ILLE,Maison 110m² à montreuil-sur-ille,https://www.etreproprio.com/immobilier-22976021-vente-maison-110m-a-montreuil-sur-ille-montreuil-sur-ille
MONTREUIL-SUR-ILLE,Montreuil sur ille - maison avec jardin,https://www.etreproprio.com/immobilier-23841827-vente-montreuil-sur-ille-maison-avec-jardin-montreuil-sur-ille
MONTREUIL-SUR-ILLE,Maison 110m² à montreuil-sur-ille,https://www.etreproprio.com/immobilier-23827733-vente-maison-110m-a-montreuil-sur-ille-montreuil-sur-ille
MONTREUIL-SUR-ILLE,Maison 210m² à montreuil-sur-ille,https://www.etreproprio.com/immobilier-23779792-vente-maison-210m-a-montreuil-sur-ille-montreuil-sur-ille
MONTREUIL-SUR-ILLE,Maison 84m² à montreuil-sur-ille,https://www.etreproprio.com/immobilier-23227088-vente-maison-84m-a-montreuil-sur-ille-montreuil-sur-ille
MONTREUIL-SUR-ILLE,Maison montreuil sur ille 4 pièce(s) 84 m2,https://www.etreproprio.com/immobilier-23659223-vente-maison-montreuil-sur-ille-4-pieces-84-m2-montreuil-sur-ille
MONTREUIL-SUR-ILLE,Maison 145m² à montreuil-sur-ille,https://www.etreproprio.com/immobilier-23620448-vente-maison-145m-a-montreuil-sur-ille-montreuil-sur-ille
MONTREUIL-SUR-ILLE,"Maison d'habitation 37,68 m2 montreuil sur ille",https://www.etreproprio.com/immobilier-23584681-vente-maison-d-habitation-3768-m2-montreuil-sur-ille-montreuil-sur-ille
MONTREUIL-SUR-ILLE,"Maison spacieuse 150 m² avec grand séjour, à 2 pas du ter montreuil sur ille",https://www.etreproprio.com/immobilier-23511141-vente-maison-spacieuse-150-m-avec-grand-sejour-a-2-pas-du-ter-montreuil-sur-ille-montreuil-sur-ille
MONTREUIL-SUR-ILLE,Maison 130m² à montreuil-sur-ille,https://www.etreproprio.com/immobilier-23490238-vente-maison-130m-a-montreuil-sur-ille-montreuil-sur-ille
MONTREUIL-SUR-ILLE,Maison 156m² à montreuil-sur-ille,https://www.etreproprio.com/immobilier-23434279-vente-maison-156m-a-montreuil-sur-ille-montreuil-sur-ille
MONTREUIL-SUR-ILLE,"Maison spacieuse 150 m² avec grand séjour, à 2 pas du ter montreuil sur ille",https://www.etreproprio.com/immobilier-23046925-vente-maison-spacieuse-150-m-avec-grand-sejour-a-2-pas-du-ter-montreuil-sur-ille-montreuil-sur-ille
MONTREUIL-SUR-ILLE,Maison de plain-pied avec dépendances sur terrain de 2400 m²  montreuil-sur-ille,https://www.etreproprio.com/immobilier-22911374-vente-maison-de-plain-pied-avec-dependances-sur-terrain-de-2400-m-montreuil-sur-ille-montreuil-sur-ille
MONTREUIL-SUR-ILLE,Maison 94m² à montreuil-sur-ille,https://www.etreproprio.com/immobilier-22390431-vente-maison-94m-a-montreuil-sur-ille-montreuil-sur-ille
MORDELLES,A vendre - plelan le grand - longère rénovée,https://www.etreproprio.com/immobilier-23829097-vente-a-vendre-plelan-le-grand-longere-renovee-mordelles
MORDELLES,Maison 108m² à mordelles,https://www.etreproprio.com/immobilier-23383749-vente-maison-108m-a-mordelles-mordelles
MORDELLES,Maison 5 pièces,https://www.etreproprio.com/immobilier-23045780-vente-maison-5-pieces-mordelles
MORDELLES,Maison 163m² à mordelles,https://www.etreproprio.com/immobilier-23755696-vente-maison-163m-a-mordelles-mordelles
MORDELLES,A vendre - mordelles - maison à rénover avec garage et terrain,https://www.etreproprio.com/immobilier-23711359-vente-a-vendre-mordelles-maison-a-renover-avec-garage-et-terrain-mordelles
MORDELLES,Maison de plain-pied,https://www.etreproprio.com/immobilier-23686567-vente-maison-de-plain-pied-mordelles
MORDELLES,mordelles – grande maison familiale de 6 chambres – terrain de 3 000 m² – sous-sol complet – à 12 km de rennes,https://www.etreproprio.com/immobilier-23673853-vente-mordelles-grande-maison-familiale-de-6-chambres-terrain-de-3-000-m-sous-sol-complet-a-12-km-de-rennes-mordelles
MORDELLES,Maison à vendre à mordelles ? exclusivité ? rare en centre-ville,https://www.etreproprio.com/immobilier-23657576-vente-maison-a-vendre-a-mordelles-exclusivite-rare-en-centre-ville-mordelles
MORDELLES,Maison à vendre à mordelles - 3 chambres - 94 m² - hyper centre de mordelles (35310),https://www.etreproprio.com/immobilier-23648382-vente-maison-a-vendre-a-mordelles-3-chambres-94-m-hyper-centre-de-mordelles-35310-mordelles
MORDELLES,A vendre - maison à mordelles - 4 ch - garage - terrain,https://www.etreproprio.com/immobilier-23420699-vente-a-vendre-maison-a-mordelles-4-ch-garage-terrain-mordelles
MORDELLES,Maison familiale d'environ 122 m² avec 4 chambres sur terrain de plus de 3 000 m².,https://www.etreproprio.com/immobilier-23399511-vente-maison-familiale-d-environ-122-m-avec-4-chambres-sur-terrain-de-plus-de-3-000-m-mordelles
MORDELLES,Longère d'habitation t4 avec étage aménageable et hangar,https://www.etreproprio.com/immobilier-22593630-vente-longere-d-habitation-t4-avec-etage-amenageable-et-hangar-mordelles
MORDELLES,Maison 6 pièces,https://www.etreproprio.com/immobilier-23290634-vente-maison-6-pieces-mordelles
MORDELLES,Maison à vendre à mordelles - 177 m² habitables - 15 min de rennes,https://www.etreproprio.com/immobilier-21222539-vente-maison-a-vendre-a-mordelles-177-m-habitables-15-min-de-rennes-mordelles
MORDELLES,Maison familiale,https://www.etreproprio.com/immobilier-21851283-vente-maison-familiale-mordelles
MORDELLES,Mordelles : (lotissement privé) spacieuse maison de 180 m² hab env + sous-sol complet (95m²) sur un terrain de + de 1000 m² !,https://www.etreproprio.com/immobilier-23228627-vente-mordelles-lotissement-prive-spacieuse-maison-de-180-m-hab-env-sous-sol-complet-95m-sur-un-terrain-de-de-1000-m-mordelles
MORDELLES,Maison 147m² à mordelles,https://www.etreproprio.com/immobilier-23216959-vente-maison-147m-a-mordelles-mordelles
MORDELLES,Maison mordelles 158 m2,https://www.etreproprio.com/immobilier-23123614-vente-maison-mordelles-158-m2-mordelles
MORDELLES,Maison 210m² à mordelles,https://www.etreproprio.com/immobilier-22246489-vente-maison-210m-a-mordelles-mordelles
MORDELLES,Belle maison familiale,https://www.etreproprio.com/immobilier-21774268-vente-belle-maison-familiale-mordelles
MOUAZE,"Maison mouaze, 4 chambres + 1 studio",https://www.etreproprio.com/immobilier-23810106-vente-maison-mouaze-4-chambres-1-studio-mouaze
MOUAZE,Maison de 2012 - 4 chambres - 35250 - mouaze,https://www.etreproprio.com/immobilier-23694647-vente-maison-de-2012-4-chambres-35250-mouaze-mouaze
MOUAZE,Maison 105m² à mouaze,https://www.etreproprio.com/immobilier-22923923-vente-maison-105m-a-mouaze-mouaze
MOUAZE,Mouazé maison indépendante de 2011 proposant 100m² habitables sir 375m² de terrain sud !,https://www.etreproprio.com/immobilier-22676892-vente-mouaze-maison-independante-de-2011-proposant-100m-habitables-sir-375m-de-terrain-sud-mouaze
MOUAZE,Charmante maison de maître à 10 minutes de betton,https://www.etreproprio.com/immobilier-22556134-vente-charmante-maison-de-maitre-a-10-minutes-de-betton-mouaze
MOUAZE,Maison 74m² à mouaze,https://www.etreproprio.com/immobilier-21637507-vente-maison-74m-a-mouaze-mouaze
MOULINS,Maison ancienne 4 chambres – moulins centre – 105 m² – terrain 290 m²,https://www.etreproprio.com/immobilier-22088763-vente-maison-ancienne-4-chambres-moulins-centre-105-m-terrain-290-m-moulins
MOULINS,Maison 295m² à moulins,https://www.etreproprio.com/immobilier-22001927-vente-maison-295m-a-moulins-moulins
MOUTIERS,Vente maison moutiers(35130) 280 000ï¿œ,https://www.etreproprio.com/immobilier-21321951-vente-vente-maison-moutiers35130-280-000i-oe-moutiers
MUEL,Maison 92m² à muel,https://www.etreproprio.com/immobilier-23360824-vente-maison-92m-a-muel-muel
MUEL,Maison 124m² à muel,https://www.etreproprio.com/immobilier-23440624-vente-maison-124m-a-muel-muel
MUEL,Maison 10 pièces,https://www.etreproprio.com/immobilier-22298062-vente-maison-10-pieces-muel
LA NOE-BLANCHE,Maison 136m² à la noe-blanche,https://www.etreproprio.com/immobilier-23362295-vente-maison-136m-a-la-noe-blanche-la-noe-blanche
LA NOE-BLANCHE,Maison 112m² à la noe-blanche,https://www.etreproprio.com/immobilier-23575484-vente-maison-112m-a-la-noe-blanche-la-noe-blanche
LA NOE-BLANCHE,"Un cadre paisible, de grands volumes baignés de lumière, et tout à portée de main : découvrez cette superbe longère rénovée à la",https://www.etreproprio.com/immobilier-23416106-vente-un-cadre-paisible-de-grands-volumes-baignes-de-lumiere-et-tout-a-portee-de-main-decouvrez-cette-superbe-longere-renovee-a-la-la-noe-blanche
LA NOE-BLANCHE,Maison 102m² à la noe-blanche,https://www.etreproprio.com/immobilier-22507600-vente-maison-102m-a-la-noe-blanche-la-noe-blanche
LA NOE-BLANCHE,Maison 187m² à la noe-blanche,https://www.etreproprio.com/immobilier-21996350-vente-maison-187m-a-la-noe-blanche-la-noe-blanche
NOUVOITOU,Beau projet de rénovation,https://www.etreproprio.com/immobilier-23876864-vente-beau-projet-de-renovation-nouvoitou
NOUVOITOU,Maison nouvoitou 6 pièce(s) 154.5 m2,https://www.etreproprio.com/immobilier-23841353-vente-maison-nouvoitou-6-pieces-1545-m2-nouvoitou
NOUVOITOU,Maison au fort potentiel à rénover,https://www.etreproprio.com/immobilier-23787540-vente-maison-au-fort-potentiel-a-renover-nouvoitou
NOUVOITOU,Maison 64m² à nouvoitou,https://www.etreproprio.com/immobilier-23769570-vente-maison-64m-a-nouvoitou-nouvoitou
NOUVOITOU,Campagne nouvoitou maison en pierres 5 pièces avec jardin 1200 m² environ,https://www.etreproprio.com/immobilier-23755361-vente-campagne-nouvoitou-maison-en-pierres-5-pieces-avec-jardin-1200-m-environ-nouvoitou
NOUVOITOU,Maison 119m² à nouvoitou,https://www.etreproprio.com/immobilier-22001978-vente-maison-119m-a-nouvoitou-nouvoitou
NOUVOITOU,Maison 94m² à nouvoitou,https://www.etreproprio.com/immobilier-23552540-vente-maison-94m-a-nouvoitou-nouvoitou
NOUVOITOU,Maison 85m² à nouvoitou,https://www.etreproprio.com/immobilier-23191393-vente-maison-85m-a-nouvoitou-nouvoitou
NOUVOITOU,Maison à vendre - centre ville - nouvoitou - joli jardin,https://www.etreproprio.com/immobilier-23637140-vente-maison-a-vendre-centre-ville-nouvoitou-joli-jardin-nouvoitou
NOUVOITOU,"Maison renovee de 133m2, 5 pieces",https://www.etreproprio.com/immobilier-23615454-vente-maison-renovee-de-133m2-5-pieces-nouvoitou
NOUVOITOU,Maison 125m² à nouvoitou,https://www.etreproprio.com/immobilier-22504124-vente-maison-125m-a-nouvoitou-nouvoitou
NOUVOITOU,Maison 125m² à nouvoitou,https://www.etreproprio.com/immobilier-22497763-vente-maison-125m-a-nouvoitou-nouvoitou
NOUVOITOU,Maison 123m² à nouvoitou,https://www.etreproprio.com/immobilier-23001684-vente-maison-123m-a-nouvoitou-nouvoitou
NOUVOITOU,Maison 170m² à nouvoitou,https://www.etreproprio.com/immobilier-22199542-vente-maison-170m-a-nouvoitou-nouvoitou
NOUVOITOU,Maison 123m² à nouvoitou,https://www.etreproprio.com/immobilier-21974761-vente-maison-123m-a-nouvoitou-nouvoitou
NOUVOITOU,Maison 104m² à nouvoitou,https://www.etreproprio.com/immobilier-22506477-vente-maison-104m-a-nouvoitou-nouvoitou
NOUVOITOU,Maison 104m² à nouvoitou,https://www.etreproprio.com/immobilier-23279909-vente-maison-104m-a-nouvoitou-nouvoitou
NOUVOITOU,Maison 213m² à nouvoitou,https://www.etreproprio.com/immobilier-23365045-vente-maison-213m-a-nouvoitou-nouvoitou
NOUVOITOU,Maison 179m² à nouvoitou,https://www.etreproprio.com/immobilier-22864396-vente-maison-179m-a-nouvoitou-nouvoitou
NOUVOITOU,Maison  7 pièce(s) 170 m2,https://www.etreproprio.com/immobilier-22520862-vente-maison-7-pieces-170-m2-nouvoitou
NOYAL-SOUS-BAZOUGES,Maison 140m² à noyal-sous-bazouges,https://www.etreproprio.com/immobilier-23843255-vente-maison-140m-a-noyal-sous-bazouges-noyal-sous-bazouges
NOYAL-SOUS-BAZOUGES,En campagne entre noyal et bazouges-la-perouse,https://www.etreproprio.com/immobilier-23654465-vente-en-campagne-entre-noyal-et-bazouges-la-perouse-noyal-sous-bazouges
NOYAL-SOUS-BAZOUGES,Maison combourg 5 pièces 141m²,https://www.etreproprio.com/immobilier-23531084-vente-maison-combourg-5-pieces-141m-noyal-sous-bazouges
NOYAL-SOUS-BAZOUGES,A vendre maison à noyal-sous-bazouges proche combourg,https://www.etreproprio.com/immobilier-22341168-vente-a-vendre-maison-a-noyal-sous-bazouges-proche-combourg-noyal-sous-bazouges
NOYAL-CHATILLON-SUR-SEICHE,Maison familiale,https://www.etreproprio.com/immobilier-23891831-vente-maison-familiale-noyal-chatillon-sur-seiche
NOYAL-CHATILLON-SUR-SEICHE,Maison 97m² à noyal-chatillon-sur-seiche,https://www.etreproprio.com/immobilier-23871481-vente-maison-97m-a-noyal-chatillon-sur-seiche-noyal-chatillon-sur-seiche
NOYAL-CHATILLON-SUR-SEICHE,Maison 159m² à noyal-chatillon-sur-seiche,https://www.etreproprio.com/immobilier-23843372-vente-maison-159m-a-noyal-chatillon-sur-seiche-noyal-chatillon-sur-seiche
NOYAL-CHATILLON-SUR-SEICHE,Maison 105m² à noyal-chatillon-sur-seiche,https://www.etreproprio.com/immobilier-23831381-vente-maison-105m-a-noyal-chatillon-sur-seiche-noyal-chatillon-sur-seiche
NOYAL-CHATILLON-SUR-SEICHE,Maison 115m² à noyal-chatillon-sur-seiche,https://www.etreproprio.com/immobilier-23809152-vente-maison-115m-a-noyal-chatillon-sur-seiche-noyal-chatillon-sur-seiche
NOYAL-CHATILLON-SUR-SEICHE,Maison 160m² à noyal-chatillon-sur-seiche,https://www.etreproprio.com/immobilier-23793704-vente-maison-160m-a-noyal-chatillon-sur-seiche-noyal-chatillon-sur-seiche
NOYAL-CHATILLON-SUR-SEICHE,Maison 128m² à noyal-chatillon-sur-seiche,https://www.etreproprio.com/immobilier-23765196-vente-maison-128m-a-noyal-chatillon-sur-seiche-noyal-chatillon-sur-seiche
NOYAL-CHATILLON-SUR-SEICHE,Maison 138m² à noyal-chatillon-sur-seiche,https://www.etreproprio.com/immobilier-23753803-vente-maison-138m-a-noyal-chatillon-sur-seiche-noyal-chatillon-sur-seiche
NOYAL-CHATILLON-SUR-SEICHE,"Maison, longère mitoyenne, 5 pièces, 103 m2 - noyal chatillon sur seiche",https://www.etreproprio.com/immobilier-23740854-vente-maison-longere-mitoyenne-5-pieces-103-m2-noyal-chatillon-sur-seiche-noyal-chatillon-sur-seiche
NOYAL-CHATILLON-SUR-SEICHE,Maison 101m² à noyal-chatillon-sur-seiche,https://www.etreproprio.com/immobilier-23711433-vente-maison-101m-a-noyal-chatillon-sur-seiche-noyal-chatillon-sur-seiche
NOYAL-CHATILLON-SUR-SEICHE,Maison type 5 - 142 m2 hab,https://www.etreproprio.com/immobilier-22693017-vente-maison-type-5-142-m2-hab-noyal-chatillon-sur-seiche
NOYAL-CHATILLON-SUR-SEICHE,Noyal chatillon sur seiche - bâtiment à aménager en ville,https://www.etreproprio.com/immobilier-23638233-vente-noyal-chatillon-sur-seiche-batiment-a-amenager-en-ville-noyal-chatillon-sur-seiche
NOYAL-CHATILLON-SUR-SEICHE,Noyal chatillon sur seiche - longère rénovée de 248m²,https://www.etreproprio.com/immobilier-23631346-vente-noyal-chatillon-sur-seiche-longere-renovee-de-248m-noyal-chatillon-sur-seiche
NOYAL-CHATILLON-SUR-SEICHE,Maison 7 pièces noyal-châtillon-sur-seiche,https://www.etreproprio.com/immobilier-23633035-vente-maison-7-pieces-noyal-chatillon-sur-seiche-noyal-chatillon-sur-seiche
NOYAL-CHATILLON-SUR-SEICHE,Noyal chatillon sur seiche - longère rénovée de 248m²,https://www.etreproprio.com/immobilier-23631352-vente-noyal-chatillon-sur-seiche-longere-renovee-de-248m-noyal-chatillon-sur-seiche
NOYAL-CHATILLON-SUR-SEICHE,Maison appt t4 avec terrasse et jardin - noyal-chatillon-sur-seiche,https://www.etreproprio.com/immobilier-23605722-vente-maison-appt-t4-avec-terrasse-et-jardin-noyal-chatillon-sur-seiche-noyal-chatillon-sur-seiche
NOYAL-CHATILLON-SUR-SEICHE,Maison 121m² à noyal-chatillon-sur-seiche,https://www.etreproprio.com/immobilier-23601657-vente-maison-121m-a-noyal-chatillon-sur-seiche-noyal-chatillon-sur-seiche
NOYAL-CHATILLON-SUR-SEICHE,Auberge / restaurant,https://www.etreproprio.com/immobilier-23551219-vente-auberge-restaurant-noyal-chatillon-sur-seiche
NOYAL-CHATILLON-SUR-SEICHE,Agence giboire - en exclusivité - maison type 8 d'environ 192 m² - noyal châtillon sur seiche - centre-bourg - rennes métropole,https://www.etreproprio.com/immobilier-23534870-vente-agence-giboire-en-exclusivite-maison-type-8-d-environ-192-m-noyal-chatillon-sur-seiche-centre-bourg-rennes-metropole-noyal-chatillon-sur-seiche
NOYAL-CHATILLON-SUR-SEICHE,Maison 3 chambres de 106m2,https://www.etreproprio.com/immobilier-23214031-vente-maison-3-chambres-de-106m2-noyal-chatillon-sur-seiche
NOUVOITOU,Maison 117m² à nouvoitou,https://www.etreproprio.com/immobilier-22349695-vente-maison-117m-a-nouvoitou-nouvoitou
NOUVOITOU,Maison 142m² à nouvoitou,https://www.etreproprio.com/immobilier-22177266-vente-maison-142m-a-nouvoitou-nouvoitou
NOUVOITOU,Maison 77m² à nouvoitou,https://www.etreproprio.com/immobilier-22322088-vente-maison-77m-a-nouvoitou-nouvoitou
NOUVOITOU,Maison nouvoitou 4 pièce(s) 74.98 m2,https://www.etreproprio.com/immobilier-22199731-vente-maison-nouvoitou-4-pieces-7498-m2-nouvoitou
NOYAL-CHATILLON-SUR-SEICHE,Maison 100m² à noyal-chatillon-sur-seiche,https://www.etreproprio.com/immobilier-23399984-vente-maison-100m-a-noyal-chatillon-sur-seiche-noyal-chatillon-sur-seiche
NOYAL-CHATILLON-SUR-SEICHE,Maison 136m² à noyal-chatillon-sur-seiche,https://www.etreproprio.com/immobilier-23341057-vente-maison-136m-a-noyal-chatillon-sur-seiche-noyal-chatillon-sur-seiche
NOYAL-CHATILLON-SUR-SEICHE,Maison 168m² à noyal-chatillon-sur-seiche,https://www.etreproprio.com/immobilier-22529077-vente-maison-168m-a-noyal-chatillon-sur-seiche-noyal-chatillon-sur-seiche
NOYAL-CHATILLON-SUR-SEICHE,Grange à rénover,https://www.etreproprio.com/immobilier-22719163-vente-grange-a-renover-noyal-chatillon-sur-seiche
NOYAL-CHATILLON-SUR-SEICHE,Maison noyal chatillon,https://www.etreproprio.com/immobilier-22719164-vente-maison-noyal-chatillon-noyal-chatillon-sur-seiche
NOYAL-CHATILLON-SUR-SEICHE,A vendre - en exclusivité - agence giboire - noyal châtillon sur seiche - maison type 8 de 226 m² - rennes métropole - axe renne,https://www.etreproprio.com/immobilier-21700342-vente-a-vendre-en-exclusivite-agence-giboire-noyal-chatillon-sur-seiche-maison-type-8-de-226-m-rennes-metropole-axe-renne-noyal-chatillon-sur-seiche
NOYAL-CHATILLON-SUR-SEICHE,Plain-pied (85 m2) proche commerces et commodités sur terrain de 395 m2.,https://www.etreproprio.com/immobilier-22405322-vente-plain-pied-85-m2-proche-commerces-et-commodites-sur-terrain-de-395-m2-noyal-chatillon-sur-seiche
NOYAL-CHATILLON-SUR-SEICHE,Maison 98m² à noyal-chatillon-sur-seiche,https://www.etreproprio.com/immobilier-22390430-vente-maison-98m-a-noyal-chatillon-sur-seiche-noyal-chatillon-sur-seiche
NOYAL-CHATILLON-SUR-SEICHE,"Maison 4 ch sur sous-sol à noyal chatillon, terrain 561m2",https://www.etreproprio.com/immobilier-22314008-vente-maison-4-ch-sur-sous-sol-a-noyal-chatillon-terrain-561m2-noyal-chatillon-sur-seiche
NOYAL-CHATILLON-SUR-SEICHE,Maison 183m² à noyal-chatillon-sur-seiche,https://www.etreproprio.com/immobilier-22273447-vente-maison-183m-a-noyal-chatillon-sur-seiche-noyal-chatillon-sur-seiche
NOYAL-CHATILLON-SUR-SEICHE,Ancien corps de ferme avec  dépendance sur 7 300m2,https://www.etreproprio.com/immobilier-22049580-vente-ancien-corps-de-ferme-avec-dependance-sur-7-300m2-noyal-chatillon-sur-seiche
NOYAL-CHATILLON-SUR-SEICHE,Maison contemporaine de 184m2 à noyal chatillon,https://www.etreproprio.com/immobilier-21874168-vente-maison-contemporaine-de-184m2-a-noyal-chatillon-noyal-chatillon-sur-seiche
NOYAL-CHATILLON-SUR-SEICHE,Maison grand format,https://www.etreproprio.com/immobilier-19254998-vente-maison-grand-format-noyal-chatillon-sur-seiche
NOYAL-CHATILLON-SUR-SEICHE,Maison ancienne à rénover sur 660 m2,https://www.etreproprio.com/immobilier-19220920-vente-maison-ancienne-a-renover-sur-660-m2-noyal-chatillon-sur-seiche
NOYAL-CHATILLON-SUR-SEICHE,Longère à rénover sur 495 m2.,https://www.etreproprio.com/immobilier-19204020-vente-longere-a-renover-sur-495-m2-noyal-chatillon-sur-seiche
NOYAL-CHATILLON-SUR-SEICHE,Maison de 3 chambres,https://www.etreproprio.com/immobilier-18425740-vente-maison-de-3-chambres-noyal-chatillon-sur-seiche
NOYAL-SUR-VILAINE,Maison bourgeoise en pierre à rénover à noyal-sur-vilaine,https://www.etreproprio.com/immobilier-23910991-vente-maison-bourgeoise-en-pierre-a-renover-a-noyal-sur-vilaine-noyal-sur-vilaine
NOYAL-SUR-VILAINE,Maison 53m² à noyal-sur-vilaine,https://www.etreproprio.com/immobilier-23853289-vente-maison-53m-a-noyal-sur-vilaine-noyal-sur-vilaine
NOYAL-SUR-VILAINE,Maison 43m² à noyal-sur-vilaine,https://www.etreproprio.com/immobilier-23810769-vente-maison-43m-a-noyal-sur-vilaine-noyal-sur-vilaine
NOYAL-SUR-VILAINE,Noyal sur vilaine - maison contemporaine de 156m²,https://www.etreproprio.com/immobilier-23771400-vente-noyal-sur-vilaine-maison-contemporaine-de-156m-noyal-sur-vilaine
NOYAL-SUR-VILAINE,"Petit prix, grand confort : t3 agréable, garage et dépendance.",https://www.etreproprio.com/immobilier-23730082-vente-petit-prix-grand-confort-t3-agreable-garage-et-dependance-noyal-sur-vilaine
NOYAL-SUR-VILAINE,Charmante maison de ville de 90m2 rénovée avec jardin clos,https://www.etreproprio.com/immobilier-23712592-vente-charmante-maison-de-ville-de-90m2-renovee-avec-jardin-clos-noyal-sur-vilaine
NOYAL-SUR-VILAINE,Maison 96m² à noyal-sur-vilaine,https://www.etreproprio.com/immobilier-23660718-vente-maison-96m-a-noyal-sur-vilaine-noyal-sur-vilaine
NOYAL-SUR-VILAINE,Maison noyal sur vilaine 5 pièce(s) 97m2,https://www.etreproprio.com/immobilier-23177008-vente-maison-noyal-sur-vilaine-5-pieces-97m2-noyal-sur-vilaine
NOYAL-SUR-VILAINE,Coup de coeur familial : maison avec jardin - noyal-sur-vilaine,https://www.etreproprio.com/immobilier-23544060-vente-coup-de-coeur-familial-maison-avec-jardin-noyal-sur-vilaine-noyal-sur-vilaine
NOYAL-SUR-VILAINE,Maison noyal sur vilaine 4 pièce(s) 76 m2,https://www.etreproprio.com/immobilier-23468538-vente-maison-noyal-sur-vilaine-4-pieces-76-m2-noyal-sur-vilaine
NOYAL-SUR-VILAINE,Maison noyal sur vilaine 7 pièce(s) 150 m2,https://www.etreproprio.com/immobilier-23457844-vente-maison-noyal-sur-vilaine-7-pieces-150-m2-noyal-sur-vilaine
NOYAL-SUR-VILAINE,Maison contemporaine d’architecte - 170m2 - 4 chambres,https://www.etreproprio.com/immobilier-23451962-vente-maison-contemporaine-d-architecte-170m2-4-chambres-noyal-sur-vilaine
NOYAL-SUR-VILAINE,"A vendre - exclusivité - agence giboire cesson - maison contemporaine de 155 m² - centre-ville de noyal sur vilaine - gare, comm",https://www.etreproprio.com/immobilier-23187662-vente-a-vendre-exclusivite-agence-giboire-cesson-maison-contemporaine-de-155-m-centre-ville-de-noyal-sur-vilaine-gare-comm-noyal-sur-vilaine
NOYAL-SUR-VILAINE,Maison 3 chambres de plain pied - 106m2,https://www.etreproprio.com/immobilier-23183475-vente-maison-3-chambres-de-plain-pied-106m2-noyal-sur-vilaine
NOYAL-SUR-VILAINE,Maison d'architecte de 180m2,https://www.etreproprio.com/immobilier-23051829-vente-maison-d-architecte-de-180m2-noyal-sur-vilaine
NOYAL-SUR-VILAINE,Maison familiale idéalement située dans la commune dynamique de noyal sur vilaine,https://www.etreproprio.com/immobilier-22954881-vente-maison-familiale-idealement-situee-dans-la-commune-dynamique-de-noyal-sur-vilaine-noyal-sur-vilaine
NOYAL-SUR-VILAINE,Maison 82m² à noyal-sur-vilaine,https://www.etreproprio.com/immobilier-22918083-vente-maison-82m-a-noyal-sur-vilaine-noyal-sur-vilaine
NOYAL-SUR-VILAINE,Noyal sur vilaine - maison de caractère de 113m²,https://www.etreproprio.com/immobilier-21685167-vente-noyal-sur-vilaine-maison-de-caractere-de-113m-noyal-sur-vilaine
NOYAL-SUR-VILAINE,Maison 8 pieces 159 m2,https://www.etreproprio.com/immobilier-20322536-vente-maison-8-pieces-159-m2-noyal-sur-vilaine
NOYAL-SUR-VILAINE,Maison appartement terrain,https://www.etreproprio.com/immobilier-19338378-vente-maison-appartement-terrain-noyal-sur-vilaine
ORGERES,Maison orgeres 6 pièce(s) 115 m2,https://www.etreproprio.com/immobilier-23891994-vente-maison-orgeres-6-pieces-115-m2-orgeres
ORGERES,Orgeres nouveau superbe maison contemporaine de 156 m2,https://www.etreproprio.com/immobilier-22983744-vente-orgeres-nouveau-superbe-maison-contemporaine-de-156-m2-orgeres
ORGERES,"Jolie maison à orgères, 3 chambres",https://www.etreproprio.com/immobilier-23188744-vente-jolie-maison-a-orgeres-3-chambres-orgeres
ORGERES,Maison 110m² à orgeres,https://www.etreproprio.com/immobilier-23713211-vente-maison-110m-a-orgeres-orgeres
ORGERES,Maison 81m² à orgeres,https://www.etreproprio.com/immobilier-23700681-vente-maison-81m-a-orgeres-orgeres
ORGERES,Maison 81m² à orgeres,https://www.etreproprio.com/immobilier-23703416-vente-maison-81m-a-orgeres-orgeres
ORGERES,Maison 255m² à orgeres,https://www.etreproprio.com/immobilier-23318703-vente-maison-255m-a-orgeres-orgeres
ORGERES,Maison 91m² à orgeres,https://www.etreproprio.com/immobilier-23511214-vente-maison-91m-a-orgeres-orgeres
ORGERES,Maison familiale 5 chambres avec studio indépendant et piscine - orgères,https://www.etreproprio.com/immobilier-23672408-vente-maison-familiale-5-chambres-avec-studio-independant-et-piscine-orgeres-orgeres
ORGERES,A vendre - agence giboire - exclusivité - maison en pierre d'environ 110 m² en sortie d'orgères - rennes métropole - transports,https://www.etreproprio.com/immobilier-23598983-vente-a-vendre-agence-giboire-exclusivite-maison-en-pierre-d-environ-110-m-en-sortie-d-orgeres-rennes-metropole-transports-orgeres
ORGERES,"Charmante propriété à 15mn de rennes, à orgères avec 4 chambres et piscine chauffée.",https://www.etreproprio.com/immobilier-22217688-vente-charmante-propriete-a-15mn-de-rennes-a-orgeres-avec-4-chambres-et-piscine-chauffee-orgeres
ORGERES,Maison orgeres 4 pièce(s) 104 m2,https://www.etreproprio.com/immobilier-23579251-vente-maison-orgeres-4-pieces-104-m2-orgeres
ORGERES,Longère à vendre 6 pièces orgeres (35),https://www.etreproprio.com/immobilier-23539755-vente-longere-a-vendre-6-pieces-orgeres-35-orgeres
ORGERES,A 15 min de rennes sur la commune d'orgeres : superbe maison de 330m² habitables (353 m² sol) sur terrain clos et paysagé de 210,https://www.etreproprio.com/immobilier-23512509-vente-a-15-min-de-rennes-sur-la-commune-d-orgeres-superbe-maison-de-330m-habitables-353-m-sol-sur-terrain-clos-et-paysage-de-210-orgeres
ORGERES,Nouveauté à vendre à orgères   belle maison de 330 m2 hab. avec piscine aux portes de rennes en 8 minutes,https://www.etreproprio.com/immobilier-23326632-vente-nouveaute-a-vendre-a-orgeres-belle-maison-de-330-m2-hab-avec-piscine-aux-portes-de-rennes-en-8-minutes-orgeres
ORGERES,Orgères jolie maison contemporaine t6,https://www.etreproprio.com/immobilier-23444368-vente-orgeres-jolie-maison-contemporaine-t6-orgeres
ORGERES,À vendre en exclusivité – maison à rénover sur grand terrain – environnement calme et recherché,https://www.etreproprio.com/immobilier-23393599-vente-a-vendre-en-exclusivite-maison-a-renover-sur-grand-terrain-environnement-calme-et-recherche-orgeres
ORGERES,Maison 132m² à orgeres,https://www.etreproprio.com/immobilier-21767370-vente-maison-132m-a-orgeres-orgeres
ORGERES,Maison orgères 6 pièce(s) 126 m2,https://www.etreproprio.com/immobilier-23344460-vente-maison-orgeres-6-pieces-126-m2-orgeres
ORGERES,Maison 132m² à orgeres,https://www.etreproprio.com/immobilier-22222571-vente-maison-132m-a-orgeres-orgeres
PACE,En campagne,https://www.etreproprio.com/immobilier-23627657-vente-en-campagne-pace
PACE,"Maison à vendre à pacé  - 6 chambres 152,65m2 habitables - 15min de rennes",https://www.etreproprio.com/immobilier-23909838-vente-maison-a-vendre-a-pace-6-chambres-15265m2-habitables-15min-de-rennes-pace
PACE,En campagne,https://www.etreproprio.com/immobilier-23627658-vente-en-campagne-pace
PACE,Maison 172m² à pace,https://www.etreproprio.com/immobilier-23900162-vente-maison-172m-a-pace-pace
PACE,Longère campagne de pacé 100m²  avec grenier aménageable de 65m² sur 530m² de terrain sud !,https://www.etreproprio.com/immobilier-22676895-vente-longere-campagne-de-pace-100m-avec-grenier-amenageable-de-65m-sur-530m-de-terrain-sud-pace
PACE,"A vendre - exclusivite - groupe giboire - maison 5 chambres- au coeur de pacé, en centre ville, à proximité de tous commerces et",https://www.etreproprio.com/immobilier-23890667-vente-a-vendre-exclusivite-groupe-giboire-maison-5-chambres-au-coeur-de-pace-en-centre-ville-a-proximite-de-tous-commerces-et-pace
PACE,A vendre  - groupe giboire - maison d'exception à pacé - référence 25273,https://www.etreproprio.com/immobilier-23890666-vente-a-vendre-groupe-giboire-maison-d-exception-a-pace-reference-25273-pace
PACE,Pacé maison de 2016 proposant 123 m2 habitables sur 300m² de terrain plein sud !,https://www.etreproprio.com/immobilier-23519959-vente-pace-maison-de-2016-proposant-123-m2-habitables-sur-300m-de-terrain-plein-sud-pace
PACE,Maison 122m² à pace,https://www.etreproprio.com/immobilier-22635127-vente-maison-122m-a-pace-pace
PACE,Maison 220m² à pace,https://www.etreproprio.com/immobilier-21617962-vente-maison-220m-a-pace-pace
PACE,Maison familiale traditionnelle 7 pièces - 4 chambres - grand sous-sol - proche centre bourg de pacé,https://www.etreproprio.com/immobilier-23836497-vente-maison-familiale-traditionnelle-7-pieces-4-chambres-grand-sous-sol-proche-centre-bourg-de-pace-pace
PACE,Maison parthenay de bretagne - 3 chambres,https://www.etreproprio.com/immobilier-23348870-vente-maison-parthenay-de-bretagne-3-chambres-pace
PACE,Maison 200m² à pace,https://www.etreproprio.com/immobilier-23765643-vente-maison-200m-a-pace-pace
PACE,Bâtisse ancienne à rénover 80m² hameau pacé,https://www.etreproprio.com/immobilier-23755458-vente-batisse-ancienne-a-renover-80m-hameau-pace-pace
PACE,Maison  spacieuse avec 5 chambres et très beau jardin,https://www.etreproprio.com/immobilier-23755471-vente-maison-spacieuse-avec-5-chambres-et-tres-beau-jardin-pace
PACE,Maison pace 5 pièce(s) 122.16 m2,https://www.etreproprio.com/immobilier-23755464-vente-maison-pace-5-pieces-12216-m2-pace
PACE,"Maison à vendre à pacé - 163 m2- proximité des écoles, collèges",https://www.etreproprio.com/immobilier-23710967-vente-maison-a-vendre-a-pace-163-m2-proximite-des-ecoles-colleges-pace
PACE,Maison pace 4 chambres - 92.63 m2,https://www.etreproprio.com/immobilier-23710966-vente-maison-pace-4-chambres-9263-m2-pace
PACE,Maison 100m² à pace,https://www.etreproprio.com/immobilier-23678751-vente-maison-100m-a-pace-pace
PACE,Longère rénovée proche centre,https://www.etreproprio.com/immobilier-22237604-vente-longere-renovee-proche-centre-pace
PAIMPONT,"À vendre   authentique longère en pierres, cadre exceptionnel au coeur de paimpont",https://www.etreproprio.com/immobilier-23773210-vente-a-vendre-authentique-longere-en-pierres-cadre-exceptionnel-au-coeur-de-paimpont-paimpont
PAIMPONT,Un manoir en brocéliande à acheter avec cht immobilier,https://www.etreproprio.com/immobilier-23737022-vente-un-manoir-en-broceliande-a-acheter-avec-cht-immobilier-paimpont
PAIMPONT,Maison - mauron,https://www.etreproprio.com/immobilier-23675163-vente-maison-mauron-paimpont
PAIMPONT,Maison - paimpont,https://www.etreproprio.com/immobilier-23647481-vente-maison-paimpont-paimpont
PAIMPONT,"A vendre, maison rénovée avec piscine et spa à paimpont (35 380)",https://www.etreproprio.com/immobilier-23651554-vente-a-vendre-maison-renovee-avec-piscine-et-spa-a-paimpont-35-380-paimpont
PAIMPONT,Paimpont- propriété xviième et ses terres,https://www.etreproprio.com/immobilier-23631345-vente-paimpont-propriete-xviieme-et-ses-terres-paimpont
PAIMPONT,Maison à rénover avec superbe vue sur la campagne,https://www.etreproprio.com/immobilier-23624233-vente-maison-a-renover-avec-superbe-vue-sur-la-campagne-paimpont
PAIMPONT,"A vendre, maison 5 chambres dans le centre de paimpont (35 380)",https://www.etreproprio.com/immobilier-23439063-vente-a-vendre-maison-5-chambres-dans-le-centre-de-paimpont-35-380-paimpont
PAIMPONT,Maison 126m² à paimpont,https://www.etreproprio.com/immobilier-23401168-vente-maison-126m-a-paimpont-paimpont
PAIMPONT,Très belle longère à rénover au cœur de brocéliande sur plus de 8 000m²,https://www.etreproprio.com/immobilier-22314015-vente-tres-belle-longere-a-renover-au-coeur-de-broceliande-sur-plus-de-8-000m-paimpont
PAIMPONT,"Superbe longère avec installations équestres à paimpont, au cœur de la forêt de brocéliande",https://www.etreproprio.com/immobilier-23071649-vente-superbe-longere-avec-installations-equestres-a-paimpont-au-coeur-de-la-foret-de-broceliande-paimpont
PAIMPONT,Maison paimpont 5 pièce(s) 106 m2,https://www.etreproprio.com/immobilier-22983682-vente-maison-paimpont-5-pieces-106-m2-paimpont
PAIMPONT,"Longère à rénover au cœur de la forêt de brocéliande, à paimpont",https://www.etreproprio.com/immobilier-22783688-vente-longere-a-renover-au-coeur-de-la-foret-de-broceliande-a-paimpont-paimpont
PAIMPONT,Charmante maison familiale en très bon état,https://www.etreproprio.com/immobilier-22016749-vente-charmante-maison-familiale-en-tres-bon-etat-paimpont
PAIMPONT,Maison paimpont 5 pièce(s) 133 m2,https://www.etreproprio.com/immobilier-21489937-vente-maison-paimpont-5-pieces-133-m2-paimpont
ORGERES,Maison 109m² à orgeres,https://www.etreproprio.com/immobilier-23166970-vente-maison-109m-a-orgeres-orgeres
ORGERES,Maison 145m² à orgeres,https://www.etreproprio.com/immobilier-23161060-vente-maison-145m-a-orgeres-orgeres
ORGERES,Maison traditionnelle - 143 m2 - 4 chambres,https://www.etreproprio.com/immobilier-21983469-vente-maison-traditionnelle-143-m2-4-chambres-orgeres
ORGERES,Vente maison orgeres(35230) 210 000ï¿œ,https://www.etreproprio.com/immobilier-21321949-vente-vente-maison-orgeres35230-210-000i-oe-orgeres
ORGERES,charmante maison de plain-pied à vendre – orgères (35),https://www.etreproprio.com/immobilier-21465506-vente-charmante-maison-de-plain-pied-a-vendre-orgeres-35-orgeres
ORGERES,Maison 143m² à orgeres,https://www.etreproprio.com/immobilier-22873119-vente-maison-143m-a-orgeres-orgeres
ORGERES,Maison de plain pied dans le centre d'orgeres sur 1 690m2,https://www.etreproprio.com/immobilier-20651130-vente-maison-de-plain-pied-dans-le-centre-d-orgeres-sur-1-690m2-orgeres
ORGERES,Maison 228m² à orgeres,https://www.etreproprio.com/immobilier-21921116-vente-maison-228m-a-orgeres-orgeres
ORGERES,À vendre – maison familiale avec dépendance à orgères – 149 m² habitables sur 372 m² de terrain,https://www.etreproprio.com/immobilier-21936894-vente-a-vendre-maison-familiale-avec-dependance-a-orgeres-149-m-habitables-sur-372-m-de-terrain-orgeres
ORGERES,Maison 300m² à orgeres,https://www.etreproprio.com/immobilier-21262928-vente-maison-300m-a-orgeres-orgeres
ORGERES,Maison indépendante de 134 m2 - 5ch sur 1 200m2 de terrain,https://www.etreproprio.com/immobilier-19348858-vente-maison-independante-de-134-m2-5ch-sur-1-200m2-de-terrain-orgeres
PARCE,Corps de ferme à rénover,https://www.etreproprio.com/immobilier-23183417-vente-corps-de-ferme-a-renover-parce
PARCE,Maison parce 80 m2,https://www.etreproprio.com/immobilier-22386695-vente-maison-parce-80-m2-parce
PARCE,Maison 258m² à parce,https://www.etreproprio.com/immobilier-22273192-vente-maison-258m-a-parce-parce
PARCE,Maison parce 5 pièce(s) 184 m2,https://www.etreproprio.com/immobilier-21968362-vente-maison-parce-5-pieces-184-m2-parce
PACE,Maison 148m² à pace,https://www.etreproprio.com/immobilier-23216000-vente-maison-148m-a-pace-pace
PACE,À vendre - maison familiale avec locataires en place - centre-ville de pacé - 10min de rennes,https://www.etreproprio.com/immobilier-23648384-vente-a-vendre-maison-familiale-avec-locataires-en-place-centre-ville-de-pace-10min-de-rennes-pace
PACE,Pace - maison contemporaine bbc,https://www.etreproprio.com/immobilier-23631363-vente-pace-maison-contemporaine-bbc-pace
PACE,Maison 275m² à pace,https://www.etreproprio.com/immobilier-23240797-vente-maison-275m-a-pace-pace
PACE,Maison pace - 4 chambres - 108 m2,https://www.etreproprio.com/immobilier-22991224-vente-maison-pace-4-chambres-108-m2-pace
PACE,Pace maison en impasse de 100m² habitables sur 440m² de terrain sud avec 4 chambres !,https://www.etreproprio.com/immobilier-23512507-vente-pace-maison-en-impasse-de-100m-habitables-sur-440m-de-terrain-sud-avec-4-chambres-pace
PACE,A 5 minutes de pacé sur la commune de saint gilles longère indépendante sans vis à vis de 148m² habitables sur 1400m² de terrain,https://www.etreproprio.com/immobilier-23578656-vente-a-5-minutes-de-pace-sur-la-commune-de-saint-gilles-longere-independante-sans-vis-a-vis-de-148m-habitables-sur-1400m-de-terrain-pace
PACE,"Pace de 110 m2 (2012) sur 365m² de terrain avec garage, cellier, terrasses et abri de jardin !",https://www.etreproprio.com/immobilier-23543152-vente-pace-de-110-m2-2012-sur-365m-de-terrain-avec-garage-cellier-terrasses-et-abri-de-jardin-pace
PACE,Maison 120m² à pace,https://www.etreproprio.com/immobilier-23541840-vente-maison-120m-a-pace-pace
PACE,Maison 132m² à pace,https://www.etreproprio.com/immobilier-23521008-vente-maison-132m-a-pace-pace
PACE,Pace en impasse à 600 mètres du bourg et 200 mètres du bus maison de 100m² sur 425m² de terrain !,https://www.etreproprio.com/immobilier-23512505-vente-pace-en-impasse-a-600-metres-du-bourg-et-200-metres-du-bus-maison-de-100m-sur-425m-de-terrain-pace
PACE,Pace au calme maison de 115m² avec 5 chambres sur 435m² de terrain exposé sud/ouest sans vis à vis !,https://www.etreproprio.com/immobilier-23512502-vente-pace-au-calme-maison-de-115m-avec-5-chambres-sur-435m-de-terrain-expose-sudouest-sans-vis-a-vis-pace
PACE,"Pacé dans le quartier très recherché du bois de champagne, maison de 125m² avec ss-sol complet et 450m² de terrain !",https://www.etreproprio.com/immobilier-23512504-vente-pace-dans-le-quartier-tres-recherche-du-bois-de-champagne-maison-de-125m-avec-ss-sol-complet-et-450m-de-terrain-pace
PACE,Pace - quartier vergeal maison non mitoyenne de 160 m2 sur un magnifique terrain de 530m² exposé ouest avec vues sur la nature !,https://www.etreproprio.com/immobilier-23512501-vente-pace-quartier-vergeal-maison-non-mitoyenne-de-160-m2-sur-un-magnifique-terrain-de-530m-expose-ouest-avec-vues-sur-la-nature-pace
PACE,Magnifique maison de 163m² sur 530m² de terrain avec piscine et 5 chambres !,https://www.etreproprio.com/immobilier-23512503-vente-magnifique-maison-de-163m-sur-530m-de-terrain-avec-piscine-et-5-chambres-pace
PACE,Pace emplacement exceptionnel pour cette maison d'architecte de 145m² sur 620m² de terrain sud !,https://www.etreproprio.com/immobilier-23512499-vente-pace-emplacement-exceptionnel-pour-cette-maison-d-architecte-de-145m-sur-620m-de-terrain-sud-pace
PACE,"Maison familiale – pacé – 5 chambres, terrain de 799 m²",https://www.etreproprio.com/immobilier-23506676-vente-maison-familiale-pace-5-chambres-terrain-de-799-m-pace
PACE,Pacé maison récente de 100 m2 sur 200m² de terrain avec garage et abri de jardin !,https://www.etreproprio.com/immobilier-23442654-vente-pace-maison-recente-de-100-m2-sur-200m-de-terrain-avec-garage-et-abri-de-jardin-pace
PACE,Maison 111m² à pace,https://www.etreproprio.com/immobilier-23432029-vente-maison-111m-a-pace-pace
PACE,Maison 200m² à pace,https://www.etreproprio.com/immobilier-23286562-vente-maison-200m-a-pace-pace
PARIGNE,A vendre maison sur parigné de 63m²,https://www.etreproprio.com/immobilier-23328153-vente-a-vendre-maison-sur-parigne-de-63m-parigne
PARIGNE,Maison 240m² à parigne,https://www.etreproprio.com/immobilier-21552387-vente-maison-240m-a-parigne-parigne
PARIGNE,Maison 5 ch parigne,https://www.etreproprio.com/immobilier-22904565-vente-maison-5-ch-parigne-parigne
PARIGNE,Maison 120m² à parigne,https://www.etreproprio.com/immobilier-22743059-vente-maison-120m-a-parigne-parigne
PARIGNE,Maison 153m² à parigne,https://www.etreproprio.com/immobilier-23361227-vente-maison-153m-a-parigne-parigne
PARIGNE,Maison melle  6 pièce(s),https://www.etreproprio.com/immobilier-22526132-vente-maison-melle-6-pieces-parigne
PARIGNE,Château à vendre - aile de château d'exception sur la commune de parigné – 457 m² – 2 hectares de terrain,https://www.etreproprio.com/immobilier-22491743-vente-chateau-a-vendre-aile-de-chateau-d-exception-sur-la-commune-de-parigne-457-m-2-hectares-de-terrain-parigne
PARTHENAY-DE-BRETAGNE,Maison parthenay de bretagne - 3 chambres,https://www.etreproprio.com/immobilier-23316605-vente-maison-parthenay-de-bretagne-3-chambres-parthenay-de-bretagne
PARTHENAY-DE-BRETAGNE,Maison en plein centre,https://www.etreproprio.com/immobilier-20844129-vente-maison-en-plein-centre-parthenay-de-bretagne
PARTHENAY-DE-BRETAGNE,Maison parthenay de bretagne - lumineuse maison récente proche commerces/commodités/transports,https://www.etreproprio.com/immobilier-23647790-vente-maison-parthenay-de-bretagne-lumineuse-maison-recente-proche-commercescommoditestransports-parthenay-de-bretagne
PARTHENAY-DE-BRETAGNE,Maison 118m² à parthenay-de-bretagne,https://www.etreproprio.com/immobilier-23395924-vente-maison-118m-a-parthenay-de-bretagne-parthenay-de-bretagne
PARTHENAY-DE-BRETAGNE,Maison 210m² à parthenay-de-bretagne,https://www.etreproprio.com/immobilier-23253419-vente-maison-210m-a-parthenay-de-bretagne-parthenay-de-bretagne
PARTHENAY-DE-BRETAGNE,Maison parthenay-de-bretagne,https://www.etreproprio.com/immobilier-19523862-vente-maison-parthenay-de-bretagne-parthenay-de-bretagne
PACE,Maison à vendre à pacé - 10min de rennes - charmante maison des années 70 avec grand potentiel,https://www.etreproprio.com/immobilier-23357589-vente-maison-a-vendre-a-pace-10min-de-rennes-charmante-maison-des-annees-70-avec-grand-potentiel-pace
PACE,"Pace en impasse au calme, maison de 120m² avec ss-sol complet sur 420m² de terrain sa vis à vis !",https://www.etreproprio.com/immobilier-23291036-vente-pace-en-impasse-au-calme-maison-de-120m-avec-ss-sol-complet-sur-420m-de-terrain-sa-vis-a-vis-pace
PACE,Maison à vendre à pacé - 4 chambres - 116.59 m2 - proximité centre-ville,https://www.etreproprio.com/immobilier-23348869-vente-maison-a-vendre-a-pace-4-chambres-11659-m2-proximite-centre-ville-pace
PACE,Pace : beausoleil - maison contemporaine de 160m² env sur terrain de près de 650 m²,https://www.etreproprio.com/immobilier-22592794-vente-pace-beausoleil-maison-contemporaine-de-160m-env-sur-terrain-de-pres-de-650-m-pace
PACE,"Pacé en impasse à 350 mètres du bourg, magnifique maison rénovée de 145m² habitables et 163m² utiles avec sous-sol complet !",https://www.etreproprio.com/immobilier-22676893-vente-pace-en-impasse-a-350-metres-du-bourg-magnifique-maison-renovee-de-145m-habitables-et-163m-utiles-avec-sous-sol-complet-pace
PACE,Maison pace,https://www.etreproprio.com/immobilier-23242550-vente-maison-pace-pace
PACE,Bâtisse de caractère,https://www.etreproprio.com/immobilier-22318299-vente-batisse-de-caractere-pace
PACE,"Maison à vendre à pacé - 4 chambres - 138,94m2",https://www.etreproprio.com/immobilier-23207982-vente-maison-a-vendre-a-pace-4-chambres-13894m2-pace
PACE,Maison 120m² à pace,https://www.etreproprio.com/immobilier-22461058-vente-maison-120m-a-pace-pace
PACE,Maison 157m² à pace,https://www.etreproprio.com/immobilier-23056817-vente-maison-157m-a-pace-pace
PACE,"Maison à pace 4 chambres - 118,80 m2 - 10km de rennes",https://www.etreproprio.com/immobilier-22918841-vente-maison-a-pace-4-chambres-11880-m2-10km-de-rennes-pace
PACE,Pace demeure de caractère de 157 m2,https://www.etreproprio.com/immobilier-22973124-vente-pace-demeure-de-caractere-de-157-m2-pace
PACE,Maison 160m² à pace,https://www.etreproprio.com/immobilier-22730828-vente-maison-160m-a-pace-pace
PACE,A 7 min de rennes sur la ville de pace - spacieuse maison contemporaine familiale de 175 m² hab env sur 340 m² de terrain sud !,https://www.etreproprio.com/immobilier-22676889-vente-a-7-min-de-rennes-sur-la-ville-de-pace-spacieuse-maison-contemporaine-familiale-de-175-m-hab-env-sur-340-m-de-terrain-sud-pace
PACE,Maison contemporaine clé en main de 175m2 - 4 chambres - pacé,https://www.etreproprio.com/immobilier-22393042-vente-maison-contemporaine-cle-en-main-de-175m2-4-chambres-pace-pace
PACE,Charmante maison  familiale - 172m² - 4 chambres (5ème possible) - pacé - 12min de rennes,https://www.etreproprio.com/immobilier-21431930-vente-charmante-maison-familiale-172m-4-chambres-5eme-possible-pace-12min-de-rennes-pace
PACE,Maison 250m² à pace,https://www.etreproprio.com/immobilier-21967580-vente-maison-250m-a-pace-pace
PACE,Maison 125m² à pace,https://www.etreproprio.com/immobilier-21515225-vente-maison-125m-a-pace-pace
PACE,Maison 5 pièces à vendre à pacé - 10min de rennes,https://www.etreproprio.com/immobilier-19571932-vente-maison-5-pieces-a-vendre-a-pace-10min-de-rennes-pace
PACE,"Pacé, longère non mitoyenne de 183m² sur 1200m² de terrain au calme avec logement indépendant louable !",https://www.etreproprio.com/immobilier-22578924-vente-pace-longere-non-mitoyenne-de-183m-sur-1200m-de-terrain-au-calme-avec-logement-independant-louable-pace
LE PERTRE,Maison centre bourg - 136 m2 - le pertre,https://www.etreproprio.com/immobilier-23834704-vente-maison-centre-bourg-136-m2-le-pertre-le-pertre
LE PERTRE,A vendre maison 5 pièces le pertre 125 m² - 235 600  hai,https://www.etreproprio.com/immobilier-23828137-vente-a-vendre-maison-5-pieces-le-pertre-125-m-235-600-hai-le-pertre
LE PERTRE,Maison 75m² à le pertre,https://www.etreproprio.com/immobilier-18588323-vente-maison-75m-a-le-pertre-le-pertre
LE PERTRE,Maison 224m² à le pertre,https://www.etreproprio.com/immobilier-22990379-vente-maison-224m-a-le-pertre-le-pertre
LE PERTRE,Maison 126m² à le pertre,https://www.etreproprio.com/immobilier-21602705-vente-maison-126m-a-le-pertre-le-pertre
LE PERTRE,Maison 96m² à le pertre,https://www.etreproprio.com/immobilier-18739531-vente-maison-96m-a-le-pertre-le-pertre
LE PETIT-FOUGERAY,Maison 204m² à le petit-fougeray,https://www.etreproprio.com/immobilier-23412373-vente-maison-204m-a-le-petit-fougeray-le-petit-fougeray
LE PETIT-FOUGERAY,Maison 121m² à le petit-fougeray,https://www.etreproprio.com/immobilier-21182554-vente-maison-121m-a-le-petit-fougeray-le-petit-fougeray
PACE,Pace  : maison d'architecte de 172 m² hab + sous-sol complet 88 m² sur un terrain de près de 1000m²,https://www.etreproprio.com/immobilier-22578849-vente-pace-maison-d-architecte-de-172-m-hab-sous-sol-complet-88-m-sur-un-terrain-de-pres-de-1000m-pace
PACE,Contemporaine de 140 m2 de 2014 non mitoyenne avec 4 chambres + mezzanine et garage !,https://www.etreproprio.com/immobilier-22578945-vente-contemporaine-de-140-m2-de-2014-non-mitoyenne-avec-4-chambres-mezzanine-et-garage-pace
PACE,Pacé rare à la vente 2 bâtisses à rénover sur 2500m² de terrain !,https://www.etreproprio.com/immobilier-22578922-vente-pace-rare-a-la-vente-2-batisses-a-renover-sur-2500m-de-terrain-pace
PACE,Superbe maison d'architecte 8 pièces dans le centre de pacé - 248 m2 - jardin 570m2,https://www.etreproprio.com/immobilier-22120170-vente-superbe-maison-d-architecte-8-pieces-dans-le-centre-de-pace-248-m2-jardin-570m2-pace
PACE,Maison 248m² à pace,https://www.etreproprio.com/immobilier-22273429-vente-maison-248m-a-pace-pace
PACE,Vente maison pace(35740) 461 400ï¿œ,https://www.etreproprio.com/immobilier-22262946-vente-vente-maison-pace35740-461-400i-oe-pace
PACE,Maison type longère 5 pièces 143m2,https://www.etreproprio.com/immobilier-22032182-vente-maison-type-longere-5-pieces-143m2-pace
PACE,Maison 115m² à pace,https://www.etreproprio.com/immobilier-21967572-vente-maison-115m-a-pace-pace
PACE,Maison 139m² à pace,https://www.etreproprio.com/immobilier-21967578-vente-maison-139m-a-pace-pace
PACE,Maison 190m² à pace,https://www.etreproprio.com/immobilier-21150062-vente-maison-190m-a-pace-pace
PACE,"Longère indépendante, en campagne",https://www.etreproprio.com/immobilier-21258391-vente-longere-independante-en-campagne-pace
PIPRIAC,"Maison de 129m², avec toutes les commodités à pieds",https://www.etreproprio.com/immobilier-23887352-vente-maison-de-129m-avec-toutes-les-commodites-a-pieds-pipriac
PIPRIAC,Bâtiments - terrain,https://www.etreproprio.com/immobilier-23887157-vente-batiments-terrain-pipriac
PIPRIAC,Maison 3 chambres et grand terrain,https://www.etreproprio.com/immobilier-23562343-vente-maison-3-chambres-et-grand-terrain-pipriac
PIPRIAC,Maison 350m² à pipriac,https://www.etreproprio.com/immobilier-23821572-vente-maison-350m-a-pipriac-pipriac
PIPRIAC,Maison 139m² à pipriac,https://www.etreproprio.com/immobilier-23801003-vente-maison-139m-a-pipriac-pipriac
PIPRIAC,À vendre -maison 4 chambres avec terrain de +1 ha et boxes à chevaux - saint-just,https://www.etreproprio.com/immobilier-23699697-vente-a-vendre-maison-4-chambres-avec-terrain-de-1-ha-et-boxes-a-chevaux-saint-just-pipriac
PIPRIAC,Longère en partie rénovée pour un potentiel de 153m² au sol,https://www.etreproprio.com/immobilier-23694824-vente-longere-en-partie-renovee-pour-un-potentiel-de-153m-au-sol-pipriac
PIPRIAC,Maison 140m² à pipriac,https://www.etreproprio.com/immobilier-23621321-vente-maison-140m-a-pipriac-pipriac
PIPRIAC,Manoir pipriac 12 pièce(s) 560 m2  avec 14 ha,https://www.etreproprio.com/immobilier-23574270-vente-manoir-pipriac-12-pieces-560-m2-avec-14-ha-pipriac
PIPRIAC,Maison en pierre à la campagne,https://www.etreproprio.com/immobilier-22589825-vente-maison-en-pierre-a-la-campagne-pipriac
PIPRIAC,Maison pipriac 6 pièce(s) 85 m2,https://www.etreproprio.com/immobilier-23562597-vente-maison-pipriac-6-pieces-85-m2-pipriac
PIPRIAC,Longère en pierre -7 chambres - pipriac (35550),https://www.etreproprio.com/immobilier-23516615-vente-longere-en-pierre-7-chambres-pipriac-35550-pipriac
PIPRIAC,Maison pipriac 3 pièce(s) 78 m2,https://www.etreproprio.com/immobilier-23489329-vente-maison-pipriac-3-pieces-78-m2-pipriac
PIPRIAC,Maison de 96m² sur un terrain de 775m²,https://www.etreproprio.com/immobilier-22762421-vente-maison-de-96m-sur-un-terrain-de-775m-pipriac
PIPRIAC,Maison de 129m² sur un terrain de 1310m²,https://www.etreproprio.com/immobilier-23073806-vente-maison-de-129m-sur-un-terrain-de-1310m-pipriac
PIPRIAC,Maison de 55 m² avec dépendances,https://www.etreproprio.com/immobilier-23369246-vente-maison-de-55-m-avec-dependances-pipriac
PIPRIAC,Maison 85m² à pipriac,https://www.etreproprio.com/immobilier-22440055-vente-maison-85m-a-pipriac-pipriac
PIPRIAC,Maison 130m² à pipriac,https://www.etreproprio.com/immobilier-23244348-vente-maison-130m-a-pipriac-pipriac
PIPRIAC,Maison 206m² à pipriac,https://www.etreproprio.com/immobilier-23165543-vente-maison-206m-a-pipriac-pipriac
PIPRIAC,Maison 135m² à pipriac,https://www.etreproprio.com/immobilier-23124283-vente-maison-135m-a-pipriac-pipriac
PIRE-SUR-SEICHE,Maison 95m² à pire-sur-seiche,https://www.etreproprio.com/immobilier-23914270-vente-maison-95m-a-pire-sur-seiche-pire-sur-seiche
PIRE-SUR-SEICHE,Maison 4 pièces 95m2,https://www.etreproprio.com/immobilier-23897166-vente-maison-4-pieces-95m2-pire-sur-seiche
PIRE-SUR-SEICHE,Maison plain pied - 3 chambres + garage,https://www.etreproprio.com/immobilier-23890817-vente-maison-plain-pied-3-chambres-garage-pire-sur-seiche
PIRE-SUR-SEICHE,Maison 80m² à pire-sur-seiche,https://www.etreproprio.com/immobilier-23808189-vente-maison-80m-a-pire-sur-seiche-pire-sur-seiche
PIRE-SUR-SEICHE,Maison pire chance 6 pièce(s) 231.8 m2,https://www.etreproprio.com/immobilier-20590885-vente-maison-pire-chance-6-pieces-2318-m2-pire-sur-seiche
PIRE-SUR-SEICHE,Maison - pierre - charme - calme absolu - vue sur la campagne,https://www.etreproprio.com/immobilier-23489490-vente-maison-pierre-charme-calme-absolu-vue-sur-la-campagne-pire-sur-seiche
PIRE-SUR-SEICHE,Maison 290m² à pire-sur-seiche,https://www.etreproprio.com/immobilier-23195256-vente-maison-290m-a-pire-sur-seiche-pire-sur-seiche
PIRE-SUR-SEICHE,Maison pire-chance 5 pièces,https://www.etreproprio.com/immobilier-23755344-vente-maison-pire-chance-5-pieces-pire-sur-seiche
PIRE-SUR-SEICHE,Maison 107m² à pire-sur-seiche,https://www.etreproprio.com/immobilier-23741522-vente-maison-107m-a-pire-sur-seiche-pire-sur-seiche
PIRE-SUR-SEICHE,Maison à vendre 5 pièces pire-chance (35),https://www.etreproprio.com/immobilier-22346784-vente-maison-a-vendre-5-pieces-pire-chance-35-pire-sur-seiche
PIRE-SUR-SEICHE,Maison 98m² à pire-sur-seiche,https://www.etreproprio.com/immobilier-23195257-vente-maison-98m-a-pire-sur-seiche-pire-sur-seiche
PIRE-SUR-SEICHE,"Votre futur cocon familial à piré-chancé – maison 7 pièces, 128 m² de confort à découvrir",https://www.etreproprio.com/immobilier-22346958-vente-votre-futur-cocon-familial-a-pire-chance-maison-7-pieces-128-m-de-confort-a-decouvrir-pire-sur-seiche
PIRE-SUR-SEICHE,Maison pire sur seiche 5 pièce(s) 105 m2,https://www.etreproprio.com/immobilier-22085733-vente-maison-pire-sur-seiche-5-pieces-105-m2-pire-sur-seiche
PIRE-SUR-SEICHE,Maison non mitoyenne - pire sur seiche- 3 chambres -  25 mn de rennes,https://www.etreproprio.com/immobilier-14883490-vente-maison-non-mitoyenne-pire-sur-seiche-3-chambres-25-mn-de-rennes-pire-sur-seiche
PLECHATEL,Maison 135m² à plechatel,https://www.etreproprio.com/immobilier-23820377-vente-maison-135m-a-plechatel-plechatel
PLECHATEL,Longere rénovée 157m² - 6 pieces - 4 chambres - 1 bureau -  la couyere,https://www.etreproprio.com/immobilier-23671356-vente-longere-renovee-157m-6-pieces-4-chambres-1-bureau-la-couyere-plechatel
PLECHATEL,Maison 105m² à plechatel,https://www.etreproprio.com/immobilier-23587772-vente-maison-105m-a-plechatel-plechatel
PLECHATEL,Longère en pierre t8 plechatel 199 m2 - 3 900 m2,https://www.etreproprio.com/immobilier-23486281-vente-longere-en-pierre-t8-plechatel-199-m2-3-900-m2-plechatel
PIPRIAC,Maison 135m² à pipriac,https://www.etreproprio.com/immobilier-23060272-vente-maison-135m-a-pipriac-pipriac
PIPRIAC,Maison 135m² à pipriac,https://www.etreproprio.com/immobilier-23031585-vente-maison-135m-a-pipriac-pipriac
PIPRIAC,Longère de 110 m² avec dépendances et jardin,https://www.etreproprio.com/immobilier-23021578-vente-longere-de-110-m-avec-dependances-et-jardin-pipriac
PIPRIAC,Maison pipriac 8 pièce(s) 320 m2,https://www.etreproprio.com/immobilier-23012403-vente-maison-pipriac-8-pieces-320-m2-pipriac
PIPRIAC,Maison pipriac 6 pièce(s) 180 m2,https://www.etreproprio.com/immobilier-23021687-vente-maison-pipriac-6-pieces-180-m2-pipriac
PIPRIAC,Maison 135m² à pipriac,https://www.etreproprio.com/immobilier-22134450-vente-maison-135m-a-pipriac-pipriac
PIPRIAC,Maison - pipriac (bruc-sur-aff),https://www.etreproprio.com/immobilier-22944877-vente-maison-pipriac-bruc-sur-aff-pipriac
PIPRIAC,Maison 47m² à pipriac,https://www.etreproprio.com/immobilier-22916928-vente-maison-47m-a-pipriac-pipriac
PIPRIAC,Maison 71m² à pipriac,https://www.etreproprio.com/immobilier-22888792-vente-maison-71m-a-pipriac-pipriac
PIPRIAC,Maison 68m² à pipriac,https://www.etreproprio.com/immobilier-22646275-vente-maison-68m-a-pipriac-pipriac
PIPRIAC,Maison 45m² à pipriac,https://www.etreproprio.com/immobilier-22731540-vente-maison-45m-a-pipriac-pipriac
PIPRIAC,Maison pipriac 4 pièce(s) 165 m2,https://www.etreproprio.com/immobilier-22612812-vente-maison-pipriac-4-pieces-165-m2-pipriac
PIPRIAC,Maison pipriac 8 pièce(s) 250 m2 + spa de nage,https://www.etreproprio.com/immobilier-22405107-vente-maison-pipriac-8-pieces-250-m2-spa-de-nage-pipriac
PIPRIAC,Maison 100m² à pipriac,https://www.etreproprio.com/immobilier-22272613-vente-maison-100m-a-pipriac-pipriac
PIPRIAC,Maison pipriac 7 pièce(s) 198 m2,https://www.etreproprio.com/immobilier-21916669-vente-maison-pipriac-7-pieces-198-m2-pipriac
PIPRIAC,Maison en campagne de pipriac,https://www.etreproprio.com/immobilier-18473802-vente-maison-en-campagne-de-pipriac-pipriac
PLEINE-FOUGERES,Maison à vendre 5 pièces - pleine-fougeres (35) en baie du mont saint michel,https://www.etreproprio.com/immobilier-23634670-vente-maison-a-vendre-5-pieces-pleine-fougeres-35-en-baie-du-mont-saint-michel-pleine-fougeres
PLEINE-FOUGERES,Maison 300m² à pleine-fougeres,https://www.etreproprio.com/immobilier-22613218-vente-maison-300m-a-pleine-fougeres-pleine-fougeres
PLEINE-FOUGERES,Maison 90m² à pleine-fougeres,https://www.etreproprio.com/immobilier-23768508-vente-maison-90m-a-pleine-fougeres-pleine-fougeres
PLEINE-FOUGERES,Pleine-fougeres,https://www.etreproprio.com/immobilier-23639185-vente-pleine-fougeres-pleine-fougeres
PLEINE-FOUGERES,Maison 90m² à pleine-fougeres,https://www.etreproprio.com/immobilier-22682000-vente-maison-90m-a-pleine-fougeres-pleine-fougeres
PLEINE-FOUGERES,A vendre - pleine fougères - maison 7 pièce(s) 123 m² - vie de plain-pied,https://www.etreproprio.com/immobilier-23099708-vente-a-vendre-pleine-fougeres-maison-7-pieces-123-m-vie-de-plain-pied-pleine-fougeres
PLEINE-FOUGERES,Maison pleine fougeres 4 pièce(s) 92 m2,https://www.etreproprio.com/immobilier-23335439-vente-maison-pleine-fougeres-4-pieces-92-m2-pleine-fougeres
PLEINE-FOUGERES,Maison 156m² à pleine-fougeres,https://www.etreproprio.com/immobilier-23293115-vente-maison-156m-a-pleine-fougeres-pleine-fougeres
PLEINE-FOUGERES,A vendre - pleine fougères - maison 6 pièce(s) 185 m²,https://www.etreproprio.com/immobilier-21573907-vente-a-vendre-pleine-fougeres-maison-6-pieces-185-m-pleine-fougeres
PLEINE-FOUGERES,Maison à vendre 6 pièces pleine fougeres (35),https://www.etreproprio.com/immobilier-23043914-vente-maison-a-vendre-6-pieces-pleine-fougeres-35-pleine-fougeres
PLEINE-FOUGERES,Sains - exclusivité,https://www.etreproprio.com/immobilier-21647874-vente-sains-exclusivite-pleine-fougeres
PLEINE-FOUGERES,Manoir du xviiie siècle sur plus de 12 hectares,https://www.etreproprio.com/immobilier-22319361-vente-manoir-du-xviiie-siecle-sur-plus-de-12-hectares-pleine-fougeres
PLEINE-FOUGERES,Belle maison idéalement située en impasse à pleine-fougeres,https://www.etreproprio.com/immobilier-22048832-vente-belle-maison-idealement-situee-en-impasse-a-pleine-fougeres-pleine-fougeres
PLEINE-FOUGERES,Maison à pleine-fougeres,https://www.etreproprio.com/immobilier-17579743-vente-maison-a-pleine-fougeres-pleine-fougeres
PLELAN-LE-GRAND,"A vendre dans le centre plelan le grand, maison 4 chambres récente",https://www.etreproprio.com/immobilier-23887462-vente-a-vendre-dans-le-centre-plelan-le-grand-maison-4-chambres-recente-plelan-le-grand
PLELAN-LE-GRAND,Maison de bourg au cœur de plélan-le-grand,https://www.etreproprio.com/immobilier-23743734-vente-maison-de-bourg-au-coeur-de-plelan-le-grand-plelan-le-grand
PLELAN-LE-GRAND,Maison 120m² à plelan-le-grand,https://www.etreproprio.com/immobilier-23703189-vente-maison-120m-a-plelan-le-grand-plelan-le-grand
PLELAN-LE-GRAND,Charmante longère indépendante à plelan-le-grand côté treffendel,https://www.etreproprio.com/immobilier-23651551-vente-charmante-longere-independante-a-plelan-le-grand-cote-treffendel-plelan-le-grand
PLELAN-LE-GRAND,Propriété d’exception – 16 hectares de nature préservée,https://www.etreproprio.com/immobilier-23562400-vente-propriete-d-exception-16-hectares-de-nature-preservee-plelan-le-grand
PLELAN-LE-GRAND,Maison 142m² à plelan-le-grand,https://www.etreproprio.com/immobilier-23383246-vente-maison-142m-a-plelan-le-grand-plelan-le-grand
PLELAN-LE-GRAND,Maison plelan le grand 5 pièces 151.66 m2,https://www.etreproprio.com/immobilier-23357590-vente-maison-plelan-le-grand-5-pieces-15166-m2-plelan-le-grand
PLELAN-LE-GRAND,À vendre : charme et authenticité pour cette magnifique maison en pierre de 6 pièces à plelan le grand (35),https://www.etreproprio.com/immobilier-22258558-vente-a-vendre-charme-et-authenticite-pour-cette-magnifique-maison-en-pierre-de-6-pieces-a-plelan-le-grand-35-plelan-le-grand
PLERGUER,Maison 200m² à plerguer,https://www.etreproprio.com/immobilier-23907841-vente-maison-200m-a-plerguer-plerguer
PLERGUER,"Maison familiale à vendre plerguer 7 pièce(s)  175m² hab., 3298m² terrain",https://www.etreproprio.com/immobilier-23900155-vente-maison-familiale-a-vendre-plerguer-7-pieces-175m-hab-3298m-terrain-plerguer
PLERGUER,Maison plerguer 7 pièce(s) 159 m2,https://www.etreproprio.com/immobilier-23818976-vente-maison-plerguer-7-pieces-159-m2-plerguer
PLERGUER,Maison 110m² à plerguer,https://www.etreproprio.com/immobilier-23811908-vente-maison-110m-a-plerguer-plerguer
PLERGUER,Maison 160m² à plerguer,https://www.etreproprio.com/immobilier-23685490-vente-maison-160m-a-plerguer-plerguer
PLERGUER,Plerguer - plain-pied 4 chambres,https://www.etreproprio.com/immobilier-23604442-vente-plerguer-plain-pied-4-chambres-plerguer
PLERGUER,Plerguer - exclusivite,https://www.etreproprio.com/immobilier-23576565-vente-plerguer-exclusivite-plerguer
PLERGUER,Maison 126m² à plerguer,https://www.etreproprio.com/immobilier-23058581-vente-maison-126m-a-plerguer-plerguer
PLERGUER,Plerguer - exclusivité,https://www.etreproprio.com/immobilier-23326492-vente-plerguer-exclusivite-plerguer
PLERGUER,Maison 102m² à plerguer,https://www.etreproprio.com/immobilier-23519728-vente-maison-102m-a-plerguer-plerguer
PLERGUER,Maison 160m² à plerguer,https://www.etreproprio.com/immobilier-23526343-vente-maison-160m-a-plerguer-plerguer
PLERGUER,Maison 104m² à plerguer,https://www.etreproprio.com/immobilier-22188666-vente-maison-104m-a-plerguer-plerguer
PLERGUER,Maison 73m² à plerguer,https://www.etreproprio.com/immobilier-23325713-vente-maison-73m-a-plerguer-plerguer
PLERGUER,Sous compromis - plerguer - exclusivite,https://www.etreproprio.com/immobilier-23299702-vente-sous-compromis-plerguer-exclusivite-plerguer
PLERGUER,"Belle maison familiale de 150 m² , 6 chambres au calme, à plerguer",https://www.etreproprio.com/immobilier-23274419-vente-belle-maison-familiale-de-150-m-6-chambres-au-calme-a-plerguer-plerguer
PLERGUER,Maison 145m² à plerguer,https://www.etreproprio.com/immobilier-23245020-vente-maison-145m-a-plerguer-plerguer
PLERGUER,Maison 111m² à plerguer,https://www.etreproprio.com/immobilier-23065048-vente-maison-111m-a-plerguer-plerguer
PLERGUER,Maison 139m² à plerguer,https://www.etreproprio.com/immobilier-23017233-vente-maison-139m-a-plerguer-plerguer
PLESDER,Maison 276m² à plesder,https://www.etreproprio.com/immobilier-23811134-vente-maison-276m-a-plesder-plesder
PLESDER,Vente maison mesnil-roc'h(35720) 441 000ï¿œ,https://www.etreproprio.com/immobilier-23744811-vente-vente-maison-mesnil-roc-h35720-441-000i-oe-plesder
PLESDER,Maison plain pied 112 m2 3 chambres,https://www.etreproprio.com/immobilier-23737770-vente-maison-plain-pied-112-m2-3-chambres-plesder
PLESDER,Maison 100m² à plesder,https://www.etreproprio.com/immobilier-23733977-vente-maison-100m-a-plesder-plesder
PLESDER,Maison 75m² à plesder,https://www.etreproprio.com/immobilier-22913710-vente-maison-75m-a-plesder-plesder
PLESDER,Maison 136m² à plesder,https://www.etreproprio.com/immobilier-23231621-vente-maison-136m-a-plesder-plesder
PLESDER,Maison 150m² à plesder,https://www.etreproprio.com/immobilier-22276364-vente-maison-150m-a-plesder-plesder
PLEUGUENEUC,Maison 106m² à pleugueneuc,https://www.etreproprio.com/immobilier-23883237-vente-maison-106m-a-pleugueneuc-pleugueneuc
PLEUGUENEUC,Maison pleugueneuc 5 pièces 106 m² de plain-pied,https://www.etreproprio.com/immobilier-23869968-vente-maison-pleugueneuc-5-pieces-106-m-de-plain-pied-pleugueneuc
PLEUGUENEUC,Longere a rénover - terrain de 5725 m2 - projet de renovation offert,https://www.etreproprio.com/immobilier-23793045-vente-longere-a-renover-terrain-de-5725-m2-projet-de-renovation-offert-pleugueneuc
PLEUGUENEUC,Véritable havre de paix !,https://www.etreproprio.com/immobilier-23727570-vente-veritable-havre-de-paix-pleugueneuc
PLEUGUENEUC,Maison à rénover située à pleugueneuc,https://www.etreproprio.com/immobilier-23659466-vente-maison-a-renover-situee-a-pleugueneuc-pleugueneuc
PLEUGUENEUC,Maison 123m² à pleugueneuc,https://www.etreproprio.com/immobilier-22518973-vente-maison-123m-a-pleugueneuc-pleugueneuc
PLEUGUENEUC,Maison de bourg à rénover,https://www.etreproprio.com/immobilier-23517997-vente-maison-de-bourg-a-renover-pleugueneuc
PLEUGUENEUC,Maison en pierre,https://www.etreproprio.com/immobilier-23506822-vente-maison-en-pierre-pleugueneuc
PLEUGUENEUC,Maison 105m² à pleugueneuc,https://www.etreproprio.com/immobilier-23499785-vente-maison-105m-a-pleugueneuc-pleugueneuc
PLEUGUENEUC,Maison pleugueneuc 8 pièce(s) 400 m2,https://www.etreproprio.com/immobilier-23313588-vente-maison-pleugueneuc-8-pieces-400-m2-pleugueneuc
PLEUGUENEUC,Maison pleugueneuc,https://www.etreproprio.com/immobilier-22943978-vente-maison-pleugueneuc-pleugueneuc
PLEUGUENEUC,Maison 89m² à pleugueneuc,https://www.etreproprio.com/immobilier-21861283-vente-maison-89m-a-pleugueneuc-pleugueneuc
PLEUGUENEUC,Maison 200m² à pleugueneuc,https://www.etreproprio.com/immobilier-17579745-vente-maison-200m-a-pleugueneuc-pleugueneuc
PLEUMELEUC,Maison indépendante 4 chambres - dpe a - 146.11 m2 - pleumeleuc,https://www.etreproprio.com/immobilier-23250432-vente-maison-independante-4-chambres-dpe-a-14611-m2-pleumeleuc-pleumeleuc
PLEUMELEUC,Maison 7 pièces - 207.5m2,https://www.etreproprio.com/immobilier-23595894-vente-maison-7-pieces-2075m2-pleumeleuc
PLEUMELEUC,Longère pleumeleuc 6 pièce(s) 138 m2,https://www.etreproprio.com/immobilier-23589895-vente-longere-pleumeleuc-6-pieces-138-m2-pleumeleuc
PLEUMELEUC,Maison pleumeleuc 6 pièces 141 m2 - hangar fermé de 130 m² - terrain de plus de 2 000 m²,https://www.etreproprio.com/immobilier-22578920-vente-maison-pleumeleuc-6-pieces-141-m2-hangar-ferme-de-130-m-terrain-de-plus-de-2-000-m-pleumeleuc
PLEUMELEUC,Maison pleumeleuc 4 pièce(s) 110 m2,https://www.etreproprio.com/immobilier-23523977-vente-maison-pleumeleuc-4-pieces-110-m2-pleumeleuc
PLEUMELEUC,Maison contemporaine récente – lumineuse et fonctionnelle,https://www.etreproprio.com/immobilier-23285783-vente-maison-contemporaine-recente-lumineuse-et-fonctionnelle-pleumeleuc
PLEUMELEUC,Maison contemporaine récente,https://www.etreproprio.com/immobilier-23285765-vente-maison-contemporaine-recente-pleumeleuc
PLEUMELEUC,Maison 95m² à pleumeleuc,https://www.etreproprio.com/immobilier-23125672-vente-maison-95m-a-pleumeleuc-pleumeleuc
PLEUMELEUC,Maison t4 105m2,https://www.etreproprio.com/immobilier-23474490-vente-maison-t4-105m2-pleumeleuc
PLEUMELEUC,Maison 207m² à pleumeleuc,https://www.etreproprio.com/immobilier-22861555-vente-maison-207m-a-pleumeleuc-pleumeleuc
PLEUMELEUC,Maison pleumeleuc 5 pièce(s) 142 m2,https://www.etreproprio.com/immobilier-22594322-vente-maison-pleumeleuc-5-pieces-142-m2-pleumeleuc
PLEUMELEUC,A vendre - maison néo bretonne - dépendances - parc arboré - pleumeleuc,https://www.etreproprio.com/immobilier-21658223-vente-a-vendre-maison-neo-bretonne-dependances-parc-arbore-pleumeleuc-pleumeleuc
PLEUMELEUC,Maison pleumeleuc 7 pièce(s) 201.2 m2,https://www.etreproprio.com/immobilier-22496704-vente-maison-pleumeleuc-7-pieces-2012-m2-pleumeleuc
PLEUMELEUC,Maison 7 pièces 196m2,https://www.etreproprio.com/immobilier-21289505-vente-maison-7-pieces-196m2-pleumeleuc
PLEUMELEUC,Maison 7 pièces 201m2,https://www.etreproprio.com/immobilier-20531270-vente-maison-7-pieces-201m2-pleumeleuc
POCE-LES-BOIS,Poce les bois - vendu - maison,https://www.etreproprio.com/immobilier-23618592-vente-poce-les-bois-vendu-maison-poce-les-bois
POCE-LES-BOIS,Maison poce les bois,https://www.etreproprio.com/immobilier-22951509-vente-maison-poce-les-bois-poce-les-bois
POCE-LES-BOIS,En exclusivite proche vitre,https://www.etreproprio.com/immobilier-22538476-vente-en-exclusivite-proche-vitre-poce-les-bois
PLEURTUIT,Maison 90m² à pleurtuit,https://www.etreproprio.com/immobilier-22133610-vente-maison-90m-a-pleurtuit-pleurtuit
PLEURTUIT,Maison 197m² à pleurtuit,https://www.etreproprio.com/immobilier-23007983-vente-maison-197m-a-pleurtuit-pleurtuit
PLEURTUIT,Maison 88m² à pleurtuit,https://www.etreproprio.com/immobilier-23330824-vente-maison-88m-a-pleurtuit-pleurtuit
PLEURTUIT,Maison pleurtuit 5 pièces 114 m2,https://www.etreproprio.com/immobilier-22124231-vente-maison-pleurtuit-5-pieces-114-m2-pleurtuit
PLEURTUIT,Manoir et maison d'hôte à 10mn de la mer!,https://www.etreproprio.com/immobilier-23813737-vente-manoir-et-maison-d-hote-a-10mn-de-la-mer-pleurtuit
PLEURTUIT,Maison 131m² à pleurtuit,https://www.etreproprio.com/immobilier-23809876-vente-maison-131m-a-pleurtuit-pleurtuit
PLEURTUIT,Néo bretonne,https://www.etreproprio.com/immobilier-23784857-vente-neo-bretonne-pleurtuit
PLEURTUIT,Maison 44m² à pleurtuit,https://www.etreproprio.com/immobilier-23558413-vente-maison-44m-a-pleurtuit-pleurtuit
PLEURTUIT,Maison 125m² à pleurtuit,https://www.etreproprio.com/immobilier-21464371-vente-maison-125m-a-pleurtuit-pleurtuit
PLEURTUIT,Maison en pierre à pleurtuit,https://www.etreproprio.com/immobilier-23744612-vente-maison-en-pierre-a-pleurtuit-pleurtuit
PLEURTUIT,Maison 152m² à pleurtuit,https://www.etreproprio.com/immobilier-23730384-vente-maison-152m-a-pleurtuit-pleurtuit
PLEURTUIT,Maison pleurtuit 6 pièce(s) 114.6 m2,https://www.etreproprio.com/immobilier-23728886-vente-maison-pleurtuit-6-pieces-1146-m2-pleurtuit
PLEURTUIT,Maison 87m² à pleurtuit,https://www.etreproprio.com/immobilier-23029497-vente-maison-87m-a-pleurtuit-pleurtuit
PLEURTUIT,Maison 120m² à pleurtuit,https://www.etreproprio.com/immobilier-23712154-vente-maison-120m-a-pleurtuit-pleurtuit
PLEURTUIT,Maison neuve t4 - pleurtuit,https://www.etreproprio.com/immobilier-23717462-vente-maison-neuve-t4-pleurtuit-pleurtuit
PLEURTUIT,Maison 120m² sur sous sol complet,https://www.etreproprio.com/immobilier-23711051-vente-maison-120m-sur-sous-sol-complet-pleurtuit
PLEURTUIT,Maison de ville 108 m² – centre-bourg pleurtuit – grand terrain et garage,https://www.etreproprio.com/immobilier-23693867-vente-maison-de-ville-108-m-centre-bourg-pleurtuit-grand-terrain-et-garage-pleurtuit
PLEURTUIT,Maison pleurtuit 5 pièce(s) 113 m2,https://www.etreproprio.com/immobilier-23512096-vente-maison-pleurtuit-5-pieces-113-m2-pleurtuit
PLEURTUIT,Maison 86m² à pleurtuit,https://www.etreproprio.com/immobilier-23667259-vente-maison-86m-a-pleurtuit-pleurtuit
PLEURTUIT,Maison 91m² à pleurtuit,https://www.etreproprio.com/immobilier-23165338-vente-maison-91m-a-pleurtuit-pleurtuit
POILLEY,Maison 167m² à poilley,https://www.etreproprio.com/immobilier-23288667-vente-maison-167m-a-poilley-poilley
POILLEY,Maison en pierres de 167m²  proche a84,https://www.etreproprio.com/immobilier-23292272-vente-maison-en-pierres-de-167m-proche-a84-poilley
POILLEY,Maison à rénover,https://www.etreproprio.com/immobilier-16950359-vente-maison-a-renover-poilley
POLIGNE,Opportunite,https://www.etreproprio.com/immobilier-23705546-vente-opportunite-poligne
POLIGNE,Maison à réhabiliter sur terrain de 7000m2 constructible,https://www.etreproprio.com/immobilier-23681877-vente-maison-a-rehabiliter-sur-terrain-de-7000m2-constructible-poligne
POLIGNE,Maison 138m² à poligne,https://www.etreproprio.com/immobilier-23543735-vente-maison-138m-a-poligne-poligne
POLIGNE,Maison 242m² à poligne,https://www.etreproprio.com/immobilier-22109866-vente-maison-242m-a-poligne-poligne
POLIGNE,Maison 178m² à poligne,https://www.etreproprio.com/immobilier-22109865-vente-maison-178m-a-poligne-poligne
PLEURTUIT,Maison 160m² à pleurtuit,https://www.etreproprio.com/immobilier-23580863-vente-maison-160m-a-pleurtuit-pleurtuit
PLEURTUIT,Maison de plain pied de 2012,https://www.etreproprio.com/immobilier-23277912-vente-maison-de-plain-pied-de-2012-pleurtuit
PLEURTUIT,Maison 90m² à pleurtuit,https://www.etreproprio.com/immobilier-23565325-vente-maison-90m-a-pleurtuit-pleurtuit
PLEURTUIT,Pleurtuit centre ville,https://www.etreproprio.com/immobilier-23565562-vente-pleurtuit-centre-ville-pleurtuit
PLEURTUIT,Maison pleurtuit,https://www.etreproprio.com/immobilier-20514302-vente-maison-pleurtuit-pleurtuit
PLEURTUIT,Maison pleurtuit 6 pièces 100 m2,https://www.etreproprio.com/immobilier-23518265-vente-maison-pleurtuit-6-pieces-100-m2-pleurtuit
PLEURTUIT,Maison 100m² à pleurtuit,https://www.etreproprio.com/immobilier-23500184-vente-maison-100m-a-pleurtuit-pleurtuit
PLEURTUIT,Maison 101m² à pleurtuit,https://www.etreproprio.com/immobilier-23089136-vente-maison-101m-a-pleurtuit-pleurtuit
PLEURTUIT,Maison 105m² à pleurtuit,https://www.etreproprio.com/immobilier-21547780-vente-maison-105m-a-pleurtuit-pleurtuit
PLEURTUIT,Charmante longère de 136 m2 sur 503 m2 de terrain à pleurtuit,https://www.etreproprio.com/immobilier-22989797-vente-charmante-longere-de-136-m2-sur-503-m2-de-terrain-a-pleurtuit-pleurtuit
PLEURTUIT,Maison 99m² à pleurtuit,https://www.etreproprio.com/immobilier-23036185-vente-maison-99m-a-pleurtuit-pleurtuit
PLEURTUIT,"Maison à pleurtuit, proche écoles et commerces à pied",https://www.etreproprio.com/immobilier-23393117-vente-maison-a-pleurtuit-proche-ecoles-et-commerces-a-pied-pleurtuit
PLEURTUIT,"Proche dinard - maison en pierres , 6 chambres - pleurtuit",https://www.etreproprio.com/immobilier-22870226-vente-proche-dinard-maison-en-pierres-6-chambres-pleurtuit-pleurtuit
PLEURTUIT,Maison 117m² à pleurtuit,https://www.etreproprio.com/immobilier-20567378-vente-maison-117m-a-pleurtuit-pleurtuit
PLEURTUIT,Maison pleurtuit,https://www.etreproprio.com/immobilier-21762864-vente-maison-pleurtuit-pleurtuit
PLEURTUIT,"Maison familiale 4 chambres – jardin 570 m² – garage – pleurtuit centre, proche dinard",https://www.etreproprio.com/immobilier-22915509-vente-maison-familiale-4-chambres-jardin-570-m-garage-pleurtuit-centre-proche-dinard-pleurtuit
PLEURTUIT,Proche dinard - maison en pierre exposée sud - beau terrain clos - 7 mn de dinard,https://www.etreproprio.com/immobilier-23316350-vente-proche-dinard-maison-en-pierre-exposee-sud-beau-terrain-clos-7-mn-de-dinard-pleurtuit
PLEURTUIT,Maison 158m² à pleurtuit,https://www.etreproprio.com/immobilier-22678885-vente-maison-158m-a-pleurtuit-pleurtuit
PLEURTUIT,Maison 68m² à pleurtuit,https://www.etreproprio.com/immobilier-23243310-vente-maison-68m-a-pleurtuit-pleurtuit
PLEURTUIT,"Dpt ille et vilaine (35), à vendre pleurtuit maison p6",https://www.etreproprio.com/immobilier-23237414-vente-dpt-ille-et-vilaine-35-a-vendre-pleurtuit-maison-p6-pleurtuit
PRINCE,Maison 92m² à prince,https://www.etreproprio.com/immobilier-21925033-vente-maison-92m-a-prince-prince
PRINCE,Maison 131m² à prince,https://www.etreproprio.com/immobilier-22944728-vente-maison-131m-a-prince-prince
PRINCE,"Maison 86m², 3 chambres",https://www.etreproprio.com/immobilier-21916331-vente-maison-86m-3-chambres-prince
QUEBRIAC,Maison neuve de 118m² à quebriac,https://www.etreproprio.com/immobilier-23400247-vente-maison-neuve-de-118m-a-quebriac-quebriac
QUEBRIAC,Maison quebriac 129 m2,https://www.etreproprio.com/immobilier-23688483-vente-maison-quebriac-129-m2-quebriac
QUEBRIAC,Maison dingé 3 pièces 110 m2,https://www.etreproprio.com/immobilier-22496603-vente-maison-dinge-3-pieces-110-m2-quebriac
QUEBRIAC,Maison quebriac 380 m²,https://www.etreproprio.com/immobilier-21787976-vente-maison-quebriac-380-m-quebriac
QUEDILLAC,Maison 126m² à quedillac,https://www.etreproprio.com/immobilier-23565139-vente-maison-126m-a-quedillac-quedillac
QUEDILLAC,Pavillon de 72.89 m² hab sur sous-sol complet avec terrain,https://www.etreproprio.com/immobilier-22990963-vente-pavillon-de-7289-m-hab-sur-sous-sol-complet-avec-terrain-quedillac
QUEDILLAC,Maison 72m² à quedillac,https://www.etreproprio.com/immobilier-22951691-vente-maison-72m-a-quedillac-quedillac
QUEDILLAC,Maison - 5 chambres - campagne quedillac - saint-meen - 154 m²,https://www.etreproprio.com/immobilier-23357598-vente-maison-5-chambres-campagne-quedillac-saint-meen-154-m-quedillac
QUEDILLAC,Maison 154m² à quedillac,https://www.etreproprio.com/immobilier-23111702-vente-maison-154m-a-quedillac-quedillac
QUEDILLAC,Maison 78m² à quedillac,https://www.etreproprio.com/immobilier-21971441-vente-maison-78m-a-quedillac-quedillac
PLEURTUIT,Maison 90m² à pleurtuit,https://www.etreproprio.com/immobilier-22321851-vente-maison-90m-a-pleurtuit-pleurtuit
PLEURTUIT,Maison 301m² à pleurtuit,https://www.etreproprio.com/immobilier-23196250-vente-maison-301m-a-pleurtuit-pleurtuit
PLEURTUIT,Maison pleurtuit 5 pièce(s) 153.69 m2 hyper centreville,https://www.etreproprio.com/immobilier-23142798-vente-maison-pleurtuit-5-pieces-15369-m2-hyper-centreville-pleurtuit
PLEURTUIT,Maison 153m² à pleurtuit,https://www.etreproprio.com/immobilier-23135940-vente-maison-153m-a-pleurtuit-pleurtuit
PLEURTUIT,Maison 149m² à pleurtuit,https://www.etreproprio.com/immobilier-23135960-vente-maison-149m-a-pleurtuit-pleurtuit
PLEURTUIT,Centre bourg,https://www.etreproprio.com/immobilier-21386890-vente-centre-bourg-pleurtuit
PLEURTUIT,Pleurtuit maison 3 chambres,https://www.etreproprio.com/immobilier-23062330-vente-pleurtuit-maison-3-chambres-pleurtuit
PLEURTUIT,Maison en pierre,https://www.etreproprio.com/immobilier-23029947-vente-maison-en-pierre-pleurtuit
PLEURTUIT,Maison pleurtuit 6 pièces 142 m2,https://www.etreproprio.com/immobilier-22988534-vente-maison-pleurtuit-6-pieces-142-m2-pleurtuit
PLEURTUIT,Maison 129m² à pleurtuit,https://www.etreproprio.com/immobilier-21938627-vente-maison-129m-a-pleurtuit-pleurtuit
PLEURTUIT,Maison de pays,https://www.etreproprio.com/immobilier-22931288-vente-maison-de-pays-pleurtuit
PLEURTUIT,Maison 117m² à pleurtuit,https://www.etreproprio.com/immobilier-22018020-vente-maison-117m-a-pleurtuit-pleurtuit
PLEURTUIT,Maison pleurtuit,https://www.etreproprio.com/immobilier-22015687-vente-maison-pleurtuit-pleurtuit
PLEURTUIT,Maison 75m² à pleurtuit,https://www.etreproprio.com/immobilier-22595430-vente-maison-75m-a-pleurtuit-pleurtuit
PLEURTUIT,Maison 149m² à pleurtuit,https://www.etreproprio.com/immobilier-22755893-vente-maison-149m-a-pleurtuit-pleurtuit
PLEURTUIT,Maison 154m² à pleurtuit,https://www.etreproprio.com/immobilier-22717389-vente-maison-154m-a-pleurtuit-pleurtuit
PLEURTUIT,Maison 120m² à pleurtuit,https://www.etreproprio.com/immobilier-22716060-vente-maison-120m-a-pleurtuit-pleurtuit
PLEURTUIT,Maison 85m² à pleurtuit,https://www.etreproprio.com/immobilier-22668896-vente-maison-85m-a-pleurtuit-pleurtuit
PLEURTUIT,Maison 100m² à pleurtuit,https://www.etreproprio.com/immobilier-22587109-vente-maison-100m-a-pleurtuit-pleurtuit
PLEURTUIT,À vendre   propriété de charme en pierre   pleurtuit   193 m2 habitables   parc arboré de 7000 m2,https://www.etreproprio.com/immobilier-22526091-vente-a-vendre-propriete-de-charme-en-pierre-pleurtuit-193-m2-habitables-parc-arbore-de-7000-m2-pleurtuit
RANNEE,"Rannée, maison de bourg 2 chambres",https://www.etreproprio.com/immobilier-23755561-vente-rannee-maison-de-bourg-2-chambres-rannee
RANNEE,Maison 3 pièces,https://www.etreproprio.com/immobilier-23494516-vente-maison-3-pieces-rannee
PLEURTUIT,Maison rénovée avec appartement indépendant - 6 pièces - 170 m2,https://www.etreproprio.com/immobilier-22481905-vente-maison-renovee-avec-appartement-independant-6-pieces-170-m2-pleurtuit
PLEURTUIT,Maison 117m² à pleurtuit,https://www.etreproprio.com/immobilier-22207251-vente-maison-117m-a-pleurtuit-pleurtuit
PLEURTUIT,"Pleurtuit. propriété de 323 m2, terrain arboré de 8 480 m2 dont 1 500 m2 constructibles",https://www.etreproprio.com/immobilier-22069820-vente-pleurtuit-propriete-de-323-m2-terrain-arbore-de-8-480-m2-dont-1-500-m2-constructibles-pleurtuit
PLEURTUIT,"Pleurtuit - maison de ville, terrain constructible",https://www.etreproprio.com/immobilier-21966148-vente-pleurtuit-maison-de-ville-terrain-constructible-pleurtuit
PLEURTUIT,Maison 323m² à pleurtuit,https://www.etreproprio.com/immobilier-21939551-vente-maison-323m-a-pleurtuit-pleurtuit
PLEURTUIT,Maison pleurtuit 7 pièces,https://www.etreproprio.com/immobilier-21929078-vente-maison-pleurtuit-7-pieces-pleurtuit
PLEURTUIT,Maison 154m² à pleurtuit,https://www.etreproprio.com/immobilier-21895438-vente-maison-154m-a-pleurtuit-pleurtuit
PLEURTUIT,Maison pleurtuit 170 m²,https://www.etreproprio.com/immobilier-18459458-vente-maison-pleurtuit-170-m-pleurtuit
PLEURTUIT,Maison 121m² à pleurtuit,https://www.etreproprio.com/immobilier-21800226-vente-maison-121m-a-pleurtuit-pleurtuit
PLEURTUIT,Maison pleurtuit 7 pièce(s),https://www.etreproprio.com/immobilier-21778317-vente-maison-pleurtuit-7-pieces-pleurtuit
PLEURTUIT,Maison 200m² proche  mer et campagne,https://www.etreproprio.com/immobilier-21406064-vente-maison-200m-proche-mer-et-campagne-pleurtuit
PLEURTUIT,Maison en pierre de pays pleurtuit sur 2433m² de terrain.,https://www.etreproprio.com/immobilier-19724321-vente-maison-en-pierre-de-pays-pleurtuit-sur-2433m-de-terrain-pleurtuit
REDON,Maison 80m² à redon,https://www.etreproprio.com/immobilier-22749293-vente-maison-80m-a-redon-redon
REDON,Maison 151m² à redon,https://www.etreproprio.com/immobilier-23893179-vente-maison-151m-a-redon-redon
REDON,Maison 86m² à redon,https://www.etreproprio.com/immobilier-22708421-vente-maison-86m-a-redon-redon
REDON,Maison 68m² à redon,https://www.etreproprio.com/immobilier-23832321-vente-maison-68m-a-redon-redon
REDON,Exclusivite optimhome – maison rénovée en hyper centre de redon (113 m² +jardin + double garage),https://www.etreproprio.com/immobilier-23539750-vente-exclusivite-optimhome-maison-renovee-en-hyper-centre-de-redon-113-m-jardin-double-garage-redon
REDON,Maison 119m² à redon,https://www.etreproprio.com/immobilier-23780059-vente-maison-119m-a-redon-redon
REDON,Maison à vendre 3 pièces redon (35) centre-ville,https://www.etreproprio.com/immobilier-23781971-vente-maison-a-vendre-3-pieces-redon-35-centre-ville-redon
REDON,Maison à vendre 3 pièces redon (35) centre-ville,https://www.etreproprio.com/immobilier-23781966-vente-maison-a-vendre-3-pieces-redon-35-centre-ville-redon
REDON,Maison 243m² à redon,https://www.etreproprio.com/immobilier-22749322-vente-maison-243m-a-redon-redon
REDON,Maison 98m² à redon,https://www.etreproprio.com/immobilier-23768735-vente-maison-98m-a-redon-redon
REDON,Maison de caractère 3 chambres,https://www.etreproprio.com/immobilier-23749413-vente-maison-de-caractere-3-chambres-redon
REDON,Maison 106m² à redon,https://www.etreproprio.com/immobilier-23756678-vente-maison-106m-a-redon-redon
REDON,Maison redon 5 pièce(s) 120 m2,https://www.etreproprio.com/immobilier-23648201-vente-maison-redon-5-pieces-120-m2-redon
REDON,Maison 117m² à redon,https://www.etreproprio.com/immobilier-23641299-vente-maison-117m-a-redon-redon
REDON,Maison 98m² à redon,https://www.etreproprio.com/immobilier-23601965-vente-maison-98m-a-redon-redon
REDON,Charmante maison avec jardin aux portes de redon,https://www.etreproprio.com/immobilier-23561984-vente-charmante-maison-avec-jardin-aux-portes-de-redon-redon
REDON,Maison 150m² à redon,https://www.etreproprio.com/immobilier-23558902-vente-maison-150m-a-redon-redon
REDON,Maison 58m² à redon,https://www.etreproprio.com/immobilier-22749292-vente-maison-58m-a-redon-redon
REDON,Maison à vendre 6 pièces redon (35),https://www.etreproprio.com/immobilier-23552173-vente-maison-a-vendre-6-pieces-redon-35-redon
REDON,Maison 162m² à redon,https://www.etreproprio.com/immobilier-20366591-vente-maison-162m-a-redon-redon
RENAC,Maison 211m² à renac,https://www.etreproprio.com/immobilier-23883256-vente-maison-211m-a-renac-renac
RENAC,Maison 129m² à renac,https://www.etreproprio.com/immobilier-23844108-vente-maison-129m-a-renac-renac
RENAC,Maison 100m² à renac,https://www.etreproprio.com/immobilier-23832568-vente-maison-100m-a-renac-renac
RENAC,Maison 110m² à renac,https://www.etreproprio.com/immobilier-23812389-vente-maison-110m-a-renac-renac
RENAC,Maison 2220m² à renac,https://www.etreproprio.com/immobilier-23811586-vente-maison-2220m-a-renac-renac
RENAC,"À vendre   maison de village 100 m2, renac",https://www.etreproprio.com/immobilier-23773370-vente-a-vendre-maison-de-village-100-m2-renac-renac
RENAC,Maison 220m² à renac,https://www.etreproprio.com/immobilier-23582584-vente-maison-220m-a-renac-renac
RENAC,Maison 4 pièces 64 m² - renac,https://www.etreproprio.com/immobilier-23512902-vente-maison-4-pieces-64-m-renac-renac
RENAC,Maison 61m² à renac,https://www.etreproprio.com/immobilier-22749291-vente-maison-61m-a-renac-renac
RENAC,Maison renac 8 pièce(s) 246 m2,https://www.etreproprio.com/immobilier-22619741-vente-maison-renac-8-pieces-246-m2-renac
RENAC,Maison 162m² à renac,https://www.etreproprio.com/immobilier-21787485-vente-maison-162m-a-renac-renac
RENAC,Maison en pierres et ardoises,https://www.etreproprio.com/immobilier-22023435-vente-maison-en-pierres-et-ardoises-renac
RENAC,Maison 147m² à renac,https://www.etreproprio.com/immobilier-21699505-vente-maison-147m-a-renac-renac
RENNES,Maison - patio - jardinet terrasse - parking couvert - à vendre - rennes/saint-jacques - la courrouze,https://www.etreproprio.com/immobilier-23819213-vente-maison-patio-jardinet-terrasse-parking-couvert-a-vendre-rennessaint-jacques-la-courrouze-rennes
RENNES,Maison rennes,https://www.etreproprio.com/immobilier-23913609-vente-maison-rennes-rennes
RENNES,Maison de ville atypique avec garage et jardin,https://www.etreproprio.com/immobilier-23908953-vente-maison-de-ville-atypique-avec-garage-et-jardin-rennes
RENNES,Maison pleine de charme dans une rue recherchée,https://www.etreproprio.com/immobilier-22198083-vente-maison-pleine-de-charme-dans-une-rue-recherchee-rennes
RENNES,Maison 79m² à rennes,https://www.etreproprio.com/immobilier-23909408-vente-maison-79m-a-rennes-rennes
RENNES,Maison 194m² à rennes,https://www.etreproprio.com/immobilier-23910772-vente-maison-194m-a-rennes-rennes
RENNES,"Maison avec jardin prête à emménager, proche métro et commodités, rennes landry - la poterie",https://www.etreproprio.com/immobilier-23900929-vente-maison-avec-jardin-prete-a-emmenager-proche-metro-et-commodites-rennes-landry-la-poterie-rennes
RENNES,Maison 196m² à rennes,https://www.etreproprio.com/immobilier-23903903-vente-maison-196m-a-rennes-rennes
RENNES,"Spacieuse maison t5 contemporaine, beaux volumes, très lumineuse, finitions soignées, terrasse, jardin, garage",https://www.etreproprio.com/immobilier-23906129-vente-spacieuse-maison-t5-contemporaine-beaux-volumes-tres-lumineuse-finitions-soignees-terrasse-jardin-garage-rennes
RENNES,Maison 107m² à rennes,https://www.etreproprio.com/immobilier-23903390-vente-maison-107m-a-rennes-rennes
RENNES,"Sainte-thérèse lumineuse maison t5 contemporaine, prestations haut de gamme, vue dégagée, terrasse, jardin, stationnements priva",https://www.etreproprio.com/immobilier-23906130-vente-sainte-therese-lumineuse-maison-t5-contemporaine-prestations-haut-de-gamme-vue-degagee-terrasse-jardin-stationnements-priva-rennes
RENNES,Maison 114m² à rennes,https://www.etreproprio.com/immobilier-23762527-vente-maison-114m-a-rennes-rennes
RENNES,Maison familiale à vendre – rennes,https://www.etreproprio.com/immobilier-23897225-vente-maison-familiale-a-vendre-rennes-rennes
RENNES,Maison 107m² à rennes,https://www.etreproprio.com/immobilier-23166033-vente-maison-107m-a-rennes-rennes
RENNES,"Rennes – maison avec agréable jardin, sous-sol complet – secteur saint-hélier / cimetière de l'est / balade brassens",https://www.etreproprio.com/immobilier-23878742-vente-rennes-maison-avec-agreable-jardin-sous-sol-complet-secteur-saint-helier-cimetiere-de-l-est-balade-brassens-rennes
RENNES,Maison 113m² à rennes,https://www.etreproprio.com/immobilier-23878331-vente-maison-113m-a-rennes-rennes
RENNES,Maison en pierres quartier thabor oberthur,https://www.etreproprio.com/immobilier-23135710-vente-maison-en-pierres-quartier-thabor-oberthur-rennes
RENNES,Vente maison rennes(35000) 534 500ï¿œ,https://www.etreproprio.com/immobilier-23880138-vente-vente-maison-rennes35000-534-500i-oe-rennes
RENNES,Maison 115m² à rennes,https://www.etreproprio.com/immobilier-23878818-vente-maison-115m-a-rennes-rennes
RENNES,Maison 91m² à rennes,https://www.etreproprio.com/immobilier-22349176-vente-maison-91m-a-rennes-rennes
REDON,Magnifique pavillon atypique,https://www.etreproprio.com/immobilier-22444424-vente-magnifique-pavillon-atypique-redon
REDON,Maison à vendre 3 pièces redon (35),https://www.etreproprio.com/immobilier-23493223-vente-maison-a-vendre-3-pieces-redon-35-redon
REDON,Maison à vendre 3 pièces redon (35),https://www.etreproprio.com/immobilier-23493230-vente-maison-a-vendre-3-pieces-redon-35-redon
REDON,Maison 126m² à redon,https://www.etreproprio.com/immobilier-23423226-vente-maison-126m-a-redon-redon
REDON,Maison 135m² à redon,https://www.etreproprio.com/immobilier-23412675-vente-maison-135m-a-redon-redon
REDON,Maison 204m² à redon,https://www.etreproprio.com/immobilier-22138496-vente-maison-204m-a-redon-redon
REDON,Maison en pierre,https://www.etreproprio.com/immobilier-23381280-vente-maison-en-pierre-redon
REDON,Maison 135m² à redon,https://www.etreproprio.com/immobilier-23362893-vente-maison-135m-a-redon-redon
REDON,Agreable maison de 204 m² habitable - 5 chambres,https://www.etreproprio.com/immobilier-22128200-vente-agreable-maison-de-204-m-habitable-5-chambres-redon
REDON,Maison à vendre 5 pièces  (35),https://www.etreproprio.com/immobilier-23310956-vente-maison-a-vendre-5-pieces-35-redon
REDON,Maison de charme de 250 m²  2 habitations communicantes sur 3 580 m² de terrain,https://www.etreproprio.com/immobilier-23262692-vente-maison-de-charme-de-250-m-2-habitations-communicantes-sur-3-580-m-de-terrain-redon
REDON,Maison familiale 4 chambres – redon 95 m² habitables – quartier résidentiel calme,https://www.etreproprio.com/immobilier-23105626-vente-maison-familiale-4-chambres-redon-95-m-habitables-quartier-residentiel-calme-redon
REDON,Maison 96m² à redon,https://www.etreproprio.com/immobilier-23102363-vente-maison-96m-a-redon-redon
REDON,Maison 189m² à redon,https://www.etreproprio.com/immobilier-22116174-vente-maison-189m-a-redon-redon
REDON,Redon centre maison de ville avec grand jardin,https://www.etreproprio.com/immobilier-20924444-vente-redon-centre-maison-de-ville-avec-grand-jardin-redon
REDON,À vendre – maison familiale 7 pièces – 150 m² – terrain de 2 000 m² – avessac,https://www.etreproprio.com/immobilier-22980132-vente-a-vendre-maison-familiale-7-pieces-150-m-terrain-de-2-000-m-avessac-redon
REDON,Maison ancienne 5 pièces avec terrain pour construction,https://www.etreproprio.com/immobilier-22963391-vente-maison-ancienne-5-pieces-avec-terrain-pour-construction-redon
REDON,Grande maison de caractère au cœur de redon - 7 chambres,https://www.etreproprio.com/immobilier-22939255-vente-grande-maison-de-caractere-au-coeur-de-redon-7-chambres-redon
REDON,Maison d’architecte de 220 m² sur terrain paysager de 2900 m² – redon centre,https://www.etreproprio.com/immobilier-22917861-vente-maison-d-architecte-de-220-m-sur-terrain-paysager-de-2900-m-redon-centre-redon
REDON,Maison 162m² à redon,https://www.etreproprio.com/immobilier-22765308-vente-maison-162m-a-redon-redon
REDON,Maison pipriac 6 pièce(s) 180 m2,https://www.etreproprio.com/immobilier-22786556-vente-maison-pipriac-6-pieces-180-m2-redon
REDON,Maison 127m² à redon,https://www.etreproprio.com/immobilier-22749312-vente-maison-127m-a-redon-redon
REDON,Maison 220m² à redon,https://www.etreproprio.com/immobilier-22749321-vente-maison-220m-a-redon-redon
REDON,Maison 107m² à redon,https://www.etreproprio.com/immobilier-22749318-vente-maison-107m-a-redon-redon
REDON,Maison à vendre 5 pièces 120 m2,https://www.etreproprio.com/immobilier-21542063-vente-maison-a-vendre-5-pieces-120-m2-redon
REDON,Maison 101m² à redon,https://www.etreproprio.com/immobilier-21536563-vente-maison-101m-a-redon-redon
REDON,Maison 75m² à redon,https://www.etreproprio.com/immobilier-22569656-vente-maison-75m-a-redon-redon
REDON,Maison 206m² à redon,https://www.etreproprio.com/immobilier-22526698-vente-maison-206m-a-redon-redon
REDON,Maison 220m² à redon,https://www.etreproprio.com/immobilier-22430197-vente-maison-220m-a-redon-redon
REDON,Maison 90m² à redon,https://www.etreproprio.com/immobilier-22402567-vente-maison-90m-a-redon-redon
REDON,Maison 135m² à redon,https://www.etreproprio.com/immobilier-21921199-vente-maison-135m-a-redon-redon
REDON,Maison 8 pièces - 270m²,https://www.etreproprio.com/immobilier-22285131-vente-maison-8-pieces-270m-redon
REDON,Maison 124m² à redon,https://www.etreproprio.com/immobilier-21465573-vente-maison-124m-a-redon-redon
REDON,Maison redon 7 pièce(s) 129 m2,https://www.etreproprio.com/immobilier-21258320-vente-maison-redon-7-pieces-129-m2-redon
REDON,Ancien atelier de menuiserie transformé en loft,https://www.etreproprio.com/immobilier-21477160-vente-ancien-atelier-de-menuiserie-transforme-en-loft-redon
REDON,Belle propriete avec piscine - bains sur oust,https://www.etreproprio.com/immobilier-21725249-vente-belle-propriete-avec-piscine-bains-sur-oust-redon
REDON,Longere atypique et son terrain boise,https://www.etreproprio.com/immobilier-21541666-vente-longere-atypique-et-son-terrain-boise-redon
REDON,Maison 75m² à redon,https://www.etreproprio.com/immobilier-21381115-vente-maison-75m-a-redon-redon
RETIERS,Maison 370m² à retiers,https://www.etreproprio.com/immobilier-23882706-vente-maison-370m-a-retiers-retiers
RETIERS,Maison rénovée de 111 m² – 4 chambres – jardin de 835 m²,https://www.etreproprio.com/immobilier-23573803-vente-maison-renovee-de-111-m-4-chambres-jardin-de-835-m-retiers
RETIERS,Maison retiers 6 pièce(s) 340.9 m2,https://www.etreproprio.com/immobilier-23873409-vente-maison-retiers-6-pieces-3409-m2-retiers
RETIERS,Maison retiers 2 pièce(s) 51.08 m2,https://www.etreproprio.com/immobilier-23873408-vente-maison-retiers-2-pieces-5108-m2-retiers
RETIERS,"Retiers, maison de 119 m² avec 4 chambres",https://www.etreproprio.com/immobilier-23844635-vente-retiers-maison-de-119-m-avec-4-chambres-retiers
RETIERS,"À 30 minutes de rennes -ensemble de immobilier de deux maisons familliales , avec terrain constructible ,idéale investisseurs ou",https://www.etreproprio.com/immobilier-23794781-vente-a-30-minutes-de-rennes-ensemble-de-immobilier-de-deux-maisons-familliales-avec-terrain-constructible-ideale-investisseurs-ou-retiers
RETIERS,Maison 124m² à retiers,https://www.etreproprio.com/immobilier-23113463-vente-maison-124m-a-retiers-retiers
RETIERS,Maison coesmes 3 chambres,https://www.etreproprio.com/immobilier-23489491-vente-maison-coesmes-3-chambres-retiers
RETIERS,Vente maison retiers(35240) 100 000ï¿œ,https://www.etreproprio.com/immobilier-23728172-vente-vente-maison-retiers35240-100-000i-oe-retiers
RETIERS,Maison 138m² à retiers,https://www.etreproprio.com/immobilier-23524855-vente-maison-138m-a-retiers-retiers
RETIERS,"À 30 minutes de rennes -ensemble de immobilier de deux maisons familliales , avec terrain constructible ,idéale investisseurs ou",https://www.etreproprio.com/immobilier-23680164-vente-a-30-minutes-de-rennes-ensemble-de-immobilier-de-deux-maisons-familliales-avec-terrain-constructible-ideale-investisseurs-ou-retiers
RETIERS,Maison 100m² à retiers,https://www.etreproprio.com/immobilier-23661361-vente-maison-100m-a-retiers-retiers
RETIERS,Maison 98m² à retiers,https://www.etreproprio.com/immobilier-23433998-vente-maison-98m-a-retiers-retiers
RETIERS,Maison de ville 98 m2,https://www.etreproprio.com/immobilier-23551926-vente-maison-de-ville-98-m2-retiers
RETIERS,Maison coesmes - plain pied - 3 chambres,https://www.etreproprio.com/immobilier-23489493-vente-maison-coesmes-plain-pied-3-chambres-retiers
RETIERS,Maison coesmes 6 pièce(s) 190 m2,https://www.etreproprio.com/immobilier-23591656-vente-maison-coesmes-6-pieces-190-m2-retiers
RETIERS,Maison retiers 1 pièce(s) 60m2,https://www.etreproprio.com/immobilier-23580590-vente-maison-retiers-1-pieces-60m2-retiers
RETIERS,Maison de bourg à fort potentiel 104 m² – retiers centre,https://www.etreproprio.com/immobilier-23572461-vente-maison-de-bourg-a-fort-potentiel-104-m-retiers-centre-retiers
RETIERS,Maison 104m² à retiers,https://www.etreproprio.com/immobilier-23569582-vente-maison-104m-a-retiers-retiers
RETIERS,Maison 138m² à retiers,https://www.etreproprio.com/immobilier-23344364-vente-maison-138m-a-retiers-retiers
RENNES,Maison rénovée rennes,https://www.etreproprio.com/immobilier-23875091-vente-maison-renovee-rennes-rennes
RENNES,Maison 98m² à rennes,https://www.etreproprio.com/immobilier-23871482-vente-maison-98m-a-rennes-rennes
RENNES,"Maison de ville – rennes saint-hélier, volumes et jardin",https://www.etreproprio.com/immobilier-23875221-vente-maison-de-ville-rennes-saint-helier-volumes-et-jardin-rennes
RENNES,Maison sacre coeurs - 3 chambres - 1 bureau - garage - place de parking - sud - impasse privee,https://www.etreproprio.com/immobilier-23870714-vente-maison-sacre-coeurs-3-chambres-1-bureau-garage-place-de-parking-sud-impasse-privee-rennes
RENNES,Maison 104m² à rennes,https://www.etreproprio.com/immobilier-23870232-vente-maison-104m-a-rennes-rennes
RENNES,Rennes maison 140 m²,https://www.etreproprio.com/immobilier-23868557-vente-rennes-maison-140-m-rennes
RENNES,Maison 4 pièces,https://www.etreproprio.com/immobilier-23865023-vente-maison-4-pieces-rennes
RENNES,Maison 130m² à rennes,https://www.etreproprio.com/immobilier-22676926-vente-maison-130m-a-rennes-rennes
RENNES,"Maison familiale ou colocation rénovée, suite parentale au rdc, jardin s-o - bd mermoz / métro st-jacques-gaïté",https://www.etreproprio.com/immobilier-23289666-vente-maison-familiale-ou-colocation-renovee-suite-parentale-au-rdc-jardin-s-o-bd-mermoz-metro-st-jacques-gaite-rennes
RENNES,À vendre - groupe giboire - maison rennes 8 pièces 195 m2 + studio,https://www.etreproprio.com/immobilier-23849048-vente-a-vendre-groupe-giboire-maison-rennes-8-pieces-195-m2-studio-rennes
RENNES,Maison 140m² à rennes,https://www.etreproprio.com/immobilier-23746252-vente-maison-140m-a-rennes-rennes
RENNES,Maison rennes 110 m2 - mauconseil,https://www.etreproprio.com/immobilier-23755183-vente-maison-rennes-110-m2-mauconseil-rennes
RENNES,Maison 137m² à rennes,https://www.etreproprio.com/immobilier-23383251-vente-maison-137m-a-rennes-rennes
RENNES,Maison 124m² à rennes,https://www.etreproprio.com/immobilier-23349562-vente-maison-124m-a-rennes-rennes
RENNES,"Petite maison avec potentiel - centre de rennes, proche du parc du thabor",https://www.etreproprio.com/immobilier-23838943-vente-petite-maison-avec-potentiel-centre-de-rennes-proche-du-parc-du-thabor-rennes
RENNES,Maison 128m² à rennes,https://www.etreproprio.com/immobilier-23840424-vente-maison-128m-a-rennes-rennes
RENNES,A vendre maison 169m2 rennes jeannes d'arc,https://www.etreproprio.com/immobilier-23825373-vente-a-vendre-maison-169m2-rennes-jeannes-d-arc-rennes
RENNES,Maison 127m² à rennes,https://www.etreproprio.com/immobilier-23828376-vente-maison-127m-a-rennes-rennes
RENNES,Maison 120m² à rennes,https://www.etreproprio.com/immobilier-22447777-vente-maison-120m-a-rennes-rennes
RENNES,"Rennes, maison de charme type 7 de (134 m2 pondérés) terrain de 218 m2 - sous-sol de 68 m2 + double garage",https://www.etreproprio.com/immobilier-23814787-vente-rennes-maison-de-charme-type-7-de-134-m2-ponderes-terrain-de-218-m2-sous-sol-de-68-m2-double-garage-rennes
LE RHEU,"Maison récente 3 chambres, garage, jardin",https://www.etreproprio.com/immobilier-23906774-vente-maison-recente-3-chambres-garage-jardin-le-rheu
LE RHEU,Maison le rheu 7 pièce(s) 239 m2,https://www.etreproprio.com/immobilier-23829749-vente-maison-le-rheu-7-pieces-239-m2-le-rheu
LE RHEU,Maison 95m² à le rheu,https://www.etreproprio.com/immobilier-23820529-vente-maison-95m-a-le-rheu-le-rheu
LE RHEU,Maison 244m² à le rheu,https://www.etreproprio.com/immobilier-23612343-vente-maison-244m-a-le-rheu-le-rheu
LE RHEU,Maison - le rheu,https://www.etreproprio.com/immobilier-23767094-vente-maison-le-rheu-le-rheu
LE RHEU,Maison le rheu 7 pièce(s) 162 m2,https://www.etreproprio.com/immobilier-23755695-vente-maison-le-rheu-7-pieces-162-m2-le-rheu
LE RHEU,Maison le rheu 5 pièce(s) 144 m2,https://www.etreproprio.com/immobilier-23755697-vente-maison-le-rheu-5-pieces-144-m2-le-rheu
LE RHEU,Maison le rheu 4 pièce(s) 104 m2,https://www.etreproprio.com/immobilier-23755694-vente-maison-le-rheu-4-pieces-104-m2-le-rheu
LE RHEU,Maison 7 pièces 169 m2 - le rheu 35650,https://www.etreproprio.com/immobilier-23745361-vente-maison-7-pieces-169-m2-le-rheu-35650-le-rheu
LE RHEU,Maison contemporaines - le rheu - 4 chambres - 145.30 m2,https://www.etreproprio.com/immobilier-23701175-vente-maison-contemporaines-le-rheu-4-chambres-14530-m2-le-rheu
LE RHEU,Maison 144m² à le rheu,https://www.etreproprio.com/immobilier-22446366-vente-maison-144m-a-le-rheu-le-rheu
LE RHEU,Maison le rheu 6 pièces 133 m2,https://www.etreproprio.com/immobilier-23689863-vente-maison-le-rheu-6-pieces-133-m2-le-rheu
LE RHEU,Maison le rheu 8 pièces 177 m2,https://www.etreproprio.com/immobilier-23689862-vente-maison-le-rheu-8-pieces-177-m2-le-rheu
LE RHEU,maison contemporaine 150 m² non mitoyenne– 4 chambres – terrain clos 420 m² – à 12 min de rennes,https://www.etreproprio.com/immobilier-23653758-vente-maison-contemporaine-150-m-non-mitoyenne-4-chambres-terrain-clos-420-m-a-12-min-de-rennes-le-rheu
LE RHEU,Maison t4 - le rheu,https://www.etreproprio.com/immobilier-23594062-vente-maison-t4-le-rheu-le-rheu
LE RHEU,Maison 230m² à le rheu,https://www.etreproprio.com/immobilier-23502065-vente-maison-230m-a-le-rheu-le-rheu
LE RHEU,Maison d'architecte très lumineuse de plain-pied au rheu,https://www.etreproprio.com/immobilier-23538826-vente-maison-d-architecte-tres-lumineuse-de-plain-pied-au-rheu-le-rheu
LE RHEU,Maison 6 pièces 115m² - le rheu 35650,https://www.etreproprio.com/immobilier-23407691-vente-maison-6-pieces-115m-le-rheu-35650-le-rheu
LE RHEU,Maison 140m² à le rheu,https://www.etreproprio.com/immobilier-23280074-vente-maison-140m-a-le-rheu-le-rheu
LE RHEU,Maison 101m² à le rheu,https://www.etreproprio.com/immobilier-22869420-vente-maison-101m-a-le-rheu-le-rheu
RETIERS,Maison contemporaine de 2019 – 13 min de retiers / 4 min de la guerche-de-bretagne,https://www.etreproprio.com/immobilier-23552310-vente-maison-contemporaine-de-2019-13-min-de-retiers-4-min-de-la-guerche-de-bretagne-retiers
RETIERS,Maison familiale,https://www.etreproprio.com/immobilier-23552318-vente-maison-familiale-retiers
RETIERS,Maison à vendre 6 pièces retiers (35),https://www.etreproprio.com/immobilier-23529225-vente-maison-a-vendre-6-pieces-retiers-35-retiers
RETIERS,Maison 137m² à retiers,https://www.etreproprio.com/immobilier-23478973-vente-maison-137m-a-retiers-retiers
RETIERS,Vente maison retiers(35240) 239 200ï¿œ,https://www.etreproprio.com/immobilier-22010686-vente-vente-maison-retiers35240-239-200i-oe-retiers
RETIERS,Maison 250m² à retiers,https://www.etreproprio.com/immobilier-21159624-vente-maison-250m-a-retiers-retiers
RETIERS,Maison 125m² à retiers,https://www.etreproprio.com/immobilier-23409116-vente-maison-125m-a-retiers-retiers
RETIERS,Maison 5 pièces 81m2,https://www.etreproprio.com/immobilier-21614314-vente-maison-5-pieces-81m2-retiers
RETIERS,Maison 81m² à retiers,https://www.etreproprio.com/immobilier-21621531-vente-maison-81m-a-retiers-retiers
RETIERS,Maison retiers 5 pièce(s) 96 m2,https://www.etreproprio.com/immobilier-22864285-vente-maison-retiers-5-pieces-96-m2-retiers
RETIERS,Vente maison retiers(35240) 89 900ï¿œ,https://www.etreproprio.com/immobilier-22926798-vente-vente-maison-retiers35240-89-900i-oe-retiers
RETIERS,Vente maison retiers(35240) 229 200ï¿œ,https://www.etreproprio.com/immobilier-22900463-vente-vente-maison-retiers35240-229-200i-oe-retiers
RETIERS,Maison traditionnelle 6 pièces – 109 m² habitables – terrain de 415 m² – retiers,https://www.etreproprio.com/immobilier-22355397-vente-maison-traditionnelle-6-pieces-109-m-habitables-terrain-de-415-m-retiers-retiers
RETIERS,Maison 74m² à retiers,https://www.etreproprio.com/immobilier-21543343-vente-maison-74m-a-retiers-retiers
RETIERS,Maison 171m² à retiers,https://www.etreproprio.com/immobilier-22632699-vente-maison-171m-a-retiers-retiers
RETIERS,Vente maison retiers(35240) 249 200ï¿œ,https://www.etreproprio.com/immobilier-22591498-vente-vente-maison-retiers35240-249-200i-oe-retiers
RETIERS,Corps de ferme 220 m2 et dépendances,https://www.etreproprio.com/immobilier-22049625-vente-corps-de-ferme-220-m2-et-dependances-retiers
RETIERS,Vente maison retiers(35240) 162 595ï¿œ,https://www.etreproprio.com/immobilier-20881851-vente-vente-maison-retiers35240-162-595i-oe-retiers
RETIERS,Vente maison retiers(35240) 485 000ï¿œ,https://www.etreproprio.com/immobilier-22058645-vente-vente-maison-retiers35240-485-000i-oe-retiers
RETIERS,Vente maison retiers(35240) 249 200ï¿œ,https://www.etreproprio.com/immobilier-21884645-vente-vente-maison-retiers35240-249-200i-oe-retiers
RENNES,Maison 48m² à rennes,https://www.etreproprio.com/immobilier-23816631-vente-maison-48m-a-rennes-rennes
RENNES,Maison de caractère avec jardin et piscine,https://www.etreproprio.com/immobilier-23824856-vente-maison-de-caractere-avec-jardin-et-piscine-rennes
RENNES,A vendre - groupe giboire - maison rennes,https://www.etreproprio.com/immobilier-23817183-vente-a-vendre-groupe-giboire-maison-rennes-rennes
RENNES,Maison 90m² à rennes,https://www.etreproprio.com/immobilier-22684071-vente-maison-90m-a-rennes-rennes
RENNES,Maison 100m² à rennes,https://www.etreproprio.com/immobilier-23816629-vente-maison-100m-a-rennes-rennes
RENNES,Maison 136m² à rennes,https://www.etreproprio.com/immobilier-23817170-vente-maison-136m-a-rennes-rennes
RENNES,Élégance intemporelle et confort moderne   une maison de caractère dans le quartier sacrés-coeurs à rennes,https://www.etreproprio.com/immobilier-23531676-vente-elegance-intemporelle-et-confort-moderne-une-maison-de-caractere-dans-le-quartier-sacres-coeurs-a-rennes-rennes
RENNES,Maison 100m² à rennes,https://www.etreproprio.com/immobilier-23816512-vente-maison-100m-a-rennes-rennes
RENNES,"Maison, 4 chambres, 142 m² , idéal chevaux, thorigné fouillard sur terrain de 11 929 m²",https://www.etreproprio.com/immobilier-23817247-vente-maison-4-chambres-142-m-ideal-chevaux-thorigne-fouillard-sur-terrain-de-11-929-m-rennes
RENNES,Immeuble à rénover centre-ville,https://www.etreproprio.com/immobilier-23819150-vente-immeuble-a-renover-centre-ville-rennes
RENNES,A vendre hötel particulier  rennes (35),https://www.etreproprio.com/immobilier-23814815-vente-a-vendre-hoetel-particulier-rennes-35-rennes
RENNES,A vendre - groupe giboire-maison rennes,https://www.etreproprio.com/immobilier-23817182-vente-a-vendre-groupe-giboire-maison-rennes-rennes
RENNES,Maison familiale spacieuse à rennes,https://www.etreproprio.com/immobilier-23825234-vente-maison-familiale-spacieuse-a-rennes-rennes
RENNES,Maison 191m² à rennes,https://www.etreproprio.com/immobilier-23807118-vente-maison-191m-a-rennes-rennes
RENNES,Maison - jeanne d'arc,https://www.etreproprio.com/immobilier-23809976-vente-maison-jeanne-d-arc-rennes
RENNES,Maison 153m² à rennes,https://www.etreproprio.com/immobilier-23811165-vente-maison-153m-a-rennes-rennes
RENNES,Maison 190m² à rennes,https://www.etreproprio.com/immobilier-23812390-vente-maison-190m-a-rennes-rennes
RENNES,Maison rennes - anatole france - nord saint-martin - 5 pièces - 120.27 m² carrez - 128.83m² au sol - sous-sol complet - jardin -,https://www.etreproprio.com/immobilier-23808901-vente-maison-rennes-anatole-france-nord-saint-martin-5-pieces-12027-m-carrez-12883m-au-sol-sous-sol-complet-jardin-rennes
RENNES,À vendre - agence giboire - maison rennes 7 pièces,https://www.etreproprio.com/immobilier-23519992-vente-a-vendre-agence-giboire-maison-rennes-7-pieces-rennes
RENNES,Maison 160m² à rennes,https://www.etreproprio.com/immobilier-15710996-vente-maison-160m-a-rennes-rennes
RETIERS,Vente maison retiers(35240) 139 600ï¿œ,https://www.etreproprio.com/immobilier-21786557-vente-vente-maison-retiers35240-139-600i-oe-retiers
RETIERS,Maison   4 chambres   près de 350 m2 de terrain   retiers,https://www.etreproprio.com/immobilier-21641952-vente-maison-4-chambres-pres-de-350-m2-de-terrain-retiers-retiers
RETIERS,Vente maison retiers(35240) 126 600ï¿œ,https://www.etreproprio.com/immobilier-21543526-vente-vente-maison-retiers35240-126-600i-oe-retiers
RETIERS,Vente maison retiers(35240) 231 000ï¿œ,https://www.etreproprio.com/immobilier-21424155-vente-vente-maison-retiers35240-231-000i-oe-retiers
RETIERS,Vente maison retiers(35240) 194 100ï¿œ,https://www.etreproprio.com/immobilier-20619783-vente-vente-maison-retiers35240-194-100i-oe-retiers
RETIERS,Vente maison retiers(35240) 89 900ï¿œ,https://www.etreproprio.com/immobilier-20177023-vente-vente-maison-retiers35240-89-900i-oe-retiers
RETIERS,"Maison 86 m² - garage, dépendances - terrain 351 m²",https://www.etreproprio.com/immobilier-16459112-vente-maison-86-m-garage-dependances-terrain-351-m-retiers
LE RHEU,Maison 80m² à le rheu,https://www.etreproprio.com/immobilier-23232841-vente-maison-80m-a-le-rheu-le-rheu
LE RHEU,Maison le rheu 6 pièces 163 m2,https://www.etreproprio.com/immobilier-23221284-vente-maison-le-rheu-6-pieces-163-m2-le-rheu
LE RHEU,Maison 163m² à le rheu,https://www.etreproprio.com/immobilier-22977680-vente-maison-163m-a-le-rheu-le-rheu
LE RHEU,Maison le rheu 7 pièces 130 m2,https://www.etreproprio.com/immobilier-23196749-vente-maison-le-rheu-7-pieces-130-m2-le-rheu
LE RHEU,Maison 92m² à le rheu,https://www.etreproprio.com/immobilier-23096493-vente-maison-92m-a-le-rheu-le-rheu
LE RHEU,Maison 114m² à le rheu,https://www.etreproprio.com/immobilier-22972779-vente-maison-114m-a-le-rheu-le-rheu
LE RHEU,Maison - le rheu centre - 5 pièces 92 m2 - 99 m² utiles sur 237 m² de terrain,https://www.etreproprio.com/immobilier-22893408-vente-maison-le-rheu-centre-5-pieces-92-m2-99-m-utiles-sur-237-m-de-terrain-le-rheu
LE RHEU,Maison le rheu 7 pièces 161 m2,https://www.etreproprio.com/immobilier-22872971-vente-maison-le-rheu-7-pieces-161-m2-le-rheu
LE RHEU,Manoir d'exception à le rheu - charme historique et opportun,https://www.etreproprio.com/immobilier-22727573-vente-manoir-d-exception-a-le-rheu-charme-historique-et-opportun-le-rheu
LE RHEU,"Exclusivité noovimo   à le rheu, proximité immédiate de renn",https://www.etreproprio.com/immobilier-22727572-vente-exclusivite-noovimo-a-le-rheu-proximite-immediate-de-renn-le-rheu
LE RHEU,Maison le rheu 9 pièces 246 m2,https://www.etreproprio.com/immobilier-22696896-vente-maison-le-rheu-9-pieces-246-m2-le-rheu
LE RHEU,Maison 246m² à le rheu,https://www.etreproprio.com/immobilier-22012665-vente-maison-246m-a-le-rheu-le-rheu
LE RHEU,Maison 187m² à le rheu,https://www.etreproprio.com/immobilier-22513254-vente-maison-187m-a-le-rheu-le-rheu
LE RHEU,Maison 9 pièces 190 m² - le rheu 35650,https://www.etreproprio.com/immobilier-22504876-vente-maison-9-pieces-190-m-le-rheu-35650-le-rheu
LE RHEU,Maison 5 pièces 106m² - le rheu 35650,https://www.etreproprio.com/immobilier-22504872-vente-maison-5-pieces-106m-le-rheu-35650-le-rheu
LE RHEU,Maison 6 pieces 146 m2 - le rheu 35650,https://www.etreproprio.com/immobilier-22504880-vente-maison-6-pieces-146-m2-le-rheu-35650-le-rheu
LE RHEU,Maison 6 pieces 149 m2 - le rheu 35650,https://www.etreproprio.com/immobilier-22504871-vente-maison-6-pieces-149-m2-le-rheu-35650-le-rheu
LE RHEU,Maison 5 pieces 65m² - le rheu 35650,https://www.etreproprio.com/immobilier-22504862-vente-maison-5-pieces-65m-le-rheu-35650-le-rheu
LE RHEU,Maison 8 pièces 148m² - le rheu 35650,https://www.etreproprio.com/immobilier-22504873-vente-maison-8-pieces-148m-le-rheu-35650-le-rheu
LE RHEU,Maison 400m² à le rheu,https://www.etreproprio.com/immobilier-22495391-vente-maison-400m-a-le-rheu-le-rheu
RENNES,Maison 138m² à rennes,https://www.etreproprio.com/immobilier-23621849-vente-maison-138m-a-rennes-rennes
RENNES,Maison type 6 - thabor,https://www.etreproprio.com/immobilier-23348686-vente-maison-type-6-thabor-rennes
RENNES,"A vendre - agence giboire *co/exclusivite* maison spacieuse à vendre à rennes thabor - 6 pièces, 3 chambres",https://www.etreproprio.com/immobilier-23328059-vente-a-vendre-agence-giboire-coexclusivite-maison-spacieuse-a-vendre-a-rennes-thabor-6-pieces-3-chambres-rennes
RENNES,Maison 196m² à rennes,https://www.etreproprio.com/immobilier-23807317-vente-maison-196m-a-rennes-rennes
RENNES,Maison 148m² à rennes,https://www.etreproprio.com/immobilier-23801021-vente-maison-148m-a-rennes-rennes
RENNES,Maison à vendre -  groupe giboire - rennes thabor - 6 pièces avec jardin,https://www.etreproprio.com/immobilier-23187827-vente-maison-a-vendre-groupe-giboire-rennes-thabor-6-pieces-avec-jardin-rennes
RENNES,Maison années 1930 à rénover grand jardin garage / quartier clémenceau à 15 min de la gare,https://www.etreproprio.com/immobilier-22963392-vente-maison-annees-1930-a-renover-grand-jardin-garage-quartier-clemenceau-a-15-min-de-la-gare-rennes
RENNES,Maison 158m² à rennes,https://www.etreproprio.com/immobilier-23784596-vente-maison-158m-a-rennes-rennes
RENNES,Maison 95m² à rennes,https://www.etreproprio.com/immobilier-23779774-vente-maison-95m-a-rennes-rennes
RENNES,Maison 120m² à rennes,https://www.etreproprio.com/immobilier-23779781-vente-maison-120m-a-rennes-rennes
RENNES,Maison 167m² à rennes,https://www.etreproprio.com/immobilier-23779767-vente-maison-167m-a-rennes-rennes
RENNES,Maison - poterie,https://www.etreproprio.com/immobilier-23779307-vente-maison-poterie-rennes
RENNES,Maison 77m² à rennes,https://www.etreproprio.com/immobilier-23779775-vente-maison-77m-a-rennes-rennes
RENNES,Maison 73m² à rennes,https://www.etreproprio.com/immobilier-23772930-vente-maison-73m-a-rennes-rennes
RENNES,Maison 195m² à rennes,https://www.etreproprio.com/immobilier-23768170-vente-maison-195m-a-rennes-rennes
RENNES,Maison type 5 - maison trois chambres et jardin ouest - quartier sainte-thérèse - rennes,https://www.etreproprio.com/immobilier-23753460-vente-maison-type-5-maison-trois-chambres-et-jardin-ouest-quartier-sainte-therese-rennes-rennes
RENNES,Proche gare maison de 160 m2 avec jardin sans vis-à-vis,https://www.etreproprio.com/immobilier-23755591-vente-proche-gare-maison-de-160-m2-avec-jardin-sans-vis-a-vis-rennes
RENNES,Maison 271m² à rennes,https://www.etreproprio.com/immobilier-23315129-vente-maison-271m-a-rennes-rennes
RENNES,Maison rennes,https://www.etreproprio.com/immobilier-23755584-vente-maison-rennes-rennes
RENNES,Maison rennes 3 pièce(s) 58.32 m2,https://www.etreproprio.com/immobilier-23755236-vente-maison-rennes-3-pieces-5832-m2-rennes
LA RICHARDAIS,Maison 131m² à la richardais,https://www.etreproprio.com/immobilier-23850576-vente-maison-131m-a-la-richardais-la-richardais
LA RICHARDAIS,Maison familiale la richardais 4 chambres quartier calme proche de dinard,https://www.etreproprio.com/immobilier-22679065-vente-maison-familiale-la-richardais-4-chambres-quartier-calme-proche-de-dinard-la-richardais
LA RICHARDAIS,Maison 112m² à la richardais,https://www.etreproprio.com/immobilier-22639027-vente-maison-112m-a-la-richardais-la-richardais
LA RICHARDAIS,Maison 101m² à la richardais,https://www.etreproprio.com/immobilier-23703437-vente-maison-101m-a-la-richardais-la-richardais
LA RICHARDAIS,Maison la richardais 7 pièces 167 m2,https://www.etreproprio.com/immobilier-23485201-vente-maison-la-richardais-7-pieces-167-m2-la-richardais
LA RICHARDAIS,La richardais,https://www.etreproprio.com/immobilier-23466473-vente-la-richardais-la-richardais
LA RICHARDAIS,Maison 190m² à la richardais,https://www.etreproprio.com/immobilier-19397708-vente-maison-190m-a-la-richardais-la-richardais
LA RICHARDAIS,"La richardais, commerces à pied, maison de 103m² sur jardin clos de 419m², séjour cheminée, véranda, 3 chambres",https://www.etreproprio.com/immobilier-23426207-vente-la-richardais-commerces-a-pied-maison-de-103m-sur-jardin-clos-de-419m-sejour-cheminee-veranda-3-chambres-la-richardais
LA RICHARDAIS,Maison 109m² à la richardais,https://www.etreproprio.com/immobilier-23396565-vente-maison-109m-a-la-richardais-la-richardais
LA RICHARDAIS,Maison 190m² à la richardais,https://www.etreproprio.com/immobilier-23362841-vente-maison-190m-a-la-richardais-la-richardais
LA RICHARDAIS,Maison 107m² à la richardais,https://www.etreproprio.com/immobilier-23349771-vente-maison-107m-a-la-richardais-la-richardais
LA RICHARDAIS,Maison 85m² à la richardais,https://www.etreproprio.com/immobilier-23336175-vente-maison-85m-a-la-richardais-la-richardais
LA RICHARDAIS,A vendre maison contemporaine - plain pied - 150m² - 700m² de terrain - 35780 la richardais,https://www.etreproprio.com/immobilier-23270009-vente-a-vendre-maison-contemporaine-plain-pied-150m-700m-de-terrain-35780-la-richardais-la-richardais
LA RICHARDAIS,"Centre bourg spacieuse maison t5 neuve, garage, terrasse, jardin, belles prestations",https://www.etreproprio.com/immobilier-22103395-vente-centre-bourg-spacieuse-maison-t5-neuve-garage-terrasse-jardin-belles-prestations-la-richardais
LA RICHARDAIS,"Hyper centre ville lumineuse maison t4 neuve, garage, jardin, très belles prestations",https://www.etreproprio.com/immobilier-22103396-vente-hyper-centre-ville-lumineuse-maison-t4-neuve-garage-jardin-tres-belles-prestations-la-richardais
LA RICHARDAIS,A vendre maison ancienne la richardais 4 chambres 2 salle d'eau terrasse jardin et garage,https://www.etreproprio.com/immobilier-22310363-vente-a-vendre-maison-ancienne-la-richardais-4-chambres-2-salle-d-eau-terrasse-jardin-et-garage-la-richardais
LA RICHARDAIS,Maison 120m² à la richardais,https://www.etreproprio.com/immobilier-23240976-vente-maison-120m-a-la-richardais-la-richardais
LA RICHARDAIS,Maison 150m² à la richardais,https://www.etreproprio.com/immobilier-22765233-vente-maison-150m-a-la-richardais-la-richardais
LA RICHARDAIS,La richardais: maison parfait état à deux pas des commerces et de la rance,https://www.etreproprio.com/immobilier-23163152-vente-la-richardais-maison-parfait-etat-a-deux-pas-des-commerces-et-de-la-rance-la-richardais
LA RICHARDAIS,Maison 58m² à la richardais,https://www.etreproprio.com/immobilier-23077153-vente-maison-58m-a-la-richardais-la-richardais
LE RHEU,Maison 147m² à le rheu,https://www.etreproprio.com/immobilier-21564624-vente-maison-147m-a-le-rheu-le-rheu
RENNES,Maison rennes fougeres 153 m²,https://www.etreproprio.com/immobilier-23755569-vente-maison-rennes-fougeres-153-m-rennes
RENNES,Thabor propriété de 180m²,https://www.etreproprio.com/immobilier-23755583-vente-thabor-propriete-de-180m-rennes
RENNES,Sainte thérèse maison rennes 7 pièce(s) 145 m2,https://www.etreproprio.com/immobilier-23755592-vente-sainte-therese-maison-rennes-7-pieces-145-m2-rennes
RENNES,Maison 128m² à rennes,https://www.etreproprio.com/immobilier-23750379-vente-maison-128m-a-rennes-rennes
RENNES,Rennes jeanne d 'arc  maison  5 pièces,https://www.etreproprio.com/immobilier-23755576-vente-rennes-jeanne-d-arc-maison-5-pieces-rennes
RENNES,Maison à rénover  - au calme d'une impasse rue de nantes,https://www.etreproprio.com/immobilier-23755184-vente-maison-a-renover-au-calme-d-une-impasse-rue-de-nantes-rennes
RENNES,Maison 120m² à rennes,https://www.etreproprio.com/immobilier-23757504-vente-maison-120m-a-rennes-rennes
RENNES,Maison rennes sacré coeurs,https://www.etreproprio.com/immobilier-23755189-vente-maison-rennes-sacre-coeurs-rennes
RENNES,Maison rennes 8 pièce(s) 195 m2,https://www.etreproprio.com/immobilier-23754867-vente-maison-rennes-8-pieces-195-m2-rennes
RENNES,Maison rennes 6 pièce(s) 110 m2,https://www.etreproprio.com/immobilier-23754869-vente-maison-rennes-6-pieces-110-m2-rennes
RENNES,Maison 114m² à rennes,https://www.etreproprio.com/immobilier-23756553-vente-maison-114m-a-rennes-rennes
RENNES,Maison rennes patton proche gayeulles 113 m²,https://www.etreproprio.com/immobilier-23755573-vente-maison-rennes-patton-proche-gayeulles-113-m-rennes
RENNES,Rennes saint helier -alphonse guerin maison 225 m²,https://www.etreproprio.com/immobilier-23755568-vente-rennes-saint-helier-alphonse-guerin-maison-225-m-rennes
RENNES,Maison rennes jeanne d'arc 5 pièces 128.24 m2,https://www.etreproprio.com/immobilier-23755590-vente-maison-rennes-jeanne-d-arc-5-pieces-12824-m2-rennes
RENNES,Maison 137m² à rennes,https://www.etreproprio.com/immobilier-23751066-vente-maison-137m-a-rennes-rennes
RENNES,Rennes thabor  maison  201 m²,https://www.etreproprio.com/immobilier-23755587-vente-rennes-thabor-maison-201-m-rennes
RENNES,"Maison année 30 avec hangar, magasin et jardin",https://www.etreproprio.com/immobilier-23755252-vente-maison-annee-30-avec-hangar-magasin-et-jardin-rennes
RENNES,"Maison de ville avec jardin, garage et annexe",https://www.etreproprio.com/immobilier-23737648-vente-maison-de-ville-avec-jardin-garage-et-annexe-rennes
RENNES,Sous offre - maison familiale + terrain contructible  - rennes thabor - maison renovee prestations haut de gam,https://www.etreproprio.com/immobilier-23737884-vente-sous-offre-maison-familiale-terrain-contructible-rennes-thabor-maison-renovee-prestations-haut-de-gam-rennes
RENNES,Maison rennes de 140 m2 fac - fougeres,https://www.etreproprio.com/immobilier-23726825-vente-maison-rennes-de-140-m2-fac-fougeres-rennes
LA RICHARDAIS,Dinard maison avec beau jardin sud ouest en vente à dinard,https://www.etreproprio.com/immobilier-22445566-vente-dinard-maison-avec-beau-jardin-sud-ouest-en-vente-a-dinard-la-richardais
LA RICHARDAIS,Belle maison contemporaine proche du centre de la richardais 4 chambres dont une chambre et salle d'eau au rez-de-chaussée,https://www.etreproprio.com/immobilier-22469466-vente-belle-maison-contemporaine-proche-du-centre-de-la-richardais-4-chambres-dont-une-chambre-et-salle-d-eau-au-rez-de-chaussee-la-richardais
LA RICHARDAIS,Maison 82m² à la richardais,https://www.etreproprio.com/immobilier-20939234-vente-maison-82m-a-la-richardais-la-richardais
RIMOU,Maison 107m² à rimou,https://www.etreproprio.com/immobilier-23873014-vente-maison-107m-a-rimou-rimou
RIMOU,Maison 51m² à rimou,https://www.etreproprio.com/immobilier-23745739-vente-maison-51m-a-rimou-rimou
RIMOU,Maison à vendre 3/4 pièces (rimou) en bretagne - terrain de 1100 m²,https://www.etreproprio.com/immobilier-23552156-vente-maison-a-vendre-34-pieces-rimou-en-bretagne-terrain-de-1100-m-rimou
RENNES,Maison 224m² à rennes,https://www.etreproprio.com/immobilier-22605897-vente-maison-224m-a-rennes-rennes
RENNES,Maison 67m² à rennes,https://www.etreproprio.com/immobilier-23724964-vente-maison-67m-a-rennes-rennes
RENNES,Maison rennes 6 pièce(s) 98 m2,https://www.etreproprio.com/immobilier-23720503-vente-maison-rennes-6-pieces-98-m2-rennes
RENNES,A vendre - agence giboire - maison rennes des années 30 - sacrés-coeurs gare,https://www.etreproprio.com/immobilier-23710202-vente-a-vendre-agence-giboire-maison-rennes-des-annees-30-sacres-coeurs-gare-rennes
RENNES,Maison rennes 6 pièce(s) 133 m2 - ste thérèse,https://www.etreproprio.com/immobilier-23709680-vente-maison-rennes-6-pieces-133-m2-ste-therese-rennes
RENNES,Maison d'exception,https://www.etreproprio.com/immobilier-23712461-vente-maison-d-exception-rennes
RENNES,Maison 51m² à rennes,https://www.etreproprio.com/immobilier-23702883-vente-maison-51m-a-rennes-rennes
RENNES,Maison 112m² à rennes,https://www.etreproprio.com/immobilier-23535375-vente-maison-112m-a-rennes-rennes
RENNES,Maison rennes 6 pièce(s) 180 m2,https://www.etreproprio.com/immobilier-23617423-vente-maison-rennes-6-pieces-180-m2-rennes
RENNES,Maison rénovée/studio/piscine,https://www.etreproprio.com/immobilier-23705823-vente-maison-renoveestudiopiscine-rennes
RENNES,Maison 143m² à rennes,https://www.etreproprio.com/immobilier-23371605-vente-maison-143m-a-rennes-rennes
RENNES,"Maison de type 6 à vendre, rennes les gayeulles",https://www.etreproprio.com/immobilier-23687695-vente-maison-de-type-6-a-vendre-rennes-les-gayeulles-rennes
RENNES,Maison 148m² à rennes,https://www.etreproprio.com/immobilier-23688372-vente-maison-148m-a-rennes-rennes
RENNES,Maison type 7 - 163 m² - thabor sévigné,https://www.etreproprio.com/immobilier-23587553-vente-maison-type-7-163-m-thabor-sevigne-rennes
RENNES,Maison 117m² à rennes,https://www.etreproprio.com/immobilier-21515320-vente-maison-117m-a-rennes-rennes
RENNES,Maison de maître en parfait état,https://www.etreproprio.com/immobilier-23682534-vente-maison-de-maitre-en-parfait-etat-rennes
RENNES,Maison 155m² à rennes,https://www.etreproprio.com/immobilier-23679230-vente-maison-155m-a-rennes-rennes
RENNES,Maison 101m² à rennes,https://www.etreproprio.com/immobilier-23666886-vente-maison-101m-a-rennes-rennes
RENNES,"A vendre - agence giboire -maison à vendre à rennes - 4 pièces, 3 chambres, jardin",https://www.etreproprio.com/immobilier-23655015-vente-a-vendre-agence-giboire-maison-a-vendre-a-rennes-4-pieces-3-chambres-jardin-rennes
RENNES,Maison 102m² à rennes,https://www.etreproprio.com/immobilier-23520604-vente-maison-102m-a-rennes-rennes
ROMAGNE,Maison romagne 8 pièce(s) 326 m2,https://www.etreproprio.com/immobilier-23909875-vente-maison-romagne-8-pieces-326-m2-romagne
ROMAGNE,Maison romagne 6 pièce(s) 225 m2,https://www.etreproprio.com/immobilier-23909874-vente-maison-romagne-6-pieces-225-m2-romagne
ROMAGNE,A vendre longère romagne,https://www.etreproprio.com/immobilier-22999690-vente-a-vendre-longere-romagne-romagne
ROMAGNE,Maison 67m² à romagne,https://www.etreproprio.com/immobilier-23756124-vente-maison-67m-a-romagne-romagne
ROMAGNE,Maison 111m² à romagne,https://www.etreproprio.com/immobilier-23726396-vente-maison-111m-a-romagne-romagne
ROMAGNE,Maison romagne  5 pièce(s) 92m2,https://www.etreproprio.com/immobilier-23638793-vente-maison-romagne-5-pieces-92m2-romagne
ROMAGNE,Maison individuelle,https://www.etreproprio.com/immobilier-22875960-vente-maison-individuelle-romagne
ROMAGNE,Maison 2 pièces 48 m2,https://www.etreproprio.com/immobilier-22165679-vente-maison-2-pieces-48-m2-romagne
ROMAGNE,"Maison entièrement rénovée à romagne, proche lecousse et fougères",https://www.etreproprio.com/immobilier-21726726-vente-maison-entierement-renovee-a-romagne-proche-lecousse-et-fougeres-romagne
ROMAGNE,Tres belle longère rénovée à romagne (35133),https://www.etreproprio.com/immobilier-19404892-vente-tres-belle-longere-renovee-a-romagne-35133-romagne
ROMAZY,Maison 135m² à romazy,https://www.etreproprio.com/immobilier-23220924-vente-maison-135m-a-romazy-romazy
RENNES,Maison 128m² à rennes,https://www.etreproprio.com/immobilier-23649443-vente-maison-128m-a-rennes-rennes
RENNES,Maison type 7 - maison quatre chambres et garage - carrefour des quatre banques - rennes,https://www.etreproprio.com/immobilier-23648387-vente-maison-type-7-maison-quatre-chambres-et-garage-carrefour-des-quatre-banques-rennes-rennes
RENNES,A vendre - agence giboire- maison rennes 5 pièce(s) 100 m2,https://www.etreproprio.com/immobilier-23328058-vente-a-vendre-agence-giboire-maison-rennes-5-pieces-100-m2-rennes
RENNES,Maison 45m² à rennes,https://www.etreproprio.com/immobilier-23155789-vente-maison-45m-a-rennes-rennes
RENNES,Maison 220m² à rennes,https://www.etreproprio.com/immobilier-23640707-vente-maison-220m-a-rennes-rennes
RENNES,Rennes fougères - belle maison de maître et son parc de 900m²,https://www.etreproprio.com/immobilier-23631351-vente-rennes-fougeres-belle-maison-de-maitre-et-son-parc-de-900m-rennes
RENNES,Rennes nord - maison fort potentiel avec jardin - 3 chambres - rue de st malo,https://www.etreproprio.com/immobilier-21626293-vente-rennes-nord-maison-fort-potentiel-avec-jardin-3-chambres-rue-de-st-malo-rennes
RENNES,Rennes sud gare - saint yves - maison de 5 chambres et son grand jardin sud,https://www.etreproprio.com/immobilier-23631360-vente-rennes-sud-gare-saint-yves-maison-de-5-chambres-et-son-grand-jardin-sud-rennes
RENNES,Rennes poterie - maison familiale et son jardin sans vis-à-vis,https://www.etreproprio.com/immobilier-23631366-vente-rennes-poterie-maison-familiale-et-son-jardin-sans-vis-a-vis-rennes
RENNES,Rennes - secteur rue de vern - maison familiale de 153m²,https://www.etreproprio.com/immobilier-23631357-vente-rennes-secteur-rue-de-vern-maison-familiale-de-153m-rennes
RENNES,Rennes hyper centre - hôtel particulier xixème et son jardin,https://www.etreproprio.com/immobilier-23631359-vente-rennes-hyper-centre-hotel-particulier-xixeme-et-son-jardin-rennes
RENNES,"À vendre   maison familiale à rennes, quartier des gayeulles",https://www.etreproprio.com/immobilier-23625116-vente-a-vendre-maison-familiale-a-rennes-quartier-des-gayeulles-rennes
RENNES,Rennes - rue armand rebillon,https://www.etreproprio.com/immobilier-23623366-vente-rennes-rue-armand-rebillon-rennes
RENNES,"Maison & jardin au calme, en impasse, expo sud, quartier saint yves, à rénover !",https://www.etreproprio.com/immobilier-23606691-vente-maison-jardin-au-calme-en-impasse-expo-sud-quartier-saint-yves-a-renover-rennes
RENNES,Maison 103m² à rennes,https://www.etreproprio.com/immobilier-23601680-vente-maison-103m-a-rennes-rennes
RENNES,Maison 84m² à rennes,https://www.etreproprio.com/immobilier-23592135-vente-maison-84m-a-rennes-rennes
RENNES,Maison 3 pièces 60 m2,https://www.etreproprio.com/immobilier-23584053-vente-maison-3-pieces-60-m2-rennes
RENNES,Maison 114m² à rennes,https://www.etreproprio.com/immobilier-23580886-vente-maison-114m-a-rennes-rennes
RENNES,Belle maison des annees 30 de 162 m2  à vendre sur rennes,https://www.etreproprio.com/immobilier-23576664-vente-belle-maison-des-annees-30-de-162-m2-a-vendre-sur-rennes-rennes
RENNES,Maison 138m² à rennes,https://www.etreproprio.com/immobilier-22436248-vente-maison-138m-a-rennes-rennes
ROMILLE,"Romillé, véritable plain-pied coup de coeur  !",https://www.etreproprio.com/immobilier-23672231-vente-romille-veritable-plain-pied-coup-de-coeur-romille
ROMILLE,Maison 129m² à romille,https://www.etreproprio.com/immobilier-23606327-vente-maison-129m-a-romille-romille
ROMILLE,Maison t6 - romille centre -,https://www.etreproprio.com/immobilier-23546232-vente-maison-t6-romille-centre-romille
ROMILLE,Maison 133m² à romille,https://www.etreproprio.com/immobilier-22730829-vente-maison-133m-a-romille-romille
ROZ-LANDRIEUX,Maison 210m² à roz-landrieux,https://www.etreproprio.com/immobilier-23850575-vente-maison-210m-a-roz-landrieux-roz-landrieux
ROZ-LANDRIEUX,Maison à rénover -75 m2 - roz landrieux 35120,https://www.etreproprio.com/immobilier-23787143-vente-maison-a-renover-75-m2-roz-landrieux-35120-roz-landrieux
ROZ-LANDRIEUX,Maison en pierres à rénover - 90 m2 - roz landrieux,https://www.etreproprio.com/immobilier-23787141-vente-maison-en-pierres-a-renover-90-m2-roz-landrieux-roz-landrieux
ROZ-LANDRIEUX,Maison bretonne à la campagne,https://www.etreproprio.com/immobilier-22970573-vente-maison-bretonne-a-la-campagne-roz-landrieux
ROZ-LANDRIEUX,Roz-landrieux,https://www.etreproprio.com/immobilier-22861893-vente-roz-landrieux-roz-landrieux
ROZ-LANDRIEUX,Roz-landrieux,https://www.etreproprio.com/immobilier-22861892-vente-roz-landrieux-roz-landrieux
ROZ-LANDRIEUX,A vendre - maison de maitre - roz landrieux - piscine,https://www.etreproprio.com/immobilier-22210191-vente-a-vendre-maison-de-maitre-roz-landrieux-piscine-roz-landrieux
ROZ-LANDRIEUX,Ensemble immobilier - roz landrieux,https://www.etreproprio.com/immobilier-21573112-vente-ensemble-immobilier-roz-landrieux-roz-landrieux
RENNES,Maison - à rénover - à vendre - rennes quartier cleunay,https://www.etreproprio.com/immobilier-22515716-vente-maison-a-renover-a-vendre-rennes-quartier-cleunay-rennes
RENNES,Maison 170m² à rennes,https://www.etreproprio.com/immobilier-22740665-vente-maison-170m-a-rennes-rennes
RENNES,Rennes la madeleine / mauconseil - maison - 96 m²,https://www.etreproprio.com/immobilier-23567375-vente-rennes-la-madeleine-mauconseil-maison-96-m-rennes
RENNES,Maison 232m² à rennes,https://www.etreproprio.com/immobilier-23555269-vente-maison-232m-a-rennes-rennes
RENNES,Maison 118m² à rennes,https://www.etreproprio.com/immobilier-23240222-vente-maison-118m-a-rennes-rennes
RENNES,"Maison de type 5 à vendre, rennes les gayeulles",https://www.etreproprio.com/immobilier-23556567-vente-maison-de-type-5-a-vendre-rennes-les-gayeulles-rennes
RENNES,Maison sud gare,https://www.etreproprio.com/immobilier-23554774-vente-maison-sud-gare-rennes
RENNES,Maison de 2018 d'architecte proche rue de nantes,https://www.etreproprio.com/immobilier-23561211-vente-maison-de-2018-d-architecte-proche-rue-de-nantes-rennes
RENNES,Maison 118m² à rennes,https://www.etreproprio.com/immobilier-23256414-vente-maison-118m-a-rennes-rennes
RENNES,35890 laillé - longère + grange - 6 pièces  - 169 m2,https://www.etreproprio.com/immobilier-23562585-vente-35890-laille-longere-grange-6-pieces-169-m2-rennes
RENNES,"Superbe maison 7 pièces quartier thabor 182,5 m2 + jardin",https://www.etreproprio.com/immobilier-23547146-vente-superbe-maison-7-pieces-quartier-thabor-1825-m2-jardin-rennes
RENNES,Rennes poterie,https://www.etreproprio.com/immobilier-23549914-vente-rennes-poterie-rennes
RENNES,Maison 112m² à rennes,https://www.etreproprio.com/immobilier-23541687-vente-maison-112m-a-rennes-rennes
RENNES,Maison 106m² à rennes,https://www.etreproprio.com/immobilier-23541662-vente-maison-106m-a-rennes-rennes
RENNES,Maison 83m² à rennes,https://www.etreproprio.com/immobilier-23541685-vente-maison-83m-a-rennes-rennes
RENNES,Maison 79m² à rennes,https://www.etreproprio.com/immobilier-23531432-vente-maison-79m-a-rennes-rennes
RENNES,"Maison à vendre 7 pièces rennes st helier (35) s/sol, non mitoyenne",https://www.etreproprio.com/immobilier-23518463-vente-maison-a-vendre-7-pieces-rennes-st-helier-35-ssol-non-mitoyenne-rennes
RENNES,Maison 157m² à rennes,https://www.etreproprio.com/immobilier-23510084-vente-maison-157m-a-rennes-rennes
RENNES,A 15 min de rennes sur la commune d'orgeres : superbe maison de 330m² habitables (353 m² sol) sur terrain clos et paysagé de 210,https://www.etreproprio.com/immobilier-23512508-vente-a-15-min-de-rennes-sur-la-commune-d-orgeres-superbe-maison-de-330m-habitables-353-m-sol-sur-terrain-clos-et-paysage-de-210-rennes
RENNES,Maison 96m² à rennes,https://www.etreproprio.com/immobilier-23514568-vente-maison-96m-a-rennes-rennes
ROZ-SUR-COUESNON,Maison 126m² à roz-sur-couesnon,https://www.etreproprio.com/immobilier-23893545-vente-maison-126m-a-roz-sur-couesnon-roz-sur-couesnon
ROZ-SUR-COUESNON,Roz sur couesnon en campagne,https://www.etreproprio.com/immobilier-23895465-vente-roz-sur-couesnon-en-campagne-roz-sur-couesnon
ROZ-SUR-COUESNON,Maison 107m² à roz-sur-couesnon,https://www.etreproprio.com/immobilier-23621361-vente-maison-107m-a-roz-sur-couesnon-roz-sur-couesnon
ROZ-SUR-COUESNON,Maison de plain-pied à vendre 4 pièces (35) à roz sur couesnon + terrain à bâtir en baie du mont saint michel,https://www.etreproprio.com/immobilier-23877075-vente-maison-de-plain-pied-a-vendre-4-pieces-35-a-roz-sur-couesnon-terrain-a-batir-en-baie-du-mont-saint-michel-roz-sur-couesnon
ROZ-SUR-COUESNON,Maison à vendre 5 pièces à roz sur couesnon (35) en baie du mont saint michel,https://www.etreproprio.com/immobilier-23494819-vente-maison-a-vendre-5-pieces-a-roz-sur-couesnon-35-en-baie-du-mont-saint-michel-roz-sur-couesnon
ROZ-SUR-COUESNON,Maison 128m² entièrement rénovée,https://www.etreproprio.com/immobilier-23748884-vente-maison-128m-entierement-renovee-roz-sur-couesnon
ROZ-SUR-COUESNON,Maison 165m² à roz-sur-couesnon,https://www.etreproprio.com/immobilier-23620427-vente-maison-165m-a-roz-sur-couesnon-roz-sur-couesnon
ROZ-SUR-COUESNON,Deux maisons à vendre 7 pièces (35) en bretagne dans la baie du mont saint michel,https://www.etreproprio.com/immobilier-22185580-vente-deux-maisons-a-vendre-7-pieces-35-en-bretagne-dans-la-baie-du-mont-saint-michel-roz-sur-couesnon
ROZ-SUR-COUESNON,Maison à vendre 6 pièces (35) à roz sur couesnon en bretagne dans la baie du mont saint michel,https://www.etreproprio.com/immobilier-23518479-vente-maison-a-vendre-6-pieces-35-a-roz-sur-couesnon-en-bretagne-dans-la-baie-du-mont-saint-michel-roz-sur-couesnon
ROZ-SUR-COUESNON,Maison à vendre 4 pièces à roz sur couesnon (35) en baie du mont saint michel,https://www.etreproprio.com/immobilier-23416428-vente-maison-a-vendre-4-pieces-a-roz-sur-couesnon-35-en-baie-du-mont-saint-michel-roz-sur-couesnon
ROZ-SUR-COUESNON,Maison roz sur couesnon 5 pièce(s) 144 m2,https://www.etreproprio.com/immobilier-23385766-vente-maison-roz-sur-couesnon-5-pieces-144-m2-roz-sur-couesnon
ROZ-SUR-COUESNON,Roz  sur couesnon,https://www.etreproprio.com/immobilier-22705197-vente-roz-sur-couesnon-roz-sur-couesnon
ROZ-SUR-COUESNON,Maison familiale de 2009 avec jardin de 2 100 m²,https://www.etreproprio.com/immobilier-23369471-vente-maison-familiale-de-2009-avec-jardin-de-2-100-m-roz-sur-couesnon
ROZ-SUR-COUESNON,A vendre - propriete des polders - roz sur couesnon,https://www.etreproprio.com/immobilier-21731676-vente-a-vendre-propriete-des-polders-roz-sur-couesnon-roz-sur-couesnon
ROZ-SUR-COUESNON,"Roz-sur-couesnon, centre bourg,  - ensemble immo avec chambres d'hôtes et gîtes - 430 m2 hab.",https://www.etreproprio.com/immobilier-23173204-vente-roz-sur-couesnon-centre-bourg-ensemble-immo-avec-chambres-d-hotes-et-gites-430-m2-hab-roz-sur-couesnon
ROZ-SUR-COUESNON,Roz sur couesnon - maison de bourg en pierre 177 m2 - 5 chambres - avec courette et garage.,https://www.etreproprio.com/immobilier-22206750-vente-roz-sur-couesnon-maison-de-bourg-en-pierre-177-m2-5-chambres-avec-courette-et-garage-roz-sur-couesnon
ROZ-SUR-COUESNON,Maison de plain-pied avec double garage à vendre à roz sur couesnon (35) en baie du mont saint michel,https://www.etreproprio.com/immobilier-23053431-vente-maison-de-plain-pied-avec-double-garage-a-vendre-a-roz-sur-couesnon-35-en-baie-du-mont-saint-michel-roz-sur-couesnon
ROZ-SUR-COUESNON,Maison 150m² à roz-sur-couesnon,https://www.etreproprio.com/immobilier-23040049-vente-maison-150m-a-roz-sur-couesnon-roz-sur-couesnon
ROZ-SUR-COUESNON,Roz sur couesnon,https://www.etreproprio.com/immobilier-23038023-vente-roz-sur-couesnon-roz-sur-couesnon
ROZ-SUR-COUESNON,Roz sur couesnon - exclusivite,https://www.etreproprio.com/immobilier-22606051-vente-roz-sur-couesnon-exclusivite-roz-sur-couesnon
SAINS,Maison 448m² à sains,https://www.etreproprio.com/immobilier-23772932-vente-maison-448m-a-sains-sains
SAINS,Maison à vendre sains 2 pièces 86m²,https://www.etreproprio.com/immobilier-23500432-vente-maison-a-vendre-sains-2-pieces-86m-sains
SAINS,"Longère rénovée de 184 m² t7 - 4 chambres - terrain 2489 m², près de dol de bretagne",https://www.etreproprio.com/immobilier-23414881-vente-longere-renovee-de-184-m-t7-4-chambres-terrain-2489-m-pres-de-dol-de-bretagne-sains
SAINS,"Maison à vendre en bretagne avec 5/6 chambres, jardin et garage (baie du mont saint michel)",https://www.etreproprio.com/immobilier-23252479-vente-maison-a-vendre-en-bretagne-avec-56-chambres-jardin-et-garage-baie-du-mont-saint-michel-sains
SAINS,Sains - exclusivité,https://www.etreproprio.com/immobilier-22285753-vente-sains-exclusivite-sains
SAINS,Baie du mont-saint-michel - propriété en pierre 160 m2 sur terrain 1.030 m2 avec dépendances.,https://www.etreproprio.com/immobilier-21840810-vente-baie-du-mont-saint-michel-propriete-en-pierre-160-m2-sur-terrain-1030-m2-avec-dependances-sains
RENNES,Maison 121m² à rennes,https://www.etreproprio.com/immobilier-23207076-vente-maison-121m-a-rennes-rennes
RENNES,Maison 68m² à rennes,https://www.etreproprio.com/immobilier-23497610-vente-maison-68m-a-rennes-rennes
RENNES,Sous compromis de vente ! maison type 4 - maison avec travaux - quartier rapatel - rennes,https://www.etreproprio.com/immobilier-23498664-vente-sous-compromis-de-vente-maison-type-4-maison-avec-travaux-quartier-rapatel-rennes-rennes
RENNES,Maison rennes clémenceau,https://www.etreproprio.com/immobilier-23489864-vente-maison-rennes-clemenceau-rennes
RENNES,Rennes maison de 2019 de 130 m2 avec garage et terrain sud aux pieds du métro !,https://www.etreproprio.com/immobilier-23489084-vente-rennes-maison-de-2019-de-130-m2-avec-garage-et-terrain-sud-aux-pieds-du-metro-rennes
RENNES,Maison de ville quartier jeanne d'arc,https://www.etreproprio.com/immobilier-23492677-vente-maison-de-ville-quartier-jeanne-d-arc-rennes
RENNES,Maison 241m² à rennes,https://www.etreproprio.com/immobilier-23305712-vente-maison-241m-a-rennes-rennes
RENNES,Maison ancienne restaurée à rennes,https://www.etreproprio.com/immobilier-23477893-vente-maison-ancienne-restauree-a-rennes-rennes
RENNES,Maison en pierre des années 30 arsenal-redon,https://www.etreproprio.com/immobilier-23478145-vente-maison-en-pierre-des-annees-30-arsenal-redon-rennes
RENNES,Maison - sacré-coeur,https://www.etreproprio.com/immobilier-23471082-vente-maison-sacre-coeur-rennes
RENNES,Maison rennes 92.23 m2,https://www.etreproprio.com/immobilier-23278709-vente-maison-rennes-9223-m2-rennes
RENNES,A vendre - agence giboire - maison rennes 6 pièce(s) 110 m2,https://www.etreproprio.com/immobilier-23456678-vente-a-vendre-agence-giboire-maison-rennes-6-pieces-110-m2-rennes
RENNES,Maison traditionnelle de 145 m² à chantepie,https://www.etreproprio.com/immobilier-23464598-vente-maison-traditionnelle-de-145-m-a-chantepie-rennes
RENNES,Maison 80m² à rennes,https://www.etreproprio.com/immobilier-23456119-vente-maison-80m-a-rennes-rennes
RENNES,Maison d'architecte avec piscine arsenal-redon,https://www.etreproprio.com/immobilier-23457755-vente-maison-d-architecte-avec-piscine-arsenal-redon-rennes
RENNES,Maison 120m² à rennes,https://www.etreproprio.com/immobilier-23456143-vente-maison-120m-a-rennes-rennes
RENNES,Maison rennes 4 pièce(s) 93 m2,https://www.etreproprio.com/immobilier-23456183-vente-maison-rennes-4-pieces-93-m2-rennes
RENNES,Maison 112m² à rennes,https://www.etreproprio.com/immobilier-23448058-vente-maison-112m-a-rennes-rennes
RENNES,Maison 165m² à rennes,https://www.etreproprio.com/immobilier-23442289-vente-maison-165m-a-rennes-rennes
RENNES,Maison 117m² à rennes,https://www.etreproprio.com/immobilier-23448106-vente-maison-117m-a-rennes-rennes
ROZ-SUR-COUESNON,Maison 147m² à roz-sur-couesnon,https://www.etreproprio.com/immobilier-22604739-vente-maison-147m-a-roz-sur-couesnon-roz-sur-couesnon
ROZ-SUR-COUESNON,Roz sur couesnon,https://www.etreproprio.com/immobilier-22494591-vente-roz-sur-couesnon-roz-sur-couesnon
ROZ-SUR-COUESNON,Roz sur couesnon - exclusivité,https://www.etreproprio.com/immobilier-20647141-vente-roz-sur-couesnon-exclusivite-roz-sur-couesnon
SAINTE-ANNE-SUR-VILAINE,Maison 140m² à sainte-anne-sur-vilaine,https://www.etreproprio.com/immobilier-23810767-vente-maison-140m-a-sainte-anne-sur-vilaine-sainte-anne-sur-vilaine
SAINTE-ANNE-SUR-VILAINE,"Maison de caractère rénovée avec goût   188 m2 habitables, terrain paysagé, piscine, à proximité des commodité",https://www.etreproprio.com/immobilier-23686714-vente-maison-de-caractere-renovee-avec-gout-188-m2-habitables-terrain-paysage-piscine-a-proximite-des-commodite-sainte-anne-sur-vilaine
SAINTE-ANNE-SUR-VILAINE,Maison 56m² à sainte-anne-sur-vilaine,https://www.etreproprio.com/immobilier-23497245-vente-maison-56m-a-sainte-anne-sur-vilaine-sainte-anne-sur-vilaine
SAINTE-ANNE-SUR-VILAINE,Maison sainte anne sur vilaine 8 pièce(s) 240 m2,https://www.etreproprio.com/immobilier-23478358-vente-maison-sainte-anne-sur-vilaine-8-pieces-240-m2-sainte-anne-sur-vilaine
SAINTE-ANNE-SUR-VILAINE,Maison en pierres de 150m² - 6 pièces - 4 chambres - sainte-anne-sur-vilaine,https://www.etreproprio.com/immobilier-23146217-vente-maison-en-pierres-de-150m-6-pieces-4-chambres-sainte-anne-sur-vilaine-sainte-anne-sur-vilaine
SAINTE-ANNE-SUR-VILAINE,Maison sainte anne sur vilaine 10 pièces - 250 m2,https://www.etreproprio.com/immobilier-21802635-vente-maison-sainte-anne-sur-vilaine-10-pieces-250-m2-sainte-anne-sur-vilaine
SAINT-ARMEL,Maison 119m² à saint-armel,https://www.etreproprio.com/immobilier-23745809-vente-maison-119m-a-saint-armel-saint-armel
SAINT-ARMEL,Maison entièrement  à renover,https://www.etreproprio.com/immobilier-23727713-vente-maison-entierement-a-renover-saint-armel
SAINT-ARMEL,Maison à renover,https://www.etreproprio.com/immobilier-23727711-vente-maison-a-renover-saint-armel
SAINT-ARMEL,Maison st armel 6 piéce(s)110 m2,https://www.etreproprio.com/immobilier-23712150-vente-maison-st-armel-6-pieces110-m2-saint-armel
SAINT-ARMEL,Maison de plain-pied 3 chambres de 95m2,https://www.etreproprio.com/immobilier-23624893-vente-maison-de-plain-pied-3-chambres-de-95m2-saint-armel
SAINT-ARMEL,"Nouvelle maison de type 5 de 83 m2 (90 m2 au sol) avec 3 chambres, garage et jardin",https://www.etreproprio.com/immobilier-23563289-vente-nouvelle-maison-de-type-5-de-83-m2-90-m2-au-sol-avec-3-chambres-garage-et-jardin-saint-armel
SAINT-ARMEL,Maison 109m² à saint-armel,https://www.etreproprio.com/immobilier-23514845-vente-maison-109m-a-saint-armel-saint-armel
SAINT-ARMEL,Maison à vendre 7 pièces saint armel (35),https://www.etreproprio.com/immobilier-23507874-vente-maison-a-vendre-7-pieces-saint-armel-35-saint-armel
SAINT-ARMEL,Contemporaine de type 6 en très bon état sur terrain clos de 350 m2.,https://www.etreproprio.com/immobilier-22783963-vente-contemporaine-de-type-6-en-tres-bon-etat-sur-terrain-clos-de-350-m2-saint-armel
SAINT-ARMEL,Maison de centre bourg à rénover,https://www.etreproprio.com/immobilier-23271906-vente-maison-de-centre-bourg-a-renover-saint-armel
SAINT-ARMEL,A vendre - agence giboire - maison 6 chambres - saint-armel,https://www.etreproprio.com/immobilier-23256772-vente-a-vendre-agence-giboire-maison-6-chambres-saint-armel-saint-armel
SAINT-ARMEL,Maison 146m² à saint-armel,https://www.etreproprio.com/immobilier-23222353-vente-maison-146m-a-saint-armel-saint-armel
SAINT-ARMEL,Achat / vente maison d'architect,https://www.etreproprio.com/immobilier-22119918-vente-achat-vente-maison-d-architect-saint-armel
SAINT-ARMEL,Maison 110m² à saint-armel,https://www.etreproprio.com/immobilier-21549395-vente-maison-110m-a-saint-armel-saint-armel
SAINT-AUBIN-D'AUBIGNE,Maison 92m² à saint-aubin-d'aubigne,https://www.etreproprio.com/immobilier-23454344-vente-maison-92m-a-saint-aubin-d-aubigne-saint-aubin-d-aubigne
SAINT-AUBIN-D'AUBIGNE,Maison 83m² à saint-aubin-d'aubigne,https://www.etreproprio.com/immobilier-23806968-vente-maison-83m-a-saint-aubin-d-aubigne-saint-aubin-d-aubigne
SAINT-AUBIN-D'AUBIGNE,Maison saint aubin d aubigne 5 pièce(s) 113 m2,https://www.etreproprio.com/immobilier-23795719-vente-maison-saint-aubin-d-aubigne-5-pieces-113-m2-saint-aubin-d-aubigne
SAINT-AUBIN-D'AUBIGNE,Maison 98m² à saint-aubin-d'aubigne,https://www.etreproprio.com/immobilier-23755227-vente-maison-98m-a-saint-aubin-d-aubigne-saint-aubin-d-aubigne
SAINT-AUBIN-D'AUBIGNE,"Maison d'architecte élégante au coeur de saint aubin d'aubigné, 240m²",https://www.etreproprio.com/immobilier-23664187-vente-maison-d-architecte-elegante-au-coeur-de-saint-aubin-d-aubigne-240m-saint-aubin-d-aubigne
SAINT-AUBIN-D'AUBIGNE,Longère familiale de 174 m²,https://www.etreproprio.com/immobilier-22210312-vente-longere-familiale-de-174-m-saint-aubin-d-aubigne
SAINT-AUBIN-D'AUBIGNE,Maison 125m² à saint-aubin-d'aubigne,https://www.etreproprio.com/immobilier-22945645-vente-maison-125m-a-saint-aubin-d-aubigne-saint-aubin-d-aubigne
SAINT-AUBIN-D'AUBIGNE,Maison andouille neuville 5 pièce(s) 90m2,https://www.etreproprio.com/immobilier-23430486-vente-maison-andouille-neuville-5-pieces-90m2-saint-aubin-d-aubigne
SAINT-AUBIN-D'AUBIGNE,Maison andouille neuville 5 pièce(s) 90m2,https://www.etreproprio.com/immobilier-23430508-vente-maison-andouille-neuville-5-pieces-90m2-saint-aubin-d-aubigne
SAINT-AUBIN-D'AUBIGNE,Maison 100m² à saint-aubin-d'aubigne,https://www.etreproprio.com/immobilier-23362740-vente-maison-100m-a-saint-aubin-d-aubigne-saint-aubin-d-aubigne
SAINT-AUBIN-D'AUBIGNE,Maison saint-aubin-d'aubigne 117.35m² au sol,https://www.etreproprio.com/immobilier-23337778-vente-maison-saint-aubin-d-aubigne-11735m-au-sol-saint-aubin-d-aubigne
SAINT-AUBIN-D'AUBIGNE,Maison 134m² à saint-aubin-d'aubigne,https://www.etreproprio.com/immobilier-22040354-vente-maison-134m-a-saint-aubin-d-aubigne-saint-aubin-d-aubigne
SAINT-AUBIN-D'AUBIGNE,Maison saint aubin d aubigne 7 pièce(s) 126.87 m2,https://www.etreproprio.com/immobilier-22993154-vente-maison-saint-aubin-d-aubigne-7-pieces-12687-m2-saint-aubin-d-aubigne
SAINT-AUBIN-D'AUBIGNE,Maison saint aubin d aubigne 88.7 m2,https://www.etreproprio.com/immobilier-23002035-vente-maison-saint-aubin-d-aubigne-887-m2-saint-aubin-d-aubigne
SAINT-AUBIN-D'AUBIGNE,Maison saint-aubin-d'aubigné,https://www.etreproprio.com/immobilier-22993161-vente-maison-saint-aubin-d-aubigne-saint-aubin-d-aubigne
SAINT-AUBIN-D'AUBIGNE,Maison à vendre 7 pièces saint aubin d'aubigne (35),https://www.etreproprio.com/immobilier-22949165-vente-maison-a-vendre-7-pieces-saint-aubin-d-aubigne-35-saint-aubin-d-aubigne
SAINT-AUBIN-D'AUBIGNE,Maison 111m² à saint-aubin-d'aubigne,https://www.etreproprio.com/immobilier-22647268-vente-maison-111m-a-saint-aubin-d-aubigne-saint-aubin-d-aubigne
SAINT-AUBIN-D'AUBIGNE,Saint aubin d'aubigné,https://www.etreproprio.com/immobilier-22245319-vente-saint-aubin-d-aubigne-saint-aubin-d-aubigne
SAINT-AUBIN-D'AUBIGNE,Maison 93m² à saint-aubin-d'aubigne,https://www.etreproprio.com/immobilier-22017518-vente-maison-93m-a-saint-aubin-d-aubigne-saint-aubin-d-aubigne
SAINT-AUBIN-D'AUBIGNE,Maison saint aubin d aubigne 4 pièce(s) 106.35 m2,https://www.etreproprio.com/immobilier-21074852-vente-maison-saint-aubin-d-aubigne-4-pieces-10635-m2-saint-aubin-d-aubigne
RENNES,Maison 127m² à rennes,https://www.etreproprio.com/immobilier-23448105-vente-maison-127m-a-rennes-rennes
RENNES,Maison 4 pièces 104 m2 - rennes villejean,https://www.etreproprio.com/immobilier-23440571-vente-maison-4-pieces-104-m2-rennes-villejean-rennes
RENNES,Maison neuve + garage + jardin,https://www.etreproprio.com/immobilier-23076740-vente-maison-neuve-garage-jardin-rennes
RENNES,Maison de 113 m² à rennes - quartier rennes nord,https://www.etreproprio.com/immobilier-23427575-vente-maison-de-113-m-a-rennes-quartier-rennes-nord-rennes
RENNES,Maison 148m² à rennes,https://www.etreproprio.com/immobilier-23413607-vente-maison-148m-a-rennes-rennes
RENNES,Maison à vendre - thabor sévigné,https://www.etreproprio.com/immobilier-23413299-vente-maison-a-vendre-thabor-sevigne-rennes
RENNES,"Maison de maitre 5 chambres  jardin plein sud, spa de nage et dépendance -rennes fougères",https://www.etreproprio.com/immobilier-22499044-vente-maison-de-maitre-5-chambres-jardin-plein-sud-spa-de-nage-et-dependance-rennes-fougeres-rennes
RENNES,Maison 187m² à rennes,https://www.etreproprio.com/immobilier-23409272-vente-maison-187m-a-rennes-rennes
RENNES,"À vendre - groupe giboire - maison à vendre à rennes maurepas - 6 pièces, jardin et garage",https://www.etreproprio.com/immobilier-23399218-vente-a-vendre-groupe-giboire-maison-a-vendre-a-rennes-maurepas-6-pieces-jardin-et-garage-rennes
RENNES,Maison 169m² à rennes,https://www.etreproprio.com/immobilier-22028505-vente-maison-169m-a-rennes-rennes
RENNES,Maison 118m² à rennes,https://www.etreproprio.com/immobilier-22936817-vente-maison-118m-a-rennes-rennes
RENNES,Un équilibre contemporain en cœur de ville,https://www.etreproprio.com/immobilier-23392405-vente-un-equilibre-contemporain-en-coeur-de-ville-rennes
RENNES,À vendre - agence giboire - maison rennes 137.79 m²,https://www.etreproprio.com/immobilier-22458800-vente-a-vendre-agence-giboire-maison-rennes-13779-m-rennes
RENNES,À vendre - agence giboire - maison - rennes,https://www.etreproprio.com/immobilier-21855148-vente-a-vendre-agence-giboire-maison-rennes-rennes
RENNES,Maison type 8 - maison familiale avec jardin ouest  - quartier landry - rennes,https://www.etreproprio.com/immobilier-22763748-vente-maison-type-8-maison-familiale-avec-jardin-ouest-quartier-landry-rennes-rennes
RENNES,Maison 162m² à rennes,https://www.etreproprio.com/immobilier-23364326-vente-maison-162m-a-rennes-rennes
RENNES,Maison 167m² à rennes,https://www.etreproprio.com/immobilier-23355790-vente-maison-167m-a-rennes-rennes
RENNES,Maison - patton / saint-laurent,https://www.etreproprio.com/immobilier-23358976-vente-maison-patton-saint-laurent-rennes
RENNES,Sous compromis de vente ! maison type 4 - proche transports et commerces - quartier sainte-thérèse - rennes,https://www.etreproprio.com/immobilier-23357593-vente-sous-compromis-de-vente-maison-type-4-proche-transports-et-commerces-quartier-sainte-therese-rennes-rennes
RENNES,Sous compromis de vente ! maison type 4 - potentiel d'agrandissement - sainte-thérèse - rennes,https://www.etreproprio.com/immobilier-23357595-vente-sous-compromis-de-vente-maison-type-4-potentiel-d-agrandissement-sainte-therese-rennes-rennes
SAINT-AUBIN-DES-LANDES,Maison 286m² à saint-aubin-des-landes,https://www.etreproprio.com/immobilier-23908037-vente-maison-286m-a-saint-aubin-des-landes-saint-aubin-des-landes
SAINT-AUBIN-DES-LANDES,Longère en pierres,https://www.etreproprio.com/immobilier-22642057-vente-longere-en-pierres-saint-aubin-des-landes
SAINT-AUBIN-DES-LANDES,Maison 140m² à saint-aubin-des-landes,https://www.etreproprio.com/immobilier-23233060-vente-maison-140m-a-saint-aubin-des-landes-saint-aubin-des-landes
SAINT-AUBIN-DES-LANDES,Maison 116m² à saint-aubin-des-landes,https://www.etreproprio.com/immobilier-23233062-vente-maison-116m-a-saint-aubin-des-landes-saint-aubin-des-landes
SAINT-AUBIN-DES-LANDES,Maison 116m² à saint-aubin-des-landes,https://www.etreproprio.com/immobilier-23233059-vente-maison-116m-a-saint-aubin-des-landes-saint-aubin-des-landes
SAINT-AUBIN-DES-LANDES,Vente maison saint-aubin-des-landes(35500) 301 600ï¿œ,https://www.etreproprio.com/immobilier-22575669-vente-vente-maison-saint-aubin-des-landes35500-301-600i-oe-saint-aubin-des-landes
RENNES,Maison type 6 - construction récente - quartier francisco ferrer - rennes,https://www.etreproprio.com/immobilier-23230662-vente-maison-type-6-construction-recente-quartier-francisco-ferrer-rennes-rennes
RENNES,Maison type 6 - construction récente - quartier francisco ferrer - rennes,https://www.etreproprio.com/immobilier-23230663-vente-maison-type-6-construction-recente-quartier-francisco-ferrer-rennes-rennes
RENNES,Exclusivite  cogir - rennes maison recente  230 m2 sainte therese gare haut de gamme piscine garage studio indépendant,https://www.etreproprio.com/immobilier-23339729-vente-exclusivite-cogir-rennes-maison-recente-230-m2-sainte-therese-gare-haut-de-gamme-piscine-garage-studio-independant-rennes
RENNES,Rennes -quartier sévigné / thabor maison rennes 6 pièces - 3 chambres + espaces modulables,https://www.etreproprio.com/immobilier-23336558-vente-rennes-quartier-sevigne-thabor-maison-rennes-6-pieces-3-chambres-espaces-modulables-rennes
RENNES,"À vendre - maison de 178m² habitables (208m² au sol) - 4 chambres - parcelle de 515m² - rennes - quartier thabor, une adresse d'",https://www.etreproprio.com/immobilier-23329483-vente-a-vendre-maison-de-178m-habitables-208m-au-sol-4-chambres-parcelle-de-515m-rennes-quartier-thabor-une-adresse-d-rennes
RENNES,Maison 137m² à rennes,https://www.etreproprio.com/immobilier-22566400-vente-maison-137m-a-rennes-rennes
RENNES,Maison 126m² à rennes,https://www.etreproprio.com/immobilier-21820837-vente-maison-126m-a-rennes-rennes
RENNES,Rennes gare sud - maison 4 chambres - 85 m²,https://www.etreproprio.com/immobilier-22530669-vente-rennes-gare-sud-maison-4-chambres-85-m-rennes
RENNES,"Maison de type 7 à vendre, rennes patton les gayeulles",https://www.etreproprio.com/immobilier-23327468-vente-maison-de-type-7-a-vendre-rennes-patton-les-gayeulles-rennes
RENNES,Rennes quartier volney - maison type 8 - 6 ch,https://www.etreproprio.com/immobilier-23087544-vente-rennes-quartier-volney-maison-type-8-6-ch-rennes
RENNES,Maison proche gare,https://www.etreproprio.com/immobilier-23321583-vente-maison-proche-gare-rennes
RENNES,"À vendre - maison de 178m² habitables (208m² au sol) - 4 chambres - parcelle de 929m² - rennes - quartier thabor, une adresse d'",https://www.etreproprio.com/immobilier-23317586-vente-a-vendre-maison-de-178m-habitables-208m-au-sol-4-chambres-parcelle-de-929m-rennes-quartier-thabor-une-adresse-d-rennes
RENNES,Maison rennes 6 pièce(s) 122 m2,https://www.etreproprio.com/immobilier-21279221-vente-maison-rennes-6-pieces-122-m2-rennes
RENNES,"Agence giboire - maison à vendre à rennes sainte-thérèse - 5 pièces, 3 chambres",https://www.etreproprio.com/immobilier-23314675-vente-agence-giboire-maison-a-vendre-a-rennes-sainte-therese-5-pieces-3-chambres-rennes
RENNES,Maison 124m² à rennes,https://www.etreproprio.com/immobilier-21863915-vente-maison-124m-a-rennes-rennes
RENNES,Maison 106m² à rennes,https://www.etreproprio.com/immobilier-22337655-vente-maison-106m-a-rennes-rennes
RENNES,Maison 121m² à rennes,https://www.etreproprio.com/immobilier-23301614-vente-maison-121m-a-rennes-rennes
RENNES,Maison 105m² à rennes,https://www.etreproprio.com/immobilier-23305661-vente-maison-105m-a-rennes-rennes
RENNES,Maison 197m² à rennes,https://www.etreproprio.com/immobilier-23304786-vente-maison-197m-a-rennes-rennes
RENNES,Maison 128m² à rennes,https://www.etreproprio.com/immobilier-23305662-vente-maison-128m-a-rennes-rennes
SAINT-AUBIN-DU-CORMIER,Maison 78m² à saint-aubin-du-cormier,https://www.etreproprio.com/immobilier-23882829-vente-maison-78m-a-saint-aubin-du-cormier-saint-aubin-du-cormier
SAINT-AUBIN-DU-CORMIER,Maison saint aubin du cormier 6 pièce(s) 171.7 m2,https://www.etreproprio.com/immobilier-23829151-vente-maison-saint-aubin-du-cormier-6-pieces-1717-m2-saint-aubin-du-cormier
SAINT-AUBIN-DU-CORMIER,Maison en pierres rénovée 4 chambres sur terrain de 12 000m2,https://www.etreproprio.com/immobilier-23835589-vente-maison-en-pierres-renovee-4-chambres-sur-terrain-de-12-000m2-saint-aubin-du-cormier
SAINT-AUBIN-DU-CORMIER,Maison en pierres à rénover sur terrain constructible d'envi,https://www.etreproprio.com/immobilier-23759995-vente-maison-en-pierres-a-renover-sur-terrain-constructible-d-envi-saint-aubin-du-cormier
SAINT-AUBIN-DU-CORMIER,Maison 168m² à saint-aubin-du-cormier,https://www.etreproprio.com/immobilier-23720258-vente-maison-168m-a-saint-aubin-du-cormier-saint-aubin-du-cormier
SAINT-AUBIN-DU-CORMIER,Maison d'habitation de type 6 à vendre à st aubin du cormier,https://www.etreproprio.com/immobilier-22725779-vente-maison-d-habitation-de-type-6-a-vendre-a-st-aubin-du-cormier-saint-aubin-du-cormier
SAINT-AUBIN-DU-CORMIER,Maison 104m² à saint-aubin-du-cormier,https://www.etreproprio.com/immobilier-21572194-vente-maison-104m-a-saint-aubin-du-cormier-saint-aubin-du-cormier
SAINT-AUBIN-DU-CORMIER,Maison 133m² à saint-aubin-du-cormier,https://www.etreproprio.com/immobilier-23597631-vente-maison-133m-a-saint-aubin-du-cormier-saint-aubin-du-cormier
SAINT-AUBIN-DU-CORMIER,Maison 101m² à saint-aubin-du-cormier,https://www.etreproprio.com/immobilier-23476354-vente-maison-101m-a-saint-aubin-du-cormier-saint-aubin-du-cormier
SAINT-AUBIN-DU-CORMIER,"Maison 4 chambres garage, jardin, terrain clos",https://www.etreproprio.com/immobilier-23011460-vente-maison-4-chambres-garage-jardin-terrain-clos-saint-aubin-du-cormier
SAINT-AUBIN-DU-CORMIER,"Maison 4 chambres garage, jardin, terrain clos",https://www.etreproprio.com/immobilier-23450277-vente-maison-4-chambres-garage-jardin-terrain-clos-saint-aubin-du-cormier
SAINT-AUBIN-DU-CORMIER,"Longère de 155 m², 6 pièces, dépendances sur 1600 m² de terrain",https://www.etreproprio.com/immobilier-21873831-vente-longere-de-155-m-6-pieces-dependances-sur-1600-m-de-terrain-saint-aubin-du-cormier
SAINT-AUBIN-DU-CORMIER,"Maison à vendre - 6 pièces, 3 chambres",https://www.etreproprio.com/immobilier-23351319-vente-maison-a-vendre-6-pieces-3-chambres-saint-aubin-du-cormier
SAINT-AUBIN-DU-CORMIER,Maison neuve 140m2 5 chambres garage jardin proche centre vi,https://www.etreproprio.com/immobilier-23261554-vente-maison-neuve-140m2-5-chambres-garage-jardin-proche-centre-vi-saint-aubin-du-cormier
SAINT-AUBIN-DU-CORMIER,Maison en pierres rénovée en centre ville 4 chambres garage,https://www.etreproprio.com/immobilier-22509475-vente-maison-en-pierres-renovee-en-centre-ville-4-chambres-garage-saint-aubin-du-cormier
SAINT-AUBIN-DU-CORMIER,A vendre - longère en pierre pleine de charme  5 000 m² de terrain,https://www.etreproprio.com/immobilier-22951832-vente-a-vendre-longere-en-pierre-pleine-de-charme-5-000-m-de-terrain-saint-aubin-du-cormier
SAINT-AUBIN-DU-CORMIER,Maison 120m² à saint-aubin-du-cormier,https://www.etreproprio.com/immobilier-21995849-vente-maison-120m-a-saint-aubin-du-cormier-saint-aubin-du-cormier
SAINT-AUBIN-DU-CORMIER,A vendre: maison f5 (140 m²)   à st aubin du cormier,https://www.etreproprio.com/immobilier-21897919-vente-a-vendre-maison-f5-140-m-a-st-aubin-du-cormier-saint-aubin-du-cormier
SAINT-AUBIN-DU-CORMIER,Maison rives du couesnon 9 pièce(s) 186 m2,https://www.etreproprio.com/immobilier-21881876-vente-maison-rives-du-couesnon-9-pieces-186-m2-saint-aubin-du-cormier
SAINT-AUBIN-D'AUBIGNE,Maison saint aubin d aubigne 4 pièce(s) 106.35 m2,https://www.etreproprio.com/immobilier-20083421-vente-maison-saint-aubin-d-aubigne-4-pieces-10635-m2-saint-aubin-d-aubigne
SAINT-BENOIT-DES-ONDES,Maison saint benoit des ondes 11 pièces 132 m²,https://www.etreproprio.com/immobilier-21511528-vente-maison-saint-benoit-des-ondes-11-pieces-132-m-saint-benoit-des-ondes
SAINT-BENOIT-DES-ONDES,Maison 205m² à saint-benoit-des-ondes,https://www.etreproprio.com/immobilier-23589399-vente-maison-205m-a-saint-benoit-des-ondes-saint-benoit-des-ondes
SAINT-BENOIT-DES-ONDES,Maison individuelle,https://www.etreproprio.com/immobilier-23584677-vente-maison-individuelle-saint-benoit-des-ondes
SAINT-BENOIT-DES-ONDES,Maison 35114,https://www.etreproprio.com/immobilier-23551746-vente-maison-35114-saint-benoit-des-ondes
SAINT-BENOIT-DES-ONDES,Maison 116m² à saint-benoit-des-ondes,https://www.etreproprio.com/immobilier-22279655-vente-maison-116m-a-saint-benoit-des-ondes-saint-benoit-des-ondes
SAINT-BENOIT-DES-ONDES,Maison 91m² à saint-benoit-des-ondes,https://www.etreproprio.com/immobilier-22927781-vente-maison-91m-a-saint-benoit-des-ondes-saint-benoit-des-ondes
SAINT-BENOIT-DES-ONDES,Maison 63m² à saint-benoit-des-ondes,https://www.etreproprio.com/immobilier-22921653-vente-maison-63m-a-saint-benoit-des-ondes-saint-benoit-des-ondes
SAINT-BENOIT-DES-ONDES,Maison  bourg de saint benoit des ondes 5 pièce(s) environ 92m2,https://www.etreproprio.com/immobilier-21443901-vente-maison-bourg-de-saint-benoit-des-ondes-5-pieces-environ-92m2-saint-benoit-des-ondes
SAINT-BRIAC-SUR-MER,Beau terrain de 889 m² avec petite maison en parfait état,https://www.etreproprio.com/immobilier-23290717-vente-beau-terrain-de-889-m-avec-petite-maison-en-parfait-etat-saint-briac-sur-mer
SAINT-BRIAC-SUR-MER,"Maison saint briac sur mer , quartier calme  à quelques minutes à pied du centre ville.",https://www.etreproprio.com/immobilier-23800014-vente-maison-saint-briac-sur-mer-quartier-calme-a-quelques-minutes-a-pied-du-centre-ville-saint-briac-sur-mer
SAINT-BRIAC-SUR-MER,Maison  de pays  saint briac sur mer,https://www.etreproprio.com/immobilier-23777081-vente-maison-de-pays-saint-briac-sur-mer-saint-briac-sur-mer
SAINT-BRIAC-SUR-MER,Maison 168m² à saint-briac-sur-mer,https://www.etreproprio.com/immobilier-23756670-vente-maison-168m-a-saint-briac-sur-mer-saint-briac-sur-mer
SAINT-BRIAC-SUR-MER,Maison 116m² à saint-briac-sur-mer,https://www.etreproprio.com/immobilier-23715575-vente-maison-116m-a-saint-briac-sur-mer-saint-briac-sur-mer
SAINT-BRIAC-SUR-MER,"Saint briac: maison en pierres  183 m², au calme , proche du centre",https://www.etreproprio.com/immobilier-21997482-vente-saint-briac-maison-en-pierres-183-m-au-calme-proche-du-centre-saint-briac-sur-mer
SAINT-BRIAC-SUR-MER,Maison coeur de saint-briac,https://www.etreproprio.com/immobilier-23682535-vente-maison-coeur-de-saint-briac-saint-briac-sur-mer
SAINT-BRIAC-SUR-MER,Maison 113m² à saint-briac-sur-mer,https://www.etreproprio.com/immobilier-23662530-vente-maison-113m-a-saint-briac-sur-mer-saint-briac-sur-mer
SAINT-BRIAC-SUR-MER,"Maison saint briac sur mer 5 mn à pieds du centre, au calme",https://www.etreproprio.com/immobilier-22731153-vente-maison-saint-briac-sur-mer-5-mn-a-pieds-du-centre-au-calme-saint-briac-sur-mer
SAINT-BRIAC-SUR-MER,Maison 137m² à saint-briac-sur-mer,https://www.etreproprio.com/immobilier-23310558-vente-maison-137m-a-saint-briac-sur-mer-saint-briac-sur-mer
SAINT-BRIAC-SUR-MER,"Maison saint briac sur mer entre plages et centre, au calme",https://www.etreproprio.com/immobilier-23567889-vente-maison-saint-briac-sur-mer-entre-plages-et-centre-au-calme-saint-briac-sur-mer
SAINT-BRIAC-SUR-MER,Maison saint briac sur mer proche centre,https://www.etreproprio.com/immobilier-21657921-vente-maison-saint-briac-sur-mer-proche-centre-saint-briac-sur-mer
SAINT-BRIAC-SUR-MER,Maison 88m² à saint-briac-sur-mer,https://www.etreproprio.com/immobilier-23514130-vente-maison-88m-a-saint-briac-sur-mer-saint-briac-sur-mer
SAINT-BRIAC-SUR-MER,Maison 124m² à saint-briac-sur-mer,https://www.etreproprio.com/immobilier-23503414-vente-maison-124m-a-saint-briac-sur-mer-saint-briac-sur-mer
SAINT-BRIAC-SUR-MER,Maison 136m² à saint-briac-sur-mer,https://www.etreproprio.com/immobilier-23490112-vente-maison-136m-a-saint-briac-sur-mer-saint-briac-sur-mer
SAINT-BRIAC-SUR-MER,"Maison sur sous-sol complet, 5 pièces, 4 chambres, et terrain constructible.",https://www.etreproprio.com/immobilier-20907543-vente-maison-sur-sous-sol-complet-5-pieces-4-chambres-et-terrain-constructible-saint-briac-sur-mer
SAINT-BRIAC-SUR-MER,Maison de caractère: saint-briac bourg,https://www.etreproprio.com/immobilier-23382807-vente-maison-de-caractere-saint-briac-bourg-saint-briac-sur-mer
SAINT-BRIAC-SUR-MER,"Maison d'architecte  saint briac: 600 m des commerces, parfait état",https://www.etreproprio.com/immobilier-23384156-vente-maison-d-architecte-saint-briac-600-m-des-commerces-parfait-etat-saint-briac-sur-mer
SAINT-BRIAC-SUR-MER,Saint briac :maison neuve  à 10 mn à pieds des commerces,https://www.etreproprio.com/immobilier-23357096-vente-saint-briac-maison-neuve-a-10-mn-a-pieds-des-commerces-saint-briac-sur-mer
SAINT-BRIAC-SUR-MER,Maison saint briac sur mer  hyper centre,https://www.etreproprio.com/immobilier-23357097-vente-maison-saint-briac-sur-mer-hyper-centre-saint-briac-sur-mer
RENNES,Rennes quartier landry,https://www.etreproprio.com/immobilier-23311819-vente-rennes-quartier-landry-rennes
RENNES,Maison 116m² à rennes,https://www.etreproprio.com/immobilier-23289559-vente-maison-116m-a-rennes-rennes
RENNES,Maison de ville - secteur moulin du comte,https://www.etreproprio.com/immobilier-23290071-vente-maison-de-ville-secteur-moulin-du-comte-rennes
RENNES,"Maison type 5 - grand jardin, trois chambres et garage - quartier francisco ferrer - rennes",https://www.etreproprio.com/immobilier-23278022-vente-maison-type-5-grand-jardin-trois-chambres-et-garage-quartier-francisco-ferrer-rennes-rennes
RENNES,Maison type 6 - année 87 - beaulieu-longchamps,https://www.etreproprio.com/immobilier-23087546-vente-maison-type-6-annee-87-beaulieu-longchamps-rennes
RENNES,grange de caractère à réinventer à moins de  10 min de rennes –,https://www.etreproprio.com/immobilier-23284646-vente-grange-de-caractere-a-reinventer-a-moins-de-10-min-de-rennes-rennes
RENNES,Maison 105 m2 - longs champs,https://www.etreproprio.com/immobilier-23279660-vente-maison-105-m2-longs-champs-rennes
RENNES,Maison 6 pièces 118 m2,https://www.etreproprio.com/immobilier-23270574-vente-maison-6-pieces-118-m2-rennes
RENNES,"Maison de type 5 à vendre, rennes patton",https://www.etreproprio.com/immobilier-23256903-vente-maison-de-type-5-a-vendre-rennes-patton-rennes
RENNES,Maison 81m² à rennes,https://www.etreproprio.com/immobilier-23254890-vente-maison-81m-a-rennes-rennes
RENNES,Maison type 5 - proche métro et commerces - quartier clémenceau - rennes,https://www.etreproprio.com/immobilier-23257537-vente-maison-type-5-proche-metro-et-commerces-quartier-clemenceau-rennes-rennes
RENNES,Maison de plain-pied avec jardin - rennes - quartier ste elisabeth.,https://www.etreproprio.com/immobilier-23242552-vente-maison-de-plain-pied-avec-jardin-rennes-quartier-ste-elisabeth-rennes
RENNES,Maison 78m² à rennes,https://www.etreproprio.com/immobilier-23245112-vente-maison-78m-a-rennes-rennes
RENNES,Maison - à vendre - quartier cleunay - garage,https://www.etreproprio.com/immobilier-23242002-vente-maison-a-vendre-quartier-cleunay-garage-rennes
RENNES,Maison a rennes saint-jacques (croix verte),https://www.etreproprio.com/immobilier-23234247-vente-maison-a-rennes-saint-jacques-croix-verte-rennes
RENNES,Maison d'architecte - 153 m² + grand garage - a quelques minutes à pied de la gare sncf,https://www.etreproprio.com/immobilier-23234781-vente-maison-d-architecte-153-m-grand-garage-a-quelques-minutes-a-pied-de-la-gare-sncf-rennes
RENNES,Maison de ville entièrement rénovée   3 chambres   jardin   garage   quartier calme,https://www.etreproprio.com/immobilier-23237085-vente-maison-de-ville-entierement-renovee-3-chambres-jardin-garage-quartier-calme-rennes
RENNES,Maison 148m² à rennes,https://www.etreproprio.com/immobilier-23228586-vente-maison-148m-a-rennes-rennes
RENNES,Confortable maison - env. 169 m² - belle pièce de vie - 4 chambres. grande terrasse. garage. jardin,https://www.etreproprio.com/immobilier-23234787-vente-confortable-maison-env-169-m-belle-piece-de-vie-4-chambres-grande-terrasse-garage-jardin-rennes
RENNES,Maison rennes 5 pièce(s) 90 m2,https://www.etreproprio.com/immobilier-23230840-vente-maison-rennes-5-pieces-90-m2-rennes
RENNES,Maison spacieuse à vendre à rennes - quartier thabor,https://www.etreproprio.com/immobilier-23219742-vente-maison-spacieuse-a-vendre-a-rennes-quartier-thabor-rennes
RENNES,Maison 90m² à rennes,https://www.etreproprio.com/immobilier-23216221-vente-maison-90m-a-rennes-rennes
RENNES,"Rennes - centre ville - quartier saint-hélier - au pied du métro ""station gare"" - maison d'environ 70m²",https://www.etreproprio.com/immobilier-23219794-vente-rennes-centre-ville-quartier-saint-helier-au-pied-du-metro-station-gare-maison-d-environ-70m-rennes
RENNES,Maison 167m² à rennes,https://www.etreproprio.com/immobilier-22461777-vente-maison-167m-a-rennes-rennes
RENNES,Maison 115m² à rennes,https://www.etreproprio.com/immobilier-22255474-vente-maison-115m-a-rennes-rennes
RENNES,"Grande maison 5 chambres 173 m2, métro jules ferry",https://www.etreproprio.com/immobilier-23198018-vente-grande-maison-5-chambres-173-m2-metro-jules-ferry-rennes
RENNES,Maison 173m² à rennes,https://www.etreproprio.com/immobilier-23204086-vente-maison-173m-a-rennes-rennes
RENNES,Maison rennes  - 4 chambres - 165 m2,https://www.etreproprio.com/immobilier-23188771-vente-maison-rennes-4-chambres-165-m2-rennes
RENNES,Maison 64m² à rennes,https://www.etreproprio.com/immobilier-22903829-vente-maison-64m-a-rennes-rennes
RENNES,Maison 141m² à rennes,https://www.etreproprio.com/immobilier-21538006-vente-maison-141m-a-rennes-rennes
RENNES,Maison 260m² à rennes,https://www.etreproprio.com/immobilier-23189678-vente-maison-260m-a-rennes-rennes
RENNES,Maison 150m² à rennes,https://www.etreproprio.com/immobilier-23165890-vente-maison-150m-a-rennes-rennes
RENNES,Maison 200m² à rennes,https://www.etreproprio.com/immobilier-23151398-vente-maison-200m-a-rennes-rennes
RENNES,Maison 290m² à rennes,https://www.etreproprio.com/immobilier-23143486-vente-maison-290m-a-rennes-rennes
RENNES,Maison en pierres avec piscine quartier sainte-thérèse !,https://www.etreproprio.com/immobilier-23145508-vente-maison-en-pierres-avec-piscine-quartier-sainte-therese-rennes
RENNES,"Maison familiale avec garage double et jardin à l'ouest, toutes commodités, gare à 15 minutes",https://www.etreproprio.com/immobilier-23132546-vente-maison-familiale-avec-garage-double-et-jardin-a-l-ouest-toutes-commodites-gare-a-15-minutes-rennes
RENNES,Maison 178m² à rennes,https://www.etreproprio.com/immobilier-23125378-vente-maison-178m-a-rennes-rennes
RENNES,"Maison de type 6 à vendre, rennes bellangerais - kerfleury",https://www.etreproprio.com/immobilier-20277612-vente-maison-de-type-6-a-vendre-rennes-bellangerais-kerfleury-rennes
RENNES,Maison 230m² à rennes,https://www.etreproprio.com/immobilier-21746258-vente-maison-230m-a-rennes-rennes
RENNES,Maison - à rénover -  à démolir - à vendre - rennes quartier cleunay,https://www.etreproprio.com/immobilier-22274113-vente-maison-a-renover-a-demolir-a-vendre-rennes-quartier-cleunay-rennes
SAINT-BRICE-EN-COGLES,Maison maen roch 5 pièce(s) 150 m2,https://www.etreproprio.com/immobilier-23881216-vente-maison-maen-roch-5-pieces-150-m2-saint-brice-en-cogles
SAINT-BRICE-EN-COGLES,"Maison contemporaine de 200 m² avec piscine, sur un terrain de 1300 m²",https://www.etreproprio.com/immobilier-22058004-vente-maison-contemporaine-de-200-m-avec-piscine-sur-un-terrain-de-1300-m-saint-brice-en-cogles
SAINT-BRICE-EN-COGLES,Longére avec dépendances sur 10149 m2,https://www.etreproprio.com/immobilier-23772422-vente-longere-avec-dependances-sur-10149-m2-saint-brice-en-cogles
SAINT-BRICE-EN-COGLES,Bel ensemble immobilier longère et dépendances,https://www.etreproprio.com/immobilier-23311537-vente-bel-ensemble-immobilier-longere-et-dependances-saint-brice-en-cogles
SAINT-BRICE-EN-COGLES,Maison en pierre rénovée,https://www.etreproprio.com/immobilier-23644862-vente-maison-en-pierre-renovee-saint-brice-en-cogles
SAINT-BRICE-EN-COGLES,Longère en pierre au potentiel de 130m² à réinventer - cadre campagne à coglès (35460),https://www.etreproprio.com/immobilier-23615416-vente-longere-en-pierre-au-potentiel-de-130m-a-reinventer-cadre-campagne-a-cogles-35460-saint-brice-en-cogles
SAINT-BRICE-EN-COGLES,Maison 8 pièces - saint-brice-en-cogles (35460),https://www.etreproprio.com/immobilier-23517905-vente-maison-8-pieces-saint-brice-en-cogles-35460-saint-brice-en-cogles
SAINT-BRICE-EN-COGLES,Maison 120m² à saint-brice-en-cogles,https://www.etreproprio.com/immobilier-23509793-vente-maison-120m-a-saint-brice-en-cogles-saint-brice-en-cogles
SAINT-BRICE-EN-COGLES,Maison maen roch 4 pièce(s) 110 m2,https://www.etreproprio.com/immobilier-23489650-vente-maison-maen-roch-4-pieces-110-m2-saint-brice-en-cogles
SAINT-BRICE-EN-COGLES,Maison 255m² à saint-brice-en-cogles,https://www.etreproprio.com/immobilier-23360279-vente-maison-255m-a-saint-brice-en-cogles-saint-brice-en-cogles
SAINT-BRICE-EN-COGLES,Maen roch ville tout commerces proche a84,https://www.etreproprio.com/immobilier-20929968-vente-maen-roch-ville-tout-commerces-proche-a84-saint-brice-en-cogles
SAINT-BRICE-EN-COGLES,Maison à vendre à saint brice en cogles - maen roch,https://www.etreproprio.com/immobilier-23168011-vente-maison-a-vendre-a-saint-brice-en-cogles-maen-roch-saint-brice-en-cogles
SAINT-BRICE-EN-COGLES,Maison de ville en pierre 90 m² avec dépendance attenante,https://www.etreproprio.com/immobilier-22884528-vente-maison-de-ville-en-pierre-90-m-avec-dependance-attenante-saint-brice-en-cogles
SAINT-BRICE-EN-COGLES,Charmante maison en pierres à rénover – 75 m² habitables sur 584 m² de terrain,https://www.etreproprio.com/immobilier-23053317-vente-charmante-maison-en-pierres-a-renover-75-m-habitables-sur-584-m-de-terrain-saint-brice-en-cogles
SAINT-BRICE-EN-COGLES,Maison avec piscine maen roch à vendre,https://www.etreproprio.com/immobilier-21991126-vente-maison-avec-piscine-maen-roch-a-vendre-saint-brice-en-cogles
SAINT-BRICE-EN-COGLES,Maison maen roch 5 pièce(s) 200 m2,https://www.etreproprio.com/immobilier-22082834-vente-maison-maen-roch-5-pieces-200-m2-saint-brice-en-cogles
SAINT-BRICE-EN-COGLES,Maison 98m² à saint-brice-en-cogles,https://www.etreproprio.com/immobilier-22080817-vente-maison-98m-a-saint-brice-en-cogles-saint-brice-en-cogles
SAINT-BRICE-EN-COGLES,Maison 200m² à saint-brice-en-cogles,https://www.etreproprio.com/immobilier-22026241-vente-maison-200m-a-saint-brice-en-cogles-saint-brice-en-cogles
SAINT-BRICE-EN-COGLES,Maison val couesnon 6 pièce(s) 175 m2,https://www.etreproprio.com/immobilier-20774327-vente-maison-val-couesnon-6-pieces-175-m2-saint-brice-en-cogles
SAINT-BRIAC-SUR-MER,Saint briac :maison clef en main à 600 m à pieds des premiers commerces,https://www.etreproprio.com/immobilier-23357098-vente-saint-briac-maison-clef-en-main-a-600-m-a-pieds-des-premiers-commerces-saint-briac-sur-mer
SAINT-BRIAC-SUR-MER,Maison coup de coeur saint briac sur mer,https://www.etreproprio.com/immobilier-23313589-vente-maison-coup-de-coeur-saint-briac-sur-mer-saint-briac-sur-mer
SAINT-BRIAC-SUR-MER,Maison à rénover,https://www.etreproprio.com/immobilier-23310554-vente-maison-a-renover-saint-briac-sur-mer
SAINT-BRIAC-SUR-MER,Maison à deux pas de la plage  saint briac sur mer,https://www.etreproprio.com/immobilier-23290718-vente-maison-a-deux-pas-de-la-plage-saint-briac-sur-mer-saint-briac-sur-mer
SAINT-BRIAC-SUR-MER,Villa d'architecte - 175 m² - saint briac sur mer,https://www.etreproprio.com/immobilier-23272893-vente-villa-d-architecte-175-m-saint-briac-sur-mer-saint-briac-sur-mer
SAINT-BRIAC-SUR-MER,Maison saint briac sur mer 4 pièce(s)  exclusivité,https://www.etreproprio.com/immobilier-23183844-vente-maison-saint-briac-sur-mer-4-pieces-exclusivite-saint-briac-sur-mer
SAINT-BRIAC-SUR-MER,Maison saint briac sur mer 170 m2 entre plages et centre,https://www.etreproprio.com/immobilier-21395007-vente-maison-saint-briac-sur-mer-170-m2-entre-plages-et-centre-saint-briac-sur-mer
SAINT-BRIAC-SUR-MER,Maison 174m² à saint-briac-sur-mer,https://www.etreproprio.com/immobilier-23085565-vente-maison-174m-a-saint-briac-sur-mer-saint-briac-sur-mer
SAINT-BRIAC-SUR-MER,Maison saint briac sur mer 5 pièce(s) 110 m2,https://www.etreproprio.com/immobilier-21680944-vente-maison-saint-briac-sur-mer-5-pieces-110-m2-saint-briac-sur-mer
SAINT-BRIAC-SUR-MER,Maison 264m² à saint-briac-sur-mer,https://www.etreproprio.com/immobilier-22705116-vente-maison-264m-a-saint-briac-sur-mer-saint-briac-sur-mer
SAINT-BRIAC-SUR-MER,A vendre - maison 6 pièces - saint briac sur mer,https://www.etreproprio.com/immobilier-22618597-vente-a-vendre-maison-6-pieces-saint-briac-sur-mer-saint-briac-sur-mer
SAINT-BRIAC-SUR-MER,Maison saint briac sur mer 5 pièce(s) 108 m2,https://www.etreproprio.com/immobilier-22602339-vente-maison-saint-briac-sur-mer-5-pieces-108-m2-saint-briac-sur-mer
SAINT-BRIAC-SUR-MER,Maison xviième au coeur du bourg de saint briac,https://www.etreproprio.com/immobilier-22209941-vente-maison-xviieme-au-coeur-du-bourg-de-saint-briac-saint-briac-sur-mer
SAINT-BRIAC-SUR-MER,Maison 263m² à saint-briac-sur-mer,https://www.etreproprio.com/immobilier-22171877-vente-maison-263m-a-saint-briac-sur-mer-saint-briac-sur-mer
SAINT-BRIAC-SUR-MER,Maison xixème à 5 mn a pieds des plages,https://www.etreproprio.com/immobilier-21929077-vente-maison-xixeme-a-5-mn-a-pieds-des-plages-saint-briac-sur-mer
SAINT-BRIAC-SUR-MER,Maison 180m² à saint-briac-sur-mer,https://www.etreproprio.com/immobilier-21888004-vente-maison-180m-a-saint-briac-sur-mer-saint-briac-sur-mer
SAINT-BRIAC-SUR-MER,Maison saint briac sur mer,https://www.etreproprio.com/immobilier-21755102-vente-maison-saint-briac-sur-mer-saint-briac-sur-mer
SAINT-BRIAC-SUR-MER,Proche plage,https://www.etreproprio.com/immobilier-19951681-vente-proche-plage-saint-briac-sur-mer
SAINT-BRIAC-SUR-MER,Maison 108m² à saint-briac-sur-mer,https://www.etreproprio.com/immobilier-19491511-vente-maison-108m-a-saint-briac-sur-mer-saint-briac-sur-mer
SAINT-BRIAC-SUR-MER,"Maison spacieuse saint briac sur mer , calme, sur 2 ha de terrain",https://www.etreproprio.com/immobilier-19988705-vente-maison-spacieuse-saint-briac-sur-mer-calme-sur-2-ha-de-terrain-saint-briac-sur-mer
SAINT-BRIEUC-DES-IFFS,Maison saint brieuc des iffs 6 pièce(s) 132 m2,https://www.etreproprio.com/immobilier-23910207-vente-maison-saint-brieuc-des-iffs-6-pieces-132-m2-saint-brieuc-des-iffs
SAINT-BRIEUC-DES-IFFS,Maison saint brieuc des iffs 5 pièce(s) 96 m2,https://www.etreproprio.com/immobilier-23375334-vente-maison-saint-brieuc-des-iffs-5-pieces-96-m2-saint-brieuc-des-iffs
SAINT-BRIEUC-DES-IFFS,"Saint-brieuc des iffs (35630), maison 142 m² corps de ferme sur l'axe rennes (35000) - st malo (35400)",https://www.etreproprio.com/immobilier-20619989-vente-saint-brieuc-des-iffs-35630-maison-142-m-corps-de-ferme-sur-l-axe-rennes-35000-st-malo-35400-saint-brieuc-des-iffs
RENNES,Maison 231 m2 - longs champs,https://www.etreproprio.com/immobilier-23114180-vente-maison-231-m2-longs-champs-rennes
RENNES,À vendre - agence giboire - maison 8 pièces 221.31 m2  - rennes,https://www.etreproprio.com/immobilier-23099486-vente-a-vendre-agence-giboire-maison-8-pieces-22131-m2-rennes-rennes
RENNES,"Maison t6 à vendre, rennes bellangerais kerfleury",https://www.etreproprio.com/immobilier-22556132-vente-maison-t6-a-vendre-rennes-bellangerais-kerfleury-rennes
RENNES,Maison 190m² à rennes,https://www.etreproprio.com/immobilier-23101770-vente-maison-190m-a-rennes-rennes
RENNES,Maison 90m² à rennes,https://www.etreproprio.com/immobilier-23096924-vente-maison-90m-a-rennes-rennes
RENNES,Maison familiale entièrement rénovée,https://www.etreproprio.com/immobilier-23106358-vente-maison-familiale-entierement-renovee-rennes
RENNES,Maison 92m² à rennes,https://www.etreproprio.com/immobilier-23088017-vente-maison-92m-a-rennes-rennes
RENNES,Hôtel particulier type 9 - bd sévigné,https://www.etreproprio.com/immobilier-23087551-vente-hotel-particulier-type-9-bd-sevigne-rennes
RENNES,Maison 131m² à rennes,https://www.etreproprio.com/immobilier-23076019-vente-maison-131m-a-rennes-rennes
RENNES,A vendre - maison 5 pièces - rennes,https://www.etreproprio.com/immobilier-23050707-vente-a-vendre-maison-5-pieces-rennes-rennes
RENNES,A vendre - agence giboire - immeuble centre ville rennes,https://www.etreproprio.com/immobilier-23047131-vente-a-vendre-agence-giboire-immeuble-centre-ville-rennes-rennes
RENNES,Maison - longs champs,https://www.etreproprio.com/immobilier-23050469-vente-maison-longs-champs-rennes
RENNES,Maison rennes centre-ville - chézy dinan - 2 pièces 35.93 m2 habitables et de 46.29m² en utiles - 1 chambre + 1 bureau - terrain,https://www.etreproprio.com/immobilier-22983684-vente-maison-rennes-centre-ville-chezy-dinan-2-pieces-3593-m2-habitables-et-de-4629m-en-utiles-1-chambre-1-bureau-terrain-rennes
RENNES,Maison 108m² à rennes,https://www.etreproprio.com/immobilier-23043759-vente-maison-108m-a-rennes-rennes
RENNES,"Nouveau quartier j.d'arc / rue de paris, jolie maison type 4",https://www.etreproprio.com/immobilier-22169307-vente-nouveau-quartier-jd-arc-rue-de-paris-jolie-maison-type-4-rennes
RENNES,Maison neuve - à vendre - jardin - rennes - quartier mauconseil/la madeleine,https://www.etreproprio.com/immobilier-21910665-vente-maison-neuve-a-vendre-jardin-rennes-quartier-mauconseilla-madeleine-rennes
RENNES,Maison avec jardin rennes jeanne d'arc à vendre,https://www.etreproprio.com/immobilier-22426048-vente-maison-avec-jardin-rennes-jeanne-d-arc-a-vendre-rennes
RENNES,Longere a renover - rennes - 35000- etangs d'apigne - proche cleunay  - dependances - terrain de  1347m²,https://www.etreproprio.com/immobilier-23000674-vente-longere-a-renover-rennes-35000-etangs-d-apigne-proche-cleunay-dependances-terrain-de-1347m-rennes
RENNES,A vendre maison - proximité quartier st thérèse,https://www.etreproprio.com/immobilier-22999085-vente-a-vendre-maison-proximite-quartier-st-therese-rennes
RENNES,Maison - longs champs,https://www.etreproprio.com/immobilier-22976577-vente-maison-longs-champs-rennes
SAINT-BROLADRE,Maison type t5 st broladre,https://www.etreproprio.com/immobilier-23855455-vente-maison-type-t5-st-broladre-saint-broladre
SAINT-BROLADRE,Maison néo-bretonne à st broladre,https://www.etreproprio.com/immobilier-23672238-vente-maison-neo-bretonne-a-st-broladre-saint-broladre
SAINT-BROLADRE,Saint broladre - pavillon 1984 - 92 m2 - terrain 633 m2,https://www.etreproprio.com/immobilier-23552085-vente-saint-broladre-pavillon-1984-92-m2-terrain-633-m2-saint-broladre
SAINT-BROLADRE,Maison 140m² à saint-broladre,https://www.etreproprio.com/immobilier-22725094-vente-maison-140m-a-saint-broladre-saint-broladre
SAINT-BROLADRE,Maison 140m² à saint-broladre,https://www.etreproprio.com/immobilier-21949988-vente-maison-140m-a-saint-broladre-saint-broladre
SAINT-BROLADRE,Illet-et-vilaine 35120 maison en pierre avec garage a 9 minutes de la gare tgv,https://www.etreproprio.com/immobilier-22597153-vente-illet-et-vilaine-35120-maison-en-pierre-avec-garage-a-9-minutes-de-la-gare-tgv-saint-broladre
SAINT-CHRISTOPHE-DES-BOIS,Belle maison de bourg 6 chambres,https://www.etreproprio.com/immobilier-23507216-vente-belle-maison-de-bourg-6-chambres-saint-christophe-des-bois
SAINT-CHRISTOPHE-DES-BOIS,Maison 100m² à saint-christophe-des-bois,https://www.etreproprio.com/immobilier-23601740-vente-maison-100m-a-saint-christophe-des-bois-saint-christophe-des-bois
SAINT-CHRISTOPHE-DES-BOIS,Ensemble immobilier avec maison d'habitation,https://www.etreproprio.com/immobilier-23573076-vente-ensemble-immobilier-avec-maison-d-habitation-saint-christophe-des-bois
RENNES,Maison 150m² à rennes,https://www.etreproprio.com/immobilier-22972865-vente-maison-150m-a-rennes-rennes
RENNES,Maison 161m² à rennes,https://www.etreproprio.com/immobilier-21857931-vente-maison-161m-a-rennes-rennes
RENNES,Grande maison familiale - élégance intemporelle et raffinement à 10 min de la gare,https://www.etreproprio.com/immobilier-22343180-vente-grande-maison-familiale-elegance-intemporelle-et-raffinement-a-10-min-de-la-gare-rennes
RENNES,Maison de caractère 161 m² avec jardin paysager et stationnements,https://www.etreproprio.com/immobilier-21430691-vente-maison-de-caractere-161-m-avec-jardin-paysager-et-stationnements-rennes
RENNES,Maison 133m² à rennes,https://www.etreproprio.com/immobilier-22875240-vente-maison-133m-a-rennes-rennes
RENNES,Maison 283m² à rennes,https://www.etreproprio.com/immobilier-22869778-vente-maison-283m-a-rennes-rennes
RENNES,Maison - longs champs,https://www.etreproprio.com/immobilier-22756257-vente-maison-longs-champs-rennes
RENNES,Maison 187m² à rennes,https://www.etreproprio.com/immobilier-22753905-vente-maison-187m-a-rennes-rennes
RENNES,Maison 179m² à rennes,https://www.etreproprio.com/immobilier-22754344-vente-maison-179m-a-rennes-rennes
RENNES,Belle maison bourgeoise de 1910 à proximité du parc du thabor et de la place hoche,https://www.etreproprio.com/immobilier-22740909-vente-belle-maison-bourgeoise-de-1910-a-proximite-du-parc-du-thabor-et-de-la-place-hoche-rennes
RENNES,Maison 100m² à rennes,https://www.etreproprio.com/immobilier-22340736-vente-maison-100m-a-rennes-rennes
RENNES,Maison 80m² à rennes,https://www.etreproprio.com/immobilier-22716833-vente-maison-80m-a-rennes-rennes
RENNES,A vendre belle propriete 8 pieces à rennes,https://www.etreproprio.com/immobilier-22702520-vente-a-vendre-belle-propriete-8-pieces-a-rennes-rennes
RENNES,Maison 205m² à rennes,https://www.etreproprio.com/immobilier-22703720-vente-maison-205m-a-rennes-rennes
RENNES,"À vendre - maison familiale -  203 m² habitable, 220 m² au sol - 7 chambres - terrain de 1070 m² -  sous sol complet.",https://www.etreproprio.com/immobilier-22696233-vente-a-vendre-maison-familiale-203-m-habitable-220-m-au-sol-7-chambres-terrain-de-1070-m-sous-sol-complet-rennes
RENNES,Maison 81m² à rennes,https://www.etreproprio.com/immobilier-22446499-vente-maison-81m-a-rennes-rennes
RENNES,A 7 min de rennes ouest- spacieuse maison contemporaine familiale de 175 m² hab env sur 340 m² de terrain sud !,https://www.etreproprio.com/immobilier-22578837-vente-a-7-min-de-rennes-ouest-spacieuse-maison-contemporaine-familiale-de-175-m-hab-env-sur-340-m-de-terrain-sud-rennes
RENNES,Maison 125m² à rennes,https://www.etreproprio.com/immobilier-22679906-vente-maison-125m-a-rennes-rennes
RENNES,Maison 198m² à rennes,https://www.etreproprio.com/immobilier-22668570-vente-maison-198m-a-rennes-rennes
RENNES,Maison 116m² à rennes,https://www.etreproprio.com/immobilier-22659201-vente-maison-116m-a-rennes-rennes
SAINT-COULOMB,Maison 101m² à saint-coulomb,https://www.etreproprio.com/immobilier-23479149-vente-maison-101m-a-saint-coulomb-saint-coulomb
SAINT-COULOMB,"Saint coulomb, centre, maison de type 4. jardin. garage",https://www.etreproprio.com/immobilier-23873344-vente-saint-coulomb-centre-maison-de-type-4-jardin-garage-saint-coulomb
SAINT-COULOMB,Maison 131m² à saint-coulomb,https://www.etreproprio.com/immobilier-23166299-vente-maison-131m-a-saint-coulomb-saint-coulomb
SAINT-COULOMB,Maison à vendre à saint coulomb 135 m²,https://www.etreproprio.com/immobilier-23819033-vente-maison-a-vendre-a-saint-coulomb-135-m-saint-coulomb
SAINT-COULOMB,Maison familiale saint coulomb 6 pièce(s),https://www.etreproprio.com/immobilier-23755331-vente-maison-familiale-saint-coulomb-6-pieces-saint-coulomb
SAINT-COULOMB,Maison de caractère en centre bourg au calme !,https://www.etreproprio.com/immobilier-23605020-vente-maison-de-caractere-en-centre-bourg-au-calme-saint-coulomb
SAINT-COULOMB,Maison 136m² à saint-coulomb,https://www.etreproprio.com/immobilier-22682058-vente-maison-136m-a-saint-coulomb-saint-coulomb
SAINT-COULOMB,Maison 133m² à saint-coulomb,https://www.etreproprio.com/immobilier-22968912-vente-maison-133m-a-saint-coulomb-saint-coulomb
SAINT-COULOMB,"A vendre - maison neuve , vie de plain pied - garage - jardin - proche mer",https://www.etreproprio.com/immobilier-22001801-vente-a-vendre-maison-neuve-vie-de-plain-pied-garage-jardin-proche-mer-saint-coulomb
SAINT-COULOMB,Maison saint coulomb 6 pièce(s) 150 m2,https://www.etreproprio.com/immobilier-22680722-vente-maison-saint-coulomb-6-pieces-150-m2-saint-coulomb
SAINT-COULOMB,Saint-coulomb - exclusivite,https://www.etreproprio.com/immobilier-23112195-vente-saint-coulomb-exclusivite-saint-coulomb
SAINT-COULOMB,Maison saint coulomb 3 minutes plages - 148 m2,https://www.etreproprio.com/immobilier-23374221-vente-maison-saint-coulomb-3-minutes-plages-148-m2-saint-coulomb
SAINT-COULOMB,Maison 173m² à saint-coulomb,https://www.etreproprio.com/immobilier-23310586-vente-maison-173m-a-saint-coulomb-saint-coulomb
SAINT-COULOMB,Maison 122m² à saint-coulomb,https://www.etreproprio.com/immobilier-23310561-vente-maison-122m-a-saint-coulomb-saint-coulomb
SAINT-COULOMB,Maison de caractère entièrement rénovée,https://www.etreproprio.com/immobilier-23158070-vente-maison-de-caractere-entierement-renovee-saint-coulomb
SAINT-COULOMB,Maison 110m² à saint-coulomb,https://www.etreproprio.com/immobilier-22946233-vente-maison-110m-a-saint-coulomb-saint-coulomb
SAINT-COULOMB,Maison 138m² à saint-coulomb,https://www.etreproprio.com/immobilier-21732626-vente-maison-138m-a-saint-coulomb-saint-coulomb
SAINT-COULOMB,Maison 154m² à saint-coulomb,https://www.etreproprio.com/immobilier-22285901-vente-maison-154m-a-saint-coulomb-saint-coulomb
SAINT-COULOMB,A vendre maison type 6 saint coulomb  180 m² jardin plage bord de mer vie de plain pied,https://www.etreproprio.com/immobilier-21658001-vente-a-vendre-maison-type-6-saint-coulomb-180-m-jardin-plage-bord-de-mer-vie-de-plain-pied-saint-coulomb
SAINT-COULOMB,Maison t6 la guimorais-saint-coulomb,https://www.etreproprio.com/immobilier-21582642-vente-maison-t6-la-guimorais-saint-coulomb-saint-coulomb
SAINT-DIDIER,Maison 86m² à saint-didier,https://www.etreproprio.com/immobilier-23806602-vente-maison-86m-a-saint-didier-saint-didier
SAINT-DIDIER,Maison 160m² à saint-didier,https://www.etreproprio.com/immobilier-23653682-vente-maison-160m-a-saint-didier-saint-didier
SAINT-DIDIER,Charmante maison de plain-pied dans le bourg à vendre – saint-didier (35),https://www.etreproprio.com/immobilier-23517984-vente-charmante-maison-de-plain-pied-dans-le-bourg-a-vendre-saint-didier-35-saint-didier
SAINT-DIDIER,A vendre maison 4 pièces saint-didier 87 m² - 230 400  hai,https://www.etreproprio.com/immobilier-23499908-vente-a-vendre-maison-4-pieces-saint-didier-87-m-230-400-hai-saint-didier
SAINT-DIDIER,"Maison familiale 137 m2, jardin arboré - à 5 min de châteaubourg",https://www.etreproprio.com/immobilier-23452959-vente-maison-familiale-137-m2-jardin-arbore-a-5-min-de-chateaubourg-saint-didier
SAINT-DIDIER,"Maison de plain-pied, proche des commerces",https://www.etreproprio.com/immobilier-23273769-vente-maison-de-plain-pied-proche-des-commerces-saint-didier
SAINT-DIDIER,Maison 200m² à saint-didier,https://www.etreproprio.com/immobilier-23184130-vente-maison-200m-a-saint-didier-saint-didier
SAINT-DIDIER,Charmante longère en pierre rénovée avec goût,https://www.etreproprio.com/immobilier-23021195-vente-charmante-longere-en-pierre-renovee-avec-gout-saint-didier
SAINT-DIDIER,Vente maison saint-didier(35220) 183 750ï¿œ,https://www.etreproprio.com/immobilier-22563480-vente-vente-maison-saint-didier35220-183-750i-oe-saint-didier
RENNES,Maison rennes 5 pièce(s) 116 m2,https://www.etreproprio.com/immobilier-22660258-vente-maison-rennes-5-pieces-116-m2-rennes
RENNES,Maison 5 pièces 116.21 m2 - rennes villejean,https://www.etreproprio.com/immobilier-22386818-vente-maison-5-pieces-11621-m2-rennes-villejean-rennes
RENNES,A vendre maison a renover  - 61m² habitable - 5 pieces - nord saint martin  - 35000 rennes,https://www.etreproprio.com/immobilier-22618721-vente-a-vendre-maison-a-renover-61m-habitable-5-pieces-nord-saint-martin-35000-rennes-rennes
RENNES,Maison - sacré-coeur / saint-yves,https://www.etreproprio.com/immobilier-22599929-vente-maison-sacre-coeur-saint-yves-rennes
RENNES,Maison 134m² à rennes,https://www.etreproprio.com/immobilier-22588551-vente-maison-134m-a-rennes-rennes
RENNES,À vendre - 35000 rennes - quartier mabilais / arsenal redon- maison recente de 2019 - 4 chambres et 1 bureau - 176 m² hab. - ter,https://www.etreproprio.com/immobilier-21714190-vente-a-vendre-35000-rennes-quartier-mabilais-arsenal-redon-maison-recente-de-2019-4-chambres-et-1-bureau-176-m-hab-ter-rennes
RENNES,"Maison de type 7 à vendre, rennes patton les gayeulles",https://www.etreproprio.com/immobilier-22330912-vente-maison-de-type-7-a-vendre-rennes-patton-les-gayeulles-rennes
RENNES,Maison 9 pièces - rennes - quartier sacrés coeurs,https://www.etreproprio.com/immobilier-22534578-vente-maison-9-pieces-rennes-quartier-sacres-coeurs-rennes
RENNES,Maison 135m² à rennes,https://www.etreproprio.com/immobilier-22314907-vente-maison-135m-a-rennes-rennes
RENNES,Maison   rennes 6 pièce(s) 155 m2,https://www.etreproprio.com/immobilier-22516803-vente-maison-rennes-6-pieces-155-m2-rennes
RENNES,Maison 102m² à rennes,https://www.etreproprio.com/immobilier-22265823-vente-maison-102m-a-rennes-rennes
RENNES,Maison familiale annees 30 - 35000 rennes fougeres,https://www.etreproprio.com/immobilier-22470849-vente-maison-familiale-annees-30-35000-rennes-fougeres-rennes
RENNES,Maison 115m² à rennes,https://www.etreproprio.com/immobilier-22467643-vente-maison-115m-a-rennes-rennes
RENNES,Maison en exclusivite de 133 m² renovee  - 35700 rennes - motte-brulon - bellangerais,https://www.etreproprio.com/immobilier-22470843-vente-maison-en-exclusivite-de-133-m-renovee-35700-rennes-motte-brulon-bellangerais-rennes
RENNES,Maison rennes 7 pièce(s) 200 m2,https://www.etreproprio.com/immobilier-22060492-vente-maison-rennes-7-pieces-200-m2-rennes
RENNES,Maison 174m² à rennes,https://www.etreproprio.com/immobilier-22426223-vente-maison-174m-a-rennes-rennes
RENNES,A vendre - en exclusivité - agence giboire - noyal châtillon sur seiche - maison type 8 de 226 m² - rennes métropole - axe renne,https://www.etreproprio.com/immobilier-21511687-vente-a-vendre-en-exclusivite-agence-giboire-noyal-chatillon-sur-seiche-maison-type-8-de-226-m-rennes-metropole-axe-renne-rennes
RENNES,Maison 250m² à rennes,https://www.etreproprio.com/immobilier-22415391-vente-maison-250m-a-rennes-rennes
RENNES,Hôtel particulier de charme à vendre - centre-ville de rennes - possibilité bureaux - professions libérales,https://www.etreproprio.com/immobilier-22126415-vente-hotel-particulier-de-charme-a-vendre-centre-ville-de-rennes-possibilite-bureaux-professions-liberales-rennes
RENNES,"Groupe giboire - maison à vendre à rennes - 6 pièces, 4 chambres, emplacement privilégié",https://www.etreproprio.com/immobilier-22387009-vente-groupe-giboire-maison-a-vendre-a-rennes-6-pieces-4-chambres-emplacement-privilegie-rennes
SAINT-COULOMB,Maison saint-coulomb,https://www.etreproprio.com/immobilier-18729225-vente-maison-saint-coulomb-saint-coulomb
SAINT-DOMINEUC,Maison 112m² à saint-domineuc,https://www.etreproprio.com/immobilier-23563083-vente-maison-112m-a-saint-domineuc-saint-domineuc
SAINT-DOMINEUC,Maison saint-domineuc 186 m²,https://www.etreproprio.com/immobilier-23664154-vente-maison-saint-domineuc-186-m-saint-domineuc
SAINT-DOMINEUC,Maison saint-domineuc  8 pièces 186m2,https://www.etreproprio.com/immobilier-21877397-vente-maison-saint-domineuc-8-pieces-186m2-saint-domineuc
SAINT-DOMINEUC,Maison familiale à saint domineuc,https://www.etreproprio.com/immobilier-23469805-vente-maison-familiale-a-saint-domineuc-saint-domineuc
SAINT-DOMINEUC,Maison 161m² à saint-domineuc,https://www.etreproprio.com/immobilier-23296333-vente-maison-161m-a-saint-domineuc-saint-domineuc
SAINT-DOMINEUC,Maison saint domineuc 3 pièce(s) 110 m2,https://www.etreproprio.com/immobilier-21584903-vente-maison-saint-domineuc-3-pieces-110-m2-saint-domineuc
SAINT-DOMINEUC,Maison 97m² à saint-domineuc,https://www.etreproprio.com/immobilier-17579747-vente-maison-97m-a-saint-domineuc-saint-domineuc
SAINT-DOMINEUC,Maison 205m² à saint-domineuc,https://www.etreproprio.com/immobilier-17579757-vente-maison-205m-a-saint-domineuc-saint-domineuc
SAINT-DOMINEUC,Maison 205m² à saint-domineuc,https://www.etreproprio.com/immobilier-17579755-vente-maison-205m-a-saint-domineuc-saint-domineuc
SAINT-DOMINEUC,Maison 200m² à saint-domineuc,https://www.etreproprio.com/immobilier-17579744-vente-maison-200m-a-saint-domineuc-saint-domineuc
RENNES,Maison 145m² à rennes,https://www.etreproprio.com/immobilier-22392062-vente-maison-145m-a-rennes-rennes
RENNES,"A vendre chez côme immobilier - centre ville, proche gare - champ de mars - 129 m²  env. - 4 chambres -  courette - 35000 rennes",https://www.etreproprio.com/immobilier-21970454-vente-a-vendre-chez-come-immobilier-centre-ville-proche-gare-champ-de-mars-129-m-env-4-chambres-courette-35000-rennes-rennes
RENNES,Maison rennes 146 m2,https://www.etreproprio.com/immobilier-22351601-vente-maison-rennes-146-m2-rennes
RENNES,Maison rennes 130m² en plein centre ville proche gare,https://www.etreproprio.com/immobilier-22351604-vente-maison-rennes-130m-en-plein-centre-ville-proche-gare-rennes
RENNES,Quartier oberthur maison à proximité des écoles et commerces.,https://www.etreproprio.com/immobilier-22338945-vente-quartier-oberthur-maison-a-proximite-des-ecoles-et-commerces-rennes
RENNES,Maison 365m² à rennes,https://www.etreproprio.com/immobilier-22341013-vente-maison-365m-a-rennes-rennes
RENNES,Maison avec extension possible – quartier résidentiel,https://www.etreproprio.com/immobilier-22298217-vente-maison-avec-extension-possible-quartier-residentiel-rennes
RENNES,Maison 127m² à rennes,https://www.etreproprio.com/immobilier-22263213-vente-maison-127m-a-rennes-rennes
RENNES,"Maison de type 5 à vendre, rennes patton",https://www.etreproprio.com/immobilier-22263898-vente-maison-de-type-5-a-vendre-rennes-patton-rennes
RENNES,Grande maison en pierre,https://www.etreproprio.com/immobilier-22259001-vente-grande-maison-en-pierre-rennes
RENNES,Maison 123m² à rennes,https://www.etreproprio.com/immobilier-22223789-vente-maison-123m-a-rennes-rennes
RENNES,Rennes sacré-cœur / bd jacques cartier rennes (35),https://www.etreproprio.com/immobilier-22227170-vente-rennes-sacre-coeur-bd-jacques-cartier-rennes-35-rennes
RENNES,Maison 124m² à rennes,https://www.etreproprio.com/immobilier-22223790-vente-maison-124m-a-rennes-rennes
RENNES,Tres belle maison rénovée 6 pièce(s) 102 m2 avec piscine,https://www.etreproprio.com/immobilier-22189517-vente-tres-belle-maison-renovee-6-pieces-102-m2-avec-piscine-rennes
RENNES,Maison 35000 3 pièce(s) 60 m2,https://www.etreproprio.com/immobilier-20194569-vente-maison-35000-3-pieces-60-m2-rennes
RENNES,Belle maison de type 5 pièces avec jardin au calme,https://www.etreproprio.com/immobilier-14542058-vente-belle-maison-de-type-5-pieces-avec-jardin-au-calme-rennes
RENNES,A vendre - agence giboire - maison rennes 6 pièces 180 m²,https://www.etreproprio.com/immobilier-22145579-vente-a-vendre-agence-giboire-maison-rennes-6-pieces-180-m-rennes
RENNES,À 10 min de rennes - propriété équestre avec maison conte,https://www.etreproprio.com/immobilier-22152391-vente-a-10-min-de-rennes-propriete-equestre-avec-maison-conte-rennes
RENNES,Maison de caractère rare à rennes jeanne d'arc,https://www.etreproprio.com/immobilier-22109329-vente-maison-de-caractere-rare-a-rennes-jeanne-d-arc-rennes
RENNES,"Maison de type 6 à vendre, rennes patton saint laurent",https://www.etreproprio.com/immobilier-21105702-vente-maison-de-type-6-a-vendre-rennes-patton-saint-laurent-rennes
SAINT-ERBLON,Maison 160m² à saint-erblon,https://www.etreproprio.com/immobilier-23873398-vente-maison-160m-a-saint-erblon-saint-erblon
SAINT-ERBLON,Vente maison saint-erblon(35230) 441 000ï¿œ,https://www.etreproprio.com/immobilier-23727489-vente-vente-maison-saint-erblon35230-441-000i-oe-saint-erblon
SAINT-ERBLON,Maison lumineuse de 2024!,https://www.etreproprio.com/immobilier-23725627-vente-maison-lumineuse-de-2024-saint-erblon
SAINT-ERBLON,Saint erblon maison neuve de 150m² avec de belles prestations sur 380m² de terrain exposé ouest !,https://www.etreproprio.com/immobilier-23687398-vente-saint-erblon-maison-neuve-de-150m-avec-de-belles-prestations-sur-380m-de-terrain-expose-ouest-saint-erblon
SAINT-ERBLON,"Campagne de saint erblon, longère rénovée de 170m2 entourée par des prairies",https://www.etreproprio.com/immobilier-19705146-vente-campagne-de-saint-erblon-longere-renovee-de-170m2-entouree-par-des-prairies-saint-erblon
SAINT-ERBLON,Maison 150m² à saint-erblon,https://www.etreproprio.com/immobilier-23570209-vente-maison-150m-a-saint-erblon-saint-erblon
SAINT-ERBLON,Longere saint erblon 7 pièce(s) 174 m2,https://www.etreproprio.com/immobilier-23687104-vente-longere-saint-erblon-7-pieces-174-m2-saint-erblon
SAINT-ERBLON,maison contemporaine 4 chambres – 150 m² avec garage neuve jamais habitee,https://www.etreproprio.com/immobilier-23695150-vente-maison-contemporaine-4-chambres-150-m-avec-garage-neuve-jamais-habitee-saint-erblon
SAINT-ERBLON,"En impasse, belle maison contemporaine sur terrain 607 m2 clos et arboré",https://www.etreproprio.com/immobilier-23595764-vente-en-impasse-belle-maison-contemporaine-sur-terrain-607-m2-clos-et-arbore-saint-erblon
SAINT-ERBLON,Maison 174m² à saint-erblon,https://www.etreproprio.com/immobilier-23576169-vente-maison-174m-a-saint-erblon-saint-erblon
SAINT-ERBLON,Maison 6 pièces 97 m2 sur 775m2 de terrain - ascenseur - saint-erblon,https://www.etreproprio.com/immobilier-21785185-vente-maison-6-pieces-97-m2-sur-775m2-de-terrain-ascenseur-saint-erblon-saint-erblon
SAINT-ERBLON,Maison 148m² à saint-erblon,https://www.etreproprio.com/immobilier-23499823-vente-maison-148m-a-saint-erblon-saint-erblon
SAINT-ERBLON,Belle contemporaine (150 m2) sur terrain de 560 m2 avec piscine.,https://www.etreproprio.com/immobilier-23464291-vente-belle-contemporaine-150-m2-sur-terrain-de-560-m2-avec-piscine-saint-erblon
SAINT-ERBLON,Maison récente 150 m² 4 chambres,https://www.etreproprio.com/immobilier-22884217-vente-maison-recente-150-m-4-chambres-saint-erblon
SAINT-ERBLON,Belle comtemporaine t7,https://www.etreproprio.com/immobilier-23042411-vente-belle-comtemporaine-t7-saint-erblon
SAINT-ERBLON,Exclusivite a vendre  saint-erblon  belle maison de 160 m2  avec 4 chambres aux portes de rennes en 6 minutes,https://www.etreproprio.com/immobilier-23326633-vente-exclusivite-a-vendre-saint-erblon-belle-maison-de-160-m2-avec-4-chambres-aux-portes-de-rennes-en-6-minutes-saint-erblon
SAINT-ERBLON,Maison 90m² à saint-erblon,https://www.etreproprio.com/immobilier-22904813-vente-maison-90m-a-saint-erblon-saint-erblon
SAINT-ERBLON,Maison 90m² à saint-erblon,https://www.etreproprio.com/immobilier-22749526-vente-maison-90m-a-saint-erblon-saint-erblon
SAINT-ERBLON,A vendre saint erblon - tres belle maison moderne et contemporaine de 2023 - 4 chambres - terrain  400 m²,https://www.etreproprio.com/immobilier-22425776-vente-a-vendre-saint-erblon-tres-belle-maison-moderne-et-contemporaine-de-2023-4-chambres-terrain-400-m-saint-erblon
SAINT-ERBLON,Longère indépendante 3ch plein centre de saint-erblon,https://www.etreproprio.com/immobilier-22325055-vente-longere-independante-3ch-plein-centre-de-saint-erblon-saint-erblon
SAINT-GANTON,Maison 140m² à saint-ganton,https://www.etreproprio.com/immobilier-23786265-vente-maison-140m-a-saint-ganton-saint-ganton
SAINT-GANTON,Maison 80m² à saint-ganton,https://www.etreproprio.com/immobilier-23362114-vente-maison-80m-a-saint-ganton-saint-ganton
SAINT-GANTON,Maison de 132m² sur un terrain de 3449 m²,https://www.etreproprio.com/immobilier-22922960-vente-maison-de-132m-sur-un-terrain-de-3449-m-saint-ganton
SAINT-GANTON,Maison en pierre de 120m² sur un terrain de 425 m²,https://www.etreproprio.com/immobilier-22260486-vente-maison-en-pierre-de-120m-sur-un-terrain-de-425-m-saint-ganton
RENNES,A vendre - agence giboire - maison rennes,https://www.etreproprio.com/immobilier-22072934-vente-a-vendre-agence-giboire-maison-rennes-rennes
RENNES,Maison 199m² à rennes,https://www.etreproprio.com/immobilier-22051270-vente-maison-199m-a-rennes-rennes
RENNES,Belle demeure au coeur du thabor à rennes,https://www.etreproprio.com/immobilier-22053719-vente-belle-demeure-au-coeur-du-thabor-a-rennes-rennes
RENNES,Maison 12 pièces 202 m2,https://www.etreproprio.com/immobilier-22016236-vente-maison-12-pieces-202-m2-rennes
RENNES,Maison spacieuse à vendre à rennes - arsenal - redon,https://www.etreproprio.com/immobilier-21960356-vente-maison-spacieuse-a-vendre-a-rennes-arsenal-redon-rennes
RENNES,Maison 102m² à rennes,https://www.etreproprio.com/immobilier-21909528-vente-maison-102m-a-rennes-rennes
RENNES,Maison 183m² à rennes,https://www.etreproprio.com/immobilier-21927200-vente-maison-183m-a-rennes-rennes
RENNES,Rennes quartier la poterie maison 5 pièce(s) 95 m2,https://www.etreproprio.com/immobilier-21930063-vente-rennes-quartier-la-poterie-maison-5-pieces-95-m2-rennes
RENNES,"Grande maison t5 neuve, beaux volumes, terrasse, jardin privatif, prestations de qualité",https://www.etreproprio.com/immobilier-21935379-vente-grande-maison-t5-neuve-beaux-volumes-terrasse-jardin-privatif-prestations-de-qualite-rennes
RENNES,À vendre - exclusivité agence giboire - maison de 89 m² habitables (183 m² au sol) - rennes - quartier saint-yves,https://www.etreproprio.com/immobilier-21899112-vente-a-vendre-exclusivite-agence-giboire-maison-de-89-m-habitables-183-m-au-sol-rennes-quartier-saint-yves-rennes
RENNES,Rennes sud / poterie  maison t4 de plain pied,https://www.etreproprio.com/immobilier-17347415-vente-rennes-sud-poterie-maison-t4-de-plain-pied-rennes
RENNES,"Maison neuve rennes 7 pièce(s), 4 chambres , 131 m², quartier calme",https://www.etreproprio.com/immobilier-21523798-vente-maison-neuve-rennes-7-pieces-4-chambres-131-m-quartier-calme-rennes
RENNES,"Maison neuve 7 pièce(s) 4 chambres,  130 m² dans le quartier francisco ferrer",https://www.etreproprio.com/immobilier-21523799-vente-maison-neuve-7-pieces-4-chambres-130-m-dans-le-quartier-francisco-ferrer-rennes
RENNES,Maison 6 pièces de 162m2,https://www.etreproprio.com/immobilier-20771172-vente-maison-6-pieces-de-162m2-rennes
RENNES,Maison 68m² à rennes,https://www.etreproprio.com/immobilier-21777085-vente-maison-68m-a-rennes-rennes
RENNES,Maison 200m² à rennes,https://www.etreproprio.com/immobilier-21735324-vente-maison-200m-a-rennes-rennes
RENNES,À vendre agence giboire maison 195m² au sol rennes quartier jeanne-d'arc,https://www.etreproprio.com/immobilier-21657823-vente-a-vendre-agence-giboire-maison-195m-au-sol-rennes-quartier-jeanne-d-arc-rennes
RENNES,Maison 145m² à rennes,https://www.etreproprio.com/immobilier-21645909-vente-maison-145m-a-rennes-rennes
RENNES,Maison non mitoyenne 187m2 jeanne d'arc,https://www.etreproprio.com/immobilier-21580966-vente-maison-non-mitoyenne-187m2-jeanne-d-arc-rennes
RENNES,Maison avec 6 lots de 300 m2 a batir !!!!!!!!!!!,https://www.etreproprio.com/immobilier-21579801-vente-maison-avec-6-lots-de-300-m2-a-batir-rennes
SAINT-ERBLON,St erblon maison 5 pièces 115m2,https://www.etreproprio.com/immobilier-22151678-vente-st-erblon-maison-5-pieces-115m2-saint-erblon
SAINT-ERBLON,St erblon maison 5 pièces 135m2,https://www.etreproprio.com/immobilier-22032101-vente-st-erblon-maison-5-pieces-135m2-saint-erblon
SAINT-ERBLON,"Maison à vendre à saint-erblon, 4 chambres bureau, 126m2 hab sur 559m2 de terrain.",https://www.etreproprio.com/immobilier-21973633-vente-maison-a-vendre-a-saint-erblon-4-chambres-bureau-126m2-hab-sur-559m2-de-terrain-saint-erblon
SAINT-ERBLON,Ce bien sous compromis n'est plus disponible à la vente,https://www.etreproprio.com/immobilier-21797479-vente-ce-bien-sous-compromis-n-est-plus-disponible-a-la-vente-saint-erblon
SAINT-GEORGES-DE-GREHAIGNE,Maison 170m² à saint-georges-de-grehaigne,https://www.etreproprio.com/immobilier-23904839-vente-maison-170m-a-saint-georges-de-grehaigne-saint-georges-de-grehaigne
SAINT-GEORGES-DE-GREHAIGNE,"Dpt (35), à vendre maison à rénover - baie du mont saint michel - saint georges de gréhaigne",https://www.etreproprio.com/immobilier-23573561-vente-dpt-35-a-vendre-maison-a-renover-baie-du-mont-saint-michel-saint-georges-de-grehaigne-saint-georges-de-grehaigne
SAINT-GEORGES-DE-GREHAIGNE,"Dpt (35), à vendre ensemble immobilier à rénover - baie du mont saint michel - saint georges de gréhaigne",https://www.etreproprio.com/immobilier-23573624-vente-dpt-35-a-vendre-ensemble-immobilier-a-renover-baie-du-mont-saint-michel-saint-georges-de-grehaigne-saint-georges-de-grehaigne
SAINT-GEORGES-DE-GREHAIGNE,"Dpt (35), à vendre propriété à rénover - baie du mont saint michel - saint georges de gréhaigne",https://www.etreproprio.com/immobilier-23573560-vente-dpt-35-a-vendre-propriete-a-renover-baie-du-mont-saint-michel-saint-georges-de-grehaigne-saint-georges-de-grehaigne
SAINT-GEORGES-DE-GREHAIGNE,A vendre - propriete avec gite - baie du mont st michel,https://www.etreproprio.com/immobilier-22894005-vente-a-vendre-propriete-avec-gite-baie-du-mont-st-michel-saint-georges-de-grehaigne
