Ville,Nom,Lien
AUDIERNE,Grande maison avec grands volumes à 800 mètres des supermarchés,https://www.etreproprio.com/immobilier-23888195-vente-grande-maison-avec-grands-volumes-a-800-metres-des-supermarches-audierne
AUDIERNE,Maison 104m² à audierne,https://www.etreproprio.com/immobilier-23883233-vente-maison-104m-a-audierne-audierne
AUDIERNE,Maison audierne,https://www.etreproprio.com/immobilier-23873695-vente-maison-audierne-audierne
AUDIERNE,Charmante maison de ville au cœur du centre ville d'audierne,https://www.etreproprio.com/immobilier-23873704-vente-charmante-maison-de-ville-au-coeur-du-centre-ville-d-audierne-audierne
AUDIERNE,Emplacement exceptionnel - vue mer -  à 100m de la mer et proche des plages - maison récente,https://www.etreproprio.com/immobilier-23873692-vente-emplacement-exceptionnel-vue-mer-a-100m-de-la-mer-et-proche-des-plages-maison-recente-audierne
AUDIERNE,Jolie maison de pêcheur en pierre - 3 chambres - accès centre ville d'audierne à pied,https://www.etreproprio.com/immobilier-23873690-vente-jolie-maison-de-pecheur-en-pierre-3-chambres-acces-centre-ville-d-audierne-a-pied-audierne
AUDIERNE,Maison à vendre  résidence de vacances à audierne,https://www.etreproprio.com/immobilier-23861085-vente-maison-a-vendre-residence-de-vacances-a-audierne-audierne
AUDIERNE,"Dpt finistère (29), maison à vendre 8 pièces audierne",https://www.etreproprio.com/immobilier-23837017-vente-dpt-finistere-29-maison-a-vendre-8-pieces-audierne-audierne
AUDIERNE,Maison 150m² à audierne,https://www.etreproprio.com/immobilier-23810759-vente-maison-150m-a-audierne-audierne
AUDIERNE,Maison audierne 6 pièce(s) 120 m2,https://www.etreproprio.com/immobilier-23303077-vente-maison-audierne-6-pieces-120-m2-audierne
AUDIERNE,Maison 120m² à audierne,https://www.etreproprio.com/immobilier-21537948-vente-maison-120m-a-audierne-audierne
AUDIERNE,Maison 154m² à audierne,https://www.etreproprio.com/immobilier-23786558-vente-maison-154m-a-audierne-audierne
AUDIERNE,Maison 129m² à audierne,https://www.etreproprio.com/immobilier-23754447-vente-maison-129m-a-audierne-audierne
AUDIERNE,Maison 100m² à audierne,https://www.etreproprio.com/immobilier-23702735-vente-maison-100m-a-audierne-audierne
AUDIERNE,Maison 85m² à audierne,https://www.etreproprio.com/immobilier-23679159-vente-maison-85m-a-audierne-audierne
AUDIERNE,Maison 63m² à audierne,https://www.etreproprio.com/immobilier-23629979-vente-maison-63m-a-audierne-audierne
AUDIERNE,Maison 55m² à audierne,https://www.etreproprio.com/immobilier-23631625-vente-maison-55m-a-audierne-audierne
AUDIERNE,Maison 200m² à audierne,https://www.etreproprio.com/immobilier-23608185-vente-maison-200m-a-audierne-audierne
AUDIERNE,Maison 158m² à audierne,https://www.etreproprio.com/immobilier-23412518-vente-maison-158m-a-audierne-audierne
AUDIERNE,Maison 60m² à audierne,https://www.etreproprio.com/immobilier-23544859-vente-maison-60m-a-audierne-audierne
ARGOL,"Argol, belle néobretonne  t7  et serres sur 8 ares",https://www.etreproprio.com/immobilier-23901081-vente-argol-belle-neobretonne-t7-et-serres-sur-8-ares-argol
ARGOL,Argol bel ensemble équestre sur 5 hectares,https://www.etreproprio.com/immobilier-23764750-vente-argol-bel-ensemble-equestre-sur-5-hectares-argol
ARGOL,Maison à vendre 9 pièces argol (29),https://www.etreproprio.com/immobilier-23203013-vente-maison-a-vendre-9-pieces-argol-29-argol
ARGOL,Argol maison t5 de 2018,https://www.etreproprio.com/immobilier-23223936-vente-argol-maison-t5-de-2018-argol
ARGOL,Maison à vendre 6 pièces argol (29),https://www.etreproprio.com/immobilier-22173819-vente-maison-a-vendre-6-pieces-argol-29-argol
ARGOL,Argol maison t5 de 2018,https://www.etreproprio.com/immobilier-23223934-vente-argol-maison-t5-de-2018-argol
ARGOL,Maison à vendre 9 pièces argol (29),https://www.etreproprio.com/immobilier-22929425-vente-maison-a-vendre-9-pieces-argol-29-argol
ARGOL,Argol maison t4 avec dépendance située dans un écrin de verdure,https://www.etreproprio.com/immobilier-23353140-vente-argol-maison-t4-avec-dependance-situee-dans-un-ecrin-de-verdure-argol
ARGOL,Argol maison t4 avec dépendance située dans un écrin de verdure,https://www.etreproprio.com/immobilier-23353143-vente-argol-maison-t4-avec-dependance-situee-dans-un-ecrin-de-verdure-argol
ARGOL,Maison 112m² à argol,https://www.etreproprio.com/immobilier-21999796-vente-maison-112m-a-argol-argol
ARGOL,Maison argol 6 pièce(s) 112 m2,https://www.etreproprio.com/immobilier-23047849-vente-maison-argol-6-pieces-112-m2-argol
ARGOL,Maison 112m² à argol,https://www.etreproprio.com/immobilier-23040721-vente-maison-112m-a-argol-argol
ARGOL,Argol – corps de ferme avec dépendances dans un cadre bucolique,https://www.etreproprio.com/immobilier-23043778-vente-argol-corps-de-ferme-avec-dependances-dans-un-cadre-bucolique-argol
ARGOL,Maison 107m² à argol,https://www.etreproprio.com/immobilier-22913233-vente-maison-107m-a-argol-argol
ARGOL,Maison 246m² à argol,https://www.etreproprio.com/immobilier-22927469-vente-maison-246m-a-argol-argol
ARGOL,Nouveaute exclusivite- maison contemporaine- à deux pas de la mer,https://www.etreproprio.com/immobilier-22867852-vente-nouveaute-exclusivite-maison-contemporaine-a-deux-pas-de-la-mer-argol
ARGOL,"Centre bourg, jolie maison t6",https://www.etreproprio.com/immobilier-22713987-vente-centre-bourg-jolie-maison-t6-argol
ARGOL,Maison 78m² à argol,https://www.etreproprio.com/immobilier-22321363-vente-maison-78m-a-argol-argol
ARGOL,Belle maison de campagne avec terres agricoles et boisées,https://www.etreproprio.com/immobilier-22326020-vente-belle-maison-de-campagne-avec-terres-agricoles-et-boisees-argol
ARGOL,29560  crozon argol maison de famille 5 chambres  dépendances et bois  sur 1 hectare,https://www.etreproprio.com/immobilier-22173380-vente-29560-crozon-argol-maison-de-famille-5-chambres-dependances-et-bois-sur-1-hectare-argol
ARZANO,Longère 4 chambres à arzano,https://www.etreproprio.com/immobilier-23758849-vente-longere-4-chambres-a-arzano-arzano
ARZANO,Maison 409m² à arzano,https://www.etreproprio.com/immobilier-23581066-vente-maison-409m-a-arzano-arzano
ARZANO,Maison 135m² à arzano,https://www.etreproprio.com/immobilier-23343322-vente-maison-135m-a-arzano-arzano
ARZANO,Très belle propriété à la campagne !,https://www.etreproprio.com/immobilier-22707642-vente-tres-belle-propriete-a-la-campagne-arzano
ARZANO,Corps de ferme avec maison de maître et gîte 3 étoiles pour 12 personnes et autres dépendances,https://www.etreproprio.com/immobilier-20490857-vente-corps-de-ferme-avec-maison-de-maitre-et-gite-3-etoiles-pour-12-personnes-et-autres-dependances-arzano
ARZANO,"Propriété de caractère, 262 m² habitables, 5 chambres et dépendance",https://www.etreproprio.com/immobilier-22534293-vente-propriete-de-caractere-262-m-habitables-5-chambres-et-dependance-arzano
ARGOL,Propriété de caractère sur plus de 7 hectares de terrain argol,https://www.etreproprio.com/immobilier-22072680-vente-propriete-de-caractere-sur-plus-de-7-hectares-de-terrain-argol-argol
AUDIERNE,Maison- audierne -188m2,https://www.etreproprio.com/immobilier-23303091-vente-maison-audierne-188m2-audierne
AUDIERNE,Maison audierne 7 pièces 207 m²,https://www.etreproprio.com/immobilier-23303096-vente-maison-audierne-7-pieces-207-m-audierne
AUDIERNE,Maison 128m² à audierne,https://www.etreproprio.com/immobilier-23292854-vente-maison-128m-a-audierne-audierne
AUDIERNE,Maison 151m² à audierne,https://www.etreproprio.com/immobilier-23078735-vente-maison-151m-a-audierne-audierne
AUDIERNE,Maison 150m² à audierne,https://www.etreproprio.com/immobilier-23058866-vente-maison-150m-a-audierne-audierne
AUDIERNE,Maison 160m² à audierne,https://www.etreproprio.com/immobilier-22956151-vente-maison-160m-a-audierne-audierne
AUDIERNE,Maison 160m² à audierne,https://www.etreproprio.com/immobilier-22921524-vente-maison-160m-a-audierne-audierne
AUDIERNE,Maison 175m² à audierne,https://www.etreproprio.com/immobilier-21952787-vente-maison-175m-a-audierne-audierne
AUDIERNE,Maison 11 pièces de 214 m2 à audierne,https://www.etreproprio.com/immobilier-22623264-vente-maison-11-pieces-de-214-m2-a-audierne-audierne
AUDIERNE,Maison 139m² à audierne,https://www.etreproprio.com/immobilier-21659711-vente-maison-139m-a-audierne-audierne
AUDIERNE,Maison 198m² à audierne,https://www.etreproprio.com/immobilier-22198845-vente-maison-198m-a-audierne-audierne
AUDIERNE,Maison 188m² à audierne,https://www.etreproprio.com/immobilier-21410355-vente-maison-188m-a-audierne-audierne
AUDIERNE,Maison 52m² à audierne,https://www.etreproprio.com/immobilier-21962684-vente-maison-52m-a-audierne-audierne
AUDIERNE,Maison 138m² à audierne,https://www.etreproprio.com/immobilier-21400721-vente-maison-138m-a-audierne-audierne
AUDIERNE,Maison 240m² à audierne,https://www.etreproprio.com/immobilier-18961113-vente-maison-240m-a-audierne-audierne
AUDIERNE,Maison 240m² à audierne,https://www.etreproprio.com/immobilier-20504323-vente-maison-240m-a-audierne-audierne
AUDIERNE,Maison 45m² à audierne,https://www.etreproprio.com/immobilier-19941590-vente-maison-45m-a-audierne-audierne
AUDIERNE,Maison 179m² à audierne,https://www.etreproprio.com/immobilier-19460061-vente-maison-179m-a-audierne-audierne
AUDIERNE,Maison 39m² à audierne,https://www.etreproprio.com/immobilier-17709901-vente-maison-39m-a-audierne-audierne
BANNALEC,Maison sur bannalec,https://www.etreproprio.com/immobilier-23895321-vente-maison-sur-bannalec-bannalec
BANNALEC,Maison 120m² à bannalec,https://www.etreproprio.com/immobilier-23883987-vente-maison-120m-a-bannalec-bannalec
BANNALEC,Maison 107m² à bannalec,https://www.etreproprio.com/immobilier-22400615-vente-maison-107m-a-bannalec-bannalec
BANNALEC,Exclusivite !!,https://www.etreproprio.com/immobilier-23777690-vente-exclusivite-bannalec
BANNALEC,"Bannalec - maison familiale  avec vie de plain pied, dans un cadre champêtre avec sous-sol total",https://www.etreproprio.com/immobilier-23277359-vente-bannalec-maison-familiale-avec-vie-de-plain-pied-dans-un-cadre-champetre-avec-sous-sol-total-bannalec
BANNALEC,Maison 151m² à bannalec,https://www.etreproprio.com/immobilier-23797150-vente-maison-151m-a-bannalec-bannalec
BANNALEC,Maison avec hangar 5 pièces - 110 m2 - bannalec,https://www.etreproprio.com/immobilier-23773637-vente-maison-avec-hangar-5-pieces-110-m2-bannalec-bannalec
BANNALEC,Maison 118m² à bannalec,https://www.etreproprio.com/immobilier-22212302-vente-maison-118m-a-bannalec-bannalec
BANNALEC,Maison de charme à bannalec,https://www.etreproprio.com/immobilier-23739775-vente-maison-de-charme-a-bannalec-bannalec
BANNALEC,Maison 103m² à bannalec,https://www.etreproprio.com/immobilier-23741810-vente-maison-103m-a-bannalec-bannalec
BANNALEC,Maison 123m² à bannalec,https://www.etreproprio.com/immobilier-23741695-vente-maison-123m-a-bannalec-bannalec
BANNALEC,Maison de ville à bannalec 4 pièces 76 m2,https://www.etreproprio.com/immobilier-23709574-vente-maison-de-ville-a-bannalec-4-pieces-76-m2-bannalec
BANNALEC,#398 ensemble de 2 maisons en campagne,https://www.etreproprio.com/immobilier-21449841-vente-398-ensemble-de-2-maisons-en-campagne-bannalec
BANNALEC,Bannalec : l'histoire d'une longère d’exception,https://www.etreproprio.com/immobilier-23673301-vente-bannalec-l-histoire-d-une-longere-d-exception-bannalec
BANNALEC,Maison  8 pièce(s) 180 m2,https://www.etreproprio.com/immobilier-23659266-vente-maison-8-pieces-180-m2-bannalec
BANNALEC,Maison de plain-pied et dépendance,https://www.etreproprio.com/immobilier-22659572-vente-maison-de-plain-pied-et-dependance-bannalec
BANNALEC,Maison 132m² à bannalec,https://www.etreproprio.com/immobilier-23318420-vente-maison-132m-a-bannalec-bannalec
BANNALEC,Maison 132m² à bannalec,https://www.etreproprio.com/immobilier-23488789-vente-maison-132m-a-bannalec-bannalec
BANNALEC,Charmante maison de 5 pièces au cœur e bannalec,https://www.etreproprio.com/immobilier-23485469-vente-charmante-maison-de-5-pieces-au-coeur-e-bannalec-bannalec
BANNALEC,Propriété de caractère avec deux habitations,https://www.etreproprio.com/immobilier-23176634-vente-propriete-de-caractere-avec-deux-habitations-bannalec
BAYE,"Au calme, proche des commodités !",https://www.etreproprio.com/immobilier-23492734-vente-au-calme-proche-des-commodites-baye
BAYE,Maison 105m² à baye,https://www.etreproprio.com/immobilier-22450025-vente-maison-105m-a-baye-baye
BAYE,Maison 5 pièce(s) 98 m2 habitables,https://www.etreproprio.com/immobilier-22712270-vente-maison-5-pieces-98-m2-habitables-baye
BENODET,Maison benodet 6 pièces 135m2,https://www.etreproprio.com/immobilier-23902560-vente-maison-benodet-6-pieces-135m2-benodet
BENODET,Maison neuve 6 pièces bénodet,https://www.etreproprio.com/immobilier-23899961-vente-maison-neuve-6-pieces-benodet-benodet
BENODET,Maison 103m² à benodet,https://www.etreproprio.com/immobilier-23863498-vente-maison-103m-a-benodet-benodet
BENODET,Maison benodet 4 pièce(s) 103 m2,https://www.etreproprio.com/immobilier-23861086-vente-maison-benodet-4-pieces-103-m2-benodet
BENODET,Maison 104m² à benodet,https://www.etreproprio.com/immobilier-23862101-vente-maison-104m-a-benodet-benodet
BENODET,Maison contemporaine à bénodet,https://www.etreproprio.com/immobilier-23809415-vente-maison-contemporaine-a-benodet-benodet
BENODET,"Bénodet : maison d'architecte de 2008,  piscine, proche plage, au calme",https://www.etreproprio.com/immobilier-23777260-vente-benodet-maison-d-architecte-de-2008-piscine-proche-plage-au-calme-benodet
BENODET,Maison sur benodet,https://www.etreproprio.com/immobilier-23747572-vente-maison-sur-benodet-benodet
BENODET,Maison de plain pied bénodet,https://www.etreproprio.com/immobilier-23722969-vente-maison-de-plain-pied-benodet-benodet
BENODET,Maison 141m² à benodet,https://www.etreproprio.com/immobilier-23702269-vente-maison-141m-a-benodet-benodet
BENODET,Achat maison bénodet centre récente de 131 m2 habitables,https://www.etreproprio.com/immobilier-21960401-vente-achat-maison-benodet-centre-recente-de-131-m2-habitables-benodet
BENODET,Maison bénodet 147 m²,https://www.etreproprio.com/immobilier-23636796-vente-maison-benodet-147-m-benodet
BENODET,Maison bénodet 5 pièce(s) 131 m²,https://www.etreproprio.com/immobilier-20894253-vente-maison-benodet-5-pieces-131-m-benodet
BENODET,Exclusivité clg immobilier  maison coup de coeur à bénodet,https://www.etreproprio.com/immobilier-23628031-vente-exclusivite-clg-immobilier-maison-coup-de-coeur-a-benodet-benodet
BENODET,Achat maison d'architecte au coeur de bénodet,https://www.etreproprio.com/immobilier-23191512-vente-achat-maison-d-architecte-au-coeur-de-benodet-benodet
BENODET,"Benodet -maison familiale avec piscine, à deux pas de la mer et du golf !",https://www.etreproprio.com/immobilier-23444100-vente-benodet-maison-familiale-avec-piscine-a-deux-pas-de-la-mer-et-du-golf-benodet
BENODET,"À vendre, maison 5 chambres sur un terrain de 800 m², à 1 km des plages de bénodet",https://www.etreproprio.com/immobilier-23451667-vente-a-vendre-maison-5-chambres-sur-un-terrain-de-800-m-a-1-km-des-plages-de-benodet-benodet
BENODET,Maison beaux volumes - bénodet,https://www.etreproprio.com/immobilier-23430640-vente-maison-beaux-volumes-benodet-benodet
BENODET,"À vendre, maison 5 chambres + hangar sur 1893 m² de terrain divisible,  à 1 km des plages de bénodet",https://www.etreproprio.com/immobilier-23438825-vente-a-vendre-maison-5-chambres-hangar-sur-1893-m-de-terrain-divisible-a-1-km-des-plages-de-benodet-benodet
BENODET,Longère benodet - ensemble de deux gîtes,https://www.etreproprio.com/immobilier-23303066-vente-longere-benodet-ensemble-de-deux-gites-benodet
BERRIEN,Grande maison de bourg : maison à vendre 7 pièces berrien (29),https://www.etreproprio.com/immobilier-23782427-vente-grande-maison-de-bourg-maison-a-vendre-7-pieces-berrien-29-berrien
BERRIEN,Idéale pour famille - primo-accédants - petit budget,https://www.etreproprio.com/immobilier-21541157-vente-ideale-pour-famille-primo-accedants-petit-budget-berrien
BERRIEN,A vendre - maison berrien  5  pièce(s) 109 m²,https://www.etreproprio.com/immobilier-23488018-vente-a-vendre-maison-berrien-5-pieces-109-m-berrien
BERRIEN,Authentique longère en pierre à seulement 15 minutes de morlaix,https://www.etreproprio.com/immobilier-23464796-vente-authentique-longere-en-pierre-a-seulement-15-minutes-de-morlaix-berrien
BERRIEN,Authentique longère en pierre à seulement 15 minutes de morlaix,https://www.etreproprio.com/immobilier-23451877-vente-authentique-longere-en-pierre-a-seulement-15-minutes-de-morlaix-berrien
BERRIEN,Maison 102m² à berrien,https://www.etreproprio.com/immobilier-23360665-vente-maison-102m-a-berrien-berrien
BERRIEN,29690 berrien longère 3 chambres terrain de 1600 m² garage,https://www.etreproprio.com/immobilier-23333660-vente-29690-berrien-longere-3-chambres-terrain-de-1600-m-garage-berrien
BERRIEN,Maison 173m² à berrien,https://www.etreproprio.com/immobilier-22671110-vente-maison-173m-a-berrien-berrien
BERRIEN,Maison berrien 7 pièces 153.37 m²,https://www.etreproprio.com/immobilier-21930122-vente-maison-berrien-7-pieces-15337-m-berrien
BERRIEN,Maison 153m² à berrien,https://www.etreproprio.com/immobilier-21921244-vente-maison-153m-a-berrien-berrien
BERRIEN,Maison néo-bretonne à rénover   berrien (29690),https://www.etreproprio.com/immobilier-22434117-vente-maison-neo-bretonne-a-renover-berrien-29690-berrien
BERRIEN,Casares  - la loma de cortesin - pueblo 3,https://www.etreproprio.com/immobilier-19448428-vente-casares-la-loma-de-cortesin-pueblo-3-berrien
BERRIEN,Casares - la loma de cortesin - cortijo 2,https://www.etreproprio.com/immobilier-19369008-vente-casares-la-loma-de-cortesin-cortijo-2-berrien
BERRIEN,Casares - golfside - villa 13 - finca cortesin,https://www.etreproprio.com/immobilier-19369004-vente-casares-golfside-villa-13-finca-cortesin-berrien
BERRIEN,Casares - la loma de cortesin - cortijo 1,https://www.etreproprio.com/immobilier-19369005-vente-casares-la-loma-de-cortesin-cortijo-1-berrien
BERRIEN,Finca cortesin - golfside villa 6,https://www.etreproprio.com/immobilier-19311756-vente-finca-cortesin-golfside-villa-6-berrien
BERRIEN,Finca cortesin - golfside villa 3,https://www.etreproprio.com/immobilier-19311755-vente-finca-cortesin-golfside-villa-3-berrien
BERRIEN,Casares - finca cortesin - golf side - villa 9,https://www.etreproprio.com/immobilier-19270519-vente-casares-finca-cortesin-golf-side-villa-9-berrien
BERRIEN,Casares - villa10 -golf side - finca cortesin,https://www.etreproprio.com/immobilier-19223103-vente-casares-villa10-golf-side-finca-cortesin-berrien
BERRIEN,Maison 395m² à berrien,https://www.etreproprio.com/immobilier-18173499-vente-maison-395m-a-berrien-berrien
BANNALEC,"""glaïeul"", maison avec grand jardin proche centre ville de bannalec",https://www.etreproprio.com/immobilier-22428995-vente-glaieul-maison-avec-grand-jardin-proche-centre-ville-de-bannalec-bannalec
BANNALEC,"Maison sur terrain de 700 m2, vie de plain‑pied proximité commerces!",https://www.etreproprio.com/immobilier-23352591-vente-maison-sur-terrain-de-700-m2-vie-de-plain-pied-proximite-commerces-bannalec
BANNALEC,Maison contemporaine à bannalec,https://www.etreproprio.com/immobilier-22688292-vente-maison-contemporaine-a-bannalec-bannalec
BANNALEC,Charmante maison proche des commodités,https://www.etreproprio.com/immobilier-23326424-vente-charmante-maison-proche-des-commodites-bannalec
BANNALEC,Ensemble longère 163 m² et hangar à bannalec,https://www.etreproprio.com/immobilier-20323488-vente-ensemble-longere-163-m-et-hangar-a-bannalec-bannalec
BANNALEC,"Bannalec, maison de caractère",https://www.etreproprio.com/immobilier-17656637-vente-bannalec-maison-de-caractere-bannalec
BANNALEC,"Bannalec - longère rénovée, hangar et pièce indépendante, puit, serres, campagne proche commodités!",https://www.etreproprio.com/immobilier-22068883-vente-bannalec-longere-renovee-hangar-et-piece-independante-puit-serres-campagne-proche-commodites-bannalec
BANNALEC,Charmante petite maison au bourg de bannalec,https://www.etreproprio.com/immobilier-23217793-vente-charmante-petite-maison-au-bourg-de-bannalec-bannalec
BANNALEC,Maison 133m² à bannalec,https://www.etreproprio.com/immobilier-23221146-vente-maison-133m-a-bannalec-bannalec
BANNALEC,Maison 125m² à bannalec,https://www.etreproprio.com/immobilier-23190023-vente-maison-125m-a-bannalec-bannalec
BANNALEC,Maison 5 chambres à bannalec 130 m2,https://www.etreproprio.com/immobilier-23112220-vente-maison-5-chambres-a-bannalec-130-m2-bannalec
BANNALEC,Maison 60m² à bannalec,https://www.etreproprio.com/immobilier-23064569-vente-maison-60m-a-bannalec-bannalec
BANNALEC,Maison 104m² à bannalec,https://www.etreproprio.com/immobilier-23039977-vente-maison-104m-a-bannalec-bannalec
BANNALEC,Longère et dépendances à bannalec,https://www.etreproprio.com/immobilier-21416304-vente-longere-et-dependances-a-bannalec-bannalec
BANNALEC,Maison 87m² à bannalec,https://www.etreproprio.com/immobilier-22925198-vente-maison-87m-a-bannalec-bannalec
BANNALEC,Maison 90m² à bannalec,https://www.etreproprio.com/immobilier-22000397-vente-maison-90m-a-bannalec-bannalec
BANNALEC,Maison 86m² à bannalec,https://www.etreproprio.com/immobilier-22766082-vente-maison-86m-a-bannalec-bannalec
BANNALEC,"Maison familiale à vendre à bannalec (29)   4 chambres, grand terrain, garage attenant",https://www.etreproprio.com/immobilier-22735654-vente-maison-familiale-a-vendre-a-bannalec-29-4-chambres-grand-terrain-garage-attenant-bannalec
BANNALEC,Maison 167m² à bannalec,https://www.etreproprio.com/immobilier-21549194-vente-maison-167m-a-bannalec-bannalec
BANNALEC,"""felicità"", maison de charme au centre ville",https://www.etreproprio.com/immobilier-22519555-vente-felicita-maison-de-charme-au-centre-ville-bannalec
BEUZEC-CAP-SIZUN,Penty en pierre - accès sentiers côtiers à 700 m - à rénover,https://www.etreproprio.com/immobilier-23888198-vente-penty-en-pierre-acces-sentiers-cotiers-a-700-m-a-renover-beuzec-cap-sizun
BEUZEC-CAP-SIZUN,Maison 103m² à beuzec-cap-sizun,https://www.etreproprio.com/immobilier-23883330-vente-maison-103m-a-beuzec-cap-sizun-beuzec-cap-sizun
BEUZEC-CAP-SIZUN,Longère en pierre de 1848 - vie de plain pied - environnement boisé,https://www.etreproprio.com/immobilier-23873694-vente-longere-en-pierre-de-1848-vie-de-plain-pied-environnement-boise-beuzec-cap-sizun
BEUZEC-CAP-SIZUN,Maison 5 pièces de 110 m2 à beuzec-cap-sizun,https://www.etreproprio.com/immobilier-23560771-vente-maison-5-pieces-de-110-m2-a-beuzec-cap-sizun-beuzec-cap-sizun
BEUZEC-CAP-SIZUN,A vendre maison 4 chambres bourg de beuzec cap sizun garage et jardin,https://www.etreproprio.com/immobilier-23418432-vente-a-vendre-maison-4-chambres-bourg-de-beuzec-cap-sizun-garage-et-jardin-beuzec-cap-sizun
BEUZEC-CAP-SIZUN,Maison 117m² à beuzec-cap-sizun,https://www.etreproprio.com/immobilier-23330028-vente-maison-117m-a-beuzec-cap-sizun-beuzec-cap-sizun
BEUZEC-CAP-SIZUN,Maison 158m² à beuzec-cap-sizun,https://www.etreproprio.com/immobilier-22953193-vente-maison-158m-a-beuzec-cap-sizun-beuzec-cap-sizun
BEUZEC-CAP-SIZUN,Maison 74m² à beuzec-cap-sizun,https://www.etreproprio.com/immobilier-21746402-vente-maison-74m-a-beuzec-cap-sizun-beuzec-cap-sizun
BEUZEC-CAP-SIZUN,Maison 126m² à beuzec-cap-sizun,https://www.etreproprio.com/immobilier-19821092-vente-maison-126m-a-beuzec-cap-sizun-beuzec-cap-sizun
BEUZEC-CAP-SIZUN,Maison 202m² à beuzec-cap-sizun,https://www.etreproprio.com/immobilier-18259095-vente-maison-202m-a-beuzec-cap-sizun-beuzec-cap-sizun
BENODET,Maison 125m² à benodet,https://www.etreproprio.com/immobilier-22905085-vente-maison-125m-a-benodet-benodet
BENODET,Maison d'architecte de 155 m² avec piscine,https://www.etreproprio.com/immobilier-22586833-vente-maison-d-architecte-de-155-m-avec-piscine-benodet
BENODET,Maison 155m² à benodet,https://www.etreproprio.com/immobilier-22604840-vente-maison-155m-a-benodet-benodet
BENODET,"Bénodet - maison d'architecte de 2008, proche plage",https://www.etreproprio.com/immobilier-22659456-vente-benodet-maison-d-architecte-de-2008-proche-plage-benodet
BENODET,"Bénodet – maison 130 m² habitable avec garage et jardin, proche commodités",https://www.etreproprio.com/immobilier-23171865-vente-benodet-maison-130-m-habitable-avec-garage-et-jardin-proche-commodites-benodet
BENODET,Maison 125m² à benodet,https://www.etreproprio.com/immobilier-22864437-vente-maison-125m-a-benodet-benodet
BENODET,Maison traditionnelle plages et commerces à pieds,https://www.etreproprio.com/immobilier-23047850-vente-maison-traditionnelle-plages-et-commerces-a-pieds-benodet
BENODET,"Modernité, lumière et confort, au coeur de bénodet !",https://www.etreproprio.com/immobilier-22740796-vente-modernite-lumiere-et-confort-au-coeur-de-benodet-benodet
BENODET,Maison au bourg de bénodet,https://www.etreproprio.com/immobilier-22740702-vente-maison-au-bourg-de-benodet-benodet
BENODET,Maison 220m² à benodet,https://www.etreproprio.com/immobilier-22626929-vente-maison-220m-a-benodet-benodet
BENODET,Maison 150m² à benodet,https://www.etreproprio.com/immobilier-22433387-vente-maison-150m-a-benodet-benodet
BENODET,Maison 150m² à benodet,https://www.etreproprio.com/immobilier-22430198-vente-maison-150m-a-benodet-benodet
BENODET,Maison familiale - bénodet,https://www.etreproprio.com/immobilier-22263550-vente-maison-familiale-benodet-benodet
BANNALEC,Maison 108m² à bannalec,https://www.etreproprio.com/immobilier-22697609-vente-maison-108m-a-bannalec-bannalec
BANNALEC,Maison 9 pièces 180 m2 à bannalec,https://www.etreproprio.com/immobilier-20255761-vente-maison-9-pieces-180-m2-a-bannalec-bannalec
BANNALEC,"Maison traditionnelle confortable180m2,10p, 5ch, plain pied, bannalec",https://www.etreproprio.com/immobilier-22665598-vente-maison-traditionnelle-confortable180m210p-5ch-plain-pied-bannalec-bannalec
BANNALEC,Propriété de caractère à bannalec,https://www.etreproprio.com/immobilier-22652935-vente-propriete-de-caractere-a-bannalec-bannalec
BANNALEC,Maison 133m² à bannalec,https://www.etreproprio.com/immobilier-22333981-vente-maison-133m-a-bannalec-bannalec
BANNALEC,Maison 201m² à bannalec,https://www.etreproprio.com/immobilier-22354333-vente-maison-201m-a-bannalec-bannalec
BANNALEC,Maison 144m² à bannalec,https://www.etreproprio.com/immobilier-21879875-vente-maison-144m-a-bannalec-bannalec
BANNALEC,"Calme, espace, élégance : une propriété où tout est réuni",https://www.etreproprio.com/immobilier-22286049-vente-calme-espace-elegance-une-propriete-ou-tout-est-reuni-bannalec
BANNALEC,Maison de 123 m²,https://www.etreproprio.com/immobilier-22194917-vente-maison-de-123-m-bannalec
BANNALEC,"Maison 39380 bannalec, 3 ch, dpe d",https://www.etreproprio.com/immobilier-20966075-vente-maison-39380-bannalec-3-ch-dpe-d-bannalec
BANNALEC,Maison 80m² à bannalec,https://www.etreproprio.com/immobilier-21679749-vente-maison-80m-a-bannalec-bannalec
BANNALEC,Maison en pierres 5 pièces 104 m² à bannalec,https://www.etreproprio.com/immobilier-21064386-vente-maison-en-pierres-5-pieces-104-m-a-bannalec-bannalec
BANNALEC,Maison 78m² à bannalec,https://www.etreproprio.com/immobilier-20238795-vente-maison-78m-a-bannalec-bannalec
BANNALEC,Maison 50m² à bannalec,https://www.etreproprio.com/immobilier-19796574-vente-maison-50m-a-bannalec-bannalec
BANNALEC,Maison 98m² à bannalec,https://www.etreproprio.com/immobilier-19796570-vente-maison-98m-a-bannalec-bannalec
BANNALEC,Maison 95m² à bannalec,https://www.etreproprio.com/immobilier-19408721-vente-maison-95m-a-bannalec-bannalec
BANNALEC,Maison 45m² à bannalec,https://www.etreproprio.com/immobilier-19262040-vente-maison-45m-a-bannalec-bannalec
BANNALEC,Maison 100m² à bannalec,https://www.etreproprio.com/immobilier-18759875-vente-maison-100m-a-bannalec-bannalec
BANNALEC,Maison 103m² à bannalec,https://www.etreproprio.com/immobilier-18759879-vente-maison-103m-a-bannalec-bannalec
BANNALEC,Maison 163m² à bannalec,https://www.etreproprio.com/immobilier-18759864-vente-maison-163m-a-bannalec-bannalec
BODILIS,Maison plain-pied 3 chambres sur terrain de 758m2,https://www.etreproprio.com/immobilier-23887932-vente-maison-plain-pied-3-chambres-sur-terrain-de-758m2-bodilis
BODILIS,Maison sur bodilis,https://www.etreproprio.com/immobilier-23895319-vente-maison-sur-bodilis-bodilis
BODILIS,Maison familiale de 136m2 sur terrain de 1300m2,https://www.etreproprio.com/immobilier-23635055-vente-maison-familiale-de-136m2-sur-terrain-de-1300m2-bodilis
BODILIS,Maison 120m² à bodilis,https://www.etreproprio.com/immobilier-23602110-vente-maison-120m-a-bodilis-bodilis
BODILIS,Maison familiale avec terrain paysager de 5900 m²,https://www.etreproprio.com/immobilier-22957421-vente-maison-familiale-avec-terrain-paysager-de-5900-m-bodilis
BOHARS,Maison indépendante de 112 m2 sur terrain de 540 m2   proximité centre bohars,https://www.etreproprio.com/immobilier-23875774-vente-maison-independante-de-112-m2-sur-terrain-de-540-m2-proximite-centre-bohars-bohars
BOHARS,Maison d'architecte - esprit chalet,https://www.etreproprio.com/immobilier-23875074-vente-maison-d-architecte-esprit-chalet-bohars
BOHARS,Maison 187m² à bohars,https://www.etreproprio.com/immobilier-23873610-vente-maison-187m-a-bohars-bohars
BOHARS,Maison contemporaine familiale – vie de plain-pied,https://www.etreproprio.com/immobilier-23845353-vente-maison-contemporaine-familiale-vie-de-plain-pied-bohars
BOHARS,Vente maison bohars(29820) 89 000ï¿œ,https://www.etreproprio.com/immobilier-22869706-vente-vente-maison-bohars29820-89-000i-oe-bohars
BOHARS,Maison 115m² à bohars,https://www.etreproprio.com/immobilier-23620166-vente-maison-115m-a-bohars-bohars
BOHARS,Finistere - bohars (29820) - a vendre - maison - t5 - 4 chambres - maison de 2011- dpe d - vie de plain pied - situe au calme -,https://www.etreproprio.com/immobilier-23560787-vente-finistere-bohars-29820-a-vendre-maison-t5-4-chambres-maison-de-2011-dpe-d-vie-de-plain-pied-situe-au-calme-bohars
BOLAZEC,Finistere près de bolazec - superbe maison individuelle de 3 chambres avec un terrain de 5596m²,https://www.etreproprio.com/immobilier-23843045-vente-finistere-pres-de-bolazec-superbe-maison-individuelle-de-3-chambres-avec-un-terrain-de-5596m-bolazec
BANNALEC,Maison 169m² à bannalec,https://www.etreproprio.com/immobilier-18759878-vente-maison-169m-a-bannalec-bannalec
BANNALEC,Bannalec ensemble en pierres  avec terres agricoles,https://www.etreproprio.com/immobilier-13721547-vente-bannalec-ensemble-en-pierres-avec-terres-agricoles-bannalec
BOTMEUR,Maison 126m² à botmeur,https://www.etreproprio.com/immobilier-22364351-vente-maison-126m-a-botmeur-botmeur
BOTMEUR,Maison 50m² à botmeur,https://www.etreproprio.com/immobilier-22213258-vente-maison-50m-a-botmeur-botmeur
BOTSORHEL,Maison 85m² à botsorhel,https://www.etreproprio.com/immobilier-23422966-vente-maison-85m-a-botsorhel-botsorhel
BOTSORHEL,Maison 450m² à botsorhel,https://www.etreproprio.com/immobilier-23537893-vente-maison-450m-a-botsorhel-botsorhel
BOTSORHEL,Maison 85m² à botsorhel,https://www.etreproprio.com/immobilier-22976223-vente-maison-85m-a-botsorhel-botsorhel
BOTSORHEL,Maison 124m² à botsorhel,https://www.etreproprio.com/immobilier-23200507-vente-maison-124m-a-botsorhel-botsorhel
BOTSORHEL,Maison 73m² à botsorhel,https://www.etreproprio.com/immobilier-23132010-vente-maison-73m-a-botsorhel-botsorhel
BOTSORHEL,Maison 80m² à botsorhel,https://www.etreproprio.com/immobilier-22671080-vente-maison-80m-a-botsorhel-botsorhel
BOTSORHEL,Maison 228m² à botsorhel,https://www.etreproprio.com/immobilier-22577676-vente-maison-228m-a-botsorhel-botsorhel
BOURG-BLANC,Maison 116m² à bourg-blanc,https://www.etreproprio.com/immobilier-23843397-vente-maison-116m-a-bourg-blanc-bourg-blanc
BOURG-BLANC,Exclusivite bourg blanc maison  à vendre 5 pièces,https://www.etreproprio.com/immobilier-23443621-vente-exclusivite-bourg-blanc-maison-a-vendre-5-pieces-bourg-blanc
BOURG-BLANC,Maison 82m² à bourg-blanc,https://www.etreproprio.com/immobilier-23401159-vente-maison-82m-a-bourg-blanc-bourg-blanc
BOURG-BLANC,Maison 147m² à bourg-blanc,https://www.etreproprio.com/immobilier-23691771-vente-maison-147m-a-bourg-blanc-bourg-blanc
BOURG-BLANC,A vendre maison bourg blanc 9 pièces,https://www.etreproprio.com/immobilier-23590499-vente-a-vendre-maison-bourg-blanc-9-pieces-bourg-blanc
BOURG-BLANC,Exclusivite bourg blanc maison 9 pièce(s),https://www.etreproprio.com/immobilier-23590498-vente-exclusivite-bourg-blanc-maison-9-pieces-bourg-blanc
BOURG-BLANC,Maison 102m² à bourg-blanc,https://www.etreproprio.com/immobilier-21190284-vente-maison-102m-a-bourg-blanc-bourg-blanc
BOURG-BLANC,Maison 185m² à bourg-blanc,https://www.etreproprio.com/immobilier-23231749-vente-maison-185m-a-bourg-blanc-bourg-blanc
BOURG-BLANC,A vendre maison bourg blanc 7 pièces,https://www.etreproprio.com/immobilier-23374087-vente-a-vendre-maison-bourg-blanc-7-pieces-bourg-blanc
BOURG-BLANC,"Bourg blanc, maison t6 non mitoyenne",https://www.etreproprio.com/immobilier-21070199-vente-bourg-blanc-maison-t6-non-mitoyenne-bourg-blanc
BOURG-BLANC,"Bourg blanc, maison t6 non mitoyenne",https://www.etreproprio.com/immobilier-21074542-vente-bourg-blanc-maison-t6-non-mitoyenne-bourg-blanc
BOURG-BLANC,Maison 177m² à bourg-blanc,https://www.etreproprio.com/immobilier-23063332-vente-maison-177m-a-bourg-blanc-bourg-blanc
BOURG-BLANC,Maison bourg blanc-88m²-proximité centre bourg,https://www.etreproprio.com/immobilier-22730431-vente-maison-bourg-blanc-88m-proximite-centre-bourg-bourg-blanc
BOURG-BLANC,Propriété de 2 maisons - grange - dépendances - serres - four à pain - grand jardin,https://www.etreproprio.com/immobilier-22103438-vente-propriete-de-2-maisons-grange-dependances-serres-four-a-pain-grand-jardin-bourg-blanc
BRASPARTS,Maison 150m² à brasparts,https://www.etreproprio.com/immobilier-23863499-vente-maison-150m-a-brasparts-brasparts
BRASPARTS,"Maison brasparts 5 pièce(s) 150,45 m2",https://www.etreproprio.com/immobilier-23861073-vente-maison-brasparts-5-pieces-15045-m2-brasparts
BRASPARTS,Maison brasparts 6 pièce(s) 145 m2,https://www.etreproprio.com/immobilier-21979572-vente-maison-brasparts-6-pieces-145-m2-brasparts
BRASPARTS,Maison 145m² à brasparts,https://www.etreproprio.com/immobilier-21971055-vente-maison-145m-a-brasparts-brasparts
BRASPARTS,Maison brasparts 5 pièce(s) 127 m2,https://www.etreproprio.com/immobilier-23753949-vente-maison-brasparts-5-pieces-127-m2-brasparts
BRASPARTS,Maison brasparts 5 pièce(s) 127 m2,https://www.etreproprio.com/immobilier-23753948-vente-maison-brasparts-5-pieces-127-m2-brasparts
BRASPARTS,Maison 127m² à brasparts,https://www.etreproprio.com/immobilier-23746420-vente-maison-127m-a-brasparts-brasparts
BRASPARTS,Maison brasparts 9 pièce(s) 222 m2,https://www.etreproprio.com/immobilier-23648399-vente-maison-brasparts-9-pieces-222-m2-brasparts
BRASPARTS,Maison 222m² à brasparts,https://www.etreproprio.com/immobilier-23641364-vente-maison-222m-a-brasparts-brasparts
BRASPARTS,Maison avec jardin en centre-bourg   brasparts (29190),https://www.etreproprio.com/immobilier-23563254-vente-maison-avec-jardin-en-centre-bourg-brasparts-29190-brasparts
BRASPARTS,Maison centre-bourg   brasparts (29190),https://www.etreproprio.com/immobilier-23563255-vente-maison-centre-bourg-brasparts-29190-brasparts
BRASPARTS,Maison brasparts 5 pièce(s) 144 m2,https://www.etreproprio.com/immobilier-23432928-vente-maison-brasparts-5-pieces-144-m2-brasparts
BRASPARTS,Maison 144m² à brasparts,https://www.etreproprio.com/immobilier-23424033-vente-maison-144m-a-brasparts-brasparts
BRASPARTS,Maison 98m² à brasparts,https://www.etreproprio.com/immobilier-23337912-vente-maison-98m-a-brasparts-brasparts
BRASPARTS,Maison brasparts 5 pièce(s) 98 m2,https://www.etreproprio.com/immobilier-23336725-vente-maison-brasparts-5-pieces-98-m2-brasparts
BRASPARTS,Maison 129m² à brasparts,https://www.etreproprio.com/immobilier-21767838-vente-maison-129m-a-brasparts-brasparts
BRASPARTS,Maison brasparts 4 pièce(s) 129 m2,https://www.etreproprio.com/immobilier-21748099-vente-maison-brasparts-4-pieces-129-m2-brasparts
BRASPARTS,Maison brasparts 5 pièce(s) 111 m2,https://www.etreproprio.com/immobilier-22232284-vente-maison-brasparts-5-pieces-111-m2-brasparts
BRASPARTS,Maison 108m² à brasparts,https://www.etreproprio.com/immobilier-22242998-vente-maison-108m-a-brasparts-brasparts
BRASPARTS,Brasparts - maison t6  de 110 m²,https://www.etreproprio.com/immobilier-22897518-vente-brasparts-maison-t6-de-110-m-brasparts
BRELES,Traditionnelle sur sous sol,https://www.etreproprio.com/immobilier-23216922-vente-traditionnelle-sur-sous-sol-breles
BRASPARTS,Maison 225m² à brasparts,https://www.etreproprio.com/immobilier-21235621-vente-maison-225m-a-brasparts-brasparts
BRASPARTS,Maison brasparts 10 pièce(s) 225 m2 sur 7 000 m2 de terrain,https://www.etreproprio.com/immobilier-19770596-vente-maison-brasparts-10-pieces-225-m2-sur-7-000-m2-de-terrain-brasparts
BRENNILIS,Semble sortie d'un conte de grimm,https://www.etreproprio.com/immobilier-23741299-vente-semble-sortie-d-un-conte-de-grimm-brennilis
BRENNILIS,29690 brennilis maison de bourg 2 chambres salon séjour cuisine aménagée terrain 140 m²,https://www.etreproprio.com/immobilier-22876733-vente-29690-brennilis-maison-de-bourg-2-chambres-salon-sejour-cuisine-amenagee-terrain-140-m-brennilis
BRENNILIS,Maison 72m² à brennilis,https://www.etreproprio.com/immobilier-22740580-vente-maison-72m-a-brennilis-brennilis
BRENNILIS,Maison 123m² à brennilis,https://www.etreproprio.com/immobilier-22495648-vente-maison-123m-a-brennilis-brennilis
BREST,Jolie maison de caractere,https://www.etreproprio.com/immobilier-23905985-vente-jolie-maison-de-caractere-brest
BREST,Maison brest 8 pièce(s) 145 m2,https://www.etreproprio.com/immobilier-22620392-vente-maison-brest-8-pieces-145-m2-brest
BREST,Maison des années 30,https://www.etreproprio.com/immobilier-23222325-vente-maison-des-annees-30-brest
BREST,Finistere - brest (29200) - a vendre - maison 90m² - 3 chambres - grande piece de vie - garage - rare - pas de travaux - grand j,https://www.etreproprio.com/immobilier-23895292-vente-finistere-brest-29200-a-vendre-maison-90m-3-chambres-grande-piece-de-vie-garage-rare-pas-de-travaux-grand-j-brest
BREST,Brest  kerinou bois de sapin maison t6 4 chambres,https://www.etreproprio.com/immobilier-23893750-vente-brest-kerinou-bois-de-sapin-maison-t6-4-chambres-brest
BREST,A vendre brest lambezellec - lanroze maison 70m2 combles a amenager sous sol complet fort potentiel,https://www.etreproprio.com/immobilier-23879803-vente-a-vendre-brest-lambezellec-lanroze-maison-70m2-combles-a-amenager-sous-sol-complet-fort-potentiel-brest
BREST,Exclusivité – brest lambezellec – maison familiale 5 chambres – jardin clos – sous-sol complet,https://www.etreproprio.com/immobilier-23027579-vente-exclusivite-brest-lambezellec-maison-familiale-5-chambres-jardin-clos-sous-sol-complet-brest
BREST,Maison 69m² à brest,https://www.etreproprio.com/immobilier-23700868-vente-maison-69m-a-brest-brest
BREST,"Brest, saint-pierre – maison t5 en impasse",https://www.etreproprio.com/immobilier-23885967-vente-brest-saint-pierre-maison-t5-en-impasse-brest
BREST,Maison 115m² à brest,https://www.etreproprio.com/immobilier-23883796-vente-maison-115m-a-brest-brest
BREST,Maison 5 pièces 96 m2,https://www.etreproprio.com/immobilier-23871704-vente-maison-5-pieces-96-m2-brest
BREST,Maison t8 a vendre brest faculte de medecine clinique pasteur,https://www.etreproprio.com/immobilier-23880763-vente-maison-t8-a-vendre-brest-faculte-de-medecine-clinique-pasteur-brest
BREST,Maison t6 a vendre brest lambezellec,https://www.etreproprio.com/immobilier-23880762-vente-maison-t6-a-vendre-brest-lambezellec-brest
BREST,Maison t7 a vendre brest clinique pasteur saint martin,https://www.etreproprio.com/immobilier-23880764-vente-maison-t7-a-vendre-brest-clinique-pasteur-saint-martin-brest
BREST,"Brest, saint-pierre – maison t5 en impasse",https://www.etreproprio.com/immobilier-23885966-vente-brest-saint-pierre-maison-t5-en-impasse-brest
BREST,Maison 86m² à brest,https://www.etreproprio.com/immobilier-23885221-vente-maison-86m-a-brest-brest
BREST,A vendre maison brest rive gauche secteur lanredec proche centre ville maison a renover tres beau potentiel,https://www.etreproprio.com/immobilier-23868615-vente-a-vendre-maison-brest-rive-gauche-secteur-lanredec-proche-centre-ville-maison-a-renover-tres-beau-potentiel-brest
BREST,Maison sur brest,https://www.etreproprio.com/immobilier-23874887-vente-maison-sur-brest-brest
BREST,Maison contemporaine de 180 m² a vendre a brest - lambezellec,https://www.etreproprio.com/immobilier-23870722-vente-maison-contemporaine-de-180-m-a-vendre-a-brest-lambezellec-brest
BREST,Brest - cavale blanche maison brest 6 pièces 105 m2,https://www.etreproprio.com/immobilier-23861953-vente-brest-cavale-blanche-maison-brest-6-pieces-105-m2-brest
BRIEC,Maison  centre ville de briec,https://www.etreproprio.com/immobilier-23902635-vente-maison-centre-ville-de-briec-briec
BRIEC,Terrain sur briec,https://www.etreproprio.com/immobilier-23895324-vente-terrain-sur-briec-briec
BRIEC,Landrevarzec – 10min de quimper - maison de 100 m2 sur plus de 700 m2 de terrain,https://www.etreproprio.com/immobilier-23866029-vente-landrevarzec-10min-de-quimper-maison-de-100-m2-sur-plus-de-700-m2-de-terrain-briec
BRIEC,Charmante maison familiale 5 chambres à briec proche centre-ville,https://www.etreproprio.com/immobilier-23853825-vente-charmante-maison-familiale-5-chambres-a-briec-proche-centre-ville-briec
BRIEC,Maison parfait état briec,https://www.etreproprio.com/immobilier-23785530-vente-maison-parfait-etat-briec-briec
BRIEC,Manoir d'exception entre charme breton et nature préservée,https://www.etreproprio.com/immobilier-23590721-vente-manoir-d-exception-entre-charme-breton-et-nature-preservee-briec
BRIEC,Maison au coeur du bourg de briec,https://www.etreproprio.com/immobilier-23587491-vente-maison-au-coeur-du-bourg-de-briec-briec
BRIEC,Maison au coeur du bourg de briec,https://www.etreproprio.com/immobilier-23587564-vente-maison-au-coeur-du-bourg-de-briec-briec
BRIEC,"Maison plain pied ""hors d'eau hors d'air""",https://www.etreproprio.com/immobilier-23444103-vente-maison-plain-pied-hors-d-eau-hors-d-air-briec
BRIEC,Briec - maison de 134 m2 sur plus de 1800 m2 de terrain,https://www.etreproprio.com/immobilier-23438049-vente-briec-maison-de-134-m2-sur-plus-de-1800-m2-de-terrain-briec
BRIEC,La maison de ville,https://www.etreproprio.com/immobilier-22983950-vente-la-maison-de-ville-briec
BRIEC,Magnifique manoir sur parc de 5 hectares,https://www.etreproprio.com/immobilier-20230232-vente-magnifique-manoir-sur-parc-de-5-hectares-briec
BRIEC,Maison familiale de 3 belles chambres,https://www.etreproprio.com/immobilier-22933692-vente-maison-familiale-de-3-belles-chambres-briec
BRIEC,Maison 111m² à briec,https://www.etreproprio.com/immobilier-22709174-vente-maison-111m-a-briec-briec
BRIEC,29510 briec maison récente 3 chambres proche toutes commodités terrain de 670 m²,https://www.etreproprio.com/immobilier-22616333-vente-29510-briec-maison-recente-3-chambres-proche-toutes-commodites-terrain-de-670-m-briec
BRIEC,Finistère (29) – briec à vendre : maison contemporaine de 107 m² habitables (126 m² utiles) sur un terrain de 434 m² – 2 places,https://www.etreproprio.com/immobilier-22492038-vente-finistere-29-briec-a-vendre-maison-contemporaine-de-107-m-habitables-126-m-utiles-sur-un-terrain-de-434-m-2-places-briec
BRIGNOGAN-PLAGE,Maison  a renover a brignogan plages,https://www.etreproprio.com/immobilier-23601349-vente-maison-a-renover-a-brignogan-plages-brignogan-plage
BRIGNOGAN-PLAGE,Plounéour brignogan plages,https://www.etreproprio.com/immobilier-23866373-vente-plouneour-brignogan-plages-brignogan-plage
BRIGNOGAN-PLAGE,Maison 100m² à brignogan-plage,https://www.etreproprio.com/immobilier-23371578-vente-maison-100m-a-brignogan-plage-brignogan-plage
BRIGNOGAN-PLAGE,Maison 5 pieces  114 m²,https://www.etreproprio.com/immobilier-23729333-vente-maison-5-pieces-114-m-brignogan-plage
BRIGNOGAN-PLAGE,Plouneour brignogan plages,https://www.etreproprio.com/immobilier-23695638-vente-plouneour-brignogan-plages-brignogan-plage
BRIGNOGAN-PLAGE,Maison 130m² à brignogan-plage,https://www.etreproprio.com/immobilier-22341804-vente-maison-130m-a-brignogan-plage-brignogan-plage
BRIGNOGAN-PLAGE,"Belle demeure en pierre de 196 m² à plounéour-brignogan-plages, à 800 m des plages",https://www.etreproprio.com/immobilier-23598956-vente-belle-demeure-en-pierre-de-196-m-a-plouneour-brignogan-plages-a-800-m-des-plages-brignogan-plage
BRIGNOGAN-PLAGE,"Belle demeure en pierre de 196 m² à plounéour-brignogan-plages, à 800 m des plages",https://www.etreproprio.com/immobilier-23594093-vente-belle-demeure-en-pierre-de-196-m-a-plouneour-brignogan-plages-a-800-m-des-plages-brignogan-plage
BRIGNOGAN-PLAGE,Maison 6 pièces 114 m2,https://www.etreproprio.com/immobilier-21796083-vente-maison-6-pieces-114-m2-brignogan-plage
BRIGNOGAN-PLAGE,Maison individuelle proche du phare et à quelques pas de la plage,https://www.etreproprio.com/immobilier-23469760-vente-maison-individuelle-proche-du-phare-et-a-quelques-pas-de-la-plage-brignogan-plage
BRIGNOGAN-PLAGE,Plounéour-brignogan-plages,https://www.etreproprio.com/immobilier-23453125-vente-plouneour-brignogan-plages-brignogan-plage
BRIGNOGAN-PLAGE,Maison 115m² à brignogan-plage,https://www.etreproprio.com/immobilier-20096784-vente-maison-115m-a-brignogan-plage-brignogan-plage
BRIGNOGAN-PLAGE,Brignogan plages,https://www.etreproprio.com/immobilier-23439396-vente-brignogan-plages-brignogan-plage
BRIGNOGAN-PLAGE,Maison individuelle,https://www.etreproprio.com/immobilier-22858212-vente-maison-individuelle-brignogan-plage
BRIGNOGAN-PLAGE,Maison 125m² à brignogan-plage,https://www.etreproprio.com/immobilier-22394751-vente-maison-125m-a-brignogan-plage-brignogan-plage
BRIGNOGAN-PLAGE,Maison 155m² à brignogan-plage,https://www.etreproprio.com/immobilier-20572869-vente-maison-155m-a-brignogan-plage-brignogan-plage
BREST,Maison 179m² à brest,https://www.etreproprio.com/immobilier-23865422-vente-maison-179m-a-brest-brest
BREST,Finistere - brest (29200) - a vendre - maison t7 148m² - garage - 3 chambres possible 5 - beaux volumes - sur terrain clos de 42,https://www.etreproprio.com/immobilier-23845358-vente-finistere-brest-29200-a-vendre-maison-t7-148m-garage-3-chambres-possible-5-beaux-volumes-sur-terrain-clos-de-42-brest
BREST,Finistere - brest (29200) - a vendre - maison  1982 - 4 chambres - garage - quartier recherche - grande piece de vie - deux bure,https://www.etreproprio.com/immobilier-23845357-vente-finistere-brest-29200-a-vendre-maison-1982-4-chambres-garage-quartier-recherche-grande-piece-de-vie-deux-bure-brest
BREST,Maison 93m² à brest,https://www.etreproprio.com/immobilier-23842487-vente-maison-93m-a-brest-brest
BREST,A vendre propriété  - vue imprenable rade de brest,https://www.etreproprio.com/immobilier-23828693-vente-a-vendre-propriete-vue-imprenable-rade-de-brest-brest
BREST,Maison a vendre brest lambezellec,https://www.etreproprio.com/immobilier-23374179-vente-maison-a-vendre-brest-lambezellec-brest
BREST,Finistere - brest (29200) - a vendre - maison 125m² de 1970 - 4 chambres - sous-sol integral - sur trrain clos de 285m²,https://www.etreproprio.com/immobilier-23828615-vente-finistere-brest-29200-a-vendre-maison-125m-de-1970-4-chambres-sous-sol-integral-sur-trrain-clos-de-285m-brest
BREST,Maison 96m² à brest,https://www.etreproprio.com/immobilier-23829685-vente-maison-96m-a-brest-brest
BREST,Maison brest 6 pièce(s) 113 m2,https://www.etreproprio.com/immobilier-22670788-vente-maison-brest-6-pieces-113-m2-brest
BREST,Maison 100m² à brest,https://www.etreproprio.com/immobilier-23816367-vente-maison-100m-a-brest-brest
BREST,Exclusivite a vendre brest  maison independante terrain de 3500m²  appartement independant,https://www.etreproprio.com/immobilier-21928380-vente-exclusivite-a-vendre-brest-maison-independante-terrain-de-3500m-appartement-independant-brest
BREST,Maison secteur st anne du porzic à vendre 9 pièces brest (29),https://www.etreproprio.com/immobilier-23814796-vente-maison-secteur-st-anne-du-porzic-a-vendre-9-pieces-brest-29-brest
BREST,"Brest immeuble / maison t11, 9 chambres",https://www.etreproprio.com/immobilier-23813043-vente-brest-immeuble-maison-t11-9-chambres-brest
BREST,"Brest immeuble / maison t11, 9 chambres",https://www.etreproprio.com/immobilier-23813062-vente-brest-immeuble-maison-t11-9-chambres-brest
BREST,Maison 227m² à brest,https://www.etreproprio.com/immobilier-23027527-vente-maison-227m-a-brest-brest
BREST,Maison 108m² à brest,https://www.etreproprio.com/immobilier-23796834-vente-maison-108m-a-brest-brest
BREST,Maison 89m² à brest,https://www.etreproprio.com/immobilier-23145646-vente-maison-89m-a-brest-brest
BREST,"Maison t4 - secteur lanredec, à deux pas de la porte de la br",https://www.etreproprio.com/immobilier-23137253-vente-maison-t4-secteur-lanredec-a-deux-pas-de-la-porte-de-la-br-brest
BREST,Bien très rare  sur st marc !,https://www.etreproprio.com/immobilier-23802279-vente-bien-tres-rare-sur-st-marc-brest
BREST,Maison 85m² à brest,https://www.etreproprio.com/immobilier-23289852-vente-maison-85m-a-brest-brest
CAMARET-SUR-MER,Camaret-sur-mer – maison neuve au design contemporain avec vue sur le port,https://www.etreproprio.com/immobilier-23252443-vente-camaret-sur-mer-maison-neuve-au-design-contemporain-avec-vue-sur-le-port-camaret-sur-mer
CAMARET-SUR-MER,Maison en centre ville,https://www.etreproprio.com/immobilier-23886064-vente-maison-en-centre-ville-camaret-sur-mer
CAMARET-SUR-MER,Maison en centre ville,https://www.etreproprio.com/immobilier-23885590-vente-maison-en-centre-ville-camaret-sur-mer
CAMARET-SUR-MER,Maison neuve sur camaret sur mer !!!!,https://www.etreproprio.com/immobilier-23341414-vente-maison-neuve-sur-camaret-sur-mer-camaret-sur-mer
CAMARET-SUR-MER,À vendre   maison face à la mer à camaret-sur-mer   vue exceptionnelle,https://www.etreproprio.com/immobilier-23834782-vente-a-vendre-maison-face-a-la-mer-a-camaret-sur-mer-vue-exceptionnelle-camaret-sur-mer
CAMARET-SUR-MER,Maison à vendre 4 pièces camaret sur mer (29),https://www.etreproprio.com/immobilier-23814878-vente-maison-a-vendre-4-pieces-camaret-sur-mer-29-camaret-sur-mer
CAMARET-SUR-MER,Batiment industriel pieds dans l'eau,https://www.etreproprio.com/immobilier-23725238-vente-batiment-industriel-pieds-dans-l-eau-camaret-sur-mer
CAMARET-SUR-MER,A vendre - le tipi bleu  - camaret-sur-mer,https://www.etreproprio.com/immobilier-22971830-vente-a-vendre-le-tipi-bleu-camaret-sur-mer-camaret-sur-mer
CAMARET-SUR-MER,Contemporaine a l'abri des regards camaret sur mer,https://www.etreproprio.com/immobilier-22037708-vente-contemporaine-a-l-abri-des-regards-camaret-sur-mer-camaret-sur-mer
CAMARET-SUR-MER,Maison à vendre 7 pièces camaret sur mer (29),https://www.etreproprio.com/immobilier-22049453-vente-maison-a-vendre-7-pieces-camaret-sur-mer-29-camaret-sur-mer
CAMARET-SUR-MER,Maison de plain-pied avec 2 logements indépendants   idéal investissement locatif,https://www.etreproprio.com/immobilier-23516406-vente-maison-de-plain-pied-avec-2-logements-independants-ideal-investissement-locatif-camaret-sur-mer
CAMARET-SUR-MER,Maison de plain-pied avec 2 logements indépendants   idéal i,https://www.etreproprio.com/immobilier-23516714-vente-maison-de-plain-pied-avec-2-logements-independants-ideal-i-camaret-sur-mer
CAMARET-SUR-MER,Maison familiale de 2005 avec sous-sol complet et environnem,https://www.etreproprio.com/immobilier-23462788-vente-maison-familiale-de-2005-avec-sous-sol-complet-et-environnem-camaret-sur-mer
CAMARET-SUR-MER,Maison 156m² à camaret-sur-mer,https://www.etreproprio.com/immobilier-23001473-vente-maison-156m-a-camaret-sur-mer-camaret-sur-mer
CAMARET-SUR-MER,"Dpt finistère (29), à vendre camaret sur mer, maison p6 avec vue imprenable sur le port et la plage",https://www.etreproprio.com/immobilier-23427765-vente-dpt-finistere-29-a-vendre-camaret-sur-mer-maison-p6-avec-vue-imprenable-sur-le-port-et-la-plage-camaret-sur-mer
CAMARET-SUR-MER,Maison 127m² à camaret-sur-mer,https://www.etreproprio.com/immobilier-23049721-vente-maison-127m-a-camaret-sur-mer-camaret-sur-mer
CAMARET-SUR-MER,Finistere - camaret-sur-mer (29570) - a vendre - maison t6 141m² - 4 chambres - garage - aucuns travaux a prevoir - sur terrain,https://www.etreproprio.com/immobilier-23391794-vente-finistere-camaret-sur-mer-29570-a-vendre-maison-t6-141m-4-chambres-garage-aucuns-travaux-a-prevoir-sur-terrain-camaret-sur-mer
CAMARET-SUR-MER,Maison mitoyenne de quartier,https://www.etreproprio.com/immobilier-23380339-vente-maison-mitoyenne-de-quartier-camaret-sur-mer
CAMARET-SUR-MER,"Maison de pêcheur pleine de charme, à deux pas du port et des commerces",https://www.etreproprio.com/immobilier-22686441-vente-maison-de-pecheur-pleine-de-charme-a-deux-pas-du-port-et-des-commerces-camaret-sur-mer
CAMARET-SUR-MER,Maison mitoyenne de quartier,https://www.etreproprio.com/immobilier-21795917-vente-maison-mitoyenne-de-quartier-camaret-sur-mer
CARANTEC,Maison carantec 7 pièces 164 m²,https://www.etreproprio.com/immobilier-23879643-vente-maison-carantec-7-pieces-164-m-carantec
CARANTEC,Maison vue mer carantec 139 m² 8 pièces,https://www.etreproprio.com/immobilier-23879637-vente-maison-vue-mer-carantec-139-m-8-pieces-carantec
CARANTEC,Maison carantec 5 pièces 150 m²,https://www.etreproprio.com/immobilier-23879635-vente-maison-carantec-5-pieces-150-m-carantec
CARANTEC,Maison carantec 9 pièces 240 m²,https://www.etreproprio.com/immobilier-23879645-vente-maison-carantec-9-pieces-240-m-carantec
CARANTEC,Maison carantec 250 m²,https://www.etreproprio.com/immobilier-23879648-vente-maison-carantec-250-m-carantec
CARANTEC,Maison carantec 6 pièces 112 m²,https://www.etreproprio.com/immobilier-23879641-vente-maison-carantec-6-pieces-112-m-carantec
CARANTEC,Maison carantec 81 m²,https://www.etreproprio.com/immobilier-23879636-vente-maison-carantec-81-m-carantec
CARANTEC,Maison carantec 4 pièces 119 m²,https://www.etreproprio.com/immobilier-23879644-vente-maison-carantec-4-pieces-119-m-carantec
CARANTEC,Maison carantec 172 m²,https://www.etreproprio.com/immobilier-23879642-vente-maison-carantec-172-m-carantec
CARANTEC,A vendre. maison. carantec.,https://www.etreproprio.com/immobilier-23841608-vente-a-vendre-maison-carantec-carantec
CARANTEC,Maison carantec 7 pièce(s) 201 m2,https://www.etreproprio.com/immobilier-23830069-vente-maison-carantec-7-pieces-201-m2-carantec
CARANTEC,Maison 81m² à carantec,https://www.etreproprio.com/immobilier-23596676-vente-maison-81m-a-carantec-carantec
CARANTEC,Maison 70m² à carantec,https://www.etreproprio.com/immobilier-23820803-vente-maison-70m-a-carantec-carantec
CARANTEC,Maison 50m² à carantec,https://www.etreproprio.com/immobilier-23820804-vente-maison-50m-a-carantec-carantec
CARANTEC,A vendre. maison. carantec.,https://www.etreproprio.com/immobilier-22279833-vente-a-vendre-maison-carantec-carantec
CARANTEC,Maison carantec 4 pièce(s) 85 m2,https://www.etreproprio.com/immobilier-23702612-vente-maison-carantec-4-pieces-85-m2-carantec
CARANTEC,A vendre. maison vue mer. carantec.,https://www.etreproprio.com/immobilier-23497510-vente-a-vendre-maison-vue-mer-carantec-carantec
CARANTEC,A vendre. carantec. maison d'architecte.,https://www.etreproprio.com/immobilier-21667490-vente-a-vendre-carantec-maison-d-architecte-carantec
CARANTEC,Maison carantec 6 pièce(s) 142 m2,https://www.etreproprio.com/immobilier-19534354-vente-maison-carantec-6-pieces-142-m2-carantec
CARANTEC,Exclusivite. maison à vendre à carantec. offre acceptee !,https://www.etreproprio.com/immobilier-22917978-vente-exclusivite-maison-a-vendre-a-carantec-offre-acceptee-carantec
BREST,Finistere - brest (29200) - a vendre - maison - annee 50 -  t5 - 4 chambres - aucuns travaux - calme - dpe d - garage - sous sol,https://www.etreproprio.com/immobilier-23781587-vente-finistere-brest-29200-a-vendre-maison-annee-50-t5-4-chambres-aucuns-travaux-calme-dpe-d-garage-sous-sol-brest
BREST,"Brest - les quatre moulins maison 166 m2, 8 pièces",https://www.etreproprio.com/immobilier-23779559-vente-brest-les-quatre-moulins-maison-166-m2-8-pieces-brest
BREST,Aux portes de brest ! maison contemporaine de 2021 !,https://www.etreproprio.com/immobilier-23779573-vente-aux-portes-de-brest-maison-contemporaine-de-2021-brest
BREST,A vendre   brest cavale blanche   maison    4 chambres   jardin   garage,https://www.etreproprio.com/immobilier-23777113-vente-a-vendre-brest-cavale-blanche-maison-4-chambres-jardin-garage-brest
BREST,Charmante maison à vendre à brest - laissez-vous séduire !,https://www.etreproprio.com/immobilier-23777114-vente-charmante-maison-a-vendre-a-brest-laissez-vous-seduire-brest
BREST,Finistere - brest (29200) - a vendre - maison individuelle t7 131m² - 5 chambres - nombreuses possibilites - garage sur terrain,https://www.etreproprio.com/immobilier-23781589-vente-finistere-brest-29200-a-vendre-maison-individuelle-t7-131m-5-chambres-nombreuses-possibilites-garage-sur-terrain-brest
BREST,Maison 90m² à brest,https://www.etreproprio.com/immobilier-23767879-vente-maison-90m-a-brest-brest
BREST,Vente maison brest(29200) 375 000ï¿œ,https://www.etreproprio.com/immobilier-23764425-vente-vente-maison-brest29200-375-000i-oe-brest
BREST,A vendre brest le guelmeur maison 120 m² habitables 4 chambres sous sol garage,https://www.etreproprio.com/immobilier-23637695-vente-a-vendre-brest-le-guelmeur-maison-120-m-habitables-4-chambres-sous-sol-garage-brest
BREST,Brest maison récente 81 m² - 3 chambres - quartier calme de kervao,https://www.etreproprio.com/immobilier-23752841-vente-brest-maison-recente-81-m-3-chambres-quartier-calme-de-kervao-brest
BREST,A vendre  brest  kerbonne  maison  t5  3 chambres  plain pied  hangar  jardin,https://www.etreproprio.com/immobilier-23176037-vente-a-vendre-brest-kerbonne-maison-t5-3-chambres-plain-pied-hangar-jardin-brest
BREST,Finistere - brest (29200) - a vendre - maison t4 - piece de vie de 40m² avec acces direct au jardin - piscine spa a etudier - pr,https://www.etreproprio.com/immobilier-23747595-vente-finistere-brest-29200-a-vendre-maison-t4-piece-de-vie-de-40m-avec-acces-direct-au-jardin-piscine-spa-a-etudier-pr-brest
BREST,A vendre maison brest 4 chambres,https://www.etreproprio.com/immobilier-23739334-vente-a-vendre-maison-brest-4-chambres-brest
BREST,Maison 83m² à brest,https://www.etreproprio.com/immobilier-23741867-vente-maison-83m-a-brest-brest
BREST,Maison 131m² à brest,https://www.etreproprio.com/immobilier-23730450-vente-maison-131m-a-brest-brest
BREST,Maison 82m² à brest,https://www.etreproprio.com/immobilier-23730641-vente-maison-82m-a-brest-brest
BREST,A vendre brest  lambézellec  maison familiale  4 chambres  jardin  garage,https://www.etreproprio.com/immobilier-23724703-vente-a-vendre-brest-lambezellec-maison-familiale-4-chambres-jardin-garage-brest
BREST,Maison de caractère au cœur de brest – un havre de paix en pleine ville,https://www.etreproprio.com/immobilier-23715569-vente-maison-de-caractere-au-coeur-de-brest-un-havre-de-paix-en-pleine-ville-brest
BREST,Maison 82m² à brest,https://www.etreproprio.com/immobilier-23711905-vente-maison-82m-a-brest-brest
BREST,"Maison 115 m² -  terrain 745 m² - brest lambézellec, proche bohars",https://www.etreproprio.com/immobilier-23111588-vente-maison-115-m-terrain-745-m-brest-lambezellec-proche-bohars-brest
CAMARET-SUR-MER,Maison à rénover avec vue imprenable sur le port,https://www.etreproprio.com/immobilier-23310805-vente-maison-a-renover-avec-vue-imprenable-sur-le-port-camaret-sur-mer
CAMARET-SUR-MER,Maison à rénover avec vue imprenable sur le port,https://www.etreproprio.com/immobilier-23311816-vente-maison-a-renover-avec-vue-imprenable-sur-le-port-camaret-sur-mer
CAMARET-SUR-MER,Maison à vendre 5 pièces camaret sur mer (29),https://www.etreproprio.com/immobilier-23285985-vente-maison-a-vendre-5-pieces-camaret-sur-mer-29-camaret-sur-mer
CAMARET-SUR-MER,Charmante maison à vendre à camaret sur mer !,https://www.etreproprio.com/immobilier-23280004-vente-charmante-maison-a-vendre-a-camaret-sur-mer-camaret-sur-mer
CAMARET-SUR-MER,Maison familiale de 2005 avec sous-sol complet et environnement calme,https://www.etreproprio.com/immobilier-23201827-vente-maison-familiale-de-2005-avec-sous-sol-complet-et-environnement-calme-camaret-sur-mer
CAMARET-SUR-MER,Maison 96m² à camaret-sur-mer,https://www.etreproprio.com/immobilier-22927433-vente-maison-96m-a-camaret-sur-mer-camaret-sur-mer
CAMARET-SUR-MER,Maison dans hyper centre,https://www.etreproprio.com/immobilier-23137224-vente-maison-dans-hyper-centre-camaret-sur-mer
CAMARET-SUR-MER,Maison à vendre 7 pièces camaret sur mer (29),https://www.etreproprio.com/immobilier-21403119-vente-maison-a-vendre-7-pieces-camaret-sur-mer-29-camaret-sur-mer
CAMARET-SUR-MER,Maison dans hyper centre,https://www.etreproprio.com/immobilier-23137157-vente-maison-dans-hyper-centre-camaret-sur-mer
CAMARET-SUR-MER,Maison à vendre 9 pièces camaret sur mer (29),https://www.etreproprio.com/immobilier-23003841-vente-maison-a-vendre-9-pieces-camaret-sur-mer-29-camaret-sur-mer
CAMARET-SUR-MER,Contemporaine plain pied 2024 - tout confort - camaret sur mer,https://www.etreproprio.com/immobilier-22114578-vente-contemporaine-plain-pied-2024-tout-confort-camaret-sur-mer-camaret-sur-mer
CAMARET-SUR-MER,Camaret-sur-mer maison t5,https://www.etreproprio.com/immobilier-22921836-vente-camaret-sur-mer-maison-t5-camaret-sur-mer
CAMARET-SUR-MER,Camaret-sur-mer maison t5,https://www.etreproprio.com/immobilier-22921840-vente-camaret-sur-mer-maison-t5-camaret-sur-mer
CAMARET-SUR-MER,Maison à vendre 7 pièces camaret sur mer (29),https://www.etreproprio.com/immobilier-21027894-vente-maison-a-vendre-7-pieces-camaret-sur-mer-29-camaret-sur-mer
CAMARET-SUR-MER,Spacieuse villa familiale avec jardin et terrasse plein sud,https://www.etreproprio.com/immobilier-22779472-vente-spacieuse-villa-familiale-avec-jardin-et-terrasse-plein-sud-camaret-sur-mer
CAMARET-SUR-MER,Spacieuse villa familiale avec jardin et terrasse plein sud,https://www.etreproprio.com/immobilier-22777366-vente-spacieuse-villa-familiale-avec-jardin-et-terrasse-plein-sud-camaret-sur-mer
CAMARET-SUR-MER,Maison familiale à camaret,https://www.etreproprio.com/immobilier-22407659-vente-maison-familiale-a-camaret-camaret-sur-mer
CAMARET-SUR-MER,Maison de pêcheur à rénover – vue port – camaret-sur-mer,https://www.etreproprio.com/immobilier-22737437-vente-maison-de-pecheur-a-renover-vue-port-camaret-sur-mer-camaret-sur-mer
CAMARET-SUR-MER,Rare en centre-ville de camaret-sur-mer !,https://www.etreproprio.com/immobilier-21641537-vente-rare-en-centre-ville-de-camaret-sur-mer-camaret-sur-mer
CAMARET-SUR-MER,Rare en centre-ville de camaret-sur-mer !,https://www.etreproprio.com/immobilier-21641473-vente-rare-en-centre-ville-de-camaret-sur-mer-camaret-sur-mer
CARANTEC,A vendre. carantec. maison vue mer,https://www.etreproprio.com/immobilier-21143122-vente-a-vendre-carantec-maison-vue-mer-carantec
CARANTEC,A vendre. maison. carantec.,https://www.etreproprio.com/immobilier-22689620-vente-a-vendre-maison-carantec-carantec
CARANTEC,Maison  6 pièce(s) 112 m2,https://www.etreproprio.com/immobilier-23481705-vente-maison-6-pieces-112-m2-carantec
CARANTEC,A vendre en exclusivité. maison. carantec,https://www.etreproprio.com/immobilier-22694469-vente-a-vendre-en-exclusivite-maison-carantec-carantec
CARANTEC,A vendre a carantec demeure familiale avec situation exceptionnelle  réf : 2022117,https://www.etreproprio.com/immobilier-23181206-vente-a-vendre-a-carantec-demeure-familiale-avec-situation-exceptionnelle-ref-2022117-carantec
CARANTEC,Maison 172m² à carantec,https://www.etreproprio.com/immobilier-23016778-vente-maison-172m-a-carantec-carantec
CARANTEC,Maison carantec 5 pièces 110 m2,https://www.etreproprio.com/immobilier-22211283-vente-maison-carantec-5-pieces-110-m2-carantec
CARANTEC,Maison 170m² à carantec,https://www.etreproprio.com/immobilier-22548086-vente-maison-170m-a-carantec-carantec
CARANTEC,Maison carantec 7 pièce(s) 119 m2,https://www.etreproprio.com/immobilier-22520318-vente-maison-carantec-7-pieces-119-m2-carantec
CARANTEC,Maison carantec 6 pièce(s) 135 m2,https://www.etreproprio.com/immobilier-20233066-vente-maison-carantec-6-pieces-135-m2-carantec
CARANTEC,Maison 70m² à carantec,https://www.etreproprio.com/immobilier-22399988-vente-maison-70m-a-carantec-carantec
CARANTEC,Maison 70m² à carantec,https://www.etreproprio.com/immobilier-22399980-vente-maison-70m-a-carantec-carantec
CARANTEC,Maison 70m² à carantec,https://www.etreproprio.com/immobilier-22399989-vente-maison-70m-a-carantec-carantec
CARANTEC,Maison 70m² à carantec,https://www.etreproprio.com/immobilier-22399990-vente-maison-70m-a-carantec-carantec
CARANTEC,Maison 70m² à carantec,https://www.etreproprio.com/immobilier-22399994-vente-maison-70m-a-carantec-carantec
CARANTEC,Maison 70m² à carantec,https://www.etreproprio.com/immobilier-22399992-vente-maison-70m-a-carantec-carantec
CARANTEC,Maison 50m² à carantec,https://www.etreproprio.com/immobilier-22399985-vente-maison-50m-a-carantec-carantec
CARANTEC,Maison 50m² à carantec,https://www.etreproprio.com/immobilier-22399981-vente-maison-50m-a-carantec-carantec
CARANTEC,Maison 50m² à carantec,https://www.etreproprio.com/immobilier-22399984-vente-maison-50m-a-carantec-carantec
CARANTEC,Maison 50m² à carantec,https://www.etreproprio.com/immobilier-22399983-vente-maison-50m-a-carantec-carantec
CARANTEC,Maison 50m² à carantec,https://www.etreproprio.com/immobilier-22399982-vente-maison-50m-a-carantec-carantec
CARANTEC,Maison 70m² à carantec,https://www.etreproprio.com/immobilier-22399987-vente-maison-70m-a-carantec-carantec
CARANTEC,Maison 70m² à carantec,https://www.etreproprio.com/immobilier-22399991-vente-maison-70m-a-carantec-carantec
CARANTEC,Maison carantec 8 pièce(s) 190 m2,https://www.etreproprio.com/immobilier-22377352-vente-maison-carantec-8-pieces-190-m2-carantec
CARANTEC,A vendre. maison/appartement. carantec.,https://www.etreproprio.com/immobilier-22286100-vente-a-vendre-maisonappartement-carantec-carantec
CARANTEC,Maison 310m² à carantec,https://www.etreproprio.com/immobilier-22246833-vente-maison-310m-a-carantec-carantec
CARANTEC,Maison vue de mer carentec,https://www.etreproprio.com/immobilier-22183967-vente-maison-vue-de-mer-carentec-carantec
CARANTEC,A vendre. villa vue mer à carantec.,https://www.etreproprio.com/immobilier-21269801-vente-a-vendre-villa-vue-mer-a-carantec-carantec
CARANTEC,Maison carantec 5 pièce(s) 105 m2,https://www.etreproprio.com/immobilier-21670731-vente-maison-carantec-5-pieces-105-m2-carantec
CARANTEC,A vendre. maison à vendre. carantec.,https://www.etreproprio.com/immobilier-21143124-vente-a-vendre-maison-a-vendre-carantec-carantec
CARANTEC,Maison carantec 6 pièce(s) 140 m2,https://www.etreproprio.com/immobilier-18836590-vente-maison-carantec-6-pieces-140-m2-carantec
CARANTEC,Maison 70m² à carantec,https://www.etreproprio.com/immobilier-21398071-vente-maison-70m-a-carantec-carantec
CARANTEC,Maison 70m² à carantec,https://www.etreproprio.com/immobilier-21398070-vente-maison-70m-a-carantec-carantec
CARANTEC,Maison 70m² à carantec,https://www.etreproprio.com/immobilier-21353435-vente-maison-70m-a-carantec-carantec
CARANTEC,Maison 70m² à carantec,https://www.etreproprio.com/immobilier-21353436-vente-maison-70m-a-carantec-carantec
CARANTEC,Maison 50m² à carantec,https://www.etreproprio.com/immobilier-21353437-vente-maison-50m-a-carantec-carantec
CARANTEC,Maison 50m² à carantec,https://www.etreproprio.com/immobilier-21353438-vente-maison-50m-a-carantec-carantec
CARANTEC,Maison 70m² à carantec,https://www.etreproprio.com/immobilier-21345139-vente-maison-70m-a-carantec-carantec
CARANTEC,Maison 50m² à carantec,https://www.etreproprio.com/immobilier-21335409-vente-maison-50m-a-carantec-carantec
CARANTEC,Maison 50m² à carantec,https://www.etreproprio.com/immobilier-21335408-vente-maison-50m-a-carantec-carantec
BREST,Maison a vendre brest guelmeur,https://www.etreproprio.com/immobilier-22901590-vente-maison-a-vendre-brest-guelmeur-brest
BREST,Maison sur brest,https://www.etreproprio.com/immobilier-23705244-vente-maison-sur-brest-brest
BREST,Maison brest kerbonne- en impasse- quartier prisé,https://www.etreproprio.com/immobilier-23697948-vente-maison-brest-kerbonne-en-impasse-quartier-prise-brest
BREST,Maison en pierres,https://www.etreproprio.com/immobilier-23705195-vente-maison-en-pierres-brest
BREST,Finistere - brest (29200) - a vendre - maison - 6 pieces - 111 m² - 4 chambres - non mitoyenne - jardin clos -  garage  - quarti,https://www.etreproprio.com/immobilier-23693639-vente-finistere-brest-29200-a-vendre-maison-6-pieces-111-m-4-chambres-non-mitoyenne-jardin-clos-garage-quarti-brest
BREST,"Élégante maison rénovée – quartier haut de kerinou, brest",https://www.etreproprio.com/immobilier-22857047-vente-elegante-maison-renovee-quartier-haut-de-kerinou-brest-brest
BREST,Maison 97m² à brest,https://www.etreproprio.com/immobilier-23669975-vente-maison-97m-a-brest-brest
BREST,Maison 141m2 - saint marc,https://www.etreproprio.com/immobilier-23594176-vente-maison-141m2-saint-marc-brest
BREST,Maison 158m² à brest,https://www.etreproprio.com/immobilier-23664359-vente-maison-158m-a-brest-brest
BREST,Maison 90m² à brest,https://www.etreproprio.com/immobilier-22724597-vente-maison-90m-a-brest-brest
BREST,Maison brest 6  pièce(s) à rénover,https://www.etreproprio.com/immobilier-23654435-vente-maison-brest-6-pieces-a-renover-brest
BREST,A vendre maison brest rive gauche 6 pièces 93.26 m2,https://www.etreproprio.com/immobilier-23654436-vente-a-vendre-maison-brest-rive-gauche-6-pieces-9326-m2-brest
BREST,Finistere - brest (29200) - a vendre - maison - 3 chambres - piece de vie lumineuse -  jardin - garage - proche toutes commodite,https://www.etreproprio.com/immobilier-23652105-vente-finistere-brest-29200-a-vendre-maison-3-chambres-piece-de-vie-lumineuse-jardin-garage-proche-toutes-commodite-brest
BREST,Brest - saint martin - maison de ville 110m² - garage,https://www.etreproprio.com/immobilier-22408163-vente-brest-saint-martin-maison-de-ville-110m-garage-brest
BREST,Finistere - brest (29200) - a vendre - maison de charme des annees 30 de 150 m² avec jardin clos et garage - 4 chambres - renova,https://www.etreproprio.com/immobilier-23652102-vente-finistere-brest-29200-a-vendre-maison-de-charme-des-annees-30-de-150-m-avec-jardin-clos-et-garage-4-chambres-renova-brest
BREST,"En exclusivité orpi !! brest saint pierre,  maison au calme non mitoyenne",https://www.etreproprio.com/immobilier-23643336-vente-en-exclusivite-orpi-brest-saint-pierre-maison-au-calme-non-mitoyenne-brest
BREST,"En exclusivité orpi !! brest saint pierre,  maison au calme non mitoyenne",https://www.etreproprio.com/immobilier-23643364-vente-en-exclusivite-orpi-brest-saint-pierre-maison-au-calme-non-mitoyenne-brest
BREST,Élégante maison de ville rénovée – quartier saint-marc brest,https://www.etreproprio.com/immobilier-23644554-vente-elegante-maison-de-ville-renovee-quartier-saint-marc-brest-brest
BREST,Finistere - brest (29200) - a vendre - maison de 150 m² avec extension contemporaine - espace de vie +60 m² - 3/4 chambres - jar,https://www.etreproprio.com/immobilier-23643339-vente-finistere-brest-29200-a-vendre-maison-de-150-m-avec-extension-contemporaine-espace-de-vie-60-m-34-chambres-jar-brest
BREST,Brest lambezellec maison non mitoyenne de 98m² avec 4 chambres,https://www.etreproprio.com/immobilier-23471460-vente-brest-lambezellec-maison-non-mitoyenne-de-98m-avec-4-chambres-brest
CAMARET-SUR-MER,Jolie maison proche mer et commerces   idéal vacances ou investissement,https://www.etreproprio.com/immobilier-22712773-vente-jolie-maison-proche-mer-et-commerces-ideal-vacances-ou-investissement-camaret-sur-mer
CAMARET-SUR-MER,"Longère en pierre pleine de charme, au calme et proche de l’hyper centre",https://www.etreproprio.com/immobilier-22684578-vente-longere-en-pierre-pleine-de-charme-au-calme-et-proche-de-l-hyper-centre-camaret-sur-mer
CAMARET-SUR-MER,"Longère en pierre pleine de charme, au calme et proche de l'",https://www.etreproprio.com/immobilier-22684750-vente-longere-en-pierre-pleine-de-charme-au-calme-et-proche-de-l-camaret-sur-mer
CAMARET-SUR-MER,À vendre – camaret-sur-mer  spacieuse maison traditionnelle à deux pas des plages et du centre-ville,https://www.etreproprio.com/immobilier-21895743-vente-a-vendre-camaret-sur-mer-spacieuse-maison-traditionnelle-a-deux-pas-des-plages-et-du-centre-ville-camaret-sur-mer
CAMARET-SUR-MER,Authentique maison bretonne proche du port de camaret-sur-mer,https://www.etreproprio.com/immobilier-22657791-vente-authentique-maison-bretonne-proche-du-port-de-camaret-sur-mer-camaret-sur-mer
CAMARET-SUR-MER,Maison de caractère à vendre à camaret-sur-mer – à deux pas du port et des commerces,https://www.etreproprio.com/immobilier-22657113-vente-maison-de-caractere-a-vendre-a-camaret-sur-mer-a-deux-pas-du-port-et-des-commerces-camaret-sur-mer
CAMARET-SUR-MER,"Camaret-sur-mer – maison de ville pleine de charme, au cœur du quartier des artistes",https://www.etreproprio.com/immobilier-22616091-vente-camaret-sur-mer-maison-de-ville-pleine-de-charme-au-coeur-du-quartier-des-artistes-camaret-sur-mer
CAMARET-SUR-MER,Maison 295m² à camaret-sur-mer,https://www.etreproprio.com/immobilier-22577406-vente-maison-295m-a-camaret-sur-mer-camaret-sur-mer
CAMARET-SUR-MER,Maison de pêcheur avec annexe locative,https://www.etreproprio.com/immobilier-22571869-vente-maison-de-pecheur-avec-annexe-locative-camaret-sur-mer
CAMARET-SUR-MER,Maison de pêcheur avec annexe locative,https://www.etreproprio.com/immobilier-22571854-vente-maison-de-pecheur-avec-annexe-locative-camaret-sur-mer
CAMARET-SUR-MER,Maison plain-pied au centre ville,https://www.etreproprio.com/immobilier-22474725-vente-maison-plain-pied-au-centre-ville-camaret-sur-mer
CAMARET-SUR-MER,Maison plain-pied au centre ville,https://www.etreproprio.com/immobilier-21589345-vente-maison-plain-pied-au-centre-ville-camaret-sur-mer
CAMARET-SUR-MER,"Maison familiale avec jardin, proche commerces et quais camaret sur mer",https://www.etreproprio.com/immobilier-22209989-vente-maison-familiale-avec-jardin-proche-commerces-et-quais-camaret-sur-mer-camaret-sur-mer
CAMARET-SUR-MER,Spacieuse propriété située à proximité immédiate de la plage,https://www.etreproprio.com/immobilier-22112313-vente-spacieuse-propriete-situee-a-proximite-immediate-de-la-plage-camaret-sur-mer
CAMARET-SUR-MER,Maison 84m² à camaret-sur-mer,https://www.etreproprio.com/immobilier-22111185-vente-maison-84m-a-camaret-sur-mer-camaret-sur-mer
CAMARET-SUR-MER,"Maison spacieuse à camaret-sur-mer, à deux pas de la plage !",https://www.etreproprio.com/immobilier-21907087-vente-maison-spacieuse-a-camaret-sur-mer-a-deux-pas-de-la-plage-camaret-sur-mer
CAMARET-SUR-MER,Charmante maison néo-bretonne sur sous-sol,https://www.etreproprio.com/immobilier-21795918-vente-charmante-maison-neo-bretonne-sur-sous-sol-camaret-sur-mer
CAMARET-SUR-MER,Maison sur le port de camaret-sur-mer,https://www.etreproprio.com/immobilier-21580891-vente-maison-sur-le-port-de-camaret-sur-mer-camaret-sur-mer
CAMARET-SUR-MER,Penty traditionnel,https://www.etreproprio.com/immobilier-21465122-vente-penty-traditionnel-camaret-sur-mer
CAMARET-SUR-MER,"Contemporaine en bois avec vue mer, à 500m de la plage  camaret sur mer",https://www.etreproprio.com/immobilier-21395050-vente-contemporaine-en-bois-avec-vue-mer-a-500m-de-la-plage-camaret-sur-mer-camaret-sur-mer
CAMARET-SUR-MER,Penty traditionnel,https://www.etreproprio.com/immobilier-21196510-vente-penty-traditionnel-camaret-sur-mer
CARANTEC,Maison 70m² à carantec,https://www.etreproprio.com/immobilier-21335411-vente-maison-70m-a-carantec-carantec
CARANTEC,Maison 70m² à carantec,https://www.etreproprio.com/immobilier-21335410-vente-maison-70m-a-carantec-carantec
CARANTEC,Maison 70m² à carantec,https://www.etreproprio.com/immobilier-21323840-vente-maison-70m-a-carantec-carantec
CARANTEC,Maison 50m² à carantec,https://www.etreproprio.com/immobilier-21317986-vente-maison-50m-a-carantec-carantec
CARANTEC,Villa luxe première ligne golf nueva andalucía vues imprenables,https://www.etreproprio.com/immobilier-20908578-vente-villa-luxe-premiere-ligne-golf-nueva-andalucia-vues-imprenables-carantec
CARANTEC,"Villa de luxe à nueva andalucia, marbella",https://www.etreproprio.com/immobilier-20647698-vente-villa-de-luxe-a-nueva-andalucia-marbella-carantec
CARANTEC,Nueva andalucia - exquise villa méditerranéenne,https://www.etreproprio.com/immobilier-19448430-vente-nueva-andalucia-exquise-villa-mediterraneenne-carantec
CARANTEC,Superbe villa moderne avec emplacement de choix en nueva andalucia,https://www.etreproprio.com/immobilier-19407670-vente-superbe-villa-moderne-avec-emplacement-de-choix-en-nueva-andalucia-carantec
CARANTEC,Villa de luxe sensationnelle dans la vallée du golf,https://www.etreproprio.com/immobilier-19375871-vente-villa-de-luxe-sensationnelle-dans-la-vallee-du-golf-carantec
CARANTEC,Superbe villa méditerranéenne au coeur de la vallée du golf,https://www.etreproprio.com/immobilier-19375870-vente-superbe-villa-mediterraneenne-au-coeur-de-la-vallee-du-golf-carantec
CARANTEC,Spectaculaire villa  récente à quelques pas de la plage,https://www.etreproprio.com/immobilier-19331738-vente-spectaculaire-villa-recente-a-quelques-pas-de-la-plage-carantec
CARANTEC,Villa moderne captivante avec intérieurs sur mesure,https://www.etreproprio.com/immobilier-19331737-vente-villa-moderne-captivante-avec-interieurs-sur-mesure-carantec
CARANTEC,Villa de luxe - vues panoramiques - nueva andaucia,https://www.etreproprio.com/immobilier-19311759-vente-villa-de-luxe-vues-panoramiques-nueva-andaucia-carantec
CARANTEC,Superbe villa renovée à nueva andalucia,https://www.etreproprio.com/immobilier-19280406-vente-superbe-villa-renovee-a-nueva-andalucia-carantec
CARANTEC,Villa - alhambra - 12 chambres - nueva andalucia,https://www.etreproprio.com/immobilier-19270518-vente-villa-alhambra-12-chambres-nueva-andalucia-carantec
BREST,A vendre maison t7 plus salle de reception a brest lambezellec,https://www.etreproprio.com/immobilier-23637996-vente-a-vendre-maison-t7-plus-salle-de-reception-a-brest-lambezellec-brest
BREST,A vendre brest maison plain pied quartier vieux st marc,https://www.etreproprio.com/immobilier-23047229-vente-a-vendre-brest-maison-plain-pied-quartier-vieux-st-marc-brest
BREST,Finistere - brest (29200) - a vendre - maison t6 145m² - 4 chambres - garage - terrain clos 500m² - belle piece de vie,https://www.etreproprio.com/immobilier-23623093-vente-finistere-brest-29200-a-vendre-maison-t6-145m-4-chambres-garage-terrain-clos-500m-belle-piece-de-vie-brest
BREST,"Barraine immo, a vendre à brest, secteur bergot , ensemble immobilier t8 6 chambres et deux studios  entièrement rénové",https://www.etreproprio.com/immobilier-22680591-vente-barraine-immo-a-vendre-a-brest-secteur-bergot-ensemble-immobilier-t8-6-chambres-et-deux-studios-entierement-renove-brest
BREST,Maison brest 7 pièce(s) 150 m2,https://www.etreproprio.com/immobilier-19724228-vente-maison-brest-7-pieces-150-m2-brest
BREST,"Coup de coeur expertimo   demeure d’architecte à kerangall, entre le moulin blanc et saint-marc",https://www.etreproprio.com/immobilier-23615140-vente-coup-de-coeur-expertimo-demeure-d-architecte-a-kerangall-entre-le-moulin-blanc-et-saint-marc-brest
BREST,"Maison brest  - saint-pierre, 6 pièces",https://www.etreproprio.com/immobilier-23601348-vente-maison-brest-saint-pierre-6-pieces-brest
BREST,"Nouveauté-a vendre- brest-maison de type 7, de 135 m²",https://www.etreproprio.com/immobilier-23599616-vente-nouveaute-a-vendre-brest-maison-de-type-7-de-135-m-brest
BREST,"Brest - st pierre, maison 6 pièces, 4 chambres",https://www.etreproprio.com/immobilier-23601350-vente-brest-st-pierre-maison-6-pieces-4-chambres-brest
BREST,Brest - belle maison t7,https://www.etreproprio.com/immobilier-22939016-vente-brest-belle-maison-t7-brest
BREST,Maison 82m² à brest,https://www.etreproprio.com/immobilier-23576839-vente-maison-82m-a-brest-brest
BREST,Exclusivité - rive droite - maison des années 30 - 4 chambres - très belle vue mer - petit jardinet - rare,https://www.etreproprio.com/immobilier-23567102-vente-exclusivite-rive-droite-maison-des-annees-30-4-chambres-tres-belle-vue-mer-petit-jardinet-rare-brest
BREST,Maison 90m² à brest,https://www.etreproprio.com/immobilier-23085897-vente-maison-90m-a-brest-brest
BREST,Maison brest 7 pièces 150 m²,https://www.etreproprio.com/immobilier-23556935-vente-maison-brest-7-pieces-150-m-brest
BREST,Maison 80m² à brest,https://www.etreproprio.com/immobilier-23490010-vente-maison-80m-a-brest-brest
BREST,Maison brest secteur saint-pierre - t6 80 m²,https://www.etreproprio.com/immobilier-23317246-vente-maison-brest-secteur-saint-pierre-t6-80-m-brest
BREST,A vendre - maison brest saint martin de 174m²  garage,https://www.etreproprio.com/immobilier-23510619-vente-a-vendre-maison-brest-saint-martin-de-174m-garage-brest
BREST,"Maison  brest  maison t5 avec terrasses, parking et garage 114 m2",https://www.etreproprio.com/immobilier-23512229-vente-maison-brest-maison-t5-avec-terrasses-parking-et-garage-114-m2-brest
BREST,Propriété de 1880 accès direct mer - aux portes de brest,https://www.etreproprio.com/immobilier-23497799-vente-propriete-de-1880-acces-direct-mer-aux-portes-de-brest-brest
BREST,"En exclusivité , maison à brest stangalard / le bot",https://www.etreproprio.com/immobilier-23502502-vente-en-exclusivite-maison-a-brest-stangalard-le-bot-brest
CARHAIX-PLOUGUER,Maison 140m² à carhaix-plouguer,https://www.etreproprio.com/immobilier-23894580-vente-maison-140m-a-carhaix-plouguer-carhaix-plouguer
CARHAIX-PLOUGUER,Maison 83m² à carhaix-plouguer,https://www.etreproprio.com/immobilier-23885178-vente-maison-83m-a-carhaix-plouguer-carhaix-plouguer
CARHAIX-PLOUGUER,Maison avec piscine couverte,https://www.etreproprio.com/immobilier-23869962-vente-maison-avec-piscine-couverte-carhaix-plouguer
CARHAIX-PLOUGUER,Magnifique propriété à vendre 13 pièces mael carhaix (22),https://www.etreproprio.com/immobilier-23876987-vente-magnifique-propriete-a-vendre-13-pieces-mael-carhaix-22-carhaix-plouguer
CARHAIX-PLOUGUER,Carhaix centre maison avec vie de plain-pied,https://www.etreproprio.com/immobilier-23541648-vente-carhaix-centre-maison-avec-vie-de-plain-pied-carhaix-plouguer
CARHAIX-PLOUGUER,Maison sur carhaix plouguer,https://www.etreproprio.com/immobilier-23855223-vente-maison-sur-carhaix-plouguer-carhaix-plouguer
CARHAIX-PLOUGUER,Finistère: carhaix. opportunité de rénovation. maison à deux étages sur un terrain de 870 m².,https://www.etreproprio.com/immobilier-23843044-vente-finistere-carhaix-opportunite-de-renovation-maison-a-deux-etages-sur-un-terrain-de-870-m-carhaix-plouguer
CARHAIX-PLOUGUER,Maison de 5 pièces de 75 m² située à carhaix-plouguer,https://www.etreproprio.com/immobilier-23804243-vente-maison-de-5-pieces-de-75-m-situee-a-carhaix-plouguer-carhaix-plouguer
CARHAIX-PLOUGUER,Maison 86m² à carhaix-plouguer,https://www.etreproprio.com/immobilier-23788798-vente-maison-86m-a-carhaix-plouguer-carhaix-plouguer
CARHAIX-PLOUGUER,Maison 123m² à carhaix-plouguer,https://www.etreproprio.com/immobilier-23767947-vente-maison-123m-a-carhaix-plouguer-carhaix-plouguer
CARHAIX-PLOUGUER,Maison 75m² à carhaix-plouguer,https://www.etreproprio.com/immobilier-23389602-vente-maison-75m-a-carhaix-plouguer-carhaix-plouguer
CARHAIX-PLOUGUER,"Carhaix, proche des commerces",https://www.etreproprio.com/immobilier-23141046-vente-carhaix-proche-des-commerces-carhaix-plouguer
CARHAIX-PLOUGUER,Maison 360m² à carhaix-plouguer,https://www.etreproprio.com/immobilier-23714084-vente-maison-360m-a-carhaix-plouguer-carhaix-plouguer
CARHAIX-PLOUGUER,Maison 103m² à carhaix-plouguer,https://www.etreproprio.com/immobilier-23102469-vente-maison-103m-a-carhaix-plouguer-carhaix-plouguer
CARHAIX-PLOUGUER,Maison 143m² à carhaix-plouguer,https://www.etreproprio.com/immobilier-23674094-vente-maison-143m-a-carhaix-plouguer-carhaix-plouguer
CARHAIX-PLOUGUER,Maison 118m² à carhaix-plouguer,https://www.etreproprio.com/immobilier-23631167-vente-maison-118m-a-carhaix-plouguer-carhaix-plouguer
CARHAIX-PLOUGUER,"En campagne, à 2 mn de carhaix",https://www.etreproprio.com/immobilier-23597348-vente-en-campagne-a-2-mn-de-carhaix-carhaix-plouguer
CARHAIX-PLOUGUER,Maison 103m² à carhaix-plouguer,https://www.etreproprio.com/immobilier-23592196-vente-maison-103m-a-carhaix-plouguer-carhaix-plouguer
CARHAIX-PLOUGUER,Maison de maître en centre-ville,https://www.etreproprio.com/immobilier-23575673-vente-maison-de-maitre-en-centre-ville-carhaix-plouguer
CARHAIX-PLOUGUER,Maison de charme au cœur de carhaix-plouguer - emplacement idéal – quartier calme – proximité immédiate des commodités,https://www.etreproprio.com/immobilier-22665281-vente-maison-de-charme-au-coeur-de-carhaix-plouguer-emplacement-ideal-quartier-calme-proximite-immediate-des-commodites-carhaix-plouguer
BREST,Brest kergonan maison t6,https://www.etreproprio.com/immobilier-22673046-vente-brest-kergonan-maison-t6-brest
BREST,Brest kergonan maison t6,https://www.etreproprio.com/immobilier-22673044-vente-brest-kergonan-maison-t6-brest
BREST,Finistere - brest (29200) - a vendre - charmante maison familiale - 6 pieces - 4 chambres - expo sud - pas de vis a vis - jardin,https://www.etreproprio.com/immobilier-23492839-vente-finistere-brest-29200-a-vendre-charmante-maison-familiale-6-pieces-4-chambres-expo-sud-pas-de-vis-a-vis-jardin-brest
BREST,Belle maison année 30- jardin 4 moulins,https://www.etreproprio.com/immobilier-22407673-vente-belle-maison-annee-30-jardin-4-moulins-brest
BREST,Maison 122m² à brest,https://www.etreproprio.com/immobilier-23478544-vente-maison-122m-a-brest-brest
BREST,Maison 5 chambres avec jardin a vendre brest,https://www.etreproprio.com/immobilier-22425791-vente-maison-5-chambres-avec-jardin-a-vendre-brest-brest
BREST,Exclusivité - brest - quartier 'la croix rouge' - 'kérinou' - maison - 108 m2 - extension récente - jardin clos,https://www.etreproprio.com/immobilier-23475291-vente-exclusivite-brest-quartier-la-croix-rouge-kerinou-maison-108-m2-extension-recente-jardin-clos-brest
BREST,Exclusivite brest kerbonne maison t7 119.56 m² - possibilité 170 m² habitables  - terrain clos 340 m²,https://www.etreproprio.com/immobilier-22504494-vente-exclusivite-brest-kerbonne-maison-t7-11956-m-possibilite-170-m-habitables-terrain-clos-340-m-brest
BREST,Maison en impasse,https://www.etreproprio.com/immobilier-23462491-vente-maison-en-impasse-brest
BREST,Finistere - brest (29200) - a vendre - maison - t5 - 4 chambres - beau potentiel - terrain arbore -  sous sol complet - garage -,https://www.etreproprio.com/immobilier-23449688-vente-finistere-brest-29200-a-vendre-maison-t5-4-chambres-beau-potentiel-terrain-arbore-sous-sol-complet-garage-brest
BREST,Maison a vendre brest lanredec,https://www.etreproprio.com/immobilier-22871381-vente-maison-a-vendre-brest-lanredec-brest
BREST,Kérangall - maison de charme de 129 m2,https://www.etreproprio.com/immobilier-23427690-vente-kerangall-maison-de-charme-de-129-m2-brest
BREST,Maison 113m² à brest,https://www.etreproprio.com/immobilier-23408732-vente-maison-113m-a-brest-brest
BREST,Maison 100 m - plain pied - 2 chambres - jardin paysage - veranda - en impasse,https://www.etreproprio.com/immobilier-23382658-vente-maison-100-m-plain-pied-2-chambres-jardin-paysage-veranda-en-impasse-brest
BREST,Maison 150m² à brest,https://www.etreproprio.com/immobilier-23372016-vente-maison-150m-a-brest-brest
BREST,Pilier rouge - petite maison individuelle avec terrasse et un lot de 3 garages (vendu avec locataires en place),https://www.etreproprio.com/immobilier-23379197-vente-pilier-rouge-petite-maison-individuelle-avec-terrasse-et-un-lot-de-3-garages-vendu-avec-locataires-en-place-brest
BREST,Maison 89m² à brest,https://www.etreproprio.com/immobilier-23231757-vente-maison-89m-a-brest-brest
BREST,Maison a vendre brest kervao proche bohars,https://www.etreproprio.com/immobilier-21228705-vente-maison-a-vendre-brest-kervao-proche-bohars-brest
BREST,Maison t6 113m² proche mer - port de la maison blanche,https://www.etreproprio.com/immobilier-23330037-vente-maison-t6-113m-proche-mer-port-de-la-maison-blanche-brest
BREST,charmante maison néo-bretonne - proche lycée la croix rouge,https://www.etreproprio.com/immobilier-22423463-vente-charmante-maison-neo-bretonne-proche-lycee-la-croix-rouge-brest
CAST,Maison sur cast,https://www.etreproprio.com/immobilier-23885986-vente-maison-sur-cast-cast
CAST,Maison 185m² à cast,https://www.etreproprio.com/immobilier-23780220-vente-maison-185m-a-cast-cast
CAST,Maison cast 5 pièce(s) 110 m2,https://www.etreproprio.com/immobilier-23688050-vente-maison-cast-5-pieces-110-m2-cast
CAST,"Maison, 4 pièces, de 12o m² à cast 29150",https://www.etreproprio.com/immobilier-23694432-vente-maison-4-pieces-de-12o-m-a-cast-29150-cast
CAST,Maison 110m² à cast,https://www.etreproprio.com/immobilier-23679627-vente-maison-110m-a-cast-cast
CAST,Maison cast 6 pièce(s) 129 m2,https://www.etreproprio.com/immobilier-23638973-vente-maison-cast-6-pieces-129-m2-cast
CAST,Maison 128m² à cast,https://www.etreproprio.com/immobilier-23631626-vente-maison-128m-a-cast-cast
CAST,Maison cast 6 pièce(s) 142 m2,https://www.etreproprio.com/immobilier-23568533-vente-maison-cast-6-pieces-142-m2-cast
CAST,Maison 142m² à cast,https://www.etreproprio.com/immobilier-23559271-vente-maison-142m-a-cast-cast
CAST,Maison de 235 m² à cast 29150,https://www.etreproprio.com/immobilier-22673785-vente-maison-de-235-m-a-cast-29150-cast
CAST,"Propriété 236m2, 7 pièces",https://www.etreproprio.com/immobilier-21347229-vente-propriete-236m2-7-pieces-cast
CAST,"Immeuble de 8 pièces, 182 m² à cast 29150",https://www.etreproprio.com/immobilier-21642722-vente-immeuble-de-8-pieces-182-m-a-cast-29150-cast
CARHAIX-PLOUGUER,Maison 230m² à carhaix-plouguer,https://www.etreproprio.com/immobilier-23547826-vente-maison-230m-a-carhaix-plouguer-carhaix-plouguer
CARHAIX-PLOUGUER,Maison à vendre 3 pièces carhaix plouguer (29),https://www.etreproprio.com/immobilier-23494826-vente-maison-a-vendre-3-pieces-carhaix-plouguer-29-carhaix-plouguer
CARHAIX-PLOUGUER,Maison 56m² à carhaix-plouguer,https://www.etreproprio.com/immobilier-23280639-vente-maison-56m-a-carhaix-plouguer-carhaix-plouguer
CARHAIX-PLOUGUER,Tres belle maison de plain pied de 112 m2 réalisée en 2018 dans le finistère en limite du morbihan - (10 min de gourin - 10 min,https://www.etreproprio.com/immobilier-23465131-vente-tres-belle-maison-de-plain-pied-de-112-m2-realisee-en-2018-dans-le-finistere-en-limite-du-morbihan-10-min-de-gourin-10-min-carhaix-plouguer
CARHAIX-PLOUGUER,Maison 110m² à carhaix-plouguer,https://www.etreproprio.com/immobilier-22743150-vente-maison-110m-a-carhaix-plouguer-carhaix-plouguer
CARHAIX-PLOUGUER,Maison 117m² à carhaix-plouguer,https://www.etreproprio.com/immobilier-23402644-vente-maison-117m-a-carhaix-plouguer-carhaix-plouguer
CARHAIX-PLOUGUER,Belle maison familiale au calme,https://www.etreproprio.com/immobilier-23393128-vente-belle-maison-familiale-au-calme-carhaix-plouguer
CARHAIX-PLOUGUER,Maison 89m² à carhaix-plouguer,https://www.etreproprio.com/immobilier-23387553-vente-maison-89m-a-carhaix-plouguer-carhaix-plouguer
CARHAIX-PLOUGUER,Ancien moulin,https://www.etreproprio.com/immobilier-23053790-vente-ancien-moulin-carhaix-plouguer
CARHAIX-PLOUGUER,"Carhaix, proche centre-ville",https://www.etreproprio.com/immobilier-23361354-vente-carhaix-proche-centre-ville-carhaix-plouguer
CARHAIX-PLOUGUER,Côtes-d'armor: plévin. 2 maisons en pierre rénovées au coeur d'un bourg avec potentiel de revenus.,https://www.etreproprio.com/immobilier-22158869-vente-cotes-d-armor-plevin-2-maisons-en-pierre-renovees-au-coeur-d-un-bourg-avec-potentiel-de-revenus-carhaix-plouguer
CARHAIX-PLOUGUER,Maison 234m² à carhaix-plouguer,https://www.etreproprio.com/immobilier-23339372-vente-maison-234m-a-carhaix-plouguer-carhaix-plouguer
CARHAIX-PLOUGUER,"Dpt finistère (29), à vendre carhaix plouguer maison p9 de 232 m² - terrain de 2133 m²",https://www.etreproprio.com/immobilier-21153566-vente-dpt-finistere-29-a-vendre-carhaix-plouguer-maison-p9-de-232-m-terrain-de-2133-m-carhaix-plouguer
CARHAIX-PLOUGUER,Exclusivité - maison à vendre 4 pièces carhaix plouguer (29),https://www.etreproprio.com/immobilier-22964828-vente-exclusivite-maison-a-vendre-4-pieces-carhaix-plouguer-29-carhaix-plouguer
CARHAIX-PLOUGUER,"Morbihan, à proximité de carhaix-plouguer : maison de 3 chambres avec jardin dans le village de trébrivan",https://www.etreproprio.com/immobilier-23279888-vente-morbihan-a-proximite-de-carhaix-plouguer-maison-de-3-chambres-avec-jardin-dans-le-village-de-trebrivan-carhaix-plouguer
CARHAIX-PLOUGUER,Exclusivité - carhaix-plouguer - maison de ville 6 pièces avec jardin - dpe c,https://www.etreproprio.com/immobilier-22068951-vente-exclusivite-carhaix-plouguer-maison-de-ville-6-pieces-avec-jardin-dpe-c-carhaix-plouguer
CARHAIX-PLOUGUER,Maison de caractère dans le centre de carhaix,https://www.etreproprio.com/immobilier-23024615-vente-maison-de-caractere-dans-le-centre-de-carhaix-carhaix-plouguer
CARHAIX-PLOUGUER,Maison 265m² à carhaix-plouguer,https://www.etreproprio.com/immobilier-22984875-vente-maison-265m-a-carhaix-plouguer-carhaix-plouguer
CARHAIX-PLOUGUER,Maison carhaix plouguer 7 pièce(s) 120 m2,https://www.etreproprio.com/immobilier-22940328-vente-maison-carhaix-plouguer-7-pieces-120-m2-carhaix-plouguer
CARHAIX-PLOUGUER,29270 carhaix maison proches toutes commodités et écoles 3 chambres garage bien isolée,https://www.etreproprio.com/immobilier-22881254-vente-29270-carhaix-maison-proches-toutes-commodites-et-ecoles-3-chambres-garage-bien-isolee-carhaix-plouguer
CHATEAULIN,Maison d'architecte proche des plages en bretagne,https://www.etreproprio.com/immobilier-23906229-vente-maison-d-architecte-proche-des-plages-en-bretagne-chateaulin
CHATEAULIN,Maison 95 m2 / 1000m2 de terrain en centre ville,https://www.etreproprio.com/immobilier-22929769-vente-maison-95-m2-1000m2-de-terrain-en-centre-ville-chateaulin
CHATEAULIN,Maison 104m² à chateaulin,https://www.etreproprio.com/immobilier-23857800-vente-maison-104m-a-chateaulin-chateaulin
CHATEAULIN,"Charmante maison familiale à châteaulin – quartier calme, proche centre-ville",https://www.etreproprio.com/immobilier-23845350-vente-charmante-maison-familiale-a-chateaulin-quartier-calme-proche-centre-ville-chateaulin
CHATEAULIN,Maison chateaulin 5 pièce(s) 106 m2,https://www.etreproprio.com/immobilier-23038785-vente-maison-chateaulin-5-pieces-106-m2-chateaulin
CHATEAULIN,Maison à vendre 8 pièces chateaulin (29),https://www.etreproprio.com/immobilier-23285971-vente-maison-a-vendre-8-pieces-chateaulin-29-chateaulin
CHATEAULIN,Maison 106m² à chateaulin,https://www.etreproprio.com/immobilier-23040718-vente-maison-106m-a-chateaulin-chateaulin
CHATEAULIN,Maison 91m² à chateaulin,https://www.etreproprio.com/immobilier-23679626-vente-maison-91m-a-chateaulin-chateaulin
CHATEAULIN,"Maison chateaulin 4 pièce(s) 91,22 m2",https://www.etreproprio.com/immobilier-23678296-vente-maison-chateaulin-4-pieces-9122-m2-chateaulin
CHATEAULIN,Maison 200m² à chateaulin,https://www.etreproprio.com/immobilier-23569557-vente-maison-200m-a-chateaulin-chateaulin
CHATEAULIN,Maison 120m² à chateaulin,https://www.etreproprio.com/immobilier-23569559-vente-maison-120m-a-chateaulin-chateaulin
CHATEAULIN,Maison 45m² à chateaulin,https://www.etreproprio.com/immobilier-23559269-vente-maison-45m-a-chateaulin-chateaulin
CHATEAULIN,Maison châteaulin 3 pièce(s) 45.84 m2,https://www.etreproprio.com/immobilier-23556848-vente-maison-chateaulin-3-pieces-4584-m2-chateaulin
CHATEAULIN,Maison familiale au coeur de châteaulin,https://www.etreproprio.com/immobilier-23528825-vente-maison-familiale-au-coeur-de-chateaulin-chateaulin
CHATEAULIN,Fort potentiel,https://www.etreproprio.com/immobilier-23119833-vente-fort-potentiel-chateaulin
CHATEAULIN,Maison 3 chambres centre ville avec jardin,https://www.etreproprio.com/immobilier-22382190-vente-maison-3-chambres-centre-ville-avec-jardin-chateaulin
CHATEAULIN,Maison chateaulin 7 pièce(s) 152 m2,https://www.etreproprio.com/immobilier-22707207-vente-maison-chateaulin-7-pieces-152-m2-chateaulin
CHATEAULIN,Maison 152m² à chateaulin,https://www.etreproprio.com/immobilier-22709336-vente-maison-152m-a-chateaulin-chateaulin
CHATEAULIN,Maison de ville,https://www.etreproprio.com/immobilier-22933690-vente-maison-de-ville-chateaulin
CHATEAULIN,Maison 180m² à chateaulin,https://www.etreproprio.com/immobilier-22896187-vente-maison-180m-a-chateaulin-chateaulin
BREST,Maison 85m² à brest,https://www.etreproprio.com/immobilier-23306503-vente-maison-85m-a-brest-brest
BREST,Maison 4 pièces 87 m2 secteur croix-rouge,https://www.etreproprio.com/immobilier-22587056-vente-maison-4-pieces-87-m2-secteur-croix-rouge-brest
BREST,"Brest maison t7 de  2020, moderne, confortable et éco-performant",https://www.etreproprio.com/immobilier-23310321-vente-brest-maison-t7-de-2020-moderne-confortable-et-eco-performant-brest
BREST,Brest st marc-maison de ville de 2023-belles prestations,https://www.etreproprio.com/immobilier-23289367-vente-brest-st-marc-maison-de-ville-de-2023-belles-prestations-brest
BREST,Maison 205m² à brest,https://www.etreproprio.com/immobilier-23278049-vente-maison-205m-a-brest-brest
BREST,A vendre brest saint-martin appartement style loft belles prestations,https://www.etreproprio.com/immobilier-23270580-vente-a-vendre-brest-saint-martin-appartement-style-loft-belles-prestations-brest
BREST,Exclusivite barraine maison t6 4 chambres 120m² garage jardin kerbonne,https://www.etreproprio.com/immobilier-17900146-vente-exclusivite-barraine-maison-t6-4-chambres-120m-garage-jardin-kerbonne-brest
BREST,A  vendre maison de ville t5  secteur st martin à brest,https://www.etreproprio.com/immobilier-22886498-vente-a-vendre-maison-de-ville-t5-secteur-st-martin-a-brest-brest
BREST,"Brest, maison t8 de près de 200m2",https://www.etreproprio.com/immobilier-23250901-vente-brest-maison-t8-de-pres-de-200m2-brest
BREST,"Brest, maison t8 de près de 200m2",https://www.etreproprio.com/immobilier-23250895-vente-brest-maison-t8-de-pres-de-200m2-brest
BREST,Brest haut jaures  - proche place de starsbourg,https://www.etreproprio.com/immobilier-23218821-vente-brest-haut-jaures-proche-place-de-starsbourg-brest
BREST,Maison familiale - brest les capcucins,https://www.etreproprio.com/immobilier-23212723-vente-maison-familiale-brest-les-capcucins-brest
BREST,"Brest - rive gauche maison 125 m2, 7 pièces, 5 chambres, vie de plain pied",https://www.etreproprio.com/immobilier-23200314-vente-brest-rive-gauche-maison-125-m2-7-pieces-5-chambres-vie-de-plain-pied-brest
BREST,Maison 118m² à brest,https://www.etreproprio.com/immobilier-22691327-vente-maison-118m-a-brest-brest
BREST,Maison 4 chambre(s) à vendre,https://www.etreproprio.com/immobilier-23109058-vente-maison-4-chambres-a-vendre-brest
BREST,Maison 90m² à brest,https://www.etreproprio.com/immobilier-23150384-vente-maison-90m-a-brest-brest
BREST,"Exclusivité-brest-a vendre maison de type 8, non-mitoyenne, de199m², sur 1287m²deterrain",https://www.etreproprio.com/immobilier-23005288-vente-exclusivite-brest-a-vendre-maison-de-type-8-non-mitoyenne-de199m-sur-1287m-deterrain-brest
BREST,"Charmante maison familiale sur sous-sol - brest, quartier des 4 moulins",https://www.etreproprio.com/immobilier-23024071-vente-charmante-maison-familiale-sur-sous-sol-brest-quartier-des-4-moulins-brest
BREST,"Brest petit kerzu, maison 5 chambres en parfait etat",https://www.etreproprio.com/immobilier-22540532-vente-brest-petit-kerzu-maison-5-chambres-en-parfait-etat-brest
BREST,Triplex t6 a vendre brest,https://www.etreproprio.com/immobilier-21008287-vente-triplex-t6-a-vendre-brest-brest
CARHAIX-PLOUGUER,Maison 122m² à carhaix-plouguer,https://www.etreproprio.com/immobilier-22742888-vente-maison-122m-a-carhaix-plouguer-carhaix-plouguer
CARHAIX-PLOUGUER,Maison de quartier,https://www.etreproprio.com/immobilier-22443120-vente-maison-de-quartier-carhaix-plouguer
CARHAIX-PLOUGUER,Maison de ville,https://www.etreproprio.com/immobilier-22443115-vente-maison-de-ville-carhaix-plouguer
CARHAIX-PLOUGUER,"Finistère: landeleau. belle maison de campagne rénovée avec 3 ch, 2 sdb et jardin.",https://www.etreproprio.com/immobilier-21979950-vente-finistere-landeleau-belle-maison-de-campagne-renovee-avec-3-ch-2-sdb-et-jardin-carhaix-plouguer
CARHAIX-PLOUGUER,Maison 92m² à carhaix-plouguer,https://www.etreproprio.com/immobilier-22367672-vente-maison-92m-a-carhaix-plouguer-carhaix-plouguer
CARHAIX-PLOUGUER,"Finistere saint-hernin, une maison individuelle de 3 chambres avec dépendances",https://www.etreproprio.com/immobilier-21428215-vente-finistere-saint-hernin-une-maison-individuelle-de-3-chambres-avec-dependances-carhaix-plouguer
CARHAIX-PLOUGUER,Finistère: poullaouen. charmante maison de village de 2 chambres et 2 sdb avec potentiel d'extension.,https://www.etreproprio.com/immobilier-21327197-vente-finistere-poullaouen-charmante-maison-de-village-de-2-chambres-et-2-sdb-avec-potentiel-d-extension-carhaix-plouguer
CARHAIX-PLOUGUER,Maison 141m² à carhaix-plouguer,https://www.etreproprio.com/immobilier-21096179-vente-maison-141m-a-carhaix-plouguer-carhaix-plouguer
CARHAIX-PLOUGUER,Ancien relai de chasse et étang proche carhaix,https://www.etreproprio.com/immobilier-20940617-vente-ancien-relai-de-chasse-et-etang-proche-carhaix-carhaix-plouguer
CHATEAULIN,"Maison châteaulin 6 pièce(s) 101,47 m2",https://www.etreproprio.com/immobilier-22339563-vente-maison-chateaulin-6-pieces-10147-m2-chateaulin
CHATEAULIN,Maison 101m² à chateaulin,https://www.etreproprio.com/immobilier-22333756-vente-maison-101m-a-chateaulin-chateaulin
CHATEAULIN,Maison 150m² à chateaulin,https://www.etreproprio.com/immobilier-21871335-vente-maison-150m-a-chateaulin-chateaulin
CHATEAULIN,A vendre hameau chateaulin,https://www.etreproprio.com/immobilier-19424402-vente-a-vendre-hameau-chateaulin-chateaulin
BREST,Maison 4 chambre(s) à vendre,https://www.etreproprio.com/immobilier-20900297-vente-maison-4-chambres-a-vendre-brest
BREST,Maison brest 8 pièce(s) 141 m2,https://www.etreproprio.com/immobilier-22520841-vente-maison-brest-8-pieces-141-m2-brest
BREST,A vendre  brest maison d'architecte de 215 m2 proche capucins,https://www.etreproprio.com/immobilier-21576252-vente-a-vendre-brest-maison-d-architecte-de-215-m2-proche-capucins-brest
BREST,Brest - forestou maison de maitre de 440 m2 avec terrain clos de 1364m2,https://www.etreproprio.com/immobilier-21576256-vente-brest-forestou-maison-de-maitre-de-440-m2-avec-terrain-clos-de-1364m2-brest
BREST,"Maison d'exception à vendre à brest - 7 pièces, 4 chambres dans un cadre de vie privilégié",https://www.etreproprio.com/immobilier-23068836-vente-maison-d-exception-a-vendre-a-brest-7-pieces-4-chambres-dans-un-cadre-de-vie-privilegie-brest
BREST,Maison brest st marc,https://www.etreproprio.com/immobilier-22135365-vente-maison-brest-st-marc-brest
BREST,Maison 122m² à brest,https://www.etreproprio.com/immobilier-23027525-vente-maison-122m-a-brest-brest
BREST,Exclusivite maison a vendre brest 6 pieces,https://www.etreproprio.com/immobilier-22998695-vente-exclusivite-maison-a-vendre-brest-6-pieces-brest
BREST,Maison de caractere,https://www.etreproprio.com/immobilier-22969748-vente-maison-de-caractere-brest
BREST,"Brest - cavale blanche maison 160 m2, 5 chambres",https://www.etreproprio.com/immobilier-22953858-vente-brest-cavale-blanche-maison-160-m2-5-chambres-brest
BREST,Maison t5 parfait etat,https://www.etreproprio.com/immobilier-22954247-vente-maison-t5-parfait-etat-brest
BREST,Maison meublée idéale investisseur airbnb brest centre,https://www.etreproprio.com/immobilier-22861914-vente-maison-meublee-ideale-investisseur-airbnb-brest-centre-brest
BREST,"Rare, maison d’avant-guerre à brest",https://www.etreproprio.com/immobilier-22589696-vente-rare-maison-d-avant-guerre-a-brest-brest
BREST,A vendre : charmante maison des années 40 à brest  rive droite,https://www.etreproprio.com/immobilier-22589697-vente-a-vendre-charmante-maison-des-annees-40-a-brest-rive-droite-brest
BREST,Brest saint marc maison de 113 m² utiles = 62.65 m² habitables et sous-sol de 49.2 m² / terrain clos de 282 m²,https://www.etreproprio.com/immobilier-22329833-vente-brest-saint-marc-maison-de-113-m-utiles-6265-m-habitables-et-sous-sol-de-492-m-terrain-clos-de-282-m-brest
BREST,Maison de maitre a vendre brest saint marc,https://www.etreproprio.com/immobilier-22272629-vente-maison-de-maitre-a-vendre-brest-saint-marc-brest
BREST,Brest guelmeur,https://www.etreproprio.com/immobilier-20945317-vente-brest-guelmeur-brest
BREST,Moulin blanc - belle maison de charme - 5 chambres - rare,https://www.etreproprio.com/immobilier-22219057-vente-moulin-blanc-belle-maison-de-charme-5-chambres-rare-brest
BREST,Propriete t8 - 700 m plage moulin blanc,https://www.etreproprio.com/immobilier-22213947-vente-propriete-t8-700-m-plage-moulin-blanc-brest
BREST,Brest- bohars    demeure de caractère du xviie siècle,https://www.etreproprio.com/immobilier-21591764-vente-brest-bohars-demeure-de-caractere-du-xviie-siecle-brest
CHATEAUNEUF-DU-FAOU,Maison 90m² à chateauneuf-du-faou,https://www.etreproprio.com/immobilier-23883832-vente-maison-90m-a-chateauneuf-du-faou-chateauneuf-du-faou
CHATEAUNEUF-DU-FAOU,Maison 120m² à chateauneuf-du-faou,https://www.etreproprio.com/immobilier-23853549-vente-maison-120m-a-chateauneuf-du-faou-chateauneuf-du-faou
CHATEAUNEUF-DU-FAOU,Maison 102m² à chateauneuf-du-faou,https://www.etreproprio.com/immobilier-22896339-vente-maison-102m-a-chateauneuf-du-faou-chateauneuf-du-faou
CHATEAUNEUF-DU-FAOU,Maison chateauneuf du faou 5 pièce(s) 102 m2,https://www.etreproprio.com/immobilier-22895203-vente-maison-chateauneuf-du-faou-5-pieces-102-m2-chateauneuf-du-faou
CHATEAUNEUF-DU-FAOU,Maison à vendre 5 pièces chateauneuf du faou (29),https://www.etreproprio.com/immobilier-23787094-vente-maison-a-vendre-5-pieces-chateauneuf-du-faou-29-chateauneuf-du-faou
CHATEAUNEUF-DU-FAOU,"Petite maison de charme à châteauneuf-du-fou, en campagne",https://www.etreproprio.com/immobilier-23747580-vente-petite-maison-de-charme-a-chateauneuf-du-fou-en-campagne-chateauneuf-du-faou
CHATEAUNEUF-DU-FAOU,Maison chateauneuf du faou 6 pièce(s) 124 m2,https://www.etreproprio.com/immobilier-23722874-vente-maison-chateauneuf-du-faou-6-pieces-124-m2-chateauneuf-du-faou
CHATEAUNEUF-DU-FAOU,Maison 124m² à chateauneuf-du-faou,https://www.etreproprio.com/immobilier-23714338-vente-maison-124m-a-chateauneuf-du-faou-chateauneuf-du-faou
CHATEAUNEUF-DU-FAOU,Maison 123m² à chateauneuf-du-faou,https://www.etreproprio.com/immobilier-23447812-vente-maison-123m-a-chateauneuf-du-faou-chateauneuf-du-faou
CHATEAUNEUF-DU-FAOU,Maison 200m² à chateauneuf-du-faou,https://www.etreproprio.com/immobilier-23621020-vente-maison-200m-a-chateauneuf-du-faou-chateauneuf-du-faou
CHATEAUNEUF-DU-FAOU,Maison 110m² à chateauneuf-du-faou,https://www.etreproprio.com/immobilier-22899157-vente-maison-110m-a-chateauneuf-du-faou-chateauneuf-du-faou
CHATEAUNEUF-DU-FAOU,29520 châteauneuf du faou maison proche commodités 4 chambres sous sol garage 120 m²,https://www.etreproprio.com/immobilier-23540331-vente-29520-chateauneuf-du-faou-maison-proche-commodites-4-chambres-sous-sol-garage-120-m-chateauneuf-du-faou
CHATEAUNEUF-DU-FAOU,Maison de 5 pièces (95 m²) à vendre à chateauneuf du faou,https://www.etreproprio.com/immobilier-23492835-vente-maison-de-5-pieces-95-m-a-vendre-a-chateauneuf-du-faou-chateauneuf-du-faou
CHATEAUNEUF-DU-FAOU,"29520 châteauneuf du faou  ensemble de deux maisons dont 1 gîte , au calme sans vis à vis",https://www.etreproprio.com/immobilier-23404962-vente-29520-chateauneuf-du-faou-ensemble-de-deux-maisons-dont-1-gite-au-calme-sans-vis-a-vis-chateauneuf-du-faou
CHATEAUNEUF-DU-FAOU,Maison 106m² à chateauneuf-du-faou,https://www.etreproprio.com/immobilier-23387552-vente-maison-106m-a-chateauneuf-du-faou-chateauneuf-du-faou
CHATEAUNEUF-DU-FAOU,Maison à réinventer en campagne – châteauneuf-du-faou,https://www.etreproprio.com/immobilier-22407667-vente-maison-a-reinventer-en-campagne-chateauneuf-du-faou-chateauneuf-du-faou
CHATEAUNEUF-DU-FAOU,Maison familiale avec dépendances – proche centre de châteauneuf-du-faou,https://www.etreproprio.com/immobilier-23391787-vente-maison-familiale-avec-dependances-proche-centre-de-chateauneuf-du-faou-chateauneuf-du-faou
CHATEAUNEUF-DU-FAOU,Maison 109m² à chateauneuf-du-faou,https://www.etreproprio.com/immobilier-23350376-vente-maison-109m-a-chateauneuf-du-faou-chateauneuf-du-faou
CHATEAUNEUF-DU-FAOU,29520 châteauneuf du faou maison à rénover avec dépendances  sur 6400 m² au calme,https://www.etreproprio.com/immobilier-23344493-vente-29520-chateauneuf-du-faou-maison-a-renover-avec-dependances-sur-6400-m-au-calme-chateauneuf-du-faou
CHATEAUNEUF-DU-FAOU,"Belle néo-bretonne 128 m2, hangar et dépendances, terrain 9718 m2",https://www.etreproprio.com/immobilier-23298469-vente-belle-neo-bretonne-128-m2-hangar-et-dependances-terrain-9718-m2-chateauneuf-du-faou
CLEDEN-CAP-SIZUN,Maison cleden-cap-sizun,https://www.etreproprio.com/immobilier-23873697-vente-maison-cleden-cap-sizun-cleden-cap-sizun
CLEDEN-CAP-SIZUN,Maison cleden cap sizun 2 pièce(s) 62.72 m2,https://www.etreproprio.com/immobilier-23303101-vente-maison-cleden-cap-sizun-2-pieces-6272-m2-cleden-cap-sizun
CLEDEN-CAP-SIZUN,Maison 62m² à cleden-cap-sizun,https://www.etreproprio.com/immobilier-21549460-vente-maison-62m-a-cleden-cap-sizun-cleden-cap-sizun
CLEDEN-CAP-SIZUN,Maison à vendre 3 pièces cleden cap sizun (29) 60 m²,https://www.etreproprio.com/immobilier-21697398-vente-maison-a-vendre-3-pieces-cleden-cap-sizun-29-60-m-cleden-cap-sizun
CLEDEN-CAP-SIZUN,Maison 6 pièces de 79 m2 à cléden-cap-sizun,https://www.etreproprio.com/immobilier-23070142-vente-maison-6-pieces-de-79-m2-a-cleden-cap-sizun-cleden-cap-sizun
CLEDEN-CAP-SIZUN,Maison à la baie des trépassés,https://www.etreproprio.com/immobilier-20995372-vente-maison-a-la-baie-des-trepasses-cleden-cap-sizun
CLEDEN-CAP-SIZUN,Maison 126m² à cleden-cap-sizun,https://www.etreproprio.com/immobilier-17358707-vente-maison-126m-a-cleden-cap-sizun-cleden-cap-sizun
BREST,Exclusivité a vendre brest kerichen maison de ville 123.76 m² habitables 4 chambres jardin garage,https://www.etreproprio.com/immobilier-22156626-vente-exclusivite-a-vendre-brest-kerichen-maison-de-ville-12376-m-habitables-4-chambres-jardin-garage-brest
BREST,Maison 170m² à brest,https://www.etreproprio.com/immobilier-22114147-vente-maison-170m-a-brest-brest
BREST,Maison brest 7 pièce(s) 216 m2,https://www.etreproprio.com/immobilier-21042782-vente-maison-brest-7-pieces-216-m2-brest
BREST,Maison 60m² à brest,https://www.etreproprio.com/immobilier-20693538-vente-maison-60m-a-brest-brest
BREST,Maison 162m² à brest,https://www.etreproprio.com/immobilier-22005445-vente-maison-162m-a-brest-brest
BREST,Brest proximité hopital morvan,https://www.etreproprio.com/immobilier-21978760-vente-brest-proximite-hopital-morvan-brest
BREST,maison familiale avec dépendance – quartier kérinou,https://www.etreproprio.com/immobilier-21984284-vente-maison-familiale-avec-dependance-quartier-kerinou-brest
BREST,"Brest 4 moulins maison des années 30, 155 m², 6 chambres, garage double",https://www.etreproprio.com/immobilier-21929870-vente-brest-4-moulins-maison-des-annees-30-155-m-6-chambres-garage-double-brest
BREST,Brest - lambezellec - maison 5 pièces 88m² - rue calme - garage - jardin,https://www.etreproprio.com/immobilier-21854493-vente-brest-lambezellec-maison-5-pieces-88m-rue-calme-garage-jardin-brest
BREST,Belle opportunité à 5 minutes du bourg de saint marc à pied,https://www.etreproprio.com/immobilier-21590960-vente-belle-opportunite-a-5-minutes-du-bourg-de-saint-marc-a-pied-brest
BREST,Maison saint pierre,https://www.etreproprio.com/immobilier-20218793-vente-maison-saint-pierre-brest
BREST,Brest saint marc maison  5 pièces 82 m2,https://www.etreproprio.com/immobilier-21501261-vente-brest-saint-marc-maison-5-pieces-82-m2-brest
BREST,Maison t5 125m2,https://www.etreproprio.com/immobilier-21392601-vente-maison-t5-125m2-brest
BREST,Maison t4 des années 1950 à rénover,https://www.etreproprio.com/immobilier-21221820-vente-maison-t4-des-annees-1950-a-renover-brest
BREST,Investissement rare et clé en main ? maison rénovée et optimisée pour la colocation à st michel  - brest,https://www.etreproprio.com/immobilier-21197855-vente-investissement-rare-et-cle-en-main-maison-renovee-et-optimisee-pour-la-colocation-a-st-michel-brest-brest
BREST,Maison à vendre 7 pièces brest (29),https://www.etreproprio.com/immobilier-20513858-vente-maison-a-vendre-7-pieces-brest-29-brest
BREST,Demeure annees 30 revisitee,https://www.etreproprio.com/immobilier-20252509-vente-demeure-annees-30-revisitee-brest
BREST,""" déjà vendu par kerebel immobilier """,https://www.etreproprio.com/immobilier-19761101-vente-deja-vendu-par-kerebel-immobilier-brest
BREST,Belle maison t7,https://www.etreproprio.com/immobilier-19712810-vente-belle-maison-t7-brest
BREST,Brest ponchelet proche rue jean jaures,https://www.etreproprio.com/immobilier-19671868-vente-brest-ponchelet-proche-rue-jean-jaures-brest
CLEDEN-POHER,Maison à rénover,https://www.etreproprio.com/immobilier-23900294-vente-maison-a-renover-cleden-poher
CLEDEN-POHER,Maison à vendre 6 pièces cleden poher (29),https://www.etreproprio.com/immobilier-23749149-vente-maison-a-vendre-6-pieces-cleden-poher-29-cleden-poher
CLEDEN-POHER,"Maison à vendre 4 pièces cleden poher (29) grand jardin, garage et dépendances",https://www.etreproprio.com/immobilier-23695365-vente-maison-a-vendre-4-pieces-cleden-poher-29-grand-jardin-garage-et-dependances-cleden-poher
CLEDEN-POHER,Maison 140m² à cleden-poher,https://www.etreproprio.com/immobilier-23387594-vente-maison-140m-a-cleden-poher-cleden-poher
CLEDEN-POHER,Maison 486m² à cleden-poher,https://www.etreproprio.com/immobilier-23388954-vente-maison-486m-a-cleden-poher-cleden-poher
CLEDEN-POHER,"29270 cléden poher maison année 1980, 3 chambres au calme avec jardin arboré",https://www.etreproprio.com/immobilier-23193179-vente-29270-cleden-poher-maison-annee-1980-3-chambres-au-calme-avec-jardin-arbore-cleden-poher
CLEDEN-POHER,Maison 73m² à cleden-poher,https://www.etreproprio.com/immobilier-22671084-vente-maison-73m-a-cleden-poher-cleden-poher
CLEDEN-POHER,Charmante maison néo-bretonne avec grand terrain,https://www.etreproprio.com/immobilier-22482219-vente-charmante-maison-neo-bretonne-avec-grand-terrain-cleden-poher
CLEDEN-POHER,29270 cléden poher longère avec vue 2 pièces de 48 m² combles aménagés et dépendances,https://www.etreproprio.com/immobilier-22178760-vente-29270-cleden-poher-longere-avec-vue-2-pieces-de-48-m-combles-amenages-et-dependances-cleden-poher
CHATEAUNEUF-DU-FAOU,Maison 157m² à chateauneuf-du-faou,https://www.etreproprio.com/immobilier-21640345-vente-maison-157m-a-chateauneuf-du-faou-chateauneuf-du-faou
CHATEAUNEUF-DU-FAOU,Maison 106m² à chateauneuf-du-faou,https://www.etreproprio.com/immobilier-23299942-vente-maison-106m-a-chateauneuf-du-faou-chateauneuf-du-faou
CHATEAUNEUF-DU-FAOU,29520 châteauneuf du faou maison avec 4  chambres et salle d'eau récente pas de vis à vis,https://www.etreproprio.com/immobilier-23262741-vente-29520-chateauneuf-du-faou-maison-avec-4-chambres-et-salle-d-eau-recente-pas-de-vis-a-vis-chateauneuf-du-faou
CHATEAUNEUF-DU-FAOU,29520 châteauneuf du faou maison sans travaux sous sol 4 chambres salon séjour 32 m²,https://www.etreproprio.com/immobilier-23262766-vente-29520-chateauneuf-du-faou-maison-sans-travaux-sous-sol-4-chambres-salon-sejour-32-m-chateauneuf-du-faou
CHATEAUNEUF-DU-FAOU,Maison chateauneuf du faou 4 pièce(s) 95 m2,https://www.etreproprio.com/immobilier-23230669-vente-maison-chateauneuf-du-faou-4-pieces-95-m2-chateauneuf-du-faou
CHATEAUNEUF-DU-FAOU,Finistère : châteauneuf du faou. grande maison de ville de 4 chambres avec garage et jardin.,https://www.etreproprio.com/immobilier-23221310-vente-finistere-chateauneuf-du-faou-grande-maison-de-ville-de-4-chambres-avec-garage-et-jardin-chateauneuf-du-faou
CHATEAUNEUF-DU-FAOU,À découvrir sans tarder : un cocon de caractère à la campagne,https://www.etreproprio.com/immobilier-23201774-vente-a-decouvrir-sans-tarder-un-cocon-de-caractere-a-la-campagne-chateauneuf-du-faou
CHATEAUNEUF-DU-FAOU,Opportunité rare en centre-bourg de châteauneuf-du-faou !,https://www.etreproprio.com/immobilier-23116540-vente-opportunite-rare-en-centre-bourg-de-chateauneuf-du-faou-chateauneuf-du-faou
CHATEAUNEUF-DU-FAOU,29520 châteauneuf du faou maison familiale avec vue  4 - 6 chambres  sous sol complet,https://www.etreproprio.com/immobilier-21895912-vente-29520-chateauneuf-du-faou-maison-familiale-avec-vue-4-6-chambres-sous-sol-complet-chateauneuf-du-faou
CHATEAUNEUF-DU-FAOU,Maison chateauneuf du faou 6 pièce(s) 145 m2,https://www.etreproprio.com/immobilier-23088813-vente-maison-chateauneuf-du-faou-6-pieces-145-m2-chateauneuf-du-faou
CHATEAUNEUF-DU-FAOU,Maison 145m² à chateauneuf-du-faou,https://www.etreproprio.com/immobilier-23079555-vente-maison-145m-a-chateauneuf-du-faou-chateauneuf-du-faou
CHATEAUNEUF-DU-FAOU,Maison 139m² à chateauneuf-du-faou,https://www.etreproprio.com/immobilier-23069095-vente-maison-139m-a-chateauneuf-du-faou-chateauneuf-du-faou
CHATEAUNEUF-DU-FAOU,Chateauneuf-du-faou - maison à vendre 5 pièces avec hangar (29),https://www.etreproprio.com/immobilier-22980410-vente-chateauneuf-du-faou-maison-a-vendre-5-pieces-avec-hangar-29-chateauneuf-du-faou
CHATEAUNEUF-DU-FAOU,Maison à rénover avec fort potentiel à châteauneuf du faou,https://www.etreproprio.com/immobilier-22884733-vente-maison-a-renover-avec-fort-potentiel-a-chateauneuf-du-faou-chateauneuf-du-faou
CHATEAUNEUF-DU-FAOU,Maison 138m² à chateauneuf-du-faou,https://www.etreproprio.com/immobilier-22638471-vente-maison-138m-a-chateauneuf-du-faou-chateauneuf-du-faou
CHATEAUNEUF-DU-FAOU,29520 châteauneuf du faou proche bourg maison familiale louée 700  / mois,https://www.etreproprio.com/immobilier-22597010-vente-29520-chateauneuf-du-faou-proche-bourg-maison-familiale-louee-700-mois-chateauneuf-du-faou
CHATEAUNEUF-DU-FAOU,Maison 136m² à chateauneuf-du-faou,https://www.etreproprio.com/immobilier-20281124-vente-maison-136m-a-chateauneuf-du-faou-chateauneuf-du-faou
CHATEAUNEUF-DU-FAOU,29520 châteauneuf du faou maison à restaurer 2 chambres jardin,https://www.etreproprio.com/immobilier-21691304-vente-29520-chateauneuf-du-faou-maison-a-restaurer-2-chambres-jardin-chateauneuf-du-faou
CHATEAUNEUF-DU-FAOU,29520 châteauneuf du faou viager occupé 1 tête homme 77 ans aucun travaux à prévoir,https://www.etreproprio.com/immobilier-20996180-vente-29520-chateauneuf-du-faou-viager-occupe-1-tete-homme-77-ans-aucun-travaux-a-prevoir-chateauneuf-du-faou
BREST,Brest st michel,https://www.etreproprio.com/immobilier-19549945-vente-brest-st-michel-brest
BREST,Exclusivité brest saint-pierre maison / immeuble 170 m² 5 chambres sous-sol complet jardin,https://www.etreproprio.com/immobilier-19496527-vente-exclusivite-brest-saint-pierre-maison-immeuble-170-m-5-chambres-sous-sol-complet-jardin-brest
BREST,Maison 120m² à brest,https://www.etreproprio.com/immobilier-19099542-vente-maison-120m-a-brest-brest
BREST,Brest st marc  jolie maison 4 chambres 110 m2 jardin sud-ouest,https://www.etreproprio.com/immobilier-17466941-vente-brest-st-marc-jolie-maison-4-chambres-110-m2-jardin-sud-ouest-brest
BREST,Brest kerichen,https://www.etreproprio.com/immobilier-18799439-vente-brest-kerichen-brest
BREST,"Brest, proche centre ville,maison t4 de 2009",https://www.etreproprio.com/immobilier-18790402-vente-brest-proche-centre-villemaison-t4-de-2009-brest
BREST,Belle contemporaine t6 - vue mer,https://www.etreproprio.com/immobilier-18743472-vente-belle-contemporaine-t6-vue-mer-brest
BREST,""" déjà vendu par kerebel immobilier """,https://www.etreproprio.com/immobilier-18583603-vente-deja-vendu-par-kerebel-immobilier-brest
BREST,Excluvite  maison centre ville t2,https://www.etreproprio.com/immobilier-18448995-vente-excluvite-maison-centre-ville-t2-brest
BREST,"A saint marc, un trait de crayon affirmé en mode bbc",https://www.etreproprio.com/immobilier-18394539-vente-a-saint-marc-un-trait-de-crayon-affirme-en-mode-bbc-brest
BREST,Brest lambezellec,https://www.etreproprio.com/immobilier-17547968-vente-brest-lambezellec-brest
BREST,""" déjà vendu par kerebel immobilier """,https://www.etreproprio.com/immobilier-17196371-vente-deja-vendu-par-kerebel-immobilier-brest
BREST,Brest 4 pompes maison avec exterieur garage 4 chambres proche plage,https://www.etreproprio.com/immobilier-16173141-vente-brest-4-pompes-maison-avec-exterieur-garage-4-chambres-proche-plage-brest
BREST,Brest centre ville jolie maison avec exterieur et garage!,https://www.etreproprio.com/immobilier-15482786-vente-brest-centre-ville-jolie-maison-avec-exterieur-et-garage-brest
BREST,""" déjà vendu par kerebel immobilier """,https://www.etreproprio.com/immobilier-16534186-vente-deja-vendu-par-kerebel-immobilier-brest
BREST,Maison brest 7 pièce(s) 180 m2,https://www.etreproprio.com/immobilier-16393346-vente-maison-brest-7-pieces-180-m2-brest
BREST,Brest lambezellec jolie maison grand sejour avec cheminee 4 chambres garage jardin expose sud-ouest,https://www.etreproprio.com/immobilier-15265651-vente-brest-lambezellec-jolie-maison-grand-sejour-avec-cheminee-4-chambres-garage-jardin-expose-sud-ouest-brest
BREST,""" déjà vendu par kerebel immobilier """,https://www.etreproprio.com/immobilier-15208938-vente-deja-vendu-par-kerebel-immobilier-brest
BREST,Brest saint-marc magnifique maison de 144 m2 3 chambres 1 bureau jardin,https://www.etreproprio.com/immobilier-14914899-vente-brest-saint-marc-magnifique-maison-de-144-m2-3-chambres-1-bureau-jardin-brest
BREST,""" déjà vendu par kerebel immobilier """,https://www.etreproprio.com/immobilier-14847765-vente-deja-vendu-par-kerebel-immobilier-brest
CLEDER,Cléder : maison familiale de 7 pièces à deux pas des plages sur un terrain de 3800m²,https://www.etreproprio.com/immobilier-23850954-vente-cleder-maison-familiale-de-7-pieces-a-deux-pas-des-plages-sur-un-terrain-de-3800m-cleder
CLEDER,Maison 120m² à cleder,https://www.etreproprio.com/immobilier-23832837-vente-maison-120m-a-cleder-cleder
CLEDER,Maison cleder 5 pièce(s) 85.04 m2,https://www.etreproprio.com/immobilier-21878720-vente-maison-cleder-5-pieces-8504-m2-cleder
CLEDER,Maison 85m² à cleder,https://www.etreproprio.com/immobilier-22046932-vente-maison-85m-a-cleder-cleder
CLEDER,Maison 143m² à cleder,https://www.etreproprio.com/immobilier-23702322-vente-maison-143m-a-cleder-cleder
CLEDER,Maison sur cleder,https://www.etreproprio.com/immobilier-23681076-vente-maison-sur-cleder-cleder
CLEDER,Maison a vendre cleder 3 chambres a 200 m des plages,https://www.etreproprio.com/immobilier-23676532-vente-maison-a-vendre-cleder-3-chambres-a-200-m-des-plages-cleder
CLEDER,Maison cléder 141.7 m2-centre bourg,https://www.etreproprio.com/immobilier-23256867-vente-maison-cleder-1417-m2-centre-bourg-cleder
CLEDER,Demeure de prestige cleder  kerfissien7 pièce(s) 185 m2,https://www.etreproprio.com/immobilier-23629603-vente-demeure-de-prestige-cleder-kerfissien7-pieces-185-m2-cleder
CLEDER,Maison 38m² à cleder,https://www.etreproprio.com/immobilier-23620782-vente-maison-38m-a-cleder-cleder
CLEDER,Maison 68m² à cleder,https://www.etreproprio.com/immobilier-23620157-vente-maison-68m-a-cleder-cleder
CLEDER,Maison 108m² à cleder,https://www.etreproprio.com/immobilier-23602013-vente-maison-108m-a-cleder-cleder
CLEDER,Cléder : maison neuve de 2025 plain pied de 5 pièces - 112m² - terrain de 634m²,https://www.etreproprio.com/immobilier-23506211-vente-cleder-maison-neuve-de-2025-plain-pied-de-5-pieces-112m-terrain-de-634m-cleder
CLEDER,Cléder kerfissien– belle propriété de 7 pièces à  200m de la mer - terrain de 6700m²,https://www.etreproprio.com/immobilier-23477342-vente-cleder-kerfissien-belle-propriete-de-7-pieces-a-200m-de-la-mer-terrain-de-6700m-cleder
CLEDER,Maison 142m² à cleder,https://www.etreproprio.com/immobilier-23436008-vente-maison-142m-a-cleder-cleder
CLEDER,Maison 110m² à cleder,https://www.etreproprio.com/immobilier-23391173-vente-maison-110m-a-cleder-cleder
CLEDER,Maison 116m² à cléder,https://www.etreproprio.com/immobilier-23111089-vente-maison-116m-a-cleder-cleder
CLEDER,Maison 82m² à cleder,https://www.etreproprio.com/immobilier-23115564-vente-maison-82m-a-cleder-cleder
CLEDER,Cléder – maison familiale de 5 pièces à 200m de la mer avec grand jardin,https://www.etreproprio.com/immobilier-23093341-vente-cleder-maison-familiale-de-5-pieces-a-200m-de-la-mer-avec-grand-jardin-cleder
CLEDER,Maison 94m² à cleder,https://www.etreproprio.com/immobilier-23048385-vente-maison-94m-a-cleder-cleder
CLOHARS-CARNOET,A vendre maison des années 1900 entièrement rénovée sur le port de doelan avec possibilté d'extension,https://www.etreproprio.com/immobilier-23902080-vente-a-vendre-maison-des-annees-1900-entierement-renovee-sur-le-port-de-doelan-avec-possibilte-d-extension-clohars-carnoet
CLOHARS-CARNOET,Maison 132m² à clohars-carnoet,https://www.etreproprio.com/immobilier-23893012-vente-maison-132m-a-clohars-carnoet-clohars-carnoet
CLOHARS-CARNOET,Maison sur clohars carnoet,https://www.etreproprio.com/immobilier-23885983-vente-maison-sur-clohars-carnoet-clohars-carnoet
CLOHARS-CARNOET,Un plain-pied où l’on se sent bien dès la première minute,https://www.etreproprio.com/immobilier-23856688-vente-un-plain-pied-ou-l-on-se-sent-bien-des-la-premiere-minute-clohars-carnoet
CLOHARS-CARNOET,Maison avec vie de plain-pied sur un magnifique parc paysagé,https://www.etreproprio.com/immobilier-23540618-vente-maison-avec-vie-de-plain-pied-sur-un-magnifique-parc-paysage-clohars-carnoet
CLOHARS-CARNOET,Maison en pierre en hameau proche de doëlan,https://www.etreproprio.com/immobilier-23833648-vente-maison-en-pierre-en-hameau-proche-de-doelan-clohars-carnoet
CLOHARS-CARNOET,Maison coup de coeur au centre de clohars carnoet,https://www.etreproprio.com/immobilier-22383165-vente-maison-coup-de-coeur-au-centre-de-clohars-carnoet-clohars-carnoet
CLOHARS-CARNOET,Maison en pierre,https://www.etreproprio.com/immobilier-22943837-vente-maison-en-pierre-clohars-carnoet
CLOHARS-CARNOET,Maison moderne et lumineuse 7 pièces  217 m² cadre paisible au pouldu. clohars-carnoët,https://www.etreproprio.com/immobilier-23768969-vente-maison-moderne-et-lumineuse-7-pieces-217-m-cadre-paisible-au-pouldu-clohars-carnoet-clohars-carnoet
CLOHARS-CARNOET,Le pouldu - villa balnéaire de 1900 face à la mer,https://www.etreproprio.com/immobilier-23751818-vente-le-pouldu-villa-balneaire-de-1900-face-a-la-mer-clohars-carnoet
CLOHARS-CARNOET,Maison 120m² à clohars-carnoet,https://www.etreproprio.com/immobilier-23730559-vente-maison-120m-a-clohars-carnoet-clohars-carnoet
CLOHARS-CARNOET,Maison proche centre clohars carnoët,https://www.etreproprio.com/immobilier-23723019-vente-maison-proche-centre-clohars-carnoet-clohars-carnoet
CLOHARS-CARNOET,Maison 217m² à clohars-carnoet,https://www.etreproprio.com/immobilier-23713613-vente-maison-217m-a-clohars-carnoet-clohars-carnoet
CLOHARS-CARNOET,Maison familiale où il fait bon vivre,https://www.etreproprio.com/immobilier-23695046-vente-maison-familiale-ou-il-fait-bon-vivre-clohars-carnoet
CLOHARS-CARNOET,Maison 107m² à clohars-carnoet,https://www.etreproprio.com/immobilier-23649543-vente-maison-107m-a-clohars-carnoet-clohars-carnoet
CLOHARS-CARNOET,"Villa vue mer, doëlan 105 m2",https://www.etreproprio.com/immobilier-22656746-vente-villa-vue-mer-doelan-105-m2-clohars-carnoet
CLOHARS-CARNOET,Maison 90m² à clohars-carnoet,https://www.etreproprio.com/immobilier-23631259-vente-maison-90m-a-clohars-carnoet-clohars-carnoet
CLOHARS-CARNOET,Propriété vue sur le port de doëlan,https://www.etreproprio.com/immobilier-23600512-vente-propriete-vue-sur-le-port-de-doelan-clohars-carnoet
CLOHARS-CARNOET,Clohars-carnoët - deux maisons et dependances au coeur de la nature,https://www.etreproprio.com/immobilier-23585122-vente-clohars-carnoet-deux-maisons-et-dependances-au-coeur-de-la-nature-clohars-carnoet
CLOHARS-CARNOET,Longère  2 pièce(s) 1060 m2,https://www.etreproprio.com/immobilier-23556574-vente-longere-2-pieces-1060-m2-clohars-carnoet
CLEDER,Cléder – propriété familiale en bord de mer avec vaste terrain de 4200 m²,https://www.etreproprio.com/immobilier-22898097-vente-cleder-propriete-familiale-en-bord-de-mer-avec-vaste-terrain-de-4200-m-cleder
CLEDER,Maison 305m² à cleder,https://www.etreproprio.com/immobilier-21712016-vente-maison-305m-a-cleder-cleder
CLEDER,Maison 109m² à cleder,https://www.etreproprio.com/immobilier-22660249-vente-maison-109m-a-cleder-cleder
CLEDER,Maison 110m² à cleder,https://www.etreproprio.com/immobilier-22588838-vente-maison-110m-a-cleder-cleder
CLEDER,Maison 120m² à cleder,https://www.etreproprio.com/immobilier-22588837-vente-maison-120m-a-cleder-cleder
CLEDER,Maison 194m² à cleder,https://www.etreproprio.com/immobilier-22568373-vente-maison-194m-a-cleder-cleder
CLEDER,Belle maison familiale,https://www.etreproprio.com/immobilier-22543771-vente-belle-maison-familiale-cleder
CLEDER,"Cléder – proche plouescat, une maison familiale",https://www.etreproprio.com/immobilier-22407706-vente-cleder-proche-plouescat-une-maison-familiale-cleder
CLEDER,Maison à rénover avec hangar - cléder,https://www.etreproprio.com/immobilier-22361718-vente-maison-a-renover-avec-hangar-cleder-cleder
CLEDER,Cléder : propriété de 7 pièces - 194m² avec grand terrain de 5400m²,https://www.etreproprio.com/immobilier-21956743-vente-cleder-propriete-de-7-pieces-194m-avec-grand-terrain-de-5400m-cleder
CLEDER,Maison cleder 5 pièce(s) 110 m2,https://www.etreproprio.com/immobilier-20801737-vente-maison-cleder-5-pieces-110-m2-cleder
CLOHARS-FOUESNANT,Le charme de la campagne,https://www.etreproprio.com/immobilier-23826906-vente-le-charme-de-la-campagne-clohars-fouesnant
CLOHARS-FOUESNANT,Maison 182m² à clohars-fouesnant,https://www.etreproprio.com/immobilier-22640032-vente-maison-182m-a-clohars-fouesnant-clohars-fouesnant
CLOHARS-FOUESNANT,Maison clohars fouesnant 6 pièce(s) 180 m2,https://www.etreproprio.com/immobilier-22619195-vente-maison-clohars-fouesnant-6-pieces-180-m2-clohars-fouesnant
CLOHARS-FOUESNANT,29950 clohars fouesnant maison d'architecte  6 pièce(s) 183 m2 environ,https://www.etreproprio.com/immobilier-23562471-vente-29950-clohars-fouesnant-maison-d-architecte-6-pieces-183-m2-environ-clohars-fouesnant
CLOHARS-FOUESNANT,29950 clohars fouesnant / benodet - maison 4 chambres avec piscine  137 m2,https://www.etreproprio.com/immobilier-23485293-vente-29950-clohars-fouesnant-benodet-maison-4-chambres-avec-piscine-137-m2-clohars-fouesnant
CLOHARS-FOUESNANT,# 418 - a vendre - maison - clohars fouesnant - 137 m2 -,https://www.etreproprio.com/immobilier-21818221-vente-418-a-vendre-maison-clohars-fouesnant-137-m2-clohars-fouesnant
CLOHARS-FOUESNANT,Jolie maison neuve à clohars fouesnant,https://www.etreproprio.com/immobilier-23322777-vente-jolie-maison-neuve-a-clohars-fouesnant-clohars-fouesnant
CLOHARS-FOUESNANT,Clohars fouesnant,https://www.etreproprio.com/immobilier-20956400-vente-clohars-fouesnant-clohars-fouesnant
BREST,Brest lambezellec maison 3 chambres 1 bureau 100m2 joli jardin expose plein sud,https://www.etreproprio.com/immobilier-14723482-vente-brest-lambezellec-maison-3-chambres-1-bureau-100m2-joli-jardin-expose-plein-sud-brest
BREST,Brest saint-michel maison de ville jardin ideale 1ere acquisition,https://www.etreproprio.com/immobilier-14576178-vente-brest-saint-michel-maison-de-ville-jardin-ideale-1ere-acquisition-brest
BREST,""" déjà vendu par kerebel immobilier """,https://www.etreproprio.com/immobilier-14551654-vente-deja-vendu-par-kerebel-immobilier-brest
BREST,Exclusivité brest proche centre maison t5 rénovée 3 chambres jardin garage,https://www.etreproprio.com/immobilier-13743435-vente-exclusivite-brest-proche-centre-maison-t5-renovee-3-chambres-jardin-garage-brest
BREST,Brest centre siam - cours d'ajot,https://www.etreproprio.com/immobilier-14257566-vente-brest-centre-siam-cours-d-ajot-brest
BREST,Proche centre superbe maison début 20ème  non mitoyenne jardin expose sud,https://www.etreproprio.com/immobilier-13511535-vente-proche-centre-superbe-maison-debut-20eme-non-mitoyenne-jardin-expose-sud-brest
BREST,Propriété exceptionnelle proche centre ville penfeld,https://www.etreproprio.com/immobilier-13511542-vente-propriete-exceptionnelle-proche-centre-ville-penfeld-brest
BREST,Brest saint marc grande maison terrain 833 m2,https://www.etreproprio.com/immobilier-13511517-vente-brest-saint-marc-grande-maison-terrain-833-m2-brest
CLOHARS-CARNOET,Maison 215m² à clohars-carnoet,https://www.etreproprio.com/immobilier-23548609-vente-maison-215m-a-clohars-carnoet-clohars-carnoet
CLOHARS-CARNOET,Propriété de caractère clohars-carnoet,https://www.etreproprio.com/immobilier-21371779-vente-propriete-de-caractere-clohars-carnoet-clohars-carnoet
CLOHARS-CARNOET,Maison 215m² à clohars-carnoet,https://www.etreproprio.com/immobilier-23530762-vente-maison-215m-a-clohars-carnoet-clohars-carnoet
CLOHARS-CARNOET,Propriété de caractère rénovée avec 2.5 hectares environ de terrain,https://www.etreproprio.com/immobilier-21356052-vente-propriete-de-caractere-renovee-avec-25-hectares-environ-de-terrain-clohars-carnoet
CLOHARS-CARNOET,Demeure de prestige clohars carnoet 8 pièces 225 m2 et dépendances sur près de 2.9 hectaress,https://www.etreproprio.com/immobilier-21270223-vente-demeure-de-prestige-clohars-carnoet-8-pieces-225-m2-et-dependances-sur-pres-de-29-hectaress-clohars-carnoet
CLOHARS-CARNOET,Demeure de prestige avec potentiel gîtes ou chambres d’hôtes   cadre exceptionnel,https://www.etreproprio.com/immobilier-21336808-vente-demeure-de-prestige-avec-potentiel-gites-ou-chambres-d-hotes-cadre-exceptionnel-clohars-carnoet
CLOHARS-CARNOET,Maison 100m² à clohars-carnoet,https://www.etreproprio.com/immobilier-23482522-vente-maison-100m-a-clohars-carnoet-clohars-carnoet
CLOHARS-CARNOET,Demeure de prestige avec potentiel gîtes ou chambres d’hôtes   cadre exceptionnel,https://www.etreproprio.com/immobilier-21336809-vente-demeure-de-prestige-avec-potentiel-gites-ou-chambres-d-hotes-cadre-exceptionnel-clohars-carnoet
CLOHARS-CARNOET,Maison 130m² à clohars-carnoet,https://www.etreproprio.com/immobilier-23459493-vente-maison-130m-a-clohars-carnoet-clohars-carnoet
CLOHARS-CARNOET,A vendre clohars carnoet (29360 - le pouldu) maison 6 pièces 4 chambres 145 m2,https://www.etreproprio.com/immobilier-23394295-vente-a-vendre-clohars-carnoet-29360-le-pouldu-maison-6-pieces-4-chambres-145-m2-clohars-carnoet
CLOHARS-CARNOET,Maison plage du kérou,https://www.etreproprio.com/immobilier-23375224-vente-maison-plage-du-kerou-clohars-carnoet
CLOHARS-CARNOET,Maison 4/5 pièces à proximité immédiate de la plage du kérou,https://www.etreproprio.com/immobilier-20964431-vente-maison-45-pieces-a-proximite-immediate-de-la-plage-du-kerou-clohars-carnoet
CLOHARS-CARNOET,Maison récente de 91m2 à clohars-canoët,https://www.etreproprio.com/immobilier-23368706-vente-maison-recente-de-91m2-a-clohars-canoet-clohars-carnoet
CLOHARS-CARNOET,Maison 85m² à clohars-carnoet,https://www.etreproprio.com/immobilier-23266484-vente-maison-85m-a-clohars-carnoet-clohars-carnoet
CLOHARS-CARNOET,Maison 120m² à clohars-carnoet,https://www.etreproprio.com/immobilier-23135512-vente-maison-120m-a-clohars-carnoet-clohars-carnoet
CLOHARS-CARNOET,Maison 58m² à le pouldu,https://www.etreproprio.com/immobilier-23121829-vente-maison-58m-a-le-pouldu-clohars-carnoet
CLOHARS-CARNOET,Maison 150m² à clohars-carnoet,https://www.etreproprio.com/immobilier-23125204-vente-maison-150m-a-clohars-carnoet-clohars-carnoet
CLOHARS-CARNOET,Maison à vendre à clohars carnoet 7 pièces 144 m2,https://www.etreproprio.com/immobilier-23099391-vente-maison-a-vendre-a-clohars-carnoet-7-pieces-144-m2-clohars-carnoet
CLOHARS-CARNOET,Propriété de caractère au pouldu,https://www.etreproprio.com/immobilier-23092486-vente-propriete-de-caractere-au-pouldu-clohars-carnoet
CLOHARS-CARNOET,Maison 185m² à clohars-carnoet,https://www.etreproprio.com/immobilier-23068588-vente-maison-185m-a-clohars-carnoet-clohars-carnoet
LE CLOITRE-PLEYBEN,Maison 133m² à le cloitre-pleyben,https://www.etreproprio.com/immobilier-23724193-vente-maison-133m-a-le-cloitre-pleyben-le-cloitre-pleyben
CLOHARS-CARNOET,Maison tradionnelle 4 pièces entre le bourg de clohars et le pouldu,https://www.etreproprio.com/immobilier-22726893-vente-maison-tradionnelle-4-pieces-entre-le-bourg-de-clohars-et-le-pouldu-clohars-carnoet
CLOHARS-CARNOET,Maison neuve de plain-pied au centre bourg de clohars-carnoët,https://www.etreproprio.com/immobilier-22622603-vente-maison-neuve-de-plain-pied-au-centre-bourg-de-clohars-carnoet-clohars-carnoet
CLOHARS-CARNOET,Longère à restaurer à clohars-carnoët,https://www.etreproprio.com/immobilier-22602026-vente-longere-a-restaurer-a-clohars-carnoet-clohars-carnoet
CLOHARS-CARNOET,Maison 143m² à clohars-carnoet,https://www.etreproprio.com/immobilier-22487083-vente-maison-143m-a-clohars-carnoet-clohars-carnoet
CLOHARS-CARNOET,Maison double hameau côtier clohars-carnoet,https://www.etreproprio.com/immobilier-20017975-vente-maison-double-hameau-cotier-clohars-carnoet-clohars-carnoet
CLOHARS-CARNOET,Maison 84m² à clohars-carnoet,https://www.etreproprio.com/immobilier-21659962-vente-maison-84m-a-clohars-carnoet-clohars-carnoet
CLOHARS-CARNOET,Maison de pays,https://www.etreproprio.com/immobilier-22376938-vente-maison-de-pays-clohars-carnoet
CLOHARS-CARNOET,"Villa 1900, le pouldu 230 m2",https://www.etreproprio.com/immobilier-21570858-vente-villa-1900-le-pouldu-230-m2-clohars-carnoet
CLOHARS-CARNOET,Maison 7 pièces au bourg de clohars en direction de doëlan,https://www.etreproprio.com/immobilier-22141568-vente-maison-7-pieces-au-bourg-de-clohars-en-direction-de-doelan-clohars-carnoet
CLOHARS-CARNOET,"Maison vue mer a clohars-carnoët proche quimperlé, quatre chambres, garage  réf : 202506",https://www.etreproprio.com/immobilier-21411476-vente-maison-vue-mer-a-clohars-carnoet-proche-quimperle-quatre-chambres-garage-ref-202506-clohars-carnoet
CLOHARS-CARNOET,"A vendre à doëlan maison contemporaine avec vue mer, 122 m2",https://www.etreproprio.com/immobilier-19641378-vente-a-vendre-a-doelan-maison-contemporaine-avec-vue-mer-122-m2-clohars-carnoet
LE CLOITRE-SAINT-THEGONNEC,Maison 60m² à le cloitre-saint-thegonnec,https://www.etreproprio.com/immobilier-23788795-vente-maison-60m-a-le-cloitre-saint-thegonnec-le-cloitre-saint-thegonnec
LE CLOITRE-SAINT-THEGONNEC,Maison 53m² à le cloitre-saint-thegonnec,https://www.etreproprio.com/immobilier-23685177-vente-maison-53m-a-le-cloitre-saint-thegonnec-le-cloitre-saint-thegonnec
LE CLOITRE-SAINT-THEGONNEC,Maison 95m² à le cloitre-saint-thegonnec,https://www.etreproprio.com/immobilier-23216478-vente-maison-95m-a-le-cloitre-saint-thegonnec-le-cloitre-saint-thegonnec
LE CLOITRE-SAINT-THEGONNEC,Maison 55m² à le cloitre-saint-thegonnec,https://www.etreproprio.com/immobilier-22671082-vente-maison-55m-a-le-cloitre-saint-thegonnec-le-cloitre-saint-thegonnec
LE CLOITRE-SAINT-THEGONNEC,Maison 40m² à le cloitre-saint-thegonnec,https://www.etreproprio.com/immobilier-22671083-vente-maison-40m-a-le-cloitre-saint-thegonnec-le-cloitre-saint-thegonnec
COAT-MEAL,Maison 5 chambres - jardin arboré - coat-meal,https://www.etreproprio.com/immobilier-23880749-vente-maison-5-chambres-jardin-arbore-coat-meal-coat-meal
COAT-MEAL,Maison 6 chambre(s) à vendre,https://www.etreproprio.com/immobilier-23056324-vente-maison-6-chambres-a-vendre-coat-meal
COLLOREC,Maison 172m² à collorec,https://www.etreproprio.com/immobilier-23821533-vente-maison-172m-a-collorec-collorec
COLLOREC,Maison 170m² à collorec,https://www.etreproprio.com/immobilier-23804665-vente-maison-170m-a-collorec-collorec
COLLOREC,Exclusivité - maison à vendre 4 pièces collorec (29),https://www.etreproprio.com/immobilier-23285988-vente-exclusivite-maison-a-vendre-4-pieces-collorec-29-collorec
COLLOREC,Exclusivité - maison de bourg 2 pièces à vendre à collorec  (29) dpe c !,https://www.etreproprio.com/immobilier-23717775-vente-exclusivite-maison-de-bourg-2-pieces-a-vendre-a-collorec-29-dpe-c-collorec
COLLOREC,Maison 67m² à collorec,https://www.etreproprio.com/immobilier-23603085-vente-maison-67m-a-collorec-collorec
COLLOREC,Maison 67m² à collorec,https://www.etreproprio.com/immobilier-23554268-vente-maison-67m-a-collorec-collorec
COLLOREC,Maison 100m² à collorec,https://www.etreproprio.com/immobilier-23304832-vente-maison-100m-a-collorec-collorec
COLLOREC,29530 collorec maison 4 chambres aucun travaux sous sol complet au calme sans vis à vis,https://www.etreproprio.com/immobilier-23193313-vente-29530-collorec-maison-4-chambres-aucun-travaux-sous-sol-complet-au-calme-sans-vis-a-vis-collorec
COMBRIT,Maison combrit 6 pièces 105 m2,https://www.etreproprio.com/immobilier-23880931-vente-maison-combrit-6-pieces-105-m2-combrit
COMBRIT,Maison 144m² à combrit,https://www.etreproprio.com/immobilier-23884051-vente-maison-144m-a-combrit-combrit
COMBRIT,Maison 130m² à combrit,https://www.etreproprio.com/immobilier-23039025-vente-maison-130m-a-combrit-combrit
COMBRIT,Sainte-marine - corps de ferme à rénover,https://www.etreproprio.com/immobilier-23849572-vente-sainte-marine-corps-de-ferme-a-renover-combrit
COMBRIT,À vendre - local 91 m² à sainte-marine,https://www.etreproprio.com/immobilier-23839565-vente-a-vendre-local-91-m-a-sainte-marine-combrit
COMBRIT,Maison 130m² à combrit,https://www.etreproprio.com/immobilier-22919912-vente-maison-130m-a-combrit-combrit
COMBRIT,Maison bord de mer sainte-marine 29120,https://www.etreproprio.com/immobilier-23778239-vente-maison-bord-de-mer-sainte-marine-29120-combrit
COMBRIT,Maison combrit 170 m² proche rivière,https://www.etreproprio.com/immobilier-23729018-vente-maison-combrit-170-m-proche-riviere-combrit
COMBRIT,Maison combrit  133 m2,https://www.etreproprio.com/immobilier-23648165-vente-maison-combrit-133-m2-combrit
COMBRIT,Maison sainte marine 86 m²,https://www.etreproprio.com/immobilier-22959298-vente-maison-sainte-marine-86-m-combrit
COMBRIT,Charmante maison à sainte-marine,https://www.etreproprio.com/immobilier-22237775-vente-charmante-maison-a-sainte-marine-combrit
COMBRIT,"Combrit, en direction des plages.",https://www.etreproprio.com/immobilier-22108693-vente-combrit-en-direction-des-plages-combrit
COMBRIT,Maison 131m² à combrit,https://www.etreproprio.com/immobilier-23601179-vente-maison-131m-a-combrit-combrit
COMBRIT,Maison 133m² à combrit,https://www.etreproprio.com/immobilier-23586552-vente-maison-133m-a-combrit-combrit
COMBRIT,Maison contemporaine combrit 5 pièce(s) 120 m2,https://www.etreproprio.com/immobilier-23432930-vente-maison-contemporaine-combrit-5-pieces-120-m2-combrit
COMBRIT,Maison 113m² à combrit,https://www.etreproprio.com/immobilier-23002214-vente-maison-113m-a-combrit-combrit
COMBRIT,Maison sainte marine 137 m²,https://www.etreproprio.com/immobilier-23519928-vente-maison-sainte-marine-137-m-combrit
COMBRIT,Maison 4 pièces à combrit,https://www.etreproprio.com/immobilier-23512653-vente-maison-4-pieces-a-combrit-combrit
COMBRIT,"Sainte marine, maison, accès plage",https://www.etreproprio.com/immobilier-23518233-vente-sainte-marine-maison-acces-plage-combrit
COMBRIT,Maison 211m² à combrit,https://www.etreproprio.com/immobilier-23482717-vente-maison-211m-a-combrit-combrit
COMBRIT,"Sainte-marine ? emplacement rêvé, charme et quiétude",https://www.etreproprio.com/immobilier-23445761-vente-sainte-marine-emplacement-reve-charme-et-quietude-combrit
COMBRIT,Combrit ste marine 29120 - résidence de charme 335 m2 environ,https://www.etreproprio.com/immobilier-23452217-vente-combrit-ste-marine-29120-residence-de-charme-335-m2-environ-combrit
COMBRIT,Maison sainte-marine 194 m2,https://www.etreproprio.com/immobilier-23386634-vente-maison-sainte-marine-194-m2-combrit
COMBRIT,Longère  225 m². opportunité unique proche plages,https://www.etreproprio.com/immobilier-22660815-vente-longere-225-m-opportunite-unique-proche-plages-combrit
COMBRIT,Combrit - corps de ferme.,https://www.etreproprio.com/immobilier-23374451-vente-combrit-corps-de-ferme-combrit
COMBRIT,Maison combrit 6 pièce(s) 150 m2,https://www.etreproprio.com/immobilier-20279348-vente-maison-combrit-6-pieces-150-m2-combrit
COMBRIT,Maison à vendre 6 pièces combrit (29),https://www.etreproprio.com/immobilier-23262550-vente-maison-a-vendre-6-pieces-combrit-29-combrit
COMBRIT,Maison 156m² à combrit,https://www.etreproprio.com/immobilier-23219629-vente-maison-156m-a-combrit-combrit
COMBRIT,Maison combrit 5 pièce(s) 115 m²,https://www.etreproprio.com/immobilier-23086529-vente-maison-combrit-5-pieces-115-m-combrit
COMBRIT,Maison combrit 135 m²,https://www.etreproprio.com/immobilier-21649027-vente-maison-combrit-135-m-combrit
COMBRIT,Maison 82m² à combrit,https://www.etreproprio.com/immobilier-22632656-vente-maison-82m-a-combrit-combrit
COMBRIT,Maison rénovée combrit,https://www.etreproprio.com/immobilier-22918803-vente-maison-renovee-combrit-combrit
COMBRIT,"Combrit, plage à 900 m.",https://www.etreproprio.com/immobilier-21929757-vente-combrit-plage-a-900-m-combrit
COMBRIT,Maison combrit 5 pièce(s) 130 m2,https://www.etreproprio.com/immobilier-22853371-vente-maison-combrit-5-pieces-130-m2-combrit
COMBRIT,Maison sainte-marine,https://www.etreproprio.com/immobilier-22853372-vente-maison-sainte-marine-combrit
COMBRIT,Maison à vendre 6 pièces combrit (29),https://www.etreproprio.com/immobilier-22760460-vente-maison-a-vendre-6-pieces-combrit-29-combrit
COMBRIT,Maison à vendre 8 pièces combrit (29) sainte-marine,https://www.etreproprio.com/immobilier-22686425-vente-maison-a-vendre-8-pieces-combrit-29-sainte-marine-combrit
COMBRIT,Maison sainte marine 137 m²,https://www.etreproprio.com/immobilier-22660208-vente-maison-sainte-marine-137-m-combrit
COMBRIT,Maison 252m² à combrit,https://www.etreproprio.com/immobilier-22646028-vente-maison-252m-a-combrit-combrit
COMBRIT,Maison combrit 6 pièce(s) 115 m2,https://www.etreproprio.com/immobilier-22496514-vente-maison-combrit-6-pieces-115-m2-combrit
COMMANA,Maison 100m² à commana,https://www.etreproprio.com/immobilier-23889111-vente-maison-100m-a-commana-commana
COMMANA,Maison à vendre à commana - référence 384cd,https://www.etreproprio.com/immobilier-23243756-vente-maison-a-vendre-a-commana-reference-384cd-commana
COMMANA,Maison 1 chambre(s) à vendre,https://www.etreproprio.com/immobilier-22384809-vente-maison-1-chambres-a-vendre-commana
COMMANA,Maison 185m² à commana,https://www.etreproprio.com/immobilier-22384047-vente-maison-185m-a-commana-commana
COMMANA,Maison de caractère au coeur des monts d'arrée,https://www.etreproprio.com/immobilier-20572918-vente-maison-de-caractere-au-coeur-des-monts-d-arree-commana
COMMANA,Maison 114m² à commana,https://www.etreproprio.com/immobilier-22739550-vente-maison-114m-a-commana-commana
COMMANA,Maison 120m² à commana,https://www.etreproprio.com/immobilier-22726489-vente-maison-120m-a-commana-commana
COMMANA,Longère à vendre 1 pièces commana (29),https://www.etreproprio.com/immobilier-22710528-vente-longere-a-vendre-1-pieces-commana-29-commana
COMMANA,Maison 170m² à commana,https://www.etreproprio.com/immobilier-21223207-vente-maison-170m-a-commana-commana
COMMANA,Commana propriété sur plus d'un hectare,https://www.etreproprio.com/immobilier-20516783-vente-commana-propriete-sur-plus-d-un-hectare-commana
COMMANA,Adorable penty au coeur des monts d'arrée,https://www.etreproprio.com/immobilier-20427237-vente-adorable-penty-au-coeur-des-monts-d-arree-commana
CONCARNEAU,Maison concarneau 8 pièce(s) 167 m2,https://www.etreproprio.com/immobilier-23909730-vente-maison-concarneau-8-pieces-167-m2-concarneau
CONCARNEAU,Maison 163m² à concarneau,https://www.etreproprio.com/immobilier-23904765-vente-maison-163m-a-concarneau-concarneau
CONCARNEAU,"Au calme, belle demeure de caractère, les plages a vélo !",https://www.etreproprio.com/immobilier-23270966-vente-au-calme-belle-demeure-de-caractere-les-plages-a-velo-concarneau
CONCARNEAU,Maison 103m² à concarneau,https://www.etreproprio.com/immobilier-23849920-vente-maison-103m-a-concarneau-concarneau
CONCARNEAU,A vendre au centre-ville de concarneau maison de charme & emplacement prisé,https://www.etreproprio.com/immobilier-21012952-vente-a-vendre-au-centre-ville-de-concarneau-maison-de-charme-emplacement-prise-concarneau
CONCARNEAU,Le volume et la lumière : votre futur foyer familial à concarneau,https://www.etreproprio.com/immobilier-23748917-vente-le-volume-et-la-lumiere-votre-futur-foyer-familial-a-concarneau-concarneau
CONCARNEAU,Maison de 2008 75 m2 - 4 pièces plain- pied - concarneau,https://www.etreproprio.com/immobilier-23845974-vente-maison-de-2008-75-m2-4-pieces-plain-pied-concarneau-concarneau
CONCARNEAU,Au coeur du bourg maison comme neuve !,https://www.etreproprio.com/immobilier-23832604-vente-au-coeur-du-bourg-maison-comme-neuve-concarneau
CONCARNEAU,Maison concarneau 6 pièce(s) 132 m2,https://www.etreproprio.com/immobilier-21701444-vente-maison-concarneau-6-pieces-132-m2-concarneau
CONCARNEAU,Maison 113m² à concarneau,https://www.etreproprio.com/immobilier-23190825-vente-maison-113m-a-concarneau-concarneau
CONCARNEAU,Maison 121m² à concarneau,https://www.etreproprio.com/immobilier-22858839-vente-maison-121m-a-concarneau-concarneau
CONCARNEAU,Maison concarneau 5 pièce(s) 94 m2,https://www.etreproprio.com/immobilier-23711530-vente-maison-concarneau-5-pieces-94-m2-concarneau
CONCARNEAU,Maison concarneau 6 pièce(s) 149.40 m2,https://www.etreproprio.com/immobilier-23764635-vente-maison-concarneau-6-pieces-14940-m2-concarneau
CONCARNEAU,Maison 98m² à concarneau,https://www.etreproprio.com/immobilier-23766100-vente-maison-98m-a-concarneau-concarneau
CONCARNEAU,Maison sur concarneau,https://www.etreproprio.com/immobilier-23747568-vente-maison-sur-concarneau-concarneau
CONCARNEAU,Maison à vendre 5 pièces 125 m² concarneau - le cabellou (29),https://www.etreproprio.com/immobilier-22465801-vente-maison-a-vendre-5-pieces-125-m-concarneau-le-cabellou-29-concarneau
CONCARNEAU,Maison concarneau 7 pièce(s) 129 m²,https://www.etreproprio.com/immobilier-23729449-vente-maison-concarneau-7-pieces-129-m-concarneau
CONCARNEAU,"""clara"", maison récente avec vie de plain pied, garage et jardin",https://www.etreproprio.com/immobilier-22170106-vente-clara-maison-recente-avec-vie-de-plain-pied-garage-et-jardin-concarneau
CONCARNEAU,Maison 131m² à concarneau,https://www.etreproprio.com/immobilier-23691227-vente-maison-131m-a-concarneau-concarneau
CONCARNEAU,Grande maison familiale rénovée - 167 m2,https://www.etreproprio.com/immobilier-23464276-vente-grande-maison-familiale-renovee-167-m2-concarneau
LE CONQUET,Le conquet  charmante maison t5,https://www.etreproprio.com/immobilier-23835097-vente-le-conquet-charmante-maison-t5-le-conquet
LE CONQUET,Le conquet  charmante maison t5,https://www.etreproprio.com/immobilier-23835104-vente-le-conquet-charmante-maison-t5-le-conquet
LE CONQUET,A vendre - maison familiale proche plages et commodités,https://www.etreproprio.com/immobilier-23310323-vente-a-vendre-maison-familiale-proche-plages-et-commodites-le-conquet
LE CONQUET,Propriété en pierres au coeur du centre,https://www.etreproprio.com/immobilier-23510819-vente-propriete-en-pierres-au-coeur-du-centre-le-conquet
LE CONQUET,Maison de charme au centre ville,https://www.etreproprio.com/immobilier-23521742-vente-maison-de-charme-au-centre-ville-le-conquet
LE CONQUET,Maison 175m² à le conquet,https://www.etreproprio.com/immobilier-23490802-vente-maison-175m-a-le-conquet-le-conquet
LE CONQUET,Finistere - le conquet (29217) - a vendre - maison de ville t5 137m² - 3 chambres possible 5 - combles amenageables - terrain cl,https://www.etreproprio.com/immobilier-23474338-vente-finistere-le-conquet-29217-a-vendre-maison-de-ville-t5-137m-3-chambres-possible-5-combles-amenageables-terrain-cl-le-conquet
LE CONQUET,"Magnifique maison proche centre du conquet, vue mer",https://www.etreproprio.com/immobilier-23299388-vente-magnifique-maison-proche-centre-du-conquet-vue-mer-le-conquet
LE CONQUET,Maison plain pied proche du centre du conquet,https://www.etreproprio.com/immobilier-23216926-vente-maison-plain-pied-proche-du-centre-du-conquet-le-conquet
LE CONQUET,Maison 280m² à le conquet,https://www.etreproprio.com/immobilier-23143915-vente-maison-280m-a-le-conquet-le-conquet
LE CONQUET,Maison 121m² à le conquet,https://www.etreproprio.com/immobilier-22228197-vente-maison-121m-a-le-conquet-le-conquet
LE CONQUET,Maison au centre du conquet,https://www.etreproprio.com/immobilier-22166027-vente-maison-au-centre-du-conquet-le-conquet
LE CONQUET,Maison t7 a vendre au conquet,https://www.etreproprio.com/immobilier-21395075-vente-maison-t7-a-vendre-au-conquet-le-conquet
CONCARNEAU,Maison 126m² à concarneau,https://www.etreproprio.com/immobilier-23691505-vente-maison-126m-a-concarneau-concarneau
CONCARNEAU,Maison sur le secteur du passage,https://www.etreproprio.com/immobilier-22404350-vente-maison-sur-le-secteur-du-passage-concarneau
CONCARNEAU,Maison concarneau 5 pièce(s) 105 m²,https://www.etreproprio.com/immobilier-21638690-vente-maison-concarneau-5-pieces-105-m-concarneau
CONCARNEAU,Maison de caractère entièrement rénovée - calme et volumes,https://www.etreproprio.com/immobilier-21096944-vente-maison-de-caractere-entierement-renovee-calme-et-volumes-concarneau
CONCARNEAU,Maison contemporaine - vie de plain-pied  concarneau/lanriec,https://www.etreproprio.com/immobilier-20744899-vente-maison-contemporaine-vie-de-plain-pied-concarneaulanriec-concarneau
CONCARNEAU,"Concarneau : maison de ville avec garage, petit extérieur, 3 chambres",https://www.etreproprio.com/immobilier-22736639-vente-concarneau-maison-de-ville-avec-garage-petit-exterieur-3-chambres-concarneau
CONCARNEAU,Maison architecte 7 pièces 146 m²,https://www.etreproprio.com/immobilier-21921171-vente-maison-architecte-7-pieces-146-m-concarneau
CONCARNEAU,Maison 140m² à concarneau,https://www.etreproprio.com/immobilier-23387329-vente-maison-140m-a-concarneau-concarneau
CONCARNEAU,Maison 135m² à concarneau,https://www.etreproprio.com/immobilier-22399196-vente-maison-135m-a-concarneau-concarneau
CONCARNEAU,Maison 103m² à concarneau,https://www.etreproprio.com/immobilier-23627426-vente-maison-103m-a-concarneau-concarneau
CONCARNEAU,"""harmony"", maison familiale au calme, située entre concarneau et la forêt fouesnant",https://www.etreproprio.com/immobilier-23579578-vente-harmony-maison-familiale-au-calme-situee-entre-concarneau-et-la-foret-fouesnant-concarneau
CONCARNEAU,Maison concarneau 7 pièce(s) 126 m2,https://www.etreproprio.com/immobilier-23579155-vente-maison-concarneau-7-pieces-126-m2-concarneau
CONCARNEAU,Maison concarneau 4 pièce(s) 88 m²,https://www.etreproprio.com/immobilier-22488677-vente-maison-concarneau-4-pieces-88-m-concarneau
CONCARNEAU,Maison exceptionnelle vue mer sur les hauteurs de concarneau,https://www.etreproprio.com/immobilier-23552915-vente-maison-exceptionnelle-vue-mer-sur-les-hauteurs-de-concarneau-concarneau
CONCARNEAU,Maison concarneau 5 pièce(s) 101 m2,https://www.etreproprio.com/immobilier-22924417-vente-maison-concarneau-5-pieces-101-m2-concarneau
CONCARNEAU,Maison concarneau 6 pièce(s) 122.11 m2,https://www.etreproprio.com/immobilier-20027862-vente-maison-concarneau-6-pieces-12211-m2-concarneau
CONCARNEAU,Grande maison familiale sur terrain entièrement constructible,https://www.etreproprio.com/immobilier-23524504-vente-grande-maison-familiale-sur-terrain-entierement-constructible-concarneau
CONCARNEAU,Maison concarneau 5 pièce(s) 121.54 m2,https://www.etreproprio.com/immobilier-23302127-vente-maison-concarneau-5-pieces-12154-m2-concarneau
CONCARNEAU,Maison concarneau 4 pièce(s) 88.71m²,https://www.etreproprio.com/immobilier-23056902-vente-maison-concarneau-4-pieces-8871m-concarneau
CONCARNEAU,Maison concarneau 6 pièce(s) 206 m2,https://www.etreproprio.com/immobilier-23519918-vente-maison-concarneau-6-pieces-206-m2-concarneau
COMBRIT,Maison 115m² à combrit,https://www.etreproprio.com/immobilier-21767839-vente-maison-115m-a-combrit-combrit
COMBRIT,"Dpt finistère (29), à vendre quimper maison t6 de 175 m² habitable - sous-sol intégrale terrasse - jardin",https://www.etreproprio.com/immobilier-22510605-vente-dpt-finistere-29-a-vendre-quimper-maison-t6-de-175-m-habitable-sous-sol-integrale-terrasse-jardin-combrit
COMBRIT,À vendre - maison à deux pas de la plage du treustel - résidence sécurisée avec fort potentiel locatif,https://www.etreproprio.com/immobilier-22496506-vente-a-vendre-maison-a-deux-pas-de-la-plage-du-treustel-residence-securisee-avec-fort-potentiel-locatif-combrit
COMBRIT,Maison  6 pièce(s) 138 m2,https://www.etreproprio.com/immobilier-22438486-vente-maison-6-pieces-138-m2-combrit
COMBRIT,Maison 130m² à combrit,https://www.etreproprio.com/immobilier-22390746-vente-maison-130m-a-combrit-combrit
COMBRIT,Maison combrit 100 m² au bourg.,https://www.etreproprio.com/immobilier-22350299-vente-maison-combrit-100-m-au-bourg-combrit
COMBRIT,Maison 96m² à combrit,https://www.etreproprio.com/immobilier-21484024-vente-maison-96m-a-combrit-combrit
COMBRIT,Maison sainte-marine 140 m2,https://www.etreproprio.com/immobilier-21554900-vente-maison-sainte-marine-140-m2-combrit
COMBRIT,"Maison sainte marine, proche port, 130 m².",https://www.etreproprio.com/immobilier-22156240-vente-maison-sainte-marine-proche-port-130-m-combrit
COMBRIT,Maison à vendre 5 pièces combrit (29),https://www.etreproprio.com/immobilier-22117416-vente-maison-a-vendre-5-pieces-combrit-29-combrit
COMBRIT,Tres bele nsemble de 3 gîtes sainte marine,https://www.etreproprio.com/immobilier-22081520-vente-tres-bele-nsemble-de-3-gites-sainte-marine-combrit
COMBRIT,Maison d'architecte au bord de l'odet.,https://www.etreproprio.com/immobilier-20324033-vente-maison-d-architecte-au-bord-de-l-odet-combrit
COMBRIT,Charmante chaumière à sainte-marine 29120,https://www.etreproprio.com/immobilier-22029174-vente-charmante-chaumiere-a-sainte-marine-29120-combrit
COMBRIT,Maison combrit  sainte-marine  154 m²,https://www.etreproprio.com/immobilier-21771030-vente-maison-combrit-sainte-marine-154-m-combrit
COMBRIT,Sainte-marine 29120 entre la plage et le port,https://www.etreproprio.com/immobilier-18739015-vente-sainte-marine-29120-entre-la-plage-et-le-port-combrit
CORAY,Maison 110m² à coray,https://www.etreproprio.com/immobilier-23904944-vente-maison-110m-a-coray-coray
CORAY,Maison sur coray,https://www.etreproprio.com/immobilier-23895326-vente-maison-sur-coray-coray
CORAY,Maison 224m² à coray,https://www.etreproprio.com/immobilier-23742779-vente-maison-224m-a-coray-coray
CORAY,Coray maison familiale lumineuse  175 m²  grand jardin,https://www.etreproprio.com/immobilier-23604004-vente-coray-maison-familiale-lumineuse-175-m-grand-jardin-coray
CORAY,"Située dans un quartier calme, cette maison de ville est agréable, elle est rénovée en partie",https://www.etreproprio.com/immobilier-23605067-vente-situee-dans-un-quartier-calme-cette-maison-de-ville-est-agreable-elle-est-renovee-en-partie-coray
CORAY,Maison rénovée + longère à rénover - leuhan- 2500 m² de terrain,https://www.etreproprio.com/immobilier-23444814-vente-maison-renovee-longere-a-renover-leuhan-2500-m-de-terrain-coray
CORAY,Maison 109m² à coray,https://www.etreproprio.com/immobilier-23101286-vente-maison-109m-a-coray-coray
CORAY,"Néo-bretonne de caractère au calme, 5 chambres, 15mn de quimper",https://www.etreproprio.com/immobilier-22415294-vente-neo-bretonne-de-caractere-au-calme-5-chambres-15mn-de-quimper-coray
CORAY,#466 a vendre - maison au calme en campagne,https://www.etreproprio.com/immobilier-22314558-vente-466-a-vendre-maison-au-calme-en-campagne-coray
CORAY,Maison 94m² à coray,https://www.etreproprio.com/immobilier-20054826-vente-maison-94m-a-coray-coray
CROZON,"Vue mer, anse de goulien , maison d’architecte rénovée avec vue dégagée",https://www.etreproprio.com/immobilier-22454862-vente-vue-mer-anse-de-goulien-maison-d-architecte-renovee-avec-vue-degagee-crozon
CROZON,Maison à vendre 5 pièces à morgat (29),https://www.etreproprio.com/immobilier-23804309-vente-maison-a-vendre-5-pieces-a-morgat-29-crozon
CROZON,"Maison de ville à crozon, proche voie verte, à visiter sans tarder !",https://www.etreproprio.com/immobilier-23507906-vente-maison-de-ville-a-crozon-proche-voie-verte-a-visiter-sans-tarder-crozon
CROZON,Immeuble composé d'un commerce et d'un logement d'habitation,https://www.etreproprio.com/immobilier-23814519-vente-immeuble-compose-d-un-commerce-et-d-un-logement-d-habitation-crozon
CROZON,"Coup de cœur à morgat : maison rénovée, plage à pied",https://www.etreproprio.com/immobilier-23804812-vente-coup-de-coeur-a-morgat-maison-renovee-plage-a-pied-crozon
CROZON,"Investissement locatif  crozon  résidence de tourisme le hameau de peemor pen - 5,73 % de rentabilité",https://www.etreproprio.com/immobilier-23796269-vente-investissement-locatif-crozon-residence-de-tourisme-le-hameau-de-peemor-pen-573-de-rentabilite-crozon
CROZON,"Morgat, charmante maison avec vue mer imprenable !!!",https://www.etreproprio.com/immobilier-23794629-vente-morgat-charmante-maison-avec-vue-mer-imprenable-crozon
CROZON,Maison familiale - le port du fret à pieds,https://www.etreproprio.com/immobilier-23786888-vente-maison-familiale-le-port-du-fret-a-pieds-crozon
CROZON,Maison familiale - le port du fret à pieds,https://www.etreproprio.com/immobilier-23781613-vente-maison-familiale-le-port-du-fret-a-pieds-crozon
CROZON,Contemporaine 1998 crozon,https://www.etreproprio.com/immobilier-23075223-vente-contemporaine-1998-crozon-crozon
CROZON,Crozon - spacieuse maison avec jardin à proximité des commodités,https://www.etreproprio.com/immobilier-21953163-vente-crozon-spacieuse-maison-avec-jardin-a-proximite-des-commodites-crozon
CROZON,"Maison de caractère à rénover, les pieds dans l'eau",https://www.etreproprio.com/immobilier-23735835-vente-maison-de-caractere-a-renover-les-pieds-dans-l-eau-crozon
CROZON,"Maison de caractère à rénover, les pieds dans l'eau",https://www.etreproprio.com/immobilier-23736056-vente-maison-de-caractere-a-renover-les-pieds-dans-l-eau-crozon
CROZON,Maison 146m² à crozon,https://www.etreproprio.com/immobilier-23730439-vente-maison-146m-a-crozon-crozon
CROZON,"Maison bois sous décennale avec spa  calme absolu, environnement d'exception, vue campagne et mer, proche bourg et plage !",https://www.etreproprio.com/immobilier-23725245-vente-maison-bois-sous-decennale-avec-spa-calme-absolu-environnement-d-exception-vue-campagne-et-mer-proche-bourg-et-plage-crozon
CROZON,"Et si votre nouvelle vie commençait ici, à crozon ?",https://www.etreproprio.com/immobilier-23725250-vente-et-si-votre-nouvelle-vie-commencait-ici-a-crozon-crozon
CROZON,"Grande maison familiale à deux pas de la plage de morgat, du portzic et des commodités.",https://www.etreproprio.com/immobilier-23725242-vente-grande-maison-familiale-a-deux-pas-de-la-plage-de-morgat-du-portzic-et-des-commodites-crozon
CROZON,Morgat - charmante maison néo-bretonne,https://www.etreproprio.com/immobilier-23717314-vente-morgat-charmante-maison-neo-bretonne-crozon
CROZON,Crozon secteur prisé vue mer belle contemporaine,https://www.etreproprio.com/immobilier-23325915-vente-crozon-secteur-prise-vue-mer-belle-contemporaine-crozon
CROZON,Crozon belle néobretonne dans un cadre exceptionnel,https://www.etreproprio.com/immobilier-22208254-vente-crozon-belle-neobretonne-dans-un-cadre-exceptionnel-crozon
CONCARNEAU,"Maison t4 à vendre concarneau - douric, 102 m² habitables",https://www.etreproprio.com/immobilier-22652034-vente-maison-t4-a-vendre-concarneau-douric-102-m-habitables-concarneau
CONCARNEAU,"""anik"", maison rive droite au calme avec hypercentre à pieds",https://www.etreproprio.com/immobilier-23513575-vente-anik-maison-rive-droite-au-calme-avec-hypercentre-a-pieds-concarneau
CONCARNEAU,"Maison à vendre, concarneau, finistère sud, 170 m2, 8 pièces, 5 chambres",https://www.etreproprio.com/immobilier-22346267-vente-maison-a-vendre-concarneau-finistere-sud-170-m2-8-pieces-5-chambres-concarneau
CONCARNEAU,Concarneau bien d'exception de 234m2  6 chambres terrain de 6500m2,https://www.etreproprio.com/immobilier-23496527-vente-concarneau-bien-d-exception-de-234m2-6-chambres-terrain-de-6500m2-concarneau
CONCARNEAU,Concarneau - demeure de charme - secteur prisé - a 100 m de la mer,https://www.etreproprio.com/immobilier-23492823-vente-concarneau-demeure-de-charme-secteur-prise-a-100-m-de-la-mer-concarneau
CONCARNEAU,Maison 146m² à concarneau,https://www.etreproprio.com/immobilier-23482075-vente-maison-146m-a-concarneau-concarneau
CONCARNEAU,Maison neuve à concarneau 5 pièce(s),https://www.etreproprio.com/immobilier-22893645-vente-maison-neuve-a-concarneau-5-pieces-concarneau
CONCARNEAU,Concarneau : superbe maison plain-pied,https://www.etreproprio.com/immobilier-23449633-vente-concarneau-superbe-maison-plain-pied-concarneau
CONCARNEAU,Concarneau - beuzec conq - maison 5 chambres - 1868 m² de terrain - a renover,https://www.etreproprio.com/immobilier-23451678-vente-concarneau-beuzec-conq-maison-5-chambres-1868-m-de-terrain-a-renover-concarneau
CONCARNEAU,"Maison concarneau, 9 pièce(s) 232.64 m2",https://www.etreproprio.com/immobilier-23431886-vente-maison-concarneau-9-pieces-23264-m2-concarneau
CONCARNEAU,A vendre à concarneau - contemporaine lumineuse et fonctionnelle de 2017 à deux pas de la voie verte,https://www.etreproprio.com/immobilier-23420626-vente-a-vendre-a-concarneau-contemporaine-lumineuse-et-fonctionnelle-de-2017-a-deux-pas-de-la-voie-verte-concarneau
CONCARNEAU,"A vendre à concarneau rive droite - maison contemporaine - architecture épurée, ascenseur, solarium - un bien rare entre centre-",https://www.etreproprio.com/immobilier-22862507-vente-a-vendre-a-concarneau-rive-droite-maison-contemporaine-architecture-epuree-ascenseur-solarium-un-bien-rare-entre-centre-concarneau
CONCARNEAU,"À vendre à concarneau au calme - confort, luminosité et performance énergétique (dpe b)",https://www.etreproprio.com/immobilier-22438479-vente-a-vendre-a-concarneau-au-calme-confort-luminosite-et-performance-energetique-dpe-b-concarneau
CONCARNEAU,Concarneau centre-ville - maison esprit loft de 200 m2 avec terrasse et garage,https://www.etreproprio.com/immobilier-22943002-vente-concarneau-centre-ville-maison-esprit-loft-de-200-m2-avec-terrasse-et-garage-concarneau
CONCARNEAU,"Concarneau - maison 3 chambres, proche commerces et mer",https://www.etreproprio.com/immobilier-19857092-vente-concarneau-maison-3-chambres-proche-commerces-et-mer-concarneau
CONCARNEAU,Maison concarneau 4 pièce(s) 86 m²,https://www.etreproprio.com/immobilier-23088688-vente-maison-concarneau-4-pieces-86-m-concarneau
CONCARNEAU,Maison 262m² à concarneau,https://www.etreproprio.com/immobilier-23330282-vente-maison-262m-a-concarneau-concarneau
CONCARNEAU,A vendre à concarneau maison face à la mer et surplombant la plage des sables blancs,https://www.etreproprio.com/immobilier-21693212-vente-a-vendre-a-concarneau-maison-face-a-la-mer-et-surplombant-la-plage-des-sables-blancs-concarneau
CONCARNEAU,"""helen"" maison concarneau rive droite",https://www.etreproprio.com/immobilier-23258927-vente-helen-maison-concarneau-rive-droite-concarneau
CONCARNEAU,Maison concarneau 5 pièce(s) 150 m²,https://www.etreproprio.com/immobilier-23219265-vente-maison-concarneau-5-pieces-150-m-concarneau
CONCARNEAU,Charmante maison dans le quartier du passage à concarneau,https://www.etreproprio.com/immobilier-23183303-vente-charmante-maison-dans-le-quartier-du-passage-a-concarneau-concarneau
CONCARNEAU,Maison concarneau à 1 km de la mer 6 pièce(s) 133 m2,https://www.etreproprio.com/immobilier-22232186-vente-maison-concarneau-a-1-km-de-la-mer-6-pieces-133-m2-concarneau
CONCARNEAU,Maison à vendre 7 pièces - 170 m² - 1500 m² de terrain -  concarneau (29) la cabellou,https://www.etreproprio.com/immobilier-23118506-vente-maison-a-vendre-7-pieces-170-m-1500-m-de-terrain-concarneau-29-la-cabellou-concarneau
CONCARNEAU,A vendre à concarneau maison contemporaine de 187 m²  à deux pas de la plage des sables blancs,https://www.etreproprio.com/immobilier-22604576-vente-a-vendre-a-concarneau-maison-contemporaine-de-187-m-a-deux-pas-de-la-plage-des-sables-blancs-concarneau
CONCARNEAU,#499 - a vendre - maison 150m2 - rouz - concarneau,https://www.etreproprio.com/immobilier-23094097-vente-499-a-vendre-maison-150m2-rouz-concarneau-concarneau
CONCARNEAU,A vendre concarneau maison villa annees 30 proche plage cornique,https://www.etreproprio.com/immobilier-21844033-vente-a-vendre-concarneau-maison-villa-annees-30-proche-plage-cornique-concarneau
CONCARNEAU,Maison concarneau,https://www.etreproprio.com/immobilier-23086573-vente-maison-concarneau-concarneau
CONCARNEAU,A vendre à concarneau le cabellou à 100 m de la plage - maison d'architecte avec piscine et jardin paysager,https://www.etreproprio.com/immobilier-22740858-vente-a-vendre-a-concarneau-le-cabellou-a-100-m-de-la-plage-maison-d-architecte-avec-piscine-et-jardin-paysager-concarneau
CONCARNEAU,Maison 90m² à concarneau,https://www.etreproprio.com/immobilier-22686344-vente-maison-90m-a-concarneau-concarneau
CONCARNEAU,"Concarneau - une maison baignée de lumière, accès direct aux sentiers côtiers",https://www.etreproprio.com/immobilier-22962477-vente-concarneau-une-maison-baignee-de-lumiere-acces-direct-aux-sentiers-cotiers-concarneau
CONCARNEAU,Maison concarneau 100 m² à rénover entièrement + dépendance de 100m²,https://www.etreproprio.com/immobilier-20708118-vente-maison-concarneau-100-m-a-renover-entierement-dependance-de-100m-concarneau
CONCARNEAU,"Maison 4 chambres avec vie de plain-pied, proche des plages",https://www.etreproprio.com/immobilier-22945904-vente-maison-4-chambres-avec-vie-de-plain-pied-proche-des-plages-concarneau
CONCARNEAU,Maison concarneau 5 pièce(s) 97.73 m2,https://www.etreproprio.com/immobilier-22937111-vente-maison-concarneau-5-pieces-9773-m2-concarneau
CONCARNEAU,"#555 - a vendre - maison - concarneau - 107,43 m2",https://www.etreproprio.com/immobilier-20702120-vente-555-a-vendre-maison-concarneau-10743-m2-concarneau
CONCARNEAU,A vendre à concarneau maison neuve 3 chambres 5 pièce(s) 97.28 m2,https://www.etreproprio.com/immobilier-22927173-vente-a-vendre-a-concarneau-maison-neuve-3-chambres-5-pieces-9728-m2-concarneau
CONCARNEAU,Maison 80m² à concarneau,https://www.etreproprio.com/immobilier-22309755-vente-maison-80m-a-concarneau-concarneau
CONCARNEAU,Maison 192m² à concarneau,https://www.etreproprio.com/immobilier-22920555-vente-maison-192m-a-concarneau-concarneau
CONCARNEAU,Maison 105m² à concarneau,https://www.etreproprio.com/immobilier-22919488-vente-maison-105m-a-concarneau-concarneau
CONCARNEAU,Maison concarneau 4 pièce(s) 91 m2,https://www.etreproprio.com/immobilier-22879390-vente-maison-concarneau-4-pieces-91-m2-concarneau
CONCARNEAU,Maison de ville en plein centre de concarneau - 66.21m2,https://www.etreproprio.com/immobilier-22759962-vente-maison-de-ville-en-plein-centre-de-concarneau-6621m2-concarneau
DAOULAS,Daoulas -  a vendre maison - 110 m2 - 3 chambres - aucun travaux - centre ville - grande piece de vie,https://www.etreproprio.com/immobilier-23761955-vente-daoulas-a-vendre-maison-110-m2-3-chambres-aucun-travaux-centre-ville-grande-piece-de-vie-daoulas
DAOULAS,Daoulas  maison t5 de plain-pied,https://www.etreproprio.com/immobilier-23147014-vente-daoulas-maison-t5-de-plain-pied-daoulas
DAOULAS,Daoulas  maison t5 de plain-pied,https://www.etreproprio.com/immobilier-23147011-vente-daoulas-maison-t5-de-plain-pied-daoulas
DAOULAS,Maison 5 pièces daoulas 132 m²,https://www.etreproprio.com/immobilier-23737650-vente-maison-5-pieces-daoulas-132-m-daoulas
DAOULAS,Maison familiale 7 pièces   154 m2   grand terrain   exposition sud - carport - serre,https://www.etreproprio.com/immobilier-23475879-vente-maison-familiale-7-pieces-154-m2-grand-terrain-exposition-sud-carport-serre-daoulas
DAOULAS,Maison 130m² à daoulas,https://www.etreproprio.com/immobilier-23402448-vente-maison-130m-a-daoulas-daoulas
DAOULAS,maison familiale lumineuse – grand terrain divisible – proche daoulas,https://www.etreproprio.com/immobilier-23158862-vente-maison-familiale-lumineuse-grand-terrain-divisible-proche-daoulas-daoulas
DAOULAS,A vednre maison daoulas  120 m²  5 chambres  jardin  maison coup de coeur,https://www.etreproprio.com/immobilier-22862292-vente-a-vednre-maison-daoulas-120-m-5-chambres-jardin-maison-coup-de-coeur-daoulas
DAOULAS,Superbe néo bretonne rénovée avec gout,https://www.etreproprio.com/immobilier-22713986-vente-superbe-neo-bretonne-renovee-avec-gout-daoulas
DAOULAS,""" déjà vendu par kerebel immobilier """,https://www.etreproprio.com/immobilier-20774521-vente-deja-vendu-par-kerebel-immobilier-daoulas
DAOULAS,""" déjà vendu par kerebel immobilier """,https://www.etreproprio.com/immobilier-20326038-vente-deja-vendu-par-kerebel-immobilier-daoulas
DAOULAS,""" déjà vendu par  kerebel immobilier """,https://www.etreproprio.com/immobilier-19747006-vente-deja-vendu-par-kerebel-immobilier-daoulas
DAOULAS,Daoulas jolie maison 3 chambres + 1 bureau sud-ouest  grand terrain,https://www.etreproprio.com/immobilier-18862347-vente-daoulas-jolie-maison-3-chambres-1-bureau-sud-ouest-grand-terrain-daoulas
DAOULAS,""" déjà vendu par kerebel immobilier """,https://www.etreproprio.com/immobilier-18583605-vente-deja-vendu-par-kerebel-immobilier-daoulas
DAOULAS,""" déjà vendu par kerebel immobilier """,https://www.etreproprio.com/immobilier-17901584-vente-deja-vendu-par-kerebel-immobilier-daoulas
DAOULAS,""" déjà vendu par kerebel immobilier """,https://www.etreproprio.com/immobilier-17196372-vente-deja-vendu-par-kerebel-immobilier-daoulas
DAOULAS,""" déjà vendu par kerebel immobilier """,https://www.etreproprio.com/immobilier-17196376-vente-deja-vendu-par-kerebel-immobilier-daoulas
DAOULAS,""" déjà vendu par kerebel immobilier """,https://www.etreproprio.com/immobilier-16534220-vente-deja-vendu-par-kerebel-immobilier-daoulas
DAOULAS,""" déjà vendu par kerebel immobilier """,https://www.etreproprio.com/immobilier-13560941-vente-deja-vendu-par-kerebel-immobilier-daoulas
DAOULAS,""" deja vendu par kerebel immobilier """,https://www.etreproprio.com/immobilier-10957123-vente-deja-vendu-par-kerebel-immobilier-daoulas
CROZON,"Un cadre idyllique, une maison lumineuse, un spa avec vue : votre havre de paix à crozon",https://www.etreproprio.com/immobilier-23094747-vente-un-cadre-idyllique-une-maison-lumineuse-un-spa-avec-vue-votre-havre-de-paix-a-crozon-crozon
CROZON,Maison traditionnelle proche centre crozon,https://www.etreproprio.com/immobilier-23628578-vente-maison-traditionnelle-proche-centre-crozon-crozon
CROZON,Villa t3 proche centre ville crozon exclusivite,https://www.etreproprio.com/immobilier-23618498-vente-villa-t3-proche-centre-ville-crozon-exclusivite-crozon
CROZON,Penty de 3 pièces – 56 m² – crozon (29160),https://www.etreproprio.com/immobilier-23608971-vente-penty-de-3-pieces-56-m-crozon-29160-crozon
CROZON,A vendre  crozon  maison t8  5 chambres  135m²  jardin  proche mer,https://www.etreproprio.com/immobilier-23578639-vente-a-vendre-crozon-maison-t8-5-chambres-135m-jardin-proche-mer-crozon
CROZON,Maison à vendre 9 pièces crozon (29),https://www.etreproprio.com/immobilier-23562063-vente-maison-a-vendre-9-pieces-crozon-29-crozon
CROZON,"Exclusivité – crozon – ravissante maison de plain-pied, au calme, proche plage et commodités",https://www.etreproprio.com/immobilier-23552223-vente-exclusivite-crozon-ravissante-maison-de-plain-pied-au-calme-proche-plage-et-commodites-crozon
CROZON,Maison à vendre 5 pièces crozon (29),https://www.etreproprio.com/immobilier-23539729-vente-maison-a-vendre-5-pieces-crozon-29-crozon
CROZON,"Crozon centre, chaleureuse maison en pierre",https://www.etreproprio.com/immobilier-23534217-vente-crozon-centre-chaleureuse-maison-en-pierre-crozon
CROZON,Charme et authenticité au cœur d’un site naturel exceptionnel,https://www.etreproprio.com/immobilier-22077949-vente-charme-et-authenticite-au-coeur-d-un-site-naturel-exceptionnel-crozon
CROZON,Maison à ossature bois,https://www.etreproprio.com/immobilier-22664050-vente-maison-a-ossature-bois-crozon
CROZON,"Maison à ossature bois, proche de la plage et des sentiers de randonnée",https://www.etreproprio.com/immobilier-21383869-vente-maison-a-ossature-bois-proche-de-la-plage-et-des-sentiers-de-randonnee-crozon
CROZON,Crozon - belle maison avec vue mer et accès immédiat aux plages,https://www.etreproprio.com/immobilier-23469747-vente-crozon-belle-maison-avec-vue-mer-et-acces-immediat-aux-plages-crozon
CROZON,Maison 5 chambres sur crozon,https://www.etreproprio.com/immobilier-23469757-vente-maison-5-chambres-sur-crozon-crozon
CROZON,Maison en centre-ville de crozon,https://www.etreproprio.com/immobilier-23463362-vente-maison-en-centre-ville-de-crozon-crozon
CROZON,Maison en centre-ville de crozon,https://www.etreproprio.com/immobilier-23462789-vente-maison-en-centre-ville-de-crozon-crozon
CROZON,Maison familiale avec vue mer   lieu-dit recherché en presqu’île de crozon,https://www.etreproprio.com/immobilier-23465023-vente-maison-familiale-avec-vue-mer-lieu-dit-recherche-en-presqu-ile-de-crozon-crozon
CROZON,Maison familiale,https://www.etreproprio.com/immobilier-22884728-vente-maison-familiale-crozon
CROZON,Maison contemporaine crozon centre,https://www.etreproprio.com/immobilier-22936613-vente-maison-contemporaine-crozon-centre-crozon
CROZON,« goulien – charmante maison en pierre à deux pas de la plage »,https://www.etreproprio.com/immobilier-23323282-vente-goulien-charmante-maison-en-pierre-a-deux-pas-de-la-plage-crozon
CROZON,Exclusivité   maison rénovée avec jardin au cœur du bourg de crozon,https://www.etreproprio.com/immobilier-23298008-vente-exclusivite-maison-renovee-avec-jardin-au-coeur-du-bourg-de-crozon-crozon
CROZON,Maison mitoyenne 4 chambres à crozon (29 160),https://www.etreproprio.com/immobilier-23297657-vente-maison-mitoyenne-4-chambres-a-crozon-29-160-crozon
CROZON,Maison 7 pièce(s) 130 m2  à crozon (29 160) à 2 pas de la grande plage de morgat,https://www.etreproprio.com/immobilier-23297659-vente-maison-7-pieces-130-m2-a-crozon-29-160-a-2-pas-de-la-grande-plage-de-morgat-crozon
CROZON,Maison renovee - a deux pas de la plage et des sentiers cotiers morgat,https://www.etreproprio.com/immobilier-23290006-vente-maison-renovee-a-deux-pas-de-la-plage-et-des-sentiers-cotiers-morgat-crozon
CROZON,Crozon – spacieuse propriété familiale proche plage et bourg,https://www.etreproprio.com/immobilier-23274188-vente-crozon-spacieuse-propriete-familiale-proche-plage-et-bourg-crozon
CROZON,"Crozon - a proximité immédiate du centre/bourg, vue sur le port de morgat dispose d'un t2 au rez de chaussée indépendant",https://www.etreproprio.com/immobilier-22760381-vente-crozon-a-proximite-immediate-du-centrebourg-vue-sur-le-port-de-morgat-dispose-d-un-t2-au-rez-de-chaussee-independant-crozon
CROZON,Maison 167m² à crozon,https://www.etreproprio.com/immobilier-23111299-vente-maison-167m-a-crozon-crozon
CROZON,"À vendre   ensemble immobilier à crozon, idéal résidence secondaire ou investissement locatif saisonnier",https://www.etreproprio.com/immobilier-23095447-vente-a-vendre-ensemble-immobilier-a-crozon-ideal-residence-secondaire-ou-investissement-locatif-saisonnier-crozon
CROZON,Crozon – maison néo-bretonne avec grand jardin,https://www.etreproprio.com/immobilier-23043767-vente-crozon-maison-neo-bretonne-avec-grand-jardin-crozon
CROZON,Maison des annees 30 crozon,https://www.etreproprio.com/immobilier-21452243-vente-maison-des-annees-30-crozon-crozon
CROZON,"Charmante maison avec petite vue mer   quartier du yunic, crozon",https://www.etreproprio.com/immobilier-22971829-vente-charmante-maison-avec-petite-vue-mer-quartier-du-yunic-crozon-crozon
CROZON,Rare à morgat maison de charme au coeur d'un parc paysagé,https://www.etreproprio.com/immobilier-22107974-vente-rare-a-morgat-maison-de-charme-au-coeur-d-un-parc-paysage-crozon
CROZON,"À vendre – superbe maison traditionnelle idéalement située à crozon, à deux pas du centre-ville et de toutes ses commodités",https://www.etreproprio.com/immobilier-21784785-vente-a-vendre-superbe-maison-traditionnelle-idealement-situee-a-crozon-a-deux-pas-du-centre-ville-et-de-toutes-ses-commodites-crozon
CROZON,"Finistère : crozon. magnifique maison rénovée de 5/6 chambres avec vue sur la mer, jardin et parking.",https://www.etreproprio.com/immobilier-22764692-vente-finistere-crozon-magnifique-maison-renovee-de-56-chambres-avec-vue-sur-la-mer-jardin-et-parking-crozon
CROZON,"Finistère (29) - crozon - proximité, port et plages",https://www.etreproprio.com/immobilier-22652242-vente-finistere-29-crozon-proximite-port-et-plages-crozon
CROZON,"Dpt finistère (29), à vendre morgat maison p6",https://www.etreproprio.com/immobilier-22760349-vente-dpt-finistere-29-a-vendre-morgat-maison-p6-crozon
CROZON,Maison à vendre 3 pièces crozon (29),https://www.etreproprio.com/immobilier-22698720-vente-maison-a-vendre-3-pieces-crozon-29-crozon
CROZON,Charme authentique -maison en pierres de 1870  crozon,https://www.etreproprio.com/immobilier-21108122-vente-charme-authentique-maison-en-pierres-de-1870-crozon-crozon
CROZON,Grande maison familiale à vendre – à seulement quelques pas de la plage de morgat,https://www.etreproprio.com/immobilier-22657110-vente-grande-maison-familiale-a-vendre-a-seulement-quelques-pas-de-la-plage-de-morgat-crozon
CROZON,Maison à vendre 0 pièces morgat (29),https://www.etreproprio.com/immobilier-22610072-vente-maison-a-vendre-0-pieces-morgat-29-crozon
DAOULAS,""" deja vendu par kerebel immobilier """,https://www.etreproprio.com/immobilier-10808928-vente-deja-vendu-par-kerebel-immobilier-daoulas
DAOULAS,""" vendu par kerebel immobilier """,https://www.etreproprio.com/immobilier-10808887-vente-vendu-par-kerebel-immobilier-daoulas
DAOULAS,""" deja vendu par kerebel immobilier """,https://www.etreproprio.com/immobilier-10412283-vente-deja-vendu-par-kerebel-immobilier-daoulas
DAOULAS,""" vendu par kerebel immobilier """,https://www.etreproprio.com/immobilier-9057440-vente-vendu-par-kerebel-immobilier-daoulas
DAOULAS,Maison 130m² à daoulas,https://www.etreproprio.com/immobilier-5080702-vente-maison-130m-a-daoulas-daoulas
CONCARNEAU,"""villas dolmen 3"" maison neuve au calme avec vie de plain pied proche commerces",https://www.etreproprio.com/immobilier-22707447-vente-villas-dolmen-3-maison-neuve-au-calme-avec-vie-de-plain-pied-proche-commerces-concarneau
CONCARNEAU,"""villas dolmen 1"" maison neuve au calme avec vie de plain pied proche commerces",https://www.etreproprio.com/immobilier-22707449-vente-villas-dolmen-1-maison-neuve-au-calme-avec-vie-de-plain-pied-proche-commerces-concarneau
CONCARNEAU,A vendre à concarneau - maison située au calme avec grandes terrasses à deux pas du bord de mer,https://www.etreproprio.com/immobilier-22706803-vente-a-vendre-a-concarneau-maison-situee-au-calme-avec-grandes-terrasses-a-deux-pas-du-bord-de-mer-concarneau
CONCARNEAU,"""villas dolmen 6"" maison neuve au calme avec vie de plain pied proche commerces",https://www.etreproprio.com/immobilier-22707445-vente-villas-dolmen-6-maison-neuve-au-calme-avec-vie-de-plain-pied-proche-commerces-concarneau
CONCARNEAU,"""villas dolmen 4"" maison neuve au calme avec vie de plain pied proche commerces",https://www.etreproprio.com/immobilier-22707446-vente-villas-dolmen-4-maison-neuve-au-calme-avec-vie-de-plain-pied-proche-commerces-concarneau
CONCARNEAU,Maison 190m² à concarneau,https://www.etreproprio.com/immobilier-22697893-vente-maison-190m-a-concarneau-concarneau
CONCARNEAU,Maison 170m² à concarneau,https://www.etreproprio.com/immobilier-22681541-vente-maison-170m-a-concarneau-concarneau
CONCARNEAU,"Maison à vendre concarneau le cabellou, 6 pièces - 185 m² - 1001 m² de terrain",https://www.etreproprio.com/immobilier-21440581-vente-maison-a-vendre-concarneau-le-cabellou-6-pieces-185-m-1001-m-de-terrain-concarneau
CONCARNEAU,"Le cachet d'un esprit loft, le privilège du centre-ville : un bien rare à concarneau",https://www.etreproprio.com/immobilier-22644470-vente-le-cachet-d-un-esprit-loft-le-privilege-du-centre-ville-un-bien-rare-a-concarneau-concarneau
CONCARNEAU,"Maison concarneau quartier du passage, 150 m2",https://www.etreproprio.com/immobilier-20834133-vente-maison-concarneau-quartier-du-passage-150-m2-concarneau
CONCARNEAU,Maison concarneau 9 pièces - 122 m2,https://www.etreproprio.com/immobilier-20342297-vente-maison-concarneau-9-pieces-122-m2-concarneau
CONCARNEAU,Maison concarneau 11 pièce(s) de 190 m²,https://www.etreproprio.com/immobilier-22420250-vente-maison-concarneau-11-pieces-de-190-m-concarneau
CONCARNEAU,"A vendre à concarneau le cabellou face à la mer, les pieds dans le sable, une adresse d'exception.",https://www.etreproprio.com/immobilier-21802423-vente-a-vendre-a-concarneau-le-cabellou-face-a-la-mer-les-pieds-dans-le-sable-une-adresse-d-exception-concarneau
CONCARNEAU,Maison concarneau 7 pièce(s) 119 m2,https://www.etreproprio.com/immobilier-22416605-vente-maison-concarneau-7-pieces-119-m2-concarneau
CONCARNEAU,#402 - a vendre - maison familiale dpe c - 165 m2 - concarneau,https://www.etreproprio.com/immobilier-21580325-vente-402-a-vendre-maison-familiale-dpe-c-165-m2-concarneau-concarneau
CONCARNEAU,"""bleuet"" maison à quelques pas des plages",https://www.etreproprio.com/immobilier-22331698-vente-bleuet-maison-a-quelques-pas-des-plages-concarneau
CONCARNEAU,Maison concarneau 4 pièces 103.69 m2 sur un terrain de 317 m2,https://www.etreproprio.com/immobilier-22269886-vente-maison-concarneau-4-pieces-10369-m2-sur-un-terrain-de-317-m2-concarneau
CONCARNEAU,Maison concarneau 5 pièces 118.83 m2 sur un terrain de 667 m2,https://www.etreproprio.com/immobilier-22269885-vente-maison-concarneau-5-pieces-11883-m2-sur-un-terrain-de-667-m2-concarneau
CONCARNEAU,"""avenn"" maison familiale concarneau rive droite",https://www.etreproprio.com/immobilier-21547197-vente-avenn-maison-familiale-concarneau-rive-droite-concarneau
CONCARNEAU,Concarneau maison indépendante de 4 pièces 103.71 m2,https://www.etreproprio.com/immobilier-22249378-vente-concarneau-maison-independante-de-4-pieces-10371-m2-concarneau
CROZON,Maison crozon - 105m2,https://www.etreproprio.com/immobilier-22574432-vente-maison-crozon-105m2-crozon
CROZON,Maison entre la plage du portzic et le marché de crozon .,https://www.etreproprio.com/immobilier-22511456-vente-maison-entre-la-plage-du-portzic-et-le-marche-de-crozon-crozon
CROZON,Maison avec beaucoup de potentiel + terrain divisible ? crozon centre,https://www.etreproprio.com/immobilier-22457747-vente-maison-avec-beaucoup-de-potentiel-terrain-divisible-crozon-centre-crozon
CROZON,"Dpt finistère (29), à vendre morgat maison p0",https://www.etreproprio.com/immobilier-22117410-vente-dpt-finistere-29-a-vendre-morgat-maison-p0-crozon
CROZON,Maison renovee au coeur de crozon exclusivite,https://www.etreproprio.com/immobilier-22037709-vente-maison-renovee-au-coeur-de-crozon-exclusivite-crozon
CROZON,Nouveauté à crozon ? maison avec vue imprenable sur l'anse de morgat,https://www.etreproprio.com/immobilier-22018675-vente-nouveaute-a-crozon-maison-avec-vue-imprenable-sur-l-anse-de-morgat-crozon
CROZON,Maison avec vue mer exceptionnelle à crozon,https://www.etreproprio.com/immobilier-21994588-vente-maison-avec-vue-mer-exceptionnelle-a-crozon-crozon
CROZON,Contemporaine quartier residentiel crozon,https://www.etreproprio.com/immobilier-21844295-vente-contemporaine-quartier-residentiel-crozon-crozon
CROZON,Charmante maison de bourg avec vue sur la baie de douarnenez,https://www.etreproprio.com/immobilier-21798059-vente-charmante-maison-de-bourg-avec-vue-sur-la-baie-de-douarnenez-crozon
CROZON,Rareté absolue vue mer exceptionnelle face à la plage de l'aber exclusivite,https://www.etreproprio.com/immobilier-21595245-vente-rarete-absolue-vue-mer-exceptionnelle-face-a-la-plage-de-l-aber-exclusivite-crozon
CROZON,Propriété spacieuse à crozon,https://www.etreproprio.com/immobilier-21413904-vente-propriete-spacieuse-a-crozon-crozon
CROZON,"Dpt finistère (29), à vendre crozon maison p6",https://www.etreproprio.com/immobilier-21354880-vente-dpt-finistere-29-a-vendre-crozon-maison-p6-crozon
CROZON,Charme et emplacement rare : demeure de caractère à morgat,https://www.etreproprio.com/immobilier-21342820-vente-charme-et-emplacement-rare-demeure-de-caractere-a-morgat-crozon
CROZON,Villa t4 63m2 avec terrasse investissement lmnp crozon ( 29 ) 85 000 €,https://www.etreproprio.com/immobilier-20564851-vente-villa-t4-63m2-avec-terrasse-investissement-lmnp-crozon-29-85-000-crozon
CROZON,Ensemble traditionnel de caractère comprenant deux maisons d'habitation,https://www.etreproprio.com/immobilier-21031079-vente-ensemble-traditionnel-de-caractere-comprenant-deux-maisons-d-habitation-crozon
CROZON,Maison à vendre 8 pièces crozon (29),https://www.etreproprio.com/immobilier-21084729-vente-maison-a-vendre-8-pieces-crozon-29-crozon
CROZON,Maison située au calme et à proximité du bourg de crozon exposée sud,https://www.etreproprio.com/immobilier-20925111-vente-maison-situee-au-calme-et-a-proximite-du-bourg-de-crozon-exposee-sud-crozon
CROZON,Maison 140 m2 6 pièces avec vue mer au calme,https://www.etreproprio.com/immobilier-19722705-vente-maison-140-m2-6-pieces-avec-vue-mer-au-calme-crozon
CROZON,"Dpt finistère (29), à vendre crozon maison p8",https://www.etreproprio.com/immobilier-20170974-vente-dpt-finistere-29-a-vendre-crozon-maison-p8-crozon
CROZON,Maison située à proximité immédiate de la mer,https://www.etreproprio.com/immobilier-19967910-vente-maison-situee-a-proximite-immediate-de-la-mer-crozon
DINEAULT,Maison sur dineault,https://www.etreproprio.com/immobilier-23874889-vente-maison-sur-dineault-dineault
DINEAULT,Maison dineault 4 pièce(s) 131 m2,https://www.etreproprio.com/immobilier-23421045-vente-maison-dineault-4-pieces-131-m2-dineault
DINEAULT,Maison 131m² à dineault,https://www.etreproprio.com/immobilier-23412753-vente-maison-131m-a-dineault-dineault
DINEAULT,Maison en viager occupé dinéault,https://www.etreproprio.com/immobilier-22944131-vente-maison-en-viager-occupe-dineault-dineault
DINEAULT,"Maison de 6 pièces, 128 m² à dinéault 29150",https://www.etreproprio.com/immobilier-19871586-vente-maison-de-6-pieces-128-m-a-dineault-29150-dineault
CROZON,Vente villa - résidence de tourisme classée 3 étoiles,https://www.etreproprio.com/immobilier-19606245-vente-vente-villa-residence-de-tourisme-classee-3-etoiles-crozon
CROZON,Vente villa - résidence de tourisme classée 3 étoiles,https://www.etreproprio.com/immobilier-19606248-vente-vente-villa-residence-de-tourisme-classee-3-etoiles-crozon
CROZON,Maison vue mer - crozon - exclusivité,https://www.etreproprio.com/immobilier-19169924-vente-maison-vue-mer-crozon-exclusivite-crozon
CROZON,Villa contemporaine avec vue sur mer,https://www.etreproprio.com/immobilier-17434869-vente-villa-contemporaine-avec-vue-sur-mer-crozon
CONCARNEAU,Maison indépendante à concarneau 5 pièces 118.75 m2,https://www.etreproprio.com/immobilier-22249379-vente-maison-independante-a-concarneau-5-pieces-11875-m2-concarneau
CONCARNEAU,Concarneau maison indépendante 4 pièces 98.66 m2,https://www.etreproprio.com/immobilier-22249377-vente-concarneau-maison-independante-4-pieces-9866-m2-concarneau
CONCARNEAU,Maison concarneau 5 pièce(s) 131 m²,https://www.etreproprio.com/immobilier-18802586-vente-maison-concarneau-5-pieces-131-m-concarneau
CONCARNEAU,"Concarneau, proche commerces maison 3 chambres idéal premier achat",https://www.etreproprio.com/immobilier-17769332-vente-concarneau-proche-commerces-maison-3-chambres-ideal-premier-achat-concarneau
CONCARNEAU,Maison 360m² à concarneau,https://www.etreproprio.com/immobilier-22000032-vente-maison-360m-a-concarneau-concarneau
CONCARNEAU,"Maison 5 pièces, 104 m², joli terrain",https://www.etreproprio.com/immobilier-21921173-vente-maison-5-pieces-104-m-joli-terrain-concarneau
CONCARNEAU,"# 366 - a vendre - maison - concarneau - 72,67 m2 - hyper centre rouz",https://www.etreproprio.com/immobilier-21161569-vente-366-a-vendre-maison-concarneau-7267-m2-hyper-centre-rouz-concarneau
CONCARNEAU,Moulin 29900 + gites-16 pièce(s) 239 m2,https://www.etreproprio.com/immobilier-21297643-vente-moulin-29900-gites-16-pieces-239-m2-concarneau
CONCARNEAU,Maison 171m² à concarneau,https://www.etreproprio.com/immobilier-21233350-vente-maison-171m-a-concarneau-concarneau
CONCARNEAU,Maison concarneau 5 pièces votre coin de paradis à concarneau,https://www.etreproprio.com/immobilier-21193729-vente-maison-concarneau-5-pieces-votre-coin-de-paradis-a-concarneau-concarneau
CONCARNEAU,Maison 104m² à concarneau,https://www.etreproprio.com/immobilier-21000886-vente-maison-104m-a-concarneau-concarneau
CONCARNEAU,"""montaigne"", maison au centre-ville de concarneau avec vue sur le port et la ville-close.",https://www.etreproprio.com/immobilier-20929901-vente-montaigne-maison-au-centre-ville-de-concarneau-avec-vue-sur-le-port-et-la-ville-close-concarneau
CONCARNEAU,Maison 110m² à concarneau,https://www.etreproprio.com/immobilier-20570089-vente-maison-110m-a-concarneau-concarneau
CONCARNEAU,Maison concarneau 6 pièce(s) 82 m²,https://www.etreproprio.com/immobilier-18917305-vente-maison-concarneau-6-pieces-82-m-concarneau
CONCARNEAU,Maison concarneau,https://www.etreproprio.com/immobilier-19626484-vente-maison-concarneau-concarneau
CONCARNEAU,Maison concarneau - 206 m²,https://www.etreproprio.com/immobilier-18166232-vente-maison-concarneau-206-m-concarneau
CONCARNEAU,Maison 130m² à concarneau,https://www.etreproprio.com/immobilier-19942027-vente-maison-130m-a-concarneau-concarneau
CONCARNEAU,Maison 86m² à concarneau,https://www.etreproprio.com/immobilier-19156628-vente-maison-86m-a-concarneau-concarneau
CONCARNEAU,Maison 80m² à concarneau,https://www.etreproprio.com/immobilier-19554062-vente-maison-80m-a-concarneau-concarneau
CONCARNEAU,Propriété historique,https://www.etreproprio.com/immobilier-17758995-vente-propriete-historique-concarneau
DIRINON,Maison dirinon 6 pièce(s) 101 m2,https://www.etreproprio.com/immobilier-23901457-vente-maison-dirinon-6-pieces-101-m2-dirinon
DIRINON,Exclusivite  a vendre  maison dirinon  165m²   6 chambres  jardin  garage,https://www.etreproprio.com/immobilier-23278507-vente-exclusivite-a-vendre-maison-dirinon-165m-6-chambres-jardin-garage-dirinon
DIRINON,Exclusivite  a vendre  maison dirinon  165m²   6 chambres  jardin  garage,https://www.etreproprio.com/immobilier-23175399-vente-exclusivite-a-vendre-maison-dirinon-165m-6-chambres-jardin-garage-dirinon
DIRINON,Maison 321m² à dirinon,https://www.etreproprio.com/immobilier-21930977-vente-maison-321m-a-dirinon-dirinon
DIRINON,Dirinon au calme,https://www.etreproprio.com/immobilier-20945319-vente-dirinon-au-calme-dirinon
DIRINON,""" déjà vendu par kerebel immobilier """,https://www.etreproprio.com/immobilier-20326041-vente-deja-vendu-par-kerebel-immobilier-dirinon
DIRINON,""" déjà vendu par kerebel immobilier """,https://www.etreproprio.com/immobilier-17901586-vente-deja-vendu-par-kerebel-immobilier-dirinon
DIRINON,""" déjà vendu par kerebel immobilier",https://www.etreproprio.com/immobilier-15282848-vente-deja-vendu-par-kerebel-immobilier-dirinon
DIRINON,""" déjà vendu par kerebel immobilier """,https://www.etreproprio.com/immobilier-13533177-vente-deja-vendu-par-kerebel-immobilier-dirinon
DIRINON,""" vendu par kerebel immobilier """,https://www.etreproprio.com/immobilier-8130246-vente-vendu-par-kerebel-immobilier-dirinon
DOUARNENEZ,Maison 6 pièces douarnenez treboul,https://www.etreproprio.com/immobilier-23910969-vente-maison-6-pieces-douarnenez-treboul-douarnenez
DOUARNENEZ,Maison douarnenez 6 pièce(s),https://www.etreproprio.com/immobilier-23903204-vente-maison-douarnenez-6-pieces-douarnenez
DOUARNENEZ,Maison 165m² à douarnenez,https://www.etreproprio.com/immobilier-22921432-vente-maison-165m-a-douarnenez-douarnenez
DOUARNENEZ,Maison  douarnenez  71 m2,https://www.etreproprio.com/immobilier-23881358-vente-maison-douarnenez-71-m2-douarnenez
DOUARNENEZ,Maison douarnenez 141 m2,https://www.etreproprio.com/immobilier-22093561-vente-maison-douarnenez-141-m2-douarnenez
DOUARNENEZ,Maison 69m² à douarnenez,https://www.etreproprio.com/immobilier-23873670-vente-maison-69m-a-douarnenez-douarnenez
DOUARNENEZ,Maison douarnenez 3 pièce(s) 64 m2,https://www.etreproprio.com/immobilier-22913319-vente-maison-douarnenez-3-pieces-64-m2-douarnenez
DOUARNENEZ,Maison 139m² à douarnenez,https://www.etreproprio.com/immobilier-23863497-vente-maison-139m-a-douarnenez-douarnenez
DOUARNENEZ,Maison douarnenez 9 pièce(s) 190 m2,https://www.etreproprio.com/immobilier-23303075-vente-maison-douarnenez-9-pieces-190-m2-douarnenez
DOUARNENEZ,Maison 66m² à douarnenez,https://www.etreproprio.com/immobilier-23627429-vente-maison-66m-a-douarnenez-douarnenez
DOUARNENEZ,Maison 190m² à douarnenez,https://www.etreproprio.com/immobilier-21281260-vente-maison-190m-a-douarnenez-douarnenez
DOUARNENEZ,Maison douarnenez 7 pièces 140 m²,https://www.etreproprio.com/immobilier-23861084-vente-maison-douarnenez-7-pieces-140-m-douarnenez
DOUARNENEZ,Maison de ville avec terrasse,https://www.etreproprio.com/immobilier-23856299-vente-maison-de-ville-avec-terrasse-douarnenez
DOUARNENEZ,Maison à vendre 7 pièces kerlaz (29) 149 m2 sur 713 m2 de terrain 4 chambres,https://www.etreproprio.com/immobilier-23825081-vente-maison-a-vendre-7-pieces-kerlaz-29-149-m2-sur-713-m2-de-terrain-4-chambres-douarnenez
DOUARNENEZ,Maison douarnenez 140 m2,https://www.etreproprio.com/immobilier-23568840-vente-maison-douarnenez-140-m2-douarnenez
DOUARNENEZ,Maison 106m² à douarnenez,https://www.etreproprio.com/immobilier-23769666-vente-maison-106m-a-douarnenez-douarnenez
DOUARNENEZ,Maison 66m² à douarnenez,https://www.etreproprio.com/immobilier-23031910-vente-maison-66m-a-douarnenez-douarnenez
DOUARNENEZ,Maison sur douarnenez,https://www.etreproprio.com/immobilier-23759258-vente-maison-sur-douarnenez-douarnenez
DOUARNENEZ,Maison douarnenez 5 pièces 80.50 m2,https://www.etreproprio.com/immobilier-23722966-vente-maison-douarnenez-5-pieces-8050-m2-douarnenez
DOUARNENEZ,Maison 115m² à douarnenez,https://www.etreproprio.com/immobilier-23040822-vente-maison-115m-a-douarnenez-douarnenez
CONCARNEAU,Maison concarneau 10 pièce(s) 175 m2,https://www.etreproprio.com/immobilier-19221650-vente-maison-concarneau-10-pieces-175-m2-concarneau
CONCARNEAU,Maison 141m² à concarneau,https://www.etreproprio.com/immobilier-19091677-vente-maison-141m-a-concarneau-concarneau
CONCARNEAU,"#432 - a vendre - maison - concarneau - 120,4 m2",https://www.etreproprio.com/immobilier-18805909-vente-432-a-vendre-maison-concarneau-1204-m2-concarneau
CONCARNEAU,Maison 168m² à concarneau,https://www.etreproprio.com/immobilier-18918244-vente-maison-168m-a-concarneau-concarneau
CONCARNEAU,Maison concarneau 12 pièce(s) 188 m²,https://www.etreproprio.com/immobilier-18692229-vente-maison-concarneau-12-pieces-188-m-concarneau
CONCARNEAU,Maison 106m² à concarneau,https://www.etreproprio.com/immobilier-17373225-vente-maison-106m-a-concarneau-concarneau
CONCARNEAU,Concarneau maison 5 pièce(s) 150m² avec dépendance 3 pièces(s) de 50m²,https://www.etreproprio.com/immobilier-16731367-vente-concarneau-maison-5-pieces-150m-avec-dependance-3-piecess-de-50m-concarneau
CONCARNEAU,Maison 108m² à concarneau,https://www.etreproprio.com/immobilier-15793138-vente-maison-108m-a-concarneau-concarneau
CONCARNEAU,Maison 151m² à concarneau,https://www.etreproprio.com/immobilier-15793130-vente-maison-151m-a-concarneau-concarneau
LE DRENNEC,Maison de plain-pied 2 chambres avec jardin clos,https://www.etreproprio.com/immobilier-23550622-vente-maison-de-plain-pied-2-chambres-avec-jardin-clos-le-drennec
LE DRENNEC,Maison 125m² à le drennec,https://www.etreproprio.com/immobilier-22549380-vente-maison-125m-a-le-drennec-le-drennec
EDERN,Finistere - edern (29510) - a vendre - maison de 76 m2 - 3 chambres - terrain de 9 400 m2 - sous-sol total - grenier aménageable,https://www.etreproprio.com/immobilier-23895293-vente-finistere-edern-29510-a-vendre-maison-de-76-m2-3-chambres-terrain-de-9-400-m2-sous-sol-total-grenier-amenageable-edern
EDERN,Maison et hangar,https://www.etreproprio.com/immobilier-23785162-vente-maison-et-hangar-edern
EDERN,Maison à vendre 6 pièces edern (29),https://www.etreproprio.com/immobilier-23644577-vente-maison-a-vendre-6-pieces-edern-29-edern
EDERN,29510 edern maison avec hangar idéal primo-accèdent ou pied à terre,https://www.etreproprio.com/immobilier-23475166-vente-29510-edern-maison-avec-hangar-ideal-primo-accedent-ou-pied-a-terre-edern
EDERN,Vente maison edern(29510) 231 000ï¿œ,https://www.etreproprio.com/immobilier-22998635-vente-vente-maison-edern29510-231-000i-oe-edern
EDERN,Maison 165m² à edern,https://www.etreproprio.com/immobilier-22548875-vente-maison-165m-a-edern-edern
EDERN,Longère en pierre avec hangar  gros uvre réalisé  campagne d'edern,https://www.etreproprio.com/immobilier-22047084-vente-longere-en-pierre-avec-hangar-gros-uvre-realise-campagne-d-edern-edern
EDERN,Maison de campagne t7 195 m2 à edern,https://www.etreproprio.com/immobilier-16895160-vente-maison-de-campagne-t7-195-m2-a-edern-edern
DOUARNENEZ,Maison douarnenez 5 pièce(s),https://www.etreproprio.com/immobilier-23689394-vente-maison-douarnenez-5-pieces-douarnenez
DOUARNENEZ,Maison 135m² à douarnenez,https://www.etreproprio.com/immobilier-23579873-vente-maison-135m-a-douarnenez-douarnenez
DOUARNENEZ,Maison 106m² à douarnenez,https://www.etreproprio.com/immobilier-21640159-vente-maison-106m-a-douarnenez-douarnenez
DOUARNENEZ,Maison tréboul,https://www.etreproprio.com/immobilier-23516526-vente-maison-treboul-douarnenez
DOUARNENEZ,Maison 188m² à douarnenez,https://www.etreproprio.com/immobilier-23501826-vente-maison-188m-a-douarnenez-douarnenez
DOUARNENEZ,Maison 135m² à douarnenez,https://www.etreproprio.com/immobilier-23479456-vente-maison-135m-a-douarnenez-douarnenez
DOUARNENEZ,Maison douarnenez tréboul 7 pièces 135 m2,https://www.etreproprio.com/immobilier-23478438-vente-maison-douarnenez-treboul-7-pieces-135-m2-douarnenez
DOUARNENEZ,Maison douarnenez 5 pièce(s),https://www.etreproprio.com/immobilier-23471116-vente-maison-douarnenez-5-pieces-douarnenez
DOUARNENEZ,Maison familiale 5 pièces treboul-douarnenez (29),https://www.etreproprio.com/immobilier-23404759-vente-maison-familiale-5-pieces-treboul-douarnenez-29-douarnenez
DOUARNENEZ,"Maison 6 pièces avec sous-sol complet - 117m²- treboul, douarnenez (29)",https://www.etreproprio.com/immobilier-22786681-vente-maison-6-pieces-avec-sous-sol-complet-117m-treboul-douarnenez-29-douarnenez
DOUARNENEZ,Maison 108m² à douarnenez,https://www.etreproprio.com/immobilier-23351754-vente-maison-108m-a-douarnenez-douarnenez
DOUARNENEZ,Maison douarnenez 6 pièces 123 m2,https://www.etreproprio.com/immobilier-23317086-vente-maison-douarnenez-6-pieces-123-m2-douarnenez
DOUARNENEZ,Maison d'architecte  douarnenez 8 pièces 213 m²,https://www.etreproprio.com/immobilier-23303094-vente-maison-d-architecte-douarnenez-8-pieces-213-m-douarnenez
DOUARNENEZ,Maison douarnenez 6 pièce(s) 90 m2,https://www.etreproprio.com/immobilier-23303076-vente-maison-douarnenez-6-pieces-90-m2-douarnenez
DOUARNENEZ,Maison douarnenez 3 pièce(s),https://www.etreproprio.com/immobilier-22287075-vente-maison-douarnenez-3-pieces-douarnenez
DOUARNENEZ,Maison douarnenez 6 pièce(s) 108 m2,https://www.etreproprio.com/immobilier-23303081-vente-maison-douarnenez-6-pieces-108-m2-douarnenez
DOUARNENEZ,Maison 123m² à douarnenez,https://www.etreproprio.com/immobilier-23307330-vente-maison-123m-a-douarnenez-douarnenez
DOUARNENEZ,Maison 182m² à douarnenez,https://www.etreproprio.com/immobilier-23203117-vente-maison-182m-a-douarnenez-douarnenez
DOUARNENEZ,"Maison douarnenez 5 pièces, 102 m²",https://www.etreproprio.com/immobilier-23195873-vente-maison-douarnenez-5-pieces-102-m-douarnenez
DOUARNENEZ,Maison 196m² à douarnenez,https://www.etreproprio.com/immobilier-23189544-vente-maison-196m-a-douarnenez-douarnenez
ELLIANT,Maison 175m² à elliant,https://www.etreproprio.com/immobilier-23861421-vente-maison-175m-a-elliant-elliant
ELLIANT,Maison sur elliant,https://www.etreproprio.com/immobilier-23855230-vente-maison-sur-elliant-elliant
ELLIANT,Maison elliant 5 pièces 105 m2,https://www.etreproprio.com/immobilier-23853826-vente-maison-elliant-5-pieces-105-m2-elliant
ELLIANT,Maison 99m² à elliant,https://www.etreproprio.com/immobilier-23780113-vente-maison-99m-a-elliant-elliant
ELLIANT,Maison elliant 4 pièce(s),https://www.etreproprio.com/immobilier-23768977-vente-maison-elliant-4-pieces-elliant
ELLIANT,Maison dans un quartier calme,https://www.etreproprio.com/immobilier-23772414-vente-maison-dans-un-quartier-calme-elliant
ELLIANT,Maison 152m² à elliant,https://www.etreproprio.com/immobilier-23754186-vente-maison-152m-a-elliant-elliant
ELLIANT,A vendre maison- elliant-centre ville-garage-jardin,https://www.etreproprio.com/immobilier-23693851-vente-a-vendre-maison-elliant-centre-ville-garage-jardin-elliant
ELLIANT,Maison 122m² à elliant,https://www.etreproprio.com/immobilier-23649674-vente-maison-122m-a-elliant-elliant
ELLIANT,Maison à vendre 5 pièces  (29) exclusivité – elliant – contemporaine 2023,https://www.etreproprio.com/immobilier-22610086-vente-maison-a-vendre-5-pieces-29-exclusivite-elliant-contemporaine-2023-elliant
ELLIANT,Maison 190m² à elliant,https://www.etreproprio.com/immobilier-23602296-vente-maison-190m-a-elliant-elliant
ELLIANT,Maison 150m² à elliant,https://www.etreproprio.com/immobilier-22638488-vente-maison-150m-a-elliant-elliant
ELLIANT,Maison 151m² à elliant,https://www.etreproprio.com/immobilier-23102652-vente-maison-151m-a-elliant-elliant
ELLIANT,Maison 40m² à elliant,https://www.etreproprio.com/immobilier-23459438-vente-maison-40m-a-elliant-elliant
ELLIANT,Maison 110m² à elliant,https://www.etreproprio.com/immobilier-23435459-vente-maison-110m-a-elliant-elliant
ELLIANT,Maison à vendre 6 pièces elliant (29) - au calme - véranda - lumineuse,https://www.etreproprio.com/immobilier-23416421-vente-maison-a-vendre-6-pieces-elliant-29-au-calme-veranda-lumineuse-elliant
ELLIANT,Maison 91m² à elliant,https://www.etreproprio.com/immobilier-23401229-vente-maison-91m-a-elliant-elliant
ELLIANT,Maison 175m² à elliant,https://www.etreproprio.com/immobilier-21226372-vente-maison-175m-a-elliant-elliant
ELLIANT,"29370 elliant maison 2 / 3 chambres au calme, cuisine récente, électricité récente",https://www.etreproprio.com/immobilier-23297661-vente-29370-elliant-maison-2-3-chambres-au-calme-cuisine-recente-electricite-recente-elliant
ELLIANT,Maison 85m² à elliant,https://www.etreproprio.com/immobilier-23260380-vente-maison-85m-a-elliant-elliant
DOUARNENEZ,Maison 119m² à douarnenez,https://www.etreproprio.com/immobilier-23179327-vente-maison-119m-a-douarnenez-douarnenez
DOUARNENEZ,Douarnenez (29) - maison 6 pièces - 123 m² - 4 chambres - 712 m² de terrain,https://www.etreproprio.com/immobilier-23183626-vente-douarnenez-29-maison-6-pieces-123-m-4-chambres-712-m-de-terrain-douarnenez
DOUARNENEZ,Maison douarnenez centre 6 pièce(s),https://www.etreproprio.com/immobilier-23132063-vente-maison-douarnenez-centre-6-pieces-douarnenez
DOUARNENEZ,Maison 108m² à douarnenez,https://www.etreproprio.com/immobilier-22370119-vente-maison-108m-a-douarnenez-douarnenez
DOUARNENEZ,Maison douarnenez 8 pièces 175 m2,https://www.etreproprio.com/immobilier-22952412-vente-maison-douarnenez-8-pieces-175-m2-douarnenez
DOUARNENEZ,Maison à vendre au port du rosmeur à douarnenez (29),https://www.etreproprio.com/immobilier-22964864-vente-maison-a-vendre-au-port-du-rosmeur-a-douarnenez-29-douarnenez
DOUARNENEZ,Maison de famille,https://www.etreproprio.com/immobilier-22481728-vente-maison-de-famille-douarnenez
DOUARNENEZ,Maison 123m² à douarnenez,https://www.etreproprio.com/immobilier-22925446-vente-maison-123m-a-douarnenez-douarnenez
DOUARNENEZ,Maison douarnenez 10 pièce(s),https://www.etreproprio.com/immobilier-22863882-vente-maison-douarnenez-10-pieces-douarnenez
DOUARNENEZ,Maison 136m² à douarnenez,https://www.etreproprio.com/immobilier-22507783-vente-maison-136m-a-douarnenez-douarnenez
DOUARNENEZ,Maison douarnenez 6 pièce(s),https://www.etreproprio.com/immobilier-22515313-vente-maison-douarnenez-6-pieces-douarnenez
DOUARNENEZ,Maison de ville à réaménager,https://www.etreproprio.com/immobilier-22602249-vente-maison-de-ville-a-reamenager-douarnenez
DOUARNENEZ,Maison de famille a deux pas de la plage du ris à douarnenez (29),https://www.etreproprio.com/immobilier-22510597-vente-maison-de-famille-a-deux-pas-de-la-plage-du-ris-a-douarnenez-29-douarnenez
DOUARNENEZ,Maison 163m² à douarnenez,https://www.etreproprio.com/immobilier-22489325-vente-maison-163m-a-douarnenez-douarnenez
DOUARNENEZ,Maison avec vue mer douarnenez 6 pièce(s) 163 m2,https://www.etreproprio.com/immobilier-22253995-vente-maison-avec-vue-mer-douarnenez-6-pieces-163-m2-douarnenez
DOUARNENEZ,Maison 163m² à douarnenez,https://www.etreproprio.com/immobilier-22246529-vente-maison-163m-a-douarnenez-douarnenez
DOUARNENEZ,Maison 96m² à douarnenez,https://www.etreproprio.com/immobilier-22292462-vente-maison-96m-a-douarnenez-douarnenez
DOUARNENEZ,Maison d'architecte vue mer tréboul douarnenez,https://www.etreproprio.com/immobilier-22270338-vente-maison-d-architecte-vue-mer-treboul-douarnenez-douarnenez
DOUARNENEZ,Villa 29100 douarnenez accès mer direct,https://www.etreproprio.com/immobilier-22104749-vente-villa-29100-douarnenez-acces-mer-direct-douarnenez
DOUARNENEZ,A vendre-bretagne-finistère sud-douarnenez-tréboul-maison plus appartement indépendant-jardins-garage,https://www.etreproprio.com/immobilier-22076151-vente-a-vendre-bretagne-finistere-sud-douarnenez-treboul-maison-plus-appartement-independant-jardins-garage-douarnenez
ERGUE-GABERIC,Maison à vendre 5 pièces ergue gaberic (29500)- surface habitable 162.56 m2- 3 chambres - parcelle de 895 m2,https://www.etreproprio.com/immobilier-22015946-vente-maison-a-vendre-5-pieces-ergue-gaberic-29500-surface-habitable-16256-m2-3-chambres-parcelle-de-895-m2-ergue-gaberic
ERGUE-GABERIC,Maison sur ergue gaberic,https://www.etreproprio.com/immobilier-23855229-vente-maison-sur-ergue-gaberic-ergue-gaberic
ERGUE-GABERIC,Maison - 3 chambres - ergué-gabéric,https://www.etreproprio.com/immobilier-23842335-vente-maison-3-chambres-ergue-gaberic-ergue-gaberic
ERGUE-GABERIC,Ergue-gaberic maison individuelle sur terrain de 630 m2,https://www.etreproprio.com/immobilier-23532442-vente-ergue-gaberic-maison-individuelle-sur-terrain-de-630-m2-ergue-gaberic
ERGUE-GABERIC,Ergue-gaberic maison individuelle sur terrain de 630 m2,https://www.etreproprio.com/immobilier-23532427-vente-ergue-gaberic-maison-individuelle-sur-terrain-de-630-m2-ergue-gaberic
ERGUE-GABERIC,Maison 153m² à ergue-gaberic,https://www.etreproprio.com/immobilier-23260682-vente-maison-153m-a-ergue-gaberic-ergue-gaberic
ERGUE-GABERIC,Maison ergué gaberic- 4 chambres - 100m²,https://www.etreproprio.com/immobilier-23757213-vente-maison-ergue-gaberic-4-chambres-100m-ergue-gaberic
ERGUE-GABERIC,Maison traditionnelle aux portes de quimper!,https://www.etreproprio.com/immobilier-23757210-vente-maison-traditionnelle-aux-portes-de-quimper-ergue-gaberic
ERGUE-GABERIC,Maison familiale 129 m² - ergué-gabéric,https://www.etreproprio.com/immobilier-23757214-vente-maison-familiale-129-m-ergue-gaberic-ergue-gaberic
ERGUE-GABERIC,Maison 97m² à ergue-gaberic,https://www.etreproprio.com/immobilier-22741938-vente-maison-97m-a-ergue-gaberic-ergue-gaberic
ERGUE-GABERIC,Maison  4 chambres dans le bourg d'ergué-gabéric,https://www.etreproprio.com/immobilier-23657580-vente-maison-4-chambres-dans-le-bourg-d-ergue-gaberic-ergue-gaberic
ERGUE-GABERIC,Maison 151m² à ergue-gaberic,https://www.etreproprio.com/immobilier-22639966-vente-maison-151m-a-ergue-gaberic-ergue-gaberic
ERGUE-GABERIC,Maison 107m² à ergue-gaberic,https://www.etreproprio.com/immobilier-23409263-vente-maison-107m-a-ergue-gaberic-ergue-gaberic
ERGUE-GABERIC,Maison de caractère ergué-gabéric,https://www.etreproprio.com/immobilier-23659340-vente-maison-de-caractere-ergue-gaberic-ergue-gaberic
ERGUE-GABERIC,Maison  7 pièce(s) 160 m2,https://www.etreproprio.com/immobilier-23468881-vente-maison-7-pieces-160-m2-ergue-gaberic
ERGUE-GABERIC,Maison 162m² à ergue-gaberic,https://www.etreproprio.com/immobilier-23221797-vente-maison-162m-a-ergue-gaberic-ergue-gaberic
ERGUE-GABERIC,A vendre ergue gaberic le rouillen longere 4 chambres  studio independant et jardin,https://www.etreproprio.com/immobilier-23373978-vente-a-vendre-ergue-gaberic-le-rouillen-longere-4-chambres-studio-independant-et-jardin-ergue-gaberic
ERGUE-GABERIC,Maison 115m² à ergue-gaberic,https://www.etreproprio.com/immobilier-23608007-vente-maison-115m-a-ergue-gaberic-ergue-gaberic
ERGUE-GABERIC,Immeuble de rapport sur ergué-gabéric,https://www.etreproprio.com/immobilier-23606829-vente-immeuble-de-rapport-sur-ergue-gaberic-ergue-gaberic
ERGUE-GABERIC,Maison 148m² à ergue-gaberic,https://www.etreproprio.com/immobilier-23526200-vente-maison-148m-a-ergue-gaberic-ergue-gaberic
ELLIANT,Maison 265m² à elliant,https://www.etreproprio.com/immobilier-22977966-vente-maison-265m-a-elliant-elliant
ELLIANT,Maison 215m² à elliant,https://www.etreproprio.com/immobilier-22855248-vente-maison-215m-a-elliant-elliant
ELLIANT,Maison elliant 4 pièce(s) 91.22 m2,https://www.etreproprio.com/immobilier-22546802-vente-maison-elliant-4-pieces-9122-m2-elliant
ELLIANT,#425 - a vendre - maison 170 m2 -  dpe b - elliant,https://www.etreproprio.com/immobilier-21614154-vente-425-a-vendre-maison-170-m2-dpe-b-elliant-elliant
ELLIANT,Maison 150m² à elliant,https://www.etreproprio.com/immobilier-21491439-vente-maison-150m-a-elliant-elliant
ELLIANT,Maison 53m² à elliant,https://www.etreproprio.com/immobilier-21437881-vente-maison-53m-a-elliant-elliant
DOUARNENEZ,Maison 180m² à douarnenez,https://www.etreproprio.com/immobilier-22001806-vente-maison-180m-a-douarnenez-douarnenez
DOUARNENEZ,Maison 226m² à douarnenez,https://www.etreproprio.com/immobilier-21734733-vente-maison-226m-a-douarnenez-douarnenez
DOUARNENEZ,Maison 53m² à douarnenez,https://www.etreproprio.com/immobilier-21474432-vente-maison-53m-a-douarnenez-douarnenez
DOUARNENEZ,Maison 213m² à douarnenez,https://www.etreproprio.com/immobilier-21474603-vente-maison-213m-a-douarnenez-douarnenez
ERGUE-GABERIC,Belle maison familiale & récente de 185m2 !,https://www.etreproprio.com/immobilier-21167643-vente-belle-maison-familiale-recente-de-185m2-ergue-gaberic
ERGUE-GABERIC,Maison 134m² à ergue-gaberic,https://www.etreproprio.com/immobilier-22557297-vente-maison-134m-a-ergue-gaberic-ergue-gaberic
ERGUE-GABERIC,Maison contemporaine à ergué-gabéric,https://www.etreproprio.com/immobilier-23375149-vente-maison-contemporaine-a-ergue-gaberic-ergue-gaberic
ERGUE-GABERIC,Maison 178m² à ergue-gaberic,https://www.etreproprio.com/immobilier-22441861-vente-maison-178m-a-ergue-gaberic-ergue-gaberic
ERGUE-GABERIC,Maison 163m² à ergue-gaberic,https://www.etreproprio.com/immobilier-23168330-vente-maison-163m-a-ergue-gaberic-ergue-gaberic
ERGUE-GABERIC,Maison ergue gaberic 6 pièce(s) 163 m2,https://www.etreproprio.com/immobilier-23164776-vente-maison-ergue-gaberic-6-pieces-163-m2-ergue-gaberic
ERGUE-GABERIC,Maison traditionnelle à ergué-gabéric,https://www.etreproprio.com/immobilier-23143558-vente-maison-traditionnelle-a-ergue-gaberic-ergue-gaberic
ERGUE-GABERIC,Maison 223m² à ergue-gaberic,https://www.etreproprio.com/immobilier-23101351-vente-maison-223m-a-ergue-gaberic-ergue-gaberic
ERGUE-GABERIC,Maison familiale ou emplacement de choix pour bureaux d'entreprise,https://www.etreproprio.com/immobilier-21788434-vente-maison-familiale-ou-emplacement-de-choix-pour-bureaux-d-entreprise-ergue-gaberic
ERGUE-GABERIC,Maison 136m² à ergue-gaberic,https://www.etreproprio.com/immobilier-23017660-vente-maison-136m-a-ergue-gaberic-ergue-gaberic
ERGUE-GABERIC,Maison 105m² à ergue-gaberic,https://www.etreproprio.com/immobilier-23009056-vente-maison-105m-a-ergue-gaberic-ergue-gaberic
ERGUE-GABERIC,Maison 115m² à ergue-gaberic,https://www.etreproprio.com/immobilier-22975962-vente-maison-115m-a-ergue-gaberic-ergue-gaberic
ERGUE-GABERIC,Maison 116m² à ergue-gaberic,https://www.etreproprio.com/immobilier-22965006-vente-maison-116m-a-ergue-gaberic-ergue-gaberic
ERGUE-GABERIC,Maison familiale de 6 chambres lestonan - ergué-gabéric,https://www.etreproprio.com/immobilier-22876916-vente-maison-familiale-de-6-chambres-lestonan-ergue-gaberic-ergue-gaberic
ERGUE-GABERIC,Maison 95m² à ergue-gaberic,https://www.etreproprio.com/immobilier-22752954-vente-maison-95m-a-ergue-gaberic-ergue-gaberic
ERGUE-GABERIC,Finistere sud - quimper a 10 mn. domaine de 4 habitations de 600 m².,https://www.etreproprio.com/immobilier-22642228-vente-finistere-sud-quimper-a-10-mn-domaine-de-4-habitations-de-600-m-ergue-gaberic
ERGUE-GABERIC,Jolie sixties à lestonan,https://www.etreproprio.com/immobilier-22315395-vente-jolie-sixties-a-lestonan-ergue-gaberic
ERGUE-GABERIC,Le rouillen,https://www.etreproprio.com/immobilier-21020680-vente-le-rouillen-ergue-gaberic
LE FAOU,Maison de 7 pièces avec vue mer au faou,https://www.etreproprio.com/immobilier-23876442-vente-maison-de-7-pieces-avec-vue-mer-au-faou-le-faou
LE FAOU,Maison 120m² à le faou,https://www.etreproprio.com/immobilier-23863889-vente-maison-120m-a-le-faou-le-faou
LE FAOU,Maison 90m² à le faou,https://www.etreproprio.com/immobilier-23863890-vente-maison-90m-a-le-faou-le-faou
LE FAOU,Exclusivite maison à vendre atypique 5 pièces le faou (29) de 110 m2 inscrite au patrimoine. vue mer,https://www.etreproprio.com/immobilier-23615184-vente-exclusivite-maison-a-vendre-atypique-5-pieces-le-faou-29-de-110-m2-inscrite-au-patrimoine-vue-mer-le-faou
LE FAOU,Maison 120m² à le faou,https://www.etreproprio.com/immobilier-23770260-vente-maison-120m-a-le-faou-le-faou
LE FAOU,Maison 328m² à le faou,https://www.etreproprio.com/immobilier-23749921-vente-maison-328m-a-le-faou-le-faou
LE FAOU,Maison 121 m2 à rénover - 6 pièces proche commodités et ecoles situé en impasse,https://www.etreproprio.com/immobilier-23717542-vente-maison-121-m2-a-renover-6-pieces-proche-commodites-et-ecoles-situe-en-impasse-le-faou
LE FAOU,Maison sur le faou,https://www.etreproprio.com/immobilier-23705242-vente-maison-sur-le-faou-le-faou
LE FAOU,"Maison familiale, contemporaine – le faou",https://www.etreproprio.com/immobilier-23342572-vente-maison-familiale-contemporaine-le-faou-le-faou
LE FAOU,Maison récente,https://www.etreproprio.com/immobilier-23323649-vente-maison-recente-le-faou
LE FAOU,"Dpt finistère (29), à vendre à le faou maison en pierre de 110 m² - 3 chambres - terrain de 880,00 m²",https://www.etreproprio.com/immobilier-22483648-vente-dpt-finistere-29-a-vendre-a-le-faou-maison-en-pierre-de-110-m-3-chambres-terrain-de-88000-m-le-faou
LE FAOU,Maison 90m² à le faou,https://www.etreproprio.com/immobilier-23448281-vente-maison-90m-a-le-faou-le-faou
LE FAOU,Maison 120m² à le faou,https://www.etreproprio.com/immobilier-23448280-vente-maison-120m-a-le-faou-le-faou
LE FAOU,Maison 170m² à le faou,https://www.etreproprio.com/immobilier-23068932-vente-maison-170m-a-le-faou-le-faou
LE FAOU,Maison 188m² à le faou,https://www.etreproprio.com/immobilier-22595330-vente-maison-188m-a-le-faou-le-faou
LE FAOU,Finistere - le faou (29590) - a vendre - maison d'habitation - 5 chambres - idealement situee - jardin de 900 m² - sous-sol comp,https://www.etreproprio.com/immobilier-22342810-vente-finistere-le-faou-29590-a-vendre-maison-d-habitation-5-chambres-idealement-situee-jardin-de-900-m-sous-sol-comp-le-faou
LE FAOU,Ensemble en pierre au centre du faou.,https://www.etreproprio.com/immobilier-21878352-vente-ensemble-en-pierre-au-centre-du-faou-le-faou
LE FAOU,"Le faou hypercentre, belle bourgeoise rénovée",https://www.etreproprio.com/immobilier-21862820-vente-le-faou-hypercentre-belle-bourgeoise-renovee-le-faou
LE FAOU,Proche le faou maison en pierre à rénover,https://www.etreproprio.com/immobilier-20772333-vente-proche-le-faou-maison-en-pierre-a-renover-le-faou
LE FAOU,Le faou belle maison t5 rénovée,https://www.etreproprio.com/immobilier-20598383-vente-le-faou-belle-maison-t5-renovee-le-faou
LA FEUILLEE,Maison 73m² à la feuillee,https://www.etreproprio.com/immobilier-23893487-vente-maison-73m-a-la-feuillee-la-feuillee
LA FEUILLEE,Au coeur des monts d'arrée,https://www.etreproprio.com/immobilier-22702407-vente-au-coeur-des-monts-d-arree-la-feuillee
LA FEUILLEE,Maison 154m² à la feuillee,https://www.etreproprio.com/immobilier-23788793-vente-maison-154m-a-la-feuillee-la-feuillee
LA FEUILLEE,Maison la feuillee 6 pièce(s) 96 m2,https://www.etreproprio.com/immobilier-23678297-vente-maison-la-feuillee-6-pieces-96-m2-la-feuillee
LA FEUILLEE,Maison 96m² à la feuillee,https://www.etreproprio.com/immobilier-23669879-vente-maison-96m-a-la-feuillee-la-feuillee
LA FEUILLEE,Maison 96m² à la feuillee,https://www.etreproprio.com/immobilier-23670424-vente-maison-96m-a-la-feuillee-la-feuillee
LA FEUILLEE,"A vendre dans les monts d'arrée, maison familiale avec 1000m2 de terrain",https://www.etreproprio.com/immobilier-23660007-vente-a-vendre-dans-les-monts-d-arree-maison-familiale-avec-1000m2-de-terrain-la-feuillee
LA FEUILLEE,Longère la feuillee 6 pièce(s) 118 m²,https://www.etreproprio.com/immobilier-23628600-vente-longere-la-feuillee-6-pieces-118-m-la-feuillee
LA FEUILLEE,Longère au cœur des monts d'arrée,https://www.etreproprio.com/immobilier-23442773-vente-longere-au-coeur-des-monts-d-arree-la-feuillee
LA FEUILLEE,Maison 154m² à la feuillee,https://www.etreproprio.com/immobilier-23412537-vente-maison-154m-a-la-feuillee-la-feuillee
LA FEUILLEE,Maison remarquable rénovée à vendre 6 pièces la feuillee (29) à la campagne + carport double + grand terrain clos sans vis à vis,https://www.etreproprio.com/immobilier-23368991-vente-maison-remarquable-renovee-a-vendre-6-pieces-la-feuillee-29-a-la-campagne-carport-double-grand-terrain-clos-sans-vis-a-vis-la-feuillee
LA FEUILLEE,Maison 96m² à la feuillee,https://www.etreproprio.com/immobilier-23306215-vente-maison-96m-a-la-feuillee-la-feuillee
LA FEUILLEE,Maison 185m² à la feuillee,https://www.etreproprio.com/immobilier-23085527-vente-maison-185m-a-la-feuillee-la-feuillee
LA FEUILLEE,Longère la feuillee 6 pièce(s) 118 m2,https://www.etreproprio.com/immobilier-22315075-vente-longere-la-feuillee-6-pieces-118-m2-la-feuillee
LA FEUILLEE,Maison 79m² à la feuillée,https://www.etreproprio.com/immobilier-19477260-vente-maison-79m-a-la-feuillee-la-feuillee
LE FOLGOET,Maison sur le folgoet,https://www.etreproprio.com/immobilier-23874905-vente-maison-sur-le-folgoet-le-folgoet
LE FOLGOET,Maison 6 pièces 116 m2,https://www.etreproprio.com/immobilier-23833416-vente-maison-6-pieces-116-m2-le-folgoet
LE FOLGOET,Maison le folgoët avec piscine,https://www.etreproprio.com/immobilier-23711108-vente-maison-le-folgoet-avec-piscine-le-folgoet
LE FOLGOET,Maison 121m² à le folgoet,https://www.etreproprio.com/immobilier-23663283-vente-maison-121m-a-le-folgoet-le-folgoet
LE FOLGOET,À vendre – belle maison familiale avec vaste sous-sol aménageable et jardin entretenu,https://www.etreproprio.com/immobilier-23148458-vente-a-vendre-belle-maison-familiale-avec-vaste-sous-sol-amenageable-et-jardin-entretenu-le-folgoet
LE FOLGOET,Au folgoët,https://www.etreproprio.com/immobilier-20841662-vente-au-folgoet-le-folgoet
LE FOLGOET,Ancienne école - le folgoet 665 m2,https://www.etreproprio.com/immobilier-20765851-vente-ancienne-ecole-le-folgoet-665-m2-le-folgoet
LA FOREST-LANDERNEAU,Maison sur la forest landerneau,https://www.etreproprio.com/immobilier-23874906-vente-maison-sur-la-forest-landerneau-la-forest-landerneau
LA FOREST-LANDERNEAU,Maison 139m² à la forest-landerneau,https://www.etreproprio.com/immobilier-23567322-vente-maison-139m-a-la-forest-landerneau-la-forest-landerneau
LA FOREST-LANDERNEAU,Maison 70m² à la forest-landerneau,https://www.etreproprio.com/immobilier-23452061-vente-maison-70m-a-la-forest-landerneau-la-forest-landerneau
LA FOREST-LANDERNEAU,""" déjà vendu par kerebel immobilier """,https://www.etreproprio.com/immobilier-16998041-vente-deja-vendu-par-kerebel-immobilier-la-forest-landerneau
LA FORET-FOUESNANT,Maison 106m² à la foret-fouesnant,https://www.etreproprio.com/immobilier-23904798-vente-maison-106m-a-la-foret-fouesnant-la-foret-fouesnant
LA FORET-FOUESNANT,Maison 126m² à la foret-fouesnant,https://www.etreproprio.com/immobilier-21906489-vente-maison-126m-a-la-foret-fouesnant-la-foret-fouesnant
LA FORET-FOUESNANT,Maison 676m² à la foret-fouesnant,https://www.etreproprio.com/immobilier-23893887-vente-maison-676m-a-la-foret-fouesnant-la-foret-fouesnant
LA FORET-FOUESNANT,Maison 7 pièces - la foret-fouesnant,https://www.etreproprio.com/immobilier-23649828-vente-maison-7-pieces-la-foret-fouesnant-la-foret-fouesnant
LA FORET-FOUESNANT,Maison la foret fouesnant 5 pièce(s) 97.14 m2,https://www.etreproprio.com/immobilier-23891660-vente-maison-la-foret-fouesnant-5-pieces-9714-m2-la-foret-fouesnant
LA FORET-FOUESNANT,"""la cale"", la forêt-fouesnant - maison en bord de mer",https://www.etreproprio.com/immobilier-23881677-vente-la-cale-la-foret-fouesnant-maison-en-bord-de-mer-la-foret-fouesnant
LA FORET-FOUESNANT,Maison 125m² à la foret-fouesnant,https://www.etreproprio.com/immobilier-23883711-vente-maison-125m-a-la-foret-fouesnant-la-foret-fouesnant
LA FORET-FOUESNANT,Maison 100m² à la foret-fouesnant,https://www.etreproprio.com/immobilier-22949729-vente-maison-100m-a-la-foret-fouesnant-la-foret-fouesnant
LA FORET-FOUESNANT,Maison  vue mer a proximité du centre,https://www.etreproprio.com/immobilier-23867043-vente-maison-vue-mer-a-proximite-du-centre-la-foret-fouesnant
LA FORET-FOUESNANT,Maison d'architecte dans un ecrin de verdure,https://www.etreproprio.com/immobilier-23649823-vente-maison-d-architecte-dans-un-ecrin-de-verdure-la-foret-fouesnant
LA FORET-FOUESNANT,Maison la foret fouesnant 6 pièce(s) 126 m²,https://www.etreproprio.com/immobilier-23828457-vente-maison-la-foret-fouesnant-6-pieces-126-m-la-foret-fouesnant
LA FORET-FOUESNANT,"Maison lumineuse avec piscine, proche plages et bourg",https://www.etreproprio.com/immobilier-23649848-vente-maison-lumineuse-avec-piscine-proche-plages-et-bourg-la-foret-fouesnant
LA FORET-FOUESNANT,"Maison familiale avec jardin, proche mer et commerces",https://www.etreproprio.com/immobilier-23649846-vente-maison-familiale-avec-jardin-proche-mer-et-commerces-la-foret-fouesnant
LA FORET-FOUESNANT,La forêt-fouesnant   contemporaine lumineuse entre nature et mer,https://www.etreproprio.com/immobilier-23649842-vente-la-foret-fouesnant-contemporaine-lumineuse-entre-nature-et-mer-la-foret-fouesnant
LA FORET-FOUESNANT,Maison la foret fouesnant,https://www.etreproprio.com/immobilier-23278196-vente-maison-la-foret-fouesnant-la-foret-fouesnant
LA FORET-FOUESNANT,Maison la foret fouesnant 5 pièce(s) 139 m2,https://www.etreproprio.com/immobilier-23729451-vente-maison-la-foret-fouesnant-5-pieces-139-m2-la-foret-fouesnant
LA FORET-FOUESNANT,Maison 220m² à la foret-fouesnant,https://www.etreproprio.com/immobilier-23691342-vente-maison-220m-a-la-foret-fouesnant-la-foret-fouesnant
LA FORET-FOUESNANT,"La foret fouesnant - maison à rénover avec restaurant et duplex, vue mer – opportunité rare à vendre !",https://www.etreproprio.com/immobilier-23653561-vente-la-foret-fouesnant-maison-a-renover-avec-restaurant-et-duplex-vue-mer-opportunite-rare-a-vendre-la-foret-fouesnant
LA FORET-FOUESNANT,Maison familiale la foret-fouesnant,https://www.etreproprio.com/immobilier-23649830-vente-maison-familiale-la-foret-fouesnant-la-foret-fouesnant
LA FORET-FOUESNANT,"Maison idéalement située entre golf, plage et port à la forêt-fouesnant",https://www.etreproprio.com/immobilier-23649844-vente-maison-idealement-situee-entre-golf-plage-et-port-a-la-foret-fouesnant-la-foret-fouesnant
FOUESNANT,Exclusivite à vendre-  fouesnant - contemporaine de 146.07 m²,https://www.etreproprio.com/immobilier-23909373-vente-exclusivite-a-vendre-fouesnant-contemporaine-de-14607-m-fouesnant
FOUESNANT,Maison 215m² à fouesnant,https://www.etreproprio.com/immobilier-23893926-vente-maison-215m-a-fouesnant-fouesnant
FOUESNANT,Magnifique maison proche bourg fouesnant,https://www.etreproprio.com/immobilier-23890682-vente-magnifique-maison-proche-bourg-fouesnant-fouesnant
FOUESNANT,Fouesnant maison d'architecte 7 pièces d'environ 215 m2,https://www.etreproprio.com/immobilier-23891796-vente-fouesnant-maison-d-architecte-7-pieces-d-environ-215-m2-fouesnant
FOUESNANT,Maison a renover - proximite centre fouesnant,https://www.etreproprio.com/immobilier-23879996-vente-maison-a-renover-proximite-centre-fouesnant-fouesnant
FOUESNANT,Maison centre de fouesnant,https://www.etreproprio.com/immobilier-23057153-vente-maison-centre-de-fouesnant-fouesnant
FOUESNANT,Maison à proximité des plages,https://www.etreproprio.com/immobilier-22012331-vente-maison-a-proximite-des-plages-fouesnant
FOUESNANT,Maison 280m² à fouesnant,https://www.etreproprio.com/immobilier-22672329-vente-maison-280m-a-fouesnant-fouesnant
FOUESNANT,Achat maison de maître à beg meil - plage à moins de 2 km,https://www.etreproprio.com/immobilier-21960415-vente-achat-maison-de-maitre-a-beg-meil-plage-a-moins-de-2-km-fouesnant
FOUESNANT,Maison  individuelle fouesnant  beg meil- 120 m2 hab.,https://www.etreproprio.com/immobilier-23828679-vente-maison-individuelle-fouesnant-beg-meil-120-m2-hab-fouesnant
FOUESNANT,"Fouesnant, jolie maison 5 chambres, 8400m² de terrain",https://www.etreproprio.com/immobilier-23430861-vente-fouesnant-jolie-maison-5-chambres-8400m-de-terrain-fouesnant
FOUESNANT,"Fouesnant, jolie maison 5 chambres sur un beau terrain de 1000m²",https://www.etreproprio.com/immobilier-21802312-vente-fouesnant-jolie-maison-5-chambres-sur-un-beau-terrain-de-1000m-fouesnant
FOUESNANT,Maison familiale avec vie de plain-pied proche de la mer,https://www.etreproprio.com/immobilier-21921163-vente-maison-familiale-avec-vie-de-plain-pied-proche-de-la-mer-fouesnant
FOUESNANT,Maison fouesnant 6 pièce(s) 130 m2,https://www.etreproprio.com/immobilier-23470336-vente-maison-fouesnant-6-pieces-130-m2-fouesnant
FOUESNANT,""" estran "" maison à proximité de la plage de mousterlin",https://www.etreproprio.com/immobilier-22733039-vente-estran-maison-a-proximite-de-la-plage-de-mousterlin-fouesnant
FOUESNANT,Maison fouesnant 5 pièce(s) 111m2,https://www.etreproprio.com/immobilier-23722872-vente-maison-fouesnant-5-pieces-111m2-fouesnant
FOUESNANT,Maison 139m² à fouesnant,https://www.etreproprio.com/immobilier-23473716-vente-maison-139m-a-fouesnant-fouesnant
FOUESNANT,Maison 111m² à fouesnant,https://www.etreproprio.com/immobilier-23724895-vente-maison-111m-a-fouesnant-fouesnant
FOUESNANT,Maison fouesnant 5 pièce(s) 80 m2,https://www.etreproprio.com/immobilier-23099935-vente-maison-fouesnant-5-pieces-80-m2-fouesnant
FOUESNANT,Grande maison du xixe siècle à fouesnant,https://www.etreproprio.com/immobilier-23793482-vente-grande-maison-du-xixe-siecle-a-fouesnant-fouesnant
GARLAN,Maison 95m² à garlan,https://www.etreproprio.com/immobilier-22558077-vente-maison-95m-a-garlan-garlan
GARLAN,Maison des années 80 au bourg,https://www.etreproprio.com/immobilier-23286678-vente-maison-des-annees-80-au-bourg-garlan
GARLAN,Morlaix maison 110 m2 et hangar 130m²,https://www.etreproprio.com/immobilier-23148882-vente-morlaix-maison-110-m2-et-hangar-130m-garlan
LA FORET-FOUESNANT,Maison composee de 2 gites,https://www.etreproprio.com/immobilier-23649847-vente-maison-composee-de-2-gites-la-foret-fouesnant
LA FORET-FOUESNANT,Contemporaine confortable avec piscine,https://www.etreproprio.com/immobilier-23649835-vente-contemporaine-confortable-avec-piscine-la-foret-fouesnant
LA FORET-FOUESNANT,"Propriété de charme avec dépendances à rénover sur 7,5 ha de terrain",https://www.etreproprio.com/immobilier-23649840-vente-propriete-de-charme-avec-dependances-a-renover-sur-75-ha-de-terrain-la-foret-fouesnant
LA FORET-FOUESNANT,Maison en pierres a renover,https://www.etreproprio.com/immobilier-23649832-vente-maison-en-pierres-a-renover-la-foret-fouesnant
LA FORET-FOUESNANT,À vendre élégante maison de 140 m² sur 4000 m² de terrain la forêt-fouesnant,https://www.etreproprio.com/immobilier-23647321-vente-a-vendre-elegante-maison-de-140-m-sur-4000-m-de-terrain-la-foret-fouesnant-la-foret-fouesnant
LA FORET-FOUESNANT,Maison à 2 pas des sentiers côtiers,https://www.etreproprio.com/immobilier-23649829-vente-maison-a-2-pas-des-sentiers-cotiers-la-foret-fouesnant
LA FORET-FOUESNANT,Maison à deux pas des plages et des sentiers côtiers - la foret-fouesnant,https://www.etreproprio.com/immobilier-23649843-vente-maison-a-deux-pas-des-plages-et-des-sentiers-cotiers-la-foret-fouesnant-la-foret-fouesnant
LA FORET-FOUESNANT,Maison annees 60 et son extension a amenager,https://www.etreproprio.com/immobilier-23649834-vente-maison-annees-60-et-son-extension-a-amenager-la-foret-fouesnant
LA FORET-FOUESNANT,Maison 113m² à la foret-fouesnant,https://www.etreproprio.com/immobilier-23586550-vente-maison-113m-a-la-foret-fouesnant-la-foret-fouesnant
LA FORET-FOUESNANT,À vendre  maison récente de 160 m² avec 2 duplex indépendants + espace jacuzzi la forêt-fouesnant,https://www.etreproprio.com/immobilier-23555144-vente-a-vendre-maison-recente-de-160-m-avec-2-duplex-independants-espace-jacuzzi-la-foret-fouesnant-la-foret-fouesnant
LA FORET-FOUESNANT,Maison type  7 sur le golf de port la foret,https://www.etreproprio.com/immobilier-23544053-vente-maison-type-7-sur-le-golf-de-port-la-foret-la-foret-fouesnant
LA FORET-FOUESNANT,A vendre à la foret-fouesnant - vue mer et golf - maison familiale dans un cadre exceptionnel,https://www.etreproprio.com/immobilier-23535692-vente-a-vendre-a-la-foret-fouesnant-vue-mer-et-golf-maison-familiale-dans-un-cadre-exceptionnel-la-foret-fouesnant
LA FORET-FOUESNANT,Maison la foret fouesnant 7 pièce(s) 158 m²,https://www.etreproprio.com/immobilier-20325471-vente-maison-la-foret-fouesnant-7-pieces-158-m-la-foret-fouesnant
LA FORET-FOUESNANT,Maison 153m² à la foret-fouesnant,https://www.etreproprio.com/immobilier-22002302-vente-maison-153m-a-la-foret-fouesnant-la-foret-fouesnant
LA FORET-FOUESNANT,Maison 135m² à la foret-fouesnant,https://www.etreproprio.com/immobilier-23479565-vente-maison-135m-a-la-foret-fouesnant-la-foret-fouesnant
LA FORET-FOUESNANT,À vendre  un havre de paix pour cette maison de 1970 et ses 3800m2 de terrain,https://www.etreproprio.com/immobilier-23300954-vente-a-vendre-un-havre-de-paix-pour-cette-maison-de-1970-et-ses-3800m2-de-terrain-la-foret-fouesnant
LA FORET-FOUESNANT,""" escale "", maison traditionnelle à la foret fouesnant",https://www.etreproprio.com/immobilier-23458841-vente-escale-maison-traditionnelle-a-la-foret-fouesnant-la-foret-fouesnant
LA FORET-FOUESNANT,Maison la foret-fouesnant - 7 pièce(s) 150 m²,https://www.etreproprio.com/immobilier-23458240-vente-maison-la-foret-fouesnant-7-pieces-150-m-la-foret-fouesnant
LA FORET-FOUESNANT,"""eden"" maison entre terre et mer",https://www.etreproprio.com/immobilier-22649877-vente-eden-maison-entre-terre-et-mer-la-foret-fouesnant
LA FORET-FOUESNANT,"Maison rénovée 123 m² + 46 m² de dépendances, 4 chambres, jardin, garage & atelier",https://www.etreproprio.com/immobilier-23427983-vente-maison-renovee-123-m-46-m-de-dependances-4-chambres-jardin-garage-atelier-la-foret-fouesnant
GOUESNACH,Maison 175m² à gouesnach,https://www.etreproprio.com/immobilier-23892111-vente-maison-175m-a-gouesnach-gouesnach
GOUESNACH,Le charme de l'ancien,https://www.etreproprio.com/immobilier-23879997-vente-le-charme-de-l-ancien-gouesnach
GOUESNACH,Maison rénovée 4 chambres ? centre bourg de gouesnac'h ? 102 m² habitables ? terrain 840 m²,https://www.etreproprio.com/immobilier-22651291-vente-maison-renovee-4-chambres-centre-bourg-de-gouesnac-h-102-m-habitables-terrain-840-m-gouesnach
GOUESNACH,Maison bourg gouesnach,https://www.etreproprio.com/immobilier-22644047-vente-maison-bourg-gouesnach-gouesnach
GOUESNACH,Maison 105m² à gouesnach,https://www.etreproprio.com/immobilier-23830972-vente-maison-105m-a-gouesnach-gouesnach
GOUESNACH,Maison gouesnach 4 pièce(s) 90 m2,https://www.etreproprio.com/immobilier-22496512-vente-maison-gouesnach-4-pieces-90-m2-gouesnach
GOUESNACH,Maison 90m² à gouesnach,https://www.etreproprio.com/immobilier-21857906-vente-maison-90m-a-gouesnach-gouesnach
GOUESNACH,Maison 154m² à gouesnach,https://www.etreproprio.com/immobilier-23782583-vente-maison-154m-a-gouesnach-gouesnach
GOUESNACH,Belle maison familiale spacieuse et lumineuse au bord de l'odet,https://www.etreproprio.com/immobilier-23763493-vente-belle-maison-familiale-spacieuse-et-lumineuse-au-bord-de-l-odet-gouesnach
GOUESNACH,Maison 120m² à gouesnach,https://www.etreproprio.com/immobilier-22202128-vente-maison-120m-a-gouesnach-gouesnach
GOUESNACH,Maison 155m² à gouesnach,https://www.etreproprio.com/immobilier-23755949-vente-maison-155m-a-gouesnach-gouesnach
GOUESNACH,Belle propriété contemporaine située à gouesnach - proche de la rivière de l'odet,https://www.etreproprio.com/immobilier-23561137-vente-belle-propriete-contemporaine-situee-a-gouesnach-proche-de-la-riviere-de-l-odet-gouesnach
GOUESNACH,"""villa ker'odet"", magnifique maison contemporaine à 200 mètres des bords de l'odet",https://www.etreproprio.com/immobilier-23536954-vente-villa-ker-odet-magnifique-maison-contemporaine-a-200-metres-des-bords-de-l-odet-gouesnach
GOUESNACH,Propriété gouesnach 170 m2,https://www.etreproprio.com/immobilier-22113120-vente-propriete-gouesnach-170-m2-gouesnach
GOUESNACH,Belle contemporaine gouesnach,https://www.etreproprio.com/immobilier-23534676-vente-belle-contemporaine-gouesnach-gouesnach
GOUESNACH,Maison gouesnach 123 m² sur jardin de 680 m²,https://www.etreproprio.com/immobilier-23519927-vente-maison-gouesnach-123-m-sur-jardin-de-680-m-gouesnach
GOUESNACH,Maison traditionnelle,https://www.etreproprio.com/immobilier-23486430-vente-maison-traditionnelle-gouesnach
GOUESNACH,Maison traditionnelle,https://www.etreproprio.com/immobilier-23399160-vente-maison-traditionnelle-gouesnach
GOUESNACH,Maison à vendre à gouesnach,https://www.etreproprio.com/immobilier-23330024-vente-maison-a-vendre-a-gouesnach-gouesnach
GOUESNACH,A vendre maison 5 pièce(s) 103 m2 à gouesnach,https://www.etreproprio.com/immobilier-23260597-vente-a-vendre-maison-5-pieces-103-m2-a-gouesnach-gouesnach
FOUESNANT,Maison 85m² à fouesnant,https://www.etreproprio.com/immobilier-23292997-vente-maison-85m-a-fouesnant-fouesnant
FOUESNANT,"À vendre  charmante longère à fouesnant, à deux pas de la plage du cap coz",https://www.etreproprio.com/immobilier-23781277-vente-a-vendre-charmante-longere-a-fouesnant-a-deux-pas-de-la-plage-du-cap-coz-fouesnant
FOUESNANT,Maison 153m² à fouesnant,https://www.etreproprio.com/immobilier-23778911-vente-maison-153m-a-fouesnant-fouesnant
FOUESNANT,Fouesnant maison de charme 148 m2 sur 2170m² de terrain.,https://www.etreproprio.com/immobilier-23765991-vente-fouesnant-maison-de-charme-148-m2-sur-2170m-de-terrain-fouesnant
FOUESNANT,À vendre - authentique chaumière en pierres à fouesnant,https://www.etreproprio.com/immobilier-23754876-vente-a-vendre-authentique-chaumiere-en-pierres-a-fouesnant-fouesnant
FOUESNANT,"Fouesnant, mousterlin, jolie maison, plages à pied !",https://www.etreproprio.com/immobilier-23728695-vente-fouesnant-mousterlin-jolie-maison-plages-a-pied-fouesnant
FOUESNANT,Charmante traditionnelle 6 pièces fouesnant,https://www.etreproprio.com/immobilier-23722871-vente-charmante-traditionnelle-6-pieces-fouesnant-fouesnant
FOUESNANT,Maison 150m² à fouesnant,https://www.etreproprio.com/immobilier-23724897-vente-maison-150m-a-fouesnant-fouesnant
FOUESNANT,Nouveauté papangue immobilier prestige : villa d'architecte neuve !,https://www.etreproprio.com/immobilier-23706991-vente-nouveaute-papangue-immobilier-prestige-villa-d-architecte-neuve-fouesnant
FOUESNANT,Beg meil - 2 km de la cale,https://www.etreproprio.com/immobilier-23686953-vente-beg-meil-2-km-de-la-cale-fouesnant
FOUESNANT,Magnifique maison proche bourg fouesnant,https://www.etreproprio.com/immobilier-23686954-vente-magnifique-maison-proche-bourg-fouesnant-fouesnant
FOUESNANT,Maison récente et lumineuse proche du centre à fouesnant,https://www.etreproprio.com/immobilier-23126522-vente-maison-recente-et-lumineuse-proche-du-centre-a-fouesnant-fouesnant
FOUESNANT,Maison 125m² à fouesnant,https://www.etreproprio.com/immobilier-23691537-vente-maison-125m-a-fouesnant-fouesnant
FOUESNANT,Fouesnant : maison structure bois - grande parcelle,https://www.etreproprio.com/immobilier-21898972-vente-fouesnant-maison-structure-bois-grande-parcelle-fouesnant
FOUESNANT,Maison 86m² à fouesnant,https://www.etreproprio.com/immobilier-23659396-vente-maison-86m-a-fouesnant-fouesnant
FOUESNANT,Maison à proximité du centre-ville,https://www.etreproprio.com/immobilier-23649826-vente-maison-a-proximite-du-centre-ville-fouesnant
FOUESNANT,Maison à proximité des plages et du bourg !,https://www.etreproprio.com/immobilier-23649825-vente-maison-a-proximite-des-plages-et-du-bourg-fouesnant
FOUESNANT,"Fouesnant maison de 214 m² , la plage à vélo !",https://www.etreproprio.com/immobilier-22189182-vente-fouesnant-maison-de-214-m-la-plage-a-velo-fouesnant
FOUESNANT,Maison  5 pièces de 125 m² fouesnant,https://www.etreproprio.com/immobilier-23408019-vente-maison-5-pieces-de-125-m-fouesnant-fouesnant
FOUESNANT,Maison fouesnant 5 pièces 101 m²,https://www.etreproprio.com/immobilier-23629114-vente-maison-fouesnant-5-pieces-101-m-fouesnant
LA FORET-FOUESNANT,#465  - vendre - maison familiale en campagne 140m2 - la foret-fouesnant,https://www.etreproprio.com/immobilier-22366204-vente-465-vendre-maison-familiale-en-campagne-140m2-la-foret-fouesnant-la-foret-fouesnant
LA FORET-FOUESNANT,Maison la foret fouesnant 6 pièce(s),https://www.etreproprio.com/immobilier-23384499-vente-maison-la-foret-fouesnant-6-pieces-la-foret-fouesnant
LA FORET-FOUESNANT,À vendre  maison d'architecte d'exception avec vue mer et dépendance la forêt-fouesnant,https://www.etreproprio.com/immobilier-23384498-vente-a-vendre-maison-d-architecte-d-exception-avec-vue-mer-et-dependance-la-foret-fouesnant-la-foret-fouesnant
LA FORET-FOUESNANT,Maison la foret fouesnant 186 m²,https://www.etreproprio.com/immobilier-23316999-vente-maison-la-foret-fouesnant-186-m-la-foret-fouesnant
LA FORET-FOUESNANT,Vendre ? maison d'architecte - vie de plain-pied à la forêt-fouesnant,https://www.etreproprio.com/immobilier-21898994-vente-vendre-maison-d-architecte-vie-de-plain-pied-a-la-foret-fouesnant-la-foret-fouesnant
LA FORET-FOUESNANT,Maison 118m² à la foret-fouesnant,https://www.etreproprio.com/immobilier-23168331-vente-maison-118m-a-la-foret-fouesnant-la-foret-fouesnant
LA FORET-FOUESNANT,Maison la foret fouesnant,https://www.etreproprio.com/immobilier-23164777-vente-maison-la-foret-fouesnant-la-foret-fouesnant
LA FORET-FOUESNANT,Maison 113m² à la foret-fouesnant,https://www.etreproprio.com/immobilier-23101547-vente-maison-113m-a-la-foret-fouesnant-la-foret-fouesnant
LA FORET-FOUESNANT,Sans vis à vis et lumière à profusion — maison de 121 m² sur les hauteurs de la forêt-fouesnant,https://www.etreproprio.com/immobilier-23045866-vente-sans-vis-a-vis-et-lumiere-a-profusion-maison-de-121-m-sur-les-hauteurs-de-la-foret-fouesnant-la-foret-fouesnant
LA FORET-FOUESNANT,29940 la foret fouesnant - maison de campagne à la mer 7 pièce(s) 145 m2 environ,https://www.etreproprio.com/immobilier-22996424-vente-29940-la-foret-fouesnant-maison-de-campagne-a-la-mer-7-pieces-145-m2-environ-la-foret-fouesnant
LA FORET-FOUESNANT,Maison 153m² à la foret-fouesnant,https://www.etreproprio.com/immobilier-22987015-vente-maison-153m-a-la-foret-fouesnant-la-foret-fouesnant
LA FORET-FOUESNANT,Maison la foret fouesnant 7 pièce(s) 160 m2,https://www.etreproprio.com/immobilier-22516796-vente-maison-la-foret-fouesnant-7-pieces-160-m2-la-foret-fouesnant
LA FORET-FOUESNANT,"""stang""  maison d'architecte avec piscine",https://www.etreproprio.com/immobilier-22952623-vente-stang-maison-d-architecte-avec-piscine-la-foret-fouesnant
LA FORET-FOUESNANT,Maison 153m² à la foret-fouesnant,https://www.etreproprio.com/immobilier-21682662-vente-maison-153m-a-la-foret-fouesnant-la-foret-fouesnant
LA FORET-FOUESNANT,Achat maison la foret fouesnant 4 pièce(s) 80 m2,https://www.etreproprio.com/immobilier-22911017-vente-achat-maison-la-foret-fouesnant-4-pieces-80-m2-la-foret-fouesnant
LA FORET-FOUESNANT,Maison 340m² à la foret-fouesnant,https://www.etreproprio.com/immobilier-22886025-vente-maison-340m-a-la-foret-fouesnant-la-foret-fouesnant
LA FORET-FOUESNANT,Maison la foret fouesnant 5 pièce(s) 102 m²,https://www.etreproprio.com/immobilier-22872143-vente-maison-la-foret-fouesnant-5-pieces-102-m-la-foret-fouesnant
LA FORET-FOUESNANT,Maison 114m² à la foret-fouesnant,https://www.etreproprio.com/immobilier-22646814-vente-maison-114m-a-la-foret-fouesnant-la-foret-fouesnant
LA FORET-FOUESNANT,Maison vie de plain pied la foret fouesnant - 110m2,https://www.etreproprio.com/immobilier-22551813-vente-maison-vie-de-plain-pied-la-foret-fouesnant-110m2-la-foret-fouesnant
LA FORET-FOUESNANT,"A vendre à la foret-fouesnant - belle propriété de caractère avec deux maisons, piscine et dépendances",https://www.etreproprio.com/immobilier-22515378-vente-a-vendre-a-la-foret-fouesnant-belle-propriete-de-caractere-avec-deux-maisons-piscine-et-dependances-la-foret-fouesnant
FOUESNANT,Maison 101m² à fouesnant,https://www.etreproprio.com/immobilier-23621564-vente-maison-101m-a-fouesnant-fouesnant
FOUESNANT,Maison 140m² à fouesnant,https://www.etreproprio.com/immobilier-23612785-vente-maison-140m-a-fouesnant-fouesnant
FOUESNANT,"Fouesnant, côté mousterlin, maison de 4 chambres avec piscine couverte",https://www.etreproprio.com/immobilier-23588200-vente-fouesnant-cote-mousterlin-maison-de-4-chambres-avec-piscine-couverte-fouesnant
FOUESNANT,Fouesnant mousterlin construction de qualité de 2019,https://www.etreproprio.com/immobilier-23587492-vente-fouesnant-mousterlin-construction-de-qualite-de-2019-fouesnant
FOUESNANT,Cap coz fouesnant - maison de charme à rénover proche plage,https://www.etreproprio.com/immobilier-23562433-vente-cap-coz-fouesnant-maison-de-charme-a-renover-proche-plage-fouesnant
FOUESNANT,Fouesnant 29170 - demeure avec piscine intérieure 4 chambres,https://www.etreproprio.com/immobilier-22511098-vente-fouesnant-29170-demeure-avec-piscine-interieure-4-chambres-fouesnant
FOUESNANT,"""traezh"" maison en pierre au cap coz",https://www.etreproprio.com/immobilier-23513574-vente-traezh-maison-en-pierre-au-cap-coz-fouesnant
FOUESNANT,Maison 118m² à fouesnant,https://www.etreproprio.com/immobilier-23501320-vente-maison-118m-a-fouesnant-fouesnant
FOUESNANT,Maison 124m² à fouesnant,https://www.etreproprio.com/immobilier-23333968-vente-maison-124m-a-fouesnant-fouesnant
FOUESNANT,Maison 132m² à fouesnant,https://www.etreproprio.com/immobilier-23501321-vente-maison-132m-a-fouesnant-fouesnant
FOUESNANT,Fouesnant - beg meil maison récente bourg et plages à pieds,https://www.etreproprio.com/immobilier-23488701-vente-fouesnant-beg-meil-maison-recente-bourg-et-plages-a-pieds-fouesnant
FOUESNANT,Le centre ville,https://www.etreproprio.com/immobilier-20987558-vente-le-centre-ville-fouesnant
FOUESNANT,Maison à rénover à mousterlin - 132 m2 + division parcellaire possible,https://www.etreproprio.com/immobilier-23444101-vente-maison-a-renover-a-mousterlin-132-m2-division-parcellaire-possible-fouesnant
FOUESNANT,"Maison familiale, 138m2, 4 chambres, garage - fouesnant",https://www.etreproprio.com/immobilier-23452151-vente-maison-familiale-138m2-4-chambres-garage-fouesnant-fouesnant
FOUESNANT,Charmante maison en pierre proche de la plage de cap coz,https://www.etreproprio.com/immobilier-23085207-vente-charmante-maison-en-pierre-proche-de-la-plage-de-cap-coz-fouesnant
FOUESNANT,Maison 35m² à fouesnant,https://www.etreproprio.com/immobilier-22949694-vente-maison-35m-a-fouesnant-fouesnant
FOUESNANT,"Fouesnant, beg-meil, jolie maison de 6 chambres, à 800m de la plage !",https://www.etreproprio.com/immobilier-23430860-vente-fouesnant-beg-meil-jolie-maison-de-6-chambres-a-800m-de-la-plage-fouesnant
FOUESNANT,Maison 140m² à fouesnant,https://www.etreproprio.com/immobilier-23424000-vente-maison-140m-a-fouesnant-fouesnant
FOUESNANT,Ideale maison d'hôtes – demeure familiale (226 m²) 7 chambres – fouesnant,https://www.etreproprio.com/immobilier-22198883-vente-ideale-maison-d-hotes-demeure-familiale-226-m-7-chambres-fouesnant-fouesnant
FOUESNANT,Maison de maître d'exception - centre ville de fouesnant - 125 m² dont véranda,https://www.etreproprio.com/immobilier-22864296-vente-maison-de-maitre-d-exception-centre-ville-de-fouesnant-125-m-dont-veranda-fouesnant
GOUESNACH,"Maison cubique haut de gamme - entre terre et mer, pays fouesnantais",https://www.etreproprio.com/immobilier-23191510-vente-maison-cubique-haut-de-gamme-entre-terre-et-mer-pays-fouesnantais-gouesnach
GOUESNACH,"""anemone"" maison de 124 m² au sol à gouesnach",https://www.etreproprio.com/immobilier-23177848-vente-anemone-maison-de-124-m-au-sol-a-gouesnach-gouesnach
GOUESNACH,Maison familiale dans un havre de paix !,https://www.etreproprio.com/immobilier-21929569-vente-maison-familiale-dans-un-havre-de-paix-gouesnach
GOUESNACH,"Gouesnach  maison contemporaine de 2022 à vendre, proche du bourg",https://www.etreproprio.com/immobilier-22281042-vente-gouesnach-maison-contemporaine-de-2022-a-vendre-proche-du-bourg-gouesnach
GOUESNACH,Maison 120m² à gouesnach,https://www.etreproprio.com/immobilier-22682910-vente-maison-120m-a-gouesnach-gouesnach
GOUESNACH,"""izelle"" longère avec sous-sol complet à gouesnach",https://www.etreproprio.com/immobilier-22649878-vente-izelle-longere-avec-sous-sol-complet-a-gouesnach-gouesnach
GOUESNACH,Maison gouesnac'h 5 pièces 108 m²,https://www.etreproprio.com/immobilier-19119866-vente-maison-gouesnac-h-5-pieces-108-m-gouesnach
GOUESNACH,Maison gouesnach 4 pièce(s) 90 m2,https://www.etreproprio.com/immobilier-22496523-vente-maison-gouesnach-4-pieces-90-m2-gouesnach
GOUESNACH,Maison gouesnach 7 pièce(s) 170 m2,https://www.etreproprio.com/immobilier-22496522-vente-maison-gouesnach-7-pieces-170-m2-gouesnach
GOUESNACH,Maison 99m² à gouesnach,https://www.etreproprio.com/immobilier-21732966-vente-maison-99m-a-gouesnach-gouesnach
GOUESNACH,Maison gouesnach 4 pièce(s),https://www.etreproprio.com/immobilier-22113124-vente-maison-gouesnach-4-pieces-gouesnach
GOUESNACH,Maison gouesnach 10 pièce(s) 128 m² - 3000m² de terrain,https://www.etreproprio.com/immobilier-20641427-vente-maison-gouesnach-10-pieces-128-m-3000m-de-terrain-gouesnach
GOUESNACH,Achat maison gouesnach,https://www.etreproprio.com/immobilier-21960425-vente-achat-maison-gouesnach-gouesnach
GOUESNACH,Maison 120m² à gouesnach,https://www.etreproprio.com/immobilier-21526917-vente-maison-120m-a-gouesnach-gouesnach
GOUESNACH,Maison gouesnach proche bénodet,https://www.etreproprio.com/immobilier-21605404-vente-maison-gouesnach-proche-benodet-gouesnach
GOUESNACH,Maison gouesnach 8 pièce(s) 158 m²,https://www.etreproprio.com/immobilier-21585150-vente-maison-gouesnach-8-pieces-158-m-gouesnach
GOUESNACH,Maison 170m² à gouesnach,https://www.etreproprio.com/immobilier-21670591-vente-maison-170m-a-gouesnach-gouesnach
GOUESNACH,Maison 90m² à gouesnach,https://www.etreproprio.com/immobilier-21610355-vente-maison-90m-a-gouesnach-gouesnach
GOUESNACH,Maison 123m² à gouesnach,https://www.etreproprio.com/immobilier-20818498-vente-maison-123m-a-gouesnach-gouesnach
GOUESNACH,"Charmante maison 6 pièces à rénover, quartier paisible à gouesnach",https://www.etreproprio.com/immobilier-17994791-vente-charmante-maison-6-pieces-a-renover-quartier-paisible-a-gouesnach-gouesnach
FOUESNANT,A vendre fouesnant - aucun vis-à-vis - grand terrain de 1 400 m² - 5 chambres,https://www.etreproprio.com/immobilier-22873077-vente-a-vendre-fouesnant-aucun-vis-a-vis-grand-terrain-de-1-400-m-5-chambres-fouesnant
FOUESNANT,"Cap-coz ,maison des années 30 à rénover, 1km de la plage",https://www.etreproprio.com/immobilier-23397550-vente-cap-coz-maison-des-annees-30-a-renover-1km-de-la-plage-fouesnant
FOUESNANT,Maison fouesnant,https://www.etreproprio.com/immobilier-22555941-vente-maison-fouesnant-fouesnant
FOUESNANT,A vendre - maison contemporaine à fouesnant secteur mousterlin à 300 m de la plage,https://www.etreproprio.com/immobilier-22906424-vente-a-vendre-maison-contemporaine-a-fouesnant-secteur-mousterlin-a-300-m-de-la-plage-fouesnant
FOUESNANT,Maison fouesnant 5 pièce(s) 103 m2,https://www.etreproprio.com/immobilier-23361046-vente-maison-fouesnant-5-pieces-103-m2-fouesnant
FOUESNANT,À vendre - maison traditionnelle entre fouesnant et saint-évarzec,https://www.etreproprio.com/immobilier-23359336-vente-a-vendre-maison-traditionnelle-entre-fouesnant-et-saint-evarzec-fouesnant
FOUESNANT,"À vendre - maison contemporaine de 145 m² à fouesnant 5 chambres, grand terrain divisible, double garage",https://www.etreproprio.com/immobilier-22390249-vente-a-vendre-maison-contemporaine-de-145-m-a-fouesnant-5-chambres-grand-terrain-divisible-double-garage-fouesnant
FOUESNANT,Maison fouesnant 7 pièce(s) 204 m2,https://www.etreproprio.com/immobilier-23316708-vente-maison-fouesnant-7-pieces-204-m2-fouesnant
FOUESNANT,"Fouesnant, beg-meil, jolie maison d'architecte, plage et bourg à pied !",https://www.etreproprio.com/immobilier-23299003-vente-fouesnant-beg-meil-jolie-maison-d-architecte-plage-et-bourg-a-pied-fouesnant
FOUESNANT,Maison 120m² à fouesnant,https://www.etreproprio.com/immobilier-22716381-vente-maison-120m-a-fouesnant-fouesnant
FOUESNANT,Maison 140m² à fouesnant,https://www.etreproprio.com/immobilier-23307332-vente-maison-140m-a-fouesnant-fouesnant
FOUESNANT,Maison fouesnant 8 pièce(s) 120 m2,https://www.etreproprio.com/immobilier-22715947-vente-maison-fouesnant-8-pieces-120-m2-fouesnant
FOUESNANT,"Grande maison familiale à beg meil - 175 m², 6 chambres, grand terrain",https://www.etreproprio.com/immobilier-23304197-vente-grande-maison-familiale-a-beg-meil-175-m-6-chambres-grand-terrain-fouesnant
FOUESNANT,"A vendre - maison à rénover - gros potentiel - mousterlin, fouesnant",https://www.etreproprio.com/immobilier-22670980-vente-a-vendre-maison-a-renover-gros-potentiel-mousterlin-fouesnant-fouesnant
FOUESNANT,Maison 148m² à fouesnant,https://www.etreproprio.com/immobilier-23279132-vente-maison-148m-a-fouesnant-fouesnant
FOUESNANT,Maison proche centre de fouesnant,https://www.etreproprio.com/immobilier-22050400-vente-maison-proche-centre-de-fouesnant-fouesnant
FOUESNANT,Contemporaine de plain pied à beg meil,https://www.etreproprio.com/immobilier-23258649-vente-contemporaine-de-plain-pied-a-beg-meil-fouesnant
FOUESNANT,Maison 237m² à fouesnant,https://www.etreproprio.com/immobilier-23222172-vente-maison-237m-a-fouesnant-fouesnant
FOUESNANT,"Maison fouesnant, 3 chambres, proche commerces",https://www.etreproprio.com/immobilier-23217629-vente-maison-fouesnant-3-chambres-proche-commerces-fouesnant
FOUESNANT,"Fouesnant, jolie maison de 4 chambres, bourg à pieds !",https://www.etreproprio.com/immobilier-23187956-vente-fouesnant-jolie-maison-de-4-chambres-bourg-a-pieds-fouesnant
LA FORET-FOUESNANT,"La forêt-fouesnant – à vendre maison de plain-pied avec jardin, tout à pied",https://www.etreproprio.com/immobilier-22433561-vente-la-foret-fouesnant-a-vendre-maison-de-plain-pied-avec-jardin-tout-a-pied-la-foret-fouesnant
LA FORET-FOUESNANT,Bien à vendre à la forêt fouesnant,https://www.etreproprio.com/immobilier-22352916-vente-bien-a-vendre-a-la-foret-fouesnant-la-foret-fouesnant
LA FORET-FOUESNANT,Maison la foret fouesnant 5 pièce(s) 103 m²,https://www.etreproprio.com/immobilier-21547498-vente-maison-la-foret-fouesnant-5-pieces-103-m-la-foret-fouesnant
LA FORET-FOUESNANT,Maison la foret-fouesnant 9 pièce(s) 275 m²,https://www.etreproprio.com/immobilier-22177080-vente-maison-la-foret-fouesnant-9-pieces-275-m-la-foret-fouesnant
LA FORET-FOUESNANT,Maison la foret fouesnant 10 pièce(s) 245 m²,https://www.etreproprio.com/immobilier-22039389-vente-maison-la-foret-fouesnant-10-pieces-245-m-la-foret-fouesnant
LA FORET-FOUESNANT,Achat au bourg de la foret fouesnant,https://www.etreproprio.com/immobilier-21960429-vente-achat-au-bourg-de-la-foret-fouesnant-la-foret-fouesnant
LA FORET-FOUESNANT,A vendre à la forêt-fouesnant maison tradionnelle avec un fort potentiel sur un grand terrain construtible,https://www.etreproprio.com/immobilier-21929720-vente-a-vendre-a-la-foret-fouesnant-maison-tradionnelle-avec-un-fort-potentiel-sur-un-grand-terrain-construtible-la-foret-fouesnant
LA FORET-FOUESNANT,Maison 170m² à la foret-fouesnant,https://www.etreproprio.com/immobilier-21396869-vente-maison-170m-a-la-foret-fouesnant-la-foret-fouesnant
LA FORET-FOUESNANT,Maison 147m² à la foret-fouesnant,https://www.etreproprio.com/immobilier-21336472-vente-maison-147m-a-la-foret-fouesnant-la-foret-fouesnant
LA FORET-FOUESNANT,Maison la foret fouesnant 4'pièce(s) 100 m²,https://www.etreproprio.com/immobilier-21033543-vente-maison-la-foret-fouesnant-4-pieces-100-m-la-foret-fouesnant
LA FORET-FOUESNANT,Maison 255m² à la foret-fouesnant,https://www.etreproprio.com/immobilier-20238597-vente-maison-255m-a-la-foret-fouesnant-la-foret-fouesnant
GOUESNOU,Maison d'architecte a vendre - gouesnou vallee verte,https://www.etreproprio.com/immobilier-22592756-vente-maison-d-architecte-a-vendre-gouesnou-vallee-verte-gouesnou
GOUESNOU,Exclusivité gouesnou maison 162 m² habitables 4 chambres garage jardin clos,https://www.etreproprio.com/immobilier-23889518-vente-exclusivite-gouesnou-maison-162-m-habitables-4-chambres-garage-jardin-clos-gouesnou
GOUESNOU,Maison très bien entretenue située en impasse,https://www.etreproprio.com/immobilier-23897381-vente-maison-tres-bien-entretenue-situee-en-impasse-gouesnou
GOUESNOU,Maison 85m² à gouesnou,https://www.etreproprio.com/immobilier-23145816-vente-maison-85m-a-gouesnou-gouesnou
GOUESNOU,Exclusivité gouesnou maison non mitoyenne,https://www.etreproprio.com/immobilier-23845346-vente-exclusivite-gouesnou-maison-non-mitoyenne-gouesnou
GOUESNOU,Exclusivité gouesnou maison non mitoyenne,https://www.etreproprio.com/immobilier-23845348-vente-exclusivite-gouesnou-maison-non-mitoyenne-gouesnou
GOUESNOU,Finistere - gouesnou (29850) - a vendre - maison t4 individuelle plain pied 77m² - 3 chambres - garage sur terrain de 450m²,https://www.etreproprio.com/immobilier-23813050-vente-finistere-gouesnou-29850-a-vendre-maison-t4-individuelle-plain-pied-77m-3-chambres-garage-sur-terrain-de-450m-gouesnou
GOUESNOU,Maison 138m² à gouesnou,https://www.etreproprio.com/immobilier-23289851-vente-maison-138m-a-gouesnou-gouesnou
GOUESNOU,Finistere - gouesnou (29850) - a vendre - maison 129 m2 - 4 chambres - 1000m2 de terrain - excellent dpe : c - sous-sol complet,https://www.etreproprio.com/immobilier-23747592-vente-finistere-gouesnou-29850-a-vendre-maison-129-m2-4-chambres-1000m2-de-terrain-excellent-dpe-c-sous-sol-complet-gouesnou
GOUESNOU,Jolie maison t7 parfait etat de 2002,https://www.etreproprio.com/immobilier-23731690-vente-jolie-maison-t7-parfait-etat-de-2002-gouesnou
GOUESNOU,Finistere - gouesnou (29850) - a vendre - maison contemporaine t6 - piece de vie +35m² - 4 chambres - terrain +600m² - rare - co,https://www.etreproprio.com/immobilier-23715567-vente-finistere-gouesnou-29850-a-vendre-maison-contemporaine-t6-piece-de-vie-35m-4-chambres-terrain-600m-rare-co-gouesnou
GOUESNOU,Maison sur gouesnou,https://www.etreproprio.com/immobilier-23705241-vente-maison-sur-gouesnou-gouesnou
GOUESNOU,Maison 145m² à gouesnou,https://www.etreproprio.com/immobilier-23691036-vente-maison-145m-a-gouesnou-gouesnou
GOUESNOU,A vendre - maison contemporaine f4 - 85 m² habitables - beau terrain 488 m² - dpe c - centre-bourg - garage,https://www.etreproprio.com/immobilier-23343958-vente-a-vendre-maison-contemporaine-f4-85-m-habitables-beau-terrain-488-m-dpe-c-centre-bourg-garage-gouesnou
GOUESNOU,Maison a vendre gouesnou,https://www.etreproprio.com/immobilier-23654905-vente-maison-a-vendre-gouesnou-gouesnou
GOUESNOU,Maison a vendre gouesnou,https://www.etreproprio.com/immobilier-23637995-vente-maison-a-vendre-gouesnou-gouesnou
GOUESNOU,Finistere - gouesnou (29850) - a vendre - maison 125 m2 - 4 chambres - terrain 750 m2 - centre ville a pied - excellent dpe : c,https://www.etreproprio.com/immobilier-23604369-vente-finistere-gouesnou-29850-a-vendre-maison-125-m2-4-chambres-terrain-750-m2-centre-ville-a-pied-excellent-dpe-c-gouesnou
GOUESNOU,Gouesnou sur terrain arbore de 2500 m²,https://www.etreproprio.com/immobilier-21978756-vente-gouesnou-sur-terrain-arbore-de-2500-m-gouesnou
GOUESNOU,Gouesnou   maison neuve rt 2020 avec prestations haut de gamme,https://www.etreproprio.com/immobilier-22424868-vente-gouesnou-maison-neuve-rt-2020-avec-prestations-haut-de-gamme-gouesnou
GOUESNOU,Maison gouesnou,https://www.etreproprio.com/immobilier-23347998-vente-maison-gouesnou-gouesnou
FOUESNANT,Maison 132m² à fouesnant,https://www.etreproprio.com/immobilier-23189993-vente-maison-132m-a-fouesnant-fouesnant
FOUESNANT,Une maison (251 m²) pleine de charme à fouesnant (29170),https://www.etreproprio.com/immobilier-23174982-vente-une-maison-251-m-pleine-de-charme-a-fouesnant-29170-fouesnant
FOUESNANT,Maison 115m² à fouesnant,https://www.etreproprio.com/immobilier-23177610-vente-maison-115m-a-fouesnant-fouesnant
FOUESNANT,Maison 116m² à fouesnant,https://www.etreproprio.com/immobilier-23155822-vente-maison-116m-a-fouesnant-fouesnant
FOUESNANT,Maison à rénover - fouesnant,https://www.etreproprio.com/immobilier-23153517-vente-maison-a-renover-fouesnant-fouesnant
FOUESNANT,29170 fouesnant  centre - demeure de prestige 7 pièce(s) 215 m2 environ,https://www.etreproprio.com/immobilier-21874793-vente-29170-fouesnant-centre-demeure-de-prestige-7-pieces-215-m2-environ-fouesnant
FOUESNANT,"Maison familiale à fouesnant  emplacement privilégié, potentiel exceptionnel !",https://www.etreproprio.com/immobilier-22906955-vente-maison-familiale-a-fouesnant-emplacement-privilegie-potentiel-exceptionnel-fouesnant
FOUESNANT,Maison 124m² à fouesnant,https://www.etreproprio.com/immobilier-23040719-vente-maison-124m-a-fouesnant-fouesnant
FOUESNANT,Maison fouesnant 5 pièce(s) 124 m2,https://www.etreproprio.com/immobilier-23038784-vente-maison-fouesnant-5-pieces-124-m2-fouesnant
FOUESNANT,Maison 120m² à fouesnant,https://www.etreproprio.com/immobilier-22992572-vente-maison-120m-a-fouesnant-fouesnant
FOUESNANT,Maison a vendre à fouesnant : la nature & les volumes,https://www.etreproprio.com/immobilier-22981925-vente-maison-a-vendre-a-fouesnant-la-nature-les-volumes-fouesnant
FOUESNANT,Maison 165m² à fouesnant,https://www.etreproprio.com/immobilier-22975777-vente-maison-165m-a-fouesnant-fouesnant
FOUESNANT,Maison 60m² à fouesnant,https://www.etreproprio.com/immobilier-22949696-vente-maison-60m-a-fouesnant-fouesnant
FOUESNANT,Maison 43m² à fouesnant,https://www.etreproprio.com/immobilier-22949695-vente-maison-43m-a-fouesnant-fouesnant
FOUESNANT,Maison 137m² à fouesnant,https://www.etreproprio.com/immobilier-22954928-vente-maison-137m-a-fouesnant-fouesnant
FOUESNANT,À 2 km des plages - spacieuse maison familiale avec jardin et dépendances,https://www.etreproprio.com/immobilier-22913531-vente-a-2-km-des-plages-spacieuse-maison-familiale-avec-jardin-et-dependances-fouesnant
FOUESNANT,Maison 160m² à fouesnant,https://www.etreproprio.com/immobilier-22886023-vente-maison-160m-a-fouesnant-fouesnant
FOUESNANT,Maison 146m² à fouesnant,https://www.etreproprio.com/immobilier-22461261-vente-maison-146m-a-fouesnant-fouesnant
FOUESNANT,Contemporaine proche océan-fouesnant,https://www.etreproprio.com/immobilier-22853741-vente-contemporaine-proche-ocean-fouesnant-fouesnant
FOUESNANT,Maison 115m² à fouesnant,https://www.etreproprio.com/immobilier-22741879-vente-maison-115m-a-fouesnant-fouesnant
GOUEZEC,Exclusivité - maison à vendre 4 pièces gouezec (29),https://www.etreproprio.com/immobilier-23761146-vente-exclusivite-maison-a-vendre-4-pieces-gouezec-29-gouezec
GOUEZEC,Maison 120m² à gouezec,https://www.etreproprio.com/immobilier-23144623-vente-maison-120m-a-gouezec-gouezec
GOUEZEC,"Maison gouezec 4 pièce(s) 85,26 m2",https://www.etreproprio.com/immobilier-22210818-vente-maison-gouezec-4-pieces-8526-m2-gouezec
GOUEZEC,Maison 85m² à gouezec,https://www.etreproprio.com/immobilier-22212968-vente-maison-85m-a-gouezec-gouezec
FOUESNANT,Maison 36m² à fouesnant,https://www.etreproprio.com/immobilier-22738121-vente-maison-36m-a-fouesnant-fouesnant
FOUESNANT,Maison lumineuse à fouesnant (mousterlin),https://www.etreproprio.com/immobilier-22678929-vente-maison-lumineuse-a-fouesnant-mousterlin-fouesnant
FOUESNANT,Charmante longere - 170m2 - fouesnant - proche plages et commerces,https://www.etreproprio.com/immobilier-21249113-vente-charmante-longere-170m2-fouesnant-proche-plages-et-commerces-fouesnant
FOUESNANT,Fouesnant - longère en pierre,https://www.etreproprio.com/immobilier-22012337-vente-fouesnant-longere-en-pierre-fouesnant
FOUESNANT,Maison 196m² à fouesnant,https://www.etreproprio.com/immobilier-22287946-vente-maison-196m-a-fouesnant-fouesnant
FOUESNANT,Maison 220m² à fouesnant,https://www.etreproprio.com/immobilier-22095707-vente-maison-220m-a-fouesnant-fouesnant
FOUESNANT,Maison 50m² à fouesnant,https://www.etreproprio.com/immobilier-22069788-vente-maison-50m-a-fouesnant-fouesnant
FOUESNANT,Achat maison rénovée fouesnant - cap coz,https://www.etreproprio.com/immobilier-21960408-vente-achat-maison-renovee-fouesnant-cap-coz-fouesnant
FOUESNANT,Achat belle maison familiale au calme à fouesnant,https://www.etreproprio.com/immobilier-21960430-vente-achat-belle-maison-familiale-au-calme-a-fouesnant-fouesnant
FOUESNANT,Fouesnant - cap coz - villa de vacances 3 pièce(s)  53 m2 environ,https://www.etreproprio.com/immobilier-21895904-vente-fouesnant-cap-coz-villa-de-vacances-3-pieces-53-m2-environ-fouesnant
FOUESNANT,Programme neuf - les villas du cap-coz,https://www.etreproprio.com/immobilier-17989473-vente-programme-neuf-les-villas-du-cap-coz-fouesnant
GOUESNOU,Gouesnou - la vallee verte maison d'architecte de 172 m2 sur parcelle paysager de 1558 m2,https://www.etreproprio.com/immobilier-23298330-vente-gouesnou-la-vallee-verte-maison-d-architecte-de-172-m2-sur-parcelle-paysager-de-1558-m2-gouesnou
GOUESNOU,Maison gouesnou 9 pièces 225 m²,https://www.etreproprio.com/immobilier-23294031-vente-maison-gouesnou-9-pieces-225-m-gouesnou
GOUESNOU,"Gouesnou au calme, maison t6",https://www.etreproprio.com/immobilier-20736704-vente-gouesnou-au-calme-maison-t6-gouesnou
GOUESNOU,""" déjà vendu par kerebel immobilier """,https://www.etreproprio.com/immobilier-19761100-vente-deja-vendu-par-kerebel-immobilier-gouesnou
GOULIEN,Maison 91m² à goulien,https://www.etreproprio.com/immobilier-23863501-vente-maison-91m-a-goulien-goulien
GOULIEN,Maison goulien 3 pièce(s) 91 m2,https://www.etreproprio.com/immobilier-23861087-vente-maison-goulien-3-pieces-91-m2-goulien
GOULIEN,Maison 125m² à goulien,https://www.etreproprio.com/immobilier-23493515-vente-maison-125m-a-goulien-goulien
GOULIEN,Maison à vendre à audierne,https://www.etreproprio.com/immobilier-22434162-vente-maison-a-vendre-a-audierne-goulien
GOULVEN,Maison contemporaine de 2009  goulven (29),https://www.etreproprio.com/immobilier-23404764-vente-maison-contemporaine-de-2009-goulven-29-goulven
GOURLIZON,Maison gourlizon 7 pièce(s) 122 m2,https://www.etreproprio.com/immobilier-23701441-vente-maison-gourlizon-7-pieces-122-m2-gourlizon
GOURLIZON,Maison 122m² à gourlizon,https://www.etreproprio.com/immobilier-23704016-vente-maison-122m-a-gourlizon-gourlizon
GOURLIZON,Maison sur gourlizon,https://www.etreproprio.com/immobilier-23874890-vente-maison-sur-gourlizon-gourlizon
GOURLIZON,Maison gourlizon 6 pièces 140 m2,https://www.etreproprio.com/immobilier-23638317-vente-maison-gourlizon-6-pieces-140-m2-gourlizon
GOURLIZON,Maison dans un quartier résidentiel,https://www.etreproprio.com/immobilier-23183668-vente-maison-dans-un-quartier-residentiel-gourlizon
GUENGAT,Maison sur guengat,https://www.etreproprio.com/immobilier-23895325-vente-maison-sur-guengat-guengat
GUENGAT,Jolie longère à guengat,https://www.etreproprio.com/immobilier-23877134-vente-jolie-longere-a-guengat-guengat
GUENGAT,Maison 170m² à guengat,https://www.etreproprio.com/immobilier-23800963-vente-maison-170m-a-guengat-guengat
GUENGAT,Maison 187m² à guengat,https://www.etreproprio.com/immobilier-23351632-vente-maison-187m-a-guengat-guengat
GUENGAT,Maison contemporaine au bourg de guengat,https://www.etreproprio.com/immobilier-23688304-vente-maison-contemporaine-au-bourg-de-guengat-guengat
GUENGAT,Maison 145m² à guengat,https://www.etreproprio.com/immobilier-23677640-vente-maison-145m-a-guengat-guengat
GUENGAT,Maison en pierres et dépendances au bourg de guengat.,https://www.etreproprio.com/immobilier-21979154-vente-maison-en-pierres-et-dependances-au-bourg-de-guengat-guengat
GUERLESQUIN,Maison de charme à vendre à guerlesquin - un havre de paix de 204 m²,https://www.etreproprio.com/immobilier-23677315-vente-maison-de-charme-a-vendre-a-guerlesquin-un-havre-de-paix-de-204-m-guerlesquin
GUERLESQUIN,Maison 139m² à guerlesquin,https://www.etreproprio.com/immobilier-23724203-vente-maison-139m-a-guerlesquin-guerlesquin
GUERLESQUIN,Maison 75m² à guerlesquin,https://www.etreproprio.com/immobilier-22873521-vente-maison-75m-a-guerlesquin-guerlesquin
GUERLESQUIN,Maison 92m² à guerlesquin,https://www.etreproprio.com/immobilier-23471993-vente-maison-92m-a-guerlesquin-guerlesquin
GUERLESQUIN,"Longère en pierre, mer 20 minutes, 5 chambres et un bureau",https://www.etreproprio.com/immobilier-23451322-vente-longere-en-pierre-mer-20-minutes-5-chambres-et-un-bureau-guerlesquin
GUERLESQUIN,Maison 123m² à guerlesquin,https://www.etreproprio.com/immobilier-23446877-vente-maison-123m-a-guerlesquin-guerlesquin
GUERLESQUIN,Maison 123m² à guerlesquin,https://www.etreproprio.com/immobilier-22646750-vente-maison-123m-a-guerlesquin-guerlesquin
GUERLESQUIN,Maison 110m² à guerlesquin,https://www.etreproprio.com/immobilier-23293292-vente-maison-110m-a-guerlesquin-guerlesquin
GUERLESQUIN,Maison 138m² à guerlesquin,https://www.etreproprio.com/immobilier-23281222-vente-maison-138m-a-guerlesquin-guerlesquin
GUERLESQUIN,Maison 138m² à guerlesquin,https://www.etreproprio.com/immobilier-22106570-vente-maison-138m-a-guerlesquin-guerlesquin
GUERLESQUIN,Maison 120m² à guerlesquin,https://www.etreproprio.com/immobilier-23001080-vente-maison-120m-a-guerlesquin-guerlesquin
GUICLAN,Maison 125m² à guiclan,https://www.etreproprio.com/immobilier-23532892-vente-maison-125m-a-guiclan-guiclan
GUICLAN,Maison guiclan 5 pièce(s) 125 m2,https://www.etreproprio.com/immobilier-22918521-vente-maison-guiclan-5-pieces-125-m2-guiclan
GUICLAN,Maison sur guiclan,https://www.etreproprio.com/immobilier-23855226-vente-maison-sur-guiclan-guiclan
GUICLAN,Maison guiclan 4 pièce(s) 67.6 m2,https://www.etreproprio.com/immobilier-23751753-vente-maison-guiclan-4-pieces-676-m2-guiclan
GUICLAN,Maison 158m² à guiclan,https://www.etreproprio.com/immobilier-22938378-vente-maison-158m-a-guiclan-guiclan
GUICLAN,Maison 128 m2 6 pièces 4 chambres (  à penzé),https://www.etreproprio.com/immobilier-22474644-vente-maison-128-m2-6-pieces-4-chambres-a-penze-guiclan
GUICLAN,"# 342 - a vendre -  maison - guiclan - 125,58 m2",https://www.etreproprio.com/immobilier-21623772-vente-342-a-vendre-maison-guiclan-12558-m2-guiclan
GUILERS,"Longères de plain-pied,   guilers   7 pièces 132 m2",https://www.etreproprio.com/immobilier-23893751-vente-longeres-de-plain-pied-guilers-7-pieces-132-m2-guilers
GUILERS,Maison 91m² à guilers,https://www.etreproprio.com/immobilier-23892992-vente-maison-91m-a-guilers-guilers
GUILERS,Guilers maison t5 non mitoyenne,https://www.etreproprio.com/immobilier-23652099-vente-guilers-maison-t5-non-mitoyenne-guilers
GUILERS,Guilers maison t5 non mitoyenne,https://www.etreproprio.com/immobilier-23652098-vente-guilers-maison-t5-non-mitoyenne-guilers
GUILERS,Maison 6 pièces -  jardin clos 350  m2 - guilers,https://www.etreproprio.com/immobilier-23798148-vente-maison-6-pieces-jardin-clos-350-m2-guilers-guilers
GUILERS,Maison 159 m² - terrain 430 m² - guilers  proximité centre,https://www.etreproprio.com/immobilier-23740437-vente-maison-159-m-terrain-430-m-guilers-proximite-centre-guilers
GUILERS,Maison 136 m² - jardin clos 283 m² - guilers proximité centre,https://www.etreproprio.com/immobilier-23709485-vente-maison-136-m-jardin-clos-283-m-guilers-proximite-centre-guilers
GUILERS,Maison guilers 6 pièce(s) 137m2,https://www.etreproprio.com/immobilier-23711869-vente-maison-guilers-6-pieces-137m2-guilers
GUILERS,Maison familiale avec jardin et terrasse couverte à guilers,https://www.etreproprio.com/immobilier-23707616-vente-maison-familiale-avec-jardin-et-terrasse-couverte-a-guilers-guilers
GUILERS,A vendre   guilers centre bourg  maison   4 chambres   sous-sol   veranda   jardin,https://www.etreproprio.com/immobilier-23700958-vente-a-vendre-guilers-centre-bourg-maison-4-chambres-sous-sol-veranda-jardin-guilers
GUILERS,Guilers grande maison t6 rénovée,https://www.etreproprio.com/immobilier-23681066-vente-guilers-grande-maison-t6-renovee-guilers
GUILERS,Guilers grande maison t6 rénovée,https://www.etreproprio.com/immobilier-23681061-vente-guilers-grande-maison-t6-renovee-guilers
GUILERS,Maison guilers 6 pièce(s),https://www.etreproprio.com/immobilier-23647717-vente-maison-guilers-6-pieces-guilers
GUILERS,Propriete guilers / proximite brest,https://www.etreproprio.com/immobilier-23598270-vente-propriete-guilers-proximite-brest-guilers
GUILERS,Maison t6 parfait etat de 2007,https://www.etreproprio.com/immobilier-23584445-vente-maison-t6-parfait-etat-de-2007-guilers
GUILERS,Maison à vendre   guilers (29820),https://www.etreproprio.com/immobilier-23563252-vente-maison-a-vendre-guilers-29820-guilers
GUILERS,"Guilers: maison 193 m² avec studio, idéal investisseurs",https://www.etreproprio.com/immobilier-23453018-vente-guilers-maison-193-m-avec-studio-ideal-investisseurs-guilers
GUILERS,Maison guilers 127.29 m²,https://www.etreproprio.com/immobilier-23418736-vente-maison-guilers-12729-m-guilers
GUILERS,Maison guilers dpe b,https://www.etreproprio.com/immobilier-23157354-vente-maison-guilers-dpe-b-guilers
GUILERS,Maison 113m² à guilers,https://www.etreproprio.com/immobilier-23389547-vente-maison-113m-a-guilers-guilers
GUILER-SUR-GOYEN,Belle propriété rurale sans vis-à-vis,https://www.etreproprio.com/immobilier-23463987-vente-belle-propriete-rurale-sans-vis-a-vis-guiler-sur-goyen
GUILERS,Maison 90m² à guilers,https://www.etreproprio.com/immobilier-22933036-vente-maison-90m-a-guilers-guilers
GUILERS,Maison guilers 173.64 m2,https://www.etreproprio.com/immobilier-23175832-vente-maison-guilers-17364-m2-guilers
GUILERS,Maison de 173 m2 de 5 pièces,https://www.etreproprio.com/immobilier-23157356-vente-maison-de-173-m2-de-5-pieces-guilers
GUILERS,Guilers maison t5 non mitoyenne,https://www.etreproprio.com/immobilier-20722400-vente-guilers-maison-t5-non-mitoyenne-guilers
GUILERS,Guilers maison t5 non mitoyenne,https://www.etreproprio.com/immobilier-20722399-vente-guilers-maison-t5-non-mitoyenne-guilers
GUILERS,Guilers charmante maison 114 m²  5 chambres garage,https://www.etreproprio.com/immobilier-13511530-vente-guilers-charmante-maison-114-m-5-chambres-garage-guilers
GUILLIGOMARC'H,Maison 99m² à guilligomarc'h,https://www.etreproprio.com/immobilier-22222099-vente-maison-99m-a-guilligomarc-h-guilligomarc-h
GUILLIGOMARC'H,Maison de 5 chambres de 147m2 à guilligomarc'h,https://www.etreproprio.com/immobilier-23760743-vente-maison-de-5-chambres-de-147m2-a-guilligomarc-h-guilligomarc-h
GUILLIGOMARC'H,Maison 100m² à guilligomarc'h,https://www.etreproprio.com/immobilier-23704386-vente-maison-100m-a-guilligomarc-h-guilligomarc-h
GUILVINEC,Maison 112m² à guilvinec,https://www.etreproprio.com/immobilier-23734404-vente-maison-112m-a-guilvinec-guilvinec
GUILVINEC,Guilvinec maison  t4  devant la plage,https://www.etreproprio.com/immobilier-23729501-vente-guilvinec-maison-t4-devant-la-plage-guilvinec
GUILVINEC,Guilvinec maison vue mer devant la plage,https://www.etreproprio.com/immobilier-23729502-vente-guilvinec-maison-vue-mer-devant-la-plage-guilvinec
GUILVINEC,Maison 40m² à guilvinec,https://www.etreproprio.com/immobilier-22895244-vente-maison-40m-a-guilvinec-guilvinec
GUILVINEC,Maison 133m² à guilvinec,https://www.etreproprio.com/immobilier-23601180-vente-maison-133m-a-guilvinec-guilvinec
GUILVINEC,Maison 40m² à guilvinec,https://www.etreproprio.com/immobilier-23702546-vente-maison-40m-a-guilvinec-guilvinec
GUILVINEC,Maison 133m² à guilvinec,https://www.etreproprio.com/immobilier-23447459-vente-maison-133m-a-guilvinec-guilvinec
GUILVINEC,Maison sur le guilvinec,https://www.etreproprio.com/immobilier-23693645-vente-maison-sur-le-guilvinec-guilvinec
GUILVINEC,Maison guilvinec 6 pièce(s) 138 m2,https://www.etreproprio.com/immobilier-23618927-vente-maison-guilvinec-6-pieces-138-m2-guilvinec
GUILVINEC,Maison 138m² à guilvinec,https://www.etreproprio.com/immobilier-23612356-vente-maison-138m-a-guilvinec-guilvinec
GUILVINEC,Le guilvinec - centre-ville et port à pied,https://www.etreproprio.com/immobilier-22514196-vente-le-guilvinec-centre-ville-et-port-a-pied-guilvinec
GUILVINEC,Maison 85m² à guilvinec,https://www.etreproprio.com/immobilier-22894985-vente-maison-85m-a-guilvinec-guilvinec
GUILVINEC,Maison guilvinec,https://www.etreproprio.com/immobilier-22650862-vente-maison-guilvinec-guilvinec
GUILVINEC,Le guilvinec centre ville,https://www.etreproprio.com/immobilier-21853895-vente-le-guilvinec-centre-ville-guilvinec
GUILVINEC,Mobil-home dans un domaine sécurisé ! pieds dans l'eau !,https://www.etreproprio.com/immobilier-23502580-vente-mobil-home-dans-un-domaine-securise-pieds-dans-l-eau-guilvinec
GUILVINEC,Maison à vendre 6 pièces guilvinec (29) plage et port à pied,https://www.etreproprio.com/immobilier-22475099-vente-maison-a-vendre-6-pieces-guilvinec-29-plage-et-port-a-pied-guilvinec
GUILVINEC,Mobil home à 2 pas de la plage !,https://www.etreproprio.com/immobilier-23445757-vente-mobil-home-a-2-pas-de-la-plage-guilvinec
GUILVINEC,Mobilhome à 2 pas de la plage,https://www.etreproprio.com/immobilier-23445771-vente-mobilhome-a-2-pas-de-la-plage-guilvinec
GUILVINEC,Le guilvinec - proche port et commerces,https://www.etreproprio.com/immobilier-21664575-vente-le-guilvinec-proche-port-et-commerces-guilvinec
GUILVINEC,Le guilvinec - centre-ville,https://www.etreproprio.com/immobilier-23336414-vente-le-guilvinec-centre-ville-guilvinec
GUIMAEC,Propriété d'exception du xvie siècle – plage à pied – guimaëc/locquirec,https://www.etreproprio.com/immobilier-22268043-vente-propriete-d-exception-du-xvie-siecle-plage-a-pied-guimaeclocquirec-guimaec
GUIMAEC,Maison 58m² à guimaec,https://www.etreproprio.com/immobilier-23883837-vente-maison-58m-a-guimaec-guimaec
GUIMAEC,Maison 129m² à guimaec,https://www.etreproprio.com/immobilier-23789829-vente-maison-129m-a-guimaec-guimaec
GUIMAEC,Maison 307m² à guimaec,https://www.etreproprio.com/immobilier-23714117-vente-maison-307m-a-guimaec-guimaec
GUIMAEC,Maison 163m² à guimaëc,https://www.etreproprio.com/immobilier-23216397-vente-maison-163m-a-guimaec-guimaec
GUIMAEC,Maison 156m² à guimaec,https://www.etreproprio.com/immobilier-23570207-vente-maison-156m-a-guimaec-guimaec
GUIMAEC,Maison guimaëc 5 pièce(s) 85 m2,https://www.etreproprio.com/immobilier-23421872-vente-maison-guimaec-5-pieces-85-m2-guimaec
GUIMAEC,"Finistère, guimaec, petite ferme de 1800 rénovée",https://www.etreproprio.com/immobilier-22303844-vente-finistere-guimaec-petite-ferme-de-1800-renovee-guimaec
GUIMAEC,Maison guimaec 7 pièce(s) 114 m2,https://www.etreproprio.com/immobilier-23237698-vente-maison-guimaec-7-pieces-114-m2-guimaec
GUIMAEC,"Finistère, guimaëc, vente ferme de 1831",https://www.etreproprio.com/immobilier-22350345-vente-finistere-guimaec-vente-ferme-de-1831-guimaec
GUIMAEC,"Aucun vis à vis, à 2km des plages",https://www.etreproprio.com/immobilier-22866139-vente-aucun-vis-a-vis-a-2km-des-plages-guimaec
GUIMAEC,Maison mitoyenne,https://www.etreproprio.com/immobilier-22507543-vente-maison-mitoyenne-guimaec
GUIMAEC,Maison mitoyenne,https://www.etreproprio.com/immobilier-22507544-vente-maison-mitoyenne-guimaec
GUIMAEC,Maison guimaec 5 pièce(s) 141 m2,https://www.etreproprio.com/immobilier-21771464-vente-maison-guimaec-5-pieces-141-m2-guimaec
GUIMILIAU,Maison 211m² à guimiliau,https://www.etreproprio.com/immobilier-23836866-vente-maison-211m-a-guimiliau-guimiliau
GUIMILIAU,Maison 147m² à guimiliau,https://www.etreproprio.com/immobilier-23796456-vente-maison-147m-a-guimiliau-guimiliau
GUIMILIAU,Maison 189m² à guimiliau,https://www.etreproprio.com/immobilier-23730248-vente-maison-189m-a-guimiliau-guimiliau
GUIMILIAU,Grande maison familiale rénovée,https://www.etreproprio.com/immobilier-23601115-vente-grande-maison-familiale-renovee-guimiliau
GUILVINEC,Le guilvinec - maison de charme à rénover,https://www.etreproprio.com/immobilier-23336415-vente-le-guilvinec-maison-de-charme-a-renover-guilvinec
GUILVINEC,Maison 84m² à guilvinec,https://www.etreproprio.com/immobilier-23319102-vente-maison-84m-a-guilvinec-guilvinec
GUILVINEC,Maison 40m² à guilvinec,https://www.etreproprio.com/immobilier-23270343-vente-maison-40m-a-guilvinec-guilvinec
GUILVINEC,Chalet 4 saisons guilvinec 4 pièce(s) 37.9 m2,https://www.etreproprio.com/immobilier-20204710-vente-chalet-4-saisons-guilvinec-4-pieces-379-m2-guilvinec
GUILVINEC,Maison 37m² à guilvinec,https://www.etreproprio.com/immobilier-21235636-vente-maison-37m-a-guilvinec-guilvinec
GUILVINEC,Maison 135m² à guilvinec,https://www.etreproprio.com/immobilier-22716375-vente-maison-135m-a-guilvinec-guilvinec
GUILVINEC,Maison - 3 chs - guilvinec - proche mer et commerces,https://www.etreproprio.com/immobilier-21817880-vente-maison-3-chs-guilvinec-proche-mer-et-commerces-guilvinec
GUILVINEC,Maison 180m² à guilvinec,https://www.etreproprio.com/immobilier-22536750-vente-maison-180m-a-guilvinec-guilvinec
GUILVINEC,"Maison guilvinec, 8 pièce(s), 200 m2 - 200 m de la plage",https://www.etreproprio.com/immobilier-22529113-vente-maison-guilvinec-8-pieces-200-m2-200-m-de-la-plage-guilvinec
GUILVINEC,"Maison avec vue port et mer - le guilvinec, centre-ville",https://www.etreproprio.com/immobilier-22715946-vente-maison-avec-vue-port-et-mer-le-guilvinec-centre-ville-guilvinec
GUILVINEC,Maison guilvinec,https://www.etreproprio.com/immobilier-17927739-vente-maison-guilvinec-guilvinec
GUILVINEC,Maison 92m² à guilvinec,https://www.etreproprio.com/immobilier-22913684-vente-maison-92m-a-guilvinec-guilvinec
GUILVINEC,Maison guilvinec 6 pièce(s) 92.75 m2,https://www.etreproprio.com/immobilier-22912036-vente-maison-guilvinec-6-pieces-9275-m2-guilvinec
GUILVINEC,Maison guilvinec 4 pièce(s) 113 m2,https://www.etreproprio.com/immobilier-23076881-vente-maison-guilvinec-4-pieces-113-m2-guilvinec
GUILVINEC,Maison 113m² à guilvinec,https://www.etreproprio.com/immobilier-23068854-vente-maison-113m-a-guilvinec-guilvinec
GUILVINEC,Maison 151m² à guilvinec,https://www.etreproprio.com/immobilier-23065400-vente-maison-151m-a-guilvinec-guilvinec
GUILVINEC,Guilvinec - agreable maison,https://www.etreproprio.com/immobilier-23030417-vente-guilvinec-agreable-maison-guilvinec
GUILVINEC,Maison 101m² à guilvinec,https://www.etreproprio.com/immobilier-23031913-vente-maison-101m-a-guilvinec-guilvinec
GUILVINEC,Le guilvinec - maison de ville avec terrasse,https://www.etreproprio.com/immobilier-22983317-vente-le-guilvinec-maison-de-ville-avec-terrasse-guilvinec
GUILVINEC,Maison de rêve à guilvinec avec piscine et spa,https://www.etreproprio.com/immobilier-22688884-vente-maison-de-reve-a-guilvinec-avec-piscine-et-spa-guilvinec
GUIPAVAS,Maison sur guipavas,https://www.etreproprio.com/immobilier-23855233-vente-maison-sur-guipavas-guipavas
GUIPAVAS,"Guipavas, une maison au vert au bord de l'elorn !",https://www.etreproprio.com/immobilier-23845352-vente-guipavas-une-maison-au-vert-au-bord-de-l-elorn-guipavas
GUIPAVAS,Maison - 3 chambres - guipavas,https://www.etreproprio.com/immobilier-23815501-vente-maison-3-chambres-guipavas-guipavas
GUIPAVAS,Maison 143m² à guipavas,https://www.etreproprio.com/immobilier-23816368-vente-maison-143m-a-guipavas-guipavas
GUIPAVAS,Maison plain pied 2015 a vendre guipavas secteur le douvez,https://www.etreproprio.com/immobilier-23419061-vente-maison-plain-pied-2015-a-vendre-guipavas-secteur-le-douvez-guipavas
GUIPAVAS,Maison proche centre à rénover,https://www.etreproprio.com/immobilier-23613644-vente-maison-proche-centre-a-renover-guipavas
GUIPAVAS,Maison 5 chambres avec vie de plain pied,https://www.etreproprio.com/immobilier-23802270-vente-maison-5-chambres-avec-vie-de-plain-pied-guipavas
GUIPAVAS,Maison 127m² à guipavas,https://www.etreproprio.com/immobilier-22992905-vente-maison-127m-a-guipavas-guipavas
GUIPAVAS,A vendre maison familiale t6 avec vue mer proche moulin-blanc,https://www.etreproprio.com/immobilier-23784656-vente-a-vendre-maison-familiale-t6-avec-vue-mer-proche-moulin-blanc-guipavas
GUIPAVAS,Maison 149m² à guipavas,https://www.etreproprio.com/immobilier-23603758-vente-maison-149m-a-guipavas-guipavas
GUIPAVAS,A vendre maison de caractere de 220 m2 avec parc paysager de 3698 m2 et vue mer imprenable,https://www.etreproprio.com/immobilier-22260065-vente-a-vendre-maison-de-caractere-de-220-m2-avec-parc-paysager-de-3698-m2-et-vue-mer-imprenable-guipavas
GUIPAVAS,Maison 300m² à guipavas,https://www.etreproprio.com/immobilier-23766858-vente-maison-300m-a-guipavas-guipavas
GUIPAVAS,Guipavas - maison t5 au calme idéalement située,https://www.etreproprio.com/immobilier-23042142-vente-guipavas-maison-t5-au-calme-idealement-situee-guipavas
GUIPAVAS,Guipavas - maison t5 au calme idéalement située,https://www.etreproprio.com/immobilier-23042145-vente-guipavas-maison-t5-au-calme-idealement-situee-guipavas
GUIPAVAS,Maison 207m² à guipavas,https://www.etreproprio.com/immobilier-23730673-vente-maison-207m-a-guipavas-guipavas
GUIPAVAS,Finistere - guipavas (29490) - a vendre - maison de 142m² - vue mer - 4 chambres - idealement situe - rare sur le marche - terra,https://www.etreproprio.com/immobilier-23705269-vente-finistere-guipavas-29490-a-vendre-maison-de-142m-vue-mer-4-chambres-idealement-situe-rare-sur-le-marche-terra-guipavas
GUIPAVAS,"Le rody, maison t6 vue mer",https://www.etreproprio.com/immobilier-23672130-vente-le-rody-maison-t6-vue-mer-guipavas
GUIPAVAS,"Le rody, maison t6 vue mer",https://www.etreproprio.com/immobilier-23672131-vente-le-rody-maison-t6-vue-mer-guipavas
GUIPAVAS,Finistere - guipavas (29490) - a vendre - maison recente 92m² t5 de 2015 - 3 chambres - garage - locataires en place sur terrain,https://www.etreproprio.com/immobilier-23652103-vente-finistere-guipavas-29490-a-vendre-maison-recente-92m-t5-de-2015-3-chambres-garage-locataires-en-place-sur-terrain-guipavas
GUIPAVAS,Maison proche du centre à rénover,https://www.etreproprio.com/immobilier-23613645-vente-maison-proche-du-centre-a-renover-guipavas
GUIPRONVEL,Maison 70m² à guipronvel,https://www.etreproprio.com/immobilier-23016093-vente-maison-70m-a-guipronvel-guipronvel
GUIPRONVEL,Maison milizac guipronvel 6 pièce(s) 128 m2,https://www.etreproprio.com/immobilier-23881703-vente-maison-milizac-guipronvel-6-pieces-128-m2-guipronvel
GUIPRONVEL,Maison 139m² à guipronvel,https://www.etreproprio.com/immobilier-23831256-vente-maison-139m-a-guipronvel-guipronvel
GUIPRONVEL,Vente maison milizac-guipronvel(29290) 267 750ï¿œ,https://www.etreproprio.com/immobilier-23720124-vente-vente-maison-milizac-guipronvel29290-267-750i-oe-guipronvel
GUIPRONVEL,Maison familiale au cœur de milizac avec vie de plain-pied,https://www.etreproprio.com/immobilier-23705262-vente-maison-familiale-au-coeur-de-milizac-avec-vie-de-plain-pied-guipronvel
GUIPRONVEL,Maison 4 chambre(s) à vendre,https://www.etreproprio.com/immobilier-22457215-vente-maison-4-chambres-a-vendre-guipronvel
GUIPRONVEL,Ensemble immobilier a rénover a milizac,https://www.etreproprio.com/immobilier-23425828-vente-ensemble-immobilier-a-renover-a-milizac-guipronvel
GUIPRONVEL,Maison rénovée - 80 m² - bourg de milizac,https://www.etreproprio.com/immobilier-22901566-vente-maison-renovee-80-m-bourg-de-milizac-guipronvel
GUILVINEC,Maison 124m² à guilvinec,https://www.etreproprio.com/immobilier-22202488-vente-maison-124m-a-guilvinec-guilvinec
GUILVINEC,Maison guilvinec 6 pièce(s) 124 m2,https://www.etreproprio.com/immobilier-22190069-vente-maison-guilvinec-6-pieces-124-m2-guilvinec
GUILVINEC,Maison 71m² à guilvinec,https://www.etreproprio.com/immobilier-22160767-vente-maison-71m-a-guilvinec-guilvinec
GUILVINEC,Maison 118m² à guilvinec,https://www.etreproprio.com/immobilier-21254625-vente-maison-118m-a-guilvinec-guilvinec
GUILVINEC,Chalet 4 saisons 2 chambres devant la plage guilvinec,https://www.etreproprio.com/immobilier-21362778-vente-chalet-4-saisons-2-chambres-devant-la-plage-guilvinec-guilvinec
GUILVINEC,Maison 36m² à guilvinec,https://www.etreproprio.com/immobilier-21363341-vente-maison-36m-a-guilvinec-guilvinec
GUILVINEC,Maison 7 pièce(s) 150 m2,https://www.etreproprio.com/immobilier-19691141-vente-maison-7-pieces-150-m2-guilvinec
GUILVINEC,Maison duplex t3 - residence de tourisme 3 etoiles guilvinec,https://www.etreproprio.com/immobilier-18143257-vente-maison-duplex-t3-residence-de-tourisme-3-etoiles-guilvinec-guilvinec
GUIPAVAS,Maison familiale à rafraichir,https://www.etreproprio.com/immobilier-23613643-vente-maison-familiale-a-rafraichir-guipavas
GUIPAVAS,Maison 115m² à guipavas,https://www.etreproprio.com/immobilier-23342130-vente-maison-115m-a-guipavas-guipavas
GUIPAVAS,Ferme à 5 minutes du bourg,https://www.etreproprio.com/immobilier-23584470-vente-ferme-a-5-minutes-du-bourg-guipavas
GUIPAVAS,Guipavas maison t6,https://www.etreproprio.com/immobilier-23212213-vente-guipavas-maison-t6-guipavas
GUIPAVAS,Exclusivité a vendre guipavas maison 115 m² habitables 180 m² utiles 2 garages jardin clos,https://www.etreproprio.com/immobilier-23565749-vente-exclusivite-a-vendre-guipavas-maison-115-m-habitables-180-m-utiles-2-garages-jardin-clos-guipavas
GUIPAVAS,Guipavas maison t6,https://www.etreproprio.com/immobilier-23212216-vente-guipavas-maison-t6-guipavas
GUIPAVAS,Maison 5 chambres à 800m du centre ville,https://www.etreproprio.com/immobilier-23560708-vente-maison-5-chambres-a-800m-du-centre-ville-guipavas
GUIPAVAS,Guipavas maison t6 proche du centre bourg,https://www.etreproprio.com/immobilier-23538906-vente-guipavas-maison-t6-proche-du-centre-bourg-guipavas
GUIPAVAS,Maison guipavas - secteur coataudon,https://www.etreproprio.com/immobilier-23469792-vente-maison-guipavas-secteur-coataudon-guipavas
GUIPAVAS,Maison à vendre 6 pièces guipavas (29),https://www.etreproprio.com/immobilier-23464339-vente-maison-a-vendre-6-pieces-guipavas-29-guipavas
GUIPAVAS,Maison à vendre 6 pièces guipavas (29),https://www.etreproprio.com/immobilier-23427832-vente-maison-a-vendre-6-pieces-guipavas-29-guipavas
GUIPAVAS,Maison proche du bourg à rafraîchir,https://www.etreproprio.com/immobilier-23137196-vente-maison-proche-du-bourg-a-rafraichir-guipavas
GUIPAVAS,Maison familiale à 400m du centre ville,https://www.etreproprio.com/immobilier-23367228-vente-maison-familiale-a-400m-du-centre-ville-guipavas
GUIPAVAS,Finistere - guipavas (29490) - a vendre - maison 145m² - 5 chambres - 2006 - piece de vie 52m² - calme - parking - grandes chamb,https://www.etreproprio.com/immobilier-23353146-vente-finistere-guipavas-29490-a-vendre-maison-145m-5-chambres-2006-piece-de-vie-52m-calme-parking-grandes-chamb-guipavas
GUIPAVAS,Guipavas centre ville .belle maison t6,https://www.etreproprio.com/immobilier-23283729-vente-guipavas-centre-ville-belle-maison-t6-guipavas
GUIPAVAS,Maison 142m² à guipavas,https://www.etreproprio.com/immobilier-23211298-vente-maison-142m-a-guipavas-guipavas
GUIPAVAS,Maison a vendre guipavas coataudon - 147 m² - sous-sol complet,https://www.etreproprio.com/immobilier-21461844-vente-maison-a-vendre-guipavas-coataudon-147-m-sous-sol-complet-guipavas
GUIPAVAS,A vendre maison quartier rody guipavas 6 pièces,https://www.etreproprio.com/immobilier-22209952-vente-a-vendre-maison-quartier-rody-guipavas-6-pieces-guipavas
GUIPAVAS,Maison - guipavas - 142m²,https://www.etreproprio.com/immobilier-23070293-vente-maison-guipavas-142m-guipavas
GUIPAVAS,Maison d'habitation spacieuse de 1971 - 143m² sur terrain de 1025m² à guipavas,https://www.etreproprio.com/immobilier-20752184-vente-maison-d-habitation-spacieuse-de-1971-143m-sur-terrain-de-1025m-a-guipavas-guipavas
GUISSENY,Maison 145m² à guisseny,https://www.etreproprio.com/immobilier-23727198-vente-maison-145m-a-guisseny-guisseny
GUISSENY,Guisseny maison bord de mer,https://www.etreproprio.com/immobilier-23781865-vente-guisseny-maison-bord-de-mer-guisseny
GUISSENY,Maison à vendre 6 pièces guisseny (29),https://www.etreproprio.com/immobilier-23732104-vente-maison-a-vendre-6-pieces-guisseny-29-guisseny
GUISSENY,Maison sur guisseny,https://www.etreproprio.com/immobilier-23681072-vente-maison-sur-guisseny-guisseny
GUISSENY,Maison guisseny 9 pièce(s) 263 m2,https://www.etreproprio.com/immobilier-23316834-vente-maison-guisseny-9-pieces-263-m2-guisseny
GUISSENY,Maison 104m² à guisseny,https://www.etreproprio.com/immobilier-23069214-vente-maison-104m-a-guisseny-guisseny
GUISSENY,Corps de ferme - maison et penty rénové - dépendances pierres - hangar - guisseny (29),https://www.etreproprio.com/immobilier-22035453-vente-corps-de-ferme-maison-et-penty-renove-dependances-pierres-hangar-guisseny-29-guisseny
GUISSENY,Maison d'exception en bord de mer,https://www.etreproprio.com/immobilier-21978754-vente-maison-d-exception-en-bord-de-mer-guisseny
GUISSENY,Très belle maison de 2013 dans guissény,https://www.etreproprio.com/immobilier-22525004-vente-tres-belle-maison-de-2013-dans-guisseny-guisseny
GUISSENY,Maison 120m² à guisseny,https://www.etreproprio.com/immobilier-22730138-vente-maison-120m-a-guisseny-guisseny
GUISSENY,Maison 91m² à guisseny,https://www.etreproprio.com/immobilier-22737654-vente-maison-91m-a-guisseny-guisseny
GUISSENY,Maison 122m² à guisseny,https://www.etreproprio.com/immobilier-20661970-vente-maison-122m-a-guisseny-guisseny
GUISSENY,Maison 90m² à guisseny,https://www.etreproprio.com/immobilier-22632110-vente-maison-90m-a-guisseny-guisseny
GUISSENY,Maison 145m² à guisseny,https://www.etreproprio.com/immobilier-22579975-vente-maison-145m-a-guisseny-guisseny
GUISSENY,"Corps de ferme 7 pièce(s), hangars et dépendances",https://www.etreproprio.com/immobilier-21998573-vente-corps-de-ferme-7-pieces-hangars-et-dependances-guisseny
GUISSENY,Maison 116m² à guisseny,https://www.etreproprio.com/immobilier-21877987-vente-maison-116m-a-guisseny-guisseny
GUISSENY,Maison 115m² à guisseny,https://www.etreproprio.com/immobilier-21276250-vente-maison-115m-a-guisseny-guisseny
GUISSENY,Maison 110m² à guisseny,https://www.etreproprio.com/immobilier-20871951-vente-maison-110m-a-guisseny-guisseny
HANVEC,Hanvec corps de ferme avec gîtes et piscine,https://www.etreproprio.com/immobilier-23791867-vente-hanvec-corps-de-ferme-avec-gites-et-piscine-hanvec
HANVEC,Une belle opportunité à ne pas manquer !,https://www.etreproprio.com/immobilier-23262441-vente-une-belle-opportunite-a-ne-pas-manquer-hanvec
HANVEC,Maison 350m² à hanvec,https://www.etreproprio.com/immobilier-23644917-vente-maison-350m-a-hanvec-hanvec
HANVEC,Maison à vendre 3 pièces hanvec (29),https://www.etreproprio.com/immobilier-23634622-vente-maison-a-vendre-3-pieces-hanvec-29-hanvec
HANVEC,Maison 124m² à hanvec,https://www.etreproprio.com/immobilier-23446720-vente-maison-124m-a-hanvec-hanvec
HANVEC,Maison et terrain,https://www.etreproprio.com/immobilier-23427653-vente-maison-et-terrain-hanvec
HANVEC,Hanvec corps de ferme avec gîtes et piscine,https://www.etreproprio.com/immobilier-23070140-vente-hanvec-corps-de-ferme-avec-gites-et-piscine-hanvec
HANVEC,Maison 102m² à hanvec,https://www.etreproprio.com/immobilier-22770161-vente-maison-102m-a-hanvec-hanvec
HANVEC,Maison de campagne pleine de charme,https://www.etreproprio.com/immobilier-22759036-vente-maison-de-campagne-pleine-de-charme-hanvec
HANVEC,Hanvec ensemble en pierre proposant une maison principale et un gîte,https://www.etreproprio.com/immobilier-22668323-vente-hanvec-ensemble-en-pierre-proposant-une-maison-principale-et-un-gite-hanvec
HANVEC,"Dpt finistère (29), à vendre hanvec propriété avec maison principale de 150 m², piscine et deux grandes dépendances",https://www.etreproprio.com/immobilier-22665476-vente-dpt-finistere-29-a-vendre-hanvec-propriete-avec-maison-principale-de-150-m-piscine-et-deux-grandes-dependances-hanvec
HANVEC,Magnifique propriété  proche du faou,https://www.etreproprio.com/immobilier-18783914-vente-magnifique-propriete-proche-du-faou-hanvec
HANVEC,2 maisons en pierres renovée,https://www.etreproprio.com/immobilier-18765501-vente-2-maisons-en-pierres-renovee-hanvec
HANVEC,Déjà vendu par kerebel immobilier,https://www.etreproprio.com/immobilier-12559031-vente-deja-vendu-par-kerebel-immobilier-hanvec
GUIPAVAS,Maison 132m² à guipavas,https://www.etreproprio.com/immobilier-22879622-vente-maison-132m-a-guipavas-guipavas
GUIPAVAS,Maison 100m² à guipavas,https://www.etreproprio.com/immobilier-22032072-vente-maison-100m-a-guipavas-guipavas
GUIPAVAS,Kerhuon/guipavas comtemporaine,https://www.etreproprio.com/immobilier-19468823-vente-kerhuonguipavas-comtemporaine-guipavas
GUIPAVAS,Guipavas le douvez,https://www.etreproprio.com/immobilier-20647994-vente-guipavas-le-douvez-guipavas
GUIPAVAS,Guipavas jolie maison 3 chambres + 1 bureau  jardin sous -sol complet garage,https://www.etreproprio.com/immobilier-19807322-vente-guipavas-jolie-maison-3-chambres-1-bureau-jardin-sous-sol-complet-garage-guipavas
GUIPAVAS,Guipavas sur 800 m² de terrain,https://www.etreproprio.com/immobilier-19724774-vente-guipavas-sur-800-m-de-terrain-guipavas
GUIPAVAS,Guipavas sur 1377 m²,https://www.etreproprio.com/immobilier-17929229-vente-guipavas-sur-1377-m-guipavas
GUIPAVAS,Guipavas maison non mitoyenne 4 chambres jardin garage,https://www.etreproprio.com/immobilier-17893174-vente-guipavas-maison-non-mitoyenne-4-chambres-jardin-garage-guipavas
HENVIC,Maison henvic 120 m²,https://www.etreproprio.com/immobilier-23879646-vente-maison-henvic-120-m-henvic
HENVIC,Maison 157m² à henvic,https://www.etreproprio.com/immobilier-23884239-vente-maison-157m-a-henvic-henvic
HENVIC,Maison 157m² à henvic,https://www.etreproprio.com/immobilier-23703051-vente-maison-157m-a-henvic-henvic
HENVIC,Maison 62m² à henvic,https://www.etreproprio.com/immobilier-23598590-vente-maison-62m-a-henvic-henvic
HENVIC,Maison 86m² à henvic,https://www.etreproprio.com/immobilier-23601746-vente-maison-86m-a-henvic-henvic
HENVIC,Maison 120m² à henvic,https://www.etreproprio.com/immobilier-22100462-vente-maison-120m-a-henvic-henvic
HENVIC,Maison 130m² à henvic,https://www.etreproprio.com/immobilier-19043794-vente-maison-130m-a-henvic-henvic
HENVIC,"Entièrement rénovée, à 2,5 km des plages",https://www.etreproprio.com/immobilier-21738836-vente-entierement-renovee-a-25-km-des-plages-henvic
HENVIC,Maison 117m² à henvic,https://www.etreproprio.com/immobilier-20487484-vente-maison-117m-a-henvic-henvic
HENVIC,"Villa de luxe à el herrojo, marbella",https://www.etreproprio.com/immobilier-20647706-vente-villa-de-luxe-a-el-herrojo-marbella-henvic
HENVIC,Benahavis - luxueuse villa contemporaine à el herroj,https://www.etreproprio.com/immobilier-19311760-vente-benahavis-luxueuse-villa-contemporaine-a-el-herroj-henvic
HENVIC,Benahavis - villa moderne de luxe,https://www.etreproprio.com/immobilier-19311758-vente-benahavis-villa-moderne-de-luxe-henvic
HENVIC,Villa contemporaine avec vue magnifique a el paraiso,https://www.etreproprio.com/immobilier-19280404-vente-villa-contemporaine-avec-vue-magnifique-a-el-paraiso-henvic
HOPITAL-CAMFROUT,Maison sur hopital camfrout,https://www.etreproprio.com/immobilier-23874904-vente-maison-sur-hopital-camfrout-hopital-camfrout
HOPITAL-CAMFROUT,Maison bord de mer,https://www.etreproprio.com/immobilier-23746710-vente-maison-bord-de-mer-hopital-camfrout
HOPITAL-CAMFROUT,Maison proche centre,https://www.etreproprio.com/immobilier-23650033-vente-maison-proche-centre-hopital-camfrout
HOPITAL-CAMFROUT,Maison de 2005 parfaitement entretenue,https://www.etreproprio.com/immobilier-23377301-vente-maison-de-2005-parfaitement-entretenue-hopital-camfrout
HOPITAL-CAMFROUT,""" déjà vendu par kerebel immobilier """,https://www.etreproprio.com/immobilier-19780704-vente-deja-vendu-par-kerebel-immobilier-hopital-camfrout
HOPITAL-CAMFROUT,""" déjà vendu par kerebel immobilier """,https://www.etreproprio.com/immobilier-19747007-vente-deja-vendu-par-kerebel-immobilier-hopital-camfrout
HOPITAL-CAMFROUT,""" déjà vendu par kerebel immobilier """,https://www.etreproprio.com/immobilier-17901580-vente-deja-vendu-par-kerebel-immobilier-hopital-camfrout
HOPITAL-CAMFROUT,""" déjà vendu par kerebel immobilier """,https://www.etreproprio.com/immobilier-16534251-vente-deja-vendu-par-kerebel-immobilier-hopital-camfrout
HOPITAL-CAMFROUT,""" déjà vendu par kerebel immobilier """,https://www.etreproprio.com/immobilier-15930715-vente-deja-vendu-par-kerebel-immobilier-hopital-camfrout
HOPITAL-CAMFROUT,""" déjà vendu par kerebel immobilier",https://www.etreproprio.com/immobilier-15282798-vente-deja-vendu-par-kerebel-immobilier-hopital-camfrout
HOPITAL-CAMFROUT,""" déjà vendu par kerebel immobilier """,https://www.etreproprio.com/immobilier-14715605-vente-deja-vendu-par-kerebel-immobilier-hopital-camfrout
HOPITAL-CAMFROUT,""" déjà vendu par kerebel immobilier """,https://www.etreproprio.com/immobilier-13321692-vente-deja-vendu-par-kerebel-immobilier-hopital-camfrout
HUELGOAT,L'inattendue,https://www.etreproprio.com/immobilier-23906799-vente-l-inattendue-huelgoat
HUELGOAT,Maison 55m² à huelgoat,https://www.etreproprio.com/immobilier-23893583-vente-maison-55m-a-huelgoat-huelgoat
HUELGOAT,Finistère: berrien. maison de caractère de 5/6 chambres avec terrain de 6 900 m².,https://www.etreproprio.com/immobilier-23689935-vente-finistere-berrien-maison-de-caractere-de-56-chambres-avec-terrain-de-6-900-m-huelgoat
HUELGOAT,La charmante,https://www.etreproprio.com/immobilier-22582577-vente-la-charmante-huelgoat
HUELGOAT,Exclusivité - maison avec jardin à vendre 3 pièces huelgoat (29),https://www.etreproprio.com/immobilier-23682765-vente-exclusivite-maison-avec-jardin-a-vendre-3-pieces-huelgoat-29-huelgoat
HUELGOAT,Finistère: proche huelgoat. maison de 2 chambres avec un gîte de 2 chambres.,https://www.etreproprio.com/immobilier-21816630-vente-finistere-proche-huelgoat-maison-de-2-chambres-avec-un-gite-de-2-chambres-huelgoat
HUELGOAT,Finistère: loqueffret. spacieuse maison de 3 chambres exposée sud avec terrain et dépendance en pierre.,https://www.etreproprio.com/immobilier-23580448-vente-finistere-loqueffret-spacieuse-maison-de-3-chambres-exposee-sud-avec-terrain-et-dependance-en-pierre-huelgoat
HUELGOAT,Maison 130m² à huelgoat,https://www.etreproprio.com/immobilier-23547825-vente-maison-130m-a-huelgoat-huelgoat
HUELGOAT,Exclusivité - maison à vendre 6 pièces huelgoat (29),https://www.etreproprio.com/immobilier-23285873-vente-exclusivite-maison-a-vendre-6-pieces-huelgoat-29-huelgoat
HUELGOAT,Finistère: plouyé. très jolie maison en pierre de 3 chambres avec vue campagne.,https://www.etreproprio.com/immobilier-23050646-vente-finistere-plouye-tres-jolie-maison-en-pierre-de-3-chambres-avec-vue-campagne-huelgoat
HUELGOAT,Manoir fermier à réhabiliter,https://www.etreproprio.com/immobilier-22915527-vente-manoir-fermier-a-rehabiliter-huelgoat
HUELGOAT,"Finistère: proche huelgoat. superbe maison rénovée avec 3 chambres, grand hangar et jardin",https://www.etreproprio.com/immobilier-22596196-vente-finistere-proche-huelgoat-superbe-maison-renovee-avec-3-chambres-grand-hangar-et-jardin-huelgoat
HUELGOAT,La discrète,https://www.etreproprio.com/immobilier-22301908-vente-la-discrete-huelgoat
HUELGOAT,Maison 87m² à huelgoat,https://www.etreproprio.com/immobilier-17047856-vente-maison-87m-a-huelgoat-huelgoat
ILE-DE-BATZ,Maison de 8 pièces de 190 m² située à île-de-batz,https://www.etreproprio.com/immobilier-23793378-vente-maison-de-8-pieces-de-190-m-situee-a-ile-de-batz-ile-de-batz
ILE-DE-BATZ,Maison ile-de-batz 4 pièce(s) 66 m2,https://www.etreproprio.com/immobilier-22170495-vente-maison-ile-de-batz-4-pieces-66-m2-ile-de-batz
ILE-DE-BATZ,Ile de btaz : charmante maison avec vue et potentiel + terrain constructible,https://www.etreproprio.com/immobilier-20897678-vente-ile-de-btaz-charmante-maison-avec-vue-et-potentiel-terrain-constructible-ile-de-batz
ILE-DE-BATZ,Double maison familiale vue mer ile de batz - 5 chambres,https://www.etreproprio.com/immobilier-22307341-vente-double-maison-familiale-vue-mer-ile-de-batz-5-chambres-ile-de-batz
ILE-DE-BATZ,Maison 190m² à ile-de-batz,https://www.etreproprio.com/immobilier-22311340-vente-maison-190m-a-ile-de-batz-ile-de-batz
ILE-DE-BATZ,Fort potentiel : corps de ferme à rénover avec maison d'habitation et dépendances sur l'ile de batz,https://www.etreproprio.com/immobilier-21261114-vente-fort-potentiel-corps-de-ferme-a-renover-avec-maison-d-habitation-et-dependances-sur-l-ile-de-batz-ile-de-batz
ILE-DE-BATZ,Maison de 163m² - 5 chambres- ile de batz située au calme centre du village,https://www.etreproprio.com/immobilier-22608952-vente-maison-de-163m-5-chambres-ile-de-batz-situee-au-calme-centre-du-village-ile-de-batz
ILE-DE-BATZ,Ile de batz : maison mitoyenne de 84m² - 5 pièces,https://www.etreproprio.com/immobilier-22589601-vente-ile-de-batz-maison-mitoyenne-de-84m-5-pieces-ile-de-batz
ILE-DE-SEIN,A vendre-bretagne-finistère sud-ile de sein- maison-jardin,https://www.etreproprio.com/immobilier-22880997-vente-a-vendre-bretagne-finistere-sud-ile-de-sein-maison-jardin-ile-de-sein
ILE-DE-SEIN,Maison 42m² à ile-de-sein,https://www.etreproprio.com/immobilier-23417838-vente-maison-42m-a-ile-de-sein-ile-de-sein
ILE-DE-SEIN,A vendre-bretagne-finistère sud- maison-ile de sein,https://www.etreproprio.com/immobilier-23437144-vente-a-vendre-bretagne-finistere-sud-maison-ile-de-sein-ile-de-sein
ILE-DE-SEIN,Maison ile de sein 2 pièces 56 m2,https://www.etreproprio.com/immobilier-22410364-vente-maison-ile-de-sein-2-pieces-56-m2-ile-de-sein
ILE-DE-SEIN,Maison 56m² à ile-de-sein,https://www.etreproprio.com/immobilier-21791619-vente-maison-56m-a-ile-de-sein-ile-de-sein
ILE-DE-SEIN,Maison ile de sein 5 pièce(s) 80 m2,https://www.etreproprio.com/immobilier-22286896-vente-maison-ile-de-sein-5-pieces-80-m2-ile-de-sein
ILE-DE-SEIN,Maison 80m² à ile-de-sein,https://www.etreproprio.com/immobilier-22288043-vente-maison-80m-a-ile-de-sein-ile-de-sein
ILE-MOLENE,Maison 152m² à ile-molene,https://www.etreproprio.com/immobilier-23459897-vente-maison-152m-a-ile-molene-ile-molene
ILE-MOLENE,Maison 113m² à ile-molene,https://www.etreproprio.com/immobilier-23731468-vente-maison-113m-a-ile-molene-ile-molene
ILE-MOLENE,Exclusivite : maison rénovée à molène,https://www.etreproprio.com/immobilier-22916943-vente-exclusivite-maison-renovee-a-molene-ile-molene
ILE-TUDY,Ile tudy : potentiel intéressant,https://www.etreproprio.com/immobilier-22496502-vente-ile-tudy-potentiel-interessant-ile-tudy
ILE-TUDY,Ile-tudy - maison sur un terrain de 754 m2,https://www.etreproprio.com/immobilier-22335997-vente-ile-tudy-maison-sur-un-terrain-de-754-m2-ile-tudy
ILE-TUDY,Ile-tudy - maison sur un terrain de 754 m2,https://www.etreproprio.com/immobilier-22337558-vente-ile-tudy-maison-sur-un-terrain-de-754-m2-ile-tudy
ILE-TUDY,Maison ile tudy 7 pièce(s),https://www.etreproprio.com/immobilier-15101538-vente-maison-ile-tudy-7-pieces-ile-tudy
ILE-TUDY,Maison 157m² à ile-tudy,https://www.etreproprio.com/immobilier-21254622-vente-maison-157m-a-ile-tudy-ile-tudy
IRVILLAC,Maison à vendre 4 pièces irvillac (29),https://www.etreproprio.com/immobilier-23289631-vente-maison-a-vendre-4-pieces-irvillac-29-irvillac
IRVILLAC,maison familiale lumineuse – grand terrain divisible – proche daoulas,https://www.etreproprio.com/immobilier-23132879-vente-maison-familiale-lumineuse-grand-terrain-divisible-proche-daoulas-irvillac
IRVILLAC,1 min de daoulas maison 4 chambres avec vie de plain pied,https://www.etreproprio.com/immobilier-21827695-vente-1-min-de-daoulas-maison-4-chambres-avec-vie-de-plain-pied-irvillac
IRVILLAC,""" déjà vendu par kerebel immobilier """,https://www.etreproprio.com/immobilier-17901582-vente-deja-vendu-par-kerebel-immobilier-irvillac
IRVILLAC,""" déjà vendu par kerebel immobilier """,https://www.etreproprio.com/immobilier-15285048-vente-deja-vendu-par-kerebel-immobilier-irvillac
IRVILLAC,""" déjà vendu par kerebel immobilier """,https://www.etreproprio.com/immobilier-13899314-vente-deja-vendu-par-kerebel-immobilier-irvillac
IRVILLAC,""" vendu par l'agence """,https://www.etreproprio.com/immobilier-5080697-vente-vendu-par-l-agence-irvillac
LE JUCH,Maison 148m² à le juch,https://www.etreproprio.com/immobilier-23873669-vente-maison-148m-a-le-juch-le-juch
LE JUCH,"Maison lumineuse 6 pièces, 117m² le juch(près de douarnenez)",https://www.etreproprio.com/immobilier-23464418-vente-maison-lumineuse-6-pieces-117m-le-juchpres-de-douarnenez-le-juch
LE JUCH,Maison le juch 7 pièce(s),https://www.etreproprio.com/immobilier-23126240-vente-maison-le-juch-7-pieces-le-juch
LE JUCH,Maison 78m² à le juch,https://www.etreproprio.com/immobilier-22895802-vente-maison-78m-a-le-juch-le-juch
KERGLOFF,Maison sur kergloff,https://www.etreproprio.com/immobilier-23885985-vente-maison-sur-kergloff-kergloff
KERGLOFF,29270 kergloff maison de bourg 2 / 3 chambres avec grandes salles en rez-de-chaussée jardin,https://www.etreproprio.com/immobilier-21013924-vente-29270-kergloff-maison-de-bourg-2-3-chambres-avec-grandes-salles-en-rez-de-chaussee-jardin-kergloff
KERGLOFF,Exclusivité - maison de bourg à kergloff - maison à vendre 5 pièces (29),https://www.etreproprio.com/immobilier-20770853-vente-exclusivite-maison-de-bourg-a-kergloff-maison-a-vendre-5-pieces-29-kergloff
KERGLOFF,Maison à vendre 3 pièces kergloff (29) - 59 m²,https://www.etreproprio.com/immobilier-22858446-vente-maison-a-vendre-3-pieces-kergloff-29-59-m-kergloff
KERLAZ,Vue mer - proche douarnenez - maison 191 m² - terrain de 2216 m².,https://www.etreproprio.com/immobilier-23815782-vente-vue-mer-proche-douarnenez-maison-191-m-terrain-de-2216-m-kerlaz
KERLAZ,Maison rénovée en campagne de kerlaz,https://www.etreproprio.com/immobilier-22695666-vente-maison-renovee-en-campagne-de-kerlaz-kerlaz
KERLAZ,Maison 107m² à kerlaz,https://www.etreproprio.com/immobilier-22921433-vente-maison-107m-a-kerlaz-kerlaz
KERLOUAN,Maison 62m² à kerlouan,https://www.etreproprio.com/immobilier-22757927-vente-maison-62m-a-kerlouan-kerlouan
KERLOUAN,Maison 110m² à kerlouan,https://www.etreproprio.com/immobilier-23834031-vente-maison-110m-a-kerlouan-kerlouan
KERLOUAN,Maison 110m² à kerlouan,https://www.etreproprio.com/immobilier-22508256-vente-maison-110m-a-kerlouan-kerlouan
KERLOUAN,Maison 98m² à kerlouan,https://www.etreproprio.com/immobilier-23620356-vente-maison-98m-a-kerlouan-kerlouan
KERLOUAN,Maison 216m² à kerlouan,https://www.etreproprio.com/immobilier-22579974-vente-maison-216m-a-kerlouan-kerlouan
KERLOUAN,Maison de 264 m2   fort potentiel   terrain d'environ 2000 m2   kerlouan,https://www.etreproprio.com/immobilier-22624816-vente-maison-de-264-m2-fort-potentiel-terrain-d-environ-2000-m2-kerlouan-kerlouan
KERLOUAN,"À kerlouan, une maison au charme d’antan rénovée avec goût   à deux pas de la mer",https://www.etreproprio.com/immobilier-22613528-vente-a-kerlouan-une-maison-au-charme-d-antan-renovee-avec-gout-a-deux-pas-de-la-mer-kerlouan
KERLOUAN,Propriete composee de 2 maisons proche plage - kerlouan,https://www.etreproprio.com/immobilier-21581072-vente-propriete-composee-de-2-maisons-proche-plage-kerlouan-kerlouan
KERLOUAN,Maison 143m² à kerlouan,https://www.etreproprio.com/immobilier-20682788-vente-maison-143m-a-kerlouan-kerlouan
KERLOUAN,Maison 113m² à kerlouan,https://www.etreproprio.com/immobilier-21988161-vente-maison-113m-a-kerlouan-kerlouan
KERLOUAN,Maison 140m² à kerlouan,https://www.etreproprio.com/immobilier-21651222-vente-maison-140m-a-kerlouan-kerlouan
KERLOUAN,Maison 136m² à kerlouan,https://www.etreproprio.com/immobilier-21871377-vente-maison-136m-a-kerlouan-kerlouan
KERLOUAN,Exclusivite kerlouan maison type 9,https://www.etreproprio.com/immobilier-21525392-vente-exclusivite-kerlouan-maison-type-9-kerlouan
KERLOUAN,Maison 80m² à kerlouan,https://www.etreproprio.com/immobilier-21146983-vente-maison-80m-a-kerlouan-kerlouan
KERNILIS,Maison rénovée en 2018 avec locataire en place - kernilis,https://www.etreproprio.com/immobilier-23752331-vente-maison-renovee-en-2018-avec-locataire-en-place-kernilis-kernilis
KERNILIS,Maison sur kernilis,https://www.etreproprio.com/immobilier-23705232-vente-maison-sur-kernilis-kernilis
KERNILIS,Kernilis – deux maisons et dépendances sur terrain de 2 380 m²,https://www.etreproprio.com/immobilier-23694181-vente-kernilis-deux-maisons-et-dependances-sur-terrain-de-2-380-m-kernilis
KERNILIS,Maison 190m² à kernilis,https://www.etreproprio.com/immobilier-23622798-vente-maison-190m-a-kernilis-kernilis
KERNILIS,Maison 190m² à kernilis,https://www.etreproprio.com/immobilier-23583692-vente-maison-190m-a-kernilis-kernilis
KERNILIS,Maison 280m² à kernilis,https://www.etreproprio.com/immobilier-22584423-vente-maison-280m-a-kernilis-kernilis
KERNILIS,Maison 121m² à kernilis,https://www.etreproprio.com/immobilier-22326976-vente-maison-121m-a-kernilis-kernilis
KERNOUES,Maison a vendre longeres en pierres a kernouës-lesneven,https://www.etreproprio.com/immobilier-22468856-vente-maison-a-vendre-longeres-en-pierres-a-kernoues-lesneven-kernoues
KERNOUES,Maison 265m² à kernoues,https://www.etreproprio.com/immobilier-22353015-vente-maison-265m-a-kernoues-kernoues
KERSAINT-PLABENNEC,Maison 153m² à kersaint-plabennec,https://www.etreproprio.com/immobilier-23422760-vente-maison-153m-a-kersaint-plabennec-kersaint-plabennec
KERSAINT-PLABENNEC,Maison  neuve  kersaint plabennec,https://www.etreproprio.com/immobilier-22921033-vente-maison-neuve-kersaint-plabennec-kersaint-plabennec
LAMPAUL-GUIMILIAU,Maison 125m² à lampaul-guimiliau,https://www.etreproprio.com/immobilier-23708198-vente-maison-125m-a-lampaul-guimiliau-lampaul-guimiliau
LAMPAUL-GUIMILIAU,Grande maison avec 5 chambres à vendre à lampaul-guimiliau (29),https://www.etreproprio.com/immobilier-23707613-vente-grande-maison-avec-5-chambres-a-vendre-a-lampaul-guimiliau-29-lampaul-guimiliau
LAMPAUL-GUIMILIAU,Maison sur lampaul guimiliau,https://www.etreproprio.com/immobilier-23681073-vente-maison-sur-lampaul-guimiliau-lampaul-guimiliau
LAMPAUL-GUIMILIAU,Ancien corps de ferme à rénover,https://www.etreproprio.com/immobilier-23550891-vente-ancien-corps-de-ferme-a-renover-lampaul-guimiliau
LAMPAUL-GUIMILIAU,Maison 245m² à lampaul-guimiliau,https://www.etreproprio.com/immobilier-23347736-vente-maison-245m-a-lampaul-guimiliau-lampaul-guimiliau
LAMPAUL-GUIMILIAU,Maison 195m² à lampaul-guimiliau,https://www.etreproprio.com/immobilier-23245453-vente-maison-195m-a-lampaul-guimiliau-lampaul-guimiliau
LAMPAUL-GUIMILIAU,Maison 245m² à lampaul-guimiliau,https://www.etreproprio.com/immobilier-22468336-vente-maison-245m-a-lampaul-guimiliau-lampaul-guimiliau
LAMPAUL-GUIMILIAU,Maison 98m² à lampaul-guimiliau,https://www.etreproprio.com/immobilier-23143038-vente-maison-98m-a-lampaul-guimiliau-lampaul-guimiliau
LAMPAUL-GUIMILIAU,Maison 195m² à lampaul-guimiliau,https://www.etreproprio.com/immobilier-22196547-vente-maison-195m-a-lampaul-guimiliau-lampaul-guimiliau
LAMPAUL-GUIMILIAU,Magnifique propriété à ossature bois de 195 m2 à lampaul-guimiliau (29400) - cabinet kerjean landivisiau,https://www.etreproprio.com/immobilier-22675632-vente-magnifique-propriete-a-ossature-bois-de-195-m2-a-lampaul-guimiliau-29400-cabinet-kerjean-landivisiau-lampaul-guimiliau
LAMPAUL-GUIMILIAU,Maison 203m² à lampaul-guimiliau,https://www.etreproprio.com/immobilier-22196546-vente-maison-203m-a-lampaul-guimiliau-lampaul-guimiliau
LAMPAUL-PLOUARZEL,Finistere - lampaul-plouarzel (29810) - a vendre - maison de 2004 individuelle t7 195m² - 5 chambres - sous-sol integral - excel,https://www.etreproprio.com/immobilier-23823283-vente-finistere-lampaul-plouarzel-29810-a-vendre-maison-de-2004-individuelle-t7-195m-5-chambres-sous-sol-integral-excel-lampaul-plouarzel
LAMPAUL-PLOUARZEL,Maison 85m² à lampaul-plouarzel,https://www.etreproprio.com/immobilier-23749637-vente-maison-85m-a-lampaul-plouarzel-lampaul-plouarzel
LAMPAUL-PLOUARZEL,Maison 96m² à lampaul-plouarzel,https://www.etreproprio.com/immobilier-23447937-vente-maison-96m-a-lampaul-plouarzel-lampaul-plouarzel
LAMPAUL-PLOUARZEL,Lampaul-plouarzel ! élégance de la pierre et charme du littoral,https://www.etreproprio.com/immobilier-22352926-vente-lampaul-plouarzel-elegance-de-la-pierre-et-charme-du-littoral-lampaul-plouarzel
LAMPAUL-PLOUARZEL,Maison 215m² à lampaul-plouarzel,https://www.etreproprio.com/immobilier-23393964-vente-maison-215m-a-lampaul-plouarzel-lampaul-plouarzel
LAMPAUL-PLOUARZEL,Maison spacieuse a vendre lampaul-plouarzel,https://www.etreproprio.com/immobilier-21315450-vente-maison-spacieuse-a-vendre-lampaul-plouarzel-lampaul-plouarzel
LAMPAUL-PLOUARZEL,Maison de 1880 à 80 mètres de la mer,https://www.etreproprio.com/immobilier-21800974-vente-maison-de-1880-a-80-metres-de-la-mer-lampaul-plouarzel
LAMPAUL-PLOUARZEL,Lampaul plouarzel maison t5 avec dépendances proximité mer,https://www.etreproprio.com/immobilier-21651939-vente-lampaul-plouarzel-maison-t5-avec-dependances-proximite-mer-lampaul-plouarzel
LAMPAUL-PLOUARZEL,Lampaul plouarzel maison t5 avec dépendances proximité mer,https://www.etreproprio.com/immobilier-21651905-vente-lampaul-plouarzel-maison-t5-avec-dependances-proximite-mer-lampaul-plouarzel
LAMPAUL-PLOUARZEL,Néo-bretonne avec vue mer,https://www.etreproprio.com/immobilier-21073412-vente-neo-bretonne-avec-vue-mer-lampaul-plouarzel
LAMPAUL-PLOUARZEL,Maison 3 chambre(s) à vendre,https://www.etreproprio.com/immobilier-21058533-vente-maison-3-chambres-a-vendre-lampaul-plouarzel
LAMPAUL-PLOUARZEL,Dépendance à rénover sans confort,https://www.etreproprio.com/immobilier-14605988-vente-dependance-a-renover-sans-confort-lampaul-plouarzel
LAMPAUL-PLOUDALMEZEAU,À vendre – maison familiale 8 pièces  – proche bourg,https://www.etreproprio.com/immobilier-23116539-vente-a-vendre-maison-familiale-8-pieces-proche-bourg-lampaul-ploudalmezeau
LANARVILY,Maison 400m² à lanarvily,https://www.etreproprio.com/immobilier-22765445-vente-maison-400m-a-lanarvily-lanarvily
LANDEDA,Landéda - maison de ville avec jardin,https://www.etreproprio.com/immobilier-23865019-vente-landeda-maison-de-ville-avec-jardin-landeda
LANDEDA,Maison soignée et lumineuse - construction de qualité - proche bourg - landeda (29),https://www.etreproprio.com/immobilier-23851347-vente-maison-soignee-et-lumineuse-construction-de-qualite-proche-bourg-landeda-29-landeda
LANDEDA,Maison 121m² à landeda,https://www.etreproprio.com/immobilier-23821883-vente-maison-121m-a-landeda-landeda
LANDEDA,Maison 127m² à landeda,https://www.etreproprio.com/immobilier-23598295-vente-maison-127m-a-landeda-landeda
LANDEDA,Maison  6 pièce(s) 120 m2,https://www.etreproprio.com/immobilier-23767194-vente-maison-6-pieces-120-m2-landeda
LANDEDA,Maison sur landeda,https://www.etreproprio.com/immobilier-23771173-vente-maison-sur-landeda-landeda
LANDEDA,Maison neuve de plain-pied – landéda,https://www.etreproprio.com/immobilier-23694182-vente-maison-neuve-de-plain-pied-landeda-landeda
LANDEDA,"Maison de charme à landéda – vie de plain-pied, volumes généreux à deux pas de l’aber wrac’h",https://www.etreproprio.com/immobilier-23694185-vente-maison-de-charme-a-landeda-vie-de-plain-pied-volumes-genereux-a-deux-pas-de-l-aber-wrac-h-landeda
LANDEDA,Maison 8 pièces landéda,https://www.etreproprio.com/immobilier-23687403-vente-maison-8-pieces-landeda-landeda
LANDEDA,Maison vue mer landeda,https://www.etreproprio.com/immobilier-23580004-vente-maison-vue-mer-landeda-landeda
LANDEDA,Maison 70m² à landeda,https://www.etreproprio.com/immobilier-23567321-vente-maison-70m-a-landeda-landeda
LANDEDA,Maison de bourg,https://www.etreproprio.com/immobilier-23514877-vente-maison-de-bourg-landeda
LANDEDA,Landéda - à vendre – maison à rénover avec grand terrain constructible,https://www.etreproprio.com/immobilier-23506681-vente-landeda-a-vendre-maison-a-renover-avec-grand-terrain-constructible-landeda
LANDEDA,Landéda maison t6 vue mer,https://www.etreproprio.com/immobilier-22203550-vente-landeda-maison-t6-vue-mer-landeda
LANDEDA,Landéda maison t6 vue mer,https://www.etreproprio.com/immobilier-22213963-vente-landeda-maison-t6-vue-mer-landeda
LANDEDA,Maison 112m² à landeda,https://www.etreproprio.com/immobilier-23124650-vente-maison-112m-a-landeda-landeda
LANDEDA,Maison a vendre landeda vue mer,https://www.etreproprio.com/immobilier-22830950-vente-maison-a-vendre-landeda-vue-mer-landeda
LANDEDA,Maison landeda 5 pièce(s),https://www.etreproprio.com/immobilier-19756229-vente-maison-landeda-5-pieces-landeda
LANDEDA,"Maison avec vue mer à landéda – au calme, en impasse",https://www.etreproprio.com/immobilier-22538077-vente-maison-avec-vue-mer-a-landeda-au-calme-en-impasse-landeda
LANDEDA,Charmante maison contemporaine à landéda – vue mer,https://www.etreproprio.com/immobilier-22393690-vente-charmante-maison-contemporaine-a-landeda-vue-mer-landeda
LANDELEAU,Exclusivité - maison de plain pied à vendre 4 pièces landeleau (29),https://www.etreproprio.com/immobilier-22728759-vente-exclusivite-maison-de-plain-pied-a-vendre-4-pieces-landeleau-29-landeleau
LANDELEAU,Exclusivité - maison à vendre 3 pièces à landeleau avec très beau jardin (29),https://www.etreproprio.com/immobilier-23021962-vente-exclusivite-maison-a-vendre-3-pieces-a-landeleau-avec-tres-beau-jardin-29-landeleau
LANDELEAU,Maison 90m² à landeleau,https://www.etreproprio.com/immobilier-23003604-vente-maison-90m-a-landeleau-landeleau
LANDEDA,Maison 3 chambres à landéda – vue mer,https://www.etreproprio.com/immobilier-22393686-vente-maison-3-chambres-a-landeda-vue-mer-landeda
LANDEDA,Maison landeda,https://www.etreproprio.com/immobilier-21047381-vente-maison-landeda-landeda
LANDERNEAU,Maison 4 chambres   landerneau   jardin exposé sud - grand garage,https://www.etreproprio.com/immobilier-23895709-vente-maison-4-chambres-landerneau-jardin-expose-sud-grand-garage-landerneau
LANDERNEAU,Grande maison lumineuse avec vie de plain-pied,https://www.etreproprio.com/immobilier-23876629-vente-grande-maison-lumineuse-avec-vie-de-plain-pied-landerneau
LANDERNEAU,Maison t5 landerneau,https://www.etreproprio.com/immobilier-23516532-vente-maison-t5-landerneau-landerneau
LANDERNEAU,Maison t5 landerneau,https://www.etreproprio.com/immobilier-23516534-vente-maison-t5-landerneau-landerneau
LANDERNEAU,Maison t9 - 215 m2 hyper centre ville,https://www.etreproprio.com/immobilier-23341424-vente-maison-t9-215-m2-hyper-centre-ville-landerneau
LANDERNEAU,Maison d'architecte a vendre landerneau,https://www.etreproprio.com/immobilier-23796691-vente-maison-d-architecte-a-vendre-landerneau-landerneau
LANDERNEAU,Maison 89m² à landerneau,https://www.etreproprio.com/immobilier-23789706-vente-maison-89m-a-landerneau-landerneau
LANDERNEAU,Maison sur sous-sol complet à proximité du centre-ville — prix en baisse !,https://www.etreproprio.com/immobilier-23341416-vente-maison-sur-sous-sol-complet-a-proximite-du-centre-ville-prix-en-baisse-landerneau
LANDERNEAU,Maison 98m² à landerneau,https://www.etreproprio.com/immobilier-23714256-vente-maison-98m-a-landerneau-landerneau
LANDERNEAU,Maison contemporaine,https://www.etreproprio.com/immobilier-23705263-vente-maison-contemporaine-landerneau
LANDERNEAU,Maison sur landerneau,https://www.etreproprio.com/immobilier-23693650-vente-maison-sur-landerneau-landerneau
LANDERNEAU,Maison 132m² à landerneau,https://www.etreproprio.com/immobilier-23688332-vente-maison-132m-a-landerneau-landerneau
LANDERNEAU,A vendre  maison landerneau  118 m2 sur terrain de 470 m2,https://www.etreproprio.com/immobilier-23445611-vente-a-vendre-maison-landerneau-118-m2-sur-terrain-de-470-m2-landerneau
LANDERNEAU,Charmante maison à vendre à landerneau - idéale pour votre famille !,https://www.etreproprio.com/immobilier-23050511-vente-charmante-maison-a-vendre-a-landerneau-ideale-pour-votre-famille-landerneau
LANDERNEAU,Maison 160m² à landerneau,https://www.etreproprio.com/immobilier-23620488-vente-maison-160m-a-landerneau-landerneau
LANDERNEAU,À vendre – maison avec local pro indépendant / t3 locatif,https://www.etreproprio.com/immobilier-22954716-vente-a-vendre-maison-avec-local-pro-independant-t3-locatif-landerneau
LANDERNEAU,Maison de ville centre ville de landerneau,https://www.etreproprio.com/immobilier-23492834-vente-maison-de-ville-centre-ville-de-landerneau-landerneau
LANDERNEAU,Posez vos meubles !!!!!,https://www.etreproprio.com/immobilier-23466004-vente-posez-vos-meubles-landerneau
LANDERNEAU,Villa d'exception à landerneau,https://www.etreproprio.com/immobilier-22544891-vente-villa-d-exception-a-landerneau-landerneau
LANDERNEAU,Maison t8 centre ville 153 m2,https://www.etreproprio.com/immobilier-23395504-vente-maison-t8-centre-ville-153-m2-landerneau
LANDEVENNEC,Havre de paix les pieds dans l'eau - lieu d'exception au bord de l'aulne,https://www.etreproprio.com/immobilier-23874165-vente-havre-de-paix-les-pieds-dans-l-eau-lieu-d-exception-au-bord-de-l-aulne-landevennec
LANDEVENNEC,Maison avec vue mer exceptionnelle - landevennec (29 560) - presqu'ile de crozon,https://www.etreproprio.com/immobilier-23297656-vente-maison-avec-vue-mer-exceptionnelle-landevennec-29-560-presqu-ile-de-crozon-landevennec
LANDEVENNEC,Villa-belvédère en site naturel patrimonial à landévennec,https://www.etreproprio.com/immobilier-22097433-vente-villa-belvedere-en-site-naturel-patrimonial-a-landevennec-landevennec
LANDEVENNEC,"À vendre -maison d'exception en bord de l'aulne , cadre naturel préservé",https://www.etreproprio.com/immobilier-22873092-vente-a-vendre-maison-d-exception-en-bord-de-l-aulne-cadre-naturel-preserve-landevennec
LANDEVENNEC,Maison 174m² à landevennec,https://www.etreproprio.com/immobilier-22587945-vente-maison-174m-a-landevennec-landevennec
LANDEVENNEC,Maison 55m² à landevennec,https://www.etreproprio.com/immobilier-22126324-vente-maison-55m-a-landevennec-landevennec
LANDERNEAU,Maison spacieuse à vendre à landerneau - réf. 2232jl,https://www.etreproprio.com/immobilier-23329768-vente-maison-spacieuse-a-vendre-a-landerneau-ref-2232jl-landerneau
LANDERNEAU,Maison 127m² à landerneau,https://www.etreproprio.com/immobilier-23320068-vente-maison-127m-a-landerneau-landerneau
LANDERNEAU,Maison 108m² à landerneau,https://www.etreproprio.com/immobilier-23320069-vente-maison-108m-a-landerneau-landerneau
LANDERNEAU,Maison à vendre à landerneau - référence 2196yp,https://www.etreproprio.com/immobilier-22398754-vente-maison-a-vendre-a-landerneau-reference-2196yp-landerneau
LANDERNEAU,Maison 188m² à landerneau,https://www.etreproprio.com/immobilier-23250023-vente-maison-188m-a-landerneau-landerneau
LANDERNEAU,Maison landerneau 5 pièce(s) 101 m2,https://www.etreproprio.com/immobilier-23155393-vente-maison-landerneau-5-pieces-101-m2-landerneau
LANDERNEAU,Maison 211m² à landerneau,https://www.etreproprio.com/immobilier-22868352-vente-maison-211m-a-landerneau-landerneau
LANDERNEAU,"Landerneau, charmante maison t6 sur terrain clos",https://www.etreproprio.com/immobilier-21309001-vente-landerneau-charmante-maison-t6-sur-terrain-clos-landerneau
LANDERNEAU,"Plouedern, maison t9 proximité landerneau",https://www.etreproprio.com/immobilier-20651453-vente-plouedern-maison-t9-proximite-landerneau-landerneau
LANDERNEAU,"Landerneau, charmante maison t6 sur terrain clos",https://www.etreproprio.com/immobilier-21309007-vente-landerneau-charmante-maison-t6-sur-terrain-clos-landerneau
LANDERNEAU,"Plouedern, maison t9 proximité landerneau",https://www.etreproprio.com/immobilier-20651456-vente-plouedern-maison-t9-proximite-landerneau-landerneau
LANDERNEAU,Maison à vendre 8 pièces landerneau (29),https://www.etreproprio.com/immobilier-22616015-vente-maison-a-vendre-8-pieces-landerneau-29-landerneau
LANDERNEAU,Finistere - landerneau (29800) - a vendre - maison neuve t5 115m² - 4 chambres - garage carrele - belles prestations - terrain d,https://www.etreproprio.com/immobilier-22354599-vente-finistere-landerneau-29800-a-vendre-maison-neuve-t5-115m-4-chambres-garage-carrele-belles-prestations-terrain-d-landerneau
LANDERNEAU,Propriete remarquable à 6 km de landerneau (zone de saint eloi) terrain de 4190 m²,https://www.etreproprio.com/immobilier-19731262-vente-propriete-remarquable-a-6-km-de-landerneau-zone-de-saint-eloi-terrain-de-4190-m-landerneau
LANDERNEAU,Maison 231m² à landerneau,https://www.etreproprio.com/immobilier-20044540-vente-maison-231m-a-landerneau-landerneau
LANDERNEAU,Exclusivité plouédern propriété 9 pièces sur 2 200 m2,https://www.etreproprio.com/immobilier-19668580-vente-exclusivite-plouedern-propriete-9-pieces-sur-2-200-m2-landerneau
LANDERNEAU,Exclu - maison ou immeuble landerneau 8 pièce(s) 174 m2,https://www.etreproprio.com/immobilier-19651779-vente-exclu-maison-ou-immeuble-landerneau-8-pieces-174-m2-landerneau
LANDERNEAU,Maison landerneau 4ch 118 m2,https://www.etreproprio.com/immobilier-17670678-vente-maison-landerneau-4ch-118-m2-landerneau
LANDERNEAU,Landerneau maison  4 pièces 74 m2,https://www.etreproprio.com/immobilier-17653412-vente-landerneau-maison-4-pieces-74-m2-landerneau
LANDERNEAU,""" deja vendu par kerebel immobilier """,https://www.etreproprio.com/immobilier-13609449-vente-deja-vendu-par-kerebel-immobilier-landerneau
LANDIVISIAU,Maison 90m² à landivisiau,https://www.etreproprio.com/immobilier-23503958-vente-maison-90m-a-landivisiau-landivisiau
LANDIVISIAU,Maison 128m² à landivisiau,https://www.etreproprio.com/immobilier-23889112-vente-maison-128m-a-landivisiau-landivisiau
LANDIVISIAU,Landivisiau maison t6 contemporaine de 2024,https://www.etreproprio.com/immobilier-23414440-vente-landivisiau-maison-t6-contemporaine-de-2024-landivisiau
LANDIVISIAU,Landivisiau maison t6 contemporaine de 2024,https://www.etreproprio.com/immobilier-23414439-vente-landivisiau-maison-t6-contemporaine-de-2024-landivisiau
LANDIVISIAU,Finistere - landivisiau (29400) - a vendre - maison contemporaine de 2024 - 130 m2 - 4 chambres - garage de 30m2 - rare - coup d,https://www.etreproprio.com/immobilier-23864626-vente-finistere-landivisiau-29400-a-vendre-maison-contemporaine-de-2024-130-m2-4-chambres-garage-de-30m2-rare-coup-d-landivisiau
LANDIVISIAU,Maison 120m² à landivisiau,https://www.etreproprio.com/immobilier-23862287-vente-maison-120m-a-landivisiau-landivisiau
LANDIVISIAU,Landivisiau maison plain-pied 3 chambres,https://www.etreproprio.com/immobilier-23865634-vente-landivisiau-maison-plain-pied-3-chambres-landivisiau
LANDIVISIAU,Maison 75m² à landivisiau,https://www.etreproprio.com/immobilier-23862158-vente-maison-75m-a-landivisiau-landivisiau
LANDIVISIAU,Propriété de caractère – vie de plain-pied possible,https://www.etreproprio.com/immobilier-23851206-vente-propriete-de-caractere-vie-de-plain-pied-possible-landivisiau
LANDIVISIAU,Maison avec local commercial avec fort potentiel,https://www.etreproprio.com/immobilier-23851291-vente-maison-avec-local-commercial-avec-fort-potentiel-landivisiau
LANDIVISIAU,Maison de ville 3 chambres -103m2 avec jardin,https://www.etreproprio.com/immobilier-23298657-vente-maison-de-ville-3-chambres-103m2-avec-jardin-landivisiau
LANDIVISIAU,Maison 120m² à landivisiau,https://www.etreproprio.com/immobilier-23775298-vente-maison-120m-a-landivisiau-landivisiau
LANDIVISIAU,Maison 134m² à landivisiau,https://www.etreproprio.com/immobilier-23775300-vente-maison-134m-a-landivisiau-landivisiau
LANDIVISIAU,Maison 100m² à landivisiau,https://www.etreproprio.com/immobilier-23402620-vente-maison-100m-a-landivisiau-landivisiau
LANDIVISIAU,Maison 74m² à landivisiau,https://www.etreproprio.com/immobilier-23768595-vente-maison-74m-a-landivisiau-landivisiau
LANDIVISIAU,Maison 111m² à landivisiau,https://www.etreproprio.com/immobilier-23752835-vente-maison-111m-a-landivisiau-landivisiau
LANDIVISIAU,A vendre - a landivisiau maison proche centre ville - cabinet kerjean landivisiau,https://www.etreproprio.com/immobilier-23531774-vente-a-vendre-a-landivisiau-maison-proche-centre-ville-cabinet-kerjean-landivisiau-landivisiau
LANDIVISIAU,Maison 129m² à landivisiau,https://www.etreproprio.com/immobilier-23602281-vente-maison-129m-a-landivisiau-landivisiau
LANDIVISIAU,Maison landivisiau 67 m2,https://www.etreproprio.com/immobilier-23595373-vente-maison-landivisiau-67-m2-landivisiau
LANDIVISIAU,"Landivisiau, maison t6 avec dépendance",https://www.etreproprio.com/immobilier-23571780-vente-landivisiau-maison-t6-avec-dependance-landivisiau
LANDREVARZEC,Maison à vendre 4 pièces landrevarzec (29),https://www.etreproprio.com/immobilier-22720498-vente-maison-a-vendre-4-pieces-landrevarzec-29-landrevarzec
LANDREVARZEC,Maison 136m² à landrevarzec,https://www.etreproprio.com/immobilier-23423706-vente-maison-136m-a-landrevarzec-landrevarzec
LANDREVARZEC,Maison 205m² à landrevarzec,https://www.etreproprio.com/immobilier-22242544-vente-maison-205m-a-landrevarzec-landrevarzec
LANDIVISIAU,"Landivisiau, maison t6 avec dépendance",https://www.etreproprio.com/immobilier-23571778-vente-landivisiau-maison-t6-avec-dependance-landivisiau
LANDIVISIAU,Maison 162m² à landivisiau,https://www.etreproprio.com/immobilier-23559086-vente-maison-162m-a-landivisiau-landivisiau
LANDIVISIAU,Maison 98m² à landivisiau,https://www.etreproprio.com/immobilier-23544744-vente-maison-98m-a-landivisiau-landivisiau
LANDIVISIAU,"Propriété de caractère   ancien moulin au bord de l’eau, bodilis",https://www.etreproprio.com/immobilier-23519031-vente-propriete-de-caractere-ancien-moulin-au-bord-de-l-eau-bodilis-landivisiau
LANDIVISIAU,A vendre- baisse de prix- en exclusivité ! maison néo bretonne- cabinet kerjean landivisiau,https://www.etreproprio.com/immobilier-23508819-vente-a-vendre-baisse-de-prix-en-exclusivite-maison-neo-bretonne-cabinet-kerjean-landivisiau-landivisiau
LANDIVISIAU,Maison 94m² à landivisiau,https://www.etreproprio.com/immobilier-23505175-vente-maison-94m-a-landivisiau-landivisiau
LANDIVISIAU,Maison 112m² à landivisiau,https://www.etreproprio.com/immobilier-23468286-vente-maison-112m-a-landivisiau-landivisiau
LANDIVISIAU,Maison 73m² à landivisiau,https://www.etreproprio.com/immobilier-22548047-vente-maison-73m-a-landivisiau-landivisiau
LANDIVISIAU,Maison 156m² à landivisiau,https://www.etreproprio.com/immobilier-23457245-vente-maison-156m-a-landivisiau-landivisiau
LANDIVISIAU,Maison landivisiau 4 pièce(s) 89.94 m2,https://www.etreproprio.com/immobilier-23460311-vente-maison-landivisiau-4-pieces-8994-m2-landivisiau
LANDIVISIAU,Maison 66m² à landivisiau,https://www.etreproprio.com/immobilier-23422876-vente-maison-66m-a-landivisiau-landivisiau
LANDIVISIAU,Maison 148m² à landivisiau,https://www.etreproprio.com/immobilier-23419065-vente-maison-148m-a-landivisiau-landivisiau
LANDIVISIAU,Maison 108m² à landivisiau,https://www.etreproprio.com/immobilier-23422693-vente-maison-108m-a-landivisiau-landivisiau
LANDIVISIAU,Maison d'architecte plein pied  landivisiau,https://www.etreproprio.com/immobilier-23400828-vente-maison-d-architecte-plein-pied-landivisiau-landivisiau
LANDIVISIAU,Maison 150m² à landivisiau,https://www.etreproprio.com/immobilier-23391175-vente-maison-150m-a-landivisiau-landivisiau
LANDIVISIAU,Maison 120m² à landivisiau,https://www.etreproprio.com/immobilier-23304358-vente-maison-120m-a-landivisiau-landivisiau
LANDIVISIAU,Ancien presbytère à 10 mns de landivisiau - référence 403cd,https://www.etreproprio.com/immobilier-23234045-vente-ancien-presbytere-a-10-mns-de-landivisiau-reference-403cd-landivisiau
LANDIVISIAU,Maison 68m² à landivisiau,https://www.etreproprio.com/immobilier-23120556-vente-maison-68m-a-landivisiau-landivisiau
LANDIVISIAU,Maison de plain-pied sur sous-sol,https://www.etreproprio.com/immobilier-22995358-vente-maison-de-plain-pied-sur-sous-sol-landivisiau
LANDIVISIAU,Maison 136m² à landivisiau,https://www.etreproprio.com/immobilier-22913980-vente-maison-136m-a-landivisiau-landivisiau
LANDUDAL,Maisonsur landudal,https://www.etreproprio.com/immobilier-23895323-vente-maisonsur-landudal-landudal
LANDIVISIAU,Maison 223m² à landivisiau,https://www.etreproprio.com/immobilier-22888928-vente-maison-223m-a-landivisiau-landivisiau
LANDIVISIAU,Maison 138m² à landivisiau,https://www.etreproprio.com/immobilier-22585839-vente-maison-138m-a-landivisiau-landivisiau
LANDIVISIAU,Maison 177m² à landivisiau,https://www.etreproprio.com/immobilier-22480989-vente-maison-177m-a-landivisiau-landivisiau
LANDIVISIAU,Maison 110m² à landivisiau,https://www.etreproprio.com/immobilier-22361924-vente-maison-110m-a-landivisiau-landivisiau
LANDIVISIAU,Maison plougourvest 145 m2,https://www.etreproprio.com/immobilier-21586841-vente-maison-plougourvest-145-m2-landivisiau
LANDIVISIAU,Maison 113m² à landivisiau,https://www.etreproprio.com/immobilier-11469394-vente-maison-113m-a-landivisiau-landivisiau
LANDUDEC,Maison 185m² à landudec,https://www.etreproprio.com/immobilier-23905443-vente-maison-185m-a-landudec-landudec
LANDUDEC,"Landudec. corps de ferme sur terrain boisé de plus de 2,3 ha",https://www.etreproprio.com/immobilier-23895332-vente-landudec-corps-de-ferme-sur-terrain-boise-de-plus-de-23-ha-landudec
LANDUDEC,Maison landudec 10 pièces 204 m²,https://www.etreproprio.com/immobilier-23303115-vente-maison-landudec-10-pieces-204-m-landudec
LANDUDEC,Maison familiale avec grande dépendance,https://www.etreproprio.com/immobilier-21601337-vente-maison-familiale-avec-grande-dependance-landudec
LANDUDEC,Maison 108m² à landudec,https://www.etreproprio.com/immobilier-23754448-vente-maison-108m-a-landudec-landudec
LANDUDEC,Maison sur landudec,https://www.etreproprio.com/immobilier-23693647-vente-maison-sur-landudec-landudec
LANDUDEC,Maison 131m² à landudec,https://www.etreproprio.com/immobilier-22653683-vente-maison-131m-a-landudec-landudec
LANDUDEC,Maison landudec 7 pièce(s) 140 m2,https://www.etreproprio.com/immobilier-23303098-vente-maison-landudec-7-pieces-140-m2-landudec
LANDUDEC,Spacieuse maison avec ancien commerce-atelier,https://www.etreproprio.com/immobilier-20672510-vente-spacieuse-maison-avec-ancien-commerce-atelier-landudec
LANDUDEC,Belle néo bretonne à vendre landudec (29) centre bourg 6 chambres sur 890 m2,https://www.etreproprio.com/immobilier-23043828-vente-belle-neo-bretonne-a-vendre-landudec-29-centre-bourg-6-chambres-sur-890-m2-landudec
LANDUDEC,Maison 145m² à landudec,https://www.etreproprio.com/immobilier-22521670-vente-maison-145m-a-landudec-landudec
LANDUDEC,Maison 204m² à landudec,https://www.etreproprio.com/immobilier-22266753-vente-maison-204m-a-landudec-landudec
LANDUDEC,Maison t4 dans impasse proche bourg,https://www.etreproprio.com/immobilier-20502190-vente-maison-t4-dans-impasse-proche-bourg-landudec
LANDUNVEZ,Finistere - landunvez (29840) - a vendre - maison t4 - 2/3 chambres sur terrain de plus de +750m² - rare - coup de coeur - ideal,https://www.etreproprio.com/immobilier-23864628-vente-finistere-landunvez-29840-a-vendre-maison-t4-23-chambres-sur-terrain-de-plus-de-750m-rare-coup-de-coeur-ideal-landunvez
LANDUNVEZ,Maison 140m² à landunvez,https://www.etreproprio.com/immobilier-23840530-vente-maison-140m-a-landunvez-landunvez
LANDUNVEZ,Maison à vendre à landunvez - confort et tranquillité,https://www.etreproprio.com/immobilier-23817119-vente-maison-a-vendre-a-landunvez-confort-et-tranquillite-landunvez
LANDUNVEZ,Landunvez maison t7,https://www.etreproprio.com/immobilier-21527754-vente-landunvez-maison-t7-landunvez
LANDUNVEZ,Landunvez maison t7,https://www.etreproprio.com/immobilier-21527756-vente-landunvez-maison-t7-landunvez
LANDUNVEZ,Maison 139m² à landunvez,https://www.etreproprio.com/immobilier-23646183-vente-maison-139m-a-landunvez-landunvez
LANDUNVEZ,Belle demeure avec accès privé à la plage,https://www.etreproprio.com/immobilier-23206366-vente-belle-demeure-avec-acces-prive-a-la-plage-landunvez
LANDUNVEZ,Maison 306m² à landunvez,https://www.etreproprio.com/immobilier-23601859-vente-maison-306m-a-landunvez-landunvez
LANDUNVEZ,Argenton en landunvez - ensemble de 2 maisons sur terrain de 480m²,https://www.etreproprio.com/immobilier-23187796-vente-argenton-en-landunvez-ensemble-de-2-maisons-sur-terrain-de-480m-landunvez
LANDUNVEZ,Maison 173m² à landunvez,https://www.etreproprio.com/immobilier-20210080-vente-maison-173m-a-landunvez-landunvez
LANDUNVEZ,À vendre : manoir à rénover : landunvez,https://www.etreproprio.com/immobilier-20827772-vente-a-vendre-manoir-a-renover-landunvez-landunvez
LANDUNVEZ,Maison 6 chambre(s) à vendre,https://www.etreproprio.com/immobilier-20347515-vente-maison-6-chambres-a-vendre-landunvez
LANGOLEN,Langolen - sur pres de 3ha : maison + dependances en pierres + hangar,https://www.etreproprio.com/immobilier-23787830-vente-langolen-sur-pres-de-3ha-maison-dependances-en-pierres-hangar-langolen
LANGOLEN,Maison de caractère à langolen (29),https://www.etreproprio.com/immobilier-23451770-vente-maison-de-caractere-a-langolen-29-langolen
LANGOLEN,Maison 152m² à langolen,https://www.etreproprio.com/immobilier-23196357-vente-maison-152m-a-langolen-langolen
LANGOLEN,Maison 186m² à langolen,https://www.etreproprio.com/immobilier-23264167-vente-maison-186m-a-langolen-langolen
LANGOLEN,Maison langolen 7 pièce(s) 136 m2,https://www.etreproprio.com/immobilier-22409607-vente-maison-langolen-7-pieces-136-m2-langolen
LANHOUARNEAU,Maison sur lanhouarneau,https://www.etreproprio.com/immobilier-23874899-vente-maison-sur-lanhouarneau-lanhouarneau
LANHOUARNEAU,Maison 188m² à lanhouarneau,https://www.etreproprio.com/immobilier-23831207-vente-maison-188m-a-lanhouarneau-lanhouarneau
LANHOUARNEAU,Maison 110m² à lanhouarneau,https://www.etreproprio.com/immobilier-23831598-vente-maison-110m-a-lanhouarneau-lanhouarneau
LANHOUARNEAU,Maison avec dépendances et hangar,https://www.etreproprio.com/immobilier-23393032-vente-maison-avec-dependances-et-hangar-lanhouarneau
LANHOUARNEAU,"Maison, hangar 280m² et plusieurs dépendances",https://www.etreproprio.com/immobilier-23324151-vente-maison-hangar-280m-et-plusieurs-dependances-lanhouarneau
LANHOUARNEAU,Lanhouarneau,https://www.etreproprio.com/immobilier-22712086-vente-lanhouarneau-lanhouarneau
LANHOUARNEAU,Maison 188m² à lanhouarneau,https://www.etreproprio.com/immobilier-22588788-vente-maison-188m-a-lanhouarneau-lanhouarneau
LANHOUARNEAU,- a vendre- maison avec hangar- lanhouarneau (29),https://www.etreproprio.com/immobilier-22228014-vente-a-vendre-maison-avec-hangar-lanhouarneau-29-lanhouarneau
LANILDUT,Maison 170m² à lanildut,https://www.etreproprio.com/immobilier-23872589-vente-maison-170m-a-lanildut-lanildut
LANILDUT,Local commercial 77 m² avec parking et appartement 38 m² - lanildut,https://www.etreproprio.com/immobilier-23838546-vente-local-commercial-77-m-avec-parking-et-appartement-38-m-lanildut-lanildut
LANILDUT,Maison 4 chambre(s) à vendre,https://www.etreproprio.com/immobilier-23750371-vente-maison-4-chambres-a-vendre-lanildut
LANILDUT,Maison spacieuse à vendre à lanildut - un bien rare !,https://www.etreproprio.com/immobilier-23721012-vente-maison-spacieuse-a-vendre-a-lanildut-un-bien-rare-lanildut
LANILDUT,Lanildut maison t8 d'environ 175m2 à rénover,https://www.etreproprio.com/immobilier-22914586-vente-lanildut-maison-t8-d-environ-175m2-a-renover-lanildut
LANILDUT,Lanildut maison t8 d'environ 175m2 à rénover,https://www.etreproprio.com/immobilier-22914588-vente-lanildut-maison-t8-d-environ-175m2-a-renover-lanildut
LANILDUT,"Lanildut maison 120 m2, vie de plain pied",https://www.etreproprio.com/immobilier-22733562-vente-lanildut-maison-120-m2-vie-de-plain-pied-lanildut
LANMEUR,Maison rénovée à vendre sur lanmeur,https://www.etreproprio.com/immobilier-23895284-vente-maison-renovee-a-vendre-sur-lanmeur-lanmeur
LANMEUR,A vendre - maison lanmeur 4 pièce(s) 86 m²,https://www.etreproprio.com/immobilier-23827880-vente-a-vendre-maison-lanmeur-4-pieces-86-m-lanmeur
LANMEUR,Maison 237m² à lanmeur,https://www.etreproprio.com/immobilier-23827437-vente-maison-237m-a-lanmeur-lanmeur
LANMEUR,"Maison lanmeur, partiellement renovée, proche bourg",https://www.etreproprio.com/immobilier-23771168-vente-maison-lanmeur-partiellement-renovee-proche-bourg-lanmeur
LANMEUR,Maison 123m² à lanmeur,https://www.etreproprio.com/immobilier-23670032-vente-maison-123m-a-lanmeur-lanmeur
LANMEUR,Maison 71m² à lanmeur,https://www.etreproprio.com/immobilier-22425610-vente-maison-71m-a-lanmeur-lanmeur
LANMEUR,Grande maison de famille,https://www.etreproprio.com/immobilier-23586254-vente-grande-maison-de-famille-lanmeur
LANMEUR,Maison 237m² à lanmeur,https://www.etreproprio.com/immobilier-23026772-vente-maison-237m-a-lanmeur-lanmeur
LANMEUR,# 537 - a vendre - maison - lanmeur - 237 m2,https://www.etreproprio.com/immobilier-23071371-vente-537-a-vendre-maison-lanmeur-237-m2-lanmeur
LANMEUR,"Maison familiale à lanmeur – calme, espace et proximité des commodités",https://www.etreproprio.com/immobilier-22995010-vente-maison-familiale-a-lanmeur-calme-espace-et-proximite-des-commodites-lanmeur
LANMEUR,Maison lumineuse et impeccable à lanmeur – entre campagne et bord de mer !,https://www.etreproprio.com/immobilier-21280333-vente-maison-lumineuse-et-impeccable-a-lanmeur-entre-campagne-et-bord-de-mer-lanmeur
LANMEUR,Maison lanmeur,https://www.etreproprio.com/immobilier-22969779-vente-maison-lanmeur-lanmeur
LANMEUR,"Propriété (2 maisons)  en pierre, charme absolu au cœur de la nature",https://www.etreproprio.com/immobilier-22857042-vente-propriete-2-maisons-en-pierre-charme-absolu-au-coeur-de-la-nature-lanmeur
LANMEUR,Maison à découvrir sans tarder à lanmeur (29),https://www.etreproprio.com/immobilier-22552353-vente-maison-a-decouvrir-sans-tarder-a-lanmeur-29-lanmeur
LANMEUR,Maison à 5 mn de la mer 7 pièce(s) 160 m2,https://www.etreproprio.com/immobilier-22418454-vente-maison-a-5-mn-de-la-mer-7-pieces-160-m2-lanmeur
LANMEUR,Maison lanmeur 7 pièce(s) 135 m2,https://www.etreproprio.com/immobilier-22355550-vente-maison-lanmeur-7-pieces-135-m2-lanmeur
LANMEUR,Maison lanmeur,https://www.etreproprio.com/immobilier-22195161-vente-maison-lanmeur-lanmeur
LANMEUR,Maison lanmeur 4 pièce(s) 100 m2,https://www.etreproprio.com/immobilier-21591197-vente-maison-lanmeur-4-pieces-100-m2-lanmeur
LANMEUR,Demeure de prestige lanmeur 9 pièce(s) 240 m2,https://www.etreproprio.com/immobilier-21933640-vente-demeure-de-prestige-lanmeur-9-pieces-240-m2-lanmeur
LANNEANOU,Maison 123m² à lanneanou,https://www.etreproprio.com/immobilier-23884215-vente-maison-123m-a-lanneanou-lanneanou
LANNEANOU,Maison 50m² à lanneanou,https://www.etreproprio.com/immobilier-23863304-vente-maison-50m-a-lanneanou-lanneanou
LANNEANOU,Maison 100m² à lanneanou,https://www.etreproprio.com/immobilier-23832213-vente-maison-100m-a-lanneanou-lanneanou
LANNEANOU,Maison 104m² à lanneanou,https://www.etreproprio.com/immobilier-23810757-vente-maison-104m-a-lanneanou-lanneanou
LANNEANOU,Maison 77m² à lanneanou,https://www.etreproprio.com/immobilier-21990180-vente-maison-77m-a-lanneanou-lanneanou
LANNEANOU,Maison 80m² à lanneanou,https://www.etreproprio.com/immobilier-23459849-vente-maison-80m-a-lanneanou-lanneanou
LANNEANOU,Maison 38m² à lanneanou,https://www.etreproprio.com/immobilier-23756217-vente-maison-38m-a-lanneanou-lanneanou
LANNEANOU,Maison 85m² à lanneanou,https://www.etreproprio.com/immobilier-23611923-vente-maison-85m-a-lanneanou-lanneanou
LANNEANOU,Maison 77m² à lanneanou,https://www.etreproprio.com/immobilier-21944522-vente-maison-77m-a-lanneanou-lanneanou
LANNEDERN,Maison lannedern 6 pièce(s) 160 m2,https://www.etreproprio.com/immobilier-20686610-vente-maison-lannedern-6-pieces-160-m2-lannedern
LANNILIS,Maison de maître a renover - 400 m2 - terrain constructible - lannilis,https://www.etreproprio.com/immobilier-23875775-vente-maison-de-maitre-a-renover-400-m2-terrain-constructible-lannilis-lannilis
LANNILIS,Maison 108m² à lannilis,https://www.etreproprio.com/immobilier-23842486-vente-maison-108m-a-lannilis-lannilis
LANNILIS,Maison 97m² à lannilis,https://www.etreproprio.com/immobilier-23829686-vente-maison-97m-a-lannilis-lannilis
LANNILIS,A vendre maison sur sous-sol complet à lannilis,https://www.etreproprio.com/immobilier-23818389-vente-a-vendre-maison-sur-sous-sol-complet-a-lannilis-lannilis
LANNILIS,Maison 130m² à lannilis,https://www.etreproprio.com/immobilier-23788004-vente-maison-130m-a-lannilis-lannilis
LANNILIS,Exclusivité a vendre maison lannilis 7 pièces115 m2 environ,https://www.etreproprio.com/immobilier-23788499-vente-exclusivite-a-vendre-maison-lannilis-7-pieces115-m2-environ-lannilis
LANNILIS,Propriété de caractère à lannilis – un lieu d’exception pour projet professionnel,https://www.etreproprio.com/immobilier-23792492-vente-propriete-de-caractere-a-lannilis-un-lieu-d-exception-pour-projet-professionnel-lannilis
LANNILIS,"Maison familiale à lannilis, proche commodités.",https://www.etreproprio.com/immobilier-23099489-vente-maison-familiale-a-lannilis-proche-commodites-lannilis
LANNILIS,Maison 187m² à lannilis,https://www.etreproprio.com/immobilier-23775188-vente-maison-187m-a-lannilis-lannilis
LANNILIS,Maison 128m² à lannilis,https://www.etreproprio.com/immobilier-23742636-vente-maison-128m-a-lannilis-lannilis
LANNILIS,Maison 129m² à lannilis,https://www.etreproprio.com/immobilier-23387324-vente-maison-129m-a-lannilis-lannilis
LANNILIS,Maison sur lannilis,https://www.etreproprio.com/immobilier-23705240-vente-maison-sur-lannilis-lannilis
LANNILIS,Maison avec 3 chambres à lannilis,https://www.etreproprio.com/immobilier-23261536-vente-maison-avec-3-chambres-a-lannilis-lannilis
LANNILIS,Maison 64m² à lannilis,https://www.etreproprio.com/immobilier-23620170-vente-maison-64m-a-lannilis-lannilis
LANNILIS,"Exclusivite maison à vendre à lannilis 6 pièces, jardin et garage au calme en impasse",https://www.etreproprio.com/immobilier-23610480-vente-exclusivite-maison-a-vendre-a-lannilis-6-pieces-jardin-et-garage-au-calme-en-impasse-lannilis
LANNILIS,Exclusivité lannilis - maison de 2007 avec extension de 2021,https://www.etreproprio.com/immobilier-23610479-vente-exclusivite-lannilis-maison-de-2007-avec-extension-de-2021-lannilis
LANNILIS,Maison 160m² à lannilis,https://www.etreproprio.com/immobilier-23601599-vente-maison-160m-a-lannilis-lannilis
LANNILIS,Maison 129m² à lannilis,https://www.etreproprio.com/immobilier-23582719-vente-maison-129m-a-lannilis-lannilis
LANNILIS,Maison  7 pièce(s),https://www.etreproprio.com/immobilier-22171740-vente-maison-7-pieces-lannilis
LANNILIS,Exclusivite lannilis maison familiale  9 pièces,https://www.etreproprio.com/immobilier-23521841-vente-exclusivite-lannilis-maison-familiale-9-pieces-lannilis
LANRIVOARE,"Maison lanrivoare, 6 pièces 126 m2 terrain de 1800 m2",https://www.etreproprio.com/immobilier-23903519-vente-maison-lanrivoare-6-pieces-126-m2-terrain-de-1800-m2-lanrivoare
LANVEOC,Maison à vendre 15 pièces lanveoc (29),https://www.etreproprio.com/immobilier-22648757-vente-maison-a-vendre-15-pieces-lanveoc-29-lanveoc
LANVEOC,"Spacieuse maison familiale avec jardin, proche du centre de lanvéoc",https://www.etreproprio.com/immobilier-23726307-vente-spacieuse-maison-familiale-avec-jardin-proche-du-centre-de-lanveoc-lanveoc
LANVEOC,Beaucoup de charme pour cette belle maison en bois chic et cosy situé au coeur d'un petit hameau de la presqu'île de crozon,https://www.etreproprio.com/immobilier-23725232-vente-beaucoup-de-charme-pour-cette-belle-maison-en-bois-chic-et-cosy-situe-au-coeur-d-un-petit-hameau-de-la-presqu-ile-de-crozon-lanveoc
LANVEOC,Lanveoc maison t5 avec sous sol à proximité des commerces et des plages,https://www.etreproprio.com/immobilier-22342788-vente-lanveoc-maison-t5-avec-sous-sol-a-proximite-des-commerces-et-des-plages-lanveoc
LANVEOC,Lanveoc maison t5 avec sous sol à proximité des commerces et des plages,https://www.etreproprio.com/immobilier-22342787-vente-lanveoc-maison-t5-avec-sous-sol-a-proximite-des-commerces-et-des-plages-lanveoc
LANVEOC,Maison à vendre 6 pièces le fret (29),https://www.etreproprio.com/immobilier-22561999-vente-maison-a-vendre-6-pieces-le-fret-29-lanveoc
LANVEOC,"Lanvéoc – ensemble de gîtes de charme, rénové avec goût, entre campagne et mer",https://www.etreproprio.com/immobilier-23530603-vente-lanveoc-ensemble-de-gites-de-charme-renove-avec-gout-entre-campagne-et-mer-lanveoc
LANVEOC,Maison lanvéoc 9 pièce(s) 224 m2,https://www.etreproprio.com/immobilier-23513163-vente-maison-lanveoc-9-pieces-224-m2-lanveoc
LANVEOC,Maison 224m² à lanveoc,https://www.etreproprio.com/immobilier-23515155-vente-maison-224m-a-lanveoc-lanveoc
LANVEOC,"Lanveoc – magnifique maison traditionnelle avec vue panoramique sur la rade de brest, à proximité du port",https://www.etreproprio.com/immobilier-23507864-vente-lanveoc-magnifique-maison-traditionnelle-avec-vue-panoramique-sur-la-rade-de-brest-a-proximite-du-port-lanveoc
LANVEOC,Exclusivite - en bord de mer,https://www.etreproprio.com/immobilier-21874376-vente-exclusivite-en-bord-de-mer-lanveoc
LANVEOC,Charmante néo-bretonne à lanvéoc avec une petite vue sur la rade de brest .,https://www.etreproprio.com/immobilier-22583601-vente-charmante-neo-bretonne-a-lanveoc-avec-une-petite-vue-sur-la-rade-de-brest-lanveoc
LANVEOC,Maison à vendre 5 pièces lanveoc (29),https://www.etreproprio.com/immobilier-23022033-vente-maison-a-vendre-5-pieces-lanveoc-29-lanveoc
LANVEOC,Maison de style néo-bretonne à proximité du centre-ville,https://www.etreproprio.com/immobilier-21914995-vente-maison-de-style-neo-bretonne-a-proximite-du-centre-ville-lanveoc
LANVEOC,Maison de style néo-bretonne à proximité du centre-ville,https://www.etreproprio.com/immobilier-21915064-vente-maison-de-style-neo-bretonne-a-proximite-du-centre-ville-lanveoc
LANVEOC,Charmante maison néo-bretonne située à proximité des services,https://www.etreproprio.com/immobilier-22382947-vente-charmante-maison-neo-bretonne-situee-a-proximite-des-services-lanveoc
LANVEOC,"""crozon le fret – élégante maison traditionnelle avec vue dégagée sur le port""",https://www.etreproprio.com/immobilier-22964836-vente-crozon-le-fret-elegante-maison-traditionnelle-avec-vue-degagee-sur-le-port-lanveoc
LANVEOC,Maison à vendre 8 pièces lanveoc (29),https://www.etreproprio.com/immobilier-22305003-vente-maison-a-vendre-8-pieces-lanveoc-29-lanveoc
LANVEOC,Maison familiale à vendre à lanvéoc - vue mer et accès privé,https://www.etreproprio.com/immobilier-22473325-vente-maison-familiale-a-vendre-a-lanveoc-vue-mer-et-acces-prive-lanveoc
LANVEOC,Maison de 108 m2,https://www.etreproprio.com/immobilier-22224621-vente-maison-de-108-m2-lanveoc
LANNILIS,Charmante maison au cœur de lannilis à vendre 6 pièces lannilis (29),https://www.etreproprio.com/immobilier-23484843-vente-charmante-maison-au-coeur-de-lannilis-a-vendre-6-pieces-lannilis-29-lannilis
LANNILIS,Maison 60m² à lannilis,https://www.etreproprio.com/immobilier-23481319-vente-maison-60m-a-lannilis-lannilis
LANNILIS,Maison 121m² à lannilis,https://www.etreproprio.com/immobilier-23403767-vente-maison-121m-a-lannilis-lannilis
LANNILIS,"Lannilis centre ville, maison t7",https://www.etreproprio.com/immobilier-23147012-vente-lannilis-centre-ville-maison-t7-lannilis
LANNILIS,"Lannilis centre ville, maison t7",https://www.etreproprio.com/immobilier-23147013-vente-lannilis-centre-ville-maison-t7-lannilis
LANNILIS,Maison 240 m2 lannilis,https://www.etreproprio.com/immobilier-22306009-vente-maison-240-m2-lannilis-lannilis
LANNILIS,Maison 119m² à lannilis,https://www.etreproprio.com/immobilier-22992363-vente-maison-119m-a-lannilis-lannilis
LANNILIS,Maison neuve lannilis,https://www.etreproprio.com/immobilier-22905687-vente-maison-neuve-lannilis-lannilis
LANNILIS,Maison de plain-pied de 102 m²,https://www.etreproprio.com/immobilier-22445031-vente-maison-de-plain-pied-de-102-m-lannilis
LANNILIS,Maison  6 pièce(s) 4 ch,https://www.etreproprio.com/immobilier-17339903-vente-maison-6-pieces-4-ch-lannilis
LAZ,Maison 119m² à laz,https://www.etreproprio.com/immobilier-23330726-vente-maison-119m-a-laz-laz
LAZ,Maison en pierre dans un bois,https://www.etreproprio.com/immobilier-23781923-vente-maison-en-pierre-dans-un-bois-laz
LAZ,Maison 148m² à laz,https://www.etreproprio.com/immobilier-23545834-vente-maison-148m-a-laz-laz
LAZ,Maison 4 chambres à laz,https://www.etreproprio.com/immobilier-23505947-vente-maison-4-chambres-a-laz-laz
LAZ,Maison 132m² à laz,https://www.etreproprio.com/immobilier-22992245-vente-maison-132m-a-laz-laz
LAZ,Maison 75m² à laz,https://www.etreproprio.com/immobilier-22697959-vente-maison-75m-a-laz-laz
LANVEOC,Maison de 108 m2,https://www.etreproprio.com/immobilier-22224967-vente-maison-de-108-m2-lanveoc
LANVEOC,"Lanvéoc maison t8  proximité des commerces,vue mer panoramique et  accès direct à la grève",https://www.etreproprio.com/immobilier-21935200-vente-lanveoc-maison-t8-proximite-des-commercesvue-mer-panoramique-et-acces-direct-a-la-greve-lanveoc
LANVEOC,"Lanvéoc maison t8  proximité des commerces,vue mer panoramique et  accès direct à la grève",https://www.etreproprio.com/immobilier-21935201-vente-lanveoc-maison-t8-proximite-des-commercesvue-mer-panoramique-et-acces-direct-a-la-greve-lanveoc
LANVEOC,Maison néo-bretonne avec vue mer - centre lanvéoc,https://www.etreproprio.com/immobilier-22142435-vente-maison-neo-bretonne-avec-vue-mer-centre-lanveoc-lanveoc
LENNON,Maison 135m² à lennon,https://www.etreproprio.com/immobilier-23811792-vente-maison-135m-a-lennon-lennon
LENNON,Maison de campagne,https://www.etreproprio.com/immobilier-23407711-vente-maison-de-campagne-lennon
LENNON,Un havre de paix à lennon,https://www.etreproprio.com/immobilier-22643016-vente-un-havre-de-paix-a-lennon-lennon
LENNON,Maison 146m² à lennon,https://www.etreproprio.com/immobilier-22518737-vente-maison-146m-a-lennon-lennon
LENNON,Maison 110m² à lennon,https://www.etreproprio.com/immobilier-11762553-vente-maison-110m-a-lennon-lennon
LENNON,Lennon jolie maison de pays de type 4,https://www.etreproprio.com/immobilier-20900313-vente-lennon-jolie-maison-de-pays-de-type-4-lennon
LESNEVEN,Maison 160m² à lesneven,https://www.etreproprio.com/immobilier-22092209-vente-maison-160m-a-lesneven-lesneven
LESNEVEN,Maison lesneven 80 m²,https://www.etreproprio.com/immobilier-23741297-vente-maison-lesneven-80-m-lesneven
LESNEVEN,Maison 64m² à lesneven,https://www.etreproprio.com/immobilier-23804464-vente-maison-64m-a-lesneven-lesneven
LESNEVEN,Maison sur lesneven,https://www.etreproprio.com/immobilier-23802302-vente-maison-sur-lesneven-lesneven
LESNEVEN,Maison lesneven,https://www.etreproprio.com/immobilier-23779354-vente-maison-lesneven-lesneven
LESNEVEN,Maison 115m² à lesneven,https://www.etreproprio.com/immobilier-23773468-vente-maison-115m-a-lesneven-lesneven
LESNEVEN,Maison 135m² à lesneven,https://www.etreproprio.com/immobilier-23773469-vente-maison-135m-a-lesneven-lesneven
LESNEVEN,Maison 125m² à lesneven,https://www.etreproprio.com/immobilier-23749386-vente-maison-125m-a-lesneven-lesneven
LESNEVEN,Maison 113m² à lesneven,https://www.etreproprio.com/immobilier-23745477-vente-maison-113m-a-lesneven-lesneven
LESNEVEN,Lesneven proximité centre,https://www.etreproprio.com/immobilier-22049597-vente-lesneven-proximite-centre-lesneven
LESNEVEN,Maison 113m² à lesneven,https://www.etreproprio.com/immobilier-22602297-vente-maison-113m-a-lesneven-lesneven
LESNEVEN,Maison - 4 chambres - quartier calme,https://www.etreproprio.com/immobilier-22928274-vente-maison-4-chambres-quartier-calme-lesneven
LESNEVEN,À vendre : maison familiale de caractère à lesneven,https://www.etreproprio.com/immobilier-23469766-vente-a-vendre-maison-familiale-de-caractere-a-lesneven-lesneven
LESNEVEN,Maison 116m² à lesneven,https://www.etreproprio.com/immobilier-23388639-vente-maison-116m-a-lesneven-lesneven
LESNEVEN,Lesneven - centre ville appartement + local commercial,https://www.etreproprio.com/immobilier-22499492-vente-lesneven-centre-ville-appartement-local-commercial-lesneven
LESNEVEN,Lesneven - centre ville appartement + local commercial,https://www.etreproprio.com/immobilier-22499491-vente-lesneven-centre-ville-appartement-local-commercial-lesneven
LESNEVEN,Maison en pierre lesneven 105m²,https://www.etreproprio.com/immobilier-22211359-vente-maison-en-pierre-lesneven-105m-lesneven
LESNEVEN,Ensemble immobilier à vendre,https://www.etreproprio.com/immobilier-22030100-vente-ensemble-immobilier-a-vendre-lesneven
LESNEVEN,À vendre – belle maison familiale avec vaste sous-sol aménageable et jardin entretenu,https://www.etreproprio.com/immobilier-23148459-vente-a-vendre-belle-maison-familiale-avec-vaste-sous-sol-amenageable-et-jardin-entretenu-lesneven
LESNEVEN,Maison 155m² à lesneven,https://www.etreproprio.com/immobilier-20643550-vente-maison-155m-a-lesneven-lesneven
LEUHAN,Maison 127m² à leuhan,https://www.etreproprio.com/immobilier-23884312-vente-maison-127m-a-leuhan-leuhan
LEUHAN,Maison 148m² à leuhan,https://www.etreproprio.com/immobilier-23008809-vente-maison-148m-a-leuhan-leuhan
LEUHAN,Maison 210m² à leuhan,https://www.etreproprio.com/immobilier-23788801-vente-maison-210m-a-leuhan-leuhan
LEUHAN,Maison 230m² à leuhan,https://www.etreproprio.com/immobilier-23788796-vente-maison-230m-a-leuhan-leuhan
LEUHAN,Maison 97m² à leuhan,https://www.etreproprio.com/immobilier-23485031-vente-maison-97m-a-leuhan-leuhan
LEUHAN,Maison 1275m² à leuhan,https://www.etreproprio.com/immobilier-22626916-vente-maison-1275m-a-leuhan-leuhan
LEUHAN,#553 maison 110m2 en campagne,https://www.etreproprio.com/immobilier-23427370-vente-553-maison-110m2-en-campagne-leuhan
LEUHAN,Maison 190m² à leuhan,https://www.etreproprio.com/immobilier-23387527-vente-maison-190m-a-leuhan-leuhan
LEUHAN,Maison 350m² à leuhan,https://www.etreproprio.com/immobilier-22595499-vente-maison-350m-a-leuhan-leuhan
LEUHAN,#468 a vendre - maison - leuhan - 130m2,https://www.etreproprio.com/immobilier-23028231-vente-468-a-vendre-maison-leuhan-130m2-leuhan
LEUHAN,Maison de campagne avec plus d'un ha,https://www.etreproprio.com/immobilier-22226902-vente-maison-de-campagne-avec-plus-d-un-ha-leuhan
LEUHAN,29390 leuhan maison de 80 m² 2 chambres beau salon séjour dépendance et 1.1 hectare,https://www.etreproprio.com/immobilier-22583055-vente-29390-leuhan-maison-de-80-m-2-chambres-beau-salon-sejour-dependance-et-11-hectare-leuhan
LEUHAN,"À vendre  restaurant avec murs commerciaux et logement  leuhan (29), à proximité du château de trévarez",https://www.etreproprio.com/immobilier-22508383-vente-a-vendre-restaurant-avec-murs-commerciaux-et-logement-leuhan-29-a-proximite-du-chateau-de-trevarez-leuhan
LEUHAN,29390 leuhan maison 4 chambres séjour cuisine 32 m² sur 1600 m² avec hangar de 160 m²,https://www.etreproprio.com/immobilier-22131869-vente-29390-leuhan-maison-4-chambres-sejour-cuisine-32-m-sur-1600-m-avec-hangar-de-160-m-leuhan
LEUHAN,Belle propriété familiale sur leuhan,https://www.etreproprio.com/immobilier-21097333-vente-belle-propriete-familiale-sur-leuhan-leuhan
LEUHAN,Superbe propriete ideal pour chevaux,https://www.etreproprio.com/immobilier-20293332-vente-superbe-propriete-ideal-pour-chevaux-leuhan
LOC-EGUINER,Maison 120m² à loc-eguiner,https://www.etreproprio.com/immobilier-23690898-vente-maison-120m-a-loc-eguiner-loc-eguiner
LOC-EGUINER,Maison 2011 avec dépendances,https://www.etreproprio.com/immobilier-23313744-vente-maison-2011-avec-dependances-loc-eguiner
LOC-EGUINER,Maison 114m² à loc-eguiner,https://www.etreproprio.com/immobilier-23064766-vente-maison-114m-a-loc-eguiner-loc-eguiner
LESNEVEN,Maison 120m² à lesneven,https://www.etreproprio.com/immobilier-22946702-vente-maison-120m-a-lesneven-lesneven
LESNEVEN,Demeure de prestige et d'exception - 371 m²,https://www.etreproprio.com/immobilier-22860861-vente-demeure-de-prestige-et-d-exception-371-m-lesneven
LESNEVEN,Ensemble immobilier de 2 maisons - proche lesneven,https://www.etreproprio.com/immobilier-21044429-vente-ensemble-immobilier-de-2-maisons-proche-lesneven-lesneven
LESNEVEN,Maison 174m² à lesneven,https://www.etreproprio.com/immobilier-22675618-vente-maison-174m-a-lesneven-lesneven
LESNEVEN,Maison à vendre à lesneven,https://www.etreproprio.com/immobilier-22595885-vente-maison-a-vendre-a-lesneven-lesneven
LESNEVEN,Maison de ville à lesneven,https://www.etreproprio.com/immobilier-22345046-vente-maison-de-ville-a-lesneven-lesneven
LESNEVEN,Maison 180m² à lesneven,https://www.etreproprio.com/immobilier-19714344-vente-maison-180m-a-lesneven-lesneven
LESNEVEN,Maison 250m² à lesneven,https://www.etreproprio.com/immobilier-19091026-vente-maison-250m-a-lesneven-lesneven
LOCMARIA-PLOUZANE,Locmaria plouzané maison avec jardin,https://www.etreproprio.com/immobilier-23895328-vente-locmaria-plouzane-maison-avec-jardin-locmaria-plouzane
LOCMARIA-PLOUZANE,Locmaria plouzané maison avec jardin,https://www.etreproprio.com/immobilier-23895310-vente-locmaria-plouzane-maison-avec-jardin-locmaria-plouzane
LOCMARIA-PLOUZANE,"Maison de plain-pied avec vue sur la mer à brest – 7 pièces, 4 chambres (29)",https://www.etreproprio.com/immobilier-23866190-vente-maison-de-plain-pied-avec-vue-sur-la-mer-a-brest-7-pieces-4-chambres-29-locmaria-plouzane
LOCMARIA-PLOUZANE,Maison 130 m² en impasse • calme absolu,https://www.etreproprio.com/immobilier-23735954-vente-maison-130-m-en-impasse-calme-absolu-locmaria-plouzane
LOCMARIA-PLOUZANE,Maison 92m² à locmaria-plouzane,https://www.etreproprio.com/immobilier-22575208-vente-maison-92m-a-locmaria-plouzane-locmaria-plouzane
LOCMARIA-PLOUZANE,Maison 130m² à locmaria-plouzane,https://www.etreproprio.com/immobilier-23447730-vente-maison-130m-a-locmaria-plouzane-locmaria-plouzane
LOCMARIA-PLOUZANE,A vendre chez barraine plouzane maison bourg de locmaria avec veranda  100m² ré : pz00235-th,https://www.etreproprio.com/immobilier-23686372-vente-a-vendre-chez-barraine-plouzane-maison-bourg-de-locmaria-avec-veranda-100m-re-pz00235-th-locmaria-plouzane
LOCMARIA-PLOUZANE,Maison locmaria plouzane 8 pièce(s) 190 m2,https://www.etreproprio.com/immobilier-23567929-vente-maison-locmaria-plouzane-8-pieces-190-m2-locmaria-plouzane
LOCMARIA-PLOUZANE,Maison 140m² à locmaria-plouzane,https://www.etreproprio.com/immobilier-23553599-vente-maison-140m-a-locmaria-plouzane-locmaria-plouzane
LOCMARIA-PLOUZANE,Maison 149m² à locmaria-plouzane,https://www.etreproprio.com/immobilier-23559029-vente-maison-149m-a-locmaria-plouzane-locmaria-plouzane
LOCMARIA-PLOUZANE,Maison 120m² à locmaria-plouzane,https://www.etreproprio.com/immobilier-23532464-vente-maison-120m-a-locmaria-plouzane-locmaria-plouzane
LOCMARIA-PLOUZANE,Maison locmaria plouzane 6 pièce(s) 137 m2,https://www.etreproprio.com/immobilier-23536839-vente-maison-locmaria-plouzane-6-pieces-137-m2-locmaria-plouzane
LOCMARIA-PLOUZANE,Maison non mitoyenne avec vue mer de 125 m² habitables / 150 m² au sol + 124 m² de sous-sol sur 1044 m² de terrain et à 350 m de,https://www.etreproprio.com/immobilier-23519895-vente-maison-non-mitoyenne-avec-vue-mer-de-125-m-habitables-150-m-au-sol-124-m-de-sous-sol-sur-1044-m-de-terrain-et-a-350-m-de-locmaria-plouzane
LOCMARIA-PLOUZANE,Maison de 149m2  avec vue mer - 5 chambres - locmaria plouzane - tregana,https://www.etreproprio.com/immobilier-20206239-vente-maison-de-149m2-avec-vue-mer-5-chambres-locmaria-plouzane-tregana-locmaria-plouzane
LOCMARIA-PLOUZANE,A vendre maison familiale de 137 m² dans un cadre idyllique entre mer et campagne,https://www.etreproprio.com/immobilier-23391790-vente-a-vendre-maison-familiale-de-137-m-dans-un-cadre-idyllique-entre-mer-et-campagne-locmaria-plouzane
LOCMARIA-PLOUZANE,Maison 221m² à locmaria-plouzane,https://www.etreproprio.com/immobilier-23423880-vente-maison-221m-a-locmaria-plouzane-locmaria-plouzane
LOCMARIA-PLOUZANE,Maison 150m² à locmaria-plouzane,https://www.etreproprio.com/immobilier-23409627-vente-maison-150m-a-locmaria-plouzane-locmaria-plouzane
LOCMARIA-PLOUZANE,Maison 180m² à locmaria-plouzane,https://www.etreproprio.com/immobilier-22469562-vente-maison-180m-a-locmaria-plouzane-locmaria-plouzane
LOCMARIA-PLOUZANE,Maison 125m² à locmaria-plouzane,https://www.etreproprio.com/immobilier-23304677-vente-maison-125m-a-locmaria-plouzane-locmaria-plouzane
LOCMARIA-PLOUZANE,Maison 45m² à locmaria-plouzane,https://www.etreproprio.com/immobilier-23280532-vente-maison-45m-a-locmaria-plouzane-locmaria-plouzane
LOCMELAR,Maison 125m² à locmelar,https://www.etreproprio.com/immobilier-23796383-vente-maison-125m-a-locmelar-locmelar
LOCQUENOLE,Maison locquénolé 11 pièces 300 m²,https://www.etreproprio.com/immobilier-23879647-vente-maison-locquenole-11-pieces-300-m-locquenole
LOCQUENOLE,Maison 40m² à locquenole,https://www.etreproprio.com/immobilier-23884201-vente-maison-40m-a-locquenole-locquenole
LOCQUENOLE,Maison locquénole 8 pièces 224 m²,https://www.etreproprio.com/immobilier-23879633-vente-maison-locquenole-8-pieces-224-m-locquenole
LOCQUENOLE,Maison spacieuse à vendre à locquénolé - vue mer et confort moderne,https://www.etreproprio.com/immobilier-23468375-vente-maison-spacieuse-a-vendre-a-locquenole-vue-mer-et-confort-moderne-locquenole
LOCQUENOLE,A vendre. maison. locquénolé.,https://www.etreproprio.com/immobilier-23339654-vente-a-vendre-maison-locquenole-locquenole
LOCQUENOLE,Maison 248m² à locquenole,https://www.etreproprio.com/immobilier-23318685-vente-maison-248m-a-locquenole-locquenole
LOCQUENOLE,Maison familiale - locquénolé 4 pièce(s) 143.75 m2,https://www.etreproprio.com/immobilier-22741561-vente-maison-familiale-locquenole-4-pieces-14375-m2-locquenole
LOCMARIA-PLOUZANE,Maison 125m² à locmaria-plouzane,https://www.etreproprio.com/immobilier-23215935-vente-maison-125m-a-locmaria-plouzane-locmaria-plouzane
LOCMARIA-PLOUZANE,Grande maison renovee bourg de locmaria plouzane,https://www.etreproprio.com/immobilier-23201780-vente-grande-maison-renovee-bourg-de-locmaria-plouzane-locmaria-plouzane
LOCMARIA-PLOUZANE,"deux maisons, deux ambiances, un cadre exceptionnel",https://www.etreproprio.com/immobilier-23035122-vente-deux-maisons-deux-ambiances-un-cadre-exceptionnel-locmaria-plouzane
LOCMARIA-PLOUZANE,Maison 176m² à locmaria-plouzane,https://www.etreproprio.com/immobilier-23023777-vente-maison-176m-a-locmaria-plouzane-locmaria-plouzane
LOCMARIA-PLOUZANE,Maison 127m² à locmaria-plouzane,https://www.etreproprio.com/immobilier-22632953-vente-maison-127m-a-locmaria-plouzane-locmaria-plouzane
LOCMARIA-PLOUZANE,"Villa / maison d'architecte 260 m2, 6 chambres locmaria-plouzane tregana",https://www.etreproprio.com/immobilier-22621070-vente-villa-maison-d-architecte-260-m2-6-chambres-locmaria-plouzane-tregana-locmaria-plouzane
LOCMARIA-PLOUZANE,Maison contemporaine de 213 m2   à deux pas de la plage de trégana - locmaria-plouzané,https://www.etreproprio.com/immobilier-22525653-vente-maison-contemporaine-de-213-m2-a-deux-pas-de-la-plage-de-tregana-locmaria-plouzane-locmaria-plouzane
LOCMARIA-PLOUZANE,Maison 140m² à locmaria-plouzane,https://www.etreproprio.com/immobilier-22150681-vente-maison-140m-a-locmaria-plouzane-locmaria-plouzane
LOCMARIA-PLOUZANE,Maison 141m² à locmaria-plouzane,https://www.etreproprio.com/immobilier-22138876-vente-maison-141m-a-locmaria-plouzane-locmaria-plouzane
LOCMARIA-PLOUZANE,Superbe propriete t9 proche mer,https://www.etreproprio.com/immobilier-21817362-vente-superbe-propriete-t9-proche-mer-locmaria-plouzane
LOCMARIA-PLOUZANE,Splendide maison contemporaine face a la mer,https://www.etreproprio.com/immobilier-16915699-vente-splendide-maison-contemporaine-face-a-la-mer-locmaria-plouzane
LOCQUIREC,Maison 71m² à locquirec,https://www.etreproprio.com/immobilier-23883561-vente-maison-71m-a-locquirec-locquirec
LOCQUIREC,Maison 45m²  à 500m de la plage,https://www.etreproprio.com/immobilier-23839911-vente-maison-45m-a-500m-de-la-plage-locquirec
LOCQUIREC,Maison 110m² à locquirec,https://www.etreproprio.com/immobilier-23401141-vente-maison-110m-a-locquirec-locquirec
LOCQUIREC,A vendre. maison maison vue mer à locquirec.,https://www.etreproprio.com/immobilier-23037523-vente-a-vendre-maison-maison-vue-mer-a-locquirec-locquirec
LOCQUIREC,"A 700m des plages de locquirec, belle propriété",https://www.etreproprio.com/immobilier-23255466-vente-a-700m-des-plages-de-locquirec-belle-propriete-locquirec
LOCQUIREC,"Finistère, locquirec, maison de charme",https://www.etreproprio.com/immobilier-22754969-vente-finistere-locquirec-maison-de-charme-locquirec
LOCQUIREC,Maison 226m² à locquirec,https://www.etreproprio.com/immobilier-22744815-vente-maison-226m-a-locquirec-locquirec
LOCQUIREC,#504 -  a vendre - maison de 110m2 - locquirec,https://www.etreproprio.com/immobilier-22899084-vente-504-a-vendre-maison-de-110m2-locquirec-locquirec
LOCQUIREC,Maison 165m² à locquirec,https://www.etreproprio.com/immobilier-22697969-vente-maison-165m-a-locquirec-locquirec
LOCQUIREC,Nouveauté à locquirec – prix rare sur le secteur !,https://www.etreproprio.com/immobilier-22623241-vente-nouveaute-a-locquirec-prix-rare-sur-le-secteur-locquirec
LOCQUIREC,Maison de famille à proximité de la plage des sables blancs !,https://www.etreproprio.com/immobilier-22452581-vente-maison-de-famille-a-proximite-de-la-plage-des-sables-blancs-locquirec
LOCQUIREC,Maison 167m² à locquirec,https://www.etreproprio.com/immobilier-21177555-vente-maison-167m-a-locquirec-locquirec
LOCQUIREC,"Finistère, guimaec, vente maison de charme",https://www.etreproprio.com/immobilier-22175278-vente-finistere-guimaec-vente-maison-de-charme-locquirec
LOCQUIREC,Locquirec    maison de vacances à deux pas des plages,https://www.etreproprio.com/immobilier-21812943-vente-locquirec-maison-de-vacances-a-deux-pas-des-plages-locquirec
LOCQUIREC,Jolie maison de caractère à locquirec – la plage des sables blancs à pied !,https://www.etreproprio.com/immobilier-21739569-vente-jolie-maison-de-caractere-a-locquirec-la-plage-des-sables-blancs-a-pied-locquirec
LOCQUIREC,"Finistère, locquirec, vente maison 1900 vue mer proche port",https://www.etreproprio.com/immobilier-20981384-vente-finistere-locquirec-vente-maison-1900-vue-mer-proche-port-locquirec
LOCRONAN,Maison 150m² à locronan,https://www.etreproprio.com/immobilier-23691727-vente-maison-150m-a-locronan-locronan
LOCRONAN,Rare: charmante maison en pierre au centre historique de locronan,https://www.etreproprio.com/immobilier-23285948-vente-rare-charmante-maison-en-pierre-au-centre-historique-de-locronan-locronan
LOCRONAN,Maison 110m² à locronan,https://www.etreproprio.com/immobilier-22020190-vente-maison-110m-a-locronan-locronan
LOCRONAN,"Maison, 7 pièces, 150m²",https://www.etreproprio.com/immobilier-23573101-vente-maison-7-pieces-150m-locronan
LOCRONAN,Propriété de 4 chambres au calme proche des bois,https://www.etreproprio.com/immobilier-23193364-vente-propriete-de-4-chambres-au-calme-proche-des-bois-locronan
LOCRONAN,Rare à locronan belle longère à rénover entièrement,https://www.etreproprio.com/immobilier-23414109-vente-rare-a-locronan-belle-longere-a-renover-entierement-locronan
LOCRONAN,Maison locronan 4 pièce(s),https://www.etreproprio.com/immobilier-23260343-vente-maison-locronan-4-pieces-locronan
LOCTUDY,Loctudy - maison proche de la plage,https://www.etreproprio.com/immobilier-23842262-vente-loctudy-maison-proche-de-la-plage-loctudy
LOCTUDY,Maison loctudy,https://www.etreproprio.com/immobilier-23056220-vente-maison-loctudy-loctudy
LOCTUDY,Maison 152m² à loctudy,https://www.etreproprio.com/immobilier-23832362-vente-maison-152m-a-loctudy-loctudy
LOCTUDY,Maison 103m² à loctudy,https://www.etreproprio.com/immobilier-23809563-vente-maison-103m-a-loctudy-loctudy
LOCTUDY,Maison 120m² à loctudy,https://www.etreproprio.com/immobilier-23799286-vente-maison-120m-a-loctudy-loctudy
LOCTUDY,Maison 256m² à loctudy,https://www.etreproprio.com/immobilier-23780025-vente-maison-256m-a-loctudy-loctudy
LOCTUDY,Rare - maison centre loctudy 6 pièce(s) 256m2,https://www.etreproprio.com/immobilier-23778703-vente-rare-maison-centre-loctudy-6-pieces-256m2-loctudy
LOCTUDY,Maison 180m² à loctudy,https://www.etreproprio.com/immobilier-23754185-vente-maison-180m-a-loctudy-loctudy
LOCTUDY,Loctudy ! le charme rare du triangle d'or,https://www.etreproprio.com/immobilier-23755143-vente-loctudy-le-charme-rare-du-triangle-d-or-loctudy
LOCTUDY,Maison 256m² à loctudy,https://www.etreproprio.com/immobilier-23746029-vente-maison-256m-a-loctudy-loctudy
LOCTUDY,Maison 122m² à loctudy,https://www.etreproprio.com/immobilier-22921396-vente-maison-122m-a-loctudy-loctudy
LOCTUDY,Maison loctudy,https://www.etreproprio.com/immobilier-23728130-vente-maison-loctudy-loctudy
LOCTUDY,Maison sur loctuduy,https://www.etreproprio.com/immobilier-23681069-vente-maison-sur-loctuduy-loctudy
LOCTUDY,Maison 175m² à loctudy,https://www.etreproprio.com/immobilier-23659394-vente-maison-175m-a-loctudy-loctudy
LOCTUDY,Maison 141m² à loctudy,https://www.etreproprio.com/immobilier-23634724-vente-maison-141m-a-loctudy-loctudy
LOCTUDY,Maison de 96m² à proximité des plages et des commerces !,https://www.etreproprio.com/immobilier-22555335-vente-maison-de-96m-a-proximite-des-plages-et-des-commerces-loctudy
LOCTUDY,Loctudy - larvor,https://www.etreproprio.com/immobilier-23532426-vente-loctudy-larvor-loctudy
LOCTUDY,Loctudy - larvor,https://www.etreproprio.com/immobilier-23532145-vente-loctudy-larvor-loctudy
LOCTUDY,"Maison à loctudy, à 250 mètres de la plage, 142 m², 4 chambres !",https://www.etreproprio.com/immobilier-23502581-vente-maison-a-loctudy-a-250-metres-de-la-plage-142-m-4-chambres-loctudy
LOCTUDY,La plage au bout de votre jardin,https://www.etreproprio.com/immobilier-23489854-vente-la-plage-au-bout-de-votre-jardin-loctudy
LOCUNOLE,Maison 5 pièces 126 m2,https://www.etreproprio.com/immobilier-23874557-vente-maison-5-pieces-126-m2-locunole
LOCUNOLE,"Une maison de 226 m² d'espace, de lumière et de sérénité.",https://www.etreproprio.com/immobilier-23817927-vente-une-maison-de-226-m-d-espace-de-lumiere-et-de-serenite-locunole
LOCUNOLE,Charme et espace !,https://www.etreproprio.com/immobilier-23365248-vente-charme-et-espace-locunole
LOCUNOLE,Maison 177m² à locunole,https://www.etreproprio.com/immobilier-23078298-vente-maison-177m-a-locunole-locunole
LOCUNOLE,À 10mn de quimperlé maison avec vie de plain pied sur terrain de 5000m2,https://www.etreproprio.com/immobilier-22977779-vente-a-10mn-de-quimperle-maison-avec-vie-de-plain-pied-sur-terrain-de-5000m2-locunole
LOCUNOLE,Hameau à la campagne,https://www.etreproprio.com/immobilier-22913567-vente-hameau-a-la-campagne-locunole
LOGONNA-DAOULAS,Maison 80m² à logonna-daoulas,https://www.etreproprio.com/immobilier-23770259-vente-maison-80m-a-logonna-daoulas-logonna-daoulas
LOGONNA-DAOULAS,Maison vue mer et presqu'île,https://www.etreproprio.com/immobilier-20066277-vente-maison-vue-mer-et-presqu-ile-logonna-daoulas
LOGONNA-DAOULAS,Maison 133 m2 - 4 chambres - exposition sud ouest - beau terrain,https://www.etreproprio.com/immobilier-23609475-vente-maison-133-m2-4-chambres-exposition-sud-ouest-beau-terrain-logonna-daoulas
LOGONNA-DAOULAS,Maison 150m² à logonna-daoulas,https://www.etreproprio.com/immobilier-23605417-vente-maison-150m-a-logonna-daoulas-logonna-daoulas
LOGONNA-DAOULAS,Belle maison t7 de 133 m2,https://www.etreproprio.com/immobilier-23341419-vente-belle-maison-t7-de-133-m2-logonna-daoulas
LOGONNA-DAOULAS,Villa avec accès direct à la mer,https://www.etreproprio.com/immobilier-18958886-vente-villa-avec-acces-direct-a-la-mer-logonna-daoulas
LOGONNA-DAOULAS,Maison 133m² à logonna-daoulas,https://www.etreproprio.com/immobilier-22633959-vente-maison-133m-a-logonna-daoulas-logonna-daoulas
LOGONNA-DAOULAS,Maison à vendre 5 pièces à deux pas de la mer (29),https://www.etreproprio.com/immobilier-21520187-vente-maison-a-vendre-5-pieces-a-deux-pas-de-la-mer-29-logonna-daoulas
LOGONNA-DAOULAS,""" déjà vendu par kerebel immobilier """,https://www.etreproprio.com/immobilier-20348044-vente-deja-vendu-par-kerebel-immobilier-logonna-daoulas
LOGONNA-DAOULAS,Maison de charme,https://www.etreproprio.com/immobilier-20124077-vente-maison-de-charme-logonna-daoulas
LOGONNA-DAOULAS,Maison 120m² à logonna-daoulas,https://www.etreproprio.com/immobilier-19977404-vente-maison-120m-a-logonna-daoulas-logonna-daoulas
LOGONNA-DAOULAS,""" déjà vendu par kerebel immobilier """,https://www.etreproprio.com/immobilier-19780705-vente-deja-vendu-par-kerebel-immobilier-logonna-daoulas
LOGONNA-DAOULAS,""" déjà vendu par kerebel immobilier """,https://www.etreproprio.com/immobilier-19780708-vente-deja-vendu-par-kerebel-immobilier-logonna-daoulas
LOGONNA-DAOULAS,""" déjà vendu par kerebel immobilier """,https://www.etreproprio.com/immobilier-19780710-vente-deja-vendu-par-kerebel-immobilier-logonna-daoulas
LOGONNA-DAOULAS,""" déjà vendu par kerebel immobilier """,https://www.etreproprio.com/immobilier-19761105-vente-deja-vendu-par-kerebel-immobilier-logonna-daoulas
LOGONNA-DAOULAS,""" vendu en 1 visite par kerebel immobilier """,https://www.etreproprio.com/immobilier-18186485-vente-vendu-en-1-visite-par-kerebel-immobilier-logonna-daoulas
LOGONNA-DAOULAS,""" déjà vendu par kerebel immobilier """,https://www.etreproprio.com/immobilier-16586776-vente-deja-vendu-par-kerebel-immobilier-logonna-daoulas
LOGONNA-DAOULAS,""" déjà vendu par kerebel immobilier """,https://www.etreproprio.com/immobilier-15510657-vente-deja-vendu-par-kerebel-immobilier-logonna-daoulas
LOGONNA-DAOULAS,""" déjà vendu par kerebel immobilier """,https://www.etreproprio.com/immobilier-15505620-vente-deja-vendu-par-kerebel-immobilier-logonna-daoulas
LOGONNA-DAOULAS,""" déjà vendu par kerebel immobilier",https://www.etreproprio.com/immobilier-15255141-vente-deja-vendu-par-kerebel-immobilier-logonna-daoulas
LOCTUDY,Maison 135m² à loctudy,https://www.etreproprio.com/immobilier-23491438-vente-maison-135m-a-loctudy-loctudy
LOCTUDY,Loctudy - proche centre et commerces,https://www.etreproprio.com/immobilier-23453922-vente-loctudy-proche-centre-et-commerces-loctudy
LOCTUDY,Loctudy - proche centre et commerces,https://www.etreproprio.com/immobilier-23457303-vente-loctudy-proche-centre-et-commerces-loctudy
LOCTUDY,Maison à deux pas du port de larvor et des plages ! loctudy,https://www.etreproprio.com/immobilier-23445759-vente-maison-a-deux-pas-du-port-de-larvor-et-des-plages-loctudy-loctudy
LOCTUDY,Maison 97m² à loctudy,https://www.etreproprio.com/immobilier-23433738-vente-maison-97m-a-loctudy-loctudy
LOCTUDY,Maison 98m² à loctudy,https://www.etreproprio.com/immobilier-23245788-vente-maison-98m-a-loctudy-loctudy
LOCTUDY,Maison loctudy 5 pièce(s) 98.35 m2,https://www.etreproprio.com/immobilier-23243360-vente-maison-loctudy-5-pieces-9835-m2-loctudy
LOCTUDY,Maison 93m² à loctudy,https://www.etreproprio.com/immobilier-23375445-vente-maison-93m-a-loctudy-loctudy
LOCTUDY,Maison 120m² à loctudy,https://www.etreproprio.com/immobilier-23351629-vente-maison-120m-a-loctudy-loctudy
LOCTUDY,Maison loctudy 7 pièce(s) 120 m2,https://www.etreproprio.com/immobilier-23349171-vente-maison-loctudy-7-pieces-120-m2-loctudy
LOCTUDY,Maison familiale avec vie de plain-pied – un bien rare à loctudy,https://www.etreproprio.com/immobilier-23344135-vente-maison-familiale-avec-vie-de-plain-pied-un-bien-rare-a-loctudy-loctudy
LOCTUDY,Maison 156m² à loctudy,https://www.etreproprio.com/immobilier-23338484-vente-maison-156m-a-loctudy-loctudy
LOCTUDY,Maison loctudy lodonnec 6 pièce(s) 117.98 m2,https://www.etreproprio.com/immobilier-23258446-vente-maison-loctudy-lodonnec-6-pieces-11798-m2-loctudy
LOCTUDY,Maison 117m² à loctudy,https://www.etreproprio.com/immobilier-23260680-vente-maison-117m-a-loctudy-loctudy
LOCTUDY,Maison loctudy 210 m2,https://www.etreproprio.com/immobilier-23037852-vente-maison-loctudy-210-m2-loctudy
LOCTUDY,Loctudy - exclusivite,https://www.etreproprio.com/immobilier-22868934-vente-loctudy-exclusivite-loctudy
LOCTUDY,Loctudy - exclusivite,https://www.etreproprio.com/immobilier-22869159-vente-loctudy-exclusivite-loctudy
LOCTUDY,Maison loctudy,https://www.etreproprio.com/immobilier-22555333-vente-maison-loctudy-loctudy
LOCTUDY,Maison loctudy 6 pièce(s) 130 m2 + dépendance de 20m2 + garage de 52m2,https://www.etreproprio.com/immobilier-21387869-vente-maison-loctudy-6-pieces-130-m2-dependance-de-20m2-garage-de-52m2-loctudy
LOCTUDY,Maison 95m² à loctudy,https://www.etreproprio.com/immobilier-22461532-vente-maison-95m-a-loctudy-loctudy
LOPEREC,Maison en pierre de 111m² calme et nature à loperec (29),https://www.etreproprio.com/immobilier-23737211-vente-maison-en-pierre-de-111m-calme-et-nature-a-loperec-29-loperec
LOPEREC,Maison 160m² à loperec,https://www.etreproprio.com/immobilier-23714373-vente-maison-160m-a-loperec-loperec
LOPEREC,Maison sur loperec,https://www.etreproprio.com/immobilier-23705236-vente-maison-sur-loperec-loperec
LOPEREC,Maison 130m² à loperec,https://www.etreproprio.com/immobilier-22126321-vente-maison-130m-a-loperec-loperec
LOPEREC,Maison 150m² à loperec,https://www.etreproprio.com/immobilier-23058736-vente-maison-150m-a-loperec-loperec
LOGONNA-DAOULAS,""" déjà vendu par kerebel immobilier """,https://www.etreproprio.com/immobilier-13736900-vente-deja-vendu-par-kerebel-immobilier-logonna-daoulas
LOGONNA-DAOULAS,Deja vendu par kerebel immobilier,https://www.etreproprio.com/immobilier-11659993-vente-deja-vendu-par-kerebel-immobilier-logonna-daoulas
LOGONNA-DAOULAS,""" deja vendu par kerebel immobilier """,https://www.etreproprio.com/immobilier-10808734-vente-deja-vendu-par-kerebel-immobilier-logonna-daoulas
LOGONNA-DAOULAS,""" deja vendu en 1 visite par kerebel immobilier """,https://www.etreproprio.com/immobilier-10629322-vente-deja-vendu-en-1-visite-par-kerebel-immobilier-logonna-daoulas
LOGONNA-DAOULAS,""" deja vendu par kerebel immobilier """,https://www.etreproprio.com/immobilier-10458761-vente-deja-vendu-par-kerebel-immobilier-logonna-daoulas
LOGONNA-DAOULAS,""" vendu par l'agence """,https://www.etreproprio.com/immobilier-5080698-vente-vendu-par-l-agence-logonna-daoulas
LOCTUDY,Maison 130m² à loctudy,https://www.etreproprio.com/immobilier-21397014-vente-maison-130m-a-loctudy-loctudy
LOCTUDY,Maison de ville au coeur de loctudy 4 pièce(s) 95m2,https://www.etreproprio.com/immobilier-22449572-vente-maison-de-ville-au-coeur-de-loctudy-4-pieces-95m2-loctudy
LOCTUDY,"À loctudy, grande maison à vendre",https://www.etreproprio.com/immobilier-21441387-vente-a-loctudy-grande-maison-a-vendre-loctudy
LOCTUDY,Maison 118m² à loctudy,https://www.etreproprio.com/immobilier-19955329-vente-maison-118m-a-loctudy-loctudy
LOCTUDY,Maison 130m² à loctudy,https://www.etreproprio.com/immobilier-21887272-vente-maison-130m-a-loctudy-loctudy
LOCTUDY,Maison 150m² à loctudy,https://www.etreproprio.com/immobilier-21233341-vente-maison-150m-a-loctudy-loctudy
LOCTUDY,Maison 123m² à loctudy,https://www.etreproprio.com/immobilier-20947825-vente-maison-123m-a-loctudy-loctudy
LOCTUDY,Maison loctudy 5 pièce(s) 150 m2,https://www.etreproprio.com/immobilier-20448429-vente-maison-loctudy-5-pieces-150-m2-loctudy
LOCTUDY,Maison 135m² à loctudy,https://www.etreproprio.com/immobilier-19016912-vente-maison-135m-a-loctudy-loctudy
LOCTUDY,Loctudy - maison d'architecte 115 m2,https://www.etreproprio.com/immobilier-17507936-vente-loctudy-maison-d-architecte-115-m2-loctudy
LOPERHET,Maison de plain-pied lumineuse sur grand terrain paysager – loperhet (proche plougastel),https://www.etreproprio.com/immobilier-23653532-vente-maison-de-plain-pied-lumineuse-sur-grand-terrain-paysager-loperhet-proche-plougastel-loperhet
LOPERHET,Maison à vendre 6 pièces loperhet (29),https://www.etreproprio.com/immobilier-23333571-vente-maison-a-vendre-6-pieces-loperhet-29-loperhet
LOPERHET,""" déjà vendu par kerebel immobilier """,https://www.etreproprio.com/immobilier-20326036-vente-deja-vendu-par-kerebel-immobilier-loperhet
LOPERHET,Maison 117m² à loperhet,https://www.etreproprio.com/immobilier-20023709-vente-maison-117m-a-loperhet-loperhet
LOPERHET,""" déjà vendu par kerebel immobilier """,https://www.etreproprio.com/immobilier-19780709-vente-deja-vendu-par-kerebel-immobilier-loperhet
LOPERHET,""" déjà vendu par kerebel immobilier """,https://www.etreproprio.com/immobilier-19780702-vente-deja-vendu-par-kerebel-immobilier-loperhet
LOPERHET,""" déjà vendu par kerebel immobilier """,https://www.etreproprio.com/immobilier-18583604-vente-deja-vendu-par-kerebel-immobilier-loperhet
LOPERHET,""" déjà vendu par kerebel immobilier """,https://www.etreproprio.com/immobilier-16030071-vente-deja-vendu-par-kerebel-immobilier-loperhet
LOPERHET,""" déjà vendu par kerebel immobilier """,https://www.etreproprio.com/immobilier-15863066-vente-deja-vendu-par-kerebel-immobilier-loperhet
LOPERHET,""" déjà vendu par kerebel immobilier """,https://www.etreproprio.com/immobilier-14551675-vente-deja-vendu-par-kerebel-immobilier-loperhet
LOPERHET,""" déjà vendu par kerebel immobilier """,https://www.etreproprio.com/immobilier-13899346-vente-deja-vendu-par-kerebel-immobilier-loperhet
LOPERHET,""" deja vendu par kerebel immobilier """,https://www.etreproprio.com/immobilier-13737026-vente-deja-vendu-par-kerebel-immobilier-loperhet
LOPERHET,""" déjà vendu par kerebel immobilier """,https://www.etreproprio.com/immobilier-13710170-vente-deja-vendu-par-kerebel-immobilier-loperhet
LOPERHET,""" déjà vendu par kerebel immobilier """,https://www.etreproprio.com/immobilier-13382729-vente-deja-vendu-par-kerebel-immobilier-loperhet
LOPERHET,Déjà vendu par kerebel immobilier,https://www.etreproprio.com/immobilier-12559077-vente-deja-vendu-par-kerebel-immobilier-loperhet
LOPERHET,Deja vendu par kerebel immobilier,https://www.etreproprio.com/immobilier-11660082-vente-deja-vendu-par-kerebel-immobilier-loperhet
LOPERHET,Deja vendu par kerebel immobilier,https://www.etreproprio.com/immobilier-11660040-vente-deja-vendu-par-kerebel-immobilier-loperhet
LOPERHET,""" deja vendu par kerebel immobilier """,https://www.etreproprio.com/immobilier-10957143-vente-deja-vendu-par-kerebel-immobilier-loperhet
LOPERHET,""" vendu par kerebel immobilier """,https://www.etreproprio.com/immobilier-8471495-vente-vendu-par-kerebel-immobilier-loperhet
LOPERHET,""" vendu par kerebel immobilier """,https://www.etreproprio.com/immobilier-6352416-vente-vendu-par-kerebel-immobilier-loperhet
LOQUEFFRET,Petit budget et beau potentiel pour cette longère à rénover,https://www.etreproprio.com/immobilier-23634385-vente-petit-budget-et-beau-potentiel-pour-cette-longere-a-renover-loqueffret
LOQUEFFRET,"Maison des années 30 à vendre - loqueffret, monts d’arrée",https://www.etreproprio.com/immobilier-23452648-vente-maison-des-annees-30-a-vendre-loqueffret-monts-d-arree-loqueffret
LOQUEFFRET,Maison loqueffret 5 pièce(s) 116 m2,https://www.etreproprio.com/immobilier-22488806-vente-maison-loqueffret-5-pieces-116-m2-loqueffret
LOQUEFFRET,Maison 116m² à loqueffret,https://www.etreproprio.com/immobilier-22480849-vente-maison-116m-a-loqueffret-loqueffret
MAHALON,Maison à vendre 5 pièces mahalon (29),https://www.etreproprio.com/immobilier-23438751-vente-maison-a-vendre-5-pieces-mahalon-29-mahalon
MAHALON,Maison 62m² à mahalon,https://www.etreproprio.com/immobilier-23630831-vente-maison-62m-a-mahalon-mahalon
MAHALON,Maison 160m² à mahalon,https://www.etreproprio.com/immobilier-21931227-vente-maison-160m-a-mahalon-mahalon
MAHALON,Corps de ferme à proximité de douarnenez et de quimper,https://www.etreproprio.com/immobilier-22082811-vente-corps-de-ferme-a-proximite-de-douarnenez-et-de-quimper-mahalon
MAHALON,Maison mahalon 5 pièce(s) 101.29 m2,https://www.etreproprio.com/immobilier-19106593-vente-maison-mahalon-5-pieces-10129-m2-mahalon
LA MARTYRE,Maison spacieuse à la campagne – proche landerneau,https://www.etreproprio.com/immobilier-23823274-vente-maison-spacieuse-a-la-campagne-proche-landerneau-la-martyre
LA MARTYRE,Maison 150m² à la martyre,https://www.etreproprio.com/immobilier-20509961-vente-maison-150m-a-la-martyre-la-martyre
LA MARTYRE,À rénover,https://www.etreproprio.com/immobilier-19848363-vente-a-renover-la-martyre
CONFORT-MEILARS,Maison récente de 2008 - tout confort et placée au calme,https://www.etreproprio.com/immobilier-23888196-vente-maison-recente-de-2008-tout-confort-et-placee-au-calme-confort-meilars
CONFORT-MEILARS,Maison 177m² à confort-meilars,https://www.etreproprio.com/immobilier-21856857-vente-maison-177m-a-confort-meilars-confort-meilars
CONFORT-MEILARS,Maison confort meilars 4 pièces 110 m²,https://www.etreproprio.com/immobilier-23303106-vente-maison-confort-meilars-4-pieces-110-m-confort-meilars
CONFORT-MEILARS,Maison 110m² à confort-meilars,https://www.etreproprio.com/immobilier-21226365-vente-maison-110m-a-confort-meilars-confort-meilars
CONFORT-MEILARS,Maison confort meilars,https://www.etreproprio.com/immobilier-23179375-vente-maison-confort-meilars-confort-meilars
CONFORT-MEILARS,Maison 4 chambres avec vie de plain pied,https://www.etreproprio.com/immobilier-22685812-vente-maison-4-chambres-avec-vie-de-plain-pied-confort-meilars
CONFORT-MEILARS,Maison 250m² à confort-meilars,https://www.etreproprio.com/immobilier-18952688-vente-maison-250m-a-confort-meilars-confort-meilars
CONFORT-MEILARS,Maison confort meilars 7 pièce(s),https://www.etreproprio.com/immobilier-21445358-vente-maison-confort-meilars-7-pieces-confort-meilars
CONFORT-MEILARS,Maison 123m² à confort-meilars,https://www.etreproprio.com/immobilier-21154220-vente-maison-123m-a-confort-meilars-confort-meilars
MELGVEN,Maison sur melgven,https://www.etreproprio.com/immobilier-23885982-vente-maison-sur-melgven-melgven
MELGVEN,Maison à vendre 0 pièces melgven (29),https://www.etreproprio.com/immobilier-23717885-vente-maison-a-vendre-0-pieces-melgven-29-melgven
MELGVEN,Maison melgven 7 pièce(s) 135 m2,https://www.etreproprio.com/immobilier-22911401-vente-maison-melgven-7-pieces-135-m2-melgven
MELGVEN,Melgven - maison en pierres à restaurer intégralement.,https://www.etreproprio.com/immobilier-23432203-vente-melgven-maison-en-pierres-a-restaurer-integralement-melgven
MELGVEN,Maison melgven 5 pièce(s) 94 m²,https://www.etreproprio.com/immobilier-23111394-vente-maison-melgven-5-pieces-94-m-melgven
MELGVEN,Maison 118m² à melgven,https://www.etreproprio.com/immobilier-21733501-vente-maison-118m-a-melgven-melgven
MELGVEN,Maison melgven 7 pièce(s),https://www.etreproprio.com/immobilier-23277620-vente-maison-melgven-7-pieces-melgven
MELGVEN,Penty breton avec dépendance et terrain arboré &carport,https://www.etreproprio.com/immobilier-23183809-vente-penty-breton-avec-dependance-et-terrain-arbore-carport-melgven
MELGVEN,"""brascoz"" longère à melgven avec stockage et un grand jardin arboré",https://www.etreproprio.com/immobilier-21261965-vente-brascoz-longere-a-melgven-avec-stockage-et-un-grand-jardin-arbore-melgven
MELGVEN,Longère en pierres de 195 m² avec jardin arboré,https://www.etreproprio.com/immobilier-21921172-vente-longere-en-pierres-de-195-m-avec-jardin-arbore-melgven
MELGVEN,Melgven - maison familiale de 5 chambres avec vie de plain pied,https://www.etreproprio.com/immobilier-20017437-vente-melgven-maison-familiale-de-5-chambres-avec-vie-de-plain-pied-melgven
MELGVEN,"Maison rénovée de 3 pièces, vie de plain-pied",https://www.etreproprio.com/immobilier-22704771-vente-maison-renovee-de-3-pieces-vie-de-plain-pied-melgven
MELGVEN,Maison 137m² à melgven,https://www.etreproprio.com/immobilier-22527219-vente-maison-137m-a-melgven-melgven
MELGVEN,Maison 97m² à melgven,https://www.etreproprio.com/immobilier-22527131-vente-maison-97m-a-melgven-melgven
MELGVEN,Maison melgven 6 pièce(s) 152.73 m2,https://www.etreproprio.com/immobilier-22437655-vente-maison-melgven-6-pieces-15273-m2-melgven
MELGVEN,Melgven - moulin avec maison principale et 3 gites - 239m2,https://www.etreproprio.com/immobilier-20485108-vente-melgven-moulin-avec-maison-principale-et-3-gites-239m2-melgven
MELGVEN,Maison 90m² à melgven,https://www.etreproprio.com/immobilier-18759883-vente-maison-90m-a-melgven-melgven
MELLAC,Maison sur mellac,https://www.etreproprio.com/immobilier-23855228-vente-maison-sur-mellac-mellac
MELLAC,Ty bodel mellac maison + 2 appartements,https://www.etreproprio.com/immobilier-23842276-vente-ty-bodel-mellac-maison-2-appartements-mellac
MELLAC,Maison mellac 5 pièces,https://www.etreproprio.com/immobilier-23783516-vente-maison-mellac-5-pieces-mellac
MELLAC,Maison 240m² à mellac,https://www.etreproprio.com/immobilier-23724213-vente-maison-240m-a-mellac-mellac
MELLAC,Idéal premier achat !,https://www.etreproprio.com/immobilier-23670101-vente-ideal-premier-achat-mellac
MELLAC,Maison 73m² à mellac,https://www.etreproprio.com/immobilier-23670381-vente-maison-73m-a-mellac-mellac
MELLAC,"Maison contemporaine de 2009 à mellac, dans un cadre paisible",https://www.etreproprio.com/immobilier-23659271-vente-maison-contemporaine-de-2009-a-mellac-dans-un-cadre-paisible-mellac
MELLAC,Maison 240m² à mellac,https://www.etreproprio.com/immobilier-23512909-vente-maison-240m-a-mellac-mellac
MELLAC,Maison mellac 7 pièce(s) 153 m2,https://www.etreproprio.com/immobilier-22566023-vente-maison-mellac-7-pieces-153-m2-mellac
MELLAC,Maison 108m² à mellac,https://www.etreproprio.com/immobilier-23419844-vente-maison-108m-a-mellac-mellac
MELLAC,Maison 80m² à mellac,https://www.etreproprio.com/immobilier-23363072-vente-maison-80m-a-mellac-mellac
MELLAC,Maison en pierre à rénover mellac 4 pièce(s) 120 m2,https://www.etreproprio.com/immobilier-23286883-vente-maison-en-pierre-a-renover-mellac-4-pieces-120-m2-mellac
MELLAC,Coup de cœur assuré !,https://www.etreproprio.com/immobilier-22478554-vente-coup-de-coeur-assure-mellac
MELLAC,"Maison de maître, 230 m²",https://www.etreproprio.com/immobilier-14404246-vente-maison-de-maitre-230-m-mellac
MELLAC,Maison 196m² à mellac,https://www.etreproprio.com/immobilier-22620464-vente-maison-196m-a-mellac-mellac
MELLAC,Maison mellac 6 pièce(s) 124 m2 habitables,https://www.etreproprio.com/immobilier-22612876-vente-maison-mellac-6-pieces-124-m2-habitables-mellac
MESPAUL,Maison 78m² à mespaul,https://www.etreproprio.com/immobilier-23862386-vente-maison-78m-a-mespaul-mespaul
MESPAUL,Maison mespaul 4 pièce(s) 70 m2,https://www.etreproprio.com/immobilier-23809933-vente-maison-mespaul-4-pieces-70-m2-mespaul
MESPAUL,Maison 78m² à mespaul,https://www.etreproprio.com/immobilier-23796457-vente-maison-78m-a-mespaul-mespaul
MESPAUL,Maison 160m² à mespaul,https://www.etreproprio.com/immobilier-23789802-vente-maison-160m-a-mespaul-mespaul
MESPAUL,Maison 138m² à mespaul,https://www.etreproprio.com/immobilier-23576722-vente-maison-138m-a-mespaul-mespaul
MESPAUL,Maison de campagne à vendre   mespaul (29420),https://www.etreproprio.com/immobilier-23563253-vente-maison-de-campagne-a-vendre-mespaul-29420-mespaul
MESPAUL,Maison à vendre à mespaul - 5 pièces-terrain de 5016 m²,https://www.etreproprio.com/immobilier-22017806-vente-maison-a-vendre-a-mespaul-5-pieces-terrain-de-5016-m-mespaul
MESPAUL,Maison 95m² à mespaul,https://www.etreproprio.com/immobilier-22750293-vente-maison-95m-a-mespaul-mespaul
MESPAUL,Maison 132m² à mespaul,https://www.etreproprio.com/immobilier-22362022-vente-maison-132m-a-mespaul-mespaul
MESPAUL,Mespaul demeure de prestige parc proche des plages grand garage,https://www.etreproprio.com/immobilier-14845481-vente-mespaul-demeure-de-prestige-parc-proche-des-plages-grand-garage-mespaul
MOELAN-SUR-MER,Villa contemporaine avec vue sur l'océan à moëlan-sur-mer,https://www.etreproprio.com/immobilier-23906691-vente-villa-contemporaine-avec-vue-sur-l-ocean-a-moelan-sur-mer-moelan-sur-mer
MOELAN-SUR-MER,"Maison moëlan sur mer, la plage à pied",https://www.etreproprio.com/immobilier-23889783-vente-maison-moelan-sur-mer-la-plage-a-pied-moelan-sur-mer
MOELAN-SUR-MER,"Maison dans une résidence avec piscine, proche plages",https://www.etreproprio.com/immobilier-23891856-vente-maison-dans-une-residence-avec-piscine-proche-plages-moelan-sur-mer
MOELAN-SUR-MER,"Maison moëlan sur mer 3 chambres, 6 pièces 90 m2 proche plage",https://www.etreproprio.com/immobilier-20459417-vente-maison-moelan-sur-mer-3-chambres-6-pieces-90-m2-proche-plage-moelan-sur-mer
MOELAN-SUR-MER,Maison 79m² à moelan-sur-mer,https://www.etreproprio.com/immobilier-23333098-vente-maison-79m-a-moelan-sur-mer-moelan-sur-mer
MOELAN-SUR-MER,Maison pierres bourg de moelan avec possibilité d'investissement,https://www.etreproprio.com/immobilier-21449991-vente-maison-pierres-bourg-de-moelan-avec-possibilite-d-investissement-moelan-sur-mer
MOELAN-SUR-MER,"Maison 3 pièces dans résidence avec piscine, proche des plages",https://www.etreproprio.com/immobilier-23874756-vente-maison-3-pieces-dans-residence-avec-piscine-proche-des-plages-moelan-sur-mer
MOELAN-SUR-MER,"Exclusivité - grande propriété familiale à moëlan-sur-mer, bretagne sud",https://www.etreproprio.com/immobilier-23859328-vente-exclusivite-grande-propriete-familiale-a-moelan-sur-mer-bretagne-sud-moelan-sur-mer
MOELAN-SUR-MER,Maison moëlan sur mer 11 pièces 237 m2 proche plage avec dépendances,https://www.etreproprio.com/immobilier-23838652-vente-maison-moelan-sur-mer-11-pieces-237-m2-proche-plage-avec-dependances-moelan-sur-mer
MOELAN-SUR-MER,Maison 132m² à moelan-sur-mer,https://www.etreproprio.com/immobilier-23838509-vente-maison-132m-a-moelan-sur-mer-moelan-sur-mer
MOELAN-SUR-MER,Maison familiale 6 pièces,https://www.etreproprio.com/immobilier-23834370-vente-maison-familiale-6-pieces-moelan-sur-mer
MOELAN-SUR-MER,Maison 80m² à moelan-sur-mer,https://www.etreproprio.com/immobilier-23504092-vente-maison-80m-a-moelan-sur-mer-moelan-sur-mer
MOELAN-SUR-MER,"Moëlan-sur-mer - maison de 125m², au coeur de la nature",https://www.etreproprio.com/immobilier-23806348-vente-moelan-sur-mer-maison-de-125m-au-coeur-de-la-nature-moelan-sur-mer
MOELAN-SUR-MER,Maison à vendre à moelan sur mer 5 pièces 90 m2 la mer à pieds,https://www.etreproprio.com/immobilier-22644034-vente-maison-a-vendre-a-moelan-sur-mer-5-pieces-90-m2-la-mer-a-pieds-moelan-sur-mer
MOELAN-SUR-MER,Moëlan-sur-mer maison de charme,https://www.etreproprio.com/immobilier-23081033-vente-moelan-sur-mer-maison-de-charme-moelan-sur-mer
MOELAN-SUR-MER,Maison 159m² à moelan-sur-mer,https://www.etreproprio.com/immobilier-23638129-vente-maison-159m-a-moelan-sur-mer-moelan-sur-mer
MOELAN-SUR-MER,Maison moëlan sur mer 5 pièces 105 m2 proche belon,https://www.etreproprio.com/immobilier-21820886-vente-maison-moelan-sur-mer-5-pieces-105-m2-proche-belon-moelan-sur-mer
MOELAN-SUR-MER,Maison en pierre 4/5 pièces au port de brigneau,https://www.etreproprio.com/immobilier-23791553-vente-maison-en-pierre-45-pieces-au-port-de-brigneau-moelan-sur-mer
MOELAN-SUR-MER,Maison 159m² à moelan-sur-mer,https://www.etreproprio.com/immobilier-23545695-vente-maison-159m-a-moelan-sur-mer-moelan-sur-mer
MOELAN-SUR-MER,Maison proche belon,https://www.etreproprio.com/immobilier-23778804-vente-maison-proche-belon-moelan-sur-mer
MORLAIX,Maison 300m² à morlaix,https://www.etreproprio.com/immobilier-23889553-vente-maison-300m-a-morlaix-morlaix
MORLAIX,"À morlaix, coatserho, maison 115 m2",https://www.etreproprio.com/immobilier-23865734-vente-a-morlaix-coatserho-maison-115-m2-morlaix
MORLAIX,Maison 189m² à morlaix,https://www.etreproprio.com/immobilier-23851858-vente-maison-189m-a-morlaix-morlaix
MORLAIX,Maison 130m² à morlaix,https://www.etreproprio.com/immobilier-23843193-vente-maison-130m-a-morlaix-morlaix
MORLAIX,Maison morlaix 6 pièce(s) 132 m2,https://www.etreproprio.com/immobilier-23826476-vente-maison-morlaix-6-pieces-132-m2-morlaix
MORLAIX,Maison 108m² à morlaix,https://www.etreproprio.com/immobilier-23831057-vente-maison-108m-a-morlaix-morlaix
MORLAIX,Maison 301m² à morlaix,https://www.etreproprio.com/immobilier-23816040-vente-maison-301m-a-morlaix-morlaix
MORLAIX,Maison 145m² à morlaix,https://www.etreproprio.com/immobilier-23299947-vente-maison-145m-a-morlaix-morlaix
MORLAIX,Maison 73m² à morlaix,https://www.etreproprio.com/immobilier-23554270-vente-maison-73m-a-morlaix-morlaix
MORLAIX,Maison 87m² à morlaix,https://www.etreproprio.com/immobilier-23768392-vente-maison-87m-a-morlaix-morlaix
MORLAIX,Demeure de prestige morlaix 10 pièce(s) 270.83 m2,https://www.etreproprio.com/immobilier-20307239-vente-demeure-de-prestige-morlaix-10-pieces-27083-m2-morlaix
MORLAIX,Maison morlaix  7 pièce(s) 145 m2,https://www.etreproprio.com/immobilier-23751755-vente-maison-morlaix-7-pieces-145-m2-morlaix
MORLAIX,Finistere - morlaix (29600) - a vendre - maison de ville t5 85m² de 1940 - 3 chambres - aucuns travaux - coup de coeur - proche,https://www.etreproprio.com/immobilier-23735962-vente-finistere-morlaix-29600-a-vendre-maison-de-ville-t5-85m-de-1940-3-chambres-aucuns-travaux-coup-de-coeur-proche-morlaix
MORLAIX,"En impasse, centre-ville à pied",https://www.etreproprio.com/immobilier-23726179-vente-en-impasse-centre-ville-a-pied-morlaix
MORLAIX,Maison rénovée de 145 m² avec 4 chambres à morlaix,https://www.etreproprio.com/immobilier-23079031-vente-maison-renovee-de-145-m-avec-4-chambres-a-morlaix-morlaix
MORLAIX,Maison 138m² à morlaix,https://www.etreproprio.com/immobilier-23702378-vente-maison-138m-a-morlaix-morlaix
MORLAIX,Maison plourin les morlaix 6 pièce(s) 131 m2,https://www.etreproprio.com/immobilier-23677698-vente-maison-plourin-les-morlaix-6-pieces-131-m2-morlaix
MORLAIX,Maison morlaix 3 pièce(s) 87.44 m2,https://www.etreproprio.com/immobilier-23666313-vente-maison-morlaix-3-pieces-8744-m2-morlaix
MORLAIX,Maison 105m² à morlaix,https://www.etreproprio.com/immobilier-23660996-vente-maison-105m-a-morlaix-morlaix
MORLAIX,Maison morlaix 5 pièce(s) 114 m2,https://www.etreproprio.com/immobilier-21771462-vente-maison-morlaix-5-pieces-114-m2-morlaix
MOELAN-SUR-MER,Maison moelan sur mer 6 pièces 116 m2,https://www.etreproprio.com/immobilier-23774989-vente-maison-moelan-sur-mer-6-pieces-116-m2-moelan-sur-mer
MOELAN-SUR-MER,Maison régionale 4/5 pièces rénovée proche du belon,https://www.etreproprio.com/immobilier-23771398-vente-maison-regionale-45-pieces-renovee-proche-du-belon-moelan-sur-mer
MOELAN-SUR-MER,"Maison en pierre, 133m2 environ, proche bourg",https://www.etreproprio.com/immobilier-23772707-vente-maison-en-pierre-133m2-environ-proche-bourg-moelan-sur-mer
MOELAN-SUR-MER,Maison à vendre à moelan sur mer 3 pièces 79 m2 proche commerces,https://www.etreproprio.com/immobilier-23727704-vente-maison-a-vendre-a-moelan-sur-mer-3-pieces-79-m2-proche-commerces-moelan-sur-mer
MOELAN-SUR-MER,"Maison à vendre, plage à pieds, à moelan sur mer 7 pièces 193 m2",https://www.etreproprio.com/immobilier-23194937-vente-maison-a-vendre-plage-a-pieds-a-moelan-sur-mer-7-pieces-193-m2-moelan-sur-mer
MOELAN-SUR-MER,Maison 80m² à moelan-sur-mer,https://www.etreproprio.com/immobilier-23702406-vente-maison-80m-a-moelan-sur-mer-moelan-sur-mer
MOELAN-SUR-MER,Maison sur moelan sur mer,https://www.etreproprio.com/immobilier-23705239-vente-maison-sur-moelan-sur-mer-moelan-sur-mer
MOELAN-SUR-MER,Belle régionale 8 pièces à rafraîchir,https://www.etreproprio.com/immobilier-22282242-vente-belle-regionale-8-pieces-a-rafraichir-moelan-sur-mer
MOELAN-SUR-MER,Maison 220m² à moelan-sur-mer,https://www.etreproprio.com/immobilier-23076006-vente-maison-220m-a-moelan-sur-mer-moelan-sur-mer
MOELAN-SUR-MER,Propriété équestre d'exception à moëlan-sur-mer - 18 he,https://www.etreproprio.com/immobilier-23694401-vente-propriete-equestre-d-exception-a-moelan-sur-mer-18-he-moelan-sur-mer
MOELAN-SUR-MER,Maison 204m² à moelan-sur-mer,https://www.etreproprio.com/immobilier-23678431-vente-maison-204m-a-moelan-sur-mer-moelan-sur-mer
MOELAN-SUR-MER,Moëlan-sur-mer - charmante maison en pierre avec jardin,https://www.etreproprio.com/immobilier-23665437-vente-moelan-sur-mer-charmante-maison-en-pierre-avec-jardin-moelan-sur-mer
MOELAN-SUR-MER,Maison moelan sur mer 7 pièce(s 120 m2 proche belon et plage de kerfany,https://www.etreproprio.com/immobilier-23654445-vente-maison-moelan-sur-mer-7-pieces-120-m2-proche-belon-et-plage-de-kerfany-moelan-sur-mer
MOELAN-SUR-MER,Maison 95m² à moelan-sur-mer,https://www.etreproprio.com/immobilier-23630226-vente-maison-95m-a-moelan-sur-mer-moelan-sur-mer
MOELAN-SUR-MER,Maison à vendre à moëlan sur mer 5 pièces 115 m2,https://www.etreproprio.com/immobilier-22469615-vente-maison-a-vendre-a-moelan-sur-mer-5-pieces-115-m2-moelan-sur-mer
MOELAN-SUR-MER,Villa moëlan sur mer 6 chambres 185 m²,https://www.etreproprio.com/immobilier-23574271-vente-villa-moelan-sur-mer-6-chambres-185-m-moelan-sur-mer
MOELAN-SUR-MER,Villa moëlan sur mer 8 pièces 187 m² à 350 de la plage,https://www.etreproprio.com/immobilier-23574269-vente-villa-moelan-sur-mer-8-pieces-187-m-a-350-de-la-plage-moelan-sur-mer
MOELAN-SUR-MER,Maison de bourg moëlan sur mer 7 p 105 m2 -  jardin arboré 650 m2,https://www.etreproprio.com/immobilier-23562423-vente-maison-de-bourg-moelan-sur-mer-7-p-105-m2-jardin-arbore-650-m2-moelan-sur-mer
MOELAN-SUR-MER,Maison 138m² à moelan-sur-mer,https://www.etreproprio.com/immobilier-22577599-vente-maison-138m-a-moelan-sur-mer-moelan-sur-mer
MOELAN-SUR-MER,Proche ria et océan !,https://www.etreproprio.com/immobilier-23492733-vente-proche-ria-et-ocean-moelan-sur-mer
MOTREFF,Remise en vente cause désistement  motreff (29),https://www.etreproprio.com/immobilier-21974960-vente-remise-en-vente-cause-desistement-motreff-29-motreff
MOTREFF,Maison 88m² à motreff,https://www.etreproprio.com/immobilier-23102669-vente-maison-88m-a-motreff-motreff
MOTREFF,Maison 109m² à motreff,https://www.etreproprio.com/immobilier-19951589-vente-maison-109m-a-motreff-motreff
MOTREFF,Maison 120m² à motreff,https://www.etreproprio.com/immobilier-18826673-vente-maison-120m-a-motreff-motreff
MOTREFF,Maison 90m² à motreff,https://www.etreproprio.com/immobilier-18826674-vente-maison-90m-a-motreff-motreff
MOTREFF,Maison 45m² à motreff,https://www.etreproprio.com/immobilier-18792291-vente-maison-45m-a-motreff-motreff
MORLAIX,Maison 71m² à morlaix,https://www.etreproprio.com/immobilier-23638117-vente-maison-71m-a-morlaix-morlaix
MORLAIX,Magnifique domaine paysager professionnel ou familial  réf : 202561,https://www.etreproprio.com/immobilier-22334452-vente-magnifique-domaine-paysager-professionnel-ou-familial-ref-202561-morlaix
MORLAIX,Maison 96m² à morlaix,https://www.etreproprio.com/immobilier-22512351-vente-maison-96m-a-morlaix-morlaix
MORLAIX,Maison 115m² à morlaix,https://www.etreproprio.com/immobilier-23558744-vente-maison-115m-a-morlaix-morlaix
MORLAIX,Maison 114m² à morlaix,https://www.etreproprio.com/immobilier-21958733-vente-maison-114m-a-morlaix-morlaix
MORLAIX,Maison 145m² à morlaix,https://www.etreproprio.com/immobilier-23206320-vente-maison-145m-a-morlaix-morlaix
MORLAIX,Maison 112m² à morlaix,https://www.etreproprio.com/immobilier-23534042-vente-maison-112m-a-morlaix-morlaix
MORLAIX,Maison à vendre à morlaix,https://www.etreproprio.com/immobilier-23539065-vente-maison-a-vendre-a-morlaix-morlaix
MORLAIX,Maison 86m² à morlaix,https://www.etreproprio.com/immobilier-23503736-vente-maison-86m-a-morlaix-morlaix
MORLAIX,Maison morlaix 6 pièce(s) 130 m2,https://www.etreproprio.com/immobilier-23344629-vente-maison-morlaix-6-pieces-130-m2-morlaix
MORLAIX,Maison 90m² à morlaix,https://www.etreproprio.com/immobilier-23468928-vente-maison-90m-a-morlaix-morlaix
MORLAIX,Sur les hauteurs de morlaix,https://www.etreproprio.com/immobilier-23321192-vente-sur-les-hauteurs-de-morlaix-morlaix
MORLAIX,Maison morlaix  10 pièce(s) 246 m2,https://www.etreproprio.com/immobilier-23384868-vente-maison-morlaix-10-pieces-246-m2-morlaix
MORLAIX,Maison 117m² à morlaix,https://www.etreproprio.com/immobilier-22584725-vente-maison-117m-a-morlaix-morlaix
MORLAIX,Maison contemporaine plouigneau 145 m2,https://www.etreproprio.com/immobilier-23323936-vente-maison-contemporaine-plouigneau-145-m2-morlaix
MORLAIX,Maison 118m² à morlaix,https://www.etreproprio.com/immobilier-23289829-vente-maison-118m-a-morlaix-morlaix
MORLAIX,Maison 204m² à morlaix,https://www.etreproprio.com/immobilier-23245434-vente-maison-204m-a-morlaix-morlaix
MORLAIX,Maison 124m² à morlaix,https://www.etreproprio.com/immobilier-23200506-vente-maison-124m-a-morlaix-morlaix
MORLAIX,Maison 397m² à morlaix,https://www.etreproprio.com/immobilier-23200511-vente-maison-397m-a-morlaix-morlaix
MORLAIX,Maison morlaix 13 pièce(s) 230 m2 (hyper centre),https://www.etreproprio.com/immobilier-23107378-vente-maison-morlaix-13-pieces-230-m2-hyper-centre-morlaix
NEVEZ,"Névez, maison familiale 172 m2, plages à pied.",https://www.etreproprio.com/immobilier-23834439-vente-nevez-maison-familiale-172-m2-plages-a-pied-nevez
NEVEZ,"Maison familiale bbc (2024) avec suite parentale, jardin et garage   névez (29)",https://www.etreproprio.com/immobilier-23804956-vente-maison-familiale-bbc-2024-avec-suite-parentale-jardin-et-garage-nevez-29-nevez
NEVEZ,"""alaez"" névez centre - maison avec potentiel commercial et professionnel",https://www.etreproprio.com/immobilier-23101654-vente-alaez-nevez-centre-maison-avec-potentiel-commercial-et-professionnel-nevez
NEVEZ,"""alaez""  névez centre - maison familiale accolée aux commerces",https://www.etreproprio.com/immobilier-21534791-vente-alaez-nevez-centre-maison-familiale-accolee-aux-commerces-nevez
NEVEZ,"""riadel"" maison à proximité de la plage de rospico à névez",https://www.etreproprio.com/immobilier-23659552-vente-riadel-maison-a-proximite-de-la-plage-de-rospico-a-nevez-nevez
NEVEZ,Maison bord de mer à névez !,https://www.etreproprio.com/immobilier-23644421-vente-maison-bord-de-mer-a-nevez-nevez
NEVEZ,Belle néobretonne rénovée à névez,https://www.etreproprio.com/immobilier-23634867-vente-belle-neobretonne-renovee-a-nevez-nevez
NEVEZ,"Maison sur sous-sol total à névez, commerces et arrêt de bus à pied",https://www.etreproprio.com/immobilier-23574550-vente-maison-sur-sous-sol-total-a-nevez-commerces-et-arret-de-bus-a-pied-nevez
NEVEZ,Maison nevez 6 pièce(s) 110 m²,https://www.etreproprio.com/immobilier-23316994-vente-maison-nevez-6-pieces-110-m-nevez
NEVEZ,Maison 166m² à nevez,https://www.etreproprio.com/immobilier-22506215-vente-maison-166m-a-nevez-nevez
NEVEZ,"""ar-mor"" port manec'h - maison des années 30 aux volumes familiales",https://www.etreproprio.com/immobilier-23536957-vente-ar-mor-port-manec-h-maison-des-annees-30-aux-volumes-familiales-nevez
NEVEZ,"""bohal"" port manec'h - maison récente de plain-pied",https://www.etreproprio.com/immobilier-23536956-vente-bohal-port-manec-h-maison-recente-de-plain-pied-nevez
NEVEZ,"""madeleine"" maison proche plage de tahiti",https://www.etreproprio.com/immobilier-23524009-vente-madeleine-maison-proche-plage-de-tahiti-nevez
NEVEZ,"Maison 4 chambres  à nevez, les plages à pieds",https://www.etreproprio.com/immobilier-23497263-vente-maison-4-chambres-a-nevez-les-plages-a-pieds-nevez
NEVEZ,Névez - maison de plain-pied proche plage,https://www.etreproprio.com/immobilier-20429057-vente-nevez-maison-de-plain-pied-proche-plage-nevez
NEVEZ,"Maison 4 chambres à nevez, avec piscine",https://www.etreproprio.com/immobilier-21780246-vente-maison-4-chambres-a-nevez-avec-piscine-nevez
NEVEZ,Névez - maison familiale au calme,https://www.etreproprio.com/immobilier-21731285-vente-nevez-maison-familiale-au-calme-nevez
NEVEZ,Maison avec vue mer rospico - 145 m2,https://www.etreproprio.com/immobilier-23394571-vente-maison-avec-vue-mer-rospico-145-m2-nevez
NEVEZ,Maison  5 chambres névez,https://www.etreproprio.com/immobilier-23347737-vente-maison-5-chambres-nevez-nevez
NEVEZ,Maison névez 9 pièce(s) 180.62 m2,https://www.etreproprio.com/immobilier-20569848-vente-maison-nevez-9-pieces-18062-m2-nevez
MOELAN-SUR-MER,Maison moëlan sur mer 4 pièces 74 m2 proche belon,https://www.etreproprio.com/immobilier-23477767-vente-maison-moelan-sur-mer-4-pieces-74-m2-proche-belon-moelan-sur-mer
MOELAN-SUR-MER,Maison 140m² à moelan-sur-mer,https://www.etreproprio.com/immobilier-23471686-vente-maison-140m-a-moelan-sur-mer-moelan-sur-mer
MOELAN-SUR-MER,Maison 119m² à moëlan-sur-mer,https://www.etreproprio.com/immobilier-23468666-vente-maison-119m-a-moelan-sur-mer-moelan-sur-mer
MOELAN-SUR-MER,Maison 130m² à moelan-sur-mer,https://www.etreproprio.com/immobilier-23048543-vente-maison-130m-a-moelan-sur-mer-moelan-sur-mer
MOELAN-SUR-MER,Maison 117m² à moelan-sur-mer,https://www.etreproprio.com/immobilier-23360213-vente-maison-117m-a-moelan-sur-mer-moelan-sur-mer
MOELAN-SUR-MER,Maison en pierre de 79m2 à moëlan-sur-mer,https://www.etreproprio.com/immobilier-23368721-vente-maison-en-pierre-de-79m2-a-moelan-sur-mer-moelan-sur-mer
MOELAN-SUR-MER,"Maison familiale avec véranda, à deux pas du port de brigneau !",https://www.etreproprio.com/immobilier-22753269-vente-maison-familiale-avec-veranda-a-deux-pas-du-port-de-brigneau-moelan-sur-mer
MOELAN-SUR-MER,Maison 115m² à moelan-sur-mer,https://www.etreproprio.com/immobilier-23325734-vente-maison-115m-a-moelan-sur-mer-moelan-sur-mer
MOELAN-SUR-MER,Charmante maison familiale sur sous-sol total à moëlan-sur-mer !,https://www.etreproprio.com/immobilier-23320566-vente-charmante-maison-familiale-sur-sous-sol-total-a-moelan-sur-mer-moelan-sur-mer
MOELAN-SUR-MER,Maison entre mer et commerces,https://www.etreproprio.com/immobilier-23317304-vente-maison-entre-mer-et-commerces-moelan-sur-mer
MOELAN-SUR-MER,Maison 70m² à moelan-sur-mer,https://www.etreproprio.com/immobilier-23300005-vente-maison-70m-a-moelan-sur-mer-moelan-sur-mer
MOELAN-SUR-MER,"Maison 100 m2, moëlan sur mer",https://www.etreproprio.com/immobilier-22996953-vente-maison-100-m2-moelan-sur-mer-moelan-sur-mer
MOELAN-SUR-MER,Maison 115m² à moelan-sur-mer,https://www.etreproprio.com/immobilier-22968280-vente-maison-115m-a-moelan-sur-mer-moelan-sur-mer
MOELAN-SUR-MER,Maison 60m² à moelan-sur-mer,https://www.etreproprio.com/immobilier-22985290-vente-maison-60m-a-moelan-sur-mer-moelan-sur-mer
MOELAN-SUR-MER,""" isis "" maison contemporaine de 2021.",https://www.etreproprio.com/immobilier-22904456-vente-isis-maison-contemporaine-de-2021-moelan-sur-mer
MOELAN-SUR-MER,Maison 80m² à moelan-sur-mer,https://www.etreproprio.com/immobilier-22328476-vente-maison-80m-a-moelan-sur-mer-moelan-sur-mer
MOELAN-SUR-MER,Maison 4 pièces de 2003 à 300 m de la plage,https://www.etreproprio.com/immobilier-23211769-vente-maison-4-pieces-de-2003-a-300-m-de-la-plage-moelan-sur-mer
MOELAN-SUR-MER,Maison 132m² à moelan-sur-mer,https://www.etreproprio.com/immobilier-23195079-vente-maison-132m-a-moelan-sur-mer-moelan-sur-mer
MOELAN-SUR-MER,Maison 140m² à moelan-sur-mer,https://www.etreproprio.com/immobilier-22115585-vente-maison-140m-a-moelan-sur-mer-moelan-sur-mer
MOELAN-SUR-MER,Maison 100m² à moelan-sur-mer,https://www.etreproprio.com/immobilier-23101298-vente-maison-100m-a-moelan-sur-mer-moelan-sur-mer
NEVEZ,Névez - maison la plage à pied!,https://www.etreproprio.com/immobilier-18574684-vente-nevez-maison-la-plage-a-pied-nevez
NEVEZ,"Névez plages à pied - belle maison moderne avec vue mer, piscine et terrasse panoramique",https://www.etreproprio.com/immobilier-22974236-vente-nevez-plages-a-pied-belle-maison-moderne-avec-vue-mer-piscine-et-terrasse-panoramique-nevez
NEVEZ,"Domaine, maison de caractère, névez",https://www.etreproprio.com/immobilier-22908438-vente-domaine-maison-de-caractere-nevez-nevez
NEVEZ,"Maison de caractère, proche mer, plage à pied - 149 m2",https://www.etreproprio.com/immobilier-22525950-vente-maison-de-caractere-proche-mer-plage-a-pied-149-m2-nevez
NEVEZ,Maison familiale centre ville névez,https://www.etreproprio.com/immobilier-20398333-vente-maison-familiale-centre-ville-nevez-nevez
NEVEZ,"""airen"", maison à quelques pas de la plage",https://www.etreproprio.com/immobilier-20929879-vente-airen-maison-a-quelques-pas-de-la-plage-nevez
NEVEZ,"Maison 4 chambres à nevez, plage à pieds",https://www.etreproprio.com/immobilier-19391994-vente-maison-4-chambres-a-nevez-plage-a-pieds-nevez
NEVEZ,Névez - maison rénovée la plage à pied !,https://www.etreproprio.com/immobilier-18798363-vente-nevez-maison-renovee-la-plage-a-pied-nevez
NEVEZ,Maison 95m² à nevez,https://www.etreproprio.com/immobilier-19908747-vente-maison-95m-a-nevez-nevez
NEVEZ,Nevez - maison en pierre,https://www.etreproprio.com/immobilier-15793132-vente-nevez-maison-en-pierre-nevez
MOELAN-SUR-MER,"Maison de caractère, 1930, 138 m2",https://www.etreproprio.com/immobilier-22958008-vente-maison-de-caractere-1930-138-m2-moelan-sur-mer
MOELAN-SUR-MER,Môelan sur mer,https://www.etreproprio.com/immobilier-22931949-vente-moelan-sur-mer-moelan-sur-mer
MOELAN-SUR-MER,Maison de village a moelan sur mer,https://www.etreproprio.com/immobilier-22326432-vente-maison-de-village-a-moelan-sur-mer-moelan-sur-mer
MOELAN-SUR-MER,Moëlan sur mer,https://www.etreproprio.com/immobilier-22895009-vente-moelan-sur-mer-moelan-sur-mer
MOELAN-SUR-MER,Maison moelan sur mer,https://www.etreproprio.com/immobilier-22764066-vente-maison-moelan-sur-mer-moelan-sur-mer
MOELAN-SUR-MER,Maison à vendre 4 pièces  (29),https://www.etreproprio.com/immobilier-21632964-vente-maison-a-vendre-4-pieces-29-moelan-sur-mer
MOELAN-SUR-MER,Corps de ferme bord de mer moëlan - permis de rénovation pour 300m2,https://www.etreproprio.com/immobilier-22686070-vente-corps-de-ferme-bord-de-mer-moelan-permis-de-renovation-pour-300m2-moelan-sur-mer
MOELAN-SUR-MER,Maison 107m² à moelan-sur-mer,https://www.etreproprio.com/immobilier-22672097-vente-maison-107m-a-moelan-sur-mer-moelan-sur-mer
MOELAN-SUR-MER,Maison moëlan sur mer 4 pièces 89 m2,https://www.etreproprio.com/immobilier-22667635-vente-maison-moelan-sur-mer-4-pieces-89-m2-moelan-sur-mer
MOELAN-SUR-MER,Maison à vendre à moelan sur mer 6 pièces 118.3 m2 proche port,https://www.etreproprio.com/immobilier-21842231-vente-maison-a-vendre-a-moelan-sur-mer-6-pieces-1183-m2-proche-port-moelan-sur-mer
MOELAN-SUR-MER,Moëlan sur mer,https://www.etreproprio.com/immobilier-20584586-vente-moelan-sur-mer-moelan-sur-mer
MOELAN-SUR-MER,Maison 153m² à moelan-sur-mer,https://www.etreproprio.com/immobilier-22254887-vente-maison-153m-a-moelan-sur-mer-moelan-sur-mer
MOELAN-SUR-MER,"Maison en ossature bois, contemporaine, à vendre à moelan sur mer 6 pièces 153 m2",https://www.etreproprio.com/immobilier-21206787-vente-maison-en-ossature-bois-contemporaine-a-vendre-a-moelan-sur-mer-6-pieces-153-m2-moelan-sur-mer
MOELAN-SUR-MER,Maison 138m² à moelan-sur-mer,https://www.etreproprio.com/immobilier-22046236-vente-maison-138m-a-moelan-sur-mer-moelan-sur-mer
MOELAN-SUR-MER,Propriété d'exception,https://www.etreproprio.com/immobilier-22530486-vente-propriete-d-exception-moelan-sur-mer
MOELAN-SUR-MER,Moëlan sur mer : chaumière 3 chambres avec piscine,https://www.etreproprio.com/immobilier-22468702-vente-moelan-sur-mer-chaumiere-3-chambres-avec-piscine-moelan-sur-mer
MOELAN-SUR-MER,Maison 70m² à moëlan-sur-mer,https://www.etreproprio.com/immobilier-20827375-vente-maison-70m-a-moelan-sur-mer-moelan-sur-mer
MOELAN-SUR-MER,Maison 141m² à moelan-sur-mer,https://www.etreproprio.com/immobilier-22389364-vente-maison-141m-a-moelan-sur-mer-moelan-sur-mer
MOELAN-SUR-MER,Programme neuf maisons moelan-sur-mer,https://www.etreproprio.com/immobilier-22216259-vente-programme-neuf-maisons-moelan-sur-mer-moelan-sur-mer
MOELAN-SUR-MER,Maison 60m² à moelan-sur-mer,https://www.etreproprio.com/immobilier-22197271-vente-maison-60m-a-moelan-sur-mer-moelan-sur-mer
MORLAIX,Maison morlaix 6 pièce(s) 300 m2,https://www.etreproprio.com/immobilier-19894164-vente-maison-morlaix-6-pieces-300-m2-morlaix
MORLAIX,Maison 31m² à morlaix,https://www.etreproprio.com/immobilier-22893119-vente-maison-31m-a-morlaix-morlaix
MORLAIX,Maison morlaix 4 pièce(s) 89 m2,https://www.etreproprio.com/immobilier-22729003-vente-maison-morlaix-4-pieces-89-m2-morlaix
MORLAIX,Maison morlaix  4 pièce(s) 97 m2,https://www.etreproprio.com/immobilier-22714762-vente-maison-morlaix-4-pieces-97-m2-morlaix
MORLAIX,Demeure de prestige plouezoc h 14 pièce(s) 380 m2,https://www.etreproprio.com/immobilier-22720200-vente-demeure-de-prestige-plouezoc-h-14-pieces-380-m2-morlaix
MORLAIX,Maison 97m² à morlaix,https://www.etreproprio.com/immobilier-22694101-vente-maison-97m-a-morlaix-morlaix
MORLAIX,Maison 83m² à morlaix,https://www.etreproprio.com/immobilier-21958731-vente-maison-83m-a-morlaix-morlaix
MORLAIX,Maison plougonven 150m²,https://www.etreproprio.com/immobilier-22657484-vente-maison-plougonven-150m-morlaix
MORLAIX,Maison morlaix  4 pièce(s) 95 m2,https://www.etreproprio.com/immobilier-22619810-vente-maison-morlaix-4-pieces-95-m2-morlaix
MORLAIX,Maison 144m² à morlaix,https://www.etreproprio.com/immobilier-20535976-vente-maison-144m-a-morlaix-morlaix
MORLAIX,Coup de coeur en ville,https://www.etreproprio.com/immobilier-22372983-vente-coup-de-coeur-en-ville-morlaix
MORLAIX,Demeure de prestige morlaix 11 pièce(s) 185 m2,https://www.etreproprio.com/immobilier-22451624-vente-demeure-de-prestige-morlaix-11-pieces-185-m2-morlaix
MORLAIX,Maison 96m² à morlaix,https://www.etreproprio.com/immobilier-20057639-vente-maison-96m-a-morlaix-morlaix
MORLAIX,Maison 155m² à morlaix,https://www.etreproprio.com/immobilier-21958734-vente-maison-155m-a-morlaix-morlaix
MORLAIX,Maison 380m² à morlaix,https://www.etreproprio.com/immobilier-22292691-vente-maison-380m-a-morlaix-morlaix
MORLAIX,Maison 98m² à morlaix,https://www.etreproprio.com/immobilier-22133766-vente-maison-98m-a-morlaix-morlaix
MORLAIX,Maison de  155m2 avec local 80 m2 morlaix,https://www.etreproprio.com/immobilier-19335571-vente-maison-de-155m2-avec-local-80-m2-morlaix-morlaix
MORLAIX,Maison morlaix 5 pièce(s) 95 m2,https://www.etreproprio.com/immobilier-21759336-vente-maison-morlaix-5-pieces-95-m2-morlaix
MORLAIX,29600 morlaix ancienne minoterie  et sa maison familiale 4 chambres sur 11 000 m² au calme,https://www.etreproprio.com/immobilier-21591220-vente-29600-morlaix-ancienne-minoterie-et-sa-maison-familiale-4-chambres-sur-11-000-m-au-calme-morlaix
MORLAIX,Maison rénovée proche gare,https://www.etreproprio.com/immobilier-21423091-vente-maison-renovee-proche-gare-morlaix
OUESSANT,Finistere - ouessant (29242) - a vendre - maison de 145 m2  - 3 chambres possible 4 - terrain de 2400 m2 - exposition sud - gara,https://www.etreproprio.com/immobilier-23864624-vente-finistere-ouessant-29242-a-vendre-maison-de-145-m2-3-chambres-possible-4-terrain-de-2400-m2-exposition-sud-gara-ouessant
OUESSANT,Maison ouessantine en pierres,https://www.etreproprio.com/immobilier-23802271-vente-maison-ouessantine-en-pierres-ouessant
OUESSANT,Traditionnelle ouessantine,https://www.etreproprio.com/immobilier-22581065-vente-traditionnelle-ouessantine-ouessant
OUESSANT,Fermette ouessantine,https://www.etreproprio.com/immobilier-22589232-vente-fermette-ouessantine-ouessant
MORLAIX,Demeure de prestige locquenole 10 pièce(s) 282 m2,https://www.etreproprio.com/immobilier-19462216-vente-demeure-de-prestige-locquenole-10-pieces-282-m2-morlaix
MORLAIX,Maison 88m² à morlaix,https://www.etreproprio.com/immobilier-21080055-vente-maison-88m-a-morlaix-morlaix
MORLAIX,Sierra blanca - charmante maison de ville méditerranéenne,https://www.etreproprio.com/immobilier-19448429-vente-sierra-blanca-charmante-maison-de-ville-mediterraneenne-morlaix
MORLAIX,Incroyable villa contemporaine avec vue panoramique a el madroñal,https://www.etreproprio.com/immobilier-19293807-vente-incroyable-villa-contemporaine-avec-vue-panoramique-a-el-madronal-morlaix
MORLAIX,Villa extraordinaire avec équipements sur mesure a nueva andalucia,https://www.etreproprio.com/immobilier-19280405-vente-villa-extraordinaire-avec-equipements-sur-mesure-a-nueva-andalucia-morlaix
MORLAIX,Aloha golf club - 6 chambres - piscine - garage,https://www.etreproprio.com/immobilier-19270522-vente-aloha-golf-club-6-chambres-piscine-garage-morlaix
MORLAIX,Las lomas del marbella club - golden mile,https://www.etreproprio.com/immobilier-19270520-vente-las-lomas-del-marbella-club-golden-mile-morlaix
MORLAIX,Villa adriana - 6 suites - la cerquilla - nueva andalucia,https://www.etreproprio.com/immobilier-19270517-vente-villa-adriana-6-suites-la-cerquilla-nueva-andalucia-morlaix
MORLAIX,Maison 382m² à morlaix,https://www.etreproprio.com/immobilier-18173507-vente-maison-382m-a-morlaix-morlaix
MORLAIX,Maison 315m² à morlaix,https://www.etreproprio.com/immobilier-18173505-vente-maison-315m-a-morlaix-morlaix
MORLAIX,Maison 200m² à morlaix,https://www.etreproprio.com/immobilier-18173489-vente-maison-200m-a-morlaix-morlaix
MOELAN-SUR-MER,Maison 109m² à moelan-sur-mer,https://www.etreproprio.com/immobilier-22186772-vente-maison-109m-a-moelan-sur-mer-moelan-sur-mer
MOELAN-SUR-MER,Maison moelan vue sur mer,https://www.etreproprio.com/immobilier-19174760-vente-maison-moelan-vue-sur-mer-moelan-sur-mer
MOELAN-SUR-MER,Maison 7 pièces avec vue mer,https://www.etreproprio.com/immobilier-19102948-vente-maison-7-pieces-avec-vue-mer-moelan-sur-mer
MOELAN-SUR-MER,Maison 108m² à moelan-sur-mer,https://www.etreproprio.com/immobilier-21950730-vente-maison-108m-a-moelan-sur-mer-moelan-sur-mer
MOELAN-SUR-MER,Maison 149m² à moelan-sur-mer,https://www.etreproprio.com/immobilier-21918844-vente-maison-149m-a-moelan-sur-mer-moelan-sur-mer
MOELAN-SUR-MER,Maison 66m² à moelan-sur-mer,https://www.etreproprio.com/immobilier-21786123-vente-maison-66m-a-moelan-sur-mer-moelan-sur-mer
MOELAN-SUR-MER,Maison 130m² à moelan-sur-mer,https://www.etreproprio.com/immobilier-21786124-vente-maison-130m-a-moelan-sur-mer-moelan-sur-mer
MOELAN-SUR-MER,Maison traditionnelle à rénover proche du belon,https://www.etreproprio.com/immobilier-21674051-vente-maison-traditionnelle-a-renover-proche-du-belon-moelan-sur-mer
MOELAN-SUR-MER,Maison proche belon,https://www.etreproprio.com/immobilier-21658475-vente-maison-proche-belon-moelan-sur-mer
MOELAN-SUR-MER,Maison 147m² à moëlan-sur-mer,https://www.etreproprio.com/immobilier-21657796-vente-maison-147m-a-moelan-sur-mer-moelan-sur-mer
MOELAN-SUR-MER,"Maison traditionnelle 150m2, plain pied, commodités à pied, 1,5km des plages",https://www.etreproprio.com/immobilier-21541469-vente-maison-traditionnelle-150m2-plain-pied-commodites-a-pied-15km-des-plages-moelan-sur-mer
MOELAN-SUR-MER,Maison traditionnelle à rénover 6p 4ch - 300m de la côte- petite vue mer,https://www.etreproprio.com/immobilier-21487273-vente-maison-traditionnelle-a-renover-6p-4ch-300m-de-la-cote-petite-vue-mer-moelan-sur-mer
MOELAN-SUR-MER,Maison 110m² à moelan-sur-mer,https://www.etreproprio.com/immobilier-21469256-vente-maison-110m-a-moelan-sur-mer-moelan-sur-mer
MOELAN-SUR-MER,Maison 145m² à moelan-sur-mer,https://www.etreproprio.com/immobilier-21274844-vente-maison-145m-a-moelan-sur-mer-moelan-sur-mer
MOELAN-SUR-MER,Maison 145m² à moelan-sur-mer,https://www.etreproprio.com/immobilier-19472620-vente-maison-145m-a-moelan-sur-mer-moelan-sur-mer
MOELAN-SUR-MER,Maison 42m² à moelan-sur-mer,https://www.etreproprio.com/immobilier-21086327-vente-maison-42m-a-moelan-sur-mer-moelan-sur-mer
MOELAN-SUR-MER,Maison 60m² à moelan-sur-mer,https://www.etreproprio.com/immobilier-21086328-vente-maison-60m-a-moelan-sur-mer-moelan-sur-mer
MOELAN-SUR-MER,Maison 100m² à moelan-sur-mer,https://www.etreproprio.com/immobilier-19796916-vente-maison-100m-a-moelan-sur-mer-moelan-sur-mer
PENCRAN,Maison 114m² à pencran,https://www.etreproprio.com/immobilier-23790725-vente-maison-114m-a-pencran-pencran
PENCRAN,""" déjà vendu par kerebel immobilier """,https://www.etreproprio.com/immobilier-20326043-vente-deja-vendu-par-kerebel-immobilier-pencran
PENMARCH,Maison penmarch 5 pièce(s) 150 m2,https://www.etreproprio.com/immobilier-21832962-vente-maison-penmarch-5-pieces-150-m2-penmarch
PENMARCH,Maison 155m² à penmarch,https://www.etreproprio.com/immobilier-21825643-vente-maison-155m-a-penmarch-penmarch
PENMARCH,"Maison à penmarch, 120 m², 5 chambres et la plage à 5 min à vélo !!!",https://www.etreproprio.com/immobilier-23580604-vente-maison-a-penmarch-120-m-5-chambres-et-la-plage-a-5-min-a-velo-penmarch
PENMARCH,Maison penmarch 5 pièce(s) 108.73 m2,https://www.etreproprio.com/immobilier-23358029-vente-maison-penmarch-5-pieces-10873-m2-penmarch
PENMARCH,Maison 145m² à penmarch,https://www.etreproprio.com/immobilier-23892112-vente-maison-145m-a-penmarch-penmarch
PENMARCH,Maison 108m² à penmarch,https://www.etreproprio.com/immobilier-23884576-vente-maison-108m-a-penmarch-penmarch
PENMARCH,Penmarc'h - maison dans un cadre champêtre,https://www.etreproprio.com/immobilier-23861078-vente-penmarc-h-maison-dans-un-cadre-champetre-penmarch
PENMARCH,Maison 101m² à penmarch,https://www.etreproprio.com/immobilier-23861644-vente-maison-101m-a-penmarch-penmarch
PENMARCH,Maison 119m² à penmarch,https://www.etreproprio.com/immobilier-23854051-vente-maison-119m-a-penmarch-penmarch
PENMARCH,Maison penmarch 7 pièce(s) 132.8 m2,https://www.etreproprio.com/immobilier-23829402-vente-maison-penmarch-7-pieces-1328-m2-penmarch
PENMARCH,Maison 132m² à penmarch,https://www.etreproprio.com/immobilier-23822280-vente-maison-132m-a-penmarch-penmarch
PENMARCH,Maison familiale au coeur de kérity - penmarch,https://www.etreproprio.com/immobilier-23813705-vente-maison-familiale-au-coeur-de-kerity-penmarch-penmarch
PENMARCH,Belle maison familiale 4/5 ch à 600 m de la mer - kerity - penmarch,https://www.etreproprio.com/immobilier-23803940-vente-belle-maison-familiale-45-ch-a-600-m-de-la-mer-kerity-penmarch-penmarch
PENMARCH,Maison 120m² à penmarch,https://www.etreproprio.com/immobilier-21474368-vente-maison-120m-a-penmarch-penmarch
PENMARCH,Maison 112m² à penmarch,https://www.etreproprio.com/immobilier-23767024-vente-maison-112m-a-penmarch-penmarch
PENMARCH,Maison sur penmarch,https://www.etreproprio.com/immobilier-23747574-vente-maison-sur-penmarch-penmarch
PENMARCH,Maison penmarch 6 pièce(s) 140 m2,https://www.etreproprio.com/immobilier-23458371-vente-maison-penmarch-6-pieces-140-m2-penmarch
PENMARCH,Maison 140m² à penmarch,https://www.etreproprio.com/immobilier-23448250-vente-maison-140m-a-penmarch-penmarch
PENMARCH,Maison plain-pied pors carn,https://www.etreproprio.com/immobilier-23701444-vente-maison-plain-pied-pors-carn-penmarch
PENMARCH,Maison 66m² à penmarch,https://www.etreproprio.com/immobilier-23704015-vente-maison-66m-a-penmarch-penmarch
PEUMERIT,Maison 300m² à peumerit,https://www.etreproprio.com/immobilier-23701840-vente-maison-300m-a-peumerit-peumerit
PEUMERIT,Maison 269m² à peumerit,https://www.etreproprio.com/immobilier-22980607-vente-maison-269m-a-peumerit-peumerit
PEUMERIT,Maison 140m² à peumerit,https://www.etreproprio.com/immobilier-23281412-vente-maison-140m-a-peumerit-peumerit
PEUMERIT,Maison peumerit 4 pièce(s) 103 m2,https://www.etreproprio.com/immobilier-22660901-vente-maison-peumerit-4-pieces-103-m2-peumerit
PEUMERIT,Maison 103m² à peumerit,https://www.etreproprio.com/immobilier-22540746-vente-maison-103m-a-peumerit-peumerit
PEUMERIT,Maison peumerit 6 pièces 121 m²,https://www.etreproprio.com/immobilier-19012696-vente-maison-peumerit-6-pieces-121-m-peumerit
PLABENNEC,Maison a vendre t6 plabennec centre ville,https://www.etreproprio.com/immobilier-23880766-vente-maison-a-vendre-t6-plabennec-centre-ville-plabennec
PLABENNEC,Finistere - plabennec (29860) - a vendre - maison 115m² - 5 chambres - centre ville - aucuns travaux - belle piece de vie - depe,https://www.etreproprio.com/immobilier-23864627-vente-finistere-plabennec-29860-a-vendre-maison-115m-5-chambres-centre-ville-aucuns-travaux-belle-piece-de-vie-depe-plabennec
PLABENNEC,Maison 65m² à plabennec,https://www.etreproprio.com/immobilier-23482664-vente-maison-65m-a-plabennec-plabennec
PLABENNEC,Exclusivite maison plabennec 3 pièce(s) 62.5 m2,https://www.etreproprio.com/immobilier-22998694-vente-exclusivite-maison-plabennec-3-pieces-625-m2-plabennec
PLABENNEC,Longère entièrement rénovée - 144 m2 habitables - jardin de 2146 m2,https://www.etreproprio.com/immobilier-23759214-vente-longere-entierement-renovee-144-m2-habitables-jardin-de-2146-m2-plabennec
PLABENNEC,Maison 4 chambres centre plabennec,https://www.etreproprio.com/immobilier-22857128-vente-maison-4-chambres-centre-plabennec-plabennec
PLABENNEC,Charmante maison - 5 chambres - grand jardin,https://www.etreproprio.com/immobilier-22423306-vente-charmante-maison-5-chambres-grand-jardin-plabennec
PLABENNEC,Maison 160m² à plabennec,https://www.etreproprio.com/immobilier-22630746-vente-maison-160m-a-plabennec-plabennec
PLABENNEC,Maison 144m² à plabennec,https://www.etreproprio.com/immobilier-22044196-vente-maison-144m-a-plabennec-plabennec
PLEUVEN,Maison 120m² à pleuven,https://www.etreproprio.com/immobilier-23850091-vente-maison-120m-a-pleuven-pleuven
PLEUVEN,Maison à vendre pleuven,https://www.etreproprio.com/immobilier-23860597-vente-maison-a-vendre-pleuven-pleuven
PLEUVEN,A vendre maison d'architecte avec piscine et vaste terrain à 300 mètres de l'odet,https://www.etreproprio.com/immobilier-22596324-vente-a-vendre-maison-d-architecte-avec-piscine-et-vaste-terrain-a-300-metres-de-l-odet-pleuven
PLEUVEN,Pleuven : maison 120 m2  4 chambres,https://www.etreproprio.com/immobilier-23373412-vente-pleuven-maison-120-m2-4-chambres-pleuven
PLEUVEN,Maison 145m² à pleuven,https://www.etreproprio.com/immobilier-23844735-vente-maison-145m-a-pleuven-pleuven
PLEUVEN,Maison pleuven 6 pièce(s) 145 m2,https://www.etreproprio.com/immobilier-23841220-vente-maison-pleuven-6-pieces-145-m2-pleuven
PLEUVEN,Grande maison de famille a renover,https://www.etreproprio.com/immobilier-23826905-vente-grande-maison-de-famille-a-renover-pleuven
PLEUVEN,Maison familiale,https://www.etreproprio.com/immobilier-23727030-vente-maison-familiale-pleuven
PLEUVEN,Maison 95m² à pleuven,https://www.etreproprio.com/immobilier-23155084-vente-maison-95m-a-pleuven-pleuven
PLEUVEN,À vendre : maison de plain-pied rénovée au cœur de pleuven,https://www.etreproprio.com/immobilier-23762340-vente-a-vendre-maison-de-plain-pied-renovee-au-coeur-de-pleuven-pleuven
PLEUVEN,Maison pleuven 5 pièce(s) 110 m2,https://www.etreproprio.com/immobilier-23100342-vente-maison-pleuven-5-pieces-110-m2-pleuven
PLEUVEN,Maison 110m² à pleuven,https://www.etreproprio.com/immobilier-23769665-vente-maison-110m-a-pleuven-pleuven
PLEUVEN,Maison 135m² à pleuven,https://www.etreproprio.com/immobilier-23755780-vente-maison-135m-a-pleuven-pleuven
PLEUVEN,Maison sur pleuven,https://www.etreproprio.com/immobilier-23747573-vente-maison-sur-pleuven-pleuven
PLEUVEN,"Pleuven, jolie maison d'architecte, avec piscine, au coeur de la nature.",https://www.etreproprio.com/immobilier-22593086-vente-pleuven-jolie-maison-d-architecte-avec-piscine-au-coeur-de-la-nature-pleuven
PLEUVEN,Maison 162m² à pleuven,https://www.etreproprio.com/immobilier-23601181-vente-maison-162m-a-pleuven-pleuven
PLEUVEN,#570 - a vendre -pleuven - maison de 97m2 - terrain de 1100m2,https://www.etreproprio.com/immobilier-21431457-vente-570-a-vendre-pleuven-maison-de-97m2-terrain-de-1100m2-pleuven
PLEUVEN,"À vendre – maison contemporaine à pleuven, 115 m² sur 495 m² de terrain - 4 chambres – vie de plain-pied – proche mer",https://www.etreproprio.com/immobilier-22561917-vente-a-vendre-maison-contemporaine-a-pleuven-115-m-sur-495-m-de-terrain-4-chambres-vie-de-plain-pied-proche-mer-pleuven
PLEUVEN,Maison  5 pièce(s) 103.60 m2,https://www.etreproprio.com/immobilier-22695183-vente-maison-5-pieces-10360-m2-pleuven
PLEUVEN,Maison 85m² à pleuven,https://www.etreproprio.com/immobilier-23330919-vente-maison-85m-a-pleuven-pleuven
PENMARCH,Maison 133m² à penmarch,https://www.etreproprio.com/immobilier-23691236-vente-maison-133m-a-penmarch-penmarch
PENMARCH,Maison de 7 pièces de 193 m² située à penmarch,https://www.etreproprio.com/immobilier-23653498-vente-maison-de-7-pieces-de-193-m-situee-a-penmarch-penmarch
PENMARCH,Propriete à vendre 8 pièces penmarch (29) 193 m2,https://www.etreproprio.com/immobilier-23193044-vente-propriete-a-vendre-8-pieces-penmarch-29-193-m2-penmarch
PENMARCH,Maison 137m² à penmarch,https://www.etreproprio.com/immobilier-23639416-vente-maison-137m-a-penmarch-penmarch
PENMARCH,Maison 130m² à penmarch,https://www.etreproprio.com/immobilier-22160766-vente-maison-130m-a-penmarch-penmarch
PENMARCH,Maison 120m² à penmarch,https://www.etreproprio.com/immobilier-23602957-vente-maison-120m-a-penmarch-penmarch
PENMARCH,Maison 96m² à penmarch,https://www.etreproprio.com/immobilier-21679468-vente-maison-96m-a-penmarch-penmarch
PENMARCH,Maison 90m² à penmarch,https://www.etreproprio.com/immobilier-23583272-vente-maison-90m-a-penmarch-penmarch
PENMARCH,Penmarch - maison a deux pas de la mer,https://www.etreproprio.com/immobilier-23579239-vente-penmarch-maison-a-deux-pas-de-la-mer-penmarch
PENMARCH,Maison penmarch 8 pièce(s) 192.35 m2,https://www.etreproprio.com/immobilier-23114960-vente-maison-penmarch-8-pieces-19235-m2-penmarch
PENMARCH,Maison 192m² à penmarch,https://www.etreproprio.com/immobilier-23115200-vente-maison-192m-a-penmarch-penmarch
PENMARCH,Maison 139m² à penmarch,https://www.etreproprio.com/immobilier-23548671-vente-maison-139m-a-penmarch-penmarch
PENMARCH,Maison 90m² à penmarch,https://www.etreproprio.com/immobilier-23538000-vente-maison-90m-a-penmarch-penmarch
PENMARCH,Maison 79m² à penmarch,https://www.etreproprio.com/immobilier-23515152-vente-maison-79m-a-penmarch-penmarch
PENMARCH,Maison penmarch 4 pièce(s) 79m2 avec 2 dépendances,https://www.etreproprio.com/immobilier-23513166-vente-maison-penmarch-4-pieces-79m2-avec-2-dependances-penmarch
PENMARCH,Ensemble de 2 maisons 147 m2,https://www.etreproprio.com/immobilier-23500674-vente-ensemble-de-2-maisons-147-m2-penmarch
PENMARCH,Maison 82m² à penmarch,https://www.etreproprio.com/immobilier-23501319-vente-maison-82m-a-penmarch-penmarch
PENMARCH,Maison penmarch 10 pièce(s) 130 m2,https://www.etreproprio.com/immobilier-23489855-vente-maison-penmarch-10-pieces-130-m2-penmarch
PENMARCH,Maison 117m² à penmarch,https://www.etreproprio.com/immobilier-23479368-vente-maison-117m-a-penmarch-penmarch
PENMARCH,Maison 160m² à penmarch,https://www.etreproprio.com/immobilier-23472079-vente-maison-160m-a-penmarch-penmarch
PLEUVEN,Maison pleuven proche commodités,https://www.etreproprio.com/immobilier-22515396-vente-maison-pleuven-proche-commodites-pleuven
PLEUVEN,"Beg-meil, grande maison à moins de 1km de la plage !",https://www.etreproprio.com/immobilier-22723406-vente-beg-meil-grande-maison-a-moins-de-1km-de-la-plage-pleuven
PLEUVEN,"Pleuven , côté fouesnant, maison familiale 11pièces sur 2333m² de terrain",https://www.etreproprio.com/immobilier-21618988-vente-pleuven-cote-fouesnant-maison-familiale-11pieces-sur-2333m-de-terrain-pleuven
PLEUVEN,"Pleuven/fouesnant : maison rénovée, 195m², proche commerces",https://www.etreproprio.com/immobilier-20255758-vente-pleuvenfouesnant-maison-renovee-195m-proche-commerces-pleuven
PLEUVEN,"Maison avec belle rénovation, commerces à pieds !",https://www.etreproprio.com/immobilier-23021898-vente-maison-avec-belle-renovation-commerces-a-pieds-pleuven
PLEUVEN,Maison 125m² à pleuven,https://www.etreproprio.com/immobilier-22765864-vente-maison-125m-a-pleuven-pleuven
PLEUVEN,Maison à vendre pleuven,https://www.etreproprio.com/immobilier-21960396-vente-maison-a-vendre-pleuven-pleuven
PLEUVEN,Maison familiale - jardin - pleuven,https://www.etreproprio.com/immobilier-22459313-vente-maison-familiale-jardin-pleuven-pleuven
PLEUVEN,Maison pleuven 4 pièce(s) 80 m2,https://www.etreproprio.com/immobilier-22113121-vente-maison-pleuven-4-pieces-80-m2-pleuven
PLEUVEN,Maison 77m² à pleuven,https://www.etreproprio.com/immobilier-21772410-vente-maison-77m-a-pleuven-pleuven
PLEUVEN,Maison de plain pied proche commerces,https://www.etreproprio.com/immobilier-22036241-vente-maison-de-plain-pied-proche-commerces-pleuven
PLEUVEN,Maison pleuven,https://www.etreproprio.com/immobilier-22012332-vente-maison-pleuven-pleuven
PLEUVEN,Pleuven investisseurs,https://www.etreproprio.com/immobilier-18352716-vente-pleuven-investisseurs-pleuven
PLEYBEN,Maison 61m² à pleyben,https://www.etreproprio.com/immobilier-23903899-vente-maison-61m-a-pleyben-pleyben
PLEYBEN,Maison 78m² à pleyben,https://www.etreproprio.com/immobilier-22568967-vente-maison-78m-a-pleyben-pleyben
PLEYBEN,Maison 205m² à pleyben,https://www.etreproprio.com/immobilier-22604841-vente-maison-205m-a-pleyben-pleyben
PLEYBEN,"Maison pleyben 8 pièce(s) 205,87 m2",https://www.etreproprio.com/immobilier-22604517-vente-maison-pleyben-8-pieces-20587-m2-pleyben
PLEYBEN,Maison 130m² à pleyben,https://www.etreproprio.com/immobilier-23821680-vente-maison-130m-a-pleyben-pleyben
PLEYBEN,Maison 160m² à pleyben,https://www.etreproprio.com/immobilier-23789858-vente-maison-160m-a-pleyben-pleyben
PLEYBEN,Maison 98m² à pleyben,https://www.etreproprio.com/immobilier-23679229-vente-maison-98m-a-pleyben-pleyben
PLEYBEN,Maison 98m² à pleyben,https://www.etreproprio.com/immobilier-23654330-vente-maison-98m-a-pleyben-pleyben
PLEYBEN,Maison 77m² à pleyben,https://www.etreproprio.com/immobilier-23631623-vente-maison-77m-a-pleyben-pleyben
PLEYBEN,"Maison pleyben 5 pièce(s) 77,13  m2",https://www.etreproprio.com/immobilier-23629111-vente-maison-pleyben-5-pieces-7713-m2-pleyben
PLEYBEN,Maison 77m² à pleyben,https://www.etreproprio.com/immobilier-23401339-vente-maison-77m-a-pleyben-pleyben
PLEYBEN,Maison 350m² à pleyben,https://www.etreproprio.com/immobilier-22671094-vente-maison-350m-a-pleyben-pleyben
PLEYBEN,Maison 350m² à pleyben,https://www.etreproprio.com/immobilier-21779296-vente-maison-350m-a-pleyben-pleyben
PLEYBEN,Exclusivité - pleyben - maison 5 pièces avec jardin - en lotissement dpe b!,https://www.etreproprio.com/immobilier-22058030-vente-exclusivite-pleyben-maison-5-pieces-avec-jardin-en-lotissement-dpe-b-pleyben
PLEYBEN,Maison pleyben 7 pièce(s) 207.54 m2,https://www.etreproprio.com/immobilier-20649468-vente-maison-pleyben-7-pieces-20754-m2-pleyben
PLEYBEN,Maison 157m² à pleyben,https://www.etreproprio.com/immobilier-21266866-vente-maison-157m-a-pleyben-pleyben
PLEYBEN,Maison 150m² à pleyben,https://www.etreproprio.com/immobilier-21262452-vente-maison-150m-a-pleyben-pleyben
PLEYBEN,Maison 115m² à pleyben,https://www.etreproprio.com/immobilier-21235613-vente-maison-115m-a-pleyben-pleyben
PLEYBEN,Maison pleyben 7 pièce(s) 150 m2,https://www.etreproprio.com/immobilier-21002993-vente-maison-pleyben-7-pieces-150-m2-pleyben
PLEYBEN,Maison pleyben 5 pièce(s) 115 m2 sur 202 m2 de terrain,https://www.etreproprio.com/immobilier-13812533-vente-maison-pleyben-5-pieces-115-m2-sur-202-m2-de-terrain-pleyben
PLEYBEN,""" déjà vendu par kerebel immobilier """,https://www.etreproprio.com/immobilier-17901585-vente-deja-vendu-par-kerebel-immobilier-pleyben
PENMARCH,Maison familiale profitant d'un grand terrain constructible,https://www.etreproprio.com/immobilier-22924075-vente-maison-familiale-profitant-d-un-grand-terrain-constructible-penmarch
PENMARCH,Maison sur sous-sol à 200 m de la mer - st guénolé - penmarch,https://www.etreproprio.com/immobilier-21541756-vente-maison-sur-sous-sol-a-200-m-de-la-mer-st-guenole-penmarch-penmarch
PENMARCH,Maison familiale - 3 chambres - kérity proche mer - penmarch,https://www.etreproprio.com/immobilier-23405140-vente-maison-familiale-3-chambres-kerity-proche-mer-penmarch-penmarch
PENMARCH,Maison 93m² à penmarch,https://www.etreproprio.com/immobilier-23337725-vente-maison-93m-a-penmarch-penmarch
PENMARCH,Maison vue mer panoramique - 4 chs entre kérity et saint pierre - penmarch,https://www.etreproprio.com/immobilier-23368460-vente-maison-vue-mer-panoramique-4-chs-entre-kerity-et-saint-pierre-penmarch-penmarch
PENMARCH,Ensemble immobilier hangars et maison. plus de 400m2,https://www.etreproprio.com/immobilier-21979569-vente-ensemble-immobilier-hangars-et-maison-plus-de-400m2-penmarch
PENMARCH,Maison 152m² à penmarch,https://www.etreproprio.com/immobilier-22172075-vente-maison-152m-a-penmarch-penmarch
PENMARCH,Maison 190m² à penmarch,https://www.etreproprio.com/immobilier-20748557-vente-maison-190m-a-penmarch-penmarch
PENMARCH,Maison 133m² à penmarch,https://www.etreproprio.com/immobilier-23059683-vente-maison-133m-a-penmarch-penmarch
PENMARCH,Maison 123m² à penmarch,https://www.etreproprio.com/immobilier-22991286-vente-maison-123m-a-penmarch-penmarch
PENMARCH,Maison penmarc'h 5 pièce(s) 130 m2,https://www.etreproprio.com/immobilier-23278987-vente-maison-penmarc-h-5-pieces-130-m2-penmarch
PENMARCH,Maison 85m² à penmarch,https://www.etreproprio.com/immobilier-22440238-vente-maison-85m-a-penmarch-penmarch
PENMARCH,Maison 87m² à penmarch,https://www.etreproprio.com/immobilier-23231902-vente-maison-87m-a-penmarch-penmarch
PENMARCH,Maison indépendante 4 chambres sur 1410 m² de terrain,https://www.etreproprio.com/immobilier-23195377-vente-maison-independante-4-chambres-sur-1410-m-de-terrain-penmarch
PENMARCH,Maison 120m² à penmarch,https://www.etreproprio.com/immobilier-22631898-vente-maison-120m-a-penmarch-penmarch
PENMARCH,Maison penmarch 5 pièce(s) 110 m2,https://www.etreproprio.com/immobilier-22619159-vente-maison-penmarch-5-pieces-110-m2-penmarch
PENMARCH,Maison 160m² à penmarch,https://www.etreproprio.com/immobilier-23153838-vente-maison-160m-a-penmarch-penmarch
PENMARCH,"Spacieuse maison familiale avec jardin arboré   penmarch, proche plage",https://www.etreproprio.com/immobilier-23147895-vente-spacieuse-maison-familiale-avec-jardin-arbore-penmarch-proche-plage-penmarch
PENMARCH,Maison 193m² à penmarch,https://www.etreproprio.com/immobilier-23058214-vente-maison-193m-a-penmarch-penmarch
PENMARCH,Maison 60m² à penmarch,https://www.etreproprio.com/immobilier-22631900-vente-maison-60m-a-penmarch-penmarch
PLEYBER-CHRIST,Maison 93m² à pleyber-christ,https://www.etreproprio.com/immobilier-23675670-vente-maison-93m-a-pleyber-christ-pleyber-christ
PLEYBER-CHRIST,Maison 113m² à pleyber-christ,https://www.etreproprio.com/immobilier-23884091-vente-maison-113m-a-pleyber-christ-pleyber-christ
PLEYBER-CHRIST,Pleyber-christ centre– 2 maisons en pierres – fort potentiel,https://www.etreproprio.com/immobilier-23874869-vente-pleyber-christ-centre-2-maisons-en-pierres-fort-potentiel-pleyber-christ
PLEYBER-CHRIST,Maison pleyber christ 18 pièce(s) 382 m2,https://www.etreproprio.com/immobilier-22238340-vente-maison-pleyber-christ-18-pieces-382-m2-pleyber-christ
PLEYBER-CHRIST,Maison 382m² à pleyber-christ,https://www.etreproprio.com/immobilier-23832360-vente-maison-382m-a-pleyber-christ-pleyber-christ
PLEYBER-CHRIST,Maison 80m² à pleyber-christ,https://www.etreproprio.com/immobilier-23767956-vente-maison-80m-a-pleyber-christ-pleyber-christ
PLEYBER-CHRIST,Maison 143m² à pleyber-christ,https://www.etreproprio.com/immobilier-22316337-vente-maison-143m-a-pleyber-christ-pleyber-christ
PLEYBER-CHRIST,Maison 100m² à pleyber-christ,https://www.etreproprio.com/immobilier-23216477-vente-maison-100m-a-pleyber-christ-pleyber-christ
PLEYBER-CHRIST,Maison 80m² à pleyber-christ,https://www.etreproprio.com/immobilier-21223208-vente-maison-80m-a-pleyber-christ-pleyber-christ
PLEYBER-CHRIST,Maison de caractère 182 m2 en vente à pleyber-christ,https://www.etreproprio.com/immobilier-23452758-vente-maison-de-caractere-182-m2-en-vente-a-pleyber-christ-pleyber-christ
PLEYBER-CHRIST,Maison 95m² à pleyber-christ,https://www.etreproprio.com/immobilier-23442253-vente-maison-95m-a-pleyber-christ-pleyber-christ
PLEYBER-CHRIST,Maison 110m² à pleyber-christ,https://www.etreproprio.com/immobilier-23330503-vente-maison-110m-a-pleyber-christ-pleyber-christ
PLEYBER-CHRIST,Maison 100m² à pleyber-christ,https://www.etreproprio.com/immobilier-23141289-vente-maison-100m-a-pleyber-christ-pleyber-christ
PLEYBER-CHRIST,Maison 50m² à pleyber-christ,https://www.etreproprio.com/immobilier-22671071-vente-maison-50m-a-pleyber-christ-pleyber-christ
PLEYBER-CHRIST,Maison 129m² à pleyber-christ,https://www.etreproprio.com/immobilier-21996276-vente-maison-129m-a-pleyber-christ-pleyber-christ
PLOBANNALEC-LESCONIL,Maison plobannalec lesconil 6 pièce(s) 110 m2,https://www.etreproprio.com/immobilier-23909968-vente-maison-plobannalec-lesconil-6-pieces-110-m2-plobannalec-lesconil
PLOBANNALEC-LESCONIL,Maison 112m² à plobannalec-lesconil,https://www.etreproprio.com/immobilier-23905444-vente-maison-112m-a-plobannalec-lesconil-plobannalec-lesconil
PLOBANNALEC-LESCONIL,Belle maison de famille à plobannalec lesconil,https://www.etreproprio.com/immobilier-23893760-vente-belle-maison-de-famille-a-plobannalec-lesconil-plobannalec-lesconil
PLOBANNALEC-LESCONIL,Plobannalec  - spacieuse maison dans un havre de paix,https://www.etreproprio.com/immobilier-23891798-vente-plobannalec-spacieuse-maison-dans-un-havre-de-paix-plobannalec-lesconil
PLOBANNALEC-LESCONIL,Maison 165m² à plobannalec-lesconil,https://www.etreproprio.com/immobilier-23884578-vente-maison-165m-a-plobannalec-lesconil-plobannalec-lesconil
PLOBANNALEC-LESCONIL,Plobannalec-lesconil - maison avec vie de plain-pied,https://www.etreproprio.com/immobilier-22012382-vente-plobannalec-lesconil-maison-avec-vie-de-plain-pied-plobannalec-lesconil
PLOBANNALEC-LESCONIL,Plobannalec-lesconil - maison avec vie de plain-pied,https://www.etreproprio.com/immobilier-21990810-vente-plobannalec-lesconil-maison-avec-vie-de-plain-pied-plobannalec-lesconil
PLOBANNALEC-LESCONIL,Maison 131m² à plobannalec-lesconil,https://www.etreproprio.com/immobilier-22895243-vente-maison-131m-a-plobannalec-lesconil-plobannalec-lesconil
PLOBANNALEC-LESCONIL,Lesconil - immeuble sur le port,https://www.etreproprio.com/immobilier-22012380-vente-lesconil-immeuble-sur-le-port-plobannalec-lesconil
PLOBANNALEC-LESCONIL,Lesconil - immeuble sur le port,https://www.etreproprio.com/immobilier-21990808-vente-lesconil-immeuble-sur-le-port-plobannalec-lesconil
PLOBANNALEC-LESCONIL,Belle maison récente - 4 chs - plobannalec-lesconil,https://www.etreproprio.com/immobilier-23834148-vente-belle-maison-recente-4-chs-plobannalec-lesconil-plobannalec-lesconil
PLOBANNALEC-LESCONIL,Chalet plobannalec lesconil 3 pièce(s) 27 m2,https://www.etreproprio.com/immobilier-22428693-vente-chalet-plobannalec-lesconil-3-pieces-27-m2-plobannalec-lesconil
PLOBANNALEC-LESCONIL,Maison 27m² à plobannalec-lesconil,https://www.etreproprio.com/immobilier-22390744-vente-maison-27m-a-plobannalec-lesconil-plobannalec-lesconil
PLOBANNALEC-LESCONIL,Maison 62m² à plobannalec-lesconil,https://www.etreproprio.com/immobilier-23799456-vente-maison-62m-a-plobannalec-lesconil-plobannalec-lesconil
PLOBANNALEC-LESCONIL,Maison 155m² à plobannalec-lesconil,https://www.etreproprio.com/immobilier-23782242-vente-maison-155m-a-plobannalec-lesconil-plobannalec-lesconil
PLOBANNALEC-LESCONIL,Maison 110m² à plobannalec-lesconil,https://www.etreproprio.com/immobilier-23754446-vente-maison-110m-a-plobannalec-lesconil-plobannalec-lesconil
PLOBANNALEC-LESCONIL,Maison sur plobannales lesconil,https://www.etreproprio.com/immobilier-23693646-vente-maison-sur-plobannales-lesconil-plobannalec-lesconil
PLOBANNALEC-LESCONIL,Maison 188m² à plobannalec-lesconil,https://www.etreproprio.com/immobilier-23664017-vente-maison-188m-a-plobannalec-lesconil-plobannalec-lesconil
PLOBANNALEC-LESCONIL,Maison 180m² à plobannalec-lesconil,https://www.etreproprio.com/immobilier-20749926-vente-maison-180m-a-plobannalec-lesconil-plobannalec-lesconil
PLOBANNALEC-LESCONIL,Maison 179m² à plobannalec-lesconil,https://www.etreproprio.com/immobilier-23607765-vente-maison-179m-a-plobannalec-lesconil-plobannalec-lesconil
PLOEVEN,"Maison de 8 pièces, 165 m² - ploéven 29550",https://www.etreproprio.com/immobilier-23772170-vente-maison-de-8-pieces-165-m-ploeven-29550-ploeven
PLOEVEN,Maison sur ploeven,https://www.etreproprio.com/immobilier-23693648-vente-maison-sur-ploeven-ploeven
PLOEVEN,Maison 105m² à ploeven,https://www.etreproprio.com/immobilier-23491439-vente-maison-105m-a-ploeven-ploeven
PLOEVEN,Maison ploeven 6 pièce(s) 105 m2,https://www.etreproprio.com/immobilier-23489852-vente-maison-ploeven-6-pieces-105-m2-ploeven
PLOEVEN,Corps de ferme de 135 m2 à ploéven (29150),https://www.etreproprio.com/immobilier-23354090-vente-corps-de-ferme-de-135-m2-a-ploeven-29150-ploeven
PENMARCH,"À vendre  maison à penmarch, proche plage du ster",https://www.etreproprio.com/immobilier-22619160-vente-a-vendre-maison-a-penmarch-proche-plage-du-ster-penmarch
PENMARCH,Maison 98m² à penmarch,https://www.etreproprio.com/immobilier-23031911-vente-maison-98m-a-penmarch-penmarch
PENMARCH,Maison penmarch 6 pièce(s) 130 m2,https://www.etreproprio.com/immobilier-22747412-vente-maison-penmarch-6-pieces-130-m2-penmarch
PENMARCH,Maison 130m² à penmarch,https://www.etreproprio.com/immobilier-22749999-vente-maison-130m-a-penmarch-penmarch
PENMARCH,Maison avec une vue mer exceptionnelle,https://www.etreproprio.com/immobilier-22959339-vente-maison-avec-une-vue-mer-exceptionnelle-penmarch
PENMARCH,Maison 58m² à penmarch,https://www.etreproprio.com/immobilier-22959982-vente-maison-58m-a-penmarch-penmarch
PENMARCH,Maison 120m² à penmarch,https://www.etreproprio.com/immobilier-21474605-vente-maison-120m-a-penmarch-penmarch
PENMARCH,Maison 129m² à penmarch,https://www.etreproprio.com/immobilier-21981041-vente-maison-129m-a-penmarch-penmarch
PENMARCH,Maison 130m² à penmarch,https://www.etreproprio.com/immobilier-21484892-vente-maison-130m-a-penmarch-penmarch
PENMARCH,Maison 6 pp penmarc'h kerity - plage à pied,https://www.etreproprio.com/immobilier-22219400-vente-maison-6-pp-penmarc-h-kerity-plage-a-pied-penmarch
PENMARCH,Maison 150m² à penmarch,https://www.etreproprio.com/immobilier-22577349-vente-maison-150m-a-penmarch-penmarch
PENMARCH,Maison penmarch 4 pièce(s) 80 m2,https://www.etreproprio.com/immobilier-22892786-vente-maison-penmarch-4-pieces-80-m2-penmarch
PENMARCH,Très belle maison familiale - 5 chs - vie de plain-pied - kérity penmarch,https://www.etreproprio.com/immobilier-22192765-vente-tres-belle-maison-familiale-5-chs-vie-de-plain-pied-kerity-penmarch-penmarch
PENMARCH,Kerity penmarc'h pavillon t5,https://www.etreproprio.com/immobilier-22887630-vente-kerity-penmarc-h-pavillon-t5-penmarch
PENMARCH,Maison 200m² à penmarch,https://www.etreproprio.com/immobilier-22855887-vente-maison-200m-a-penmarch-penmarch
PENMARCH,Maison penmarch 6 pièce(s) 120 m2,https://www.etreproprio.com/immobilier-21462493-vente-maison-penmarch-6-pieces-120-m2-penmarch
PENMARCH,Maison 155m² à penmarch,https://www.etreproprio.com/immobilier-22638979-vente-maison-155m-a-penmarch-penmarch
PENMARCH,Maison penmarch 4 pièce(s) 108 m2,https://www.etreproprio.com/immobilier-21627009-vente-maison-penmarch-4-pieces-108-m2-penmarch
PENMARCH,Maison 108m² à penmarch,https://www.etreproprio.com/immobilier-21526915-vente-maison-108m-a-penmarch-penmarch
PENMARCH,"Magnifique longère - saint guénolé, proche pors carn !",https://www.etreproprio.com/immobilier-21750430-vente-magnifique-longere-saint-guenole-proche-pors-carn-penmarch
PLOGASTEL-SAINT-GERMAIN,Maison à proximité du bourg,https://www.etreproprio.com/immobilier-23773075-vente-maison-a-proximite-du-bourg-plogastel-saint-germain
PLOGASTEL-SAINT-GERMAIN,Plogastel saint germain (29)maison à vendre maison t6 de 112 m² habitable et 150 m² utile - garage - terrain de 880 m²,https://www.etreproprio.com/immobilier-23877007-vente-plogastel-saint-germain-29maison-a-vendre-maison-t6-de-112-m-habitable-et-150-m-utile-garage-terrain-de-880-m-plogastel-saint-germain
PLOGASTEL-SAINT-GERMAIN,Maison plogastel saint germain 4 pièce(s) 95m2,https://www.etreproprio.com/immobilier-22158636-vente-maison-plogastel-saint-germain-4-pieces-95m2-plogastel-saint-germain
PLOGASTEL-SAINT-GERMAIN,Maison 95m² à plogastel-saint-germain,https://www.etreproprio.com/immobilier-22160771-vente-maison-95m-a-plogastel-saint-germain-plogastel-saint-germain
PLOGASTEL-SAINT-GERMAIN,Maison de caractère sur 3 niveaux,https://www.etreproprio.com/immobilier-23773033-vente-maison-de-caractere-sur-3-niveaux-plogastel-saint-germain
PLOGASTEL-SAINT-GERMAIN,Maison 110m² à plogastel-saint-germain,https://www.etreproprio.com/immobilier-23538073-vente-maison-110m-a-plogastel-saint-germain-plogastel-saint-germain
PLOGASTEL-SAINT-GERMAIN,Maison 152m² à plogastel-saint-germain,https://www.etreproprio.com/immobilier-23472559-vente-maison-152m-a-plogastel-saint-germain-plogastel-saint-germain
PLOGASTEL-SAINT-GERMAIN,Vente maison plogastel-saint-germain(29710) 1 095 600ï¿œ,https://www.etreproprio.com/immobilier-23335296-vente-vente-maison-plogastel-saint-germain29710-1-095-600i-oe-plogastel-saint-germain
PLOGASTEL-SAINT-GERMAIN,A vendre-bretagne-finistère sud-plogastel saint germain- maison-4 pièces-jardin-garage,https://www.etreproprio.com/immobilier-23158047-vente-a-vendre-bretagne-finistere-sud-plogastel-saint-germain-maison-4-pieces-jardin-garage-plogastel-saint-germain
PLOGASTEL-SAINT-GERMAIN,Maison 107m² à plogastel-saint-germain,https://www.etreproprio.com/immobilier-21880563-vente-maison-107m-a-plogastel-saint-germain-plogastel-saint-germain
PLOGASTEL-SAINT-GERMAIN,Maison 159m² à plogastel-saint-germain,https://www.etreproprio.com/immobilier-22541088-vente-maison-159m-a-plogastel-saint-germain-plogastel-saint-germain
PLOGASTEL-SAINT-GERMAIN,Maison familiale à la campagne,https://www.etreproprio.com/immobilier-20742523-vente-maison-familiale-a-la-campagne-plogastel-saint-germain
PLOGASTEL-SAINT-GERMAIN,Plogastel saint germain maison de 118 m² sortie du bourg,https://www.etreproprio.com/immobilier-16937019-vente-plogastel-saint-germain-maison-de-118-m-sortie-du-bourg-plogastel-saint-germain
PLOBANNALEC-LESCONIL,Maison 102m² à plobannalec-lesconil,https://www.etreproprio.com/immobilier-23606985-vente-maison-102m-a-plobannalec-lesconil-plobannalec-lesconil
PLOBANNALEC-LESCONIL,Maison 101m² à plobannalec-lesconil,https://www.etreproprio.com/immobilier-23603365-vente-maison-101m-a-plobannalec-lesconil-plobannalec-lesconil
PLOBANNALEC-LESCONIL,Maison port de lesconil 5 pièce(s) 101 m2,https://www.etreproprio.com/immobilier-23590980-vente-maison-port-de-lesconil-5-pieces-101-m2-plobannalec-lesconil
PLOBANNALEC-LESCONIL,Maison familiale avec vie de plain-pied,https://www.etreproprio.com/immobilier-23552455-vente-maison-familiale-avec-vie-de-plain-pied-plobannalec-lesconil
PLOBANNALEC-LESCONIL,Maison à vendre 8 pièces plobannalec (29),https://www.etreproprio.com/immobilier-23479796-vente-maison-a-vendre-8-pieces-plobannalec-29-plobannalec-lesconil
PLOBANNALEC-LESCONIL,Plobannalec-lesconil - bungalow dans un prl,https://www.etreproprio.com/immobilier-22429106-vente-plobannalec-lesconil-bungalow-dans-un-prl-plobannalec-lesconil
PLOBANNALEC-LESCONIL,Plobannalec-lesconil - bungalow dans un prl,https://www.etreproprio.com/immobilier-22429245-vente-plobannalec-lesconil-bungalow-dans-un-prl-plobannalec-lesconil
PLOBANNALEC-LESCONIL,Maison 137m² à plobannalec-lesconil,https://www.etreproprio.com/immobilier-23434404-vente-maison-137m-a-plobannalec-lesconil-plobannalec-lesconil
PLOBANNALEC-LESCONIL,Maison 137m² à plobannalec-lesconil,https://www.etreproprio.com/immobilier-22427166-vente-maison-137m-a-plobannalec-lesconil-plobannalec-lesconil
PLOBANNALEC-LESCONIL,Maison 86m² à plobannalec-lesconil,https://www.etreproprio.com/immobilier-23408355-vente-maison-86m-a-plobannalec-lesconil-plobannalec-lesconil
PLOBANNALEC-LESCONIL,Maison 112m² à plobannalec-lesconil,https://www.etreproprio.com/immobilier-21474367-vente-maison-112m-a-plobannalec-lesconil-plobannalec-lesconil
PLOBANNALEC-LESCONIL,Maison 149m² à plobannalec-lesconil,https://www.etreproprio.com/immobilier-23231829-vente-maison-149m-a-plobannalec-lesconil-plobannalec-lesconil
PLOBANNALEC-LESCONIL,Maison 148m² à plobannalec-lesconil,https://www.etreproprio.com/immobilier-23065527-vente-maison-148m-a-plobannalec-lesconil-plobannalec-lesconil
PLOBANNALEC-LESCONIL,Maison 96m² à plobannalec-lesconil,https://www.etreproprio.com/immobilier-23177894-vente-maison-96m-a-plobannalec-lesconil-plobannalec-lesconil
PLOBANNALEC-LESCONIL,Maison 155m² à plobannalec-lesconil,https://www.etreproprio.com/immobilier-23149070-vente-maison-155m-a-plobannalec-lesconil-plobannalec-lesconil
PLOBANNALEC-LESCONIL,Maison plobannalec lesconil 5 pièces 83.86 m²,https://www.etreproprio.com/immobilier-23123589-vente-maison-plobannalec-lesconil-5-pieces-8386-m-plobannalec-lesconil
PLOBANNALEC-LESCONIL,Maison 90m² à plobannalec-lesconil,https://www.etreproprio.com/immobilier-21565023-vente-maison-90m-a-plobannalec-lesconil-plobannalec-lesconil
PLOBANNALEC-LESCONIL,Maison 83m² à plobannalec-lesconil,https://www.etreproprio.com/immobilier-23126672-vente-maison-83m-a-plobannalec-lesconil-plobannalec-lesconil
PLOBANNALEC-LESCONIL,Maison 118m² à plobannalec-lesconil,https://www.etreproprio.com/immobilier-23113937-vente-maison-118m-a-plobannalec-lesconil-plobannalec-lesconil
PLOBANNALEC-LESCONIL,Maison 118m² à plobannalec-lesconil,https://www.etreproprio.com/immobilier-22588619-vente-maison-118m-a-plobannalec-lesconil-plobannalec-lesconil
PENMARCH,Maison 121m² à penmarch,https://www.etreproprio.com/immobilier-21254591-vente-maison-121m-a-penmarch-penmarch
PENMARCH,Maison 202m² à penmarch,https://www.etreproprio.com/immobilier-22638465-vente-maison-202m-a-penmarch-penmarch
PENMARCH,Penmarc'h - charmante maison dans un environnement agréable,https://www.etreproprio.com/immobilier-20479343-vente-penmarc-h-charmante-maison-dans-un-environnement-agreable-penmarch
PENMARCH,Maison 207m² à penmarch,https://www.etreproprio.com/immobilier-22141919-vente-maison-207m-a-penmarch-penmarch
PENMARCH,Penmarch – 2min de la mer - maison d’architecte,https://www.etreproprio.com/immobilier-22142070-vente-penmarch-2min-de-la-mer-maison-d-architecte-penmarch
PENMARCH,Belle maison d'architecte proche de la plage de pors carn !,https://www.etreproprio.com/immobilier-22454500-vente-belle-maison-d-architecte-proche-de-la-plage-de-pors-carn-penmarch
PENMARCH,Maison 100m² vue sur la mer,https://www.etreproprio.com/immobilier-22534828-vente-maison-100m-vue-sur-la-mer-penmarch
PENMARCH,Maison proche plage kerity,https://www.etreproprio.com/immobilier-22488803-vente-maison-proche-plage-kerity-penmarch
PENMARCH,Maison 129m² à penmarch,https://www.etreproprio.com/immobilier-22001513-vente-maison-129m-a-penmarch-penmarch
PENMARCH,"Maison penmarch 6 pièce(s) 129 m2, total 314 m2",https://www.etreproprio.com/immobilier-21979570-vente-maison-penmarch-6-pieces-129-m2-total-314-m2-penmarch
PENMARCH,Grande maison familliale - 6 chs -  double garage penmarch,https://www.etreproprio.com/immobilier-22288816-vente-grande-maison-familliale-6-chs-double-garage-penmarch-penmarch
PENMARCH,Maison penmarch  5 pièce(s) 90 m2,https://www.etreproprio.com/immobilier-22286592-vente-maison-penmarch-5-pieces-90-m2-penmarch
PENMARCH,Ensemble immobilier penmarch,https://www.etreproprio.com/immobilier-22231075-vente-ensemble-immobilier-penmarch-penmarch
PENMARCH,Maison familiale - entre la joie et saint pierre - proche mer penmarch,https://www.etreproprio.com/immobilier-20396972-vente-maison-familiale-entre-la-joie-et-saint-pierre-proche-mer-penmarch-penmarch
PENMARCH,Maison 90m² à penmarch,https://www.etreproprio.com/immobilier-22160330-vente-maison-90m-a-penmarch-penmarch
PENMARCH,Maison à penmarch d'environ 125 m² habitables,https://www.etreproprio.com/immobilier-22090750-vente-maison-a-penmarch-d-environ-125-m-habitables-penmarch
PENMARCH,Maison 104m² à penmarch,https://www.etreproprio.com/immobilier-22046992-vente-maison-104m-a-penmarch-penmarch
PENMARCH,Maison 97m² à penmarch,https://www.etreproprio.com/immobilier-21966646-vente-maison-97m-a-penmarch-penmarch
PENMARCH,Maison saint guenole 5 pièce(s) 127.7 m2,https://www.etreproprio.com/immobilier-21868637-vente-maison-saint-guenole-5-pieces-1277-m2-penmarch
PENMARCH,Maison familiale - 3chs - 2 garages - bourg de penmarch,https://www.etreproprio.com/immobilier-20115674-vente-maison-familiale-3chs-2-garages-bourg-de-penmarch-penmarch
PLOBANNALEC-LESCONIL,Terrain de loisir 331 m2 avec mobilhome et ses annexes,https://www.etreproprio.com/immobilier-22937443-vente-terrain-de-loisir-331-m2-avec-mobilhome-et-ses-annexes-plobannalec-lesconil
PLOBANNALEC-LESCONIL,Maison lesconil 6 pièce(s) 118 m2,https://www.etreproprio.com/immobilier-22586831-vente-maison-lesconil-6-pieces-118-m2-plobannalec-lesconil
PLOBANNALEC-LESCONIL,Maison plobannalec lesconil 4 pièce(s) 92m2,https://www.etreproprio.com/immobilier-22919239-vente-maison-plobannalec-lesconil-4-pieces-92m2-plobannalec-lesconil
PLOBANNALEC-LESCONIL,Maison 92m² à plobannalec-lesconil,https://www.etreproprio.com/immobilier-22921523-vente-maison-92m-a-plobannalec-lesconil-plobannalec-lesconil
PLOBANNALEC-LESCONIL,Maison plobannalec lesconil 6 pièce(s) 128 m2,https://www.etreproprio.com/immobilier-20839687-vente-maison-plobannalec-lesconil-6-pieces-128-m2-plobannalec-lesconil
PLOBANNALEC-LESCONIL,Maison 128m² à plobannalec-lesconil,https://www.etreproprio.com/immobilier-21262472-vente-maison-128m-a-plobannalec-lesconil-plobannalec-lesconil
PLOBANNALEC-LESCONIL,Maison 90m² à plobannalec-lesconil,https://www.etreproprio.com/immobilier-21262469-vente-maison-90m-a-plobannalec-lesconil-plobannalec-lesconil
PLOBANNALEC-LESCONIL,Maison plobannalec lesconil 6 pièce(s) 90m2,https://www.etreproprio.com/immobilier-20659923-vente-maison-plobannalec-lesconil-6-pieces-90m2-plobannalec-lesconil
PLOBANNALEC-LESCONIL,"Plobannalec, jolie maison neuve de 115m² ,à deux pas des commerces.",https://www.etreproprio.com/immobilier-21227016-vente-plobannalec-jolie-maison-neuve-de-115m-a-deux-pas-des-commerces-plobannalec-lesconil
PLOBANNALEC-LESCONIL,Maison 219m² à plobannalec-lesconil,https://www.etreproprio.com/immobilier-22547603-vente-maison-219m-a-plobannalec-lesconil-plobannalec-lesconil
PLOBANNALEC-LESCONIL,Maison 60m² à plobannalec-lesconil,https://www.etreproprio.com/immobilier-22369781-vente-maison-60m-a-plobannalec-lesconil-plobannalec-lesconil
PLOBANNALEC-LESCONIL,Maison 76m² à plobannalec-lesconil,https://www.etreproprio.com/immobilier-21235638-vente-maison-76m-a-plobannalec-lesconil-plobannalec-lesconil
PLOBANNALEC-LESCONIL,Plobannalec lesconil - au calme,https://www.etreproprio.com/immobilier-21990809-vente-plobannalec-lesconil-au-calme-plobannalec-lesconil
PLOBANNALEC-LESCONIL,Plobannalec lesconil - au calme,https://www.etreproprio.com/immobilier-22012381-vente-plobannalec-lesconil-au-calme-plobannalec-lesconil
PLOBANNALEC-LESCONIL,Maison 140m² à plobannalec-lesconil,https://www.etreproprio.com/immobilier-22112065-vente-maison-140m-a-plobannalec-lesconil-plobannalec-lesconil
PLOBANNALEC-LESCONIL,Lesconil - belle maison familiale,https://www.etreproprio.com/immobilier-22060610-vente-lesconil-belle-maison-familiale-plobannalec-lesconil
PLOBANNALEC-LESCONIL,Plobannalec-lesconil - corps de ferme en campagne,https://www.etreproprio.com/immobilier-22012376-vente-plobannalec-lesconil-corps-de-ferme-en-campagne-plobannalec-lesconil
PLOBANNALEC-LESCONIL,Plobannalec-lesconil - corps de ferme en campagne,https://www.etreproprio.com/immobilier-21990803-vente-plobannalec-lesconil-corps-de-ferme-en-campagne-plobannalec-lesconil
PLOBANNALEC-LESCONIL,Maison 112m² à plobannalec-lesconil,https://www.etreproprio.com/immobilier-21240809-vente-maison-112m-a-plobannalec-lesconil-plobannalec-lesconil
PLOGOFF,Maison plogoff 5 pièce(s),https://www.etreproprio.com/immobilier-23903205-vente-maison-plogoff-5-pieces-plogoff
PLOGOFF,Maison 245m² à plogoff,https://www.etreproprio.com/immobilier-23877482-vente-maison-245m-a-plogoff-plogoff
PLOGOFF,Maison 110m² à plogoff,https://www.etreproprio.com/immobilier-23850800-vente-maison-110m-a-plogoff-plogoff
PLOGOFF,Maison de bourg à rénover avec jardin- plogoff,https://www.etreproprio.com/immobilier-23842859-vente-maison-de-bourg-a-renover-avec-jardin-plogoff-plogoff
PLOGOFF,Maison 200m² à plogoff,https://www.etreproprio.com/immobilier-23768780-vente-maison-200m-a-plogoff-plogoff
PLOGOFF,Maison 106m² à plogoff,https://www.etreproprio.com/immobilier-23724899-vente-maison-106m-a-plogoff-plogoff
PLOGOFF,Maison 68m² à plogoff,https://www.etreproprio.com/immobilier-23691274-vente-maison-68m-a-plogoff-plogoff
PLOGOFF,Maison plogoff 5 pièces 106 m2,https://www.etreproprio.com/immobilier-23657641-vente-maison-plogoff-5-pieces-106-m2-plogoff
PLOGOFF,Maison 190m² à plogoff,https://www.etreproprio.com/immobilier-23429870-vente-maison-190m-a-plogoff-plogoff
PLOGOFF,Maison plogoff 15 pièce(s) 192.21 m2,https://www.etreproprio.com/immobilier-22976607-vente-maison-plogoff-15-pieces-19221-m2-plogoff
PLOGOFF,Maison 460m² à plogoff,https://www.etreproprio.com/immobilier-23378475-vente-maison-460m-a-plogoff-plogoff
PLOGOFF,Maison 245m² à plogoff,https://www.etreproprio.com/immobilier-23378479-vente-maison-245m-a-plogoff-plogoff
PLOGOFF,Maison 103m² à plogoff,https://www.etreproprio.com/immobilier-16377730-vente-maison-103m-a-plogoff-plogoff
PLOGONNEC,Maison 87m² à plogonnec,https://www.etreproprio.com/immobilier-23895283-vente-maison-87m-a-plogonnec-plogonnec
PLOGONNEC,Maison 90m² à plogonnec,https://www.etreproprio.com/immobilier-23863503-vente-maison-90m-a-plogonnec-plogonnec
PLOGONNEC,Maison en pierre avec jardin et véranda plogonnec,https://www.etreproprio.com/immobilier-23770683-vente-maison-en-pierre-avec-jardin-et-veranda-plogonnec-plogonnec
PLOGONNEC,Maison à vendre sur sous-sol total - secteur plogonnec - surface habitable 134 m2 - 6 pièces- 4 chambres - 1 bureau- véranda- ja,https://www.etreproprio.com/immobilier-23494837-vente-maison-a-vendre-sur-sous-sol-total-secteur-plogonnec-surface-habitable-134-m2-6-pieces-4-chambres-1-bureau-veranda-ja-plogonnec
PLOGONNEC,"Maison plogonnec avec grand terrain 1,8ha",https://www.etreproprio.com/immobilier-22377532-vente-maison-plogonnec-avec-grand-terrain-18ha-plogonnec
PLOGONNEC,Maison récente,https://www.etreproprio.com/immobilier-22897516-vente-maison-recente-plogonnec
PENMARCH,Maison familiale à rénover - 4 chs - saint guénolé penmarch,https://www.etreproprio.com/immobilier-21590798-vente-maison-familiale-a-renover-4-chs-saint-guenole-penmarch-penmarch
PENMARCH,Maison 100m² à penmarch,https://www.etreproprio.com/immobilier-21254584-vente-maison-100m-a-penmarch-penmarch
PENMARCH,Maison  5 pièce(s) 137.24 m2,https://www.etreproprio.com/immobilier-19767986-vente-maison-5-pieces-13724-m2-penmarch
PENMARCH,Penmarc'h - maison t5 pors carn,https://www.etreproprio.com/immobilier-20659921-vente-penmarc-h-maison-t5-pors-carn-penmarch
PLOMELIN,Maison en pierres rénovée à plomelin,https://www.etreproprio.com/immobilier-23491238-vente-maison-en-pierres-renovee-a-plomelin-plomelin
PLOMELIN,Maison sur plomelin,https://www.etreproprio.com/immobilier-23885984-vente-maison-sur-plomelin-plomelin
PLOMELIN,Maison 140m² à plomelin,https://www.etreproprio.com/immobilier-23873668-vente-maison-140m-a-plomelin-plomelin
PLOMELIN,Maison traditionnelle sur plomelin,https://www.etreproprio.com/immobilier-23829638-vente-maison-traditionnelle-sur-plomelin-plomelin
PLOMELIN,Manoir au bord de l'eau - plomelin - 430+220m²,https://www.etreproprio.com/immobilier-23792108-vente-manoir-au-bord-de-l-eau-plomelin-430220m-plomelin
PLOMELIN,#579 - a vendre - plomelin - 94m2,https://www.etreproprio.com/immobilier-23773620-vente-579-a-vendre-plomelin-94m2-plomelin
PLOMELIN,Maison 134m² à plomelin,https://www.etreproprio.com/immobilier-23712078-vente-maison-134m-a-plomelin-plomelin
PLOMELIN,Maison 200m² à plomelin,https://www.etreproprio.com/immobilier-23704017-vente-maison-200m-a-plomelin-plomelin
PLOMELIN,Maison 160m² à plomelin,https://www.etreproprio.com/immobilier-23612784-vente-maison-160m-a-plomelin-plomelin
PLOMELIN,Maison 128m² à plomelin,https://www.etreproprio.com/immobilier-23583273-vente-maison-128m-a-plomelin-plomelin
PLOMELIN,Maison 125m² à plomelin,https://www.etreproprio.com/immobilier-23145700-vente-maison-125m-a-plomelin-plomelin
PLOMELIN,Maison en pierres en campagne de plomelin,https://www.etreproprio.com/immobilier-23536665-vente-maison-en-pierres-en-campagne-de-plomelin-plomelin
PLOMELIN,Maison plomelin 140 m² en impasse,https://www.etreproprio.com/immobilier-23491237-vente-maison-plomelin-140-m-en-impasse-plomelin
PLOMELIN,Maison familiale - plomelin,https://www.etreproprio.com/immobilier-22459316-vente-maison-familiale-plomelin-plomelin
PLOMELIN,Maison contemporaine sur plomelin,https://www.etreproprio.com/immobilier-22108961-vente-maison-contemporaine-sur-plomelin-plomelin
PLOMELIN,Maison plomelin 7 pièce(s) 165.26 m2 avec dépendance t2,https://www.etreproprio.com/immobilier-23099438-vente-maison-plomelin-7-pieces-16526-m2-avec-dependance-t2-plomelin
PLOMELIN,Maison 124m² à plomelin,https://www.etreproprio.com/immobilier-23066538-vente-maison-124m-a-plomelin-plomelin
PLOMELIN,Maison plomelin 125 m²,https://www.etreproprio.com/immobilier-23047273-vente-maison-plomelin-125-m-plomelin
PLOMELIN,Maison 130m² à plomelin,https://www.etreproprio.com/immobilier-22968780-vente-maison-130m-a-plomelin-plomelin
PLOMELIN,Joli domaine à plomelin,https://www.etreproprio.com/immobilier-22732342-vente-joli-domaine-a-plomelin-plomelin
PLOMEUR,Maison 163m² à plomeur,https://www.etreproprio.com/immobilier-23906892-vente-maison-163m-a-plomeur-plomeur
PLOMEUR,Plomeur - spacieuse maison t6,https://www.etreproprio.com/immobilier-23871505-vente-plomeur-spacieuse-maison-t6-plomeur
PLOMEUR,Maison 153m² à plomeur,https://www.etreproprio.com/immobilier-23873672-vente-maison-153m-a-plomeur-plomeur
PLOMEUR,Plomeur - lumineuse maison de plain pied,https://www.etreproprio.com/immobilier-23871506-vente-plomeur-lumineuse-maison-de-plain-pied-plomeur
PLOMEUR,Maison 152m² à plomeur,https://www.etreproprio.com/immobilier-23873671-vente-maison-152m-a-plomeur-plomeur
PLOMEUR,Maison 184m² à plomeur,https://www.etreproprio.com/immobilier-23811233-vente-maison-184m-a-plomeur-plomeur
PLOMEUR,Exclusivite maison plomeur 7 pièce(s) 134 m2,https://www.etreproprio.com/immobilier-23778702-vente-exclusivite-maison-plomeur-7-pieces-134-m2-plomeur
PLOMEUR,Maison 134m² à plomeur,https://www.etreproprio.com/immobilier-23780026-vente-maison-134m-a-plomeur-plomeur
PLOMEUR,Maison sur plomeur,https://www.etreproprio.com/immobilier-23747569-vente-maison-sur-plomeur-plomeur
PLOMEUR,Maison 120m² à plomeur,https://www.etreproprio.com/immobilier-23734405-vente-maison-120m-a-plomeur-plomeur
PLOMEUR,Plomeur proche des commerces,https://www.etreproprio.com/immobilier-23729503-vente-plomeur-proche-des-commerces-plomeur
PLOMEUR,Maison plomeur 155 m2,https://www.etreproprio.com/immobilier-23579330-vente-maison-plomeur-155-m2-plomeur
PLOMEUR,Maison familiale - 5 chambres - plomeur proche des commerces et de la torche,https://www.etreproprio.com/immobilier-23573377-vente-maison-familiale-5-chambres-plomeur-proche-des-commerces-et-de-la-torche-plomeur
PLOMEUR,Maison 239m² à plomeur,https://www.etreproprio.com/immobilier-23558348-vente-maison-239m-a-plomeur-plomeur
PLOMEUR,Maison familiale avec vie de plain-pied,https://www.etreproprio.com/immobilier-23552456-vente-maison-familiale-avec-vie-de-plain-pied-plomeur
PLOMEUR,Maison 155m² à plomeur,https://www.etreproprio.com/immobilier-23523990-vente-maison-155m-a-plomeur-plomeur
PLOMEUR,Maison 186m² à plomeur,https://www.etreproprio.com/immobilier-21887764-vente-maison-186m-a-plomeur-plomeur
PLOMEUR,Maison de plain pied à plomeur la torche 8 pièce(s) 180 m2,https://www.etreproprio.com/immobilier-21879120-vente-maison-de-plain-pied-a-plomeur-la-torche-8-pieces-180-m2-plomeur
PLOMEUR,Nouveauté !,https://www.etreproprio.com/immobilier-23445768-vente-nouveaute-plomeur
PLOMEUR,"Maison + extension à plomeur, 94 m², 3ch, 540 m² de terrain !",https://www.etreproprio.com/immobilier-23445760-vente-maison-extension-a-plomeur-94-m-3ch-540-m-de-terrain-plomeur
PLOMODIERN,"Finistère: saint nic. spacieuse maison de 7 chambres avec studio attenant, à quelques pas de la plage.",https://www.etreproprio.com/immobilier-23892600-vente-finistere-saint-nic-spacieuse-maison-de-7-chambres-avec-studio-attenant-a-quelques-pas-de-la-plage-plomodiern
PLOMODIERN,Maison plomodiern 4 pièce(s) 106 m2,https://www.etreproprio.com/immobilier-22109318-vente-maison-plomodiern-4-pieces-106-m2-plomodiern
PLOMODIERN,Maison 106m² à plomodiern,https://www.etreproprio.com/immobilier-22102264-vente-maison-106m-a-plomodiern-plomodiern
PLOMODIERN,Maison sur plomodiern,https://www.etreproprio.com/immobilier-23855231-vente-maison-sur-plomodiern-plomodiern
PLOMODIERN,Maison et bois proche des plages,https://www.etreproprio.com/immobilier-23813647-vente-maison-et-bois-proche-des-plages-plomodiern
PLOMODIERN,Maison 124m² à plomodiern,https://www.etreproprio.com/immobilier-23779848-vente-maison-124m-a-plomodiern-plomodiern
PLOMODIERN,Maison à vendre 5 pièces plomodiern (29),https://www.etreproprio.com/immobilier-23451778-vente-maison-a-vendre-5-pieces-plomodiern-29-plomodiern
PLOMODIERN,Maison sur plomodiern,https://www.etreproprio.com/immobilier-23759256-vente-maison-sur-plomodiern-plomodiern
PLOMODIERN,Maison de caractère à rénover (106 m²) en vente à plomodiern,https://www.etreproprio.com/immobilier-22407662-vente-maison-de-caractere-a-renover-106-m-en-vente-a-plomodiern-plomodiern
PLOMODIERN,"Maison, 127m², 5 pièces",https://www.etreproprio.com/immobilier-23437932-vente-maison-127m-5-pieces-plomodiern
PLOMODIERN,Plomodiern proche plage néobretonne t7 rénovée,https://www.etreproprio.com/immobilier-22936172-vente-plomodiern-proche-plage-neobretonne-t7-renovee-plomodiern
PLOMODIERN,À vendre maison de plein pied à plomodiern - finistère sud,https://www.etreproprio.com/immobilier-21675621-vente-a-vendre-maison-de-plein-pied-a-plomodiern-finistere-sud-plomodiern
PLOMODIERN,Propriété,https://www.etreproprio.com/immobilier-22590007-vente-propriete-plomodiern
PLOMODIERN,Maison 124m² à plomodiern,https://www.etreproprio.com/immobilier-21429876-vente-maison-124m-a-plomodiern-plomodiern
PLOMODIERN,À vendre   belle maison familiale néo-bretonne proche mer   plomodiern (ty gwenn),https://www.etreproprio.com/immobilier-22949434-vente-a-vendre-belle-maison-familiale-neo-bretonne-proche-mer-plomodiern-ty-gwenn-plomodiern
PLOMODIERN,Corps de ferme 166m² plomodiern,https://www.etreproprio.com/immobilier-22884873-vente-corps-de-ferme-166m-plomodiern-plomodiern
PLOMODIERN,Corps de ferme,https://www.etreproprio.com/immobilier-22867253-vente-corps-de-ferme-plomodiern
PLOMODIERN,Maison plomodiern 7 pièce(s) avec hangars et longères,https://www.etreproprio.com/immobilier-21445361-vente-maison-plomodiern-7-pieces-avec-hangars-et-longeres-plomodiern
PLOMODIERN,"Longère de 3 pièces, 80 m² à plomodiern 29550",https://www.etreproprio.com/immobilier-20869156-vente-longere-de-3-pieces-80-m-a-plomodiern-29550-plomodiern
PLOMEUR,Maison 152m² à plomeur,https://www.etreproprio.com/immobilier-23329561-vente-maison-152m-a-plomeur-plomeur
PLOMEUR,Maison 165m² à plomeur,https://www.etreproprio.com/immobilier-23292269-vente-maison-165m-a-plomeur-plomeur
PLOMEUR,Maison plomeur,https://www.etreproprio.com/immobilier-22982834-vente-maison-plomeur-plomeur
PLOMEUR,Maison plomeur,https://www.etreproprio.com/immobilier-23257745-vente-maison-plomeur-plomeur
PLOMEUR,Longère plomeur 5 pièce(s) 140 m2,https://www.etreproprio.com/immobilier-21832793-vente-longere-plomeur-5-pieces-140-m2-plomeur
PLOMEUR,Maison 133m² à plomeur,https://www.etreproprio.com/immobilier-23117910-vente-maison-133m-a-plomeur-plomeur
PLOMEUR,Maison familiale - 5 chs - bourg plomeur,https://www.etreproprio.com/immobilier-23020509-vente-maison-familiale-5-chs-bourg-plomeur-plomeur
PLOMEUR,Maison 132m² à plomeur,https://www.etreproprio.com/immobilier-22877032-vente-maison-132m-a-plomeur-plomeur
PLOMEUR,Maison proche bourg plomeur 5 pièce(s) 112 m2,https://www.etreproprio.com/immobilier-22715944-vente-maison-proche-bourg-plomeur-5-pieces-112-m2-plomeur
PLOMEUR,Belle maison familiale - 4 chs - plomeur,https://www.etreproprio.com/immobilier-21894791-vente-belle-maison-familiale-4-chs-plomeur-plomeur
PLOMEUR,Maison 112m² à plomeur,https://www.etreproprio.com/immobilier-22716380-vente-maison-112m-a-plomeur-plomeur
PLOMEUR,Maison 170m² à plomeur,https://www.etreproprio.com/immobilier-21485997-vente-maison-170m-a-plomeur-plomeur
PLOMEUR,Maison plomeur 7 pièce(s) 182 m2,https://www.etreproprio.com/immobilier-21484026-vente-maison-plomeur-7-pieces-182-m2-plomeur
PLOMEUR,Maison 115m² à plomeur,https://www.etreproprio.com/immobilier-22333760-vente-maison-115m-a-plomeur-plomeur
PLOMEUR,Maison 120m² à plomeur,https://www.etreproprio.com/immobilier-22332144-vente-maison-120m-a-plomeur-plomeur
PLOMEUR,Maison plomeur 6 pièce(s) 115 m2,https://www.etreproprio.com/immobilier-22331611-vente-maison-plomeur-6-pieces-115-m2-plomeur
PLOMEUR,Maison proche pointe de la torche plomeur,https://www.etreproprio.com/immobilier-22332121-vente-maison-proche-pointe-de-la-torche-plomeur-plomeur
PLOMEUR,Maison de caractère au centre de plomeur à 5 minutes du spot mythique de la torche,https://www.etreproprio.com/immobilier-22316199-vente-maison-de-caractere-au-centre-de-plomeur-a-5-minutes-du-spot-mythique-de-la-torche-plomeur
PLOMEUR,Maison 152m² à plomeur,https://www.etreproprio.com/immobilier-22322318-vente-maison-152m-a-plomeur-plomeur
PLOMEUR,Maison de caractère au centre de plomeur à 5 minutes du spot mythique de la torche,https://www.etreproprio.com/immobilier-22315939-vente-maison-de-caractere-au-centre-de-plomeur-a-5-minutes-du-spot-mythique-de-la-torche-plomeur
PLOMELIN,Maison plomelin 6 pièce(s) 134 m2,https://www.etreproprio.com/immobilier-22662245-vente-maison-plomelin-6-pieces-134-m2-plomelin
PLOMELIN,Maison 110m² à plomelin,https://www.etreproprio.com/immobilier-22480318-vente-maison-110m-a-plomelin-plomelin
PLOMELIN,Maison 87m² à plomelin,https://www.etreproprio.com/immobilier-22347264-vente-maison-87m-a-plomelin-plomelin
PLOMELIN,Maison 120m² à plomelin,https://www.etreproprio.com/immobilier-22223731-vente-maison-120m-a-plomelin-plomelin
PLOMELIN,Maison 104m² à plomelin,https://www.etreproprio.com/immobilier-21363343-vente-maison-104m-a-plomelin-plomelin
PLOMELIN,Plomelin (29) penty à vendre 5 pièces de 90 m² habitable - véranda - terrain de 1 200 m²,https://www.etreproprio.com/immobilier-21233024-vente-plomelin-29-penty-a-vendre-5-pieces-de-90-m-habitable-veranda-terrain-de-1-200-m-plomelin
PLOMELIN,Maison 58m² à plomelin,https://www.etreproprio.com/immobilier-17047879-vente-maison-58m-a-plomelin-plomelin
PLOMELIN,Maison 5 pièces neuve,https://www.etreproprio.com/immobilier-19198057-vente-maison-5-pieces-neuve-plomelin
PLOMELIN,Maison 5 pièces neuve,https://www.etreproprio.com/immobilier-19198053-vente-maison-5-pieces-neuve-plomelin
PLONEIS,Maison de plain pied au bourg de ploneis,https://www.etreproprio.com/immobilier-22387713-vente-maison-de-plain-pied-au-bourg-de-ploneis-ploneis
PLONEIS,#288 - a vendre - maison - plain pied pmr - 110m2,https://www.etreproprio.com/immobilier-23451399-vente-288-a-vendre-maison-plain-pied-pmr-110m2-ploneis
PLONEIS,Maison 183m² à ploneis,https://www.etreproprio.com/immobilier-23844029-vente-maison-183m-a-ploneis-ploneis
PLONEIS,Maison 105m² à ploneis,https://www.etreproprio.com/immobilier-23768709-vente-maison-105m-a-ploneis-ploneis
PLONEIS,Maison années 70 en camapgne,https://www.etreproprio.com/immobilier-23765841-vente-maison-annees-70-en-camapgne-ploneis
PLONEIS,Maison 100m² à ploneis,https://www.etreproprio.com/immobilier-23621562-vente-maison-100m-a-ploneis-ploneis
PLONEIS,Belle maison à vendre 5 pièces à ploneis (29),https://www.etreproprio.com/immobilier-23615158-vente-belle-maison-a-vendre-5-pieces-a-ploneis-29-ploneis
PLONEIS,Maison 127m² à ploneis,https://www.etreproprio.com/immobilier-23145018-vente-maison-127m-a-ploneis-ploneis
PLOMEUR,Maison en pierre pleine de charme au coeur de plomeur ? proche des spots de surf et des commodités,https://www.etreproprio.com/immobilier-22286894-vente-maison-en-pierre-pleine-de-charme-au-coeur-de-plomeur-proche-des-spots-de-surf-et-des-commodites-plomeur
PLOMEUR,Grande maison en pierre au centre bourg de plomeur + jardin + garage,https://www.etreproprio.com/immobilier-22258378-vente-grande-maison-en-pierre-au-centre-bourg-de-plomeur-jardin-garage-plomeur
PLOMEUR,Néo bretonne 180 m2 à 15 mn à pied de la plage de la torche - plomeur,https://www.etreproprio.com/immobilier-21973984-vente-neo-bretonne-180-m2-a-15-mn-a-pied-de-la-plage-de-la-torche-plomeur-plomeur
PLONEOUR-LANVERN,Maison 70m² à ploneour-lanvern,https://www.etreproprio.com/immobilier-23910958-vente-maison-70m-a-ploneour-lanvern-ploneour-lanvern
PLONEOUR-LANVERN,Maison familiale - 4 chambres - plonéour-lanvern côté pont l'abbe,https://www.etreproprio.com/immobilier-23642804-vente-maison-familiale-4-chambres-ploneour-lanvern-cote-pont-l-abbe-ploneour-lanvern
PLONEOUR-LANVERN,Maison en pierres centre bourg,https://www.etreproprio.com/immobilier-23866204-vente-maison-en-pierres-centre-bourg-ploneour-lanvern
PLONEOUR-LANVERN,Ploneour-lanvern - proche bourg,https://www.etreproprio.com/immobilier-23898653-vente-ploneour-lanvern-proche-bourg-ploneour-lanvern
PLONEOUR-LANVERN,Ploneour-lanvern - proche bourg,https://www.etreproprio.com/immobilier-23898777-vente-ploneour-lanvern-proche-bourg-ploneour-lanvern
PLONEOUR-LANVERN,Maison aux portes de pont l'abbé et à proximité des commerces,https://www.etreproprio.com/immobilier-23902233-vente-maison-aux-portes-de-pont-l-abbe-et-a-proximite-des-commerces-ploneour-lanvern
PLONEOUR-LANVERN,"Plonéour-lanvern, maison proche bourg",https://www.etreproprio.com/immobilier-23902084-vente-ploneour-lanvern-maison-proche-bourg-ploneour-lanvern
PLONEOUR-LANVERN,Maison 272m² à ploneour-lanvern,https://www.etreproprio.com/immobilier-23659657-vente-maison-272m-a-ploneour-lanvern-ploneour-lanvern
PLONEOUR-LANVERN,Maison 80m² à ploneour-lanvern,https://www.etreproprio.com/immobilier-22934978-vente-maison-80m-a-ploneour-lanvern-ploneour-lanvern
PLONEOUR-LANVERN,Maison sur ploneour lanvern,https://www.etreproprio.com/immobilier-23855227-vente-maison-sur-ploneour-lanvern-ploneour-lanvern
PLONEOUR-LANVERN,Maison 100m² à ploneour-lanvern,https://www.etreproprio.com/immobilier-23701524-vente-maison-100m-a-ploneour-lanvern-ploneour-lanvern
PLONEOUR-LANVERN,Maison plonéour-lanvern 3 chambres,https://www.etreproprio.com/immobilier-23801603-vente-maison-ploneour-lanvern-3-chambres-ploneour-lanvern
PLONEOUR-LANVERN,Maison 120m² à ploneour-lanvern,https://www.etreproprio.com/immobilier-23730804-vente-maison-120m-a-ploneour-lanvern-ploneour-lanvern
PLONEOUR-LANVERN,Maison 100m² à ploneour-lanvern,https://www.etreproprio.com/immobilier-23724277-vente-maison-100m-a-ploneour-lanvern-ploneour-lanvern
PLONEOUR-LANVERN,Maison 85m² à ploneour-lanvern,https://www.etreproprio.com/immobilier-23723644-vente-maison-85m-a-ploneour-lanvern-ploneour-lanvern
PLONEOUR-LANVERN,Maison à fort potentiel – idéale premier achat ou investisseur,https://www.etreproprio.com/immobilier-23717581-vente-maison-a-fort-potentiel-ideale-premier-achat-ou-investisseur-ploneour-lanvern
PLONEOUR-LANVERN,Maison de caractère plonéour lanvern,https://www.etreproprio.com/immobilier-23088490-vente-maison-de-caractere-ploneour-lanvern-ploneour-lanvern
PLONEOUR-LANVERN,Maison ploneour lanvern,https://www.etreproprio.com/immobilier-23638942-vente-maison-ploneour-lanvern-ploneour-lanvern
PLONEOUR-LANVERN,Maison 192m² à ploneour-lanvern,https://www.etreproprio.com/immobilier-23523989-vente-maison-192m-a-ploneour-lanvern-ploneour-lanvern
PLONEOUR-LANVERN,Maison 119m² à ploneour-lanvern,https://www.etreproprio.com/immobilier-23268566-vente-maison-119m-a-ploneour-lanvern-ploneour-lanvern
PLONEVEZ-DU-FAOU,Maison 60m² à plonevez-du-faou,https://www.etreproprio.com/immobilier-21307617-vente-maison-60m-a-plonevez-du-faou-plonevez-du-faou
PLONEVEZ-DU-FAOU,Maison 104m² à plonevez-du-faou,https://www.etreproprio.com/immobilier-22726227-vente-maison-104m-a-plonevez-du-faou-plonevez-du-faou
PLONEVEZ-DU-FAOU,Maison de bourg avec jardin et sous sol en centre finistere,https://www.etreproprio.com/immobilier-23527842-vente-maison-de-bourg-avec-jardin-et-sous-sol-en-centre-finistere-plonevez-du-faou
PLONEVEZ-DU-FAOU,Maison à vendre 4 pièces plonevez du faou (29),https://www.etreproprio.com/immobilier-23484909-vente-maison-a-vendre-4-pieces-plonevez-du-faou-29-plonevez-du-faou
PLONEVEZ-DU-FAOU,"29530 plonévez du faou maison 4 chambres dont 1 de plain pied, sous sol 1500 m² de terrain",https://www.etreproprio.com/immobilier-23405026-vente-29530-plonevez-du-faou-maison-4-chambres-dont-1-de-plain-pied-sous-sol-1500-m-de-terrain-plonevez-du-faou
PLONEVEZ-DU-FAOU,29530  plonevez du faou maison 4 chambres sous sol complet à remettre au goût du jour,https://www.etreproprio.com/immobilier-23225392-vente-29530-plonevez-du-faou-maison-4-chambres-sous-sol-complet-a-remettre-au-gout-du-jour-plonevez-du-faou
PLONEVEZ-DU-FAOU,Finistère: collorec. charmante maison de village de 3 chambres avec jardin et dépendances.,https://www.etreproprio.com/immobilier-23050648-vente-finistere-collorec-charmante-maison-de-village-de-3-chambres-avec-jardin-et-dependances-plonevez-du-faou
PLONEVEZ-DU-FAOU,29530 plonévez du faou longère  5 chambres  garage état irréprochable gîte possible,https://www.etreproprio.com/immobilier-21883367-vente-29530-plonevez-du-faou-longere-5-chambres-garage-etat-irreprochable-gite-possible-plonevez-du-faou
PLONEVEZ-DU-FAOU,"Maison plonevez du faou 4 pièce(s) 104,85 m2",https://www.etreproprio.com/immobilier-22732832-vente-maison-plonevez-du-faou-4-pieces-10485-m2-plonevez-du-faou
PLONEVEZ-DU-FAOU,Maison 342m² à plonevez-du-faou,https://www.etreproprio.com/immobilier-22604842-vente-maison-342m-a-plonevez-du-faou-plonevez-du-faou
PLONEVEZ-DU-FAOU,Maison 296m² à plonevez-du-faou,https://www.etreproprio.com/immobilier-22630730-vente-maison-296m-a-plonevez-du-faou-plonevez-du-faou
PLONEVEZ-DU-FAOU,Maison plonevez du faou 12 pièce(s) 342 m2,https://www.etreproprio.com/immobilier-22619710-vente-maison-plonevez-du-faou-12-pieces-342-m2-plonevez-du-faou
PLONEVEZ-DU-FAOU,"Maison de 4 pièces, 73 m² à plonévez-du-faou (29530)",https://www.etreproprio.com/immobilier-21807459-vente-maison-de-4-pieces-73-m-a-plonevez-du-faou-29530-plonevez-du-faou
PLONEVEZ-DU-FAOU,29530 plonévez du faou maison très bien entretenue 5 chambres sous sol complet 2200 m²,https://www.etreproprio.com/immobilier-21591221-vente-29530-plonevez-du-faou-maison-tres-bien-entretenue-5-chambres-sous-sol-complet-2200-m-plonevez-du-faou
PLONEVEZ-DU-FAOU,Maison 80m² à plonevez-du-faou,https://www.etreproprio.com/immobilier-21254610-vente-maison-80m-a-plonevez-du-faou-plonevez-du-faou
PLONEVEZ-DU-FAOU,Maison plonévez du faou 3 pièces 80.74 m²,https://www.etreproprio.com/immobilier-21184458-vente-maison-plonevez-du-faou-3-pieces-8074-m-plonevez-du-faou
PLONEVEZ-DU-FAOU,"29530 plonevez du faou maison plain pied 3 chambres sous sol au calme, vue, source, hangar",https://www.etreproprio.com/immobilier-20833824-vente-29530-plonevez-du-faou-maison-plain-pied-3-chambres-sous-sol-au-calme-vue-source-hangar-plonevez-du-faou
PLONEVEZ-PORZAY,Maison 102m² à plonevez-porzay,https://www.etreproprio.com/immobilier-23704019-vente-maison-102m-a-plonevez-porzay-plonevez-porzay
PLONEVEZ-PORZAY,Belle maison  contemporaine neuve 3 chambres - jardin - plonevez porzay,https://www.etreproprio.com/immobilier-23642166-vente-belle-maison-contemporaine-neuve-3-chambres-jardin-plonevez-porzay-plonevez-porzay
PLONEVEZ-PORZAY,"Maison, 102m², 4 pièces",https://www.etreproprio.com/immobilier-23653290-vente-maison-102m-4-pieces-plonevez-porzay
PLONEVEZ-PORZAY,Maison de bourg avec jardin clos,https://www.etreproprio.com/immobilier-23475303-vente-maison-de-bourg-avec-jardin-clos-plonevez-porzay
PLONEVEZ-PORZAY,"Maison, 105m2, 5 pièces",https://www.etreproprio.com/immobilier-23426948-vente-maison-105m2-5-pieces-plonevez-porzay
PLONEVEZ-PORZAY,Maison 105m² à plonevez-porzay,https://www.etreproprio.com/immobilier-23351628-vente-maison-105m-a-plonevez-porzay-plonevez-porzay
PLONEVEZ-PORZAY,Maison plonevez porzay 5 pièce(s) 105 m2,https://www.etreproprio.com/immobilier-23349173-vente-maison-plonevez-porzay-5-pieces-105-m2-plonevez-porzay
PLONEVEZ-PORZAY,Maison plonevez porzay 5 pièce(s),https://www.etreproprio.com/immobilier-23303579-vente-maison-plonevez-porzay-5-pieces-plonevez-porzay
PLONEVEZ-PORZAY,"Maison de 7 pièces, 123 m² - plonévez-porzay 29550",https://www.etreproprio.com/immobilier-20925003-vente-maison-de-7-pieces-123-m-plonevez-porzay-29550-plonevez-porzay
PLONEVEZ-PORZAY,"Ensemble immobilier : habitation, commerce, hangar, dépendance, garage et parking",https://www.etreproprio.com/immobilier-23132890-vente-ensemble-immobilier-habitation-commerce-hangar-dependance-garage-et-parking-plonevez-porzay
PLONEVEZ-PORZAY,Maison 180m² à plonevez-porzay,https://www.etreproprio.com/immobilier-23089544-vente-maison-180m-a-plonevez-porzay-plonevez-porzay
PLONEVEZ-PORZAY,Maison familiale proche mer,https://www.etreproprio.com/immobilier-23071173-vente-maison-familiale-proche-mer-plonevez-porzay
PLONEVEZ-PORZAY,"Maison, 5 pièces, 145m2",https://www.etreproprio.com/immobilier-21823081-vente-maison-5-pieces-145m2-plonevez-porzay
PLONEOUR-LANVERN,Maison 119m² à ploneour-lanvern,https://www.etreproprio.com/immobilier-22370116-vente-maison-119m-a-ploneour-lanvern-ploneour-lanvern
PLONEOUR-LANVERN,Maison ploneour lanvern 6 pièce(s) 119 m2,https://www.etreproprio.com/immobilier-22320153-vente-maison-ploneour-lanvern-6-pieces-119-m2-ploneour-lanvern
PLONEOUR-LANVERN,Maison 192m² à ploneour-lanvern,https://www.etreproprio.com/immobilier-23563086-vente-maison-192m-a-ploneour-lanvern-ploneour-lanvern
PLONEOUR-LANVERN,Maison 196m² à ploneour-lanvern,https://www.etreproprio.com/immobilier-22369783-vente-maison-196m-a-ploneour-lanvern-ploneour-lanvern
PLONEOUR-LANVERN,Maison familiale avec beaux volumes et jardin – plonéour-lanvern,https://www.etreproprio.com/immobilier-23552352-vente-maison-familiale-avec-beaux-volumes-et-jardin-ploneour-lanvern-ploneour-lanvern
PLONEOUR-LANVERN,Maison d’exception de 192 m² à plonéour-lanvern,https://www.etreproprio.com/immobilier-23552297-vente-maison-d-exception-de-192-m-a-ploneour-lanvern-ploneour-lanvern
PLONEOUR-LANVERN,Maison 120m² à ploneour-lanvern,https://www.etreproprio.com/immobilier-23545988-vente-maison-120m-a-ploneour-lanvern-ploneour-lanvern
PLONEOUR-LANVERN,Propriété d'exception plonéour-lanvern,https://www.etreproprio.com/immobilier-23512824-vente-propriete-d-exception-ploneour-lanvern-ploneour-lanvern
PLONEOUR-LANVERN,Maison 101m² à ploneour-lanvern,https://www.etreproprio.com/immobilier-23446153-vente-maison-101m-a-ploneour-lanvern-ploneour-lanvern
PLONEOUR-LANVERN,Maison plain-pied ploneour lanvern,https://www.etreproprio.com/immobilier-23445774-vente-maison-plain-pied-ploneour-lanvern-ploneour-lanvern
PLONEOUR-LANVERN,Maison 128m² à ploneour-lanvern,https://www.etreproprio.com/immobilier-23389927-vente-maison-128m-a-ploneour-lanvern-ploneour-lanvern
PLONEOUR-LANVERN,Propriété ploneour-lanvern 10 pièce(s),https://www.etreproprio.com/immobilier-19281972-vente-propriete-ploneour-lanvern-10-pieces-ploneour-lanvern
PLONEOUR-LANVERN,Maison 162m² à ploneour-lanvern,https://www.etreproprio.com/immobilier-21352804-vente-maison-162m-a-ploneour-lanvern-ploneour-lanvern
PLONEOUR-LANVERN,Ploneour lanvern - maison t5,https://www.etreproprio.com/immobilier-20857029-vente-ploneour-lanvern-maison-t5-ploneour-lanvern
PLONEOUR-LANVERN,Maison en pierre - bourg ploneour-lanvern,https://www.etreproprio.com/immobilier-20888073-vente-maison-en-pierre-bourg-ploneour-lanvern-ploneour-lanvern
PLONEOUR-LANVERN,Maison 160m² à ploneour-lanvern,https://www.etreproprio.com/immobilier-22477746-vente-maison-160m-a-ploneour-lanvern-ploneour-lanvern
PLONEOUR-LANVERN,Maison ploneour lanvern 6 pièce(s),https://www.etreproprio.com/immobilier-23057289-vente-maison-ploneour-lanvern-6-pieces-ploneour-lanvern
PLONEOUR-LANVERN,Ploneour lanvern - agréable maison de plain pied,https://www.etreproprio.com/immobilier-22984056-vente-ploneour-lanvern-agreable-maison-de-plain-pied-ploneour-lanvern
PLONEOUR-LANVERN,Maison 88m² à ploneour-lanvern,https://www.etreproprio.com/immobilier-21921245-vente-maison-88m-a-ploneour-lanvern-ploneour-lanvern
PLONEOUR-LANVERN,Maison 111m² à ploneour-lanvern,https://www.etreproprio.com/immobilier-22944001-vente-maison-111m-a-ploneour-lanvern-ploneour-lanvern
PLONEOUR-LANVERN,Maison 111m² à ploneour-lanvern,https://www.etreproprio.com/immobilier-22896340-vente-maison-111m-a-ploneour-lanvern-ploneour-lanvern
PLONEOUR-LANVERN,Maison plonéour-lanvern 5 pièce(s) 129 m2,https://www.etreproprio.com/immobilier-22887631-vente-maison-ploneour-lanvern-5-pieces-129-m2-ploneour-lanvern
PLONEOUR-LANVERN,Maison plain-pied plonéour-lanvern,https://www.etreproprio.com/immobilier-22862520-vente-maison-plain-pied-ploneour-lanvern-ploneour-lanvern
PLONEOUR-LANVERN,Maison 310m² à ploneour-lanvern,https://www.etreproprio.com/immobilier-22638980-vente-maison-310m-a-ploneour-lanvern-ploneour-lanvern
PLONEOUR-LANVERN,Maison 136m² à ploneour-lanvern,https://www.etreproprio.com/immobilier-22577351-vente-maison-136m-a-ploneour-lanvern-ploneour-lanvern
PLONEOUR-LANVERN,Maison 5 chambres plonéour lanvern,https://www.etreproprio.com/immobilier-22529048-vente-maison-5-chambres-ploneour-lanvern-ploneour-lanvern
PLONEOUR-LANVERN,Maison 190m² à ploneour-lanvern,https://www.etreproprio.com/immobilier-22441859-vente-maison-190m-a-ploneour-lanvern-ploneour-lanvern
PLONEOUR-LANVERN,Maison plonéour-lanvern,https://www.etreproprio.com/immobilier-22439326-vente-maison-ploneour-lanvern-ploneour-lanvern
PLONEOUR-LANVERN,Maison plonéour-lanvern 5 pièce(s) 136 m2,https://www.etreproprio.com/immobilier-22232282-vente-maison-ploneour-lanvern-5-pieces-136-m2-ploneour-lanvern
PLONEOUR-LANVERN,Maison 102m² à ploneour-lanvern,https://www.etreproprio.com/immobilier-21512768-vente-maison-102m-a-ploneour-lanvern-ploneour-lanvern
PLONEOUR-LANVERN,"Maison récente et sans travaux, 3 chambres entre quimper et penmarc'h",https://www.etreproprio.com/immobilier-20361402-vente-maison-recente-et-sans-travaux-3-chambres-entre-quimper-et-penmarc-h-ploneour-lanvern
PLONEOUR-LANVERN,Maison 103m² à ploneour-lanvern,https://www.etreproprio.com/immobilier-20177173-vente-maison-103m-a-ploneour-lanvern-ploneour-lanvern
PLOUARZEL,Maison 199m² à plouarzel,https://www.etreproprio.com/immobilier-23867179-vente-maison-199m-a-plouarzel-plouarzel
PLOUARZEL,Plouarzel corps de ferme avec vue mer,https://www.etreproprio.com/immobilier-23724803-vente-plouarzel-corps-de-ferme-avec-vue-mer-plouarzel
PLOUARZEL,Maison plain pied plouarzel 82 m²,https://www.etreproprio.com/immobilier-22338551-vente-maison-plain-pied-plouarzel-82-m-plouarzel
PLOUARZEL,Villa à vendre près des plages à plouarzel,https://www.etreproprio.com/immobilier-23036230-vente-villa-a-vendre-pres-des-plages-a-plouarzel-plouarzel
PLOUARZEL,Maison 180m² à plouarzel,https://www.etreproprio.com/immobilier-23625310-vente-maison-180m-a-plouarzel-plouarzel
PLOUARZEL,Maison 118m² à plouarzel,https://www.etreproprio.com/immobilier-23517704-vente-maison-118m-a-plouarzel-plouarzel
PLOUARZEL,Maison 128m² à plouarzel,https://www.etreproprio.com/immobilier-22962857-vente-maison-128m-a-plouarzel-plouarzel
PLOUARZEL,Maison 107m² à plouarzel,https://www.etreproprio.com/immobilier-23330592-vente-maison-107m-a-plouarzel-plouarzel
PLOUARZEL,Maison 221m² à plouarzel,https://www.etreproprio.com/immobilier-21675199-vente-maison-221m-a-plouarzel-plouarzel
PLOUARZEL,Maison contemporaine 165 m²  avec studio - plouarzel - proche plage,https://www.etreproprio.com/immobilier-23056359-vente-maison-contemporaine-165-m-avec-studio-plouarzel-proche-plage-plouarzel
PLOUARZEL,Maison vue mer,https://www.etreproprio.com/immobilier-22889732-vente-maison-vue-mer-plouarzel
PLOUARZEL,Proximité saint renan corps de ferme à rénover,https://www.etreproprio.com/immobilier-21872409-vente-proximite-saint-renan-corps-de-ferme-a-renover-plouarzel
PLOUARZEL,Proximité saint renan corps de ferme à rénover,https://www.etreproprio.com/immobilier-21872407-vente-proximite-saint-renan-corps-de-ferme-a-renover-plouarzel
PLOUARZEL,Maison 118m² à plouarzel,https://www.etreproprio.com/immobilier-22625318-vente-maison-118m-a-plouarzel-plouarzel
PLOUARZEL,A vendre maison plouarzel 6 pièce(s) 120 m2,https://www.etreproprio.com/immobilier-22598402-vente-a-vendre-maison-plouarzel-6-pieces-120-m2-plouarzel
PLOUARZEL,Maison contemporaine 6 pièces - 154 m² à plouarzel,https://www.etreproprio.com/immobilier-22407733-vente-maison-contemporaine-6-pieces-154-m-a-plouarzel-plouarzel
PLOUARZEL,Maison a vendre plouarzel,https://www.etreproprio.com/immobilier-22375872-vente-maison-a-vendre-plouarzel-plouarzel
PLOUARZEL,Finistere - plouarzel (29810) - a vendre -maison avec piscine chauffee et couverte - 5 chambres dont 1 en rdc - grand terrain -,https://www.etreproprio.com/immobilier-21324306-vente-finistere-plouarzel-29810-a-vendre-maison-avec-piscine-chauffee-et-couverte-5-chambres-dont-1-en-rdc-grand-terrain-plouarzel
PLOUARZEL,Maison 154m² à plouarzel,https://www.etreproprio.com/immobilier-20944355-vente-maison-154m-a-plouarzel-plouarzel
PLOUARZEL,Plouarzel : maison de 4 pièces (96 m²) à vendre- vue mer,https://www.etreproprio.com/immobilier-19866743-vente-plouarzel-maison-de-4-pieces-96-m-a-vendre-vue-mer-plouarzel
PLOUDALMEZEAU,Maison de 6 pièces de 130m² située à ploudalmézeau,https://www.etreproprio.com/immobilier-23866245-vente-maison-de-6-pieces-de-130m-situee-a-ploudalmezeau-ploudalmezeau
PLOUDALMEZEAU,Maison sur ploudalmezeau,https://www.etreproprio.com/immobilier-23802299-vente-maison-sur-ploudalmezeau-ploudalmezeau
PLOUDALMEZEAU,Maison à vendre 6 pièces ploudalmezeau (29),https://www.etreproprio.com/immobilier-23761125-vente-maison-a-vendre-6-pieces-ploudalmezeau-29-ploudalmezeau
PLOUDALMEZEAU,Maison traditionnelle à vendre à ploudalmézeau - un havre de paix,https://www.etreproprio.com/immobilier-23729246-vente-maison-traditionnelle-a-vendre-a-ploudalmezeau-un-havre-de-paix-ploudalmezeau
PLOUDALMEZEAU,Maison  très lumineuse fort potentiel  - 6 ch ploudalmézeau,https://www.etreproprio.com/immobilier-23505949-vente-maison-tres-lumineuse-fort-potentiel-6-ch-ploudalmezeau-ploudalmezeau
PLOUDALMEZEAU,Maison 139m² à ploudalmezeau,https://www.etreproprio.com/immobilier-23632156-vente-maison-139m-a-ploudalmezeau-ploudalmezeau
PLOUDALMEZEAU,À portsall : habitation intégralement rénovée en 2021,https://www.etreproprio.com/immobilier-23562267-vente-a-portsall-habitation-integralement-renovee-en-2021-ploudalmezeau
PLOUDALMEZEAU,Maison 155m² à ploudalmezeau,https://www.etreproprio.com/immobilier-23287055-vente-maison-155m-a-ploudalmezeau-ploudalmezeau
PLOUDALMEZEAU,Ploudalmezeau maison t5,https://www.etreproprio.com/immobilier-23379278-vente-ploudalmezeau-maison-t5-ploudalmezeau
PLOUDALMEZEAU,Ploudalmezeau maison t5,https://www.etreproprio.com/immobilier-23379277-vente-ploudalmezeau-maison-t5-ploudalmezeau
PLOUDALMEZEAU,Maison à vendre à portsall-ploudalmézeau - référence 4852br,https://www.etreproprio.com/immobilier-19204446-vente-maison-a-vendre-a-portsall-ploudalmezeau-reference-4852br-ploudalmezeau
PLOUDALMEZEAU,Maison 176m² à ploudalmezeau,https://www.etreproprio.com/immobilier-23323194-vente-maison-176m-a-ploudalmezeau-ploudalmezeau
PLOUDALMEZEAU,Maison 104m² à ploudalmezeau,https://www.etreproprio.com/immobilier-23304654-vente-maison-104m-a-ploudalmezeau-ploudalmezeau
PLOUDALMEZEAU,Maison en pierre à proximité immédiate du port de portsall,https://www.etreproprio.com/immobilier-23297009-vente-maison-en-pierre-a-proximite-immediate-du-port-de-portsall-ploudalmezeau
PLOUDALMEZEAU,A proximité du bourg de ploudalmézeau !,https://www.etreproprio.com/immobilier-23007359-vente-a-proximite-du-bourg-de-ploudalmezeau-ploudalmezeau
PLOUDALMEZEAU,Maison ploudalmezeau,https://www.etreproprio.com/immobilier-23201775-vente-maison-ploudalmezeau-ploudalmezeau
PLOUDALMEZEAU,"Splendide corps de ferme, entièrement rénové !",https://www.etreproprio.com/immobilier-23118808-vente-splendide-corps-de-ferme-entierement-renove-ploudalmezeau
PLOUDALMEZEAU,Portsall maison t5 à deux pas de plages,https://www.etreproprio.com/immobilier-23042147-vente-portsall-maison-t5-a-deux-pas-de-plages-ploudalmezeau
PLOUDALMEZEAU,Portsall maison t5 à deux pas de plages,https://www.etreproprio.com/immobilier-23042144-vente-portsall-maison-t5-a-deux-pas-de-plages-ploudalmezeau
PLOUDALMEZEAU,Nouveauté à portsall !,https://www.etreproprio.com/immobilier-23021466-vente-nouveaute-a-portsall-ploudalmezeau
PLOUDIRY,Maison à vendre 8 pièces ploudiry (29),https://www.etreproprio.com/immobilier-23663857-vente-maison-a-vendre-8-pieces-ploudiry-29-ploudiry
PLOUDIRY,Maison 187m² à ploudiry,https://www.etreproprio.com/immobilier-23844987-vente-maison-187m-a-ploudiry-ploudiry
PLOUDIRY,Maison a renover - terrain 1062 m2 - ploudiry,https://www.etreproprio.com/immobilier-23022955-vente-maison-a-renover-terrain-1062-m2-ploudiry-ploudiry
PLOUDIRY,Maison 190m² à ploudiry,https://www.etreproprio.com/immobilier-23528078-vente-maison-190m-a-ploudiry-ploudiry
PLOUDIRY,Maison de plain-pied,https://www.etreproprio.com/immobilier-22737300-vente-maison-de-plain-pied-ploudiry
PLOUDANIEL,"Maison néo-bretonne à vendre à ploudaniel - 5 chambres, 129 m²",https://www.etreproprio.com/immobilier-23210048-vente-maison-neo-bretonne-a-vendre-a-ploudaniel-5-chambres-129-m-ploudaniel
PLOUDANIEL,Maison sur ploudaniel,https://www.etreproprio.com/immobilier-23802300-vente-maison-sur-ploudaniel-ploudaniel
PLOUDANIEL,Maison 90m² à ploudaniel,https://www.etreproprio.com/immobilier-23749385-vente-maison-90m-a-ploudaniel-ploudaniel
PLOUDANIEL,Maison 160m² à ploudaniel,https://www.etreproprio.com/immobilier-23726225-vente-maison-160m-a-ploudaniel-ploudaniel
PLOUDANIEL,Maison à vendre à ploudaniel - référence 7075,https://www.etreproprio.com/immobilier-23660006-vente-maison-a-vendre-a-ploudaniel-reference-7075-ploudaniel
PLOUDANIEL,A vendre ploudaniel- maison familiale,https://www.etreproprio.com/immobilier-23599085-vente-a-vendre-ploudaniel-maison-familiale-ploudaniel
PLOUDANIEL,Exclusivite maison t7 168 m² habitables en vente à ploudaniel,https://www.etreproprio.com/immobilier-20901303-vente-exclusivite-maison-t7-168-m-habitables-en-vente-a-ploudaniel-ploudaniel
PLOUDANIEL,Maison 153m² à ploudaniel,https://www.etreproprio.com/immobilier-23505174-vente-maison-153m-a-ploudaniel-ploudaniel
PLOUDANIEL,Maison sur sous sol - 6 pièces - 185 m2 - ploudaniel,https://www.etreproprio.com/immobilier-22921815-vente-maison-sur-sous-sol-6-pieces-185-m2-ploudaniel-ploudaniel
PLOUDANIEL,Maison 180 m² à ploudaniel 29260,https://www.etreproprio.com/immobilier-22908411-vente-maison-180-m-a-ploudaniel-29260-ploudaniel
PLOUDANIEL,Maison 115m² à ploudaniel,https://www.etreproprio.com/immobilier-22875233-vente-maison-115m-a-ploudaniel-ploudaniel
PLOUDANIEL,Maison 300m² à ploudaniel,https://www.etreproprio.com/immobilier-22161075-vente-maison-300m-a-ploudaniel-ploudaniel
PLOUDANIEL,Maison 116m² à ploudaniel,https://www.etreproprio.com/immobilier-22032074-vente-maison-116m-a-ploudaniel-ploudaniel
PLOUDANIEL,""" déjà vendu par kerebel immobilier """,https://www.etreproprio.com/immobilier-20764350-vente-deja-vendu-par-kerebel-immobilier-ploudaniel
PLOUDALMEZEAU,Maison 350m² à ploudalmezeau,https://www.etreproprio.com/immobilier-22909209-vente-maison-350m-a-ploudalmezeau-ploudalmezeau
PLOUDALMEZEAU,Exclusivite   a vendre   ploudalmezeau portsall  maison  bord de mer  t8   160 m²   5 chambres   1550 m² de terrain,https://www.etreproprio.com/immobilier-22081586-vente-exclusivite-a-vendre-ploudalmezeau-portsall-maison-bord-de-mer-t8-160-m-5-chambres-1550-m-de-terrain-ploudalmezeau
PLOUDALMEZEAU,Exclusivite   a vendre  ploudalmezeau  portsall  maison  bord de mer  t8   160 m²   5 chambres   terrain de 550 m²,https://www.etreproprio.com/immobilier-22081587-vente-exclusivite-a-vendre-ploudalmezeau-portsall-maison-bord-de-mer-t8-160-m-5-chambres-terrain-de-550-m-ploudalmezeau
PLOUDALMEZEAU,Longere renovée - ploudalmezeau - 4 chambres,https://www.etreproprio.com/immobilier-21090949-vente-longere-renovee-ploudalmezeau-4-chambres-ploudalmezeau
PLOUDALMEZEAU,Vente d'une maison 6 pièces (129 m²) à ploudalmezeau,https://www.etreproprio.com/immobilier-19213886-vente-vente-d-une-maison-6-pieces-129-m-a-ploudalmezeau-ploudalmezeau
PLOUEDERN,Finistere - plouédern (29800) - a vendre - maison t8/9 290m² - 5 chambres - sous-sol integral - nombreuses possibilites sur terr,https://www.etreproprio.com/immobilier-23864622-vente-finistere-plouedern-29800-a-vendre-maison-t89-290m-5-chambres-sous-sol-integral-nombreuses-possibilites-sur-terr-plouedern
PLOUEDERN,Maison - 9 pièces - 280 m2,https://www.etreproprio.com/immobilier-23857129-vente-maison-9-pieces-280-m2-plouedern
PLOUEDERN,Maison sur plouedern,https://www.etreproprio.com/immobilier-23802301-vente-maison-sur-plouedern-plouedern
PLOUEDERN,grande maison familiale rénovée   proche landerneau,https://www.etreproprio.com/immobilier-23341418-vente-grande-maison-familiale-renovee-proche-landerneau-plouedern
PLOUEDERN,A vendre - baisse de prix !!! maison en campagne proche de landerneau- plouédern (29800),https://www.etreproprio.com/immobilier-22988807-vente-a-vendre-baisse-de-prix-maison-en-campagne-proche-de-landerneau-plouedern-29800-plouedern
PLOUEDERN,Maison t6 contemporaine,https://www.etreproprio.com/immobilier-23060671-vente-maison-t6-contemporaine-plouedern
PLOUEDERN,Maison 93m² à plouedern,https://www.etreproprio.com/immobilier-23558721-vente-maison-93m-a-plouedern-plouedern
PLOUEDERN,Maison t6 contemporaine,https://www.etreproprio.com/immobilier-23060660-vente-maison-t6-contemporaine-plouedern
PLOUEDERN,Maison à vendre à plouedern - référence 2231jl,https://www.etreproprio.com/immobilier-23514832-vente-maison-a-vendre-a-plouedern-reference-2231jl-plouedern
PLOUEDERN,Maison moderne de standing,https://www.etreproprio.com/immobilier-23395503-vente-maison-moderne-de-standing-plouedern
PLOUEDERN,Maison 111m² à plouedern,https://www.etreproprio.com/immobilier-22032073-vente-maison-111m-a-plouedern-plouedern
PLOUEDERN,Maison bourgeoise pres de landerneau,https://www.etreproprio.com/immobilier-21628825-vente-maison-bourgeoise-pres-de-landerneau-plouedern
PLOUEDERN,Maison plouedern  6 ch 188 m2,https://www.etreproprio.com/immobilier-17610723-vente-maison-plouedern-6-ch-188-m2-plouedern
PLOUEGAT-GUERAND,Maison plouegat guerand 155 m2,https://www.etreproprio.com/immobilier-22921032-vente-maison-plouegat-guerand-155-m2-plouegat-guerand
PLOUEGAT-GUERAND,"Maison en pierres, plouégat-guérand",https://www.etreproprio.com/immobilier-22866137-vente-maison-en-pierres-plouegat-guerand-plouegat-guerand
PLOUEGAT-GUERAND,"Maison en pierres, plouégat-guérand",https://www.etreproprio.com/immobilier-22203544-vente-maison-en-pierres-plouegat-guerand-plouegat-guerand
PLOUEGAT-GUERAND,Demeure de prestige,https://www.etreproprio.com/immobilier-22557060-vente-demeure-de-prestige-plouegat-guerand
PLOUEGAT-GUERAND,Corps de ferme,https://www.etreproprio.com/immobilier-22492171-vente-corps-de-ferme-plouegat-guerand
PLOUEGAT-GUERAND,Maison plouegat guerand 6 pièce(s) 115 m2,https://www.etreproprio.com/immobilier-22429464-vente-maison-plouegat-guerand-6-pieces-115-m2-plouegat-guerand
PLOUEGAT-GUERAND,Maison plouegat guerand 5 pièce(s) 222 m2,https://www.etreproprio.com/immobilier-22264968-vente-maison-plouegat-guerand-5-pieces-222-m2-plouegat-guerand
PLOUEGAT-MOYSAN,Maison 107m² à plouegat-moysan,https://www.etreproprio.com/immobilier-23867975-vente-maison-107m-a-plouegat-moysan-plouegat-moysan
PLOUEGAT-MOYSAN,Maison sur plouegat moysan,https://www.etreproprio.com/immobilier-23855225-vente-maison-sur-plouegat-moysan-plouegat-moysan
PLOUEGAT-MOYSAN,Maison 124m² à plouegat-moysan,https://www.etreproprio.com/immobilier-23739351-vente-maison-124m-a-plouegat-moysan-plouegat-moysan
PLOUEGAT-MOYSAN,Maison 184m² à plouegat-moysan,https://www.etreproprio.com/immobilier-23220873-vente-maison-184m-a-plouegat-moysan-plouegat-moysan
PLOUEGAT-MOYSAN,Maison 184m² à plouegat-moysan,https://www.etreproprio.com/immobilier-23630005-vente-maison-184m-a-plouegat-moysan-plouegat-moysan
PLOUEGAT-MOYSAN,Maison 120m² à plouegat-moysan,https://www.etreproprio.com/immobilier-23582879-vente-maison-120m-a-plouegat-moysan-plouegat-moysan
PLOUENAN,Maison 128m² à plouenan,https://www.etreproprio.com/immobilier-23883576-vente-maison-128m-a-plouenan-plouenan
PLOUENAN,Maison à vendre 7 pièces plouenan (29),https://www.etreproprio.com/immobilier-23725832-vente-maison-a-vendre-7-pieces-plouenan-29-plouenan
PLOUENAN,Maison 130m² à plouenan,https://www.etreproprio.com/immobilier-23692782-vente-maison-130m-a-plouenan-plouenan
PLOUENAN,Maison sur plouenan,https://www.etreproprio.com/immobilier-23681074-vente-maison-sur-plouenan-plouenan
PLOUENAN,Maison 110m² à plouenan,https://www.etreproprio.com/immobilier-23100915-vente-maison-110m-a-plouenan-plouenan
PLOUENAN,Maison 196m² à plouenan,https://www.etreproprio.com/immobilier-23112516-vente-maison-196m-a-plouenan-plouenan
PLOUENAN,Maison 147m² à plouenan,https://www.etreproprio.com/immobilier-23101275-vente-maison-147m-a-plouenan-plouenan
PLOUENAN,Maison 121m² à plouenan,https://www.etreproprio.com/immobilier-23078719-vente-maison-121m-a-plouenan-plouenan
PLOUENAN,Maison 115m² à plouenan,https://www.etreproprio.com/immobilier-22399319-vente-maison-115m-a-plouenan-plouenan
PLOUESCAT,Maison 126m² à plouescat,https://www.etreproprio.com/immobilier-23862808-vente-maison-126m-a-plouescat-plouescat
PLOUESCAT,Maison 137m² à plouescat,https://www.etreproprio.com/immobilier-23854374-vente-maison-137m-a-plouescat-plouescat
PLOUESCAT,Maison 103m² à plouescat,https://www.etreproprio.com/immobilier-23854373-vente-maison-103m-a-plouescat-plouescat
PLOUESCAT,Demeure de prestige plouescat 240 m2,https://www.etreproprio.com/immobilier-23796869-vente-demeure-de-prestige-plouescat-240-m2-plouescat
PLOUESCAT,Maison à plouescat 29430- 8 pièces 130 m²,https://www.etreproprio.com/immobilier-22929271-vente-maison-a-plouescat-29430-8-pieces-130-m-plouescat
PLOUESCAT,Maison 131m² à plouescat,https://www.etreproprio.com/immobilier-23092171-vente-maison-131m-a-plouescat-plouescat
PLOUESCAT,Maison 120m² à plouescat,https://www.etreproprio.com/immobilier-23080389-vente-maison-120m-a-plouescat-plouescat
PLOUESCAT,A vendre. maison. plouescat.,https://www.etreproprio.com/immobilier-23765922-vente-a-vendre-maison-plouescat-plouescat
PLOUESCAT,Maison 85m² à plouescat,https://www.etreproprio.com/immobilier-23742645-vente-maison-85m-a-plouescat-plouescat
PLOUESCAT,Maison 122m² à plouescat,https://www.etreproprio.com/immobilier-22179038-vente-maison-122m-a-plouescat-plouescat
PLOUESCAT,Maison 256m² à plouescat,https://www.etreproprio.com/immobilier-23701637-vente-maison-256m-a-plouescat-plouescat
PLOUESCAT,Maison 211m² à plouescat,https://www.etreproprio.com/immobilier-23447137-vente-maison-211m-a-plouescat-plouescat
PLOUESCAT,Maison sur plouescat,https://www.etreproprio.com/immobilier-23681075-vente-maison-sur-plouescat-plouescat
PLOUESCAT,Maison 256m² à plouescat,https://www.etreproprio.com/immobilier-21863026-vente-maison-256m-a-plouescat-plouescat
PLOUESCAT,Maison 211m² à plouescat,https://www.etreproprio.com/immobilier-23620622-vente-maison-211m-a-plouescat-plouescat
PLOUESCAT,Maison 149m² à plouescat,https://www.etreproprio.com/immobilier-23620650-vente-maison-149m-a-plouescat-plouescat
PLOUESCAT,Maison familiale à deux pas de la baie du kernic – plouescat,https://www.etreproprio.com/immobilier-23572456-vente-maison-familiale-a-deux-pas-de-la-baie-du-kernic-plouescat-plouescat
PLOUESCAT,Maison 160m² à plouescat,https://www.etreproprio.com/immobilier-23558819-vente-maison-160m-a-plouescat-plouescat
PLOUESCAT,Maison 155m² à plouescat,https://www.etreproprio.com/immobilier-23525291-vente-maison-155m-a-plouescat-plouescat
PLOUESCAT,Maison 160m² à plouescat,https://www.etreproprio.com/immobilier-23503471-vente-maison-160m-a-plouescat-plouescat
PLOUEZOC'H,Maison à vendre,https://www.etreproprio.com/immobilier-22581098-vente-maison-a-vendre-plouezoc-h
PLOUEZOC'H,Belle propriété à 5kms de morlaix,https://www.etreproprio.com/immobilier-23814278-vente-belle-propriete-a-5kms-de-morlaix-plouezoc-h
PLOUEZOC'H,Maison 98m² à plouezoc'h,https://www.etreproprio.com/immobilier-23798091-vente-maison-98m-a-plouezoc-h-plouezoc-h
PLOUEZOC'H,Maison plouezoc'h - 283 m² 13 pièces(s),https://www.etreproprio.com/immobilier-23778133-vente-maison-plouezoc-h-283-m-13-piecess-plouezoc-h
PLOUEZOC'H,Maison 77m² à plouezoc'h,https://www.etreproprio.com/immobilier-23596677-vente-maison-77m-a-plouezoc-h-plouezoc-h
PLOUEZOC'H,Maison plouézoc'h 5 pièce(s) 124 m2,https://www.etreproprio.com/immobilier-23410304-vente-maison-plouezoc-h-5-pieces-124-m2-plouezoc-h
PLOUEZOC'H,Maison plouezoch 7 pièce(s) 126 m2,https://www.etreproprio.com/immobilier-23344630-vente-maison-plouezoch-7-pieces-126-m2-plouezoc-h
PLOUEZOC'H,Maison 252m² à plouezoc'h,https://www.etreproprio.com/immobilier-23320329-vente-maison-252m-a-plouezoc-h-plouezoc-h
PLOUEZOC'H,Proche du bourg de plouézoc'h,https://www.etreproprio.com/immobilier-23192394-vente-proche-du-bourg-de-plouezoc-h-plouezoc-h
PLOUEZOC'H,Maison 380m² à plouezoc'h,https://www.etreproprio.com/immobilier-23123977-vente-maison-380m-a-plouezoc-h-plouezoc-h
PLOUEZOC'H,"Finistère, le dourduff  maison de pêcheur",https://www.etreproprio.com/immobilier-22923741-vente-finistere-le-dourduff-maison-de-pecheur-plouezoc-h
PLOUEZOC'H,Maison plouezoc h 4 pièce(s) 75 m2,https://www.etreproprio.com/immobilier-22756224-vente-maison-plouezoc-h-4-pieces-75-m2-plouezoc-h
PLOUEZOC'H,Maison 283m² à plouezoc'h,https://www.etreproprio.com/immobilier-22548001-vente-maison-283m-a-plouezoc-h-plouezoc-h
PLOUEZOC'H,Maison plouezoc h commune bord de mer baie de morlaix,https://www.etreproprio.com/immobilier-22057841-vente-maison-plouezoc-h-commune-bord-de-mer-baie-de-morlaix-plouezoc-h
PLOUEZOC'H,Maison le dourduff  90 m²,https://www.etreproprio.com/immobilier-19795011-vente-maison-le-dourduff-90-m-plouezoc-h
PLOUEZOC'H,Maison plouezoc h 4 pièce(s) 84 m2,https://www.etreproprio.com/immobilier-19479188-vente-maison-plouezoc-h-4-pieces-84-m2-plouezoc-h
PLOUGAR,Maison sur plougar,https://www.etreproprio.com/immobilier-23885988-vente-maison-sur-plougar-plougar
PLOUGAR,Maison 82m² à plougar,https://www.etreproprio.com/immobilier-23702532-vente-maison-82m-a-plougar-plougar
PLOUGAR,Maison 7 pièces avec grand garage,https://www.etreproprio.com/immobilier-23003077-vente-maison-7-pieces-avec-grand-garage-plougar
PLOUGAR,Maison de plain-pied avec garage et hangar,https://www.etreproprio.com/immobilier-21806743-vente-maison-de-plain-pied-avec-garage-et-hangar-plougar
PLOUESCAT,À vendre maison dans le très recherché 16ème de plouescat,https://www.etreproprio.com/immobilier-23469774-vente-a-vendre-maison-dans-le-tres-recherche-16eme-de-plouescat-plouescat
PLOUESCAT,Maison de charme et dépendances en pierre à plouescat,https://www.etreproprio.com/immobilier-23469717-vente-maison-de-charme-et-dependances-en-pierre-a-plouescat-plouescat
PLOUESCAT,Maison 250m² à plouescat,https://www.etreproprio.com/immobilier-23341243-vente-maison-250m-a-plouescat-plouescat
PLOUESCAT,Maison 93m² à plouescat,https://www.etreproprio.com/immobilier-23320330-vente-maison-93m-a-plouescat-plouescat
PLOUESCAT,Maison 64m² à plouescat,https://www.etreproprio.com/immobilier-23277461-vente-maison-64m-a-plouescat-plouescat
PLOUESCAT,Maison plouescat 130 m2,https://www.etreproprio.com/immobilier-23259171-vente-maison-plouescat-130-m2-plouescat
PLOUESCAT,Maison 123m² à plouescat,https://www.etreproprio.com/immobilier-23190751-vente-maison-123m-a-plouescat-plouescat
PLOUESCAT,Maison plouescat 7 pièce(s) 123 m2 (800m de la mer),https://www.etreproprio.com/immobilier-23107379-vente-maison-plouescat-7-pieces-123-m2-800m-de-la-mer-plouescat
PLOUESCAT,Maison 102m² à plouescat,https://www.etreproprio.com/immobilier-21934332-vente-maison-102m-a-plouescat-plouescat
PLOUESCAT,Maison 130m² à plouescat,https://www.etreproprio.com/immobilier-22684064-vente-maison-130m-a-plouescat-plouescat
PLOUESCAT,Maison 79m² à plouescat,https://www.etreproprio.com/immobilier-22471587-vente-maison-79m-a-plouescat-plouescat
PLOUESCAT,Maison 118m² à plouescat,https://www.etreproprio.com/immobilier-22633325-vente-maison-118m-a-plouescat-plouescat
PLOUESCAT,Maison 4 pièces   107 m2 sur 538 m2 de terrain bord de mer,https://www.etreproprio.com/immobilier-22162250-vente-maison-4-pieces-107-m2-sur-538-m2-de-terrain-bord-de-mer-plouescat
PLOUESCAT,Maison d'habitation et gîtes à plouescat,https://www.etreproprio.com/immobilier-22458747-vente-maison-d-habitation-et-gites-a-plouescat-plouescat
PLOUESCAT,Maison 121m² à plouescat,https://www.etreproprio.com/immobilier-21744179-vente-maison-121m-a-plouescat-plouescat
PLOUESCAT,Plouescat - bord de mer,https://www.etreproprio.com/immobilier-21741714-vente-plouescat-bord-de-mer-plouescat
PLOUGASNOU,Maison plougasnou 3 pièce(s) 85 m2,https://www.etreproprio.com/immobilier-21816298-vente-maison-plougasnou-3-pieces-85-m2-plougasnou
PLOUGASNOU,A 500m de la mer à plougasnou entre diben et guerzit,https://www.etreproprio.com/immobilier-22957284-vente-a-500m-de-la-mer-a-plougasnou-entre-diben-et-guerzit-plougasnou
PLOUGASNOU,Maison sur plougasnou,https://www.etreproprio.com/immobilier-23855224-vente-maison-sur-plougasnou-plougasnou
PLOUGASNOU,Maison plougasnou 2 pièce(s) 49 m2,https://www.etreproprio.com/immobilier-23809934-vente-maison-plougasnou-2-pieces-49-m2-plougasnou
PLOUGASNOU,Maison plougasnou 6 pièce(s) 110 m2,https://www.etreproprio.com/immobilier-23809935-vente-maison-plougasnou-6-pieces-110-m2-plougasnou
PLOUGASNOU,Maison 165m² à plougasnou,https://www.etreproprio.com/immobilier-23472256-vente-maison-165m-a-plougasnou-plougasnou
PLOUGASNOU,Maison 165m² à plougasnou,https://www.etreproprio.com/immobilier-23532893-vente-maison-165m-a-plougasnou-plougasnou
PLOUGASNOU,"Charme absolu, rénovée avec soin",https://www.etreproprio.com/immobilier-23771165-vente-charme-absolu-renovee-avec-soin-plougasnou
PLOUGASNOU,Maison et gites emplacement ideal!,https://www.etreproprio.com/immobilier-23717413-vente-maison-et-gites-emplacement-ideal-plougasnou
PLOUGASNOU,Maison 120m² à plougasnou,https://www.etreproprio.com/immobilier-23690892-vente-maison-120m-a-plougasnou-plougasnou
PLOUGASNOU,Maison de maître à vendre au cœur de plougasnou,https://www.etreproprio.com/immobilier-23681060-vente-maison-de-maitre-a-vendre-au-coeur-de-plougasnou-plougasnou
PLOUGASNOU,"Entre mer et verdure, un havre de lumière et de sérénité à plougasnou - à deux pas des plages et du cœur de bourg !",https://www.etreproprio.com/immobilier-23663849-vente-entre-mer-et-verdure-un-havre-de-lumiere-et-de-serenite-a-plougasnou-a-deux-pas-des-plages-et-du-coeur-de-bourg-plougasnou
PLOUGASNOU,Maison plougasnou 6 pièce(s) 170 m2,https://www.etreproprio.com/immobilier-23574049-vente-maison-plougasnou-6-pieces-170-m2-plougasnou
PLOUGASNOU,Maison plougasnou 8 pièce(s) 270 m2,https://www.etreproprio.com/immobilier-23574050-vente-maison-plougasnou-8-pieces-270-m2-plougasnou
PLOUGASNOU,"Longère avec 7 chambres, grand terrain, à 3 km des plages",https://www.etreproprio.com/immobilier-23093093-vente-longere-avec-7-chambres-grand-terrain-a-3-km-des-plages-plougasnou
PLOUGASNOU,Maison plougasnou 5 pièce(s) 84 m2,https://www.etreproprio.com/immobilier-22520323-vente-maison-plougasnou-5-pieces-84-m2-plougasnou
PLOUGASNOU,Maison plougasnou 6 pièce(s) 141 m2,https://www.etreproprio.com/immobilier-23508110-vente-maison-plougasnou-6-pieces-141-m2-plougasnou
PLOUGASNOU,Au coeur du bourg de plougasnou,https://www.etreproprio.com/immobilier-23462497-vente-au-coeur-du-bourg-de-plougasnou-plougasnou
PLOUGASNOU,Maison contemporaine à vendre à plougasnou,https://www.etreproprio.com/immobilier-23449651-vente-maison-contemporaine-a-vendre-a-plougasnou-plougasnou
PLOUGASNOU,Maison plougasnou 4 pièce(s)  76m2,https://www.etreproprio.com/immobilier-23428084-vente-maison-plougasnou-4-pieces-76m2-plougasnou
PLOUGASTEL-DAOULAS,Plougastel daoulas le passage maison 3 chambres vue mer  pieds dans l'eau,https://www.etreproprio.com/immobilier-23909729-vente-plougastel-daoulas-le-passage-maison-3-chambres-vue-mer-pieds-dans-l-eau-plougastel-daoulas
PLOUGASTEL-DAOULAS,Maison 95m² à plougastel-daoulas,https://www.etreproprio.com/immobilier-23905972-vente-maison-95m-a-plougastel-daoulas-plougastel-daoulas
PLOUGASTEL-DAOULAS,Exclusivité maison  à vendre 5 pièces plougastel daoulas,https://www.etreproprio.com/immobilier-23396333-vente-exclusivite-maison-a-vendre-5-pieces-plougastel-daoulas-plougastel-daoulas
PLOUGASTEL-DAOULAS,Maison 106m² à plougastel-daoulas,https://www.etreproprio.com/immobilier-23885220-vente-maison-106m-a-plougastel-daoulas-plougastel-daoulas
PLOUGASTEL-DAOULAS,Maison rénovée   idéale pour un premier achat à plougastel,https://www.etreproprio.com/immobilier-23866637-vente-maison-renovee-ideale-pour-un-premier-achat-a-plougastel-plougastel-daoulas
PLOUGASTEL-DAOULAS,"Plougastel daoulas, maison t6  haut de gamme",https://www.etreproprio.com/immobilier-22224861-vente-plougastel-daoulas-maison-t6-haut-de-gamme-plougastel-daoulas
PLOUGASTEL-DAOULAS,"Plougastel daoulas, maison t6  haut de gamme",https://www.etreproprio.com/immobilier-22224860-vente-plougastel-daoulas-maison-t6-haut-de-gamme-plougastel-daoulas
PLOUGASTEL-DAOULAS,Maison 212m² à plougastel-daoulas,https://www.etreproprio.com/immobilier-23850251-vente-maison-212m-a-plougastel-daoulas-plougastel-daoulas
PLOUGASTEL-DAOULAS,Maison plein bourg,https://www.etreproprio.com/immobilier-22489167-vente-maison-plein-bourg-plougastel-daoulas
PLOUGASTEL-DAOULAS,Maison proche bourg,https://www.etreproprio.com/immobilier-23832760-vente-maison-proche-bourg-plougastel-daoulas
PLOUGASTEL-DAOULAS,A vendre - maison de t5 - centre-ville de plougastel-daoulas,https://www.etreproprio.com/immobilier-23532537-vente-a-vendre-maison-de-t5-centre-ville-de-plougastel-daoulas-plougastel-daoulas
PLOUGASTEL-DAOULAS,Coup de cœur assuré ! superbe maison néo-bretonne rénovée – 4 chambres – plougastel-daoulas,https://www.etreproprio.com/immobilier-23717939-vente-coup-de-coeur-assure-superbe-maison-neo-bretonne-renovee-4-chambres-plougastel-daoulas-plougastel-daoulas
PLOUGASTEL-DAOULAS,Maison 70m² à plougastel-daoulas,https://www.etreproprio.com/immobilier-23479118-vente-maison-70m-a-plougastel-daoulas-plougastel-daoulas
PLOUGASTEL-DAOULAS,Coup de cœur assuré – superbe maison néo-bretonne rénovée à plougastel-daoulas,https://www.etreproprio.com/immobilier-23717923-vente-coup-de-coeur-assure-superbe-maison-neo-bretonne-renovee-a-plougastel-daoulas-plougastel-daoulas
PLOUGASTEL-DAOULAS,A vendre  plougastel-daoulas   maison t6  4 chambres  terrain de 800m²   double garage.,https://www.etreproprio.com/immobilier-22027822-vente-a-vendre-plougastel-daoulas-maison-t6-4-chambres-terrain-de-800m-double-garage-plougastel-daoulas
PLOUGASTEL-DAOULAS,Maison de centre - au calme,https://www.etreproprio.com/immobilier-23592979-vente-maison-de-centre-au-calme-plougastel-daoulas
PLOUGASTEL-DAOULAS,Finistere - plougastel-daoulas (29470) - a vendre - propriete de charme de 200 m² - piece de vie de 60m2 style loft - 5 chambres,https://www.etreproprio.com/immobilier-23584483-vente-finistere-plougastel-daoulas-29470-a-vendre-propriete-de-charme-de-200-m-piece-de-vie-de-60m2-style-loft-5-chambres-plougastel-daoulas
PLOUGASTEL-DAOULAS,Maison à vendre 12 pièces plougastel daoulas (29),https://www.etreproprio.com/immobilier-22247920-vente-maison-a-vendre-12-pieces-plougastel-daoulas-29-plougastel-daoulas
PLOUGASTEL-DAOULAS,Maison de plain pied,https://www.etreproprio.com/immobilier-22882910-vente-maison-de-plain-pied-plougastel-daoulas
PLOUGASTEL-DAOULAS,Villa vue mer panoramique# finistère# bretagne,https://www.etreproprio.com/immobilier-23518961-vente-villa-vue-mer-panoramique-finistere-bretagne-plougastel-daoulas
PLOUGONVELIN,Maison 140m² à plougonvelin,https://www.etreproprio.com/immobilier-23893072-vente-maison-140m-a-plougonvelin-plougonvelin
PLOUGONVELIN,"Plongonvelin maison contemporaine plain pied à vendre à 1,3 kms plage du trez-hir - 2 chambres, plain-pied",https://www.etreproprio.com/immobilier-23647184-vente-plongonvelin-maison-contemporaine-plain-pied-a-vendre-a-13-kms-plage-du-trez-hir-2-chambres-plain-pied-plougonvelin
PLOUGONVELIN,Belle maison près de la plage,https://www.etreproprio.com/immobilier-23227265-vente-belle-maison-pres-de-la-plage-plougonvelin
PLOUGONVELIN,Maison plougonvelin 4 pièce(s) 75 m2,https://www.etreproprio.com/immobilier-22587057-vente-maison-plougonvelin-4-pieces-75-m2-plougonvelin
PLOUGONVELIN,Maison 100m² à plougonvelin,https://www.etreproprio.com/immobilier-23849880-vente-maison-100m-a-plougonvelin-plougonvelin
PLOUGONVELIN,Maison à plougonvelin,https://www.etreproprio.com/immobilier-23799984-vente-maison-a-plougonvelin-plougonvelin
PLOUGONVELIN,"Demeure de charme entièrement réhabilitée au cœur d’un parc de 3,5 hectares",https://www.etreproprio.com/immobilier-23776764-vente-demeure-de-charme-entierement-rehabilitee-au-coeur-d-un-parc-de-35-hectares-plougonvelin
PLOUGONVELIN,Maison 75m² à plougonvelin,https://www.etreproprio.com/immobilier-21749726-vente-maison-75m-a-plougonvelin-plougonvelin
PLOUGONVELIN,Maison contemporaine de 2019 à vendre à plougonvelin - un véritable havre de paix !,https://www.etreproprio.com/immobilier-23752416-vente-maison-contemporaine-de-2019-a-vendre-a-plougonvelin-un-veritable-havre-de-paix-plougonvelin
PLOUGONVELIN,Finistere - plougonvelin (29217) - a vendre - maison contemporaine de 118 m2  de 2017 - 4 chambres - cellier - garage - dpe b -,https://www.etreproprio.com/immobilier-23759274-vente-finistere-plougonvelin-29217-a-vendre-maison-contemporaine-de-118-m2-de-2017-4-chambres-cellier-garage-dpe-b-plougonvelin
PLOUGONVELIN,Maison lumineuse au calme 3 chambres vue panoramique et mer,https://www.etreproprio.com/immobilier-23744740-vente-maison-lumineuse-au-calme-3-chambres-vue-panoramique-et-mer-plougonvelin
PLOUGONVELIN,Plougonvelin maison t4,https://www.etreproprio.com/immobilier-22986683-vente-plougonvelin-maison-t4-plougonvelin
PLOUGONVELIN,Plougonvelin maison t4,https://www.etreproprio.com/immobilier-22986647-vente-plougonvelin-maison-t4-plougonvelin
PLOUGONVELIN,Maison 90m² à plougonvelin,https://www.etreproprio.com/immobilier-23544630-vente-maison-90m-a-plougonvelin-plougonvelin
PLOUGONVELIN,Plougonvelin belle maison contemporaine de plain pied,https://www.etreproprio.com/immobilier-23539073-vente-plougonvelin-belle-maison-contemporaine-de-plain-pied-plougonvelin
PLOUGONVELIN,Plougonvelin belle maison contemporaine de plain pied,https://www.etreproprio.com/immobilier-23539072-vente-plougonvelin-belle-maison-contemporaine-de-plain-pied-plougonvelin
PLOUGONVELIN,Seulement chez nous! le trez-hir- a 4 mm des plages-maison de type 6,https://www.etreproprio.com/immobilier-23489363-vente-seulement-chez-nous-le-trez-hir-a-4-mm-des-plages-maison-de-type-6-plougonvelin
PLOUGONVELIN,Plougonvelin maison t5 avec vue mer,https://www.etreproprio.com/immobilier-21837482-vente-plougonvelin-maison-t5-avec-vue-mer-plougonvelin
PLOUGONVELIN,Plougonvelin maison t5 avec vue mer,https://www.etreproprio.com/immobilier-21837471-vente-plougonvelin-maison-t5-avec-vue-mer-plougonvelin
PLOUGONVELIN,Maison 163m² à plougonvelin,https://www.etreproprio.com/immobilier-23434705-vente-maison-163m-a-plougonvelin-plougonvelin
PLOUGASNOU,# 541 - a vendre - maison - plougasnou - 115 m2,https://www.etreproprio.com/immobilier-23369473-vente-541-a-vendre-maison-plougasnou-115-m2-plougasnou
PLOUGASNOU,Hôtel particulier 1260 m2 - saint jean du doigt,https://www.etreproprio.com/immobilier-23237700-vente-hotel-particulier-1260-m2-saint-jean-du-doigt-plougasnou
PLOUGASNOU,Maison plougasnou 5 pièce(s) 94 m2,https://www.etreproprio.com/immobilier-22944817-vente-maison-plougasnou-5-pieces-94-m2-plougasnou
PLOUGASNOU,Maison à vendre vue mer sur terenez !,https://www.etreproprio.com/immobilier-23137197-vente-maison-a-vendre-vue-mer-sur-terenez-plougasnou
PLOUGASNOU,"Finistère, plougasnou, vente maison plage à pied",https://www.etreproprio.com/immobilier-20450667-vente-finistere-plougasnou-vente-maison-plage-a-pied-plougasnou
PLOUGASNOU,Maison plougasnou 8 pièce(s) 183 m2,https://www.etreproprio.com/immobilier-22948948-vente-maison-plougasnou-8-pieces-183-m2-plougasnou
PLOUGASNOU,Maison 139m² à plougasnou,https://www.etreproprio.com/immobilier-22904314-vente-maison-139m-a-plougasnou-plougasnou
PLOUGASNOU,Maison plougasnou 8 pièce(s) 164 m2,https://www.etreproprio.com/immobilier-21771471-vente-maison-plougasnou-8-pieces-164-m2-plougasnou
PLOUGASNOU,"Votre nouveau chez-vous à plougasnou – entre plages, nature et centre-ville !",https://www.etreproprio.com/immobilier-22545127-vente-votre-nouveau-chez-vous-a-plougasnou-entre-plages-nature-et-centre-ville-plougasnou
PLOUGASNOU,"Plougasnou port du diben, maison 5 chambres avec possibilité appartement indépendant.",https://www.etreproprio.com/immobilier-21631691-vente-plougasnou-port-du-diben-maison-5-chambres-avec-possibilite-appartement-independant-plougasnou
PLOUGASNOU,Maison de charme des années 30,https://www.etreproprio.com/immobilier-22431124-vente-maison-de-charme-des-annees-30-plougasnou
PLOUGASNOU,Maison plougasnou 9 pièce(s) 203 m2,https://www.etreproprio.com/immobilier-22170498-vente-maison-plougasnou-9-pieces-203-m2-plougasnou
PLOUGASNOU,Maison au diben accès direct à la plage du guerzit !,https://www.etreproprio.com/immobilier-22066522-vente-maison-au-diben-acces-direct-a-la-plage-du-guerzit-plougasnou
PLOUGASNOU,Maison 85m² à plougasnou,https://www.etreproprio.com/immobilier-21891422-vente-maison-85m-a-plougasnou-plougasnou
PLOUGASNOU,Maison plougasnou 4 pièce(s) 100 m2,https://www.etreproprio.com/immobilier-21771466-vente-maison-plougasnou-4-pieces-100-m2-plougasnou
PLOUGASNOU,"Plougasnou 5 mn terenez, belle maison traditionnelle entièrement rénovée sur 3500 m2 de parc arboré.",https://www.etreproprio.com/immobilier-22196260-vente-plougasnou-5-mn-terenez-belle-maison-traditionnelle-entierement-renovee-sur-3500-m2-de-parc-arbore-plougasnou
PLOUGASNOU,Manoir du 15ème siècle plougasnou 13 pièce(s) 256 m2,https://www.etreproprio.com/immobilier-21847765-vente-manoir-du-15eme-siecle-plougasnou-13-pieces-256-m2-plougasnou
PLOUGASNOU,Propriété d’exception avec vue mer imprenable à plougasnou – un panorama marin à couper le souffle !,https://www.etreproprio.com/immobilier-21378852-vente-propriete-d-exception-avec-vue-mer-imprenable-a-plougasnou-un-panorama-marin-a-couper-le-souffle-plougasnou
PLOUGONVEN,Maison plougonven 7 pièce(s) 135 m2,https://www.etreproprio.com/immobilier-23861570-vente-maison-plougonven-7-pieces-135-m2-plougonven
PLOUGONVEN,Maison 171m² à plougonven,https://www.etreproprio.com/immobilier-23843628-vente-maison-171m-a-plougonven-plougonven
PLOUGONVEN,Maison 90m² à plougonven,https://www.etreproprio.com/immobilier-23785996-vente-maison-90m-a-plougonven-plougonven
PLOUGONVEN,Maison 77m² à plougonven,https://www.etreproprio.com/immobilier-23756353-vente-maison-77m-a-plougonven-plougonven
PLOUGONVEN,Maison 145m² à plougonven,https://www.etreproprio.com/immobilier-23731121-vente-maison-145m-a-plougonven-plougonven
PLOUGONVEN,Maison 80m² à plougonven,https://www.etreproprio.com/immobilier-23591853-vente-maison-80m-a-plougonven-plougonven
PLOUGONVEN,Maison 143m² à plougonven,https://www.etreproprio.com/immobilier-20891339-vente-maison-143m-a-plougonven-plougonven
PLOUGONVEN,Maison 180m² à plougonven,https://www.etreproprio.com/immobilier-23514168-vente-maison-180m-a-plougonven-plougonven
PLOUGONVEN,Maison 76m² à plougonven,https://www.etreproprio.com/immobilier-23488790-vente-maison-76m-a-plougonven-plougonven
PLOUGONVEN,A vendre - maison plougonven 5 pièce(s) 110 m2,https://www.etreproprio.com/immobilier-21813121-vente-a-vendre-maison-plougonven-5-pieces-110-m2-plougonven
PLOUGONVEN,Maison 196m² à plougonven,https://www.etreproprio.com/immobilier-23048353-vente-maison-196m-a-plougonven-plougonven
PLOUGONVEN,Maison 136m² à plougonven,https://www.etreproprio.com/immobilier-22420348-vente-maison-136m-a-plougonven-plougonven
PLOUGONVEN,Maison 6 pièces - plougonven,https://www.etreproprio.com/immobilier-20826384-vente-maison-6-pieces-plougonven-plougonven
PLOUGONVEN,Maison 86m² à plougonven,https://www.etreproprio.com/immobilier-21127800-vente-maison-86m-a-plougonven-plougonven
PLOUGONVEN,"Propriété plougonven 167 m2 et terrain de 3,7 ha",https://www.etreproprio.com/immobilier-22142645-vente-propriete-plougonven-167-m2-et-terrain-de-37-ha-plougonven
PLOUGONVEN,"Plain pied, rénovée",https://www.etreproprio.com/immobilier-21438685-vente-plain-pied-renovee-plougonven
PLOUGONVEN,Viager 1 tête 1 homme 77 ans bouquet seul 400 000  possibilité d'exploiter hangar et terrain,https://www.etreproprio.com/immobilier-21717395-vente-viager-1-tete-1-homme-77-ans-bouquet-seul-400-000-possibilite-d-exploiter-hangar-et-terrain-plougonven
PLOUGONVEN,A seulement 15 mn des plages,https://www.etreproprio.com/immobilier-21174459-vente-a-seulement-15-mn-des-plages-plougonven
PLOUGASTEL-DAOULAS,Compromis agence exclusivite  maison  plougastel (pors guen),https://www.etreproprio.com/immobilier-23499920-vente-compromis-agence-exclusivite-maison-plougastel-pors-guen-plougastel-daoulas
PLOUGASTEL-DAOULAS,a vendre - maison 7 pièces (160 m²) lumineuse et fonctionnelle à plougastel daoulas,https://www.etreproprio.com/immobilier-23480093-vente-a-vendre-maison-7-pieces-160-m-lumineuse-et-fonctionnelle-a-plougastel-daoulas-plougastel-daoulas
PLOUGASTEL-DAOULAS,Maison contemporaine  plougastel-daoulas secteur kéraliou,https://www.etreproprio.com/immobilier-23469670-vente-maison-contemporaine-plougastel-daoulas-secteur-keraliou-plougastel-daoulas
PLOUGASTEL-DAOULAS,A vendre maison vue mer plougastel-daoulas keraliou,https://www.etreproprio.com/immobilier-23152555-vente-a-vendre-maison-vue-mer-plougastel-daoulas-keraliou-plougastel-daoulas
PLOUGASTEL-DAOULAS,À vendre en exclusivité : splendide propriété de caractère à plougastel-daoulas,https://www.etreproprio.com/immobilier-23469625-vente-a-vendre-en-exclusivite-splendide-propriete-de-caractere-a-plougastel-daoulas-plougastel-daoulas
PLOUGASTEL-DAOULAS,Plougastel daoulas : maison a rénover (60 m²) vue mer,https://www.etreproprio.com/immobilier-23462508-vente-plougastel-daoulas-maison-a-renover-60-m-vue-mer-plougastel-daoulas
PLOUGASTEL-DAOULAS,Plougastel daoulas : maison a rénover (70 m²) vue mer,https://www.etreproprio.com/immobilier-23462504-vente-plougastel-daoulas-maison-a-renover-70-m-vue-mer-plougastel-daoulas
PLOUGASTEL-DAOULAS,À vendre  plougastel  daoulas sainte christine maison de caractère de 230m2,https://www.etreproprio.com/immobilier-23445612-vente-a-vendre-plougastel-daoulas-sainte-christine-maison-de-caractere-de-230m2-plougastel-daoulas
PLOUGASTEL-DAOULAS,Maison 130m² à plougastel-daoulas,https://www.etreproprio.com/immobilier-22574101-vente-maison-130m-a-plougastel-daoulas-plougastel-daoulas
PLOUGASTEL-DAOULAS,Maison proche bus,https://www.etreproprio.com/immobilier-23426562-vente-maison-proche-bus-plougastel-daoulas
PLOUGASTEL-DAOULAS,Finistere - plougastel-daoulas (29470) - a vendre - maison - non mitoyenne -  t6-  5 chambres - fort potentiel - idealement situ,https://www.etreproprio.com/immobilier-23342585-vente-finistere-plougastel-daoulas-29470-a-vendre-maison-non-mitoyenne-t6-5-chambres-fort-potentiel-idealement-situ-plougastel-daoulas
PLOUGASTEL-DAOULAS,Maison 105m² à plougastel-daoulas,https://www.etreproprio.com/immobilier-23337560-vente-maison-105m-a-plougastel-daoulas-plougastel-daoulas
PLOUGASTEL-DAOULAS,Maison en pierres,https://www.etreproprio.com/immobilier-23294124-vente-maison-en-pierres-plougastel-daoulas
PLOUGASTEL-DAOULAS,Maison de ville plougastel daoulas 3 chambres jardin,https://www.etreproprio.com/immobilier-23142001-vente-maison-de-ville-plougastel-daoulas-3-chambres-jardin-plougastel-daoulas
PLOUGASTEL-DAOULAS,Maison 120m² à plougastel-daoulas,https://www.etreproprio.com/immobilier-22230629-vente-maison-120m-a-plougastel-daoulas-plougastel-daoulas
PLOUGASTEL-DAOULAS,Maison 188m² à plougastel-daoulas,https://www.etreproprio.com/immobilier-23060331-vente-maison-188m-a-plougastel-daoulas-plougastel-daoulas
PLOUGASTEL-DAOULAS,Maison 124m² à plougastel-daoulas,https://www.etreproprio.com/immobilier-22922833-vente-maison-124m-a-plougastel-daoulas-plougastel-daoulas
PLOUGASTEL-DAOULAS,Plougastel secteur keraliou - maison vue mer  5 chambres,https://www.etreproprio.com/immobilier-23063687-vente-plougastel-secteur-keraliou-maison-vue-mer-5-chambres-plougastel-daoulas
PLOUGASTEL-DAOULAS,A vendre maison plougastel-daoulas secteur keraliou,https://www.etreproprio.com/immobilier-22082492-vente-a-vendre-maison-plougastel-daoulas-secteur-keraliou-plougastel-daoulas
PLOUGASTEL-DAOULAS,Maison 4 chambre(s) à vendre,https://www.etreproprio.com/immobilier-22951364-vente-maison-4-chambres-a-vendre-plougastel-daoulas
PLOUGONVELIN,Plougonvelin ensemble de bâtiments à deux pas des plages,https://www.etreproprio.com/immobilier-23105246-vente-plougonvelin-ensemble-de-batiments-a-deux-pas-des-plages-plougonvelin
PLOUGONVELIN,Plougonvelin ensemble de bâtiments à deux pas des plages,https://www.etreproprio.com/immobilier-23105248-vente-plougonvelin-ensemble-de-batiments-a-deux-pas-des-plages-plougonvelin
PLOUGONVELIN,A vendre maison de + 200m² - quartier résidentiel à plougonvelin,https://www.etreproprio.com/immobilier-23086403-vente-a-vendre-maison-de-200m-quartier-residentiel-a-plougonvelin-plougonvelin
PLOUGONVELIN,Maison contemporaine recente (2024) a plougonvelin,https://www.etreproprio.com/immobilier-23044876-vente-maison-contemporaine-recente-2024-a-plougonvelin-plougonvelin
PLOUGONVELIN,Maison familiale et son parc de 2 hectares à la mer,https://www.etreproprio.com/immobilier-20256796-vente-maison-familiale-et-son-parc-de-2-hectares-a-la-mer-plougonvelin
PLOUGONVELIN,Rare propriete de caractere à plougonvelin,https://www.etreproprio.com/immobilier-22729851-vente-rare-propriete-de-caractere-a-plougonvelin-plougonvelin
PLOUGONVELIN,Propriété au trez hir avec 2000 m2 de terrain constructible,https://www.etreproprio.com/immobilier-22624817-vente-propriete-au-trez-hir-avec-2000-m2-de-terrain-constructible-plougonvelin
PLOUGONVELIN,Maison 5 chambre(s) à vendre,https://www.etreproprio.com/immobilier-21743421-vente-maison-5-chambres-a-vendre-plougonvelin
PLOUGONVELIN,À vendre   maison contemporaine de 2024 de 164 m2 avec vue mer   plougonvelin,https://www.etreproprio.com/immobilier-21498758-vente-a-vendre-maison-contemporaine-de-2024-de-164-m2-avec-vue-mer-plougonvelin-plougonvelin
PLOUGOULM,Finistere - plougoulm (29250) - a vendre - maison individuelle 135m² - 5 chambres - sous-sol integral - beau potentiel sur terra,https://www.etreproprio.com/immobilier-23855219-vente-finistere-plougoulm-29250-a-vendre-maison-individuelle-135m-5-chambres-sous-sol-integral-beau-potentiel-sur-terra-plougoulm
PLOUGOULM,"Plougoulm, maison de charme 4 chambres",https://www.etreproprio.com/immobilier-23687374-vente-plougoulm-maison-de-charme-4-chambres-plougoulm
PLOUGOULM,Plougoulm- maison néo-bretonne à proximité de la mer – terrain de 2000 m² avec verger,https://www.etreproprio.com/immobilier-23725833-vente-plougoulm-maison-neo-bretonne-a-proximite-de-la-mer-terrain-de-2000-m-avec-verger-plougoulm
PLOUGOULM,Maison à vendre 4 pièces plougoulm (29),https://www.etreproprio.com/immobilier-23725830-vente-maison-a-vendre-4-pieces-plougoulm-29-plougoulm
PLOUGOULM,Maison 70m² à plougoulm,https://www.etreproprio.com/immobilier-23245531-vente-maison-70m-a-plougoulm-plougoulm
PLOUGOULM,Maison 126m² à plougoulm,https://www.etreproprio.com/immobilier-22508258-vente-maison-126m-a-plougoulm-plougoulm
PLOUGOULM,Maison spacieuse à vendre à plouguoulm,https://www.etreproprio.com/immobilier-23432215-vente-maison-spacieuse-a-vendre-a-plouguoulm-plougoulm
PLOUGOULM,Maison 160m² à plougoulm,https://www.etreproprio.com/immobilier-23391174-vente-maison-160m-a-plougoulm-plougoulm
PLOUGOULM,Maison 120m² à plougoulm,https://www.etreproprio.com/immobilier-23330221-vente-maison-120m-a-plougoulm-plougoulm
PLOUGOULM,Superbe propriété rénovée .plougoulm,https://www.etreproprio.com/immobilier-23192177-vente-superbe-propriete-renovee-plougoulm-plougoulm
PLOUGOULM,Maison en campagne avec grand terrain,https://www.etreproprio.com/immobilier-23003078-vente-maison-en-campagne-avec-grand-terrain-plougoulm
PLOUGOULM,Charmante maison familiale,https://www.etreproprio.com/immobilier-20733350-vente-charmante-maison-familiale-plougoulm
PLOUGOULM,Maison 141m² à plougoulm,https://www.etreproprio.com/immobilier-22993031-vente-maison-141m-a-plougoulm-plougoulm
PLOUGOULM,Maison 143m² à plougoulm,https://www.etreproprio.com/immobilier-22412113-vente-maison-143m-a-plougoulm-plougoulm
PLOUGOULM,Corps de ferme 160m2 avec hangar et dependances sur envrion 3500m2,https://www.etreproprio.com/immobilier-22401320-vente-corps-de-ferme-160m2-avec-hangar-et-dependances-sur-envrion-3500m2-plougoulm
PLOUGOULM,Maison 88m² à plougoulm,https://www.etreproprio.com/immobilier-21361736-vente-maison-88m-a-plougoulm-plougoulm
PLOUGOURVEST,Propriété de caractère en pierre,https://www.etreproprio.com/immobilier-21756420-vente-propriete-de-caractere-en-pierre-plougourvest
PLOUGOURVEST,Maison 129m² à plougourvest,https://www.etreproprio.com/immobilier-22599006-vente-maison-129m-a-plougourvest-plougourvest
PLOUGOURVEST,Charmante propriete renovee de 240m2 sur 8000m2 de terrain avec hangar,https://www.etreproprio.com/immobilier-22434699-vente-charmante-propriete-renovee-de-240m2-sur-8000m2-de-terrain-avec-hangar-plougourvest
PLOUGOURVEST,Propriété avec hangar et terrain,https://www.etreproprio.com/immobilier-22431219-vente-propriete-avec-hangar-et-terrain-plougourvest
PLOUGOURVEST,Maison 145m² à plougourvest,https://www.etreproprio.com/immobilier-21531514-vente-maison-145m-a-plougourvest-plougourvest
PLOUGASTEL-DAOULAS,Maison récente 4 chambres au cœur de plougastel – prix attractif !,https://www.etreproprio.com/immobilier-23002829-vente-maison-recente-4-chambres-au-coeur-de-plougastel-prix-attractif-plougastel-daoulas
PLOUGASTEL-DAOULAS,Maison à vendre plougastel-daoulas,https://www.etreproprio.com/immobilier-22457621-vente-maison-a-vendre-plougastel-daoulas-plougastel-daoulas
PLOUGASTEL-DAOULAS,Plougastel-daoulas - keraliou - maison avec vue panoramique sur la rade de brest - exceptionnel,https://www.etreproprio.com/immobilier-21125432-vente-plougastel-daoulas-keraliou-maison-avec-vue-panoramique-sur-la-rade-de-brest-exceptionnel-plougastel-daoulas
PLOUGASTEL-DAOULAS,Maison de centre,https://www.etreproprio.com/immobilier-22570947-vente-maison-de-centre-plougastel-daoulas
PLOUGASTEL-DAOULAS,Maison à vendre 4 pièces plougastel daoulas (29),https://www.etreproprio.com/immobilier-22552343-vente-maison-a-vendre-4-pieces-plougastel-daoulas-29-plougastel-daoulas
PLOUGASTEL-DAOULAS,Maison 72m² à plougastel-daoulas,https://www.etreproprio.com/immobilier-21514263-vente-maison-72m-a-plougastel-daoulas-plougastel-daoulas
PLOUGASTEL-DAOULAS,A vendre plougastel le passage maison de maitre 160 m² habitables 293.54 m² utiles parcelle de 5.900 m² proximite mer,https://www.etreproprio.com/immobilier-21700268-vente-a-vendre-plougastel-le-passage-maison-de-maitre-160-m-habitables-29354-m-utiles-parcelle-de-5900-m-proximite-mer-plougastel-daoulas
PLOUGASTEL-DAOULAS,Exclusivité a vendre plougastel-daoulas maison traditionelle 2010 225m² habitables parcelle de 1.400m² garage,https://www.etreproprio.com/immobilier-22092037-vente-exclusivite-a-vendre-plougastel-daoulas-maison-traditionelle-2010-225m-habitables-parcelle-de-1400m-garage-plougastel-daoulas
PLOUGASTEL-DAOULAS,Plougastel-daoulas - belle contemporaine - vue mer - secteur calme et privilégié,https://www.etreproprio.com/immobilier-21862734-vente-plougastel-daoulas-belle-contemporaine-vue-mer-secteur-calme-et-privilegie-plougastel-daoulas
PLOUGASTEL-DAOULAS,Maison année 50 en campagne - viager,https://www.etreproprio.com/immobilier-21834607-vente-maison-annee-50-en-campagne-viager-plougastel-daoulas
PLOUGASTEL-DAOULAS,Maison 75m² à plougastel-daoulas,https://www.etreproprio.com/immobilier-20923369-vente-maison-75m-a-plougastel-daoulas-plougastel-daoulas
PLOUGASTEL-DAOULAS,""" déjà vendu par kerebel immobilier """,https://www.etreproprio.com/immobilier-20326040-vente-deja-vendu-par-kerebel-immobilier-plougastel-daoulas
PLOUGASTEL-DAOULAS,""" déjà vendu par kerebel immobilier """,https://www.etreproprio.com/immobilier-20326033-vente-deja-vendu-par-kerebel-immobilier-plougastel-daoulas
PLOUGASTEL-DAOULAS,""" déjà vendu par kerebel immobilier """,https://www.etreproprio.com/immobilier-20326042-vente-deja-vendu-par-kerebel-immobilier-plougastel-daoulas
PLOUGASTEL-DAOULAS,Maison 125m² à plougastel-daoulas,https://www.etreproprio.com/immobilier-20317190-vente-maison-125m-a-plougastel-daoulas-plougastel-daoulas
PLOUGASTEL-DAOULAS,Environnement calme,https://www.etreproprio.com/immobilier-18689474-vente-environnement-calme-plougastel-daoulas
PLOUGASTEL-DAOULAS,Environnement calme,https://www.etreproprio.com/immobilier-19798156-vente-environnement-calme-plougastel-daoulas
PLOUGASTEL-DAOULAS,Au bourg au calme,https://www.etreproprio.com/immobilier-20134479-vente-au-bourg-au-calme-plougastel-daoulas
PLOUGASTEL-DAOULAS,Propriété en campagne,https://www.etreproprio.com/immobilier-18630571-vente-propriete-en-campagne-plougastel-daoulas
PLOUGASTEL-DAOULAS,""" déjà vendu par kerebel immobilier """,https://www.etreproprio.com/immobilier-19780706-vente-deja-vendu-par-kerebel-immobilier-plougastel-daoulas
PLOUGUERNEAU,Maison 145m² à plouguerneau,https://www.etreproprio.com/immobilier-23601562-vente-maison-145m-a-plouguerneau-plouguerneau
PLOUGUERNEAU,Maison sur plouguerneau,https://www.etreproprio.com/immobilier-23874884-vente-maison-sur-plouguerneau-plouguerneau
PLOUGUERNEAU,Maison sur plouguerneau,https://www.etreproprio.com/immobilier-23874885-vente-maison-sur-plouguerneau-plouguerneau
PLOUGUERNEAU,Maison 75m² à plouguerneau,https://www.etreproprio.com/immobilier-23602131-vente-maison-75m-a-plouguerneau-plouguerneau
PLOUGUERNEAU,Maison 122m² à plouguerneau,https://www.etreproprio.com/immobilier-17560794-vente-maison-122m-a-plouguerneau-plouguerneau
PLOUGUERNEAU,Maison 118m² à plouguerneau,https://www.etreproprio.com/immobilier-23447359-vente-maison-118m-a-plouguerneau-plouguerneau
PLOUGUERNEAU,Maison 92m² à plouguerneau,https://www.etreproprio.com/immobilier-23713700-vente-maison-92m-a-plouguerneau-plouguerneau
PLOUGUERNEAU,"Plouguerneau - maison 100m2, proche du bourg",https://www.etreproprio.com/immobilier-23694183-vente-plouguerneau-maison-100m2-proche-du-bourg-plouguerneau
PLOUGUERNEAU,Plouguerneau - lilia : maison contemporaine à distante à pied de la plage et des restaurants,https://www.etreproprio.com/immobilier-23694184-vente-plouguerneau-lilia-maison-contemporaine-a-distante-a-pied-de-la-plage-et-des-restaurants-plouguerneau
PLOUGUERNEAU,Authentique maison en pierre de 1771 à rénover - plouguerneau,https://www.etreproprio.com/immobilier-23645686-vente-authentique-maison-en-pierre-de-1771-a-renover-plouguerneau-plouguerneau
PLOUGUERNEAU,Maison  de type  5   à  plouguerneau,https://www.etreproprio.com/immobilier-23601189-vente-maison-de-type-5-a-plouguerneau-plouguerneau
PLOUGUERNEAU,Maison plain pied ossature bois  8 pièce(s) 142 m2,https://www.etreproprio.com/immobilier-22918995-vente-maison-plain-pied-ossature-bois-8-pieces-142-m2-plouguerneau
PLOUGUERNEAU,Maison 143m² à plouguerneau,https://www.etreproprio.com/immobilier-21825027-vente-maison-143m-a-plouguerneau-plouguerneau
PLOUGUERNEAU,"Maison plain pied bois, 5 chambres",https://www.etreproprio.com/immobilier-23546702-vente-maison-plain-pied-bois-5-chambres-plouguerneau
PLOUGUERNEAU,Maison 125m² à plouguerneau,https://www.etreproprio.com/immobilier-22855242-vente-maison-125m-a-plouguerneau-plouguerneau
PLOUGUERNEAU,"Contemporaine de 2014, prête à vivre !",https://www.etreproprio.com/immobilier-23532918-vente-contemporaine-de-2014-prete-a-vivre-plouguerneau
PLOUGUERNEAU,Plouguerneau fermette renovee avec hangar,https://www.etreproprio.com/immobilier-23514876-vente-plouguerneau-fermette-renovee-avec-hangar-plouguerneau
PLOUGUERNEAU,Maison à rénover – fort potentiel au cœur de plouguerneau,https://www.etreproprio.com/immobilier-23518547-vente-maison-a-renover-fort-potentiel-au-coeur-de-plouguerneau-plouguerneau
PLOUGUERNEAU,Maison familiale avec terrain constructible,https://www.etreproprio.com/immobilier-23493090-vente-maison-familiale-avec-terrain-constructible-plouguerneau
PLOUGUERNEAU,Maison  7 pièce(s) 134.55 m2 plouguerneau,https://www.etreproprio.com/immobilier-21978615-vente-maison-7-pieces-13455-m2-plouguerneau-plouguerneau
PLOUGASTEL-DAOULAS,""" vendu par kerebel immobilier """,https://www.etreproprio.com/immobilier-19688103-vente-vendu-par-kerebel-immobilier-plougastel-daoulas
PLOUGASTEL-DAOULAS,Plein centre,https://www.etreproprio.com/immobilier-19592622-vente-plein-centre-plougastel-daoulas
PLOUGASTEL-DAOULAS,""" déjà vendu par kerebel immobilier """,https://www.etreproprio.com/immobilier-19224709-vente-deja-vendu-par-kerebel-immobilier-plougastel-daoulas
PLOUGASTEL-DAOULAS,""" déjà vendu par kerebel immobilier """,https://www.etreproprio.com/immobilier-18621737-vente-deja-vendu-par-kerebel-immobilier-plougastel-daoulas
PLOUGASTEL-DAOULAS,""" vendu par kerebel immobilier """,https://www.etreproprio.com/immobilier-18550079-vente-vendu-par-kerebel-immobilier-plougastel-daoulas
PLOUGASTEL-DAOULAS,""" déjà vendu par kerebel immobilier """,https://www.etreproprio.com/immobilier-18333625-vente-deja-vendu-par-kerebel-immobilier-plougastel-daoulas
PLOUGASTEL-DAOULAS,""" déjà vendu par kerebel immobilier """,https://www.etreproprio.com/immobilier-17901583-vente-deja-vendu-par-kerebel-immobilier-plougastel-daoulas
PLOUGASTEL-DAOULAS,""" déjà vendu par kerebel immobilier """,https://www.etreproprio.com/immobilier-17509154-vente-deja-vendu-par-kerebel-immobilier-plougastel-daoulas
PLOUGASTEL-DAOULAS,""" déjà vendu par kerebel immobilier """,https://www.etreproprio.com/immobilier-17380207-vente-deja-vendu-par-kerebel-immobilier-plougastel-daoulas
PLOUGASTEL-DAOULAS,""" déjà vendu par kerebel immobilier """,https://www.etreproprio.com/immobilier-17380204-vente-deja-vendu-par-kerebel-immobilier-plougastel-daoulas
PLOUGASTEL-DAOULAS,""" déjà vendu par kerebel immobilier """,https://www.etreproprio.com/immobilier-17242722-vente-deja-vendu-par-kerebel-immobilier-plougastel-daoulas
PLOUGASTEL-DAOULAS,""" déjà vendu par  kerebel immobilier """,https://www.etreproprio.com/immobilier-17242723-vente-deja-vendu-par-kerebel-immobilier-plougastel-daoulas
PLOUGASTEL-DAOULAS,""" déjà vendu par kerebel immobilier """,https://www.etreproprio.com/immobilier-17208043-vente-deja-vendu-par-kerebel-immobilier-plougastel-daoulas
PLOUGASTEL-DAOULAS,""" déjà vendu par kerebel immobilier """,https://www.etreproprio.com/immobilier-17196375-vente-deja-vendu-par-kerebel-immobilier-plougastel-daoulas
PLOUGASTEL-DAOULAS,""" déjà vendu par kerebel immobilier """,https://www.etreproprio.com/immobilier-17196373-vente-deja-vendu-par-kerebel-immobilier-plougastel-daoulas
PLOUGASTEL-DAOULAS,""" déjà vendu par kerebel immobilier """,https://www.etreproprio.com/immobilier-16814471-vente-deja-vendu-par-kerebel-immobilier-plougastel-daoulas
PLOUGASTEL-DAOULAS,""" déjà vendu par kerebel immobilier """,https://www.etreproprio.com/immobilier-16718006-vente-deja-vendu-par-kerebel-immobilier-plougastel-daoulas
PLOUGASTEL-DAOULAS,""" déjà vendu par kerebel immobilier """,https://www.etreproprio.com/immobilier-16718005-vente-deja-vendu-par-kerebel-immobilier-plougastel-daoulas
PLOUGASTEL-DAOULAS,""" déjà vendu par kerebel immobilier """,https://www.etreproprio.com/immobilier-16718004-vente-deja-vendu-par-kerebel-immobilier-plougastel-daoulas
PLOUGASTEL-DAOULAS,""" déjà vendu par kerebel immobilier """,https://www.etreproprio.com/immobilier-16534235-vente-deja-vendu-par-kerebel-immobilier-plougastel-daoulas
PLOUGUERNEAU,Maison plouguerneau 5 pièce(s),https://www.etreproprio.com/immobilier-22725768-vente-maison-plouguerneau-5-pieces-plouguerneau
PLOUGUERNEAU,Maison plouguerneau 5 pièce(s) 135 m2 proche plages,https://www.etreproprio.com/immobilier-23354992-vente-maison-plouguerneau-5-pieces-135-m2-proche-plages-plouguerneau
PLOUGUERNEAU,Maison 105m² à plouguerneau,https://www.etreproprio.com/immobilier-22367206-vente-maison-105m-a-plouguerneau-plouguerneau
PLOUGUERNEAU,Belle propriété avec sa vue mer imprenable !,https://www.etreproprio.com/immobilier-21135974-vente-belle-propriete-avec-sa-vue-mer-imprenable-plouguerneau
PLOUGUERNEAU,Maison 108m² à plouguerneau,https://www.etreproprio.com/immobilier-22688543-vente-maison-108m-a-plouguerneau-plouguerneau
PLOUGUERNEAU,Maison 118m² à plouguerneau,https://www.etreproprio.com/immobilier-23314554-vente-maison-118m-a-plouguerneau-plouguerneau
PLOUGUERNEAU,Maison avec vue à 180° sur la mer - plouguerneau,https://www.etreproprio.com/immobilier-23323465-vente-maison-avec-vue-a-180-sur-la-mer-plouguerneau-plouguerneau
PLOUGUERNEAU,Opportunité à plouguerneau,https://www.etreproprio.com/immobilier-23289080-vente-opportunite-a-plouguerneau-plouguerneau
PLOUGUERNEAU,Maison 5 chambres sur la commune de plouguerneau,https://www.etreproprio.com/immobilier-22928272-vente-maison-5-chambres-sur-la-commune-de-plouguerneau-plouguerneau
PLOUGUERNEAU,Maison plouguerneau 6 pièce(s) 108 m2,https://www.etreproprio.com/immobilier-23262744-vente-maison-plouguerneau-6-pieces-108-m2-plouguerneau
PLOUGUERNEAU,Maison 90m² à plouguerneau,https://www.etreproprio.com/immobilier-23244703-vente-maison-90m-a-plouguerneau-plouguerneau
PLOUGUERNEAU,Maison familiale 135m2 lilia plouguerneau,https://www.etreproprio.com/immobilier-23127339-vente-maison-familiale-135m2-lilia-plouguerneau-plouguerneau
PLOUGUERNEAU,Exclusivite maison plouguerneau 5 pièce(s) proche plages,https://www.etreproprio.com/immobilier-23214434-vente-exclusivite-maison-plouguerneau-5-pieces-proche-plages-plouguerneau
PLOUGUERNEAU,Maison 144m² à plouguerneau,https://www.etreproprio.com/immobilier-23199952-vente-maison-144m-a-plouguerneau-plouguerneau
PLOUGUERNEAU,Maison plouguerneau 5 pièce(s),https://www.etreproprio.com/immobilier-21333654-vente-maison-plouguerneau-5-pieces-plouguerneau
PLOUGUERNEAU,Maison plouguerneau 4 pièce(s) 101.47 m2,https://www.etreproprio.com/immobilier-23164766-vente-maison-plouguerneau-4-pieces-10147-m2-plouguerneau
PLOUGUERNEAU,Maison - 4 ch - 150 m2 - bord de mer,https://www.etreproprio.com/immobilier-22941102-vente-maison-4-ch-150-m2-bord-de-mer-plouguerneau
PLOUGUERNEAU,"Exclusivite , maison plouguerneau 96 m2",https://www.etreproprio.com/immobilier-23118647-vente-exclusivite-maison-plouguerneau-96-m2-plouguerneau
PLOUGUERNEAU,Maison 95m² à plouguerneau,https://www.etreproprio.com/immobilier-23053842-vente-maison-95m-a-plouguerneau-plouguerneau
PLOUGUERNEAU,Maison 100m² à plouguerneau,https://www.etreproprio.com/immobilier-22924782-vente-maison-100m-a-plouguerneau-plouguerneau
PLOUGUIN,Plouguin - maison t6 - proche bourg et écoles,https://www.etreproprio.com/immobilier-23855217-vente-plouguin-maison-t6-proche-bourg-et-ecoles-plouguin
PLOUGUIN,Plouguin - maison t6 - proche bourg et écoles,https://www.etreproprio.com/immobilier-23855216-vente-plouguin-maison-t6-proche-bourg-et-ecoles-plouguin
PLOUGUIN,"Maison à vendre à plouguin - 5 pièces, 4 chambres",https://www.etreproprio.com/immobilier-23217399-vente-maison-a-vendre-a-plouguin-5-pieces-4-chambres-plouguin
PLOUGUIN,Maison 92m² à plouguin,https://www.etreproprio.com/immobilier-23675487-vente-maison-92m-a-plouguin-plouguin
PLOUGUIN,Maison sur plouguin,https://www.etreproprio.com/immobilier-23705233-vente-maison-sur-plouguin-plouguin
PLOUGUIN,Maison à vendre 7 pièces plouguin (29),https://www.etreproprio.com/immobilier-23214500-vente-maison-a-vendre-7-pieces-plouguin-29-plouguin
PLOUGUIN,Maison plouguin 6 pièce(s) 136 m2,https://www.etreproprio.com/immobilier-23258720-vente-maison-plouguin-6-pieces-136-m2-plouguin
PLOUGUIN,Maison à vendre 6 pièces plouguin (29),https://www.etreproprio.com/immobilier-22720471-vente-maison-a-vendre-6-pieces-plouguin-29-plouguin
PLOUGASTEL-DAOULAS,""" déjà vendu par kerebel immobilier """,https://www.etreproprio.com/immobilier-16534267-vente-deja-vendu-par-kerebel-immobilier-plougastel-daoulas
PLOUGASTEL-DAOULAS,""" déjà vendu par kerebel immobilier """,https://www.etreproprio.com/immobilier-15863086-vente-deja-vendu-par-kerebel-immobilier-plougastel-daoulas
PLOUGASTEL-DAOULAS,""" déjà vendu par kerebel immobilier """,https://www.etreproprio.com/immobilier-15791469-vente-deja-vendu-par-kerebel-immobilier-plougastel-daoulas
PLOUGASTEL-DAOULAS,""" déjà vendu par kerebel immobilier """,https://www.etreproprio.com/immobilier-15722538-vente-deja-vendu-par-kerebel-immobilier-plougastel-daoulas
PLOUGASTEL-DAOULAS,""" déjà vendu par kerebel immobilier """,https://www.etreproprio.com/immobilier-15663830-vente-deja-vendu-par-kerebel-immobilier-plougastel-daoulas
PLOUGASTEL-DAOULAS,""" déjà vendu par kerebel immobilier """,https://www.etreproprio.com/immobilier-15433436-vente-deja-vendu-par-kerebel-immobilier-plougastel-daoulas
PLOUGASTEL-DAOULAS,""" déjà vendu par kerebel immobilier """,https://www.etreproprio.com/immobilier-15255140-vente-deja-vendu-par-kerebel-immobilier-plougastel-daoulas
PLOUGASTEL-DAOULAS,""" déjà vendu par kerebel immobilier """,https://www.etreproprio.com/immobilier-15157152-vente-deja-vendu-par-kerebel-immobilier-plougastel-daoulas
PLOUGASTEL-DAOULAS,"""  déjà vendu par kerebel immobilier plougastel """,https://www.etreproprio.com/immobilier-15086150-vente-deja-vendu-par-kerebel-immobilier-plougastel-plougastel-daoulas
PLOUGASTEL-DAOULAS,""" déjà vendu par kerebel immobilier """,https://www.etreproprio.com/immobilier-14847746-vente-deja-vendu-par-kerebel-immobilier-plougastel-daoulas
PLOUGASTEL-DAOULAS,""" déjà vendu par kerebel immobilier """,https://www.etreproprio.com/immobilier-14847755-vente-deja-vendu-par-kerebel-immobilier-plougastel-daoulas
PLOUGASTEL-DAOULAS,""" déjà vendu par kerebel immobilier """,https://www.etreproprio.com/immobilier-14715596-vente-deja-vendu-par-kerebel-immobilier-plougastel-daoulas
PLOUGASTEL-DAOULAS,""" déjà vendu par kerebel immobilier """,https://www.etreproprio.com/immobilier-14619139-vente-deja-vendu-par-kerebel-immobilier-plougastel-daoulas
PLOUGASTEL-DAOULAS,""" déjà vendu par kerebel immobilier """,https://www.etreproprio.com/immobilier-14551693-vente-deja-vendu-par-kerebel-immobilier-plougastel-daoulas
PLOUGASTEL-DAOULAS,"""  déjà vendu par kerebel immobilier """,https://www.etreproprio.com/immobilier-14421278-vente-deja-vendu-par-kerebel-immobilier-plougastel-daoulas
PLOUGASTEL-DAOULAS,""" déjà vendu par kerebel immobilier """,https://www.etreproprio.com/immobilier-13888933-vente-deja-vendu-par-kerebel-immobilier-plougastel-daoulas
PLOUGASTEL-DAOULAS,""" déjà vendu par kerebel immobilier """,https://www.etreproprio.com/immobilier-13888939-vente-deja-vendu-par-kerebel-immobilier-plougastel-daoulas
PLOUGASTEL-DAOULAS,""" déjà vendu par kerebel immobilier """,https://www.etreproprio.com/immobilier-13888950-vente-deja-vendu-par-kerebel-immobilier-plougastel-daoulas
PLOUGASTEL-DAOULAS,""" déjà vendu par kerebel immobilier """,https://www.etreproprio.com/immobilier-13736922-vente-deja-vendu-par-kerebel-immobilier-plougastel-daoulas
PLOUGASTEL-DAOULAS,""" déjà vendu par kerebel immobilier """,https://www.etreproprio.com/immobilier-13736879-vente-deja-vendu-par-kerebel-immobilier-plougastel-daoulas
PLOUHINEC,Maison 90m² à plouhinec,https://www.etreproprio.com/immobilier-22341053-vente-maison-90m-a-plouhinec-plouhinec
PLOUHINEC,Maison en pierre à rénover - emplacement stratégique à plouhinec,https://www.etreproprio.com/immobilier-23873693-vente-maison-en-pierre-a-renover-emplacement-strategique-a-plouhinec-plouhinec
PLOUHINEC,Vue mer - maison plouhinec,https://www.etreproprio.com/immobilier-23873696-vente-vue-mer-maison-plouhinec-plouhinec
PLOUHINEC,Maison en pierre du début des années 1900 - vue mer - secteur très calme,https://www.etreproprio.com/immobilier-23873699-vente-maison-en-pierre-du-debut-des-annees-1900-vue-mer-secteur-tres-calme-plouhinec
PLOUHINEC,Emplacement et vue mer à 180o exceptionnels - secteur calme et recherché,https://www.etreproprio.com/immobilier-23873703-vente-emplacement-et-vue-mer-a-180o-exceptionnels-secteur-calme-et-recherche-plouhinec
PLOUHINEC,Maison plouhinec,https://www.etreproprio.com/immobilier-23873691-vente-maison-plouhinec-plouhinec
PLOUHINEC,Maison 113m² à plouhinec,https://www.etreproprio.com/immobilier-23800888-vente-maison-113m-a-plouhinec-plouhinec
PLOUHINEC,Maison 120m² à plouhinec,https://www.etreproprio.com/immobilier-23780831-vente-maison-120m-a-plouhinec-plouhinec
PLOUHINEC,Maison plouhinec vue mer,https://www.etreproprio.com/immobilier-23374986-vente-maison-plouhinec-vue-mer-plouhinec
PLOUHINEC,Charmant corps de ferme à rénover - plouhinec,https://www.etreproprio.com/immobilier-23753957-vente-charmant-corps-de-ferme-a-renover-plouhinec-plouhinec
PLOUHINEC,Maison 111m² à plouhinec,https://www.etreproprio.com/immobilier-23756784-vente-maison-111m-a-plouhinec-plouhinec
PLOUHINEC,Maison 150m² à plouhinec,https://www.etreproprio.com/immobilier-22322320-vente-maison-150m-a-plouhinec-plouhinec
PLOUHINEC,Maison 174m² à plouhinec,https://www.etreproprio.com/immobilier-23756934-vente-maison-174m-a-plouhinec-plouhinec
PLOUHINEC,Maison 90m² à plouhinec,https://www.etreproprio.com/immobilier-23742778-vente-maison-90m-a-plouhinec-plouhinec
PLOUHINEC,Maison plouhinec 5 pièce(s) 90 m2,https://www.etreproprio.com/immobilier-23740175-vente-maison-plouhinec-5-pieces-90-m2-plouhinec
PLOUHINEC,Maison 100m² à plouhinec,https://www.etreproprio.com/immobilier-23661687-vente-maison-100m-a-plouhinec-plouhinec
PLOUHINEC,Penty entièrement rénové avec vue sur audierne,https://www.etreproprio.com/immobilier-23639485-vente-penty-entierement-renove-avec-vue-sur-audierne-plouhinec
PLOUHINEC,Maison 115m² à plouhinec,https://www.etreproprio.com/immobilier-23640130-vente-maison-115m-a-plouhinec-plouhinec
PLOUHINEC,Maison 90m² à plouhinec,https://www.etreproprio.com/immobilier-23630086-vente-maison-90m-a-plouhinec-plouhinec
PLOUHINEC,Maison plouhinec 6 pièces 115 m²,https://www.etreproprio.com/immobilier-23303065-vente-maison-plouhinec-6-pieces-115-m-plouhinec
PLOUGUERNEAU,Plouguerneau maison t5 avec piscine à 100 m de la plage,https://www.etreproprio.com/immobilier-22257072-vente-plouguerneau-maison-t5-avec-piscine-a-100-m-de-la-plage-plouguerneau
PLOUGUERNEAU,Plouguerneau maison t5 avec piscine à 100 m de la plage,https://www.etreproprio.com/immobilier-22257063-vente-plouguerneau-maison-t5-avec-piscine-a-100-m-de-la-plage-plouguerneau
PLOUGUERNEAU,"Maison en pierre rénovée à lilia-plouguerneau – charme, confort et authenticité",https://www.etreproprio.com/immobilier-22485248-vente-maison-en-pierre-renovee-a-lilia-plouguerneau-charme-confort-et-authenticite-plouguerneau
PLOUGUERNEAU,Un coup de cœur au centre de plouguerneau !,https://www.etreproprio.com/immobilier-22485247-vente-un-coup-de-coeur-au-centre-de-plouguerneau-plouguerneau
PLOUGUERNEAU,Maison 50m² à plouguerneau,https://www.etreproprio.com/immobilier-21833287-vente-maison-50m-a-plouguerneau-plouguerneau
PLOUGUERNEAU,Belle demeure,https://www.etreproprio.com/immobilier-21385327-vente-belle-demeure-plouguerneau
PLOUGUERNEAU,Maison plouguerneau 8 pièce(s) 150 m2,https://www.etreproprio.com/immobilier-20003303-vente-maison-plouguerneau-8-pieces-150-m2-plouguerneau
PLOUGASTEL-DAOULAS,""" déjà vendu par kerebel immobilier plougastel """,https://www.etreproprio.com/immobilier-13540789-vente-deja-vendu-par-kerebel-immobilier-plougastel-plougastel-daoulas
PLOUGASTEL-DAOULAS,""" déjà vendu par kerebel immobilier """,https://www.etreproprio.com/immobilier-13540751-vente-deja-vendu-par-kerebel-immobilier-plougastel-daoulas
PLOUGASTEL-DAOULAS,Vendu par kerebel immobilier,https://www.etreproprio.com/immobilier-13010069-vente-vendu-par-kerebel-immobilier-plougastel-daoulas
PLOUGASTEL-DAOULAS,""" vendu 1 visite """,https://www.etreproprio.com/immobilier-12807535-vente-vendu-1-visite-plougastel-daoulas
PLOUGASTEL-DAOULAS,""" deja vendu par kerebel immobilier """,https://www.etreproprio.com/immobilier-12397832-vente-deja-vendu-par-kerebel-immobilier-plougastel-daoulas
PLOUGASTEL-DAOULAS,""" deja vendu par kerebel immobilier """,https://www.etreproprio.com/immobilier-12397792-vente-deja-vendu-par-kerebel-immobilier-plougastel-daoulas
PLOUGASTEL-DAOULAS,""" déjà vendu par kerebel immobilier """,https://www.etreproprio.com/immobilier-12260930-vente-deja-vendu-par-kerebel-immobilier-plougastel-daoulas
PLOUGASTEL-DAOULAS,""" déjà vendu par kerebel immobilier """,https://www.etreproprio.com/immobilier-12083014-vente-deja-vendu-par-kerebel-immobilier-plougastel-daoulas
PLOUGASTEL-DAOULAS,""" vendu par kerebel immobilier """,https://www.etreproprio.com/immobilier-11892816-vente-vendu-par-kerebel-immobilier-plougastel-daoulas
PLOUGASTEL-DAOULAS,""" deja vendu par kerebel immobilier """,https://www.etreproprio.com/immobilier-11718954-vente-deja-vendu-par-kerebel-immobilier-plougastel-daoulas
PLOUGASTEL-DAOULAS,""" deja vendu par kerebel immobilier """,https://www.etreproprio.com/immobilier-11660247-vente-deja-vendu-par-kerebel-immobilier-plougastel-daoulas
PLOUGASTEL-DAOULAS,""" deja vendu par kerebel immobilier """,https://www.etreproprio.com/immobilier-11660204-vente-deja-vendu-par-kerebel-immobilier-plougastel-daoulas
PLOUGASTEL-DAOULAS,""" vendu par kerebel immobilier """,https://www.etreproprio.com/immobilier-10957117-vente-vendu-par-kerebel-immobilier-plougastel-daoulas
PLOUGASTEL-DAOULAS,""" vendu par kerebel immobilier """,https://www.etreproprio.com/immobilier-10808867-vente-vendu-par-kerebel-immobilier-plougastel-daoulas
PLOUGASTEL-DAOULAS,""" vendu par kerebel immobilier """,https://www.etreproprio.com/immobilier-10458777-vente-vendu-par-kerebel-immobilier-plougastel-daoulas
PLOUGASTEL-DAOULAS,""" vendu par kerebel immobilier """,https://www.etreproprio.com/immobilier-9924596-vente-vendu-par-kerebel-immobilier-plougastel-daoulas
PLOUGASTEL-DAOULAS,""" vendu par kerebel immobilier """,https://www.etreproprio.com/immobilier-8649941-vente-vendu-par-kerebel-immobilier-plougastel-daoulas
PLOUGASTEL-DAOULAS,""" vendu par kerebel immobilier """,https://www.etreproprio.com/immobilier-8351884-vente-vendu-par-kerebel-immobilier-plougastel-daoulas
PLOUGASTEL-DAOULAS,""" vendu par kerebel immobilier """,https://www.etreproprio.com/immobilier-9388879-vente-vendu-par-kerebel-immobilier-plougastel-daoulas
PLOUGASTEL-DAOULAS,Vue mer de plain-pied,https://www.etreproprio.com/immobilier-5080504-vente-vue-mer-de-plain-pied-plougastel-daoulas
PLOUHINEC,Jolie maison rénovée à plouhinec,https://www.etreproprio.com/immobilier-23035271-vente-jolie-maison-renovee-a-plouhinec-plouhinec
PLOUHINEC,Maison 115m² à plouhinec,https://www.etreproprio.com/immobilier-22766085-vente-maison-115m-a-plouhinec-plouhinec
PLOUHINEC,Maison 120m² à plouhinec,https://www.etreproprio.com/immobilier-23608184-vente-maison-120m-a-plouhinec-plouhinec
PLOUHINEC,Maison plouhinec 4 pièce(s) 120 m2 a eux pas de la mer !,https://www.etreproprio.com/immobilier-23600494-vente-maison-plouhinec-4-pieces-120-m2-a-eux-pas-de-la-mer-plouhinec
PLOUHINEC,Maison 150m² à plouhinec,https://www.etreproprio.com/immobilier-23503055-vente-maison-150m-a-plouhinec-plouhinec
PLOUHINEC,Maison 94m² à plouhinec,https://www.etreproprio.com/immobilier-23504725-vente-maison-94m-a-plouhinec-plouhinec
PLOUHINEC,Maison 120m² à plouhinec,https://www.etreproprio.com/immobilier-23473393-vente-maison-120m-a-plouhinec-plouhinec
PLOUHINEC,Maison 200m² à plouhinec,https://www.etreproprio.com/immobilier-23503235-vente-maison-200m-a-plouhinec-plouhinec
PLOUHINEC,Plouhinec ensemble immobilier 2 maisons + dependances,https://www.etreproprio.com/immobilier-23437757-vente-plouhinec-ensemble-immobilier-2-maisons-dependances-plouhinec
PLOUHINEC,Maison 127m² à plouhinec,https://www.etreproprio.com/immobilier-23402006-vente-maison-127m-a-plouhinec-plouhinec
PLOUHINEC,Maison 130m² à plouhinec,https://www.etreproprio.com/immobilier-23378481-vente-maison-130m-a-plouhinec-plouhinec
PLOUHINEC,Maison 98m² à plouhinec,https://www.etreproprio.com/immobilier-23337523-vente-maison-98m-a-plouhinec-plouhinec
PLOUHINEC,Maison plouhinec 6 pièce(s) 150 m2,https://www.etreproprio.com/immobilier-23303102-vente-maison-plouhinec-6-pieces-150-m2-plouhinec
PLOUHINEC,Maison de plain pied,https://www.etreproprio.com/immobilier-23236109-vente-maison-de-plain-pied-plouhinec
PLOUHINEC,Maison à vendre 5 pièces  (29),https://www.etreproprio.com/immobilier-21828631-vente-maison-a-vendre-5-pieces-29-plouhinec
PLOUHINEC,Maison plouhinec,https://www.etreproprio.com/immobilier-23079170-vente-maison-plouhinec-plouhinec
PLOUHINEC,Maison à vendre 5 pièces plouhinec (29),https://www.etreproprio.com/immobilier-23072050-vente-maison-a-vendre-5-pieces-plouhinec-29-plouhinec
PLOUHINEC,Maison au bourg de plouhinec,https://www.etreproprio.com/immobilier-23072766-vente-maison-au-bourg-de-plouhinec-plouhinec
PLOUHINEC,Maison 150m² à plouhinec,https://www.etreproprio.com/immobilier-21887766-vente-maison-150m-a-plouhinec-plouhinec
PLOUHINEC,Petite maison  en pierre de 1850,https://www.etreproprio.com/immobilier-22602247-vente-petite-maison-en-pierre-de-1850-plouhinec
PLOUIDER,Maison 121m² sur plouider terrain 2000m²,https://www.etreproprio.com/immobilier-23901459-vente-maison-121m-sur-plouider-terrain-2000m-plouider
PLOUIDER,Maison 140m² à plouider,https://www.etreproprio.com/immobilier-23864063-vente-maison-140m-a-plouider-plouider
PLOUIDER,Finistere - plouider (29260) - a vendre - maison - t6 - 5 chambres - calme - terrain de 2300m² - beau potentiel -  pas de vis a,https://www.etreproprio.com/immobilier-23823286-vente-finistere-plouider-29260-a-vendre-maison-t6-5-chambres-calme-terrain-de-2300m-beau-potentiel-pas-de-vis-a-plouider
PLOUIDER,Maison plouider 6 chambres 240 m2,https://www.etreproprio.com/immobilier-23729335-vente-maison-plouider-6-chambres-240-m2-plouider
PLOUIDER,Maison 232m² à plouider,https://www.etreproprio.com/immobilier-23695636-vente-maison-232m-a-plouider-plouider
PLOUIDER,Maison sur plouider,https://www.etreproprio.com/immobilier-23693651-vente-maison-sur-plouider-plouider
PLOUIDER,Maison 125 m²,https://www.etreproprio.com/immobilier-23234044-vente-maison-125-m-plouider
PLOUIDER,Maison de charme à la campagne 81m2 sur terrain de 1956m2,https://www.etreproprio.com/immobilier-22891880-vente-maison-de-charme-a-la-campagne-81m2-sur-terrain-de-1956m2-plouider
PLOUIDER,Plouider. domaine de caractère avec deux corps d’habitation et dépendances en pierre,https://www.etreproprio.com/immobilier-23263124-vente-plouider-domaine-de-caractere-avec-deux-corps-d-habitation-et-dependances-en-pierre-plouider
PLOUIDER,Maison de plain pied en bois,https://www.etreproprio.com/immobilier-23071327-vente-maison-de-plain-pied-en-bois-plouider
PLOUHINEC,Maison 149m² à plouhinec,https://www.etreproprio.com/immobilier-22987061-vente-maison-149m-a-plouhinec-plouhinec
PLOUHINEC,Maison 7 pièces de 148 m2 à plouhinec,https://www.etreproprio.com/immobilier-22490010-vente-maison-7-pieces-de-148-m2-a-plouhinec-plouhinec
PLOUHINEC,Maison plouhinec 8 pièce(s) 113.10 m2,https://www.etreproprio.com/immobilier-22724841-vente-maison-plouhinec-8-pieces-11310-m2-plouhinec
PLOUHINEC,Maison plouhinec 5 pièce(s) 113.10 m2,https://www.etreproprio.com/immobilier-22715571-vente-maison-plouhinec-5-pieces-11310-m2-plouhinec
PLOUHINEC,Maison 188m² à plouhinec,https://www.etreproprio.com/immobilier-22630512-vente-maison-188m-a-plouhinec-plouhinec
PLOUHINEC,Maison avec vue mer,https://www.etreproprio.com/immobilier-20637272-vente-maison-avec-vue-mer-plouhinec
PLOUHINEC,Maison proche du centre ville d'audierne,https://www.etreproprio.com/immobilier-21906130-vente-maison-proche-du-centre-ville-d-audierne-plouhinec
PLOUHINEC,Maison 117m² à plouhinec,https://www.etreproprio.com/immobilier-20235184-vente-maison-117m-a-plouhinec-plouhinec
PLOUHINEC,Maison 79m² à plouhinec,https://www.etreproprio.com/immobilier-14675707-vente-maison-79m-a-plouhinec-plouhinec
PLOUHINEC,Maison 125m² à plouhinec,https://www.etreproprio.com/immobilier-17047867-vente-maison-125m-a-plouhinec-plouhinec
PLOUGASTEL-DAOULAS,""" deja vendu par kerebel immobilier """,https://www.etreproprio.com/immobilier-8130062-vente-deja-vendu-par-kerebel-immobilier-plougastel-daoulas
PLOUGASTEL-DAOULAS,À rénover de 160 m²,https://www.etreproprio.com/immobilier-5080507-vente-a-renover-de-160-m-plougastel-daoulas
PLOUGASTEL-DAOULAS,""" vendu par kerebel immobilier """,https://www.etreproprio.com/immobilier-8130164-vente-vendu-par-kerebel-immobilier-plougastel-daoulas
PLOUGASTEL-DAOULAS,""" vendu par kerebel immobilier """,https://www.etreproprio.com/immobilier-8130224-vente-vendu-par-kerebel-immobilier-plougastel-daoulas
PLOUGASTEL-DAOULAS,Propriete de 200m² avec piscine,https://www.etreproprio.com/immobilier-5080703-vente-propriete-de-200m-avec-piscine-plougastel-daoulas
PLOUGASTEL-DAOULAS,Chargee d' histoire,https://www.etreproprio.com/immobilier-5080506-vente-chargee-d-histoire-plougastel-daoulas
PLOUGASTEL-DAOULAS,""" vendu par kerebel immobilier """,https://www.etreproprio.com/immobilier-8130154-vente-vendu-par-kerebel-immobilier-plougastel-daoulas
PLOUGASTEL-DAOULAS,""" vendu par kerebel immobilier """,https://www.etreproprio.com/immobilier-8130119-vente-vendu-par-kerebel-immobilier-plougastel-daoulas
PLOUGASTEL-DAOULAS,Contemporaine vue mer à keraliou,https://www.etreproprio.com/immobilier-5080472-vente-contemporaine-vue-mer-a-keraliou-plougastel-daoulas
PLOUGASTEL-DAOULAS,""" deja vendu par kerebel immobilier """,https://www.etreproprio.com/immobilier-8130086-vente-deja-vendu-par-kerebel-immobilier-plougastel-daoulas
PLOUIGNEAU,Maison sur plouigneau,https://www.etreproprio.com/immobilier-23885989-vente-maison-sur-plouigneau-plouigneau
PLOUIGNEAU,Maison 60m² à plouigneau,https://www.etreproprio.com/immobilier-23816071-vente-maison-60m-a-plouigneau-plouigneau
PLOUIGNEAU,Maison 180m² à plouigneau,https://www.etreproprio.com/immobilier-23821301-vente-maison-180m-a-plouigneau-plouigneau
PLOUIGNEAU,Maison 96m² à plouigneau,https://www.etreproprio.com/immobilier-23822086-vente-maison-96m-a-plouigneau-plouigneau
PLOUIGNEAU,Maison 113m² à plouigneau,https://www.etreproprio.com/immobilier-23299952-vente-maison-113m-a-plouigneau-plouigneau
PLOUIGNEAU,Maison 113m² à plouigneau,https://www.etreproprio.com/immobilier-23330421-vente-maison-113m-a-plouigneau-plouigneau
PLOUIGNEAU,Très bon rapport qualité/prix!,https://www.etreproprio.com/immobilier-23717453-vente-tres-bon-rapport-qualiteprix-plouigneau
PLOUIGNEAU,# 564 - a vendre - maison - plouigneau - 109m2,https://www.etreproprio.com/immobilier-23586421-vente-564-a-vendre-maison-plouigneau-109m2-plouigneau
PLOUIGNEAU,Maison néo-bretonne à vendre à plouigneau - 4 chambres et jardin spacieux,https://www.etreproprio.com/immobilier-23421903-vente-maison-neo-bretonne-a-vendre-a-plouigneau-4-chambres-et-jardin-spacieux-plouigneau
PLOUIGNEAU,Maison plouigneau 7 pièce(s) 145 m2,https://www.etreproprio.com/immobilier-23336474-vente-maison-plouigneau-7-pieces-145-m2-plouigneau
PLOUIGNEAU,Maison 108 m2 terrain  4650m² dont terrain constructible de 1000m²,https://www.etreproprio.com/immobilier-21750048-vente-maison-108-m2-terrain-4650m-dont-terrain-constructible-de-1000m-plouigneau
PLOUIGNEAU,Demeure de charme à plouigneau – un havre de paix avec grand potentiel à 15 min des plages !,https://www.etreproprio.com/immobilier-23033145-vente-demeure-de-charme-a-plouigneau-un-havre-de-paix-avec-grand-potentiel-a-15-min-des-plages-plouigneau
PLOUIGNEAU,Maison 180m² à plouigneau,https://www.etreproprio.com/immobilier-22961801-vente-maison-180m-a-plouigneau-plouigneau
PLOUIGNEAU,Maison f20 (460 m²) à vendre à plouigneau,https://www.etreproprio.com/immobilier-21206805-vente-maison-f20-460-m-a-vendre-a-plouigneau-plouigneau
PLOUIGNEAU,Maison 117m² à plouigneau,https://www.etreproprio.com/immobilier-20173584-vente-maison-117m-a-plouigneau-plouigneau
PLOUMOGUER,Maison le conquet 6 pièce(s) 163 m2,https://www.etreproprio.com/immobilier-23303430-vente-maison-le-conquet-6-pieces-163-m2-ploumoguer
PLOUMOGUER,Corps de ferme entièrement rénové,https://www.etreproprio.com/immobilier-23264053-vente-corps-de-ferme-entierement-renove-ploumoguer
PLOUMOGUER,Ploumoguer maison t6 de plain pied bord de plage,https://www.etreproprio.com/immobilier-23116536-vente-ploumoguer-maison-t6-de-plain-pied-bord-de-plage-ploumoguer
PLOUMOGUER,Ploumoguer maison t6 de plain pied bord de plage,https://www.etreproprio.com/immobilier-23116537-vente-ploumoguer-maison-t6-de-plain-pied-bord-de-plage-ploumoguer
PLOUNEOUR-MENEZ,Maison 123m² à plouneour-menez,https://www.etreproprio.com/immobilier-23873031-vente-maison-123m-a-plouneour-menez-plouneour-menez
PLOUNEOUR-MENEZ,Maison 80m² à plouneour-menez,https://www.etreproprio.com/immobilier-23454431-vente-maison-80m-a-plouneour-menez-plouneour-menez
PLOUNEOUR-MENEZ,Maison 160m² à plouneour-menez,https://www.etreproprio.com/immobilier-22671081-vente-maison-160m-a-plouneour-menez-plouneour-menez
PLOUNEOUR-MENEZ,# 501 - a vendre - maison - pleyber-christ - 125 m2,https://www.etreproprio.com/immobilier-22957964-vente-501-a-vendre-maison-pleyber-christ-125-m2-plouneour-menez
PLOUNEOUR-MENEZ,# 440 - a vendre - maison - plounéour-ménez - 78 m2,https://www.etreproprio.com/immobilier-21963381-vente-440-a-vendre-maison-plouneour-menez-78-m2-plouneour-menez
PLOUNEVENTER,Propriété en pierre avec logement indépendant,https://www.etreproprio.com/immobilier-23681786-vente-propriete-en-pierre-avec-logement-independant-plouneventer
PLOUNEVENTER,Finistere - plounéventer (29400) - a vendre - maison 120m² - 5 chambres possible - 2011 - piece de vie 44m² - calme - parking -,https://www.etreproprio.com/immobilier-23404004-vente-finistere-plouneventer-29400-a-vendre-maison-120m-5-chambres-possible-2011-piece-de-vie-44m-calme-parking-plouneventer
PLOUNEVEZEL,Maison sur plounevezel,https://www.etreproprio.com/immobilier-23681068-vente-maison-sur-plounevezel-plounevezel
PLOUNEVEZEL,Plounevezel - maison à vendre 5 pièces - joli jardin clos,https://www.etreproprio.com/immobilier-23043919-vente-plounevezel-maison-a-vendre-5-pieces-joli-jardin-clos-plounevezel
PLOUNEVEZEL,Exclusivité - maison à vendre 6 pièces avec dépendances et hangars à plounevezel (29),https://www.etreproprio.com/immobilier-20293763-vente-exclusivite-maison-a-vendre-6-pieces-avec-dependances-et-hangars-a-plounevezel-29-plounevezel
PLOUNEVEZ-LOCHRIST,Maison 114m² à plounevez-lochrist,https://www.etreproprio.com/immobilier-23800661-vente-maison-114m-a-plounevez-lochrist-plounevez-lochrist
PLOUNEVEZ-LOCHRIST,Maison sur plounevez lochrist,https://www.etreproprio.com/immobilier-23771174-vente-maison-sur-plounevez-lochrist-plounevez-lochrist
PLOUNEVEZ-LOCHRIST,Maison 168m² à plounevez-lochrist,https://www.etreproprio.com/immobilier-23620657-vente-maison-168m-a-plounevez-lochrist-plounevez-lochrist
PLOUNEVEZ-LOCHRIST,Maison 120m² à plounevez-lochrist,https://www.etreproprio.com/immobilier-23620722-vente-maison-120m-a-plounevez-lochrist-plounevez-lochrist
PLOUNEVEZ-LOCHRIST,Maison 144m² à plounevez-lochrist,https://www.etreproprio.com/immobilier-22856297-vente-maison-144m-a-plounevez-lochrist-plounevez-lochrist
PLOUNEVEZ-LOCHRIST,Finistere - plounévez-lochrist (29430) - à vendre - maison a 10 minutes de la plage de kerama 6 chambres - vie de plain-pied - g,https://www.etreproprio.com/immobilier-23560784-vente-finistere-plounevez-lochrist-29430-a-vendre-maison-a-10-minutes-de-la-plage-de-kerama-6-chambres-vie-de-plain-pied-g-plounevez-lochrist
PLOUNEVEZ-LOCHRIST,Maison 124m² à plounevez-lochrist,https://www.etreproprio.com/immobilier-23180752-vente-maison-124m-a-plounevez-lochrist-plounevez-lochrist
PLOUNEVEZ-LOCHRIST,Maison 115m² à plounevez-lochrist,https://www.etreproprio.com/immobilier-23115565-vente-maison-115m-a-plounevez-lochrist-plounevez-lochrist
PLOUNEVEZ-LOCHRIST,Maison 106m² à plounevez-lochrist,https://www.etreproprio.com/immobilier-23017975-vente-maison-106m-a-plounevez-lochrist-plounevez-lochrist
PLOUNEVEZ-LOCHRIST,Maison 120m² à plounevez-lochrist,https://www.etreproprio.com/immobilier-22376546-vente-maison-120m-a-plounevez-lochrist-plounevez-lochrist
PLOUNEVEZ-LOCHRIST,Maison 105m² à plounevez-lochrist,https://www.etreproprio.com/immobilier-20095246-vente-maison-105m-a-plounevez-lochrist-plounevez-lochrist
PLOURIN-LES-MORLAIX,Maison 138m² à plourin-les-morlaix,https://www.etreproprio.com/immobilier-23884046-vente-maison-138m-a-plourin-les-morlaix-plourin-les-morlaix
PLOURIN-LES-MORLAIX,Maison 130m² à plourin-les-morlaix,https://www.etreproprio.com/immobilier-23422895-vente-maison-130m-a-plourin-les-morlaix-plourin-les-morlaix
PLOURIN-LES-MORLAIX,Maison sur plourin les morlaix,https://www.etreproprio.com/immobilier-23802315-vente-maison-sur-plourin-les-morlaix-plourin-les-morlaix
PLOURIN-LES-MORLAIX,Maison 134m² à plourin-les-morlaix,https://www.etreproprio.com/immobilier-23666816-vente-maison-134m-a-plourin-les-morlaix-plourin-les-morlaix
PLOURIN-LES-MORLAIX,Maison plourin les morlaix  6 pièce(s) 144 m2,https://www.etreproprio.com/immobilier-23087213-vente-maison-plourin-les-morlaix-6-pieces-144-m2-plourin-les-morlaix
PLOURIN-LES-MORLAIX,Maison plourin les morlaix 174 m2,https://www.etreproprio.com/immobilier-22471047-vente-maison-plourin-les-morlaix-174-m2-plourin-les-morlaix
PLOURIN-LES-MORLAIX,Maison 124m² à plourin-les-morlaix,https://www.etreproprio.com/immobilier-23591811-vente-maison-124m-a-plourin-les-morlaix-plourin-les-morlaix
PLOURIN-LES-MORLAIX,Maison 143m² à plourin-les-morlaix,https://www.etreproprio.com/immobilier-23544943-vente-maison-143m-a-plourin-les-morlaix-plourin-les-morlaix
PLOURIN-LES-MORLAIX,Maison 100m² à plourin-lès-morlaix,https://www.etreproprio.com/immobilier-23522825-vente-maison-100m-a-plourin-les-morlaix-plourin-les-morlaix
PLOURIN-LES-MORLAIX,Maison plourin les morlaix  7 pièce(s) 160 m2,https://www.etreproprio.com/immobilier-23457262-vente-maison-plourin-les-morlaix-7-pieces-160-m2-plourin-les-morlaix
PLOURIN-LES-MORLAIX,Maison traditionnelle 175 m2 terrain de 1600m²,https://www.etreproprio.com/immobilier-23148883-vente-maison-traditionnelle-175-m2-terrain-de-1600m-plourin-les-morlaix
PLOURIN-LES-MORLAIX,Maison plourin les morlaix 8 pièce(s) 160 m2,https://www.etreproprio.com/immobilier-22398636-vente-maison-plourin-les-morlaix-8-pieces-160-m2-plourin-les-morlaix
PLOURIN,Maison à vendre à plourin - référence 4877br,https://www.etreproprio.com/immobilier-23860438-vente-maison-a-vendre-a-plourin-reference-4877br-plourin
PLOUVIEN,Finistere - plouvien (29860) - a vendre - maison de ville t6 108m² - 4 chambres - garage et parking - beau potentiel - sur terra,https://www.etreproprio.com/immobilier-23850713-vente-finistere-plouvien-29860-a-vendre-maison-de-ville-t6-108m-4-chambres-garage-et-parking-beau-potentiel-sur-terra-plouvien
PLOUVIEN,Maison 168m² à plouvien,https://www.etreproprio.com/immobilier-22428006-vente-maison-168m-a-plouvien-plouvien
PLOUVIEN,Finistere - plouvien (29860) - a vendre - maison - t7 - 6 chambres - beaux volumes - idealement situe - garage - terrain de 1100,https://www.etreproprio.com/immobilier-23735960-vente-finistere-plouvien-29860-a-vendre-maison-t7-6-chambres-beaux-volumes-idealement-situe-garage-terrain-de-1100-plouvien
PLOUVIEN,Maison 104m² à plouvien,https://www.etreproprio.com/immobilier-23670014-vente-maison-104m-a-plouvien-plouvien
PLOUVIEN,Maison en pierre rénovée - 7 pièces - 132 m² -  terrain 2500 m²,https://www.etreproprio.com/immobilier-22355675-vente-maison-en-pierre-renovee-7-pieces-132-m-terrain-2500-m-plouvien
PLOUVORN,Plouvorn : maison contemporaine de 110m² - 3/4 chambres et vie de plain pied,https://www.etreproprio.com/immobilier-23906081-vente-plouvorn-maison-contemporaine-de-110m-34-chambres-et-vie-de-plain-pied-plouvorn
PLOUVORN,Maison 101m² à plouvorn,https://www.etreproprio.com/immobilier-23883888-vente-maison-101m-a-plouvorn-plouvorn
PLOUVORN,Maison sur plouvorn,https://www.etreproprio.com/immobilier-23874901-vente-maison-sur-plouvorn-plouvorn
PLOUVORN,Maison 90m² à plouvorn,https://www.etreproprio.com/immobilier-23815680-vente-maison-90m-a-plouvorn-plouvorn
PLOUVORN,Maison 172m² à plouvorn,https://www.etreproprio.com/immobilier-23730696-vente-maison-172m-a-plouvorn-plouvorn
PLOUVORN,Maison 102m² à plouvorn,https://www.etreproprio.com/immobilier-22497361-vente-maison-102m-a-plouvorn-plouvorn
PLOUVORN,Maison 195m² à plouvorn,https://www.etreproprio.com/immobilier-22985098-vente-maison-195m-a-plouvorn-plouvorn
PLOUVORN,Maison 350m² à plouvorn,https://www.etreproprio.com/immobilier-22734140-vente-maison-350m-a-plouvorn-plouvorn
PLOUVORN,Maison  5 pièce(s),https://www.etreproprio.com/immobilier-21118477-vente-maison-5-pieces-plouvorn
PLOUYE,Maison à vendre,https://www.etreproprio.com/immobilier-23516773-vente-maison-a-vendre-plouye
PLOUZANE,Maison 113m² à plouzane,https://www.etreproprio.com/immobilier-23910796-vente-maison-113m-a-plouzane-plouzane
PLOUZANE,Maison 141m² à plouzane,https://www.etreproprio.com/immobilier-23898206-vente-maison-141m-a-plouzane-plouzane
PLOUZANE,Maison familiale au cœur du bourg de plouzané,https://www.etreproprio.com/immobilier-23707617-vente-maison-familiale-au-coeur-du-bourg-de-plouzane-plouzane
PLOUZANE,A vendre  plouzane  maison de plain pied  183m2  4 chambres  jardin  prestations,https://www.etreproprio.com/immobilier-20960160-vente-a-vendre-plouzane-maison-de-plain-pied-183m2-4-chambres-jardin-prestations-plouzane
PLOUZANE,A vendre barraine immo plouzane maison independante avec vie de plain pied - plouzane bourg,https://www.etreproprio.com/immobilier-23838742-vente-a-vendre-barraine-immo-plouzane-maison-independante-avec-vie-de-plain-pied-plouzane-bourg-plouzane
PLOUZANE,À vendre à plouzané - maison avec piscine,https://www.etreproprio.com/immobilier-22906430-vente-a-vendre-a-plouzane-maison-avec-piscine-plouzane
PLOUZANE,Maison 113m² à plouzane,https://www.etreproprio.com/immobilier-23810658-vente-maison-113m-a-plouzane-plouzane
PLOUZANE,Grande maison familiale proche de la mer et des commodités,https://www.etreproprio.com/immobilier-23771182-vente-grande-maison-familiale-proche-de-la-mer-et-des-commodites-plouzane
PLOUZANE,Finistere - plouzané (29280) - a vendre - maison 183m² 2021  - plain pied - 4 chambres dont une suite parentale - pompe a chaleu,https://www.etreproprio.com/immobilier-23759277-vente-finistere-plouzane-29280-a-vendre-maison-183m-2021-plain-pied-4-chambres-dont-une-suite-parentale-pompe-a-chaleu-plouzane
PLOUZANE,A vendre  exclusivite plouzane trinite maison 3 chambres,https://www.etreproprio.com/immobilier-23751236-vente-a-vendre-exclusivite-plouzane-trinite-maison-3-chambres-plouzane
PLOUZANE,En exclusivité barraine immo plouzané ? maison contemporaine ossature bois plain-pied 113 m² avec combles aménageables ref : pz0,https://www.etreproprio.com/immobilier-23721145-vente-en-exclusivite-barraine-immo-plouzane-maison-contemporaine-ossature-bois-plain-pied-113-m-avec-combles-amenageables-ref-pz0-plouzane
PLOUZANE,A vendre plouzane  maison 5 chambres independante avec grand terrain et dependances,https://www.etreproprio.com/immobilier-23430398-vente-a-vendre-plouzane-maison-5-chambres-independante-avec-grand-terrain-et-dependances-plouzane
PLOUZANE,Maison 106m² à plouzane,https://www.etreproprio.com/immobilier-23377953-vente-maison-106m-a-plouzane-plouzane
PLOUZANE,Maison 119m² à plouzane,https://www.etreproprio.com/immobilier-23335254-vente-maison-119m-a-plouzane-plouzane
PLOUZANE,Maison plouzané 6 pièces 110 m²,https://www.etreproprio.com/immobilier-23317259-vente-maison-plouzane-6-pieces-110-m-plouzane
PLOUZANE,Maison 155m² à plouzane,https://www.etreproprio.com/immobilier-23286948-vente-maison-155m-a-plouzane-plouzane
PLOUZANE,A vendre barraine immo plouzane grande maison independante vie de plain pied secteur dellec ref : pz00257-th,https://www.etreproprio.com/immobilier-22458628-vente-a-vendre-barraine-immo-plouzane-grande-maison-independante-vie-de-plain-pied-secteur-dellec-ref-pz00257-th-plouzane
PLOUZANE,Barraine immo plouzane maison recente plouzane secteur dellec 135m² - ref : pz00286-th,https://www.etreproprio.com/immobilier-23257317-vente-barraine-immo-plouzane-maison-recente-plouzane-secteur-dellec-135m-ref-pz00286-th-plouzane
PLOUZANE,"Maison familiale avec sous-sol, hangar et vaste terrain   148 m2 habitables sur 2 800 m2",https://www.etreproprio.com/immobilier-22955086-vente-maison-familiale-avec-sous-sol-hangar-et-vaste-terrain-148-m2-habitables-sur-2-800-m2-plouzane
PLOUZANE,Maison plouzane 5 pièce(s) 107 m2,https://www.etreproprio.com/immobilier-22973847-vente-maison-plouzane-5-pieces-107-m2-plouzane
PLOUZANE,La trinité plouzané,https://www.etreproprio.com/immobilier-22889731-vente-la-trinite-plouzane-plouzane
PLOUZANE,A vendre  la trinite plouzane - maison 4 chambres quartier calme,https://www.etreproprio.com/immobilier-22871082-vente-a-vendre-la-trinite-plouzane-maison-4-chambres-quartier-calme-plouzane
PLOUZANE,A vendre   plouzane  maison independante t7  sur 3170 m²  de terrain,https://www.etreproprio.com/immobilier-22504912-vente-a-vendre-plouzane-maison-independante-t7-sur-3170-m-de-terrain-plouzane
PLOUZANE,Maison 102m² à plouzane,https://www.etreproprio.com/immobilier-22452018-vente-maison-102m-a-plouzane-plouzane
PLOUZANE,"Plouzane, maison 170 m² avec immense jardin à deux pas du fort du dellec  392 000  hai",https://www.etreproprio.com/immobilier-22210267-vente-plouzane-maison-170-m-avec-immense-jardin-a-deux-pas-du-fort-du-dellec-392-000-hai-plouzane
PLOUZANE,Plouzané proche le dellec,https://www.etreproprio.com/immobilier-20952938-vente-plouzane-proche-le-dellec-plouzane
PLOUZEVEDE,Charmante maison à vendre à plouzevédé - 5 chambres et grand terrain !,https://www.etreproprio.com/immobilier-23892359-vente-charmante-maison-a-vendre-a-plouzevede-5-chambres-et-grand-terrain-plouzevede
PLOUZEVEDE,Maison sur plouzevede,https://www.etreproprio.com/immobilier-23855232-vente-maison-sur-plouzevede-plouzevede
PLOUZEVEDE,Maison 115m² à plouzevede,https://www.etreproprio.com/immobilier-23822947-vente-maison-115m-a-plouzevede-plouzevede
PLOUZEVEDE,Maison 80m² à plouzevede,https://www.etreproprio.com/immobilier-23791145-vente-maison-80m-a-plouzevede-plouzevede
PLOUZEVEDE,"À vendre - à plouzévédé, maison de 105m2 avec terrasse- cabinet kerjean landivisiau",https://www.etreproprio.com/immobilier-23674746-vente-a-vendre-a-plouzevede-maison-de-105m2-avec-terrasse-cabinet-kerjean-landivisiau-plouzevede
PLOUZEVEDE,Maison à rénover avec terrain,https://www.etreproprio.com/immobilier-23643757-vente-maison-a-renover-avec-terrain-plouzevede
PLOUZEVEDE,Maison 163m² à plouzevede,https://www.etreproprio.com/immobilier-22362027-vente-maison-163m-a-plouzevede-plouzevede
PLOUZEVEDE,Maison 75m² à plouzevede,https://www.etreproprio.com/immobilier-23291075-vente-maison-75m-a-plouzevede-plouzevede
PLOUZEVEDE,Maison 88m² à plouzevede,https://www.etreproprio.com/immobilier-23245308-vente-maison-88m-a-plouzevede-plouzevede
PLOUZEVEDE,Maison 84m² à plouzevede,https://www.etreproprio.com/immobilier-23222184-vente-maison-84m-a-plouzevede-plouzevede
PLOUZEVEDE,Maison 46m² à plouzévédé,https://www.etreproprio.com/immobilier-22731372-vente-maison-46m-a-plouzevede-plouzevede
PLOUZEVEDE,Maison 170m² à plouzevede,https://www.etreproprio.com/immobilier-22096157-vente-maison-170m-a-plouzevede-plouzevede
PLOUZEVEDE,Maison 89m² à plouzevede,https://www.etreproprio.com/immobilier-20287843-vente-maison-89m-a-plouzevede-plouzevede
PLOVAN,Maison 300m² à plovan,https://www.etreproprio.com/immobilier-23881750-vente-maison-300m-a-plovan-plovan
PLOVAN,Belle longère 3 chambres + hangar - 3 kms de la plage - plovan,https://www.etreproprio.com/immobilier-20888074-vente-belle-longere-3-chambres-hangar-3-kms-de-la-plage-plovan-plovan
PLOVAN,Maison 296m² à plovan,https://www.etreproprio.com/immobilier-23767904-vente-maison-296m-a-plovan-plovan
PLOVAN,Maison 362m² à plovan,https://www.etreproprio.com/immobilier-22461355-vente-maison-362m-a-plovan-plovan
PLOVAN,Maison 130m² à plovan,https://www.etreproprio.com/immobilier-21288686-vente-maison-130m-a-plovan-plovan
PLOVAN,Maison vue mer plovan 6 pièces 130 m2,https://www.etreproprio.com/immobilier-19948084-vente-maison-vue-mer-plovan-6-pieces-130-m2-plovan
PLOZEVET,Maison 125m² à plozevet,https://www.etreproprio.com/immobilier-23884577-vente-maison-125m-a-plozevet-plozevet
PLOZEVET,Maison plozevet 3 pièces 125 m²,https://www.etreproprio.com/immobilier-23881458-vente-maison-plozevet-3-pieces-125-m-plozevet
PLOZEVET,Maison 95m² à plozevet,https://www.etreproprio.com/immobilier-23872912-vente-maison-95m-a-plozevet-plozevet
PLOZEVET,Maison 95m² à plozevet,https://www.etreproprio.com/immobilier-23863502-vente-maison-95m-a-plozevet-plozevet
PLOZEVET,Maison plozevet 4 pièces 95 m2,https://www.etreproprio.com/immobilier-23861088-vente-maison-plozevet-4-pieces-95-m2-plozevet
PLOZEVET,Finistere - plozévet (29710) -  a vendre - propriete architecte contemporaine avec piscine chauffee - piece de vie 60 m² - 3 cha,https://www.etreproprio.com/immobilier-23855218-vente-finistere-plozevet-29710-a-vendre-propriete-architecte-contemporaine-avec-piscine-chauffee-piece-de-vie-60-m-3-cha-plozevet
PLOZEVET,Propriete à vendre 10 pièces plozevet (29) 3 gites 220 m2,https://www.etreproprio.com/immobilier-23214541-vente-propriete-a-vendre-10-pieces-plozevet-29-3-gites-220-m2-plozevet
PLOZEVET,Maison 182m² à plozevet,https://www.etreproprio.com/immobilier-23850314-vente-maison-182m-a-plozevet-plozevet
PLOZEVET,Maison vue mer en finistère sud,https://www.etreproprio.com/immobilier-22015843-vente-maison-vue-mer-en-finistere-sud-plozevet
PLOZEVET,Maison plozevet 6 chambres,https://www.etreproprio.com/immobilier-22449283-vente-maison-plozevet-6-chambres-plozevet
PLOZEVET,Maison 96m² à plozevet,https://www.etreproprio.com/immobilier-23473224-vente-maison-96m-a-plozevet-plozevet
PLOZEVET,Maison 101m² à plozevet,https://www.etreproprio.com/immobilier-23769667-vente-maison-101m-a-plozevet-plozevet
PLOZEVET,Ancienne ferme,https://www.etreproprio.com/immobilier-23765515-vente-ancienne-ferme-plozevet
PLOZEVET,Maison sur plozevet,https://www.etreproprio.com/immobilier-23747570-vente-maison-sur-plozevet-plozevet
PLOZEVET,Maison sur saint jean de trolimon,https://www.etreproprio.com/immobilier-23747571-vente-maison-sur-saint-jean-de-trolimon-plozevet
PLOZEVET,Maison plozevet 5 pièce(s) 114 m2,https://www.etreproprio.com/immobilier-23722877-vente-maison-plozevet-5-pieces-114-m2-plozevet
PLOZEVET,Maison 114m² à plozevet,https://www.etreproprio.com/immobilier-23724898-vente-maison-114m-a-plozevet-plozevet
PLOZEVET,Maison plozevet 6 pièces 120 m²,https://www.etreproprio.com/immobilier-23303116-vente-maison-plozevet-6-pieces-120-m-plozevet
PLOZEVET,Maison 120m² à plozevet,https://www.etreproprio.com/immobilier-22138520-vente-maison-120m-a-plozevet-plozevet
PLOZEVET,Maison plozevet 5 pièces 114 m²,https://www.etreproprio.com/immobilier-23303103-vente-maison-plozevet-5-pieces-114-m-plozevet
PLUGUFFAN,Maison de bourg pluguffan 6 pièce(s) 95 m2,https://www.etreproprio.com/immobilier-23902638-vente-maison-de-bourg-pluguffan-6-pieces-95-m2-pluguffan
PLUGUFFAN,"Maison contemporaine de 2014 - lumineuse, au calme d'une impasse",https://www.etreproprio.com/immobilier-23172068-vente-maison-contemporaine-de-2014-lumineuse-au-calme-d-une-impasse-pluguffan
PLUGUFFAN,Maison 5 pièces proche du bourg,https://www.etreproprio.com/immobilier-23895282-vente-maison-5-pieces-proche-du-bourg-pluguffan
PLUGUFFAN,Maison sur pluguffan,https://www.etreproprio.com/immobilier-23895322-vente-maison-sur-pluguffan-pluguffan
PLUGUFFAN,Maison années 30 en campagne de pluguffan,https://www.etreproprio.com/immobilier-23399863-vente-maison-annees-30-en-campagne-de-pluguffan-pluguffan
PLUGUFFAN,Maison 420m² à pluguffan,https://www.etreproprio.com/immobilier-23883915-vente-maison-420m-a-pluguffan-pluguffan
PLUGUFFAN,Maison des années 2000 au bourg de pluguffan,https://www.etreproprio.com/immobilier-23881360-vente-maison-des-annees-2000-au-bourg-de-pluguffan-pluguffan
PLUGUFFAN,Maison pluguffan,https://www.etreproprio.com/immobilier-23870902-vente-maison-pluguffan-pluguffan
PLUGUFFAN,Maison 278m² à pluguffan,https://www.etreproprio.com/immobilier-23822079-vente-maison-278m-a-pluguffan-pluguffan
PLUGUFFAN,À vendre maison contemporaine à pluguffan,https://www.etreproprio.com/immobilier-23753947-vente-a-vendre-maison-contemporaine-a-pluguffan-pluguffan
PLUGUFFAN,Maison 90m² à pluguffan,https://www.etreproprio.com/immobilier-23757481-vente-maison-90m-a-pluguffan-pluguffan
PLUGUFFAN,Maison rénovée au bourg de pluguffan,https://www.etreproprio.com/immobilier-23753850-vente-maison-renovee-au-bourg-de-pluguffan-pluguffan
PLUGUFFAN,Maison 134m² à pluguffan,https://www.etreproprio.com/immobilier-23746421-vente-maison-134m-a-pluguffan-pluguffan
PLUGUFFAN,Maison récente au bourg de pluguffan,https://www.etreproprio.com/immobilier-23740407-vente-maison-recente-au-bourg-de-pluguffan-pluguffan
PLUGUFFAN,Maison traditionnelle au bourg de pluguffan,https://www.etreproprio.com/immobilier-23740405-vente-maison-traditionnelle-au-bourg-de-pluguffan-pluguffan
PLUGUFFAN,Maison pluguffan 6 pièce(s) 93 m2,https://www.etreproprio.com/immobilier-23729099-vente-maison-pluguffan-6-pieces-93-m2-pluguffan
PLUGUFFAN,Maison 119m² à pluguffan,https://www.etreproprio.com/immobilier-23002213-vente-maison-119m-a-pluguffan-pluguffan
PLUGUFFAN,Maison 106m² à pluguffan,https://www.etreproprio.com/immobilier-23649515-vente-maison-106m-a-pluguffan-pluguffan
PLUGUFFAN,Maison 112m² à pluguffan,https://www.etreproprio.com/immobilier-23619522-vente-maison-112m-a-pluguffan-pluguffan
PLUGUFFAN,Pluguffan corps de ferme,https://www.etreproprio.com/immobilier-22658446-vente-pluguffan-corps-de-ferme-pluguffan
PONT-AVEN,"Maison pont aven, au coeur de la cité des peintres !",https://www.etreproprio.com/immobilier-22951821-vente-maison-pont-aven-au-coeur-de-la-cite-des-peintres-pont-aven
PONT-AVEN,Pont aven - vie de plain pied - calme,https://www.etreproprio.com/immobilier-23888435-vente-pont-aven-vie-de-plain-pied-calme-pont-aven
PONT-AVEN,Maison 153m² à pont-aven,https://www.etreproprio.com/immobilier-23884159-vente-maison-153m-a-pont-aven-pont-aven
PONT-AVEN,Maison sur pont aven,https://www.etreproprio.com/immobilier-23874903-vente-maison-sur-pont-aven-pont-aven
PONT-AVEN,"""tolkien"" pont aven - petite chaumière en campagne",https://www.etreproprio.com/immobilier-23303010-vente-tolkien-pont-aven-petite-chaumiere-en-campagne-pont-aven
PONT-AVEN,Maison pont aven 4 chambres - vie de plain-pied,https://www.etreproprio.com/immobilier-22973998-vente-maison-pont-aven-4-chambres-vie-de-plain-pied-pont-aven
PONT-AVEN,Maison 132m² à pont-aven,https://www.etreproprio.com/immobilier-23854267-vente-maison-132m-a-pont-aven-pont-aven
PONT-AVEN,Finistère (29) – à vendre à pont aven - maison à vendre 6 pièces de 145 m² habitable et 230 m² utile - terrain de 4 500 m² - gar,https://www.etreproprio.com/immobilier-23804395-vente-finistere-29-a-vendre-a-pont-aven-maison-a-vendre-6-pieces-de-145-m-habitable-et-230-m-utile-terrain-de-4-500-m-gar-pont-aven
PONT-AVEN,Maison de caractère pont aven 85 m²,https://www.etreproprio.com/immobilier-23768980-vente-maison-de-caractere-pont-aven-85-m-pont-aven
PONT-AVEN,"Maison, 3 chambres, centre-villle pont-aven",https://www.etreproprio.com/immobilier-23764192-vente-maison-3-chambres-centre-villle-pont-aven-pont-aven
PONT-AVEN,Maison 165m² à pont-aven,https://www.etreproprio.com/immobilier-22708821-vente-maison-165m-a-pont-aven-pont-aven
PONT-AVEN,Pont-aven – maison familiale + t3 indépendant – vue campagne – potentiel locatif - dépendances - rénovée,https://www.etreproprio.com/immobilier-23717843-vente-pont-aven-maison-familiale-t3-independant-vue-campagne-potentiel-locatif-dependances-renovee-pont-aven
PONT-AVEN,Pont-aven - magnifique demeure en pierre,https://www.etreproprio.com/immobilier-23715564-vente-pont-aven-magnifique-demeure-en-pierre-pont-aven
PONT-AVEN,"Maison vie de plain pieds, 3/4 chambres 84m²",https://www.etreproprio.com/immobilier-23700844-vente-maison-vie-de-plain-pieds-34-chambres-84m-pont-aven
PONT-AVEN,Propriété de caractère + 3 appartements + salle de réception à pont aven,https://www.etreproprio.com/immobilier-23685706-vente-propriete-de-caractere-3-appartements-salle-de-reception-a-pont-aven-pont-aven
PONT-AVEN,Demeure 6 chambres avec vue sur le port de pont aven,https://www.etreproprio.com/immobilier-23700845-vente-demeure-6-chambres-avec-vue-sur-le-port-de-pont-aven-pont-aven
PONT-AVEN,"Belle maison familiale, 4 chambres, à pont-aven",https://www.etreproprio.com/immobilier-23676762-vente-belle-maison-familiale-4-chambres-a-pont-aven-pont-aven
PONT-AVEN,A vendre maison de charme meublée à pont aven,https://www.etreproprio.com/immobilier-23617470-vente-a-vendre-maison-de-charme-meublee-a-pont-aven-pont-aven
PONT-AVEN,"""chester"" campagne de pont-aven - propriété avec maison et grand atelier indépendant.",https://www.etreproprio.com/immobilier-23591166-vente-chester-campagne-de-pont-aven-propriete-avec-maison-et-grand-atelier-independant-pont-aven
PONT-AVEN,Maison familiale pont aven - 160 m2,https://www.etreproprio.com/immobilier-23530389-vente-maison-familiale-pont-aven-160-m2-pont-aven
PLOZEVET,Maison 281m² à plozevet,https://www.etreproprio.com/immobilier-23631102-vente-maison-281m-a-plozevet-plozevet
PLOZEVET,Maison 114m² à plozevet,https://www.etreproprio.com/immobilier-23002216-vente-maison-114m-a-plozevet-plozevet
PLOZEVET,Maison plozevet,https://www.etreproprio.com/immobilier-23617451-vente-maison-plozevet-plozevet
PLOZEVET,Maison 193m² à plozevet,https://www.etreproprio.com/immobilier-23568933-vente-maison-193m-a-plozevet-plozevet
PLOZEVET,Maison de plain-pied sur grand terrain,https://www.etreproprio.com/immobilier-23517058-vente-maison-de-plain-pied-sur-grand-terrain-plozevet
PLOZEVET,Maison 205m² à plozevet,https://www.etreproprio.com/immobilier-22916416-vente-maison-205m-a-plozevet-plozevet
PLOZEVET,Belle longère dans cadre champêtre,https://www.etreproprio.com/immobilier-21905295-vente-belle-longere-dans-cadre-champetre-plozevet
PLOZEVET,Maison plozevet 7 pièces 124 m²,https://www.etreproprio.com/immobilier-23303113-vente-maison-plozevet-7-pieces-124-m-plozevet
PLOZEVET,Maison 193m² à plozevet,https://www.etreproprio.com/immobilier-23031622-vente-maison-193m-a-plozevet-plozevet
PLOZEVET,Maison 124m² à plozevet,https://www.etreproprio.com/immobilier-22461531-vente-maison-124m-a-plozevet-plozevet
PLOZEVET,Maison plozevet 6 pièces 200 m²,https://www.etreproprio.com/immobilier-23303100-vente-maison-plozevet-6-pieces-200-m-plozevet
PLOZEVET,Maison plozevet 5 chambres dans le bourg,https://www.etreproprio.com/immobilier-23303112-vente-maison-plozevet-5-chambres-dans-le-bourg-plozevet
PLOZEVET,Maison plozevet 5 pièces 80 m²,https://www.etreproprio.com/immobilier-23303095-vente-maison-plozevet-5-pieces-80-m-plozevet
PLOZEVET,Maison plozevet 5 pièces 83 m²,https://www.etreproprio.com/immobilier-23303108-vente-maison-plozevet-5-pieces-83-m-plozevet
PLOZEVET,Maison plozevet 7 pièces 115 m²,https://www.etreproprio.com/immobilier-23303104-vente-maison-plozevet-7-pieces-115-m-plozevet
PLOZEVET,Maison plozevet 12 pièces 220 m²,https://www.etreproprio.com/immobilier-23303110-vente-maison-plozevet-12-pieces-220-m-plozevet
PLOZEVET,Maison 80m² à plozevet,https://www.etreproprio.com/immobilier-21233344-vente-maison-80m-a-plozevet-plozevet
PLOZEVET,Maison 115m² à plozevet,https://www.etreproprio.com/immobilier-22074880-vente-maison-115m-a-plozevet-plozevet
PLOZEVET,Maison 153m² à plozevet,https://www.etreproprio.com/immobilier-22322321-vente-maison-153m-a-plozevet-plozevet
PLOZEVET,Plozevet maison vue mer,https://www.etreproprio.com/immobilier-22645295-vente-plozevet-maison-vue-mer-plozevet
PONT-AVEN,Maison pont-aven 3 pièces 93m²,https://www.etreproprio.com/immobilier-23046810-vente-maison-pont-aven-3-pieces-93m-pont-aven
PONT-AVEN,Pont-aven - propriété de caractère avec vue sur la rivière,https://www.etreproprio.com/immobilier-23476808-vente-pont-aven-propriete-de-caractere-avec-vue-sur-la-riviere-pont-aven
PONT-AVEN,Maison 84m² à pont-aven,https://www.etreproprio.com/immobilier-23459547-vente-maison-84m-a-pont-aven-pont-aven
PONT-AVEN,"Pont-aven - maison avec vie de plain-pied, 1 hectare de terrain",https://www.etreproprio.com/immobilier-23398599-vente-pont-aven-maison-avec-vie-de-plain-pied-1-hectare-de-terrain-pont-aven
PONT-AVEN,Maison t4 110m2 + véranda + 2 garages senioriales pont-aven résidence seniors,https://www.etreproprio.com/immobilier-23342596-vente-maison-t4-110m2-veranda-2-garages-senioriales-pont-aven-residence-seniors-pont-aven
PONT-AVEN,"Pont aven - maison en pierre mitoyenne, 2 chambres, proche commerces, au calme",https://www.etreproprio.com/immobilier-22330551-vente-pont-aven-maison-en-pierre-mitoyenne-2-chambres-proche-commerces-au-calme-pont-aven
PONT-AVEN,"Maison pont-aven, proche centre, pièce(s) 115 m2",https://www.etreproprio.com/immobilier-22237073-vente-maison-pont-aven-proche-centre-pieces-115-m2-pont-aven
PONT-AVEN,"Pont-aven - maison familiale, proche commerces",https://www.etreproprio.com/immobilier-23302087-vente-pont-aven-maison-familiale-proche-commerces-pont-aven
PONT-AVEN,Maison pont-aven 170 m2,https://www.etreproprio.com/immobilier-22680562-vente-maison-pont-aven-170-m2-pont-aven
PONT-AVEN,Maison 5 pièces pont-aven 135m²,https://www.etreproprio.com/immobilier-22680560-vente-maison-5-pieces-pont-aven-135m-pont-aven
PONT-AVEN,Maison 65m² à pont-aven,https://www.etreproprio.com/immobilier-21575448-vente-maison-65m-a-pont-aven-pont-aven
PONT-AVEN,Immeuble commercial pont aven 8 pièce(s) 255 m2,https://www.etreproprio.com/immobilier-23121500-vente-immeuble-commercial-pont-aven-8-pieces-255-m2-pont-aven
PONT-AVEN,"Pont-aven - maison de charme en pierre intégralement rénovée, 4 chambres",https://www.etreproprio.com/immobilier-23098559-vente-pont-aven-maison-de-charme-en-pierre-integralement-renovee-4-chambres-pont-aven
PONT-AVEN,Belle contemporaine sur les hauteurs de pont-aven,https://www.etreproprio.com/immobilier-22627552-vente-belle-contemporaine-sur-les-hauteurs-de-pont-aven-pont-aven
PONT-AVEN,Immeuble avec galerie et appartement à pont-aven,https://www.etreproprio.com/immobilier-19204395-vente-immeuble-avec-galerie-et-appartement-a-pont-aven-pont-aven
PONT-AVEN,Maison pont-aven 5 pièce(s),https://www.etreproprio.com/immobilier-23086487-vente-maison-pont-aven-5-pieces-pont-aven
PONT-AVEN,Vente maison pont-aven(29930) 417 000ï¿œ,https://www.etreproprio.com/immobilier-23066959-vente-vente-maison-pont-aven29930-417-000i-oe-pont-aven
PONT-AVEN,Maison pont avec vie de plain pied aven 5 pièces,https://www.etreproprio.com/immobilier-20668792-vente-maison-pont-avec-vie-de-plain-pied-aven-5-pieces-pont-aven
PONT-AVEN,Maison 100m² à pont-aven,https://www.etreproprio.com/immobilier-21503497-vente-maison-100m-a-pont-aven-pont-aven
PONT-AVEN,Maison d'habitation avec jardin et local commercial pont aven,https://www.etreproprio.com/immobilier-22990630-vente-maison-d-habitation-avec-jardin-et-local-commercial-pont-aven-pont-aven
PLUGUFFAN,Maison 145m² à pluguffan,https://www.etreproprio.com/immobilier-21513117-vente-maison-145m-a-pluguffan-pluguffan
PLUGUFFAN,Pluguffan corps de ferme,https://www.etreproprio.com/immobilier-22658467-vente-pluguffan-corps-de-ferme-pluguffan
PLUGUFFAN,Maison 167m² à pluguffan,https://www.etreproprio.com/immobilier-23583157-vente-maison-167m-a-pluguffan-pluguffan
PLUGUFFAN,Maison contemporaine à pluguffan,https://www.etreproprio.com/immobilier-22943791-vente-maison-contemporaine-a-pluguffan-pluguffan
PLUGUFFAN,Maison 145m² à pluguffan,https://www.etreproprio.com/immobilier-23526409-vente-maison-145m-a-pluguffan-pluguffan
PLUGUFFAN,Maison  avec vie de plain-pied pluguffan 5 pièces 140 m2,https://www.etreproprio.com/immobilier-23445769-vente-maison-avec-vie-de-plain-pied-pluguffan-5-pieces-140-m2-pluguffan
PLUGUFFAN,Maison 6 pièces 4 chambres pluguffan,https://www.etreproprio.com/immobilier-20494689-vente-maison-6-pieces-4-chambres-pluguffan-pluguffan
PLUGUFFAN,Maison en campagne de pluguffan,https://www.etreproprio.com/immobilier-23375151-vente-maison-en-campagne-de-pluguffan-pluguffan
PLUGUFFAN,Pluguffan - bâtisse de charme avec jardin et hangar,https://www.etreproprio.com/immobilier-23336416-vente-pluguffan-batisse-de-charme-avec-jardin-et-hangar-pluguffan
PLUGUFFAN,Maison pluguffan 7 pièce(s),https://www.etreproprio.com/immobilier-22595892-vente-maison-pluguffan-7-pieces-pluguffan
PLUGUFFAN,Plain-pied à pluguffan,https://www.etreproprio.com/immobilier-20021793-vente-plain-pied-a-pluguffan-pluguffan
PLUGUFFAN,Maison 70m² à pluguffan,https://www.etreproprio.com/immobilier-15375237-vente-maison-70m-a-pluguffan-pluguffan
PLOZEVET,Maison 83m² à plozevet,https://www.etreproprio.com/immobilier-22631893-vente-maison-83m-a-plozevet-plozevet
PLOZEVET,Maison 220m² à plozevet,https://www.etreproprio.com/immobilier-22420941-vente-maison-220m-a-plozevet-plozevet
PLOZEVET,Maison 100m² à plozevet,https://www.etreproprio.com/immobilier-21226370-vente-maison-100m-a-plozevet-plozevet
PLOZEVET,Maison 110m² à plozevet,https://www.etreproprio.com/immobilier-22441858-vente-maison-110m-a-plozevet-plozevet
PLOZEVET,Maison 117m² à plozevet,https://www.etreproprio.com/immobilier-22427911-vente-maison-117m-a-plozevet-plozevet
PLOZEVET,Maison plozévet - vue mer 111m2,https://www.etreproprio.com/immobilier-22248933-vente-maison-plozevet-vue-mer-111m2-plozevet
PLOZEVET,Finistère: plozévet. charmante maison familiale rénovée de 5 chambres en bord de mer avec garage et jardin.,https://www.etreproprio.com/immobilier-22158867-vente-finistere-plozevet-charmante-maison-familiale-renovee-de-5-chambres-en-bord-de-mer-avec-garage-et-jardin-plozevet
PLOZEVET,Maison 200m² à plozevet,https://www.etreproprio.com/immobilier-21960515-vente-maison-200m-a-plozevet-plozevet
PLOZEVET,Maison 115m² à plozevet,https://www.etreproprio.com/immobilier-20928981-vente-maison-115m-a-plozevet-plozevet
PONT-AVEN,Maison familiale 129m2 rénovée avec jardin et double garage,https://www.etreproprio.com/immobilier-22899903-vente-maison-familiale-129m2-renovee-avec-jardin-et-double-garage-pont-aven
PONT-AVEN,Maison 132m² à pont-aven,https://www.etreproprio.com/immobilier-22913180-vente-maison-132m-a-pont-aven-pont-aven
PONT-AVEN,"Demeure exceptionnelle, 359 m2, 10 chambres, centre-ville à pied",https://www.etreproprio.com/immobilier-22493222-vente-demeure-exceptionnelle-359-m2-10-chambres-centre-ville-a-pied-pont-aven
PONT-AVEN,"Immeuble pont-aven, centre-ville",https://www.etreproprio.com/immobilier-20872715-vente-immeuble-pont-aven-centre-ville-pont-aven
PONT-AVEN,"Proche centre, maison pont-aven",https://www.etreproprio.com/immobilier-22592124-vente-proche-centre-maison-pont-aven-pont-aven
PONT-AVEN,Maison de ville avec jardin pont aven 5 pièce(s),https://www.etreproprio.com/immobilier-22526636-vente-maison-de-ville-avec-jardin-pont-aven-5-pieces-pont-aven
PONT-AVEN,Maison t3 91m2 senioriales pont-aven résidence seniors,https://www.etreproprio.com/immobilier-20482047-vente-maison-t3-91m2-senioriales-pont-aven-residence-seniors-pont-aven
PONT-AVEN,"""cotteau"" maison au calme, à deux pas du port de plaisance.",https://www.etreproprio.com/immobilier-22291503-vente-cotteau-maison-au-calme-a-deux-pas-du-port-de-plaisance-pont-aven
PONT-AVEN,"""le moulin"", immeuble au centre de pont-aven avec commerce et duplex",https://www.etreproprio.com/immobilier-22170107-vente-le-moulin-immeuble-au-centre-de-pont-aven-avec-commerce-et-duplex-pont-aven
PONT-AVEN,Pont -aven - immeuble comprenant local commercial et appartement,https://www.etreproprio.com/immobilier-22146144-vente-pont-aven-immeuble-comprenant-local-commercial-et-appartement-pont-aven
PONT-AVEN,Maison pont aven 5 pièce(s) 85 m2,https://www.etreproprio.com/immobilier-19857094-vente-maison-pont-aven-5-pieces-85-m2-pont-aven
PONT-AVEN,Maison 127m² à pont-aven,https://www.etreproprio.com/immobilier-21777720-vente-maison-127m-a-pont-aven-pont-aven
PONT-AVEN,Maison t4 110m2 senioriales pont-aven résidence seniors,https://www.etreproprio.com/immobilier-21715560-vente-maison-t4-110m2-senioriales-pont-aven-residence-seniors-pont-aven
PONT-AVEN,Maison pont aven 7 pièce(s) 250 m2,https://www.etreproprio.com/immobilier-21471510-vente-maison-pont-aven-7-pieces-250-m2-pont-aven
PONT-AVEN,Maison t3 65m2 senioriales pont-aven résidence seniors,https://www.etreproprio.com/immobilier-21246995-vente-maison-t3-65m2-senioriales-pont-aven-residence-seniors-pont-aven
PONT-AVEN,Maison t3 meublée et louée de 65m2 senioriales pont-aven résidence seniors,https://www.etreproprio.com/immobilier-21446437-vente-maison-t3-meublee-et-louee-de-65m2-senioriales-pont-aven-residence-seniors-pont-aven
PONT-AVEN,Maison t3 91m2 senioriales pont-aven résidence seniors,https://www.etreproprio.com/immobilier-20634741-vente-maison-t3-91m2-senioriales-pont-aven-residence-seniors-pont-aven
PONT-AVEN,Maison 308m² à pont-aven,https://www.etreproprio.com/immobilier-18759866-vente-maison-308m-a-pont-aven-pont-aven
PONT-AVEN,Corps de ferme à pont aven sur 2 hectares,https://www.etreproprio.com/immobilier-14988239-vente-corps-de-ferme-a-pont-aven-sur-2-hectares-pont-aven
PONT-AVEN,"Demeure d'exception, pont-aven 10 pièces 350 m2",https://www.etreproprio.com/immobilier-13958287-vente-demeure-d-exception-pont-aven-10-pieces-350-m2-pont-aven
PONT-CROIX,Maison 174m² à pont-croix,https://www.etreproprio.com/immobilier-23843733-vente-maison-174m-a-pont-croix-pont-croix
PONT-CROIX,Maison 145m² à pont-croix,https://www.etreproprio.com/immobilier-23844340-vente-maison-145m-a-pont-croix-pont-croix
PONT-CROIX,Maison 117m² à pont-croix,https://www.etreproprio.com/immobilier-23702935-vente-maison-117m-a-pont-croix-pont-croix
PONT-CROIX,Maison pont croix 2 pièce(s) 60 m2,https://www.etreproprio.com/immobilier-23374985-vente-maison-pont-croix-2-pieces-60-m2-pont-croix
PONT-CROIX,Maison 49m² à pont-croix,https://www.etreproprio.com/immobilier-23377316-vente-maison-49m-a-pont-croix-pont-croix
PONT-CROIX,Maison 173m² à pont-croix,https://www.etreproprio.com/immobilier-23337481-vente-maison-173m-a-pont-croix-pont-croix
PONT-CROIX,Maison 192m² à pont-croix,https://www.etreproprio.com/immobilier-19729164-vente-maison-192m-a-pont-croix-pont-croix
PONT-CROIX,Maison 119m² à pont-croix,https://www.etreproprio.com/immobilier-16092272-vente-maison-119m-a-pont-croix-pont-croix
PONT-CROIX,Maison 95m² à pont-croix,https://www.etreproprio.com/immobilier-19569487-vente-maison-95m-a-pont-croix-pont-croix
PONT-L'ABBE,Maison 178m² à pont-l'abbe,https://www.etreproprio.com/immobilier-23896577-vente-maison-178m-a-pont-l-abbe-pont-l-abbe
PONT-L'ABBE,Charmante chaumière - 3 chambres - pont l'abbe,https://www.etreproprio.com/immobilier-23886815-vente-charmante-chaumiere-3-chambres-pont-l-abbe-pont-l-abbe
PONT-L'ABBE,Maison de famille à pont l'abbé,https://www.etreproprio.com/immobilier-22352068-vente-maison-de-famille-a-pont-l-abbe-pont-l-abbe
PONT-L'ABBE,Pont l' abbé - maison avec  atelier,https://www.etreproprio.com/immobilier-23861075-vente-pont-l-abbe-maison-avec-atelier-pont-l-abbe
PONT-L'ABBE,"Pont l'abbé, maison individuelle, jardin clos et proche commerces",https://www.etreproprio.com/immobilier-23841776-vente-pont-l-abbe-maison-individuelle-jardin-clos-et-proche-commerces-pont-l-abbe
PONT-L'ABBE,Maison 152m² à pont-l'abbe,https://www.etreproprio.com/immobilier-23832363-vente-maison-152m-a-pont-l-abbe-pont-l-abbe
PONT-L'ABBE,Maison 117m² à pont-l'abbe,https://www.etreproprio.com/immobilier-23832361-vente-maison-117m-a-pont-l-abbe-pont-l-abbe
PONT-L'ABBE,Pont l' abbé - maison de ville avec jardin  et atelier,https://www.etreproprio.com/immobilier-23829401-vente-pont-l-abbe-maison-de-ville-avec-jardin-et-atelier-pont-l-abbe
PONT-L'ABBE,Maison 109m² à pont-l'abbe,https://www.etreproprio.com/immobilier-23195934-vente-maison-109m-a-pont-l-abbe-pont-l-abbe
PONT-L'ABBE,Maison sur pont l'abbe,https://www.etreproprio.com/immobilier-23759255-vente-maison-sur-pont-l-abbe-pont-l-abbe
PONT-L'ABBE,Maison familiale pont l'abbé,https://www.etreproprio.com/immobilier-23729680-vente-maison-familiale-pont-l-abbe-pont-l-abbe
PONT-L'ABBE,Pont l'abbé - bel emplacement en centre-ville,https://www.etreproprio.com/immobilier-23728742-vente-pont-l-abbe-bel-emplacement-en-centre-ville-pont-l-abbe
PONT-L'ABBE,Maison pont-l'abbé,https://www.etreproprio.com/immobilier-23685467-vente-maison-pont-l-abbe-pont-l-abbe
PONT-L'ABBE,Maison 40m² à pont-l'abbe,https://www.etreproprio.com/immobilier-23690584-vente-maison-40m-a-pont-l-abbe-pont-l-abbe
PONT-L'ABBE,Maison 94m² à pont-l'abbe,https://www.etreproprio.com/immobilier-23639417-vente-maison-94m-a-pont-l-abbe-pont-l-abbe
PONT-L'ABBE,Pont-l'abbe - maison de plain-pied,https://www.etreproprio.com/immobilier-23382753-vente-pont-l-abbe-maison-de-plain-pied-pont-l-abbe
PONT-L'ABBE,Maison & son appartement indépendant au centre de pont-l'abbe,https://www.etreproprio.com/immobilier-23622524-vente-maison-son-appartement-independant-au-centre-de-pont-l-abbe-pont-l-abbe
PONT-L'ABBE,Pont-l'abbe - maison de plain-pied,https://www.etreproprio.com/immobilier-23383229-vente-pont-l-abbe-maison-de-plain-pied-pont-l-abbe
PONT-L'ABBE,Pont l'abbe. propriété de 1778 m²,https://www.etreproprio.com/immobilier-23606301-vente-pont-l-abbe-propriete-de-1778-m-pont-l-abbe
PONT-L'ABBE,Maison pont l abbe 6 pièce(s) 127 m2,https://www.etreproprio.com/immobilier-22903676-vente-maison-pont-l-abbe-6-pieces-127-m2-pont-l-abbe
PORSPODER,Maison 236m² à porspoder,https://www.etreproprio.com/immobilier-23890486-vente-maison-236m-a-porspoder-porspoder
PORSPODER,Maison 118m² à porspoder,https://www.etreproprio.com/immobilier-23813020-vente-maison-118m-a-porspoder-porspoder
PORSPODER,Demeure de prestige porspoder maison principale + maison de pécheur,https://www.etreproprio.com/immobilier-22863754-vente-demeure-de-prestige-porspoder-maison-principale-maison-de-pecheur-porspoder
PORSPODER,Maisons t8 et t3 a vendre vue mer porspoder,https://www.etreproprio.com/immobilier-23556136-vente-maisons-t8-et-t3-a-vendre-vue-mer-porspoder-porspoder
PORSPODER,Maison à vendre à porspoder - référence 4872br,https://www.etreproprio.com/immobilier-23721011-vente-maison-a-vendre-a-porspoder-reference-4872br-porspoder
PORSPODER,Maison 221m² à porspoder,https://www.etreproprio.com/immobilier-22091780-vente-maison-221m-a-porspoder-porspoder
PORSPODER,Maison à vendre à porspoder-bourg- plain-pied- opportunité rare !,https://www.etreproprio.com/immobilier-23647789-vente-maison-a-vendre-a-porspoder-bourg-plain-pied-opportunite-rare-porspoder
PORSPODER,Maison à vendre à porspoder -220m²,https://www.etreproprio.com/immobilier-23548168-vente-maison-a-vendre-a-porspoder-220m-porspoder
PORSPODER,Maison porspoder 236 m2,https://www.etreproprio.com/immobilier-22707686-vente-maison-porspoder-236-m2-porspoder
PORSPODER,"Bretagne, finistere, porspoder villa avec piscine 294 m2, bord de mer, 8 pièces",https://www.etreproprio.com/immobilier-22651283-vente-bretagne-finistere-porspoder-villa-avec-piscine-294-m2-bord-de-mer-8-pieces-porspoder
PORT-LAUNAY,Maison 164m² à port-launay,https://www.etreproprio.com/immobilier-23727003-vente-maison-164m-a-port-launay-port-launay
POULDERGAT,Maison 130m² à pouldergat,https://www.etreproprio.com/immobilier-23378478-vente-maison-130m-a-pouldergat-pouldergat
POULDERGAT,Maison pouldergat 6 pièce(s) 115 m2,https://www.etreproprio.com/immobilier-23303093-vente-maison-pouldergat-6-pieces-115-m2-pouldergat
POULDERGAT,Maison 114m² à pouldergat,https://www.etreproprio.com/immobilier-22471190-vente-maison-114m-a-pouldergat-pouldergat
POULDERGAT,Maison 115m² à pouldergat,https://www.etreproprio.com/immobilier-21262445-vente-maison-115m-a-pouldergat-pouldergat
POULDERGAT,Maison 180m² à pouldergat,https://www.etreproprio.com/immobilier-18283573-vente-maison-180m-a-pouldergat-pouldergat
PONT-L'ABBE,Maison 127m² à pont-l'abbe,https://www.etreproprio.com/immobilier-22906583-vente-maison-127m-a-pont-l-abbe-pont-l-abbe
PONT-L'ABBE,Maison 127m² à pont-l'abbe,https://www.etreproprio.com/immobilier-22863438-vente-maison-127m-a-pont-l-abbe-pont-l-abbe
PONT-L'ABBE,Maison 100m² à pont-l'abbe,https://www.etreproprio.com/immobilier-23570036-vente-maison-100m-a-pont-l-abbe-pont-l-abbe
PONT-L'ABBE,Maison 80m² à pont-l'abbe,https://www.etreproprio.com/immobilier-23559270-vente-maison-80m-a-pont-l-abbe-pont-l-abbe
PONT-L'ABBE,Pont l'abbé - maison proche du centre ville,https://www.etreproprio.com/immobilier-23556849-vente-pont-l-abbe-maison-proche-du-centre-ville-pont-l-abbe
PONT-L'ABBE,Nouveauté pont-l'abbé,https://www.etreproprio.com/immobilier-23562293-vente-nouveaute-pont-l-abbe-pont-l-abbe
PONT-L'ABBE,Chaumière 7 pièces à pont l abbé,https://www.etreproprio.com/immobilier-23468655-vente-chaumiere-7-pieces-a-pont-l-abbe-pont-l-abbe
PONT-L'ABBE,"Pont l'abbé, proche centre",https://www.etreproprio.com/immobilier-20373385-vente-pont-l-abbe-proche-centre-pont-l-abbe
PONT-L'ABBE,Maison aux beaux volumes - quartier calme et agréable !,https://www.etreproprio.com/immobilier-23445756-vente-maison-aux-beaux-volumes-quartier-calme-et-agreable-pont-l-abbe
PONT-L'ABBE,Maison 116m² à pont-l'abbe,https://www.etreproprio.com/immobilier-23433420-vente-maison-116m-a-pont-l-abbe-pont-l-abbe
PONT-L'ABBE,Pont-l'abbe - proche centre-ville,https://www.etreproprio.com/immobilier-22154582-vente-pont-l-abbe-proche-centre-ville-pont-l-abbe
PONT-L'ABBE,Pont-l'abbe - proche centre-ville,https://www.etreproprio.com/immobilier-22150659-vente-pont-l-abbe-proche-centre-ville-pont-l-abbe
PONT-L'ABBE,Pont-l'abbe - au calme,https://www.etreproprio.com/immobilier-22012375-vente-pont-l-abbe-au-calme-pont-l-abbe
PONT-L'ABBE,Maison 178m² à pont-l'abbe,https://www.etreproprio.com/immobilier-23358703-vente-maison-178m-a-pont-l-abbe-pont-l-abbe
PONT-L'ABBE,Pont-l'abbe - au calme,https://www.etreproprio.com/immobilier-21990802-vente-pont-l-abbe-au-calme-pont-l-abbe
PONT-L'ABBE,Maison pont l' abbe 8 pièce(s) 215.37 m2,https://www.etreproprio.com/immobilier-22556654-vente-maison-pont-l-abbe-8-pieces-21537-m2-pont-l-abbe
PONT-L'ABBE,Maison 215m² à pont-l'abbe,https://www.etreproprio.com/immobilier-22741750-vente-maison-215m-a-pont-l-abbe-pont-l-abbe
PONT-L'ABBE,Maison 215m² à pont-l'abbe,https://www.etreproprio.com/immobilier-22558863-vente-maison-215m-a-pont-l-abbe-pont-l-abbe
PONT-L'ABBE,Maison pont-l'abbé - 6 pièce(s) 160 m2,https://www.etreproprio.com/immobilier-23265801-vente-maison-pont-l-abbe-6-pieces-160-m2-pont-l-abbe
PONT-L'ABBE,Maison 160m² à pont-l'abbe,https://www.etreproprio.com/immobilier-23260681-vente-maison-160m-a-pont-l-abbe-pont-l-abbe
POULDREUZIC,Maison 157m² à pouldreuzic,https://www.etreproprio.com/immobilier-23850801-vente-maison-157m-a-pouldreuzic-pouldreuzic
POULDREUZIC,Propriété proche plage de penhors,https://www.etreproprio.com/immobilier-22729876-vente-propriete-proche-plage-de-penhors-pouldreuzic
POULDREUZIC,Propriété proche plage de penhors,https://www.etreproprio.com/immobilier-22868935-vente-propriete-proche-plage-de-penhors-pouldreuzic
POULDREUZIC,Pouldreuzic - proche mer vaste maison sans vis-a-vis,https://www.etreproprio.com/immobilier-23243359-vente-pouldreuzic-proche-mer-vaste-maison-sans-vis-a-vis-pouldreuzic
POULDREUZIC,Maison 191m² à pouldreuzic,https://www.etreproprio.com/immobilier-23245789-vente-maison-191m-a-pouldreuzic-pouldreuzic
POULDREUZIC,Maison pouldreuzic,https://www.etreproprio.com/immobilier-22731257-vente-maison-pouldreuzic-pouldreuzic
POULDREUZIC,Maison + 3 appartement pouldreuzic,https://www.etreproprio.com/immobilier-23702690-vente-maison-3-appartement-pouldreuzic-pouldreuzic
POULDREUZIC,Maison pouldreuzic 5 pièce(s) 125 m2,https://www.etreproprio.com/immobilier-23535788-vente-maison-pouldreuzic-5-pieces-125-m2-pouldreuzic
POULDREUZIC,Maison 125m² à pouldreuzic,https://www.etreproprio.com/immobilier-23538404-vente-maison-125m-a-pouldreuzic-pouldreuzic
POULDREUZIC,Maison 230m² à pouldreuzic,https://www.etreproprio.com/immobilier-23334005-vente-maison-230m-a-pouldreuzic-pouldreuzic
POULDREUZIC,Maison 95m² à pouldreuzic,https://www.etreproprio.com/immobilier-22588620-vente-maison-95m-a-pouldreuzic-pouldreuzic
POULDREUZIC,Maison pouldreuzic 3 pièce(s) 95 m2,https://www.etreproprio.com/immobilier-22586830-vente-maison-pouldreuzic-3-pieces-95-m2-pouldreuzic
POULDREUZIC,Maison 79m² à pouldreuzic,https://www.etreproprio.com/immobilier-23189240-vente-maison-79m-a-pouldreuzic-pouldreuzic
POULDREUZIC,Maison pouldreuzic 10 pièce(s) 117.67 m2,https://www.etreproprio.com/immobilier-22879756-vente-maison-pouldreuzic-10-pieces-11767-m2-pouldreuzic
POULDREUZIC,Pouldreuzic maison 128 m2,https://www.etreproprio.com/immobilier-20035119-vente-pouldreuzic-maison-128-m2-pouldreuzic
POULLAN-SUR-MER,Maison à proximité de douarnenez - poullan sur mer,https://www.etreproprio.com/immobilier-23882001-vente-maison-a-proximite-de-douarnenez-poullan-sur-mer-poullan-sur-mer
POULLAN-SUR-MER,Maison 125m² à poullan-sur-mer,https://www.etreproprio.com/immobilier-23730353-vente-maison-125m-a-poullan-sur-mer-poullan-sur-mer
POULLAN-SUR-MER,Maison poullan sur mer 2 pièce(s) 198 m2,https://www.etreproprio.com/immobilier-23303088-vente-maison-poullan-sur-mer-2-pieces-198-m2-poullan-sur-mer
POULLAN-SUR-MER,Maison 198m² à poullan-sur-mer,https://www.etreproprio.com/immobilier-22370117-vente-maison-198m-a-poullan-sur-mer-poullan-sur-mer
POULLAN-SUR-MER,A vendre-bretagne-finistère sud- poullan sur mer-grange à rénover – 137 m² environ- terrain de 290 m² environ,https://www.etreproprio.com/immobilier-23594411-vente-a-vendre-bretagne-finistere-sud-poullan-sur-mer-grange-a-renover-137-m-environ-terrain-de-290-m-environ-poullan-sur-mer
POULLAN-SUR-MER,Maison 97m² à poullan-sur-mer,https://www.etreproprio.com/immobilier-23435549-vente-maison-97m-a-poullan-sur-mer-poullan-sur-mer
POULLAN-SUR-MER,A vendre-bretagne-finistère sud-poullan sur mer-maison-6 pièces-double garage-jardin-dépendance,https://www.etreproprio.com/immobilier-22463210-vente-a-vendre-bretagne-finistere-sud-poullan-sur-mer-maison-6-pieces-double-garage-jardin-dependance-poullan-sur-mer
POULLAN-SUR-MER,Maison 150m² à poullan-sur-mer,https://www.etreproprio.com/immobilier-22497732-vente-maison-150m-a-poullan-sur-mer-poullan-sur-mer
POULLAN-SUR-MER,Maison 134m² à poullan-sur-mer,https://www.etreproprio.com/immobilier-22160474-vente-maison-134m-a-poullan-sur-mer-poullan-sur-mer
PONT-L'ABBE,Maison 215m² à pont-l'abbe,https://www.etreproprio.com/immobilier-23238339-vente-maison-215m-a-pont-l-abbe-pont-l-abbe
PONT-L'ABBE,Maison 220m² à pont-l'abbe,https://www.etreproprio.com/immobilier-23233178-vente-maison-220m-a-pont-l-abbe-pont-l-abbe
PONT-L'ABBE,Maison pont l abbe 6 pièce(s) 180 m2,https://www.etreproprio.com/immobilier-23188757-vente-maison-pont-l-abbe-6-pieces-180-m2-pont-l-abbe
PONT-L'ABBE,Maison 180m² à pont-l'abbe,https://www.etreproprio.com/immobilier-22354221-vente-maison-180m-a-pont-l-abbe-pont-l-abbe
PONT-L'ABBE,Maison 189m² à pont-l'abbe,https://www.etreproprio.com/immobilier-23189242-vente-maison-189m-a-pont-l-abbe-pont-l-abbe
PONT-L'ABBE,Maison 430m² à pont-l'abbe,https://www.etreproprio.com/immobilier-23123891-vente-maison-430m-a-pont-l-abbe-pont-l-abbe
PONT-L'ABBE,Pont l'abbé - chalet dans une résidence de loisirs avec piscine,https://www.etreproprio.com/immobilier-23088817-vente-pont-l-abbe-chalet-dans-une-residence-de-loisirs-avec-piscine-pont-l-abbe
PONT-L'ABBE,Maison 53m² à pont-l'abbe,https://www.etreproprio.com/immobilier-23091391-vente-maison-53m-a-pont-l-abbe-pont-l-abbe
PONT-L'ABBE,Pont l'abbé - t4 proche centre ville,https://www.etreproprio.com/immobilier-23030418-vente-pont-l-abbe-t4-proche-centre-ville-pont-l-abbe
PONT-L'ABBE,Maison 78m² à pont-l'abbe,https://www.etreproprio.com/immobilier-23031912-vente-maison-78m-a-pont-l-abbe-pont-l-abbe
PONT-L'ABBE,Pont-l'abbe - centre ville,https://www.etreproprio.com/immobilier-21990800-vente-pont-l-abbe-centre-ville-pont-l-abbe
PONT-L'ABBE,Pont-l'abbe - centre ville,https://www.etreproprio.com/immobilier-22012372-vente-pont-l-abbe-centre-ville-pont-l-abbe
PONT-L'ABBE,Maison en bois pont l'abbe  50 m²,https://www.etreproprio.com/immobilier-23047274-vente-maison-en-bois-pont-l-abbe-50-m-pont-l-abbe
PONT-L'ABBE,Maison 69m² à pont-l'abbe,https://www.etreproprio.com/immobilier-22944003-vente-maison-69m-a-pont-l-abbe-pont-l-abbe
PONT-L'ABBE,Grand potentiel ! centre ville !,https://www.etreproprio.com/immobilier-22919223-vente-grand-potentiel-centre-ville-pont-l-abbe
PONT-L'ABBE,"Emplacement de choix, maison centre-ville 119.46 m2",https://www.etreproprio.com/immobilier-22555346-vente-emplacement-de-choix-maison-centre-ville-11946-m2-pont-l-abbe
PONT-L'ABBE,Pont l'abbé - maison de 140m2 dans un secteur résidentiel,https://www.etreproprio.com/immobilier-22863176-vente-pont-l-abbe-maison-de-140m2-dans-un-secteur-residentiel-pont-l-abbe
PONT-L'ABBE,Maison 140m² à pont-l'abbe,https://www.etreproprio.com/immobilier-22864438-vente-maison-140m-a-pont-l-abbe-pont-l-abbe
PONT-L'ABBE,Pont l'abbe - immeuble en hyper centre.,https://www.etreproprio.com/immobilier-22621171-vente-pont-l-abbe-immeuble-en-hyper-centre-pont-l-abbe
PONT-L'ABBE,Maison pont l'abbé 8 pièces,https://www.etreproprio.com/immobilier-22695667-vente-maison-pont-l-abbe-8-pieces-pont-l-abbe
POULLAOUEN,Parfaite maison de vacances ou primo-accédants,https://www.etreproprio.com/immobilier-23897319-vente-parfaite-maison-de-vacances-ou-primo-accedants-poullaouen
POULLAOUEN,"Poullaouen, centre bourg",https://www.etreproprio.com/immobilier-23860212-vente-poullaouen-centre-bourg-poullaouen
POULLAOUEN,La maison des korrigans,https://www.etreproprio.com/immobilier-23814585-vente-la-maison-des-korrigans-poullaouen
POULLAOUEN,Maison 4 pièces avec jardinet à vendre  poullaouen (29),https://www.etreproprio.com/immobilier-20293770-vente-maison-4-pieces-avec-jardinet-a-vendre-poullaouen-29-poullaouen
PONT-L'ABBE,Cottage et abris de jardin sur terrain individuel dans parc résidentiel privatif,https://www.etreproprio.com/immobilier-21166142-vente-cottage-et-abris-de-jardin-sur-terrain-individuel-dans-parc-residentiel-privatif-pont-l-abbe
PONT-L'ABBE,Jolie longère à pont-l'abbé 160 m2,https://www.etreproprio.com/immobilier-22680686-vente-jolie-longere-a-pont-l-abbe-160-m2-pont-l-abbe
PONT-L'ABBE,Maison 340m² à pont-l'abbe,https://www.etreproprio.com/immobilier-22433417-vente-maison-340m-a-pont-l-abbe-pont-l-abbe
PONT-L'ABBE,Grande maison des années 30/40 rénovée - vue sur la rivière de pont l'abbé,https://www.etreproprio.com/immobilier-20384875-vente-grande-maison-des-annees-3040-renovee-vue-sur-la-riviere-de-pont-l-abbe-pont-l-abbe
PONT-L'ABBE,Maison pont l abbe 7 pièce(s) 189.80 m2,https://www.etreproprio.com/immobilier-22231413-vente-maison-pont-l-abbe-7-pieces-18980-m2-pont-l-abbe
PONT-L'ABBE,Maison 80m² à pont-l'abbe,https://www.etreproprio.com/immobilier-21233339-vente-maison-80m-a-pont-l-abbe-pont-l-abbe
PONT-L'ABBE,Maison pont l abbe 3 pièce(s) 90 m2,https://www.etreproprio.com/immobilier-20307565-vente-maison-pont-l-abbe-3-pieces-90-m2-pont-l-abbe
PONT-L'ABBE,Belle maison traditionnelle proche du centre de pont l'abbe,https://www.etreproprio.com/immobilier-22053281-vente-belle-maison-traditionnelle-proche-du-centre-de-pont-l-abbe-pont-l-abbe
PONT-L'ABBE,Maison 325m² à pont-l'abbe,https://www.etreproprio.com/immobilier-20748558-vente-maison-325m-a-pont-l-abbe-pont-l-abbe
PRIMELIN,Maison / penty primelin,https://www.etreproprio.com/immobilier-23873698-vente-maison-penty-primelin-primelin
PRIMELIN,Maison 78m² à primelin,https://www.etreproprio.com/immobilier-23850406-vente-maison-78m-a-primelin-primelin
PRIMELIN,Maison 181m² à primelin,https://www.etreproprio.com/immobilier-23378474-vente-maison-181m-a-primelin-primelin
PRIMELIN,Maison primelin 4 pièce(s) 91 m2,https://www.etreproprio.com/immobilier-23303070-vente-maison-primelin-4-pieces-91-m2-primelin
PRIMELIN,Maison 91m² à primelin,https://www.etreproprio.com/immobilier-22095855-vente-maison-91m-a-primelin-primelin
PRIMELIN,A vendre-bretagne-finistère sud-primelin-maison 5 pièces-jardin-garage,https://www.etreproprio.com/immobilier-22307359-vente-a-vendre-bretagne-finistere-sud-primelin-maison-5-pieces-jardin-garage-primelin
PRIMELIN,Maison 150m² à primelin,https://www.etreproprio.com/immobilier-21911682-vente-maison-150m-a-primelin-primelin
PRIMELIN,Maison 140m² à primelin,https://www.etreproprio.com/immobilier-19429534-vente-maison-140m-a-primelin-primelin
PRIMELIN,Maison 63m² à primelin,https://www.etreproprio.com/immobilier-18749279-vente-maison-63m-a-primelin-primelin
QUEMENEVEN,Maison quéménéven 6 pièce(s),https://www.etreproprio.com/immobilier-23881461-vente-maison-quemeneven-6-pieces-quemeneven
QUEMENEVEN,Maison 123m² à quemeneven,https://www.etreproprio.com/immobilier-22223727-vente-maison-123m-a-quemeneven-quemeneven
QUEMENEVEN,A vendre charmante longère au calme dans la campagne de quemeneven,https://www.etreproprio.com/immobilier-23771181-vente-a-vendre-charmante-longere-au-calme-dans-la-campagne-de-quemeneven-quemeneven
QUEMENEVEN,Maison à vendre 4 pièces quemeneven (29)- surface habitable 120 m2 sur 3 niveaux- combles aménageables- terrain de 2551 m2-,https://www.etreproprio.com/immobilier-22185491-vente-maison-a-vendre-4-pieces-quemeneven-29-surface-habitable-120-m2-sur-3-niveaux-combles-amenageables-terrain-de-2551-m2-quemeneven
QUERRIEN,Querrien - maison de ville à rénover,https://www.etreproprio.com/immobilier-23817145-vente-querrien-maison-de-ville-a-renover-querrien
QUERRIEN,"Propriété au calme, 202 m2 sur près d'un hectare de terrain, querrien",https://www.etreproprio.com/immobilier-23695725-vente-propriete-au-calme-202-m2-sur-pres-d-un-hectare-de-terrain-querrien-querrien
QUERRIEN,Maison 70m² à querrien,https://www.etreproprio.com/immobilier-23288975-vente-maison-70m-a-querrien-querrien
QUERRIEN,Maison à rénover à querrien.,https://www.etreproprio.com/immobilier-22145922-vente-maison-a-renover-a-querrien-querrien
QUERRIEN,"Querrien, maison à rénover",https://www.etreproprio.com/immobilier-22156993-vente-querrien-maison-a-renover-querrien
QUERRIEN,"Propriété 2 hectares, maison en pierre 159 m2,  étang, dépendances, hangar",https://www.etreproprio.com/immobilier-23204882-vente-propriete-2-hectares-maison-en-pierre-159-m2-etang-dependances-hangar-querrien
QUERRIEN,Belle maison familiale au calme à 10 mn de quimperlé,https://www.etreproprio.com/immobilier-23050991-vente-belle-maison-familiale-au-calme-a-10-mn-de-quimperle-querrien
QUERRIEN,Longère 7 pièces 175 m² à querrien,https://www.etreproprio.com/immobilier-14557713-vente-longere-7-pieces-175-m-a-querrien-querrien
QUERRIEN,Maison 69m² à querrien,https://www.etreproprio.com/immobilier-22741089-vente-maison-69m-a-querrien-querrien
QUIMPER,Maison de charme sur 1152 m² de terrain,https://www.etreproprio.com/immobilier-23902630-vente-maison-de-charme-sur-1152-m-de-terrain-quimper
QUIMPER,Moulin vert maison conptemporaine de 136 m2,https://www.etreproprio.com/immobilier-23902559-vente-moulin-vert-maison-conptemporaine-de-136-m2-quimper
QUIMPER,Maison 133m² à quimper,https://www.etreproprio.com/immobilier-23905445-vente-maison-133m-a-quimper-quimper
QUIMPER,Quimper superbe contemporaine - 224m²,https://www.etreproprio.com/immobilier-23902633-vente-quimper-superbe-contemporaine-224m-quimper
QUIMPER,Sublime annees 50' quartier prise,https://www.etreproprio.com/immobilier-23889477-vente-sublime-annees-50-quartier-prise-quimper
QUIMPER,Département du finistère (29) - quimper - quartier du braden – maison de type 7 de 176 m² habitables - double garage - terrain d,https://www.etreproprio.com/immobilier-23897820-vente-departement-du-finistere-29-quimper-quartier-du-braden-maison-de-type-7-de-176-m-habitables-double-garage-terrain-d-quimper
QUIMPER,Sublime annees 50' quartier prise,https://www.etreproprio.com/immobilier-23888290-vente-sublime-annees-50-quartier-prise-quimper
QUIMPER,Maison 5 pièces - ergué armel,https://www.etreproprio.com/immobilier-23897182-vente-maison-5-pieces-ergue-armel-quimper
QUIMPER,Exclusivite quimper sud,https://www.etreproprio.com/immobilier-23696450-vente-exclusivite-quimper-sud-quimper
QUIMPER,Exclusivite quimper sud,https://www.etreproprio.com/immobilier-23696471-vente-exclusivite-quimper-sud-quimper
QUIMPER,Exclusivite hypercentre,https://www.etreproprio.com/immobilier-23879370-vente-exclusivite-hypercentre-quimper
QUIMPER,Maison 83m² à quimper,https://www.etreproprio.com/immobilier-23882350-vente-maison-83m-a-quimper-quimper
QUIMPER,#549- a vendre - maison neuve 2025 - 135m2 - quimper nord,https://www.etreproprio.com/immobilier-23887059-vente-549-a-vendre-maison-neuve-2025-135m2-quimper-nord-quimper
QUIMPER,Maison 130m² à quimper,https://www.etreproprio.com/immobilier-23884259-vente-maison-130m-a-quimper-quimper
QUIMPER,Maison 99m² à quimper,https://www.etreproprio.com/immobilier-23884579-vente-maison-99m-a-quimper-quimper
QUIMPER,Exclusivite hypercentre,https://www.etreproprio.com/immobilier-23878721-vente-exclusivite-hypercentre-quimper
QUIMPER,Maison 152m² à quimper,https://www.etreproprio.com/immobilier-23882744-vente-maison-152m-a-quimper-quimper
QUIMPER,Quimper - maison familiale - secteur calme,https://www.etreproprio.com/immobilier-22040953-vente-quimper-maison-familiale-secteur-calme-quimper
QUIMPER,Maison quimper est,https://www.etreproprio.com/immobilier-23878722-vente-maison-quimper-est-quimper
QUIMPER,Maison 93m² à quimper,https://www.etreproprio.com/immobilier-23884580-vente-maison-93m-a-quimper-quimper
QUIMPERLE,Maison 121m² à quimperle,https://www.etreproprio.com/immobilier-23883445-vente-maison-121m-a-quimperle-quimperle
QUIMPERLE,Maison en pierre des années 1900  quartier recherché sur les hauteurs de quimperlé,https://www.etreproprio.com/immobilier-23874161-vente-maison-en-pierre-des-annees-1900-quartier-recherche-sur-les-hauteurs-de-quimperle-quimperle
QUIMPERLE,Maison 66m² à quimperlé,https://www.etreproprio.com/immobilier-23840125-vente-maison-66m-a-quimperle-quimperle
QUIMPERLE,Maison lumineuse de 2004   3 chambres  proximité   commerces.,https://www.etreproprio.com/immobilier-23770621-vente-maison-lumineuse-de-2004-3-chambres-proximite-commerces-quimperle
QUIMPERLE,Maison quimperle,https://www.etreproprio.com/immobilier-23768988-vente-maison-quimperle-quimperle
QUIMPERLE,Maison 192m² à quimperlé,https://www.etreproprio.com/immobilier-23762675-vente-maison-192m-a-quimperle-quimperle
QUIMPERLE,Maison 142m² à quimperle,https://www.etreproprio.com/immobilier-23735118-vente-maison-142m-a-quimperle-quimperle
QUIMPERLE,Maison 120m² à quimperle,https://www.etreproprio.com/immobilier-23722648-vente-maison-120m-a-quimperle-quimperle
QUIMPERLE,Maison 200m² à quimperle,https://www.etreproprio.com/immobilier-21861779-vente-maison-200m-a-quimperle-quimperle
QUIMPERLE,Maison à vendre 4 pièces  (29),https://www.etreproprio.com/immobilier-23716110-vente-maison-a-vendre-4-pieces-29-quimperle
QUIMPERLE,Maison 163m² à quimperle,https://www.etreproprio.com/immobilier-23220964-vente-maison-163m-a-quimperle-quimperle
QUIMPERLE,Maison 202m² à quimperle,https://www.etreproprio.com/immobilier-23713758-vente-maison-202m-a-quimperle-quimperle
QUIMPERLE,Maison sur quimperle,https://www.etreproprio.com/immobilier-23705234-vente-maison-sur-quimperle-quimperle
QUIMPERLE,Maison 111m² à quimperle,https://www.etreproprio.com/immobilier-23691479-vente-maison-111m-a-quimperle-quimperle
QUIMPERLE,"Quimperlé, maison lumineuse et agréble",https://www.etreproprio.com/immobilier-23659270-vente-quimperle-maison-lumineuse-et-agreble-quimperle
QUIMPERLE,Maison 126m² à quimperle,https://www.etreproprio.com/immobilier-23670371-vente-maison-126m-a-quimperle-quimperle
QUIMPERLE,Quimperlé maison 4 chambres,https://www.etreproprio.com/immobilier-23659272-vente-quimperle-maison-4-chambres-quimperle
QUIMPERLE,Maison 95m² à quimperle,https://www.etreproprio.com/immobilier-23016046-vente-maison-95m-a-quimperle-quimperle
QUIMPERLE,Maison 197m² à quimperle,https://www.etreproprio.com/immobilier-23582137-vente-maison-197m-a-quimperle-quimperle
QUIMPERLE,Maison 91m² à quimperle,https://www.etreproprio.com/immobilier-23582948-vente-maison-91m-a-quimperle-quimperle
REDENE,Redene - contemporaine de plain-pied,https://www.etreproprio.com/immobilier-23706117-vente-redene-contemporaine-de-plain-pied-redene
REDENE,"Deux maisons, un seul projet : réunir, héberger, accueillir, proche guidel à 5min de l'église",https://www.etreproprio.com/immobilier-23683384-vente-deux-maisons-un-seul-projet-reunir-heberger-accueillir-proche-guidel-a-5min-de-l-eglise-redene
REDENE,Maison 149m² à redene,https://www.etreproprio.com/immobilier-22527782-vente-maison-149m-a-redene-redene
REDENE,En exclusivité ! belle demeure de 150 m2 sur jardin bucolique de 2920 m2,https://www.etreproprio.com/immobilier-23254013-vente-en-exclusivite-belle-demeure-de-150-m2-sur-jardin-bucolique-de-2920-m2-redene
REDENE,Redene - maison proche bourg avec piscine,https://www.etreproprio.com/immobilier-22468161-vente-redene-maison-proche-bourg-avec-piscine-redene
REDENE,Maison 137m² à redene,https://www.etreproprio.com/immobilier-22417588-vente-maison-137m-a-redene-redene
REDENE,Pour les amoureux de la nature maison contemporaine de 5 chambres ....,https://www.etreproprio.com/immobilier-19167063-vente-pour-les-amoureux-de-la-nature-maison-contemporaine-de-5-chambres-redene
REDENE,Bien rare au coeur de redene,https://www.etreproprio.com/immobilier-21183690-vente-bien-rare-au-coeur-de-redene-redene
QUIMPERLE,Quimperle maison 3 chambres bureau et dressing,https://www.etreproprio.com/immobilier-23549832-vente-quimperle-maison-3-chambres-bureau-et-dressing-quimperle
QUIMPERLE,Maison 280m² à quimperle,https://www.etreproprio.com/immobilier-23525223-vente-maison-280m-a-quimperle-quimperle
QUIMPERLE,Maison 161m² à quimperle,https://www.etreproprio.com/immobilier-23490992-vente-maison-161m-a-quimperle-quimperle
QUIMPERLE,Maison quimperle 4 pièces 78 m2 habitables,https://www.etreproprio.com/immobilier-23485282-vente-maison-quimperle-4-pieces-78-m2-habitables-quimperle
QUIMPERLE,Immeuble en centre ville proche de la laïta à quimperlé,https://www.etreproprio.com/immobilier-23466892-vente-immeuble-en-centre-ville-proche-de-la-laita-a-quimperle-quimperle
QUIMPERLE,Confort et espace !,https://www.etreproprio.com/immobilier-23377214-vente-confort-et-espace-quimperle
QUIMPERLE,Maison 165m² à quimperle,https://www.etreproprio.com/immobilier-22238199-vente-maison-165m-a-quimperle-quimperle
QUIMPERLE,Maison de maître et dépendances à quimperlé 235 m2,https://www.etreproprio.com/immobilier-23326423-vente-maison-de-maitre-et-dependances-a-quimperle-235-m2-quimperle
QUIMPERLE,"Proche commodités,charmante maison des années 30, à rénover",https://www.etreproprio.com/immobilier-23332606-vente-proche-commoditescharmante-maison-des-annees-30-a-renover-quimperle
QUIMPERLE,Maison 107m² à quimperlé,https://www.etreproprio.com/immobilier-23277684-vente-maison-107m-a-quimperle-quimperle
QUIMPERLE,Maison 97m² à quimperlé,https://www.etreproprio.com/immobilier-23277683-vente-maison-97m-a-quimperle-quimperle
QUIMPERLE,"Maison au calme, entre bourg et mer , à vendre à quimperlé 7 pièces 156 m2",https://www.etreproprio.com/immobilier-20763027-vente-maison-au-calme-entre-bourg-et-mer-a-vendre-a-quimperle-7-pieces-156-m2-quimperle
QUIMPERLE,Maison 58m² à quimperle,https://www.etreproprio.com/immobilier-23244441-vente-maison-58m-a-quimperle-quimperle
QUIMPERLE,Maison 58m² à quimperlé,https://www.etreproprio.com/immobilier-23228898-vente-maison-58m-a-quimperle-quimperle
QUIMPERLE,A quelques pas de la forêt,https://www.etreproprio.com/immobilier-23201093-vente-a-quelques-pas-de-la-foret-quimperle
QUIMPERLE,Maison 170m² à quimperlé,https://www.etreproprio.com/immobilier-22106428-vente-maison-170m-a-quimperle-quimperle
QUIMPERLE,Maison 177m² à quimperle,https://www.etreproprio.com/immobilier-23166553-vente-maison-177m-a-quimperle-quimperle
QUIMPERLE,Maison 115m² à quimperle,https://www.etreproprio.com/immobilier-23090336-vente-maison-115m-a-quimperle-quimperle
QUIMPERLE,Maison 110m² à quimperle,https://www.etreproprio.com/immobilier-22374596-vente-maison-110m-a-quimperle-quimperle
QUIMPERLE,Maison 195m² à quimperle,https://www.etreproprio.com/immobilier-23058458-vente-maison-195m-a-quimperle-quimperle
QUIMPER,Maison 119m² à quimper,https://www.etreproprio.com/immobilier-23873623-vente-maison-119m-a-quimper-quimper
QUIMPER,Maison 115m² à quimper,https://www.etreproprio.com/immobilier-21428972-vente-maison-115m-a-quimper-quimper
QUIMPER,"Maison plain-pied 3 pièces, jardin 550m², quimper",https://www.etreproprio.com/immobilier-23876441-vente-maison-plain-pied-3-pieces-jardin-550m-quimper-quimper
QUIMPER,"Maison quimper 5 pièce(s) 135,20 m2",https://www.etreproprio.com/immobilier-23861074-vente-maison-quimper-5-pieces-13520-m2-quimper
QUIMPER,Belle maison contemporaine à kerfeunteun,https://www.etreproprio.com/immobilier-23866446-vente-belle-maison-contemporaine-a-kerfeunteun-quimper
QUIMPER,Maison 135m² à quimper,https://www.etreproprio.com/immobilier-23863500-vente-maison-135m-a-quimper-quimper
QUIMPER,Quimper - maison des années 1950,https://www.etreproprio.com/immobilier-23859866-vente-quimper-maison-des-annees-1950-quimper
QUIMPER,Maison 131m² à quimper,https://www.etreproprio.com/immobilier-23473717-vente-maison-131m-a-quimper-quimper
QUIMPER,Quimper - maison des années 1950,https://www.etreproprio.com/immobilier-23859309-vente-quimper-maison-des-annees-1950-quimper
QUIMPER,Belle demeure - maison d'hôtes quimper,https://www.etreproprio.com/immobilier-23853816-vente-belle-demeure-maison-d-hotes-quimper-quimper
QUIMPER,Demeure de prestige quimper,https://www.etreproprio.com/immobilier-23853855-vente-demeure-de-prestige-quimper-quimper
QUIMPER,Belle demeure - maison d'hôtes quimper,https://www.etreproprio.com/immobilier-23853818-vente-belle-demeure-maison-d-hotes-quimper-quimper
QUIMPER,Maison de ville rénovée - centre-ville de quimper,https://www.etreproprio.com/immobilier-23849350-vente-maison-de-ville-renovee-centre-ville-de-quimper-quimper
QUIMPER,Maison années 60 à quimper,https://www.etreproprio.com/immobilier-23849349-vente-maison-annees-60-a-quimper-quimper
QUIMPER,Maison 153m² à quimper,https://www.etreproprio.com/immobilier-23351630-vente-maison-153m-a-quimper-quimper
QUIMPER,"Maison à vendre 7 pièces quimper (29) ossature bois, panneaux solaires sur 12530 m2 de terrain",https://www.etreproprio.com/immobilier-22626536-vente-maison-a-vendre-7-pieces-quimper-29-ossature-bois-panneaux-solaires-sur-12530-m2-de-terrain-quimper
QUIMPER,Maison 7 pièces de 101 m2 à quimper,https://www.etreproprio.com/immobilier-23845354-vente-maison-7-pieces-de-101-m2-a-quimper-quimper
QUIMPER,Maison 121m² à quimper,https://www.etreproprio.com/immobilier-23757480-vente-maison-121m-a-quimper-quimper
QUIMPER,Quimper 5 mn du centre ville - maison 134 m² avec ascenseur,https://www.etreproprio.com/immobilier-23815783-vente-quimper-5-mn-du-centre-ville-maison-134-m-avec-ascenseur-quimper
QUIMPER,"Maison à vendre quimper (29) 4 chambres, 96 m2 sur terrain de 1156 m2 sous sol complet",https://www.etreproprio.com/immobilier-23814849-vente-maison-a-vendre-quimper-29-4-chambres-96-m2-sur-terrain-de-1156-m2-sous-sol-complet-quimper
LE RELECQ-KERHUON,"Maison de ville 1940   vue mer exceptionnelle   100 m2   dpe c secteur recherché du le relecq-kerhuon, proche",https://www.etreproprio.com/immobilier-23906873-vente-maison-de-ville-1940-vue-mer-exceptionnelle-100-m2-dpe-c-secteur-recherche-du-le-relecq-kerhuon-proche-le-relecq-kerhuon
LE RELECQ-KERHUON,Maison t5 bien exposée à le relecq-kerhuon,https://www.etreproprio.com/immobilier-23905987-vente-maison-t5-bien-exposee-a-le-relecq-kerhuon-le-relecq-kerhuon
LE RELECQ-KERHUON,Maison t5 le relecq-kerhuon,https://www.etreproprio.com/immobilier-23900810-vente-maison-t5-le-relecq-kerhuon-le-relecq-kerhuon
LE RELECQ-KERHUON,Le relecq-kerhuon - maison familiale de 112 m2 sur un terrain de 1000 m2,https://www.etreproprio.com/immobilier-23480089-vente-le-relecq-kerhuon-maison-familiale-de-112-m2-sur-un-terrain-de-1000-m2-le-relecq-kerhuon
LE RELECQ-KERHUON,Finistere - le relecq-kerhuon (29480) - a vendre - maison de ville t5 - vue mer imprenable - cave - 2 chambres possible 3 - beau,https://www.etreproprio.com/immobilier-23874862-vente-finistere-le-relecq-kerhuon-29480-a-vendre-maison-de-ville-t5-vue-mer-imprenable-cave-2-chambres-possible-3-beau-le-relecq-kerhuon
LE RELECQ-KERHUON,Le relecq kerhuon maison t5 a vendre dans quartier calme,https://www.etreproprio.com/immobilier-23747174-vente-le-relecq-kerhuon-maison-t5-a-vendre-dans-quartier-calme-le-relecq-kerhuon
LE RELECQ-KERHUON,Maison le relecq kerhuon 4 chambres,https://www.etreproprio.com/immobilier-23870726-vente-maison-le-relecq-kerhuon-4-chambres-le-relecq-kerhuon
LE RELECQ-KERHUON,Le relecq kerhuon - bourg- maison de charme - 5 ch,https://www.etreproprio.com/immobilier-23677464-vente-le-relecq-kerhuon-bourg-maison-de-charme-5-ch-le-relecq-kerhuon
LE RELECQ-KERHUON,Exclusivite maison t5 dans quartier calme,https://www.etreproprio.com/immobilier-23854598-vente-exclusivite-maison-t5-dans-quartier-calme-le-relecq-kerhuon
LE RELECQ-KERHUON,Maison sur la corniche le relecq kerhuon (29),https://www.etreproprio.com/immobilier-23851361-vente-maison-sur-la-corniche-le-relecq-kerhuon-29-le-relecq-kerhuon
LE RELECQ-KERHUON,Maison 100m² à le relecq-kerhuon,https://www.etreproprio.com/immobilier-23850485-vente-maison-100m-a-le-relecq-kerhuon-le-relecq-kerhuon
LE RELECQ-KERHUON,Exclusivite maison annee 1930 le relecq-kerhuon,https://www.etreproprio.com/immobilier-23849030-vente-exclusivite-maison-annee-1930-le-relecq-kerhuon-le-relecq-kerhuon
LE RELECQ-KERHUON,Finistere - le relecq-kerhuon (29480) - a vendre - maison t7 de 180m² -  5/6 chambres - cheminee - terrasse +30m² - non mitoyenn,https://www.etreproprio.com/immobilier-23823284-vente-finistere-le-relecq-kerhuon-29480-a-vendre-maison-t7-de-180m-56-chambres-cheminee-terrasse-30m-non-mitoyenn-le-relecq-kerhuon
LE RELECQ-KERHUON,Maison 108m² à le relecq-kerhuon,https://www.etreproprio.com/immobilier-23394066-vente-maison-108m-a-le-relecq-kerhuon-le-relecq-kerhuon
LE RELECQ-KERHUON,Maison de ville.,https://www.etreproprio.com/immobilier-23283954-vente-maison-de-ville-le-relecq-kerhuon
LE RELECQ-KERHUON,Le relecq-kerhuon - maison à rénover,https://www.etreproprio.com/immobilier-23804382-vente-le-relecq-kerhuon-maison-a-renover-le-relecq-kerhuon
LE RELECQ-KERHUON,Finistere - le relecq-kerhuon (29480) - a vendre - maison - t7 - 6 chambres - idealement situe - fort potentiel - beaux volumes,https://www.etreproprio.com/immobilier-23771179-vente-finistere-le-relecq-kerhuon-29480-a-vendre-maison-t7-6-chambres-idealement-situe-fort-potentiel-beaux-volumes-le-relecq-kerhuon
LE RELECQ-KERHUON,Kerhuon centre bourg,https://www.etreproprio.com/immobilier-23740210-vente-kerhuon-centre-bourg-le-relecq-kerhuon
LE RELECQ-KERHUON,A vendre le relecq kerhuon centre historique maison de ville 152.95m² habitables jardin,https://www.etreproprio.com/immobilier-22942537-vente-a-vendre-le-relecq-kerhuon-centre-historique-maison-de-ville-15295m-habitables-jardin-le-relecq-kerhuon
LE RELECQ-KERHUON,Unique a kerhuon,https://www.etreproprio.com/immobilier-19724775-vente-unique-a-kerhuon-le-relecq-kerhuon
QUIMPERLE,Maison 220m² à quimperle,https://www.etreproprio.com/immobilier-22855022-vente-maison-220m-a-quimperle-quimperle
QUIMPERLE,Maison 180m² à quimperle,https://www.etreproprio.com/immobilier-22766027-vente-maison-180m-a-quimperle-quimperle
QUIMPERLE,Quimperle - ensemble immobilier a renover,https://www.etreproprio.com/immobilier-22719338-vente-quimperle-ensemble-immobilier-a-renover-quimperle
QUIMPERLE,Maison 121m² à quimperlé,https://www.etreproprio.com/immobilier-22688864-vente-maison-121m-a-quimperle-quimperle
QUIMPERLE,Maison 207m² à quimperle,https://www.etreproprio.com/immobilier-21243110-vente-maison-207m-a-quimperle-quimperle
QUIMPERLE,"Propriété de charme, avec longère, dépendances sur 3,5 hectares et rivière",https://www.etreproprio.com/immobilier-22611118-vente-propriete-de-charme-avec-longere-dependances-sur-35-hectares-et-riviere-quimperle
QUIMPERLE,Maison 89m² à quimperle,https://www.etreproprio.com/immobilier-22579841-vente-maison-89m-a-quimperle-quimperle
QUIMPERLE,Maison 153m² à quimperle,https://www.etreproprio.com/immobilier-22549509-vente-maison-153m-a-quimperle-quimperle
QUIMPERLE,Maison 365m² à quimperle,https://www.etreproprio.com/immobilier-22539523-vente-maison-365m-a-quimperle-quimperle
QUIMPERLE,Maison 91m² à quimperlé,https://www.etreproprio.com/immobilier-22494307-vente-maison-91m-a-quimperle-quimperle
QUIMPERLE,"Maison a renover avec gros potentiel - tremeven, proche quimperle",https://www.etreproprio.com/immobilier-22459286-vente-maison-a-renover-avec-gros-potentiel-tremeven-proche-quimperle-quimperle
QUIMPERLE,Maison 71m² à quimperle,https://www.etreproprio.com/immobilier-22454979-vente-maison-71m-a-quimperle-quimperle
QUIMPERLE,Immeuble de centre-ville !,https://www.etreproprio.com/immobilier-22182182-vente-immeuble-de-centre-ville-quimperle
QUIMPERLE,"Maison récente à vendre à quimperlé - 4 chambres, 138 m²",https://www.etreproprio.com/immobilier-21722881-vente-maison-recente-a-vendre-a-quimperle-4-chambres-138-m-quimperle
QUIMPERLE,"Maison à vendre   quimperlé, haute ville   idéal investisseur",https://www.etreproprio.com/immobilier-21365245-vente-maison-a-vendre-quimperle-haute-ville-ideal-investisseur-quimperle
QUIMPER,Maison annees 30' au moulin vert,https://www.etreproprio.com/immobilier-23817629-vente-maison-annees-30-au-moulin-vert-quimper
QUIMPER,Maison volumineuse,https://www.etreproprio.com/immobilier-21417188-vente-maison-volumineuse-quimper
QUIMPER,Maison annees 30' au moulin vert,https://www.etreproprio.com/immobilier-23818229-vente-maison-annees-30-au-moulin-vert-quimper
QUIMPER,"Quimper (frugy) – maison rénovée 165 m² habitable, avec studio indépendant, quartier résidentiel proche universités et commerces",https://www.etreproprio.com/immobilier-23825102-vente-quimper-frugy-maison-renovee-165-m-habitable-avec-studio-independant-quartier-residentiel-proche-universites-et-commerces-quimper
QUIMPER,Maison 85m² à quimper,https://www.etreproprio.com/immobilier-23809848-vente-maison-85m-a-quimper-quimper
QUIMPER,Maison contemporaine lumineuse avec vue campagne,https://www.etreproprio.com/immobilier-22949023-vente-maison-contemporaine-lumineuse-avec-vue-campagne-quimper
QUIMPER,Contemporaine dpe  a à pluguffan,https://www.etreproprio.com/immobilier-23814548-vente-contemporaine-dpe-a-a-pluguffan-quimper
QUIMPER,Élégante maison familiale de 188 m² avec vue sur les flèches de la cathédrale - quimper,https://www.etreproprio.com/immobilier-23800038-vente-elegante-maison-familiale-de-188-m-avec-vue-sur-les-fleches-de-la-cathedrale-quimper-quimper
QUIMPER,Maison 83m² à quimper,https://www.etreproprio.com/immobilier-23799457-vente-maison-83m-a-quimper-quimper
QUIMPER,Maison 144 m² – 3 niveaux – grand potentiel – quimper (10 min centre) – terrain 619 m²,https://www.etreproprio.com/immobilier-23794590-vente-maison-144-m-3-niveaux-grand-potentiel-quimper-10-min-centre-terrain-619-m-quimper
QUIMPER,Maison 93m² à quimper,https://www.etreproprio.com/immobilier-23800399-vente-maison-93m-a-quimper-quimper
QUIMPER,"Immeuble centre quimper immeuble secteur gare de quimper  fort potentiel, 4 logements + 2 garages",https://www.etreproprio.com/immobilier-23801602-vente-immeuble-centre-quimper-immeuble-secteur-gare-de-quimper-fort-potentiel-4-logements-2-garages-quimper
QUIMPER,Exclusivité! maison 7 pièces 200m²,https://www.etreproprio.com/immobilier-23793049-vente-exclusivite-maison-7-pieces-200m-quimper
QUIMPER,Maison 200m² à quimper,https://www.etreproprio.com/immobilier-23791164-vente-maison-200m-a-quimper-quimper
QUIMPER,A vendre  quimper maison 4 chambres jardin hyper centre a pieds,https://www.etreproprio.com/immobilier-23784824-vente-a-vendre-quimper-maison-4-chambres-jardin-hyper-centre-a-pieds-quimper
QUIMPER,Exclusivite frugy prat-maria,https://www.etreproprio.com/immobilier-23775177-vente-exclusivite-frugy-prat-maria-quimper
QUIMPER,Exclusivite frugy prat-maria,https://www.etreproprio.com/immobilier-23775663-vente-exclusivite-frugy-prat-maria-quimper
QUIMPER,Maison 120m² à quimper,https://www.etreproprio.com/immobilier-23579316-vente-maison-120m-a-quimper-quimper
QUIMPER,Maison sur quimper,https://www.etreproprio.com/immobilier-23771170-vente-maison-sur-quimper-quimper
QUIMPER,Maison sur quimper,https://www.etreproprio.com/immobilier-23771171-vente-maison-sur-quimper-quimper
LE RELECQ-KERHUON,Le relecq-kerhuon - belle maison traditionnelle sur sous-sol- non mitoyenne - parfait état,https://www.etreproprio.com/immobilier-23567101-vente-le-relecq-kerhuon-belle-maison-traditionnelle-sur-sous-sol-non-mitoyenne-parfait-etat-le-relecq-kerhuon
LE RELECQ-KERHUON,"Le relecq-kerhuon la corniche, maison t5 vue mer",https://www.etreproprio.com/immobilier-23623097-vente-le-relecq-kerhuon-la-corniche-maison-t5-vue-mer-le-relecq-kerhuon
LE RELECQ-KERHUON,"Le relecq-kerhuon la corniche, maison t5 vue mer",https://www.etreproprio.com/immobilier-23623095-vente-le-relecq-kerhuon-la-corniche-maison-t5-vue-mer-le-relecq-kerhuon
LE RELECQ-KERHUON,Kerhuon centre,https://www.etreproprio.com/immobilier-23565807-vente-kerhuon-centre-le-relecq-kerhuon
LE RELECQ-KERHUON,Propriété d’exception   vue mer panoramique   relecq-kerhuon / la corniche,https://www.etreproprio.com/immobilier-23531835-vente-propriete-d-exception-vue-mer-panoramique-relecq-kerhuon-la-corniche-le-relecq-kerhuon
LE RELECQ-KERHUON,Contemporaine de 2013 le relecq-kerhuon,https://www.etreproprio.com/immobilier-21005516-vente-contemporaine-de-2013-le-relecq-kerhuon-le-relecq-kerhuon
LE RELECQ-KERHUON,Maison contemporaine d'architecte ? vue mer & plage à pied ? le relecq-kerhuon,https://www.etreproprio.com/immobilier-23489463-vente-maison-contemporaine-d-architecte-vue-mer-plage-a-pied-le-relecq-kerhuon-le-relecq-kerhuon
LE RELECQ-KERHUON,À deux pas de la plage,https://www.etreproprio.com/immobilier-21978763-vente-a-deux-pas-de-la-plage-le-relecq-kerhuon
LE RELECQ-KERHUON,Le relecq- kerhuon - maison moderne avec vue mer,https://www.etreproprio.com/immobilier-23323353-vente-le-relecq-kerhuon-maison-moderne-avec-vue-mer-le-relecq-kerhuon
LE RELECQ-KERHUON,Maison le relecq kerhuon,https://www.etreproprio.com/immobilier-23278313-vente-maison-le-relecq-kerhuon-le-relecq-kerhuon
LE RELECQ-KERHUON,Maison de caractère.,https://www.etreproprio.com/immobilier-23032650-vente-maison-de-caractere-le-relecq-kerhuon
LE RELECQ-KERHUON,Grande maison de charme au relecq-kerhuon,https://www.etreproprio.com/immobilier-23427827-vente-grande-maison-de-charme-au-relecq-kerhuon-le-relecq-kerhuon
LE RELECQ-KERHUON,Exclusivite tres jolie maison t5 dans quartier calme,https://www.etreproprio.com/immobilier-23403966-vente-exclusivite-tres-jolie-maison-t5-dans-quartier-calme-le-relecq-kerhuon
LE RELECQ-KERHUON,maison 4 chambres avec vie de plain pied,https://www.etreproprio.com/immobilier-23391788-vente-maison-4-chambres-avec-vie-de-plain-pied-le-relecq-kerhuon
LE RELECQ-KERHUON,Le relecq kerhuon- corniche- vue mer exceptionnelle,https://www.etreproprio.com/immobilier-23371680-vente-le-relecq-kerhuon-corniche-vue-mer-exceptionnelle-le-relecq-kerhuon
LE RELECQ-KERHUON,Maison de charme t5  bord de mer le relecq kerhuon,https://www.etreproprio.com/immobilier-22515541-vente-maison-de-charme-t5-bord-de-mer-le-relecq-kerhuon-le-relecq-kerhuon
LE RELECQ-KERHUON,Exceptionnel le relecq kerhuon - vue mer,https://www.etreproprio.com/immobilier-23160996-vente-exceptionnel-le-relecq-kerhuon-vue-mer-le-relecq-kerhuon
LE RELECQ-KERHUON,Exclusivite - le relecq-kerhuon - proche du bourg - 3 chambres - sous-sol complet,https://www.etreproprio.com/immobilier-22528099-vente-exclusivite-le-relecq-kerhuon-proche-du-bourg-3-chambres-sous-sol-complet-le-relecq-kerhuon
LE RELECQ-KERHUON,Le relecq kerhuon maison t6 de 160 m2 habitables,https://www.etreproprio.com/immobilier-23010383-vente-le-relecq-kerhuon-maison-t6-de-160-m2-habitables-le-relecq-kerhuon
LE RELECQ-KERHUON,Le relecq kerhuon -prox bourg - maison bien tenue,https://www.etreproprio.com/immobilier-22941411-vente-le-relecq-kerhuon-prox-bourg-maison-bien-tenue-le-relecq-kerhuon
RIEC-SUR-BELON,Maison 99m² à riec-sur-belon,https://www.etreproprio.com/immobilier-23574028-vente-maison-99m-a-riec-sur-belon-riec-sur-belon
RIEC-SUR-BELON,"Maison 5 pièces. fort potentiel au coeur de riec-sur-bélon. 110,85 m²",https://www.etreproprio.com/immobilier-23861946-vente-maison-5-pieces-fort-potentiel-au-coeur-de-riec-sur-belon-11085-m-riec-sur-belon
RIEC-SUR-BELON,Maison 103m² à riec-sur-belon,https://www.etreproprio.com/immobilier-23854198-vente-maison-103m-a-riec-sur-belon-riec-sur-belon
RIEC-SUR-BELON,"Riec-sur-belon - maison avec vie de plain pied, proche bourg",https://www.etreproprio.com/immobilier-23826391-vente-riec-sur-belon-maison-avec-vie-de-plain-pied-proche-bourg-riec-sur-belon
RIEC-SUR-BELON,"Riec-sur-belon - au bourg, maison de 87m² avec véranda",https://www.etreproprio.com/immobilier-23826390-vente-riec-sur-belon-au-bourg-maison-de-87m-avec-veranda-riec-sur-belon
RIEC-SUR-BELON,Maison de 5 pièces de 110 m² située à riec-sur-bélon,https://www.etreproprio.com/immobilier-23814628-vente-maison-de-5-pieces-de-110-m-situee-a-riec-sur-belon-riec-sur-belon
RIEC-SUR-BELON,Bel ensemble en pierres à riec sur belon,https://www.etreproprio.com/immobilier-23784262-vente-bel-ensemble-en-pierres-a-riec-sur-belon-riec-sur-belon
RIEC-SUR-BELON,Maison 160m² à riec-sur-belon,https://www.etreproprio.com/immobilier-23389751-vente-maison-160m-a-riec-sur-belon-riec-sur-belon
RIEC-SUR-BELON,Riec-sur-bélon - ensemble immobilier comprenant crêperie + logement,https://www.etreproprio.com/immobilier-23728752-vente-riec-sur-belon-ensemble-immobilier-comprenant-creperie-logement-riec-sur-belon
RIEC-SUR-BELON,Maison 99m² à riec-sur-belon,https://www.etreproprio.com/immobilier-23756379-vente-maison-99m-a-riec-sur-belon-riec-sur-belon
RIEC-SUR-BELON,Maison 140m² à riec-sur-belon,https://www.etreproprio.com/immobilier-23756245-vente-maison-140m-a-riec-sur-belon-riec-sur-belon
RIEC-SUR-BELON,Maison 115m² à riec-sur-belon,https://www.etreproprio.com/immobilier-23124189-vente-maison-115m-a-riec-sur-belon-riec-sur-belon
RIEC-SUR-BELON,Maison 156m² à riec-sur-belon,https://www.etreproprio.com/immobilier-23734888-vente-maison-156m-a-riec-sur-belon-riec-sur-belon
RIEC-SUR-BELON,"Riec-sur-belon - maison 4 chambres, commerces et école à pied",https://www.etreproprio.com/immobilier-23721112-vente-riec-sur-belon-maison-4-chambres-commerces-et-ecole-a-pied-riec-sur-belon
RIEC-SUR-BELON,Maison de ville riec sur belon 4 pièces 95 m2 avec dépendance,https://www.etreproprio.com/immobilier-21679117-vente-maison-de-ville-riec-sur-belon-4-pieces-95-m2-avec-dependance-riec-sur-belon
RIEC-SUR-BELON,Maison 130m² à riec-sur-belon,https://www.etreproprio.com/immobilier-23581324-vente-maison-130m-a-riec-sur-belon-riec-sur-belon
RIEC-SUR-BELON,"Riec sur belon - maison familiale avec véranda, proche bourg",https://www.etreproprio.com/immobilier-23711060-vente-riec-sur-belon-maison-familiale-avec-veranda-proche-bourg-riec-sur-belon
RIEC-SUR-BELON,Maison 106m² à riec-sur-belon,https://www.etreproprio.com/immobilier-23667245-vente-maison-106m-a-riec-sur-belon-riec-sur-belon
RIEC-SUR-BELON,Propriété à vendre à riec sur belon 12 pièces 350 m2 commerces et écoles à pieds,https://www.etreproprio.com/immobilier-23654444-vente-propriete-a-vendre-a-riec-sur-belon-12-pieces-350-m2-commerces-et-ecoles-a-pieds-riec-sur-belon
RIEC-SUR-BELON,"Riec-sur-belon - maison rénovée de 105m², 3 chambres",https://www.etreproprio.com/immobilier-23627275-vente-riec-sur-belon-maison-renovee-de-105m-3-chambres-riec-sur-belon
LE RELECQ-KERHUON,Le relecq kerhuon proche plages vaste maison de 200 m2 a vendre,https://www.etreproprio.com/immobilier-22654481-vente-le-relecq-kerhuon-proche-plages-vaste-maison-de-200-m2-a-vendre-le-relecq-kerhuon
LE RELECQ-KERHUON,Vendue par l'agence contemporaine  plain pied le relecq-kerhuon,https://www.etreproprio.com/immobilier-22407872-vente-vendue-par-l-agence-contemporaine-plain-pied-le-relecq-kerhuon-le-relecq-kerhuon
LE RELECQ-KERHUON,Maison 130m² à le relecq-kerhuon,https://www.etreproprio.com/immobilier-22032080-vente-maison-130m-a-le-relecq-kerhuon-le-relecq-kerhuon
LE RELECQ-KERHUON,Kerhuon coup de coeur assure,https://www.etreproprio.com/immobilier-21978753-vente-kerhuon-coup-de-coeur-assure-le-relecq-kerhuon
LE RELECQ-KERHUON,Kerhuon proximite du lac,https://www.etreproprio.com/immobilier-21978761-vente-kerhuon-proximite-du-lac-le-relecq-kerhuon
LE RELECQ-KERHUON,Emplacement exceptionnel,https://www.etreproprio.com/immobilier-21978758-vente-emplacement-exceptionnel-le-relecq-kerhuon
LE RELECQ-KERHUON,Kerhuon exeptionnelle maison de maitre,https://www.etreproprio.com/immobilier-20945312-vente-kerhuon-exeptionnelle-maison-de-maitre-le-relecq-kerhuon
LE RELECQ-KERHUON,Kerhuon centre,https://www.etreproprio.com/immobilier-20945320-vente-kerhuon-centre-le-relecq-kerhuon
LE RELECQ-KERHUON,Kerhuon  maison sur 1500 m² de terrain,https://www.etreproprio.com/immobilier-20945322-vente-kerhuon-maison-sur-1500-m-de-terrain-le-relecq-kerhuon
LE RELECQ-KERHUON,Exclusivite maison t6  (moulin blanc),https://www.etreproprio.com/immobilier-19544534-vente-exclusivite-maison-t6-moulin-blanc-le-relecq-kerhuon
LE RELECQ-KERHUON,Kerhuon au calme,https://www.etreproprio.com/immobilier-19312038-vente-kerhuon-au-calme-le-relecq-kerhuon
LE RELECQ-KERHUON,Kerhuon centre,https://www.etreproprio.com/immobilier-19034862-vente-kerhuon-centre-le-relecq-kerhuon
LE RELECQ-KERHUON,""" déjà vendu par kerebel immobilier """,https://www.etreproprio.com/immobilier-20326035-vente-deja-vendu-par-kerebel-immobilier-le-relecq-kerhuon
LE RELECQ-KERHUON,Nouveaute au relecq,https://www.etreproprio.com/immobilier-19468820-vente-nouveaute-au-relecq-le-relecq-kerhuon
LE RELECQ-KERHUON,Le relecq kerhuon,https://www.etreproprio.com/immobilier-16140125-vente-le-relecq-kerhuon-le-relecq-kerhuon
QUIMPER,Maison familiale quimper,https://www.etreproprio.com/immobilier-23757220-vente-maison-familiale-quimper-quimper
QUIMPER,L'art déco !,https://www.etreproprio.com/immobilier-23153361-vente-l-art-deco-quimper
QUIMPER,Maison quimper kerfeunteun 140 m²,https://www.etreproprio.com/immobilier-23753849-vente-maison-quimper-kerfeunteun-140-m-quimper
QUIMPER,Maison quimper 5 pièce(s) 98 m2,https://www.etreproprio.com/immobilier-23752501-vente-maison-quimper-5-pieces-98-m2-quimper
QUIMPER,"Une maison pleine de charme, à révéler",https://www.etreproprio.com/immobilier-22658526-vente-une-maison-pleine-de-charme-a-reveler-quimper
QUIMPER,Maison à vendre 4 pièces quimper (29)-83 m2 surface habitable - 3 chambres - avec sous-sol- 1 garage indépendant- jardin- terras,https://www.etreproprio.com/immobilier-22674135-vente-maison-a-vendre-4-pieces-quimper-29-83-m2-surface-habitable-3-chambres-avec-sous-sol-1-garage-independant-jardin-terras-quimper
QUIMPER,Maison 142m² à quimper,https://www.etreproprio.com/immobilier-23742750-vente-maison-142m-a-quimper-quimper
QUIMPER,Maison plain pied quimper,https://www.etreproprio.com/immobilier-23729679-vente-maison-plain-pied-quimper-quimper
QUIMPER,Finistere - quimper (29000) - a vendre - propriete contemporaine de 300 m² sur +2000m² de terrain - piece de vie 100 m² - 4/5 ch,https://www.etreproprio.com/immobilier-23731694-vente-finistere-quimper-29000-a-vendre-propriete-contemporaine-de-300-m-sur-2000m-de-terrain-piece-de-vie-100-m-45-ch-quimper
QUIMPER,Maison 110m² à quimper,https://www.etreproprio.com/immobilier-23723989-vente-maison-110m-a-quimper-quimper
QUIMPER,La plain-pied  !,https://www.etreproprio.com/immobilier-23722780-vente-la-plain-pied-quimper
QUIMPER,Maison 170m² à quimper,https://www.etreproprio.com/immobilier-23724896-vente-maison-170m-a-quimper-quimper
QUIMPER,Villa d'exception quimper,https://www.etreproprio.com/immobilier-23701676-vente-villa-d-exception-quimper-quimper
QUIMPER,Maison 124m² à quimper,https://www.etreproprio.com/immobilier-23704018-vente-maison-124m-a-quimper-quimper
QUIMPER,Quimper centre ville loft,https://www.etreproprio.com/immobilier-23696449-vente-quimper-centre-ville-loft-quimper
QUIMPER,Quimper centre ville loft,https://www.etreproprio.com/immobilier-23696470-vente-quimper-centre-ville-loft-quimper
QUIMPER,Maison 147m² à quimper,https://www.etreproprio.com/immobilier-23702376-vente-maison-147m-a-quimper-quimper
QUIMPER,Maison années 30 - centre-ville à pieds,https://www.etreproprio.com/immobilier-23701677-vente-maison-annees-30-centre-ville-a-pieds-quimper
QUIMPER,Quimper cap horn maison 5 pièce(s) 106 m2,https://www.etreproprio.com/immobilier-23063897-vente-quimper-cap-horn-maison-5-pieces-106-m2-quimper
QUIMPER,"Exclusivité – maison familiale 4 chambres, quartier du moulin vert – quimper",https://www.etreproprio.com/immobilier-23695433-vente-exclusivite-maison-familiale-4-chambres-quartier-du-moulin-vert-quimper-quimper
RIEC-SUR-BELON,Ensemble de maisons de caractère - riec sur belon 10 pièce(s) 245 m2,https://www.etreproprio.com/immobilier-23626257-vente-ensemble-de-maisons-de-caractere-riec-sur-belon-10-pieces-245-m2-riec-sur-belon
RIEC-SUR-BELON,"Maison riec-sur-belon , 130 m2",https://www.etreproprio.com/immobilier-22071326-vente-maison-riec-sur-belon-130-m2-riec-sur-belon
RIEC-SUR-BELON,"Riec-sur-belon - maison de 230m², près de l'aven et ses sentiers côtiers",https://www.etreproprio.com/immobilier-22618699-vente-riec-sur-belon-maison-de-230m-pres-de-l-aven-et-ses-sentiers-cotiers-riec-sur-belon
RIEC-SUR-BELON,"Riec-sur-belon - maison de 230m², près de l'aven et ses sentiers côtiers",https://www.etreproprio.com/immobilier-23567035-vente-riec-sur-belon-maison-de-230m-pres-de-l-aven-et-ses-sentiers-cotiers-riec-sur-belon
RIEC-SUR-BELON,Proche des rias !,https://www.etreproprio.com/immobilier-22223088-vente-proche-des-rias-riec-sur-belon
RIEC-SUR-BELON,Corps de ferme rénové 4 chambres à riec sur belon,https://www.etreproprio.com/immobilier-23255560-vente-corps-de-ferme-renove-4-chambres-a-riec-sur-belon-riec-sur-belon
RIEC-SUR-BELON,Maison 350m² à riec-sur-belon,https://www.etreproprio.com/immobilier-21323355-vente-maison-350m-a-riec-sur-belon-riec-sur-belon
RIEC-SUR-BELON,"Riec-sur-bélon - propriété rénovée de 350m², terrain constructible",https://www.etreproprio.com/immobilier-23511966-vente-riec-sur-belon-propriete-renovee-de-350m-terrain-constructible-riec-sur-belon
RIEC-SUR-BELON,Riec sur belon,https://www.etreproprio.com/immobilier-22439075-vente-riec-sur-belon-riec-sur-belon
RIEC-SUR-BELON,Propriété de caractère avec gîtes à riec sur belon,https://www.etreproprio.com/immobilier-22504889-vente-propriete-de-caractere-avec-gites-a-riec-sur-belon-riec-sur-belon
RIEC-SUR-BELON,Maison récente  de 2023- finistère sud avec 3 chambres,https://www.etreproprio.com/immobilier-23494200-vente-maison-recente-de-2023-finistere-sud-avec-3-chambres-riec-sur-belon
RIEC-SUR-BELON,Maison 61m² à riec-sur-belon,https://www.etreproprio.com/immobilier-23448109-vente-maison-61m-a-riec-sur-belon-riec-sur-belon
RIEC-SUR-BELON,A vendre riec sur belon (29340) ensemble de 2 chaumières 11 pièces 3 chambres 275 m2,https://www.etreproprio.com/immobilier-23428080-vente-a-vendre-riec-sur-belon-29340-ensemble-de-2-chaumieres-11-pieces-3-chambres-275-m2-riec-sur-belon
RIEC-SUR-BELON,A vendre riec sur belon (29340) maison 5 pièces 3 chambres 138 m2,https://www.etreproprio.com/immobilier-22537884-vente-a-vendre-riec-sur-belon-29340-maison-5-pieces-3-chambres-138-m2-riec-sur-belon
RIEC-SUR-BELON,"Riec-sur-belon - maison de 160m², terrain constructible de 1350m²",https://www.etreproprio.com/immobilier-22592687-vente-riec-sur-belon-maison-de-160m-terrain-constructible-de-1350m-riec-sur-belon
RIEC-SUR-BELON,Maison 320m² à riec-sur-bélon,https://www.etreproprio.com/immobilier-23300399-vente-maison-320m-a-riec-sur-belon-riec-sur-belon
RIEC-SUR-BELON,A vendre riec sur belon (29340) maison 5 pièces 2 chambres 83 m2,https://www.etreproprio.com/immobilier-23262660-vente-a-vendre-riec-sur-belon-29340-maison-5-pieces-2-chambres-83-m2-riec-sur-belon
RIEC-SUR-BELON,Maison 125m² à riec-sur-belon,https://www.etreproprio.com/immobilier-22460949-vente-maison-125m-a-riec-sur-belon-riec-sur-belon
RIEC-SUR-BELON,A vendre riec sur belon (29340) maison 7 pièces 4 chambres 124 m2,https://www.etreproprio.com/immobilier-22532243-vente-a-vendre-riec-sur-belon-29340-maison-7-pieces-4-chambres-124-m2-riec-sur-belon
RIEC-SUR-BELON,Maison 95m² à riec-sur-belon,https://www.etreproprio.com/immobilier-22874781-vente-maison-95m-a-riec-sur-belon-riec-sur-belon
QUIMPER,Maison 120m² à quimper,https://www.etreproprio.com/immobilier-23679625-vente-maison-120m-a-quimper-quimper
QUIMPER,Maison 240m² à quimper,https://www.etreproprio.com/immobilier-23678581-vente-maison-240m-a-quimper-quimper
QUIMPER,Maison contemporaine de plain pied quimper sud,https://www.etreproprio.com/immobilier-23678414-vente-maison-contemporaine-de-plain-pied-quimper-sud-quimper
QUIMPER,Maison 93m² à quimper,https://www.etreproprio.com/immobilier-23600928-vente-maison-93m-a-quimper-quimper
QUIMPER,Maison 134m² à quimper,https://www.etreproprio.com/immobilier-22275249-vente-maison-134m-a-quimper-quimper
QUIMPER,Maison des années 60 renovée,https://www.etreproprio.com/immobilier-23659342-vente-maison-des-annees-60-renovee-quimper
QUIMPER,Maison 117m² à quimper,https://www.etreproprio.com/immobilier-23649259-vente-maison-117m-a-quimper-quimper
QUIMPER,Vente maison quimper(29000) 358 000ï¿œ,https://www.etreproprio.com/immobilier-23645676-vente-vente-maison-quimper29000-358-000i-oe-quimper
QUIMPER,Quimper   charmante néo bretonne t6 avec jardin et sous-sol complet,https://www.etreproprio.com/immobilier-23184561-vente-quimper-charmante-neo-bretonne-t6-avec-jardin-et-sous-sol-complet-quimper
QUIMPER,Quimper belle néobretonne t6 sur sous-sol,https://www.etreproprio.com/immobilier-22941463-vente-quimper-belle-neobretonne-t6-sur-sous-sol-quimper
QUIMPER,Maison 172m² à quimper,https://www.etreproprio.com/immobilier-21732764-vente-maison-172m-a-quimper-quimper
QUIMPER,L'indépendante !,https://www.etreproprio.com/immobilier-23638007-vente-l-independante-quimper
QUIMPER,Maison 3 chambres à kerlagatu,https://www.etreproprio.com/immobilier-23643128-vente-maison-3-chambres-a-kerlagatu-quimper
QUIMPER,Maison 110m² à quimper,https://www.etreproprio.com/immobilier-23449108-vente-maison-110m-a-quimper-quimper
QUIMPER,Maison 4 chambres de charme avec grand terrain au calme .,https://www.etreproprio.com/immobilier-23632205-vente-maison-4-chambres-de-charme-avec-grand-terrain-au-calme-quimper
QUIMPER,Maison 100m² à quimper,https://www.etreproprio.com/immobilier-23621563-vente-maison-100m-a-quimper-quimper
QUIMPER,A vendre quimper nord longere 116 m2 et 1000 m2 terrain en campagne,https://www.etreproprio.com/immobilier-22911019-vente-a-vendre-quimper-nord-longere-116-m2-et-1000-m2-terrain-en-campagne-quimper
QUIMPER,A vendre maison quimper  hyper centre 2 chambres et jardin,https://www.etreproprio.com/immobilier-22386965-vente-a-vendre-maison-quimper-hyper-centre-2-chambres-et-jardin-quimper
QUIMPER,A vendre  quimper ouest maison d'architecte 200m2 5 chambres,https://www.etreproprio.com/immobilier-23277817-vente-a-vendre-quimper-ouest-maison-d-architecte-200m2-5-chambres-quimper
QUIMPER,Maison familiale quimper,https://www.etreproprio.com/immobilier-23600488-vente-maison-familiale-quimper-quimper
RIEC-SUR-BELON,Maison 93m² à riec-sur-belon,https://www.etreproprio.com/immobilier-22968897-vente-maison-93m-a-riec-sur-belon-riec-sur-belon
RIEC-SUR-BELON,Riec sur belon - maison avec local commercial de 205m²,https://www.etreproprio.com/immobilier-22937057-vente-riec-sur-belon-maison-avec-local-commercial-de-205m-riec-sur-belon
RIEC-SUR-BELON,Maison et local commercial à riec sur belon 8 pièces 172 m2,https://www.etreproprio.com/immobilier-22037974-vente-maison-et-local-commercial-a-riec-sur-belon-8-pieces-172-m2-riec-sur-belon
RIEC-SUR-BELON,Maison 71m² à riec-sur-belon,https://www.etreproprio.com/immobilier-22896634-vente-maison-71m-a-riec-sur-belon-riec-sur-belon
RIEC-SUR-BELON,Maison 130m² à riec-sur-belon,https://www.etreproprio.com/immobilier-22896632-vente-maison-130m-a-riec-sur-belon-riec-sur-belon
RIEC-SUR-BELON,A vendre riec sur belon (29340) maison 5 pièces 3 chambres 73 m2,https://www.etreproprio.com/immobilier-22890924-vente-a-vendre-riec-sur-belon-29340-maison-5-pieces-3-chambres-73-m2-riec-sur-belon
RIEC-SUR-BELON,Propriété vue imprenable,https://www.etreproprio.com/immobilier-21969477-vente-propriete-vue-imprenable-riec-sur-belon
RIEC-SUR-BELON,Maison 5 pièces avec vue imprenable sur le belon,https://www.etreproprio.com/immobilier-22003653-vente-maison-5-pieces-avec-vue-imprenable-sur-le-belon-riec-sur-belon
RIEC-SUR-BELON,Un incroyable ensemble immobilier dominant la ria.,https://www.etreproprio.com/immobilier-22683367-vente-un-incroyable-ensemble-immobilier-dominant-la-ria-riec-sur-belon
RIEC-SUR-BELON,Maison 79m² à riec-sur-belon,https://www.etreproprio.com/immobilier-22682352-vente-maison-79m-a-riec-sur-belon-riec-sur-belon
RIEC-SUR-BELON,Riec-sur-belon - propriété de charme sur un terrain de 3600m²,https://www.etreproprio.com/immobilier-22642869-vente-riec-sur-belon-propriete-de-charme-sur-un-terrain-de-3600m-riec-sur-belon
RIEC-SUR-BELON,A vendre riec sur belon (29340) maison à rénover 6 pièces 126 m2,https://www.etreproprio.com/immobilier-22543111-vente-a-vendre-riec-sur-belon-29340-maison-a-renover-6-pieces-126-m2-riec-sur-belon
RIEC-SUR-BELON,"Riec-sur-bélon - maison familiale au calme, 4500m² de terrain",https://www.etreproprio.com/immobilier-22496474-vente-riec-sur-belon-maison-familiale-au-calme-4500m-de-terrain-riec-sur-belon
RIEC-SUR-BELON,Maison 145m² à riec-sur-belon,https://www.etreproprio.com/immobilier-22246506-vente-maison-145m-a-riec-sur-belon-riec-sur-belon
RIEC-SUR-BELON,A vendre riec sur belon (29340) maison 5 pièces 2 chambres 94 m2,https://www.etreproprio.com/immobilier-21311333-vente-a-vendre-riec-sur-belon-29340-maison-5-pieces-2-chambres-94-m2-riec-sur-belon
RIEC-SUR-BELON,Riec-sur-bélon - maison familiale de 175m²,https://www.etreproprio.com/immobilier-22263240-vente-riec-sur-belon-maison-familiale-de-175m-riec-sur-belon
RIEC-SUR-BELON,A vendre riec sur belon (29340) maison à rénover 5 pièces 3 chambres 80 m2,https://www.etreproprio.com/immobilier-22049162-vente-a-vendre-riec-sur-belon-29340-maison-a-renover-5-pieces-3-chambres-80-m2-riec-sur-belon
RIEC-SUR-BELON,Maison 150m² à riec-sur-belon,https://www.etreproprio.com/immobilier-21810430-vente-maison-150m-a-riec-sur-belon-riec-sur-belon
RIEC-SUR-BELON,"Manoir, maison d'habitation et dépendance à riec-sur-bélon",https://www.etreproprio.com/immobilier-20763026-vente-manoir-maison-d-habitation-et-dependance-a-riec-sur-belon-riec-sur-belon
RIEC-SUR-BELON,Viager  riec-sur-bélon - maison proche rivière !,https://www.etreproprio.com/immobilier-17397143-vente-viager-riec-sur-belon-maison-proche-riviere-riec-sur-belon
LA ROCHE-MAURICE,Belle maison t7 entièrement rénovée de 147 m2,https://www.etreproprio.com/immobilier-23867231-vente-belle-maison-t7-entierement-renovee-de-147-m2-la-roche-maurice
LA ROCHE-MAURICE,Maison 141m² à la roche-maurice,https://www.etreproprio.com/immobilier-23818175-vente-maison-141m-a-la-roche-maurice-la-roche-maurice
LA ROCHE-MAURICE,Maison 97m² à la roche-maurice,https://www.etreproprio.com/immobilier-22498868-vente-maison-97m-a-la-roche-maurice-la-roche-maurice
LA ROCHE-MAURICE,Maison 59m² à la roche-maurice,https://www.etreproprio.com/immobilier-22047025-vente-maison-59m-a-la-roche-maurice-la-roche-maurice
ROSCANVEL,Maison 4 pièces 119m²  roscanvel,https://www.etreproprio.com/immobilier-23901456-vente-maison-4-pieces-119m-roscanvel-roscanvel
ROSCANVEL,"À vendre   belle maison familiale à roscanvel, proche bourg et mer",https://www.etreproprio.com/immobilier-23834781-vente-a-vendre-belle-maison-familiale-a-roscanvel-proche-bourg-et-mer-roscanvel
ROSCANVEL,"Roscanvel  maison familiale avec vue mer, calme absolu, dans cadre marin",https://www.etreproprio.com/immobilier-23758440-vente-roscanvel-maison-familiale-avec-vue-mer-calme-absolu-dans-cadre-marin-roscanvel
ROSCANVEL,Maison à vendre 4 pièces roscanvel (29),https://www.etreproprio.com/immobilier-20957707-vente-maison-a-vendre-4-pieces-roscanvel-29-roscanvel
ROSCANVEL,Maison de plain-pied  confort et sérénité à roscanvel,https://www.etreproprio.com/immobilier-23725234-vente-maison-de-plain-pied-confort-et-serenite-a-roscanvel-roscanvel
ROSCANVEL,Maison de plain-pied avec vue mer panoramique  à deux pas du littoral !,https://www.etreproprio.com/immobilier-23725243-vente-maison-de-plain-pied-avec-vue-mer-panoramique-a-deux-pas-du-littoral-roscanvel
ROSCANVEL,Maison 90m² à roscanvel,https://www.etreproprio.com/immobilier-23558410-vente-maison-90m-a-roscanvel-roscanvel
ROSCANVEL,Exceptionnel : maison moderne 375 m2 avec piscine et cinéma,https://www.etreproprio.com/immobilier-22227824-vente-exceptionnel-maison-moderne-375-m2-avec-piscine-et-cinema-roscanvel
ROSCANVEL,Maison 375m² à roscanvel,https://www.etreproprio.com/immobilier-22061366-vente-maison-375m-a-roscanvel-roscanvel
ROSCANVEL,Maison à vendre 5 pièces roscanvel (29),https://www.etreproprio.com/immobilier-21039551-vente-maison-a-vendre-5-pieces-roscanvel-29-roscanvel
ROSCANVEL,Finistère (29) - presqu'île de crozon  roscanvel  maison vue mer  plain-pied,https://www.etreproprio.com/immobilier-23511850-vente-finistere-29-presqu-ile-de-crozon-roscanvel-maison-vue-mer-plain-pied-roscanvel
ROSCANVEL,Contemporaine 2004 plain pied roscanvel vue mer,https://www.etreproprio.com/immobilier-23186861-vente-contemporaine-2004-plain-pied-roscanvel-vue-mer-roscanvel
ROSCANVEL,"Dpt finistère (29), à vendre roscanvel maison p6",https://www.etreproprio.com/immobilier-22940137-vente-dpt-finistere-29-a-vendre-roscanvel-maison-p6-roscanvel
ROSCANVEL,Roscanvel – maison traditionnelle avec vue mer,https://www.etreproprio.com/immobilier-23343968-vente-roscanvel-maison-traditionnelle-avec-vue-mer-roscanvel
ROSCANVEL,"Charmante néo-bretonne à roscanvel   calme, nature et proximité de la mer",https://www.etreproprio.com/immobilier-23312617-vente-charmante-neo-bretonne-a-roscanvel-calme-nature-et-proximite-de-la-mer-roscanvel
ROSCANVEL,Maison familiale à rénover vue mer à roscanvel (29),https://www.etreproprio.com/immobilier-23053436-vente-maison-familiale-a-renover-vue-mer-a-roscanvel-29-roscanvel
ROSCANVEL,Roscanvel - exceptionnelle maison néo-bretonne avec vue mer panoramique,https://www.etreproprio.com/immobilier-22525029-vente-roscanvel-exceptionnelle-maison-neo-bretonne-avec-vue-mer-panoramique-roscanvel
ROSCANVEL,Maison à vendre 8 pièces roscanvel (29),https://www.etreproprio.com/immobilier-22737404-vente-maison-a-vendre-8-pieces-roscanvel-29-roscanvel
ROSCANVEL,Maison à vendre 8 pièces roscanvel (29),https://www.etreproprio.com/immobilier-23139251-vente-maison-a-vendre-8-pieces-roscanvel-29-roscanvel
ROSCANVEL,Maison en pierre au calme avec potentiel   roscanvel,https://www.etreproprio.com/immobilier-23128720-vente-maison-en-pierre-au-calme-avec-potentiel-roscanvel-roscanvel
QUIMPER,Maison 113m² à quimper,https://www.etreproprio.com/immobilier-23602975-vente-maison-113m-a-quimper-quimper
QUIMPER,Maison 90m² à quimper,https://www.etreproprio.com/immobilier-22715693-vente-maison-90m-a-quimper-quimper
QUIMPER,"Maison 3 chambres  quartier ergué-armel, quimper",https://www.etreproprio.com/immobilier-23571032-vente-maison-3-chambres-quartier-ergue-armel-quimper-quimper
QUIMPER,Maison 80m² à quimper,https://www.etreproprio.com/immobilier-22039571-vente-maison-80m-a-quimper-quimper
QUIMPER,Maison 80m² à quimper,https://www.etreproprio.com/immobilier-23558484-vente-maison-80m-a-quimper-quimper
QUIMPER,Maison 135m² à quimper,https://www.etreproprio.com/immobilier-23307331-vente-maison-135m-a-quimper-quimper
QUIMPER,Quimper quartier le tourelle – maison 5 chambres - vie de plain pied - 150 m² habitable / 250 m² utile - terrain 708 m²,https://www.etreproprio.com/immobilier-23546557-vente-quimper-quartier-le-tourelle-maison-5-chambres-vie-de-plain-pied-150-m-habitable-250-m-utile-terrain-708-m-quimper
QUIMPER,Contemporaine d'architecte sur quimper sud,https://www.etreproprio.com/immobilier-23543603-vente-contemporaine-d-architecte-sur-quimper-sud-quimper
QUIMPER,Maison quimper 6 pièce(s) 128 m2,https://www.etreproprio.com/immobilier-23535924-vente-maison-quimper-6-pieces-128-m2-quimper
QUIMPER,Maison 74m² à quimper,https://www.etreproprio.com/immobilier-23536511-vente-maison-74m-a-quimper-quimper
QUIMPER,Maison 135m² à quimper,https://www.etreproprio.com/immobilier-22766083-vente-maison-135m-a-quimper-quimper
QUIMPER,Maison quimper 6 pièce(s) 109 m2,https://www.etreproprio.com/immobilier-23534816-vente-maison-quimper-6-pieces-109-m2-quimper
QUIMPER,Maison 80m² à quimper,https://www.etreproprio.com/immobilier-23526668-vente-maison-80m-a-quimper-quimper
QUIMPER,Quimper - maison 120 m² - proximite centre ville,https://www.etreproprio.com/immobilier-23511824-vente-quimper-maison-120-m-proximite-centre-ville-quimper
QUIMPER,Superbe contemporaine de plain-pied,https://www.etreproprio.com/immobilier-22675398-vente-superbe-contemporaine-de-plain-pied-quimper
QUIMPER,Belle longère en pierre quimper nord,https://www.etreproprio.com/immobilier-23156923-vente-belle-longere-en-pierre-quimper-nord-quimper
QUIMPER,Maison quimper,https://www.etreproprio.com/immobilier-23481773-vente-maison-quimper-quimper
QUIMPER,Maison familiale kerfeunteun,https://www.etreproprio.com/immobilier-23478421-vente-maison-familiale-kerfeunteun-quimper
QUIMPER,Maison 125m² à quimper,https://www.etreproprio.com/immobilier-23447206-vente-maison-125m-a-quimper-quimper
QUIMPER,Maison quimper 4 chambres 106 m2,https://www.etreproprio.com/immobilier-23457207-vente-maison-quimper-4-chambres-106-m2-quimper
ROSCOFF,Finistere - roscoff (29680) - a vendre - maison t3 de charme - espace de vie en rez de jardin - veranda - terrain 150 m² - aucun,https://www.etreproprio.com/immobilier-23813051-vente-finistere-roscoff-29680-a-vendre-maison-t3-de-charme-espace-de-vie-en-rez-de-jardin-veranda-terrain-150-m-aucun-roscoff
ROSCOFF,"Maison à vendre à roscoff – 126 m², proche mer et port de plaisance",https://www.etreproprio.com/immobilier-23787086-vente-maison-a-vendre-a-roscoff-126-m-proche-mer-et-port-de-plaisance-roscoff
ROSCOFF,Finistere - roscoff (29680) - a vendre - maison t6 de +150m² avec 3/5 chambres - terrain 350m² environ - garage et stationnement,https://www.etreproprio.com/immobilier-23747587-vente-finistere-roscoff-29680-a-vendre-maison-t6-de-150m-avec-35-chambres-terrain-350m-environ-garage-et-stationnement-roscoff
ROSCOFF,Maison 126m² à roscoff,https://www.etreproprio.com/immobilier-23640086-vente-maison-126m-a-roscoff-roscoff
ROSCOFF,Maison roscoff contemporaine,https://www.etreproprio.com/immobilier-23659850-vente-maison-roscoff-contemporaine-roscoff
ROSCOFF,Maison 112m² à roscoff,https://www.etreproprio.com/immobilier-23690384-vente-maison-112m-a-roscoff-roscoff
ROSCOFF,Roscoff : maison familiale de 6 chambres pour 143m² avec garage et jardin,https://www.etreproprio.com/immobilier-23693842-vente-roscoff-maison-familiale-de-6-chambres-pour-143m-avec-garage-et-jardin-roscoff
ROSCOFF,Maison 176m² à roscoff,https://www.etreproprio.com/immobilier-22450985-vente-maison-176m-a-roscoff-roscoff
ROSCOFF,Roscoff : perharidy maison 5 pièces - vie de plain pied et accès plage - jardin clos,https://www.etreproprio.com/immobilier-23585030-vente-roscoff-perharidy-maison-5-pieces-vie-de-plain-pied-et-acces-plage-jardin-clos-roscoff
ROSCOFF,"Roscoff, maison contemporaine vue sur mer",https://www.etreproprio.com/immobilier-23565519-vente-roscoff-maison-contemporaine-vue-sur-mer-roscoff
ROSCOFF,Maison roscoff 4 pièce(s) 106 m2,https://www.etreproprio.com/immobilier-23557410-vente-maison-roscoff-4-pieces-106-m2-roscoff
ROSCOFF,Maison 90m² à roscoff,https://www.etreproprio.com/immobilier-22588327-vente-maison-90m-a-roscoff-roscoff
ROSCOFF,Roscoff : maison familiale de 6 pièces avec garage et jardin,https://www.etreproprio.com/immobilier-22499871-vente-roscoff-maison-familiale-de-6-pieces-avec-garage-et-jardin-roscoff
ROSCOFF,Maison 203m² à roscoff,https://www.etreproprio.com/immobilier-23135500-vente-maison-203m-a-roscoff-roscoff
ROSCOFF,Maison 100m² à roscoff,https://www.etreproprio.com/immobilier-23239896-vente-maison-100m-a-roscoff-roscoff
ROSCOFF,Maison roscoff 6 pièce(s) 127 m2 avec piscine,https://www.etreproprio.com/immobilier-21670732-vente-maison-roscoff-6-pieces-127-m2-avec-piscine-roscoff
ROSCOFF,Maison 100m² à roscoff,https://www.etreproprio.com/immobilier-23167531-vente-maison-100m-a-roscoff-roscoff
ROSCOFF,Maison 175m² à roscoff,https://www.etreproprio.com/immobilier-22653672-vente-maison-175m-a-roscoff-roscoff
ROSCOFF,Maison 64m² à roscoff,https://www.etreproprio.com/immobilier-22983409-vente-maison-64m-a-roscoff-roscoff
ROSCOFF,Maison 100m² à roscoff,https://www.etreproprio.com/immobilier-22956941-vente-maison-100m-a-roscoff-roscoff
ROSCANVEL,Maison à vendre 7 pièces roscanvel (29),https://www.etreproprio.com/immobilier-23107057-vente-maison-a-vendre-7-pieces-roscanvel-29-roscanvel
ROSCANVEL,Propriété avec vue sur mer et accès direct au rivage,https://www.etreproprio.com/immobilier-22097386-vente-propriete-avec-vue-sur-mer-et-acces-direct-au-rivage-roscanvel
ROSCANVEL,Maison 115m² à roscanvel,https://www.etreproprio.com/immobilier-22938129-vente-maison-115m-a-roscanvel-roscanvel
ROSCANVEL,Maison 163m² à roscanvel,https://www.etreproprio.com/immobilier-22232967-vente-maison-163m-a-roscanvel-roscanvel
ROSCANVEL,"Exceptionnel sur le gr34 - maison d'habitation, gîte, chambres d'hôtes et salle de restauration",https://www.etreproprio.com/immobilier-22590202-vente-exceptionnel-sur-le-gr34-maison-d-habitation-gite-chambres-d-hotes-et-salle-de-restauration-roscanvel
ROSCANVEL,Maison récente située dans un cadre verdoyant,https://www.etreproprio.com/immobilier-22112312-vente-maison-recente-situee-dans-un-cadre-verdoyant-roscanvel
ROSCANVEL,"Dpt finistère (29), à vendre roscanvel maison p4",https://www.etreproprio.com/immobilier-22043497-vente-dpt-finistere-29-a-vendre-roscanvel-maison-p4-roscanvel
ROSCANVEL,Charmante maison traditionnelle roscanvel,https://www.etreproprio.com/immobilier-17215371-vente-charmante-maison-traditionnelle-roscanvel-roscanvel
ROSCOFF,Maison 149m² à roscoff,https://www.etreproprio.com/immobilier-22942384-vente-maison-149m-a-roscoff-roscoff
ROSCOFF,Maison 52m² à roscoff,https://www.etreproprio.com/immobilier-22930569-vente-maison-52m-a-roscoff-roscoff
ROSCOFF,Charmante maison de famille de 10 pièces - roscoff perharidy - terrain de 3500m²,https://www.etreproprio.com/immobilier-22370964-vente-charmante-maison-de-famille-de-10-pieces-roscoff-perharidy-terrain-de-3500m-roscoff
ROSCOFF,Maison 118m² à roscoff,https://www.etreproprio.com/immobilier-22362026-vente-maison-118m-a-roscoff-roscoff
ROSCOFF,Vente : maison 3 pièces (64.6 m²) à roscoff,https://www.etreproprio.com/immobilier-22528800-vente-vente-maison-3-pieces-646-m-a-roscoff-roscoff
ROSCOFF,Maison roscoff 5 pièce(s) 102 m2,https://www.etreproprio.com/immobilier-20050470-vente-maison-roscoff-5-pieces-102-m2-roscoff
ROSCOFF,Propriété en pierre de 160m2 à vendre à roscoff.,https://www.etreproprio.com/immobilier-22211284-vente-propriete-en-pierre-de-160m2-a-vendre-a-roscoff-roscoff
ROSCOFF,Maison roscoff 10 pièce(s) 230 m2,https://www.etreproprio.com/immobilier-21305629-vente-maison-roscoff-10-pieces-230-m2-roscoff
ROSCOFF,Maison 101m² à roscoff,https://www.etreproprio.com/immobilier-19367444-vente-maison-101m-a-roscoff-roscoff
ROSCOFF,"Finistère nord, maison roscoff en pierres proche centre ville de roscoff",https://www.etreproprio.com/immobilier-16845289-vente-finistere-nord-maison-roscoff-en-pierres-proche-centre-ville-de-roscoff-roscoff
ROSCOFF,Superbe domaine méditerranéen à el paraiso,https://www.etreproprio.com/immobilier-19369007-vente-superbe-domaine-mediterraneen-a-el-paraiso-roscoff
ROSCOFF,Roscoff maison en état futur d'achèvement,https://www.etreproprio.com/immobilier-16941743-vente-roscoff-maison-en-etat-futur-d-achevement-roscoff
QUIMPER,Maison des années 60 quimper,https://www.etreproprio.com/immobilier-23444816-vente-maison-des-annees-60-quimper-quimper
QUIMPER,La maison avec son ascenseur,https://www.etreproprio.com/immobilier-21733970-vente-la-maison-avec-son-ascenseur-quimper
QUIMPER,Maison en pierres à kerfeunteun,https://www.etreproprio.com/immobilier-23444106-vente-maison-en-pierres-a-kerfeunteun-quimper
QUIMPER,Maison des années 30 quimper,https://www.etreproprio.com/immobilier-23444815-vente-maison-des-annees-30-quimper-quimper
QUIMPER,Maison 150m² à quimper,https://www.etreproprio.com/immobilier-23435458-vente-maison-150m-a-quimper-quimper
QUIMPER,Maison 105m² à quimper,https://www.etreproprio.com/immobilier-23423609-vente-maison-105m-a-quimper-quimper
QUIMPER,Maison 96m² à quimper,https://www.etreproprio.com/immobilier-23424094-vente-maison-96m-a-quimper-quimper
QUIMPER,Maison 118m² à quimper,https://www.etreproprio.com/immobilier-22223729-vente-maison-118m-a-quimper-quimper
QUIMPER,Maison t4 cachet - centre-ville - garage,https://www.etreproprio.com/immobilier-23399866-vente-maison-t4-cachet-centre-ville-garage-quimper
QUIMPER,Domaine de prestige de 4 espaces polyvalents à 10 minutes de quimper,https://www.etreproprio.com/immobilier-23404948-vente-domaine-de-prestige-de-4-espaces-polyvalents-a-10-minutes-de-quimper-quimper
QUIMPER,Maison 310m² à quimper,https://www.etreproprio.com/immobilier-21401421-vente-maison-310m-a-quimper-quimper
QUIMPER,Maison atypique au centre ville de quimper,https://www.etreproprio.com/immobilier-23399865-vente-maison-atypique-au-centre-ville-de-quimper-quimper
QUIMPER,Maison avec une vie de plain pied,https://www.etreproprio.com/immobilier-22210565-vente-maison-avec-une-vie-de-plain-pied-quimper
QUIMPER,Appartement/maison cossu à kerfeunteun,https://www.etreproprio.com/immobilier-22686633-vente-appartementmaison-cossu-a-kerfeunteun-quimper
QUIMPER,La maison  modulable,https://www.etreproprio.com/immobilier-23387053-vente-la-maison-modulable-quimper
QUIMPER,Maison 120m² à quimper,https://www.etreproprio.com/immobilier-23002215-vente-maison-120m-a-quimper-quimper
QUIMPER,Maison de famille 5 chambres quimper,https://www.etreproprio.com/immobilier-23375150-vente-maison-de-famille-5-chambres-quimper-quimper
QUIMPER,"Maison familiale récente, lumineuse et au calme,  127 m² sur un terrain de 1020 m²",https://www.etreproprio.com/immobilier-23379251-vente-maison-familiale-recente-lumineuse-et-au-calme-127-m-sur-un-terrain-de-1020-m-quimper
QUIMPER,Maison 118m² à quimper,https://www.etreproprio.com/immobilier-21666016-vente-maison-118m-a-quimper-quimper
QUIMPER,Maison 102m² à quimper,https://www.etreproprio.com/immobilier-23350392-vente-maison-102m-a-quimper-quimper
ROSNOEN,Finistere - rosnoën (29590) - a vendre - maison de charme t6  de 180 m² - piece de vie 70m² - suite parentale - terrasse et pisc,https://www.etreproprio.com/immobilier-23828614-vente-finistere-rosnoen-29590-a-vendre-maison-de-charme-t6-de-180-m-piece-de-vie-70m-suite-parentale-terrasse-et-pisc-rosnoen
ROSNOEN,Exclusivite propriété t7  avec garages et dépendance au calme,https://www.etreproprio.com/immobilier-21643638-vente-exclusivite-propriete-t7-avec-garages-et-dependance-au-calme-rosnoen
ROSNOEN,Nouveaute - exclusivité- maison de 101 m2 - 6 pièces,https://www.etreproprio.com/immobilier-23717449-vente-nouveaute-exclusivite-maison-de-101-m2-6-pieces-rosnoen
ROSNOEN,"Entre le faou et rosnoën – charmant corps de ferme en pierre sur 3,9 hectares",https://www.etreproprio.com/immobilier-23705264-vente-entre-le-faou-et-rosnoen-charmant-corps-de-ferme-en-pierre-sur-39-hectares-rosnoen
ROSNOEN,Corps de ferme atypique,https://www.etreproprio.com/immobilier-21643623-vente-corps-de-ferme-atypique-rosnoen
ROSNOEN,Rosnoen joli corps de ferme rénové,https://www.etreproprio.com/immobilier-22576919-vente-rosnoen-joli-corps-de-ferme-renove-rosnoen
ROSNOEN,Rosnoën joli corps de ferme rénové sur 4 hectares,https://www.etreproprio.com/immobilier-22133833-vente-rosnoen-joli-corps-de-ferme-renove-sur-4-hectares-rosnoen
ROSNOEN,Bourg de rosnoen pavillon t5,https://www.etreproprio.com/immobilier-20835490-vente-bourg-de-rosnoen-pavillon-t5-rosnoen
QUIMPER,Maison traditionnelle- t5- quimper,https://www.etreproprio.com/immobilier-23349318-vente-maison-traditionnelle-t5-quimper-quimper
QUIMPER,"À vendre   maison cocooning avec jardin, terrasse et garage   proche de l’odet",https://www.etreproprio.com/immobilier-23342126-vente-a-vendre-maison-cocooning-avec-jardin-terrasse-et-garage-proche-de-l-odet-quimper
QUIMPER,Immeuble quimper,https://www.etreproprio.com/immobilier-22114981-vente-immeuble-quimper-quimper
QUIMPER,Maison bourgeoise familiale   5 chambres   quartier calme   proche centre-ville,https://www.etreproprio.com/immobilier-23322778-vente-maison-bourgeoise-familiale-5-chambres-quartier-calme-proche-centre-ville-quimper
QUIMPER,"Maison familiale, 5 chambres, proche hôpital",https://www.etreproprio.com/immobilier-23317183-vente-maison-familiale-5-chambres-proche-hopital-quimper
QUIMPER,Maison 127m² à quimper,https://www.etreproprio.com/immobilier-22195266-vente-maison-127m-a-quimper-quimper
QUIMPER,Maison kerustum quimper,https://www.etreproprio.com/immobilier-23221273-vente-maison-kerustum-quimper-quimper
QUIMPER,Maison des années 50 à quimper,https://www.etreproprio.com/immobilier-23302753-vente-maison-des-annees-50-a-quimper-quimper
QUIMPER,"À quimper, une grande maison avec 4 chambres en vente",https://www.etreproprio.com/immobilier-20637271-vente-a-quimper-une-grande-maison-avec-4-chambres-en-vente-quimper
QUIMPER,Maison 174m² à quimper,https://www.etreproprio.com/immobilier-22172058-vente-maison-174m-a-quimper-quimper
QUIMPER,La  maison  entièrement rénovée,https://www.etreproprio.com/immobilier-22319462-vente-la-maison-entierement-renovee-quimper
QUIMPER,Maison 98m² à quimper,https://www.etreproprio.com/immobilier-23294200-vente-maison-98m-a-quimper-quimper
QUIMPER,Maison années 30 - 3 chambres + mezzanine,https://www.etreproprio.com/immobilier-23286915-vente-maison-annees-30-3-chambres-mezzanine-quimper
QUIMPER,Maison quimper 6 pièce(s) 98m2,https://www.etreproprio.com/immobilier-23291803-vente-maison-quimper-6-pieces-98m2-quimper
QUIMPER,Maison quimper sud 140.05 m² entièrement rénovée,https://www.etreproprio.com/immobilier-21547016-vente-maison-quimper-sud-14005-m-entierement-renovee-quimper
QUIMPER,Quimper proche chemin du halage,https://www.etreproprio.com/immobilier-23256603-vente-quimper-proche-chemin-du-halage-quimper
QUIMPER,Quimper proche chemin du halage,https://www.etreproprio.com/immobilier-23255256-vente-quimper-proche-chemin-du-halage-quimper
QUIMPER,Maison 126m² à quimper,https://www.etreproprio.com/immobilier-22946160-vente-maison-126m-a-quimper-quimper
QUIMPER,Maison 207m² à quimper,https://www.etreproprio.com/immobilier-22588209-vente-maison-207m-a-quimper-quimper
QUIMPER,Maison 126m² à quimper,https://www.etreproprio.com/immobilier-23232907-vente-maison-126m-a-quimper-quimper
ROSPORDEN,Maison 127m² à rosporden,https://www.etreproprio.com/immobilier-23905226-vente-maison-127m-a-rosporden-rosporden
ROSPORDEN,Maison 95 m2 en face des etangs .,https://www.etreproprio.com/immobilier-23885155-vente-maison-95-m2-en-face-des-etangs-rosporden
ROSPORDEN,Maison sur rosporden,https://www.etreproprio.com/immobilier-23874902-vente-maison-sur-rosporden-rosporden
ROSPORDEN,Maison de charme années 1930  rosporden 97 m2,https://www.etreproprio.com/immobilier-23830788-vente-maison-de-charme-annees-1930-rosporden-97-m2-rosporden
ROSPORDEN,Maison 122m² à rosporden,https://www.etreproprio.com/immobilier-23789750-vente-maison-122m-a-rosporden-rosporden
ROSPORDEN,Maison sur melgven,https://www.etreproprio.com/immobilier-23771169-vente-maison-sur-melgven-rosporden
ROSPORDEN,Maison de 6 pièces de 135 m² située à rosporden,https://www.etreproprio.com/immobilier-23754731-vente-maison-de-6-pieces-de-135-m-situee-a-rosporden-rosporden
ROSPORDEN,Maison 160m² à rosporden,https://www.etreproprio.com/immobilier-23756973-vente-maison-160m-a-rosporden-rosporden
ROSPORDEN,Maison et dépendances à rosporden 130 m2,https://www.etreproprio.com/immobilier-23677670-vente-maison-et-dependances-a-rosporden-130-m2-rosporden
ROSPORDEN,Maison rosporden 3 pièce(s) 44.2 m2,https://www.etreproprio.com/immobilier-22082462-vente-maison-rosporden-3-pieces-442-m2-rosporden
ROSPORDEN,Vente maison rosporden(29140) 315 000ï¿œ,https://www.etreproprio.com/immobilier-23564381-vente-vente-maison-rosporden29140-315-000i-oe-rosporden
ROSPORDEN,#441 - a vendre - maison - 100m2 - rosporden centre,https://www.etreproprio.com/immobilier-21874147-vente-441-a-vendre-maison-100m2-rosporden-centre-rosporden
ROSPORDEN,A vendre rosporden (kernevel - 29140) maison de ville 4 pièces 2 chambres 65 m2,https://www.etreproprio.com/immobilier-23531149-vente-a-vendre-rosporden-kernevel-29140-maison-de-ville-4-pieces-2-chambres-65-m2-rosporden
ROSPORDEN,Maison rosporden 195 m2,https://www.etreproprio.com/immobilier-16130450-vente-maison-rosporden-195-m2-rosporden
ROSPORDEN,"Maison 29140 rosporden, dpe d",https://www.etreproprio.com/immobilier-23518153-vente-maison-29140-rosporden-dpe-d-rosporden
ROSPORDEN,Maison 102m² à rosporden,https://www.etreproprio.com/immobilier-23490537-vente-maison-102m-a-rosporden-rosporden
ROSPORDEN,Maison 109m² à rosporden,https://www.etreproprio.com/immobilier-23473140-vente-maison-109m-a-rosporden-rosporden
ROSPORDEN,Maison 97m² à rosporden,https://www.etreproprio.com/immobilier-23472482-vente-maison-97m-a-rosporden-rosporden
ROSPORDEN,Maison 103m² à rosporden,https://www.etreproprio.com/immobilier-21514094-vente-maison-103m-a-rosporden-rosporden
ROSPORDEN,Maison 144m² à rosporden,https://www.etreproprio.com/immobilier-21969138-vente-maison-144m-a-rosporden-rosporden
QUIMPER,La maison !,https://www.etreproprio.com/immobilier-22516797-vente-la-maison-quimper
QUIMPER,Maison contemporaine quimper nord,https://www.etreproprio.com/immobilier-23221274-vente-maison-contemporaine-quimper-nord-quimper
QUIMPER,Murs commerciaux- fonds de commerce-habitation- appartement locatif,https://www.etreproprio.com/immobilier-23203199-vente-murs-commerciaux-fonds-de-commerce-habitation-appartement-locatif-quimper
QUIMPER,Maison 128m² à quimper,https://www.etreproprio.com/immobilier-23199558-vente-maison-128m-a-quimper-quimper
QUIMPER,"Maison 4 chambres, jardin, garage",https://www.etreproprio.com/immobilier-23197475-vente-maison-4-chambres-jardin-garage-quimper
QUIMPER,"Pavillon (132 m² - 5 chambres) modernité, calme et luminosité - quimper ouest",https://www.etreproprio.com/immobilier-23187403-vente-pavillon-132-m-5-chambres-modernite-calme-et-luminosite-quimper-ouest-quimper
QUIMPER,Maison 155m² à quimper,https://www.etreproprio.com/immobilier-22384811-vente-maison-155m-a-quimper-quimper
QUIMPER,Maison 78m² à quimper,https://www.etreproprio.com/immobilier-23155823-vente-maison-78m-a-quimper-quimper
QUIMPER,Maison 147m² à quimper,https://www.etreproprio.com/immobilier-22549133-vente-maison-147m-a-quimper-quimper
QUIMPER,Département finistère (29) – à vendre à quimper : maison t6 de 90 m² habitable avec terrain de 720 m² avec garage,https://www.etreproprio.com/immobilier-23139136-vente-departement-finistere-29-a-vendre-a-quimper-maison-t6-de-90-m-habitable-avec-terrain-de-720-m-avec-garage-quimper
QUIMPER,Un  potentiel  et un emplacement,https://www.etreproprio.com/immobilier-22358599-vente-un-potentiel-et-un-emplacement-quimper
QUIMPER,La maison de charme,https://www.etreproprio.com/immobilier-21546950-vente-la-maison-de-charme-quimper
QUIMPER,Maison à vendre quimper (29000) surface habitable de 132.3 m2- 6 pièces - 5 chambres - 1 garage- terrain de 510 m2,https://www.etreproprio.com/immobilier-22131367-vente-maison-a-vendre-quimper-29000-surface-habitable-de-1323-m2-6-pieces-5-chambres-1-garage-terrain-de-510-m2-quimper
QUIMPER,Maison 49m² à quimper,https://www.etreproprio.com/immobilier-23115198-vente-maison-49m-a-quimper-quimper
QUIMPER,Maison de caractère au coeur d'un jardin soigneusement aménagé,https://www.etreproprio.com/immobilier-23110838-vente-maison-de-caractere-au-coeur-d-un-jardin-soigneusement-amenage-quimper
QUIMPER,Quimper - adorable penty,https://www.etreproprio.com/immobilier-23100343-vente-quimper-adorable-penty-quimper
QUIMPER,Maison 126m² à quimper,https://www.etreproprio.com/immobilier-22212967-vente-maison-126m-a-quimper-quimper
QUIMPER,Maison 135m² à quimper,https://www.etreproprio.com/immobilier-22126472-vente-maison-135m-a-quimper-quimper
QUIMPER,Maison quimper 6 pièce(s) 159.51 m2,https://www.etreproprio.com/immobilier-23088335-vente-maison-quimper-6-pieces-15951-m2-quimper
QUIMPER,Maison 106m² à quimper,https://www.etreproprio.com/immobilier-22401056-vente-maison-106m-a-quimper-quimper
ROSPORDEN,Maison familiale avec vue panoramique sur les étangs de rosporden,https://www.etreproprio.com/immobilier-23237892-vente-maison-familiale-avec-vue-panoramique-sur-les-etangs-de-rosporden-rosporden
ROSPORDEN,Maison rosporden 5 pièce(s),https://www.etreproprio.com/immobilier-23228725-vente-maison-rosporden-5-pieces-rosporden
ROSPORDEN,"Maison bourgeoise de 165 m² avec piscines, 6 chambres",https://www.etreproprio.com/immobilier-23210454-vente-maison-bourgeoise-de-165-m-avec-piscines-6-chambres-rosporden
ROSPORDEN,Maison vie de plain pied 144 m2 - rosporden,https://www.etreproprio.com/immobilier-23203877-vente-maison-vie-de-plain-pied-144-m2-rosporden-rosporden
ROSPORDEN,Maison 189m² à rosporden,https://www.etreproprio.com/immobilier-22451272-vente-maison-189m-a-rosporden-rosporden
ROSPORDEN,"Rosporden, 29140, maison rénovée de 90 m2,  5 pièces, 3 chambres, garage et jardin",https://www.etreproprio.com/immobilier-23183935-vente-rosporden-29140-maison-renovee-de-90-m2-5-pieces-3-chambres-garage-et-jardin-rosporden
ROSPORDEN,Maison rosporden 9 pièce(s) 183 m2,https://www.etreproprio.com/immobilier-22169845-vente-maison-rosporden-9-pieces-183-m2-rosporden
ROSPORDEN,Maison rosporden 180 m2,https://www.etreproprio.com/immobilier-23163766-vente-maison-rosporden-180-m2-rosporden
ROSPORDEN,Maison rosporden 6 pièce(s) 125 m²,https://www.etreproprio.com/immobilier-22991140-vente-maison-rosporden-6-pieces-125-m-rosporden
ROSPORDEN,"Maison 29140 rosporden, 4 ch, dpe c",https://www.etreproprio.com/immobilier-23083672-vente-maison-29140-rosporden-4-ch-dpe-c-rosporden
ROSPORDEN,"Maison 29140 rosporden, dpe d",https://www.etreproprio.com/immobilier-22164390-vente-maison-29140-rosporden-dpe-d-rosporden
ROSPORDEN,#447 maison familiale de 155m2 quartier calme,https://www.etreproprio.com/immobilier-21993781-vente-447-maison-familiale-de-155m2-quartier-calme-rosporden
ROSPORDEN,Maison à vendre 7 pièces rosporden (29),https://www.etreproprio.com/immobilier-22215826-vente-maison-a-vendre-7-pieces-rosporden-29-rosporden
ROSPORDEN,Ideal investisseur,https://www.etreproprio.com/immobilier-22685410-vente-ideal-investisseur-rosporden
ROSPORDEN,Charmante maison annees 30 avec dépendances,https://www.etreproprio.com/immobilier-21991307-vente-charmante-maison-annees-30-avec-dependances-rosporden
ROSPORDEN,"Maison 29140 rosporden, 4ch, grand jardin",https://www.etreproprio.com/immobilier-22015343-vente-maison-29140-rosporden-4ch-grand-jardin-rosporden
ROSPORDEN,Villa plain-pied 6 pièces 145m2 à rosporden,https://www.etreproprio.com/immobilier-22492632-vente-villa-plain-pied-6-pieces-145m2-a-rosporden-rosporden
ROSPORDEN,Maison familiale rosporden,https://www.etreproprio.com/immobilier-19391030-vente-maison-familiale-rosporden-rosporden
ROSPORDEN,Maison rosporden 4 pièce(s) 66 m2,https://www.etreproprio.com/immobilier-22072901-vente-maison-rosporden-4-pieces-66-m2-rosporden
SAINT-COULITZ,"Un lieu à habiter, une histoire à poursuivre",https://www.etreproprio.com/immobilier-23895330-vente-un-lieu-a-habiter-une-histoire-a-poursuivre-saint-coulitz
SAINT-COULITZ,4 gîtes sur un terrain d'environ 5 000 m2,https://www.etreproprio.com/immobilier-23694244-vente-4-gites-sur-un-terrain-d-environ-5-000-m2-saint-coulitz
SAINT-COULITZ,Ensemble immobilier comprenant une maison d'habitation et 3 gîtes,https://www.etreproprio.com/immobilier-23494708-vente-ensemble-immobilier-comprenant-une-maison-d-habitation-et-3-gites-saint-coulitz
SAINT-COULITZ,Grande maison familiale,https://www.etreproprio.com/immobilier-22963175-vente-grande-maison-familiale-saint-coulitz
QUIMPER,Quimper - hypercentre quartier prisé,https://www.etreproprio.com/immobilier-23029326-vente-quimper-hypercentre-quartier-prise-quimper
QUIMPER,Département finistère (29) – à vendre à quimper : maison t6 de 116 m² habitable (142 m² utiles) sur un terrain de 354 m² avec ga,https://www.etreproprio.com/immobilier-23021999-vente-departement-finistere-29-a-vendre-a-quimper-maison-t6-de-116-m-habitable-142-m-utiles-sur-un-terrain-de-354-m-avec-ga-quimper
QUIMPER,Maison quimper 5 pièces,https://www.etreproprio.com/immobilier-20486830-vente-maison-quimper-5-pieces-quimper
QUIMPER,Maison avec piscine,https://www.etreproprio.com/immobilier-22983949-vente-maison-avec-piscine-quimper
QUIMPER,Maison quimper,https://www.etreproprio.com/immobilier-22974790-vente-maison-quimper-quimper
QUIMPER,Maison 100m² à quimper,https://www.etreproprio.com/immobilier-22755550-vente-maison-100m-a-quimper-quimper
QUIMPER,Maison 147m² à quimper,https://www.etreproprio.com/immobilier-21590899-vente-maison-147m-a-quimper-quimper
QUIMPER,Maison 90m² à quimper,https://www.etreproprio.com/immobilier-22956827-vente-maison-90m-a-quimper-quimper
QUIMPER,Maison 112m² à quimper,https://www.etreproprio.com/immobilier-22954027-vente-maison-112m-a-quimper-quimper
QUIMPER,Maison 310m² à quimper,https://www.etreproprio.com/immobilier-21620602-vente-maison-310m-a-quimper-quimper
QUIMPER,"Kerfeunteun en impasse, familiale de 158 m2",https://www.etreproprio.com/immobilier-22327107-vente-kerfeunteun-en-impasse-familiale-de-158-m2-quimper
QUIMPER,"Kerfeunteun en impasse, familiale de 158 m2",https://www.etreproprio.com/immobilier-22327047-vente-kerfeunteun-en-impasse-familiale-de-158-m2-quimper
QUIMPER,Quimper le centre-ville à pied,https://www.etreproprio.com/immobilier-22397362-vente-quimper-le-centre-ville-a-pied-quimper
QUIMPER,Mieux qu'un appartement : une maison rénovée à quimper sud : idéale pour tous vos projets !,https://www.etreproprio.com/immobilier-20909561-vente-mieux-qu-un-appartement-une-maison-renovee-a-quimper-sud-ideale-pour-tous-vos-projets-quimper
QUIMPER,Maison 91m² à quimper,https://www.etreproprio.com/immobilier-22917710-vente-maison-91m-a-quimper-quimper
QUIMPER,Quimper le centre-ville à pied,https://www.etreproprio.com/immobilier-22396667-vente-quimper-le-centre-ville-a-pied-quimper
QUIMPER,Maison 215m² à quimper,https://www.etreproprio.com/immobilier-21235651-vente-maison-215m-a-quimper-quimper
QUIMPER,La proche centre à pied,https://www.etreproprio.com/immobilier-22911905-vente-la-proche-centre-a-pied-quimper
QUIMPER,Maison 57m² à quimper,https://www.etreproprio.com/immobilier-22903484-vente-maison-57m-a-quimper-quimper
QUIMPER,Maison 128m² à quimper,https://www.etreproprio.com/immobilier-22896342-vente-maison-128m-a-quimper-quimper
SAINT-DERRIEN,Maison sur saint derrien,https://www.etreproprio.com/immobilier-23802304-vente-maison-sur-saint-derrien-saint-derrien
SAINT-DERRIEN,Maison 80m² à saint-derrien,https://www.etreproprio.com/immobilier-23766859-vente-maison-80m-a-saint-derrien-saint-derrien
SAINT-DERRIEN,"Maison de 2013, de 120 m2, exposé sud - sud-ouest, garage, carport et grand jardin clos",https://www.etreproprio.com/immobilier-23719405-vente-maison-de-2013-de-120-m2-expose-sud-sud-ouest-garage-carport-et-grand-jardin-clos-saint-derrien
SAINT-DERRIEN,Ancien commerce avec habitation,https://www.etreproprio.com/immobilier-22003079-vente-ancien-commerce-avec-habitation-saint-derrien
SAINT-DERRIEN,Nouveau exclusif maison avec dependances a renover,https://www.etreproprio.com/immobilier-23250394-vente-nouveau-exclusif-maison-avec-dependances-a-renover-saint-derrien
SAINT-DERRIEN,Longère 166m2 à finir de rénover avec dépendances sur 3500m2 de terrain,https://www.etreproprio.com/immobilier-22590678-vente-longere-166m2-a-finir-de-renover-avec-dependances-sur-3500m2-de-terrain-saint-derrien
SAINT-DIVY,maison 107 m² – vie de plain-pied – plein bourg de saint-divy,https://www.etreproprio.com/immobilier-23824810-vente-maison-107-m-vie-de-plain-pied-plein-bourg-de-saint-divy-saint-divy
SAINT-DIVY,"Exclusivité, maison t9 contemporaine à 15mn de brest",https://www.etreproprio.com/immobilier-20755701-vente-exclusivite-maison-t9-contemporaine-a-15mn-de-brest-saint-divy
QUIMPER,Maison 49m² à quimper,https://www.etreproprio.com/immobilier-22671339-vente-maison-49m-a-quimper-quimper
QUIMPER,Maison 115m² à quimper,https://www.etreproprio.com/immobilier-22891167-vente-maison-115m-a-quimper-quimper
QUIMPER,A vendre-bretagne-finistère sud-quimper-maison-sous-sol-garage-jardin,https://www.etreproprio.com/immobilier-22880999-vente-a-vendre-bretagne-finistere-sud-quimper-maison-sous-sol-garage-jardin-quimper
QUIMPER,Maison 5 chambres - 156 m² - proche centre-ville,https://www.etreproprio.com/immobilier-22872103-vente-maison-5-chambres-156-m-proche-centre-ville-quimper
QUIMPER,Maison quimper 6 pièce(s),https://www.etreproprio.com/immobilier-22862976-vente-maison-quimper-6-pieces-quimper
QUIMPER,A vendre maison quimper plain pied 6 chambres 285m2,https://www.etreproprio.com/immobilier-21928951-vente-a-vendre-maison-quimper-plain-pied-6-chambres-285m2-quimper
QUIMPER,Maison 155m² à quimper,https://www.etreproprio.com/immobilier-22734969-vente-maison-155m-a-quimper-quimper
QUIMPER,Maison 130m² à quimper,https://www.etreproprio.com/immobilier-22725739-vente-maison-130m-a-quimper-quimper
QUIMPER,Maison 11243m² à quimper,https://www.etreproprio.com/immobilier-22715692-vente-maison-11243m-a-quimper-quimper
QUIMPER,Maison 134m² à quimper,https://www.etreproprio.com/immobilier-22716376-vente-maison-134m-a-quimper-quimper
QUIMPER,Maison 130m² à quimper,https://www.etreproprio.com/immobilier-21474601-vente-maison-130m-a-quimper-quimper
QUIMPER,Maison 105m² à quimper,https://www.etreproprio.com/immobilier-22699083-vente-maison-105m-a-quimper-quimper
QUIMPER,Maison sans travaux,https://www.etreproprio.com/immobilier-22686634-vente-maison-sans-travaux-quimper
QUIMPER,L'originalité d'une maison de ville récente avec garage,https://www.etreproprio.com/immobilier-22675397-vente-l-originalite-d-une-maison-de-ville-recente-avec-garage-quimper
QUIMPER,Maison des années 60 à quimper,https://www.etreproprio.com/immobilier-22645301-vente-maison-des-annees-60-a-quimper-quimper
QUIMPER,Quimper maison au coeur de kerfeunteun,https://www.etreproprio.com/immobilier-20025938-vente-quimper-maison-au-coeur-de-kerfeunteun-quimper
QUIMPER,Maison quimper sud,https://www.etreproprio.com/immobilier-21713844-vente-maison-quimper-sud-quimper
QUIMPER,Ensemble de 2 maisons,https://www.etreproprio.com/immobilier-22593835-vente-ensemble-de-2-maisons-quimper
QUIMPER,Maison a rénover,https://www.etreproprio.com/immobilier-22593836-vente-maison-a-renover-quimper
QUIMPER,Maison 77m² à quimper,https://www.etreproprio.com/immobilier-22577864-vente-maison-77m-a-quimper-quimper
SAINT-ELOY,Maison 81m² à saint-eloy,https://www.etreproprio.com/immobilier-23901082-vente-maison-81m-a-saint-eloy-saint-eloy
QUIMPER,Maison 91m² à quimper,https://www.etreproprio.com/immobilier-22579444-vente-maison-91m-a-quimper-quimper
QUIMPER,Maison quimper 5 pièce(s) 91.61 m2,https://www.etreproprio.com/immobilier-22090105-vente-maison-quimper-5-pieces-9161-m2-quimper
QUIMPER,Maison quimper 5 pièce(s) 91.61 m2,https://www.etreproprio.com/immobilier-22266427-vente-maison-quimper-5-pieces-9161-m2-quimper
QUIMPER,Maison quimper 8 pièce(s) 218 m2,https://www.etreproprio.com/immobilier-21342842-vente-maison-quimper-8-pieces-218-m2-quimper
QUIMPER,Quimper - maison familiale de 107m² avec véranda,https://www.etreproprio.com/immobilier-22286011-vente-quimper-maison-familiale-de-107m-avec-veranda-quimper
QUIMPER,Maison neuve sur quimper sud,https://www.etreproprio.com/immobilier-21964194-vente-maison-neuve-sur-quimper-sud-quimper
QUIMPER,Maison 161m² à quimper,https://www.etreproprio.com/immobilier-21198297-vente-maison-161m-a-quimper-quimper
QUIMPER,La plain pied,https://www.etreproprio.com/immobilier-22286545-vente-la-plain-pied-quimper
QUIMPER,Maison familiale rénovée à quimper,https://www.etreproprio.com/immobilier-22517969-vente-maison-familiale-renovee-a-quimper-quimper
QUIMPER,Maison néo bretonne quimper sud,https://www.etreproprio.com/immobilier-20281313-vente-maison-neo-bretonne-quimper-sud-quimper
QUIMPER,Maison quimper 4 pièce(s) 73 m2,https://www.etreproprio.com/immobilier-22469713-vente-maison-quimper-4-pieces-73-m2-quimper
QUIMPER,Maison quimper ergué armel,https://www.etreproprio.com/immobilier-22504551-vente-maison-quimper-ergue-armel-quimper
QUIMPER,Maison 85m² à quimper,https://www.etreproprio.com/immobilier-22322317-vente-maison-85m-a-quimper-quimper
QUIMPER,Maison 120m² à quimper,https://www.etreproprio.com/immobilier-22450215-vente-maison-120m-a-quimper-quimper
QUIMPER,Maison 106m² à quimper,https://www.etreproprio.com/immobilier-22401660-vente-maison-106m-a-quimper-quimper
QUIMPER,"Dpt finistère (29), à vendre quimper du corniguel - maison vue panoramique sur la rivière de l'odet de type 6 de 240 m² habitabl",https://www.etreproprio.com/immobilier-22372237-vente-dpt-finistere-29-a-vendre-quimper-du-corniguel-maison-vue-panoramique-sur-la-riviere-de-l-odet-de-type-6-de-240-m-habitabl-quimper
QUIMPER,La pépite quimpéroise !,https://www.etreproprio.com/immobilier-22331197-vente-la-pepite-quimperoise-quimper
QUIMPER,Quimper prat maria maison de ville 126 m2,https://www.etreproprio.com/immobilier-22303736-vente-quimper-prat-maria-maison-de-ville-126-m2-quimper
QUIMPER,Quimper prat maria maison de ville 126 m2,https://www.etreproprio.com/immobilier-22303708-vente-quimper-prat-maria-maison-de-ville-126-m2-quimper
QUIMPER,Maison 169m² à quimper,https://www.etreproprio.com/immobilier-22266421-vente-maison-169m-a-quimper-quimper
SAINT-EVARZEC,Maison de plain pied - 4 chambres - saint évarzec,https://www.etreproprio.com/immobilier-23902629-vente-maison-de-plain-pied-4-chambres-saint-evarzec-saint-evarzec
SAINT-EVARZEC,Maison sur saint evarzec,https://www.etreproprio.com/immobilier-23895320-vente-maison-sur-saint-evarzec-saint-evarzec
SAINT-EVARZEC,Maison 93m² à saint-evarzec,https://www.etreproprio.com/immobilier-23849290-vente-maison-93m-a-saint-evarzec-saint-evarzec
SAINT-EVARZEC,Maison sur saint evarzec,https://www.etreproprio.com/immobilier-23759257-vente-maison-sur-saint-evarzec-saint-evarzec
SAINT-EVARZEC,Maison 142m² à saint-evarzec,https://www.etreproprio.com/immobilier-23669938-vente-maison-142m-a-saint-evarzec-saint-evarzec
SAINT-EVARZEC,Maison saint-évarzec 70m2  terrain + maison re 2020 livraison mai 2026,https://www.etreproprio.com/immobilier-23650760-vente-maison-saint-evarzec-70m2-terrain-maison-re-2020-livraison-mai-2026-saint-evarzec
SAINT-EVARZEC,Charmante maison des années 50 à saint-evarzec,https://www.etreproprio.com/immobilier-23590274-vente-charmante-maison-des-annees-50-a-saint-evarzec-saint-evarzec
SAINT-EVARZEC,Vente maison saint-evarzec(29170) 190 000ï¿œ,https://www.etreproprio.com/immobilier-23576325-vente-vente-maison-saint-evarzec29170-190-000i-oe-saint-evarzec
SAINT-EVARZEC,Grande maison à rénover avec hangar et terrain - saint evarzec,https://www.etreproprio.com/immobilier-23557752-vente-grande-maison-a-renover-avec-hangar-et-terrain-saint-evarzec-saint-evarzec
SAINT-EVARZEC,Maison de 92 m2 sur terrain de 400 m2,https://www.etreproprio.com/immobilier-23361231-vente-maison-de-92-m2-sur-terrain-de-400-m2-saint-evarzec
SAINT-EVARZEC,Maison 110m² à saint-evarzec,https://www.etreproprio.com/immobilier-23448127-vente-maison-110m-a-saint-evarzec-saint-evarzec
SAINT-EVARZEC,"La nature, de la pierre et un esprit de modernité",https://www.etreproprio.com/immobilier-22494469-vente-la-nature-de-la-pierre-et-un-esprit-de-modernite-saint-evarzec
SAINT-EVARZEC,Saint evarzec : maison de 4 pièces (95 m²) en vente,https://www.etreproprio.com/immobilier-23201187-vente-saint-evarzec-maison-de-4-pieces-95-m-en-vente-saint-evarzec
SAINT-EVARZEC,Maison saint evarzec 6 pièce(s) 170 m2,https://www.etreproprio.com/immobilier-23088815-vente-maison-saint-evarzec-6-pieces-170-m2-saint-evarzec
SAINT-EVARZEC,Maison 170m² à saint-evarzec,https://www.etreproprio.com/immobilier-22041801-vente-maison-170m-a-saint-evarzec-saint-evarzec
SAINT-EVARZEC,Maison 100m² à saint-evarzec,https://www.etreproprio.com/immobilier-22938251-vente-maison-100m-a-saint-evarzec-saint-evarzec
SAINT-EVARZEC,Maison 121m² à saint-evarzec,https://www.etreproprio.com/immobilier-22884002-vente-maison-121m-a-saint-evarzec-saint-evarzec
SAINT-EVARZEC,Maison 121m² à saint-evarzec,https://www.etreproprio.com/immobilier-22662681-vente-maison-121m-a-saint-evarzec-saint-evarzec
SAINT-EVARZEC,Maison à saint-evarzec,https://www.etreproprio.com/immobilier-22754219-vente-maison-a-saint-evarzec-saint-evarzec
SAINT-EVARZEC,Maison 80m² à saint-evarzec,https://www.etreproprio.com/immobilier-22471762-vente-maison-80m-a-saint-evarzec-saint-evarzec
SAINT-FREGANT,Maison 81m² à saint-fregant,https://www.etreproprio.com/immobilier-22637472-vente-maison-81m-a-saint-fregant-saint-fregant
SAINT-FREGANT,Maison 174m² à saint-fregant,https://www.etreproprio.com/immobilier-22741716-vente-maison-174m-a-saint-fregant-saint-fregant
QUIMPER,Demeure de prestige quimper 400 m2,https://www.etreproprio.com/immobilier-22266363-vente-demeure-de-prestige-quimper-400-m2-quimper
QUIMPER,La campagne a la ville,https://www.etreproprio.com/immobilier-22266390-vente-la-campagne-a-la-ville-quimper
QUIMPER,"Emplacement exceptionnel, magnifique villa de 200 m2",https://www.etreproprio.com/immobilier-22266414-vente-emplacement-exceptionnel-magnifique-villa-de-200-m2-quimper
QUIMPER,Demeure de prestige quimper 400 m2,https://www.etreproprio.com/immobilier-22250828-vente-demeure-de-prestige-quimper-400-m2-quimper
QUIMPER,Maison 169m² à quimper,https://www.etreproprio.com/immobilier-22250868-vente-maison-169m-a-quimper-quimper
QUIMPER,Quimper : maison avec sous-sol aménagé,https://www.etreproprio.com/immobilier-22215801-vente-quimper-maison-avec-sous-sol-amenage-quimper
QUIMPER,Maison 77m² à quimper,https://www.etreproprio.com/immobilier-21666017-vente-maison-77m-a-quimper-quimper
QUIMPER,Maison à quimper,https://www.etreproprio.com/immobilier-21666018-vente-maison-a-quimper-quimper
QUIMPER,La maison de quartier,https://www.etreproprio.com/immobilier-21912228-vente-la-maison-de-quartier-quimper
QUIMPER,Maison 119m² à quimper,https://www.etreproprio.com/immobilier-22054089-vente-maison-119m-a-quimper-quimper
QUIMPER,Maison de ville entièrement rénovée à quimper - proche hypercentre et rives du steïr,https://www.etreproprio.com/immobilier-22024400-vente-maison-de-ville-entierement-renovee-a-quimper-proche-hypercentre-et-rives-du-steir-quimper
QUIMPER,Propriété de loisirs quimper 4 pièce(s) 40 m2 ou maison de jardin,https://www.etreproprio.com/immobilier-22015304-vente-propriete-de-loisirs-quimper-4-pieces-40-m2-ou-maison-de-jardin-quimper
QUIMPER,"Emplacement exceptionnel, magnifique villa de 200 m2",https://www.etreproprio.com/immobilier-22012361-vente-emplacement-exceptionnel-magnifique-villa-de-200-m2-quimper
QUIMPER,La campagne a la ville,https://www.etreproprio.com/immobilier-22012352-vente-la-campagne-a-la-ville-quimper
QUIMPER,Maison 232m² à quimper,https://www.etreproprio.com/immobilier-19379172-vente-maison-232m-a-quimper-quimper
QUIMPER,Maison bourgeoise - 258 m² - quartier prisé - quimper,https://www.etreproprio.com/immobilier-21979156-vente-maison-bourgeoise-258-m-quartier-prise-quimper-quimper
QUIMPER,Maison quimper 6 pièce(s) 140 m2,https://www.etreproprio.com/immobilier-20478714-vente-maison-quimper-6-pieces-140-m2-quimper
QUIMPER,Maison 115m² à quimper,https://www.etreproprio.com/immobilier-21913129-vente-maison-115m-a-quimper-quimper
QUIMPER,Maison 86m² à quimper,https://www.etreproprio.com/immobilier-21902029-vente-maison-86m-a-quimper-quimper
QUIMPER,Maison 100m² à quimper,https://www.etreproprio.com/immobilier-21791624-vente-maison-100m-a-quimper-quimper
SAINT-EVARZEC,Maison à vendre à saint-évarzec,https://www.etreproprio.com/immobilier-19973921-vente-maison-a-vendre-a-saint-evarzec-saint-evarzec
SAINT-EVARZEC,**à vendre : maison d'exception à saint-évarzec**,https://www.etreproprio.com/immobilier-22050413-vente-a-vendre-maison-d-exception-a-saint-evarzec-saint-evarzec
SAINT-EVARZEC,Achat corps de ferme à rénover - saint evarzec,https://www.etreproprio.com/immobilier-21960402-vente-achat-corps-de-ferme-a-renover-saint-evarzec-saint-evarzec
QUIMPER,Maison 80m² à quimper,https://www.etreproprio.com/immobilier-21791623-vente-maison-80m-a-quimper-quimper
QUIMPER,Maison 83m² à quimper,https://www.etreproprio.com/immobilier-21791622-vente-maison-83m-a-quimper-quimper
QUIMPER,Petite  maison  de charme,https://www.etreproprio.com/immobilier-21690088-vente-petite-maison-de-charme-quimper
QUIMPER,Maison 76m² à quimper,https://www.etreproprio.com/immobilier-21669633-vente-maison-76m-a-quimper-quimper
QUIMPER,"Kerlagatu, maison trois chambres",https://www.etreproprio.com/immobilier-21329867-vente-kerlagatu-maison-trois-chambres-quimper
QUIMPER,Maison 120m² à quimper,https://www.etreproprio.com/immobilier-21587630-vente-maison-120m-a-quimper-quimper
QUIMPER,Hotel particulier,https://www.etreproprio.com/immobilier-21555095-vente-hotel-particulier-quimper
QUIMPER,Maison - vente - quimper - 220 m2,https://www.etreproprio.com/immobilier-20138195-vente-maison-vente-quimper-220-m2-quimper
QUIMPER,Maison 159m² à quimper,https://www.etreproprio.com/immobilier-21396871-vente-maison-159m-a-quimper-quimper
QUIMPER,"Quimper (29) maison à vendre 6 pièces de 123,44 m² habitable - terrain de 318 m² quimper (29)",https://www.etreproprio.com/immobilier-21247274-vente-quimper-29-maison-a-vendre-6-pieces-de-12344-m-habitable-terrain-de-318-m-quimper-29-quimper
QUIMPER,Maison 160m² à quimper,https://www.etreproprio.com/immobilier-19886126-vente-maison-160m-a-quimper-quimper
QUIMPER,Quimper (29) maison à vendre 5 pièces de 72 m² habitable et 97 m² utile - garage - terrasse - jardinet,https://www.etreproprio.com/immobilier-21149625-vente-quimper-29-maison-a-vendre-5-pieces-de-72-m-habitable-et-97-m-utile-garage-terrasse-jardinet-quimper
QUIMPER,Maison 203m² à quimper,https://www.etreproprio.com/immobilier-21058689-vente-maison-203m-a-quimper-quimper
QUIMPER,Maison quimper sud,https://www.etreproprio.com/immobilier-17759005-vente-maison-quimper-sud-quimper
QUIMPER,Sous offre .,https://www.etreproprio.com/immobilier-19438898-vente-sous-offre-quimper
QUIMPER,"Quimper (29) - maison centre ville de 75,21 m² habitable - 124 m² utiles - terrasse - double garage",https://www.etreproprio.com/immobilier-20578731-vente-quimper-29-maison-centre-ville-de-7521-m-habitable-124-m-utiles-terrasse-double-garage-quimper
QUIMPER,Maison 135m² à quimper,https://www.etreproprio.com/immobilier-18613024-vente-maison-135m-a-quimper-quimper
QUIMPER,"Maison neuve, frugy",https://www.etreproprio.com/immobilier-19975707-vente-maison-neuve-frugy-quimper
QUIMPER,Maison - proche centre ville de quimper,https://www.etreproprio.com/immobilier-18254436-vente-maison-proche-centre-ville-de-quimper-quimper
QUIMPER,Maison 1000m² à quimper,https://www.etreproprio.com/immobilier-18173483-vente-maison-1000m-a-quimper-quimper
SAINT-GOAZEC,Maison dans la campagne de st goazec,https://www.etreproprio.com/immobilier-23644562-vente-maison-dans-la-campagne-de-st-goazec-saint-goazec
SAINT-GOAZEC,Maison 117m² à saint-goazec,https://www.etreproprio.com/immobilier-23713744-vente-maison-117m-a-saint-goazec-saint-goazec
SAINT-GOAZEC,Maison 50m² à saint-goazec,https://www.etreproprio.com/immobilier-23387562-vente-maison-50m-a-saint-goazec-saint-goazec
SAINT-GOAZEC,29520  saint goazec maison d'architecte atypique 3 chambres avec accès jardin  sans vis à vis,https://www.etreproprio.com/immobilier-22960568-vente-29520-saint-goazec-maison-d-architecte-atypique-3-chambres-avec-acces-jardin-sans-vis-a-vis-saint-goazec
SAINT-GOAZEC,Maison saint goazec 4 pièce(s) 79 m2,https://www.etreproprio.com/immobilier-22959340-vente-maison-saint-goazec-4-pieces-79-m2-saint-goazec
SAINT-GOAZEC,Maison 79m² à saint-goazec,https://www.etreproprio.com/immobilier-22959980-vente-maison-79m-a-saint-goazec-saint-goazec
SAINT-GOAZEC,"29520 saint goazec 4 chambres aucun travaux vue sans vis à vis au calme sous sol, 7500 m²",https://www.etreproprio.com/immobilier-21888877-vente-29520-saint-goazec-4-chambres-aucun-travaux-vue-sans-vis-a-vis-au-calme-sous-sol-7500-m-saint-goazec
QUIMPER,Maison 160m² à quimper,https://www.etreproprio.com/immobilier-16735726-vente-maison-160m-a-quimper-quimper
SAINT-HERNIN,Maison 197m² à saint-hernin,https://www.etreproprio.com/immobilier-23832300-vente-maison-197m-a-saint-hernin-saint-hernin
SAINT-HERNIN,Charmante maison de campagne avec dépendance à saint-hernin,https://www.etreproprio.com/immobilier-23732175-vente-charmante-maison-de-campagne-avec-dependance-a-saint-hernin-saint-hernin
SAINT-HERNIN,Maison 75m² à saint-hernin,https://www.etreproprio.com/immobilier-23196355-vente-maison-75m-a-saint-hernin-saint-hernin
SAINT-HERNIN,Maison 207m² à saint-hernin,https://www.etreproprio.com/immobilier-23697759-vente-maison-207m-a-saint-hernin-saint-hernin
SAINT-HERNIN,Maison récente de plain-pied à personnaliser – saint-hernin,https://www.etreproprio.com/immobilier-23251363-vente-maison-recente-de-plain-pied-a-personnaliser-saint-hernin-saint-hernin
SAINT-JEAN-DU-DOIGT,Maison de charme en pierres du xviie siècle à saint-jean-du-doigt – un véritable havre de paix !,https://www.etreproprio.com/immobilier-21309549-vente-maison-de-charme-en-pierres-du-xviie-siecle-a-saint-jean-du-doigt-un-veritable-havre-de-paix-saint-jean-du-doigt
SAINT-JEAN-DU-DOIGT,Maison avec piscine saint-jean du doigt.,https://www.etreproprio.com/immobilier-19795013-vente-maison-avec-piscine-saint-jean-du-doigt-saint-jean-du-doigt
SAINT-JEAN-DU-DOIGT,Maison saint jean du doigt 6 pièce(s) 110 m2,https://www.etreproprio.com/immobilier-22872744-vente-maison-saint-jean-du-doigt-6-pieces-110-m2-saint-jean-du-doigt
SAINT-JEAN-DU-DOIGT,Demeure de prestige,https://www.etreproprio.com/immobilier-22492174-vente-demeure-de-prestige-saint-jean-du-doigt
SAINT-JEAN-TROLIMON,Maison 1900   bourg de saint-jean-trolimon,https://www.etreproprio.com/immobilier-23837304-vente-maison-1900-bourg-de-saint-jean-trolimon-saint-jean-trolimon
SAINT-JEAN-TROLIMON,Maison 1900   bourg de saint-jean-trolimon,https://www.etreproprio.com/immobilier-23837643-vente-maison-1900-bourg-de-saint-jean-trolimon-saint-jean-trolimon
SAINT-JEAN-TROLIMON,"Saint jean trolimon, maison d'architecte sans vis à vis",https://www.etreproprio.com/immobilier-23752078-vente-saint-jean-trolimon-maison-d-architecte-sans-vis-a-vis-saint-jean-trolimon
SAINT-JEAN-TROLIMON,Belle maison familiale - 2 chs - saint jean trolimon,https://www.etreproprio.com/immobilier-23003123-vente-belle-maison-familiale-2-chs-saint-jean-trolimon-saint-jean-trolimon
SAINT-JEAN-TROLIMON,Maison 118m² à saint-jean-trolimon,https://www.etreproprio.com/immobilier-22661265-vente-maison-118m-a-saint-jean-trolimon-saint-jean-trolimon
SAINT-JEAN-TROLIMON,Maison saint jean trolimon,https://www.etreproprio.com/immobilier-22528557-vente-maison-saint-jean-trolimon-saint-jean-trolimon
SAINT-MARTIN-DES-CHAMPS,Maison 126m² à saint-martin-des-champs,https://www.etreproprio.com/immobilier-22671109-vente-maison-126m-a-saint-martin-des-champs-saint-martin-des-champs
SAINT-MARTIN-DES-CHAMPS,Maison 128m² à saint-martin-des-champs,https://www.etreproprio.com/immobilier-22568950-vente-maison-128m-a-saint-martin-des-champs-saint-martin-des-champs
SAINT-MARTIN-DES-CHAMPS,Maison familiale 6 pièces – 105 m² – st martin des champs (29600),https://www.etreproprio.com/immobilier-23759734-vente-maison-familiale-6-pieces-105-m-st-martin-des-champs-29600-saint-martin-des-champs
SAINT-MARTIN-DES-CHAMPS,Maison 128m² à saint-martin-des-champs,https://www.etreproprio.com/immobilier-23758412-vente-maison-128m-a-saint-martin-des-champs-saint-martin-des-champs
SAINT-MARTIN-DES-CHAMPS,Maison 88m² à saint-martin-des-champs,https://www.etreproprio.com/immobilier-23347558-vente-maison-88m-a-saint-martin-des-champs-saint-martin-des-champs
SAINT-MARTIN-DES-CHAMPS,Maison 120m² à saint-martin-des-champs,https://www.etreproprio.com/immobilier-22534360-vente-maison-120m-a-saint-martin-des-champs-saint-martin-des-champs
SAINT-MARTIN-DES-CHAMPS,Maison saint martin des champs 8 pièce(s) 175.8 m2,https://www.etreproprio.com/immobilier-21854830-vente-maison-saint-martin-des-champs-8-pieces-1758-m2-saint-martin-des-champs
SAINT-MARTIN-DES-CHAMPS,Finistere - saint-martin-des-champs (29600) - a vendre - maison t7 de +250m² sur 1500m² de terrain avec hangar - proche des comm,https://www.etreproprio.com/immobilier-23560783-vente-finistere-saint-martin-des-champs-29600-a-vendre-maison-t7-de-250m-sur-1500m-de-terrain-avec-hangar-proche-des-comm-saint-martin-des-champs
SAINT-MARTIN-DES-CHAMPS,Maison 113m² à saint-martin-des-champs,https://www.etreproprio.com/immobilier-23221449-vente-maison-113m-a-saint-martin-des-champs-saint-martin-des-champs
SAINT-MARTIN-DES-CHAMPS,Maison 135m² à saint-martin-des-champs,https://www.etreproprio.com/immobilier-22511255-vente-maison-135m-a-saint-martin-des-champs-saint-martin-des-champs
SAINT-MARTIN-DES-CHAMPS,Maison 88m² à saint-martin-des-champs,https://www.etreproprio.com/immobilier-23167499-vente-maison-88m-a-saint-martin-des-champs-saint-martin-des-champs
SAINT-MARTIN-DES-CHAMPS,"Saint martin des champs, maison t7",https://www.etreproprio.com/immobilier-23157333-vente-saint-martin-des-champs-maison-t7-saint-martin-des-champs
SAINT-MARTIN-DES-CHAMPS,"Saint martin des champs, maison t7",https://www.etreproprio.com/immobilier-23157366-vente-saint-martin-des-champs-maison-t7-saint-martin-des-champs
SAINT-MARTIN-DES-CHAMPS,Maison 87m² à saint-martin-des-champs,https://www.etreproprio.com/immobilier-22704588-vente-maison-87m-a-saint-martin-des-champs-saint-martin-des-champs
SAINT-MARTIN-DES-CHAMPS,Maison 113m² à saint-martin-des-champs,https://www.etreproprio.com/immobilier-22603925-vente-maison-113m-a-saint-martin-des-champs-saint-martin-des-champs
SAINT-MARTIN-DES-CHAMPS,Maison 134m² à saint-martin-des-champs,https://www.etreproprio.com/immobilier-22100659-vente-maison-134m-a-saint-martin-des-champs-saint-martin-des-champs
SAINT-MARTIN-DES-CHAMPS,Maison 112m² à saint-martin-des-champs,https://www.etreproprio.com/immobilier-22471331-vente-maison-112m-a-saint-martin-des-champs-saint-martin-des-champs
SAINT-MARTIN-DES-CHAMPS,# 321 - a vendre - maison - st-martin-des-champs - 88 m2,https://www.etreproprio.com/immobilier-20502281-vente-321-a-vendre-maison-st-martin-des-champs-88-m2-saint-martin-des-champs
SAINT-MARTIN-DES-CHAMPS,Maison 263m² à saint-martin-des-champs,https://www.etreproprio.com/immobilier-21532668-vente-maison-263m-a-saint-martin-des-champs-saint-martin-des-champs
SAINT-MEEN,Maison 100m² à saint-meen,https://www.etreproprio.com/immobilier-23898845-vente-maison-100m-a-saint-meen-saint-meen
SAINT-MEEN,"Maison familiale avec hangar et jardin à saint-méen, proche lesneven !",https://www.etreproprio.com/immobilier-23896134-vente-maison-familiale-avec-hangar-et-jardin-a-saint-meen-proche-lesneven-saint-meen
SAINT-MEEN,Maison sur saint meen,https://www.etreproprio.com/immobilier-23802303-vente-maison-sur-saint-meen-saint-meen
SAINT-MEEN,Saint-méen,https://www.etreproprio.com/immobilier-22940587-vente-saint-meen-saint-meen
SAINT-MEEN,En campagne - calme - jardin,https://www.etreproprio.com/immobilier-22183470-vente-en-campagne-calme-jardin-saint-meen
SAINT-NIC,#585 - a vendre - 215m2 - vue mer,https://www.etreproprio.com/immobilier-23856470-vente-585-a-vendre-215m2-vue-mer-saint-nic
SAINT-NIC,Maison saint nic - maison de 4 pièce(s) 106 m2,https://www.etreproprio.com/immobilier-23829396-vente-maison-saint-nic-maison-de-4-pieces-106-m2-saint-nic
SAINT-NIC,Maison 106m² à saint-nic,https://www.etreproprio.com/immobilier-23822281-vente-maison-106m-a-saint-nic-saint-nic
SAINT-NIC,Maison 214m² à saint-nic,https://www.etreproprio.com/immobilier-23811769-vente-maison-214m-a-saint-nic-saint-nic
SAINT-NIC,Vue mer exceptionnelle – maison à fort potentiel à pentrez-plage,https://www.etreproprio.com/immobilier-21883208-vente-vue-mer-exceptionnelle-maison-a-fort-potentiel-a-pentrez-plage-saint-nic
SAINT-NIC,Maison plage de pentrez - vue mer - 110m2 - à rénover,https://www.etreproprio.com/immobilier-21829602-vente-maison-plage-de-pentrez-vue-mer-110m2-a-renover-saint-nic
SAINT-NIC,"Maison, 8 pièces, 137 m²",https://www.etreproprio.com/immobilier-23507233-vente-maison-8-pieces-137-m-saint-nic
SAINT-NIC,Maison à vendre 2 pièces saint nic (29),https://www.etreproprio.com/immobilier-23118482-vente-maison-a-vendre-2-pieces-saint-nic-29-saint-nic
SAINT-NIC,"Maison, 5 pièces, 110 m²",https://www.etreproprio.com/immobilier-23415775-vente-maison-5-pieces-110-m-saint-nic
SAINT-NIC,Maison 120m² à saint-nic,https://www.etreproprio.com/immobilier-22762893-vente-maison-120m-a-saint-nic-saint-nic
SAINT-NIC,Maison avec vue mer et campagne à saint-nic,https://www.etreproprio.com/immobilier-22355709-vente-maison-avec-vue-mer-et-campagne-a-saint-nic-saint-nic
SAINT-NIC,Quel potentiel !,https://www.etreproprio.com/immobilier-22347768-vente-quel-potentiel-saint-nic
SAINT-NIC,Maison 127m² à saint-nic,https://www.etreproprio.com/immobilier-21971056-vente-maison-127m-a-saint-nic-saint-nic
SAINT-NIC,Saint nic – maison de charme à proximité de la plage,https://www.etreproprio.com/immobilier-21164279-vente-saint-nic-maison-de-charme-a-proximite-de-la-plage-saint-nic
SAINT-PABU,Maison contemporaine proche des plages 6 pièces saint pabu (29),https://www.etreproprio.com/immobilier-23451644-vente-maison-contemporaine-proche-des-plages-6-pieces-saint-pabu-29-saint-pabu
SAINT-PABU,Maison saint pabu 4 pièce(s) 126 m2,https://www.etreproprio.com/immobilier-23233915-vente-maison-saint-pabu-4-pieces-126-m2-saint-pabu
SAINT-PABU,Finistere - saint-pabu (29830) - a vendre - maison t6 avec 5 chambres - piece de vie triple - sous sol complet - garage - terrai,https://www.etreproprio.com/immobilier-23516544-vente-finistere-saint-pabu-29830-a-vendre-maison-t6-avec-5-chambres-piece-de-vie-triple-sous-sol-complet-garage-terrai-saint-pabu
SAINT-PABU,Saint pabu maison t5 vue mer,https://www.etreproprio.com/immobilier-22986648-vente-saint-pabu-maison-t5-vue-mer-saint-pabu
SAINT-PABU,Saint pabu maison t5 vue mer,https://www.etreproprio.com/immobilier-22986684-vente-saint-pabu-maison-t5-vue-mer-saint-pabu
SAINT-PABU,Maison de charme meublee sur saint pabu,https://www.etreproprio.com/immobilier-23342570-vente-maison-de-charme-meublee-sur-saint-pabu-saint-pabu
SAINT-PABU,Saint pabu maison t6 en pierre de taille au calme,https://www.etreproprio.com/immobilier-23284037-vente-saint-pabu-maison-t6-en-pierre-de-taille-au-calme-saint-pabu
SAINT-PABU,Saint pabu maison t6 en pierre de taille au calme,https://www.etreproprio.com/immobilier-23284036-vente-saint-pabu-maison-t6-en-pierre-de-taille-au-calme-saint-pabu
SAINT-PABU,Maison 130m² à saint-pabu,https://www.etreproprio.com/immobilier-23259582-vente-maison-130m-a-saint-pabu-saint-pabu
SAINT-PABU,Maison 147m² à saint-pabu,https://www.etreproprio.com/immobilier-23191000-vente-maison-147m-a-saint-pabu-saint-pabu
SAINT-PABU,Maison saint pabu vue mer 5 pièce(s) 136 m2,https://www.etreproprio.com/immobilier-23005817-vente-maison-saint-pabu-vue-mer-5-pieces-136-m2-saint-pabu
SAINT-PABU,Maison  6 pièce(s) 177 m2,https://www.etreproprio.com/immobilier-23005818-vente-maison-6-pieces-177-m2-saint-pabu
SAINT-PABU,"En exclusivite orpi ! saint pabu : maison à fort potentiel, proche de la mer, à rénover",https://www.etreproprio.com/immobilier-20811271-vente-en-exclusivite-orpi-saint-pabu-maison-a-fort-potentiel-proche-de-la-mer-a-renover-saint-pabu
SAINT-PABU,"En exclusivite orpi ! saint pabu : maison à fort potentiel, proche de la mer, à rénover",https://www.etreproprio.com/immobilier-20811276-vente-en-exclusivite-orpi-saint-pabu-maison-a-fort-potentiel-proche-de-la-mer-a-renover-saint-pabu
SAINT-POL-DE-LEON,A vendre. maison en pierres. saint pol de léon .,https://www.etreproprio.com/immobilier-23891053-vente-a-vendre-maison-en-pierres-saint-pol-de-leon-saint-pol-de-leon
SAINT-POL-DE-LEON,Maison 152m² à saint-pol-de-leon,https://www.etreproprio.com/immobilier-23074821-vente-maison-152m-a-saint-pol-de-leon-saint-pol-de-leon
SAINT-POL-DE-LEON,A vendre. maison de ville à saint pol de léon.,https://www.etreproprio.com/immobilier-22942830-vente-a-vendre-maison-de-ville-a-saint-pol-de-leon-saint-pol-de-leon
SAINT-POL-DE-LEON,Maison 114m² à saint-pol-de-léon,https://www.etreproprio.com/immobilier-23889113-vente-maison-114m-a-saint-pol-de-leon-saint-pol-de-leon
SAINT-POL-DE-LEON,Maison 85m² à saint-pol-de-leon,https://www.etreproprio.com/immobilier-23505176-vente-maison-85m-a-saint-pol-de-leon-saint-pol-de-leon
SAINT-POL-DE-LEON,Maison 85m² à saint-pol-de-leon,https://www.etreproprio.com/immobilier-23359980-vente-maison-85m-a-saint-pol-de-leon-saint-pol-de-leon
SAINT-POL-DE-LEON,Maison 180m² à saint-pol-de-leon,https://www.etreproprio.com/immobilier-23884404-vente-maison-180m-a-saint-pol-de-leon-saint-pol-de-leon
SAINT-POL-DE-LEON,"Maison de ville , 3 chambres – saint-pol-de-léon",https://www.etreproprio.com/immobilier-23725834-vente-maison-de-ville-3-chambres-saint-pol-de-leon-saint-pol-de-leon
SAINT-POL-DE-LEON,Maison 152m² à saint-pol-de-leon,https://www.etreproprio.com/immobilier-23026679-vente-maison-152m-a-saint-pol-de-leon-saint-pol-de-leon
SAINT-POL-DE-LEON,Maison 104m² à saint-pol-de-leon,https://www.etreproprio.com/immobilier-23870872-vente-maison-104m-a-saint-pol-de-leon-saint-pol-de-leon
SAINT-POL-DE-LEON,"maison de charme à saint-pol-de-léon – 180 m², 7 pièces",https://www.etreproprio.com/immobilier-23875425-vente-maison-de-charme-a-saint-pol-de-leon-180-m-7-pieces-saint-pol-de-leon
SAINT-POL-DE-LEON,Maison 151m² à saint-pol-de-léon,https://www.etreproprio.com/immobilier-23443123-vente-maison-151m-a-saint-pol-de-leon-saint-pol-de-leon
SAINT-POL-DE-LEON,Maison 105m² à saint-pol-de-leon,https://www.etreproprio.com/immobilier-23828879-vente-maison-105m-a-saint-pol-de-leon-saint-pol-de-leon
SAINT-POL-DE-LEON,Maison 95m² à saint-pol-de-leon,https://www.etreproprio.com/immobilier-23810813-vente-maison-95m-a-saint-pol-de-leon-saint-pol-de-leon
SAINT-POL-DE-LEON,Maison 126m² à saint-pol-de-leon,https://www.etreproprio.com/immobilier-23028478-vente-maison-126m-a-saint-pol-de-leon-saint-pol-de-leon
SAINT-POL-DE-LEON,"Saint pol de leon : maison plain-pied de 95 m², 3 chambres + garage - terrain 530m²",https://www.etreproprio.com/immobilier-23792551-vente-saint-pol-de-leon-maison-plain-pied-de-95-m-3-chambres-garage-terrain-530m-saint-pol-de-leon
SAINT-POL-DE-LEON,Maison 136m² à saint-pol-de-leon,https://www.etreproprio.com/immobilier-23755824-vente-maison-136m-a-saint-pol-de-leon-saint-pol-de-leon
SAINT-POL-DE-LEON,Maison 49m² à saint-pol-de-leon,https://www.etreproprio.com/immobilier-23738459-vente-maison-49m-a-saint-pol-de-leon-saint-pol-de-leon
SAINT-POL-DE-LEON,Maison 160m² à saint-pol-de-leon,https://www.etreproprio.com/immobilier-23407869-vente-maison-160m-a-saint-pol-de-leon-saint-pol-de-leon
SAINT-POL-DE-LEON,"Saint-pol-de-léon, maison 4 chambres centre ville...",https://www.etreproprio.com/immobilier-18998828-vente-saint-pol-de-leon-maison-4-chambres-centre-ville-saint-pol-de-leon
SAINT-POL-DE-LEON,Maison 182m² à saint-pol-de-leon,https://www.etreproprio.com/immobilier-23702602-vente-maison-182m-a-saint-pol-de-leon-saint-pol-de-leon
SAINT-POL-DE-LEON,A vendre. maison. centre ville saint-pol-de -léon.,https://www.etreproprio.com/immobilier-22754758-vente-a-vendre-maison-centre-ville-saint-pol-de-leon-saint-pol-de-leon
SAINT-POL-DE-LEON,Maison 5 chambres – 182 m² – saint-pol-de-léon,https://www.etreproprio.com/immobilier-23681783-vente-maison-5-chambres-182-m-saint-pol-de-leon-saint-pol-de-leon
SAINT-POL-DE-LEON,Saint pol de leon : maison de ville de 6 pièces 134m² avec jardin clos proche centre,https://www.etreproprio.com/immobilier-22947706-vente-saint-pol-de-leon-maison-de-ville-de-6-pieces-134m-avec-jardin-clos-proche-centre-saint-pol-de-leon
SAINT-POL-DE-LEON,Maison 106m² à saint-pol-de-leon,https://www.etreproprio.com/immobilier-23601688-vente-maison-106m-a-saint-pol-de-leon-saint-pol-de-leon
SAINT-POL-DE-LEON,Maison 154m² à saint-pol-de-leon,https://www.etreproprio.com/immobilier-23583853-vente-maison-154m-a-saint-pol-de-leon-saint-pol-de-leon
SAINT-POL-DE-LEON,Maison 108m² à saint-pol-de-leon,https://www.etreproprio.com/immobilier-23524723-vente-maison-108m-a-saint-pol-de-leon-saint-pol-de-leon
SAINT-POL-DE-LEON,A vendre. grande maison de ville. saint pol de leon,https://www.etreproprio.com/immobilier-21573751-vente-a-vendre-grande-maison-de-ville-saint-pol-de-leon-saint-pol-de-leon
SAINT-POL-DE-LEON,Maison 205m² à saint-pol-de-leon,https://www.etreproprio.com/immobilier-23500212-vente-maison-205m-a-saint-pol-de-leon-saint-pol-de-leon
SAINT-POL-DE-LEON,"Saint pol de léon , vue sur mer exceptionnelle, maison contemporaine 4 ch....",https://www.etreproprio.com/immobilier-22879141-vente-saint-pol-de-leon-vue-sur-mer-exceptionnelle-maison-contemporaine-4-ch-saint-pol-de-leon
SAINT-POL-DE-LEON,Maison saint pol de leon 5 pièces 72 m²,https://www.etreproprio.com/immobilier-23477700-vente-maison-saint-pol-de-leon-5-pieces-72-m-saint-pol-de-leon
SAINT-POL-DE-LEON,"Finistère nord, saint-pol-de-léon, propriété sans vis-à-vis   proche de la mer...",https://www.etreproprio.com/immobilier-19929966-vente-finistere-nord-saint-pol-de-leon-propriete-sans-vis-a-vis-proche-de-la-mer-saint-pol-de-leon
SAINT-POL-DE-LEON,"St pol de léon, centre ville, maison entièrement rénovée..",https://www.etreproprio.com/immobilier-23229448-vente-st-pol-de-leon-centre-ville-maison-entierement-renovee-saint-pol-de-leon
SAINT-POL-DE-LEON,Maison 8 pièce(s) 154 m2,https://www.etreproprio.com/immobilier-23376760-vente-maison-8-pieces-154-m2-saint-pol-de-leon
SAINT-POL-DE-LEON,Maison 164m² à saint-pol-de-leon,https://www.etreproprio.com/immobilier-23360439-vente-maison-164m-a-saint-pol-de-leon-saint-pol-de-leon
SAINT-POL-DE-LEON,Maison 186m² à saint-pol-de-leon,https://www.etreproprio.com/immobilier-23143036-vente-maison-186m-a-saint-pol-de-leon-saint-pol-de-leon
SAINT-POL-DE-LEON,"St pol de léon, maison vue sur mer exceptionnelle...",https://www.etreproprio.com/immobilier-22633448-vente-st-pol-de-leon-maison-vue-sur-mer-exceptionnelle-saint-pol-de-leon
SAINT-POL-DE-LEON,Maison 128m² à saint-pol-de-leon,https://www.etreproprio.com/immobilier-22681513-vente-maison-128m-a-saint-pol-de-leon-saint-pol-de-leon
SAINT-POL-DE-LEON,Maison 136m² à saint-pol-de-leon,https://www.etreproprio.com/immobilier-22362024-vente-maison-136m-a-saint-pol-de-leon-saint-pol-de-leon
SAINT-POL-DE-LEON,Maison 164m² à saint-pol-de-leon,https://www.etreproprio.com/immobilier-23037727-vente-maison-164m-a-saint-pol-de-leon-saint-pol-de-leon
SAINT-RENAN,"Maison traditionnelle à vendre à saint-renan, un havre de paix",https://www.etreproprio.com/immobilier-23878909-vente-maison-traditionnelle-a-vendre-a-saint-renan-un-havre-de-paix-saint-renan
SAINT-RENAN,Maison en pierre rénovée - 72 m² - centre ville de saint-renan,https://www.etreproprio.com/immobilier-23512032-vente-maison-en-pierre-renovee-72-m-centre-ville-de-saint-renan-saint-renan
SAINT-RENAN,Maison saint renan 5 pièce(s) 100 m2,https://www.etreproprio.com/immobilier-23778908-vente-maison-saint-renan-5-pieces-100-m2-saint-renan
SAINT-RENAN,Finistere - saint-renan (29290) - a vendre - maison t8 114m² - 5 chambres possible 6 - garage - beau potentiel - sur terrain clo,https://www.etreproprio.com/immobilier-23747596-vente-finistere-saint-renan-29290-a-vendre-maison-t8-114m-5-chambres-possible-6-garage-beau-potentiel-sur-terrain-clo-saint-renan
SAINT-RENAN,Saint renan maison t7 non mitoyenne,https://www.etreproprio.com/immobilier-23560777-vente-saint-renan-maison-t7-non-mitoyenne-saint-renan
SAINT-RENAN,Saint renan maison t7 non mitoyenne,https://www.etreproprio.com/immobilier-23560781-vente-saint-renan-maison-t7-non-mitoyenne-saint-renan
SAINT-RENAN,Exclusivite   a vendre  saint renan  maison t6  159m²  3 chambres  possibilite 4  parfait etat,https://www.etreproprio.com/immobilier-23740445-vente-exclusivite-a-vendre-saint-renan-maison-t6-159m-3-chambres-possibilite-4-parfait-etat-saint-renan
SAINT-RENAN,Maison saint renan 6 pièce(s) 152.21 m2,https://www.etreproprio.com/immobilier-23433271-vente-maison-saint-renan-6-pieces-15221-m2-saint-renan
SAINT-RENAN,Maison saint renan 4 pièce(s) 89 m2,https://www.etreproprio.com/immobilier-23711868-vente-maison-saint-renan-4-pieces-89-m2-saint-renan
SAINT-RENAN,maison familiale – 6 pièces – emplacement recherché à saint-renan,https://www.etreproprio.com/immobilier-23693635-vente-maison-familiale-6-pieces-emplacement-recherche-a-saint-renan-saint-renan
SAINT-RENAN,Maison saint renan 6 pièce(s) 127.7 m2,https://www.etreproprio.com/immobilier-23669752-vente-maison-saint-renan-6-pieces-1277-m2-saint-renan
SAINT-RENAN,Saint renan - maison t5 de plain pied située  à proximité des commerces et dans un,https://www.etreproprio.com/immobilier-23321157-vente-saint-renan-maison-t5-de-plain-pied-situee-a-proximite-des-commerces-et-dans-un-saint-renan
SAINT-RENAN,Saint renan - maison t5 de plain pied située  à proximité des commerces et dans un,https://www.etreproprio.com/immobilier-23321159-vente-saint-renan-maison-t5-de-plain-pied-situee-a-proximite-des-commerces-et-dans-un-saint-renan
SAINT-RENAN,Maison saint-renan 5 pièce(s)  145m2,https://www.etreproprio.com/immobilier-22927269-vente-maison-saint-renan-5-pieces-145m2-saint-renan
SAINT-RENAN,Saint renan maison t6 non mitoyenne,https://www.etreproprio.com/immobilier-23560776-vente-saint-renan-maison-t6-non-mitoyenne-saint-renan
SAINT-RENAN,Saint renan maison t6 non mitoyenne,https://www.etreproprio.com/immobilier-23560780-vente-saint-renan-maison-t6-non-mitoyenne-saint-renan
SAINT-RENAN,Saint-renan — maison d’architecte signée jean-luc hery,https://www.etreproprio.com/immobilier-23490149-vente-saint-renan-maison-d-architecte-signee-jean-luc-hery-saint-renan
SAINT-RENAN,Belle propriété à st renan !,https://www.etreproprio.com/immobilier-23468869-vente-belle-propriete-a-st-renan-saint-renan
SAINT-RENAN,Maison saint renan 6 pièce(s) 119 m2,https://www.etreproprio.com/immobilier-23165004-vente-maison-saint-renan-6-pieces-119-m2-saint-renan
SAINT-RENAN,Saint-renan maison t7 contemporaine avec vie de plain pied,https://www.etreproprio.com/immobilier-23391818-vente-saint-renan-maison-t7-contemporaine-avec-vie-de-plain-pied-saint-renan
SAINT-RIVOAL,Maison de caractère saint rivoal (29),https://www.etreproprio.com/immobilier-23392516-vente-maison-de-caractere-saint-rivoal-29-saint-rivoal
SAINT-RIVOAL,Finistere - saint-rivoal (29190) - a vendre - maison renovee en 1999 de  165m²  - 4 chambres - sous sol complet - 3 hangars - 90,https://www.etreproprio.com/immobilier-23342580-vente-finistere-saint-rivoal-29190-a-vendre-maison-renovee-en-1999-de-165m-4-chambres-sous-sol-complet-3-hangars-90-saint-rivoal
SAINT-RIVOAL,Maison 165m² à saint-rivoal,https://www.etreproprio.com/immobilier-22735256-vente-maison-165m-a-saint-rivoal-saint-rivoal
SAINT-RIVOAL,Monts d'arrée belle maison bourgeoise de bourg,https://www.etreproprio.com/immobilier-21288094-vente-monts-d-arree-belle-maison-bourgeoise-de-bourg-saint-rivoal
SAINT-POL-DE-LEON,"St pol de léon, jolie vue dégagée, maison de 5 chambres, jardin et hangar...",https://www.etreproprio.com/immobilier-21554743-vente-st-pol-de-leon-jolie-vue-degagee-maison-de-5-chambres-jardin-et-hangar-saint-pol-de-leon
SAINT-POL-DE-LEON,"Maison individuelle située à saint-pol-de-léon. construite en 1985, cette maison de 6 pièces de 137 m2 sur un terrain de 1425m²",https://www.etreproprio.com/immobilier-22988224-vente-maison-individuelle-situee-a-saint-pol-de-leon-construite-en-1985-cette-maison-de-6-pieces-de-137-m2-sur-un-terrain-de-1425m-saint-pol-de-leon
SAINT-POL-DE-LEON,Maison 260m² à saint-pol-de-leon,https://www.etreproprio.com/immobilier-22976245-vente-maison-260m-a-saint-pol-de-leon-saint-pol-de-leon
SAINT-POL-DE-LEON,Maison 49m² à saint-pol-de-leon,https://www.etreproprio.com/immobilier-22969083-vente-maison-49m-a-saint-pol-de-leon-saint-pol-de-leon
SAINT-POL-DE-LEON,Maison 133m² à saint-pol-de-leon,https://www.etreproprio.com/immobilier-22239916-vente-maison-133m-a-saint-pol-de-leon-saint-pol-de-leon
SAINT-POL-DE-LEON,Maison saint pol de léon 4 pièces 72 m²,https://www.etreproprio.com/immobilier-22942718-vente-maison-saint-pol-de-leon-4-pieces-72-m-saint-pol-de-leon
SAINT-POL-DE-LEON,A vendre  maison en pierres  saint-pol-de-léon,https://www.etreproprio.com/immobilier-21143128-vente-a-vendre-maison-en-pierres-saint-pol-de-leon-saint-pol-de-leon
SAINT-POL-DE-LEON,Maison 148m² à saint-pol-de-leon,https://www.etreproprio.com/immobilier-21001015-vente-maison-148m-a-saint-pol-de-leon-saint-pol-de-leon
SAINT-POL-DE-LEON,Maison 136m² à saint-pol-de-leon,https://www.etreproprio.com/immobilier-22646942-vente-maison-136m-a-saint-pol-de-leon-saint-pol-de-leon
SAINT-POL-DE-LEON,A vendre. maison. saint pol de léon. proche mer.,https://www.etreproprio.com/immobilier-21143120-vente-a-vendre-maison-saint-pol-de-leon-proche-mer-saint-pol-de-leon
SAINT-POL-DE-LEON,Maison à réhabiliter à vendre,https://www.etreproprio.com/immobilier-22601022-vente-maison-a-rehabiliter-a-vendre-saint-pol-de-leon
SAINT-POL-DE-LEON,Maison 164m² à saint-pol-de-leon,https://www.etreproprio.com/immobilier-19552456-vente-maison-164m-a-saint-pol-de-leon-saint-pol-de-leon
SAINT-POL-DE-LEON,Maison 32m² à saint-pol-de-leon,https://www.etreproprio.com/immobilier-19941446-vente-maison-32m-a-saint-pol-de-leon-saint-pol-de-leon
SAINT-POL-DE-LEON,"Saint-pol-de-léon, maison de ville 4 chambres...",https://www.etreproprio.com/immobilier-20997901-vente-saint-pol-de-leon-maison-de-ville-4-chambres-saint-pol-de-leon
SAINT-POL-DE-LEON,Maison 98m² à saint-pol-de-léon,https://www.etreproprio.com/immobilier-22316336-vente-maison-98m-a-saint-pol-de-leon-saint-pol-de-leon
SAINT-POL-DE-LEON,A vendre. maison. saint-pol-de-léon,https://www.etreproprio.com/immobilier-21077626-vente-a-vendre-maison-saint-pol-de-leon-saint-pol-de-leon
SAINT-POL-DE-LEON,Maison 149m² à saint-pol-de-leon,https://www.etreproprio.com/immobilier-22239721-vente-maison-149m-a-saint-pol-de-leon-saint-pol-de-leon
SAINT-POL-DE-LEON,Maison 149m² à saint-pol-de-leon,https://www.etreproprio.com/immobilier-22158695-vente-maison-149m-a-saint-pol-de-leon-saint-pol-de-leon
SAINT-POL-DE-LEON,"Saint-pol-de-léon, petite maison de centre ville à rénover.",https://www.etreproprio.com/immobilier-21929241-vente-saint-pol-de-leon-petite-maison-de-centre-ville-a-renover-saint-pol-de-leon
SAINT-POL-DE-LEON,"Finistère nord, saint pol de leon, centre ville, maison en pierres, 4 ch..",https://www.etreproprio.com/immobilier-21722892-vente-finistere-nord-saint-pol-de-leon-centre-ville-maison-en-pierres-4-ch-saint-pol-de-leon
SAINT-RENAN,Saint-renan maison t7 contemporaine avec vie de plain pied,https://www.etreproprio.com/immobilier-23391791-vente-saint-renan-maison-t7-contemporaine-avec-vie-de-plain-pied-saint-renan
SAINT-RENAN,Finistere - saint-renan (29290) - a vendre - manoir - finistere  - a vendre - propriete de 917 m2 - nombreuses chambres - depend,https://www.etreproprio.com/immobilier-23342578-vente-finistere-saint-renan-29290-a-vendre-manoir-finistere-a-vendre-propriete-de-917-m2-nombreuses-chambres-depend-saint-renan
SAINT-RENAN,A vendre : maison a saint renan (29290),https://www.etreproprio.com/immobilier-23311235-vente-a-vendre-maison-a-saint-renan-29290-saint-renan
SAINT-RENAN,Maison saint renan 7 pièce(s) 135 m2,https://www.etreproprio.com/immobilier-22669557-vente-maison-saint-renan-7-pieces-135-m2-saint-renan
SAINT-RENAN,Saint renan maison t6 récente non mitoyenne,https://www.etreproprio.com/immobilier-23250896-vente-saint-renan-maison-t6-recente-non-mitoyenne-saint-renan
SAINT-RENAN,Saint renan maison t6 récente non mitoyenne,https://www.etreproprio.com/immobilier-23250902-vente-saint-renan-maison-t6-recente-non-mitoyenne-saint-renan
SAINT-RENAN,"Maison familiale ou investissement, 154 m² saint-renan",https://www.etreproprio.com/immobilier-23157352-vente-maison-familiale-ou-investissement-154-m-saint-renan-saint-renan
SAINT-RENAN,Maison à vendre 6 pièces saint renan (29),https://www.etreproprio.com/immobilier-23034623-vente-maison-a-vendre-6-pieces-saint-renan-29-saint-renan
SAINT-RENAN,Maison 123m² à saint-renan,https://www.etreproprio.com/immobilier-23049651-vente-maison-123m-a-saint-renan-saint-renan
SAINT-RENAN,A vendre belle contemporaine de 2024,https://www.etreproprio.com/immobilier-22921245-vente-a-vendre-belle-contemporaine-de-2024-saint-renan
SAINT-RENAN,Maison d'architecte renovee 6 chambres bourg de saint-renan,https://www.etreproprio.com/immobilier-22620857-vente-maison-d-architecte-renovee-6-chambres-bourg-de-saint-renan-saint-renan
SAINT-RENAN,"Dpt finistère (29), à vendre brest sectueur st renan maison t8 de 311 m² - terrain de 2485 m²",https://www.etreproprio.com/immobilier-22561963-vente-dpt-finistere-29-a-vendre-brest-sectueur-st-renan-maison-t8-de-311-m-terrain-de-2485-m-saint-renan
SAINT-RENAN,"Saint-renan, maison 7 pièces 123 m2, 5 chambres",https://www.etreproprio.com/immobilier-22540530-vente-saint-renan-maison-7-pieces-123-m2-5-chambres-saint-renan
SAINT-RENAN,Maison 308m² à saint-renan,https://www.etreproprio.com/immobilier-21504350-vente-maison-308m-a-saint-renan-saint-renan
SAINT-SAUVEUR,Maison sur saint sauveur,https://www.etreproprio.com/immobilier-23855222-vente-maison-sur-saint-sauveur-saint-sauveur
SAINT-SAUVEUR,Une opportunité rare - maison clé en main,https://www.etreproprio.com/immobilier-23508196-vente-une-opportunite-rare-maison-cle-en-main-saint-sauveur
SAINT-SAUVEUR,Maison 139m² à saint-sauveur,https://www.etreproprio.com/immobilier-23697909-vente-maison-139m-a-saint-sauveur-saint-sauveur
SAINT-SAUVEUR,A vendre à saint sauveur maison néo-bretonne de 150 m²,https://www.etreproprio.com/immobilier-23548870-vente-a-vendre-a-saint-sauveur-maison-neo-bretonne-de-150-m-saint-sauveur
SAINT-SAUVEUR,Maison 65m² à saint-sauveur,https://www.etreproprio.com/immobilier-23525243-vente-maison-65m-a-saint-sauveur-saint-sauveur
SAINT-SEGAL,Saint ségal,https://www.etreproprio.com/immobilier-23054828-vente-saint-segal-saint-segal
SAINT-SEGAL,Achat maison saint segal 5 pièce(s) 120 m2,https://www.etreproprio.com/immobilier-21825632-vente-achat-maison-saint-segal-5-pieces-120-m2-saint-segal
SAINT-SEGAL,"Saint segal, belle maison familiale.",https://www.etreproprio.com/immobilier-21810696-vente-saint-segal-belle-maison-familiale-saint-segal
SAINT-POL-DE-LEON,Maison 117m² à saint-pol-de-leon,https://www.etreproprio.com/immobilier-21501109-vente-maison-117m-a-saint-pol-de-leon-saint-pol-de-leon
SAINT-POL-DE-LEON,Maison saint pol de leon 8 pièce(s) 206 m2,https://www.etreproprio.com/immobilier-18649502-vente-maison-saint-pol-de-leon-8-pieces-206-m2-saint-pol-de-leon
SAINT-POL-DE-LEON,Maison saint pol de leon 6 pièce(s) 140 m2 + local de 100 m2,https://www.etreproprio.com/immobilier-18615365-vente-maison-saint-pol-de-leon-6-pieces-140-m2-local-de-100-m2-saint-pol-de-leon
SAINT-SERVAIS,Maison à vendre à saint servais - référence 423cd,https://www.etreproprio.com/immobilier-23861627-vente-maison-a-vendre-a-saint-servais-reference-423cd-saint-servais
SAINT-SERVAIS,Maison 4 chambres 101m2 sur sous sol complet avec dependance,https://www.etreproprio.com/immobilier-23857367-vente-maison-4-chambres-101m2-sur-sous-sol-complet-avec-dependance-saint-servais
SAINT-SERVAIS,Maison familiale 4 chambres 113m2 sur terrain de 650m2,https://www.etreproprio.com/immobilier-23773963-vente-maison-familiale-4-chambres-113m2-sur-terrain-de-650m2-saint-servais
SAINTE-SEVE,Maison 134m² à sainte-seve,https://www.etreproprio.com/immobilier-23904283-vente-maison-134m-a-sainte-seve-sainte-seve
SAINTE-SEVE,Maison 125m² à sainte-seve,https://www.etreproprio.com/immobilier-23765844-vente-maison-125m-a-sainte-seve-sainte-seve
SAINTE-SEVE,Maison 126m² à sainte-seve,https://www.etreproprio.com/immobilier-23479217-vente-maison-126m-a-sainte-seve-sainte-seve
SAINTE-SEVE,Maison 217m² à sainte-sève,https://www.etreproprio.com/immobilier-23468929-vente-maison-217m-a-sainte-seve-sainte-seve
SAINTE-SEVE,Maison à vendre 8 pièces sainte seve (29),https://www.etreproprio.com/immobilier-23295725-vente-maison-a-vendre-8-pieces-sainte-seve-29-sainte-seve
SAINTE-SEVE,Villa d’exception 697 m² à marbella,https://www.etreproprio.com/immobilier-22457513-vente-villa-d-exception-697-m-a-marbella-sainte-seve
SAINT-THEGONNEC,A vendre - propriété 7 pièces 158 m²,https://www.etreproprio.com/immobilier-23894155-vente-a-vendre-propriete-7-pieces-158-m-saint-thegonnec
SAINT-THEGONNEC,Maison 84m² à saint-thegonnec,https://www.etreproprio.com/immobilier-23439576-vente-maison-84m-a-saint-thegonnec-saint-thegonnec
SAINT-THEGONNEC,"À vendre   maison en pierre de 158 m2, au calme de la campagne",https://www.etreproprio.com/immobilier-23128778-vente-a-vendre-maison-en-pierre-de-158-m2-au-calme-de-la-campagne-saint-thegonnec
SAINT-THEGONNEC,"Exclusivité st thegonnec  belle maison t6, 150 m² habitables",https://www.etreproprio.com/immobilier-21988716-vente-exclusivite-st-thegonnec-belle-maison-t6-150-m-habitables-saint-thegonnec
SAINT-THEGONNEC,Maison 80m² à saint-thegonnec,https://www.etreproprio.com/immobilier-21471140-vente-maison-80m-a-saint-thegonnec-saint-thegonnec
SAINT-THOIS,Maison 92m² à saint-thois,https://www.etreproprio.com/immobilier-23742676-vente-maison-92m-a-saint-thois-saint-thois
SAINT-THOIS,Maison 138m² à saint-thois,https://www.etreproprio.com/immobilier-23447709-vente-maison-138m-a-saint-thois-saint-thois
SAINT-THOIS,Maison 158m² à saint-thois,https://www.etreproprio.com/immobilier-23193820-vente-maison-158m-a-saint-thois-saint-thois
SAINT-THOIS,Maison saint thois 3 pièce(s) 56 m2,https://www.etreproprio.com/immobilier-22352638-vente-maison-saint-thois-3-pieces-56-m2-saint-thois
SAINT-THOIS,Maison 56m² à saint-thois,https://www.etreproprio.com/immobilier-22322319-vente-maison-56m-a-saint-thois-saint-thois
SAINT-THOIS,Maison 121m² à saint-thois,https://www.etreproprio.com/immobilier-19461406-vente-maison-121m-a-saint-thois-saint-thois
SAINT-THONAN,Exclusivite à vendre maison saint-thonan 4 chambres 130m2 terrain 1000m2 sous-sol,https://www.etreproprio.com/immobilier-23889519-vente-exclusivite-a-vendre-maison-saint-thonan-4-chambres-130m2-terrain-1000m2-sous-sol-saint-thonan
SAINT-THONAN,Maison 110m² à saint-thonan,https://www.etreproprio.com/immobilier-23822472-vente-maison-110m-a-saint-thonan-saint-thonan
SAINT-THONAN,Maison 156m² à saint-thonan,https://www.etreproprio.com/immobilier-23810842-vente-maison-156m-a-saint-thonan-saint-thonan
SAINT-THONAN,Maison sur saint thonan,https://www.etreproprio.com/immobilier-23705243-vente-maison-sur-saint-thonan-saint-thonan
SAINT-THONAN,Maison de plain pied,https://www.etreproprio.com/immobilier-23341423-vente-maison-de-plain-pied-saint-thonan
SAINT-THONAN,Maison 110m² à saint-thonan,https://www.etreproprio.com/immobilier-22032077-vente-maison-110m-a-saint-thonan-saint-thonan
SAINT-THURIEN,Saint thurien maison 2 chambres,https://www.etreproprio.com/immobilier-23659265-vente-saint-thurien-maison-2-chambres-saint-thurien
SAINT-THURIEN,En exclusivité : maison coup de coeur pour personnes en recherche de simplicité et d'authenticité,https://www.etreproprio.com/immobilier-22927926-vente-en-exclusivite-maison-coup-de-coeur-pour-personnes-en-recherche-de-simplicite-et-d-authenticite-saint-thurien
SAINT-THURIEN,Maison 145m² à saint-thurien,https://www.etreproprio.com/immobilier-21021990-vente-maison-145m-a-saint-thurien-saint-thurien
SAINT-THURIEN,Maison 156m² à saint-thurien,https://www.etreproprio.com/immobilier-21517721-vente-maison-156m-a-saint-thurien-saint-thurien
SAINT-URBAIN,Maison 100m² à saint-urbain,https://www.etreproprio.com/immobilier-23268569-vente-maison-100m-a-saint-urbain-saint-urbain
SAINT-URBAIN,Maison à vendre à saint urbain,https://www.etreproprio.com/immobilier-22557204-vente-maison-a-vendre-a-saint-urbain-saint-urbain
SAINT-URBAIN,Nouveauté bsk - opportunité à saisir,https://www.etreproprio.com/immobilier-23393670-vente-nouveaute-bsk-opportunite-a-saisir-saint-urbain
SAINT-URBAIN,Maison 139m² à saint-urbain,https://www.etreproprio.com/immobilier-23737418-vente-maison-139m-a-saint-urbain-saint-urbain
SAINT-URBAIN,Saint urbain,https://www.etreproprio.com/immobilier-23693649-vente-saint-urbain-saint-urbain
SAINT-URBAIN,Maison 125m² à saint-urbain,https://www.etreproprio.com/immobilier-23017271-vente-maison-125m-a-saint-urbain-saint-urbain
SAINT-URBAIN,À vendre – maison avec local pro indépendant / t3 locatif,https://www.etreproprio.com/immobilier-22949043-vente-a-vendre-maison-avec-local-pro-independant-t3-locatif-saint-urbain
SAINT-URBAIN,Maison saint urbain 7 pièce(s) 230 m2,https://www.etreproprio.com/immobilier-23514833-vente-maison-saint-urbain-7-pieces-230-m2-saint-urbain
SAINT-URBAIN,""" déjà vendu par kerebel immobilier """,https://www.etreproprio.com/immobilier-16276677-vente-deja-vendu-par-kerebel-immobilier-saint-urbain
SAINT-URBAIN,""" vendu par kerebel immobilier """,https://www.etreproprio.com/immobilier-15157272-vente-vendu-par-kerebel-immobilier-saint-urbain
SAINT-URBAIN,""" déjà vendu par kerebel immobilier """,https://www.etreproprio.com/immobilier-14421246-vente-deja-vendu-par-kerebel-immobilier-saint-urbain
SAINT-URBAIN,""" deja vendu par kerebel immobilier """,https://www.etreproprio.com/immobilier-12089724-vente-deja-vendu-par-kerebel-immobilier-saint-urbain
SAINT-VOUGAY,Maison 125m² à saint-vougay,https://www.etreproprio.com/immobilier-23767753-vente-maison-125m-a-saint-vougay-saint-vougay
SAINT-VOUGAY,Maison 73m² à saint-vougay,https://www.etreproprio.com/immobilier-23625687-vente-maison-73m-a-saint-vougay-saint-vougay
SAINT-VOUGAY,Maison 148m² à saint-vougay,https://www.etreproprio.com/immobilier-22281015-vente-maison-148m-a-saint-vougay-saint-vougay
SAINT-VOUGAY,Maison 86m² à saint-vougay,https://www.etreproprio.com/immobilier-23360352-vente-maison-86m-a-saint-vougay-saint-vougay
SAINT-VOUGAY,"Propriété comprenant maison, hangar et dépendances",https://www.etreproprio.com/immobilier-22560396-vente-propriete-comprenant-maison-hangar-et-dependances-saint-vougay
SAINT-YVI,Jolie contemporaine! saint yvi,https://www.etreproprio.com/immobilier-23757219-vente-jolie-contemporaine-saint-yvi-saint-yvi
SAINT-YVI,Charmante maison au toit de chaume sur vaste terrain arboré,https://www.etreproprio.com/immobilier-23649841-vente-charmante-maison-au-toit-de-chaume-sur-vaste-terrain-arbore-saint-yvi
SAINT-YVI,Maison sur saint yvi,https://www.etreproprio.com/immobilier-23705238-vente-maison-sur-saint-yvi-saint-yvi
SAINT-YVI,Maison st yvi 5 pièce(s) 102 m²,https://www.etreproprio.com/immobilier-23374875-vente-maison-st-yvi-5-pieces-102-m-saint-yvi
SAINT-YVI,#454 - a vendre - maison t4 - saint yvi,https://www.etreproprio.com/immobilier-22153083-vente-454-a-vendre-maison-t4-saint-yvi-saint-yvi
SAINT-YVI,Maison saint yvi 5 pièce(s) 81 m2,https://www.etreproprio.com/immobilier-22496503-vente-maison-saint-yvi-5-pieces-81-m2-saint-yvi
SAINT-YVI,Maison 81m² à saint-yvi,https://www.etreproprio.com/immobilier-22441860-vente-maison-81m-a-saint-yvi-saint-yvi
SANTEC,Santec : maison 8 pièces - 5 chambres - terrain de 1200m²,https://www.etreproprio.com/immobilier-23906080-vente-santec-maison-8-pieces-5-chambres-terrain-de-1200m-santec
SANTEC,Maison 123m² à santec,https://www.etreproprio.com/immobilier-23891201-vente-maison-123m-a-santec-santec
SANTEC,Maison 214m² à santec,https://www.etreproprio.com/immobilier-21880695-vente-maison-214m-a-santec-santec
SANTEC,Maison 130m² à santec,https://www.etreproprio.com/immobilier-23828881-vente-maison-130m-a-santec-santec
SANTEC,Maison 120m² à santec,https://www.etreproprio.com/immobilier-23789044-vente-maison-120m-a-santec-santec
SANTEC,Maison 123m² à santec,https://www.etreproprio.com/immobilier-23789046-vente-maison-123m-a-santec-santec
SANTEC,Maison 112m² à santec,https://www.etreproprio.com/immobilier-23789047-vente-maison-112m-a-santec-santec
SANTEC,Maison santec 6 pièce(s) 107 m2,https://www.etreproprio.com/immobilier-22398634-vente-maison-santec-6-pieces-107-m2-santec
SANTEC,Maison 110m² à santec,https://www.etreproprio.com/immobilier-21364468-vente-maison-110m-a-santec-santec
SANTEC,Maison 107m² à santec,https://www.etreproprio.com/immobilier-21712000-vente-maison-107m-a-santec-santec
SANTEC,Maison santec bord de mer,https://www.etreproprio.com/immobilier-22318905-vente-maison-santec-bord-de-mer-santec
SANTEC,Maison 73m² à santec,https://www.etreproprio.com/immobilier-22749506-vente-maison-73m-a-santec-santec
SANTEC,Maison 150m² à santec,https://www.etreproprio.com/immobilier-22681374-vente-maison-150m-a-santec-santec
SANTEC,Maison recente au dossen en bord de mer,https://www.etreproprio.com/immobilier-22318908-vente-maison-recente-au-dossen-en-bord-de-mer-santec
SANTEC,Maison 215m² à santec,https://www.etreproprio.com/immobilier-20631545-vente-maison-215m-a-santec-santec
SANTEC,Maison 149m² à santec,https://www.etreproprio.com/immobilier-22717614-vente-maison-149m-a-santec-santec
SANTEC,Maison 120m² à santec,https://www.etreproprio.com/immobilier-21381451-vente-maison-120m-a-santec-santec
SANTEC,Maison 119m² à santec,https://www.etreproprio.com/immobilier-22426368-vente-maison-119m-a-santec-santec
SANTEC,Maison récente avec vie de plain-pied – santec – 127 m²,https://www.etreproprio.com/immobilier-22162349-vente-maison-recente-avec-vie-de-plain-pied-santec-127-m-santec
SANTEC,Maison santec 6 pièce(s) 139 m2,https://www.etreproprio.com/immobilier-22078562-vente-maison-santec-6-pieces-139-m2-santec
SCAER,Maison 153m² à scaer,https://www.etreproprio.com/immobilier-23078296-vente-maison-153m-a-scaer-scaer
SCAER,Maison 147m² à scaer,https://www.etreproprio.com/immobilier-23882869-vente-maison-147m-a-scaer-scaer
SCAER,Belle maison proche de scaer sur un terrain de 4200 m2 dont une partie constructible,https://www.etreproprio.com/immobilier-22021644-vente-belle-maison-proche-de-scaer-sur-un-terrain-de-4200-m2-dont-une-partie-constructible-scaer
SCAER,Maison 185m² à scaer,https://www.etreproprio.com/immobilier-23387569-vente-maison-185m-a-scaer-scaer
SCAER,Maison 60m² à scaer,https://www.etreproprio.com/immobilier-23355772-vente-maison-60m-a-scaer-scaer
SCAER,Maison 115m² à scaer,https://www.etreproprio.com/immobilier-23769664-vente-maison-115m-a-scaer-scaer
SCAER,Maison 75m² à scaer,https://www.etreproprio.com/immobilier-23756694-vente-maison-75m-a-scaer-scaer
SCAER,Maison 113m² à scaer,https://www.etreproprio.com/immobilier-23691587-vente-maison-113m-a-scaer-scaer
SCAER,Maison 128m² à scaer,https://www.etreproprio.com/immobilier-23662803-vente-maison-128m-a-scaer-scaer
SCAER,Maison de ville,https://www.etreproprio.com/immobilier-22132121-vente-maison-de-ville-scaer
SCAER,Maison 119m² à scaer,https://www.etreproprio.com/immobilier-23620564-vente-maison-119m-a-scaer-scaer
SCAER,Maison scaer 11 pièce(s) 252 m2,https://www.etreproprio.com/immobilier-23610966-vente-maison-scaer-11-pieces-252-m2-scaer
SCAER,Maison scaer 4 pièce(s) 89 m2,https://www.etreproprio.com/immobilier-23579153-vente-maison-scaer-4-pieces-89-m2-scaer
SCAER,Maison familiale en ville,https://www.etreproprio.com/immobilier-23586402-vente-maison-familiale-en-ville-scaer
SCAER,Maison de campagne,https://www.etreproprio.com/immobilier-23562946-vente-maison-de-campagne-scaer
SCAER,Maison 300m² à scaer,https://www.etreproprio.com/immobilier-23389467-vente-maison-300m-a-scaer-scaer
SCAER,Maison 90m² à scaer,https://www.etreproprio.com/immobilier-23544975-vente-maison-90m-a-scaer-scaer
SCAER,"Maison de 10 pièces, 213 m2 à scaër (29390)",https://www.etreproprio.com/immobilier-23019995-vente-maison-de-10-pieces-213-m2-a-scaer-29390-scaer
SCAER,"Scaër, maison 6 pièces avec vie de plain-pied",https://www.etreproprio.com/immobilier-19179519-vente-scaer-maison-6-pieces-avec-vie-de-plain-pied-scaer
SCAER,Magnifique domaine aux abords de scaër,https://www.etreproprio.com/immobilier-23496107-vente-magnifique-domaine-aux-abords-de-scaer-scaer
SCRIGNAC,Maison 100m² à scrignac,https://www.etreproprio.com/immobilier-23838018-vente-maison-100m-a-scrignac-scrignac
SCRIGNAC,Sous-offre-nouveaute- maison en pierre - 2 pièces,https://www.etreproprio.com/immobilier-23760959-vente-sous-offre-nouveaute-maison-en-pierre-2-pieces-scrignac
SCRIGNAC,Maison 138m² à scrignac,https://www.etreproprio.com/immobilier-23740323-vente-maison-138m-a-scrignac-scrignac
SCRIGNAC,Maison 149m² à scrignac,https://www.etreproprio.com/immobilier-23700247-vente-maison-149m-a-scrignac-scrignac
SCRIGNAC,A vendre corps de ferme composé de deux maisons.,https://www.etreproprio.com/immobilier-23629701-vente-a-vendre-corps-de-ferme-compose-de-deux-maisons-scrignac
SCRIGNAC,Maison 80m² à scrignac,https://www.etreproprio.com/immobilier-23567452-vente-maison-80m-a-scrignac-scrignac
SCRIGNAC,Maison 50m² à scrignac,https://www.etreproprio.com/immobilier-23412640-vente-maison-50m-a-scrignac-scrignac
SCRIGNAC,Maison 110m² à scrignac,https://www.etreproprio.com/immobilier-23064538-vente-maison-110m-a-scrignac-scrignac
SCRIGNAC,Maison 45m² à scrignac,https://www.etreproprio.com/immobilier-22950601-vente-maison-45m-a-scrignac-scrignac
SCRIGNAC,Dans la campagne des monts d'arrée,https://www.etreproprio.com/immobilier-22551145-vente-dans-la-campagne-des-monts-d-arree-scrignac
SCRIGNAC,Maison 100m² à scrignac,https://www.etreproprio.com/immobilier-21464188-vente-maison-100m-a-scrignac-scrignac
SCRIGNAC,Magnifique vue sur les monts d'arrée,https://www.etreproprio.com/immobilier-22034509-vente-magnifique-vue-sur-les-monts-d-arree-scrignac
SIBIRIL,Maison 177m² à sibiril,https://www.etreproprio.com/immobilier-22161410-vente-maison-177m-a-sibiril-sibiril
SIBIRIL,Maison 78m² à sibiril,https://www.etreproprio.com/immobilier-22675620-vente-maison-78m-a-sibiril-sibiril
SIBIRIL,Sibiril : ensemble de 2 maisons avec 4000m² de terrain,https://www.etreproprio.com/immobilier-23663855-vente-sibiril-ensemble-de-2-maisons-avec-4000m-de-terrain-sibiril
SIBIRIL,"Sibiril, moguériec, maison contemporaine proche plage",https://www.etreproprio.com/immobilier-23289527-vente-sibiril-mogueriec-maison-contemporaine-proche-plage-sibiril
SIBIRIL,Fort potentiel pour cette maison de 250m2 à 4 kilomètres des plages,https://www.etreproprio.com/immobilier-23562097-vente-fort-potentiel-pour-cette-maison-de-250m2-a-4-kilometres-des-plages-sibiril
SIBIRIL,Maison 250m² à sibiril,https://www.etreproprio.com/immobilier-23525339-vente-maison-250m-a-sibiril-sibiril
SIBIRIL,Maison 116m² à sibiril,https://www.etreproprio.com/immobilier-23524717-vente-maison-116m-a-sibiril-sibiril
SIBIRIL,Tres belle maison de plain-pied a 300m de la mer avec piscine couverte et sauna,https://www.etreproprio.com/immobilier-23486405-vente-tres-belle-maison-de-plain-pied-a-300m-de-la-mer-avec-piscine-couverte-et-sauna-sibiril
SIBIRIL,Maison 149m² à sibiril,https://www.etreproprio.com/immobilier-23048614-vente-maison-149m-a-sibiril-sibiril
SIBIRIL,Vente d'une maison t6 (134 m²) à sibiril,https://www.etreproprio.com/immobilier-23380621-vente-vente-d-une-maison-t6-134-m-a-sibiril-sibiril
SIBIRIL,Maison 145m² à sibiril,https://www.etreproprio.com/immobilier-23115563-vente-maison-145m-a-sibiril-sibiril
SIBIRIL,Maison 140m² à sibiril,https://www.etreproprio.com/immobilier-23115566-vente-maison-140m-a-sibiril-sibiril
SIBIRIL,Maison 85m² à sibiril,https://www.etreproprio.com/immobilier-22994157-vente-maison-85m-a-sibiril-sibiril
SIBIRIL,Maison sibiril 5 pièces 172 m²,https://www.etreproprio.com/immobilier-22942721-vente-maison-sibiril-5-pieces-172-m-sibiril
SIBIRIL,Maison 110m² à sibiril,https://www.etreproprio.com/immobilier-22920596-vente-maison-110m-a-sibiril-sibiril
SIBIRIL,Maison 110m² à sibiril,https://www.etreproprio.com/immobilier-21714900-vente-maison-110m-a-sibiril-sibiril
SIBIRIL,Maison 130m² à sibiril,https://www.etreproprio.com/immobilier-21576854-vente-maison-130m-a-sibiril-sibiril
SIBIRIL,"Finistère nord, sibiril, maison entièrement rénovée, vie de plain pied..",https://www.etreproprio.com/immobilier-22318944-vente-finistere-nord-sibiril-maison-entierement-renovee-vie-de-plain-pied-sibiril
SIBIRIL,"Nord finistère, sibiril, grande maison de 6 ch, quartier calme...",https://www.etreproprio.com/immobilier-19805901-vente-nord-finistere-sibiril-grande-maison-de-6-ch-quartier-calme-sibiril
SIBIRIL,Maison 120m² à sibiril,https://www.etreproprio.com/immobilier-20413343-vente-maison-120m-a-sibiril-sibiril
SANTEC,Maison 75m² à santec,https://www.etreproprio.com/immobilier-21709883-vente-maison-75m-a-santec-santec
SCAER,Maison scaer 5 pièce(s) 91 m2,https://www.etreproprio.com/immobilier-22632910-vente-maison-scaer-5-pieces-91-m2-scaer
SCAER,Maison 130m² à scaer,https://www.etreproprio.com/immobilier-21474854-vente-maison-130m-a-scaer-scaer
SCAER,Maison 120m² à scaer,https://www.etreproprio.com/immobilier-22766080-vente-maison-120m-a-scaer-scaer
SCAER,Belle longère authentique,https://www.etreproprio.com/immobilier-22445144-vente-belle-longere-authentique-scaer
SCAER,Maison familiale avec local professionel,https://www.etreproprio.com/immobilier-22355978-vente-maison-familiale-avec-local-professionel-scaer
SCAER,Maison 98m² à scaer,https://www.etreproprio.com/immobilier-23306221-vente-maison-98m-a-scaer-scaer
SCAER,"Maison 29390 scaer 7 pcs, dpe c",https://www.etreproprio.com/immobilier-21088657-vente-maison-29390-scaer-7-pcs-dpe-c-scaer
SCAER,Belle propriete a scaer,https://www.etreproprio.com/immobilier-23238196-vente-belle-propriete-a-scaer-scaer
SCAER,Maison à vendre 5 pièces scaer (29) - impasse - hangar - centre ville - 1410m²,https://www.etreproprio.com/immobilier-22613076-vente-maison-a-vendre-5-pieces-scaer-29-impasse-hangar-centre-ville-1410m-scaer
SCAER,Maison 190m² à scaer,https://www.etreproprio.com/immobilier-22326193-vente-maison-190m-a-scaer-scaer
SCAER,Maison 134m² à scaer,https://www.etreproprio.com/immobilier-21083736-vente-maison-134m-a-scaer-scaer
SCAER,Maison 186m² à scaer,https://www.etreproprio.com/immobilier-23225980-vente-maison-186m-a-scaer-scaer
SCAER,Maison familiale avec hangar,https://www.etreproprio.com/immobilier-23214723-vente-maison-familiale-avec-hangar-scaer
SCAER,Maison scaer 5 pièce(s) 112 m²,https://www.etreproprio.com/immobilier-23188629-vente-maison-scaer-5-pieces-112-m-scaer
SCAER,Maison avec dépendance à scaër,https://www.etreproprio.com/immobilier-22930274-vente-maison-avec-dependance-a-scaer-scaer
SCAER,Maison 190m² à scaer,https://www.etreproprio.com/immobilier-23169064-vente-maison-190m-a-scaer-scaer
SCAER,Maison 144m² à scaer,https://www.etreproprio.com/immobilier-23135443-vente-maison-144m-a-scaer-scaer
SCAER,Maison 160m² à scaer,https://www.etreproprio.com/immobilier-23124218-vente-maison-160m-a-scaer-scaer
SCAER,En exclusivité maison scaër 4 pièces,https://www.etreproprio.com/immobilier-22457288-vente-en-exclusivite-maison-scaer-4-pieces-scaer
SCAER,Charmante maison de ville,https://www.etreproprio.com/immobilier-23083324-vente-charmante-maison-de-ville-scaer
SCAER,Maison 140m² à scaer,https://www.etreproprio.com/immobilier-22579443-vente-maison-140m-a-scaer-scaer
SCAER,Maison 75m² à scaer,https://www.etreproprio.com/immobilier-22994052-vente-maison-75m-a-scaer-scaer
SCAER,Maison 130m² à scaer,https://www.etreproprio.com/immobilier-22976129-vente-maison-130m-a-scaer-scaer
SCAER,Maison d'architecte au bourg de scaer,https://www.etreproprio.com/immobilier-21623633-vente-maison-d-architecte-au-bourg-de-scaer-scaer
SCAER,Maison proche du centre,https://www.etreproprio.com/immobilier-22884487-vente-maison-proche-du-centre-scaer
SCAER,Maison 252m² à scaer,https://www.etreproprio.com/immobilier-22405418-vente-maison-252m-a-scaer-scaer
SCAER,Maison 135m² à scaer,https://www.etreproprio.com/immobilier-22697976-vente-maison-135m-a-scaer-scaer
SCAER,Ensemble immobilier 3 maisons,https://www.etreproprio.com/immobilier-22675426-vente-ensemble-immobilier-3-maisons-scaer
SCAER,Maison 130m² à scaer,https://www.etreproprio.com/immobilier-22511908-vente-maison-130m-a-scaer-scaer
SCAER,"Maison 29390 scaer, 4 ch, terrain",https://www.etreproprio.com/immobilier-22582791-vente-maison-29390-scaer-4-ch-terrain-scaer
SCAER,Maison familiale,https://www.etreproprio.com/immobilier-21046103-vente-maison-familiale-scaer
SCAER,"29390 scaër maison de bourg avec boutique exploitable, travaux à prévoir",https://www.etreproprio.com/immobilier-22206052-vente-29390-scaer-maison-de-bourg-avec-boutique-exploitable-travaux-a-prevoir-scaer
SCAER,Maison de ville,https://www.etreproprio.com/immobilier-22105201-vente-maison-de-ville-scaer
SCAER,Maison individuelle avec une vie de plein pied,https://www.etreproprio.com/immobilier-20941919-vente-maison-individuelle-avec-une-vie-de-plein-pied-scaer
SCAER,Maison 120m² à scaer,https://www.etreproprio.com/immobilier-21958753-vente-maison-120m-a-scaer-scaer
SCAER,Maison 290m² à scaer,https://www.etreproprio.com/immobilier-19905720-vente-maison-290m-a-scaer-scaer
SCAER,"Ensemble immobilier de caractère, 290 m2, terrain 4 hectares",https://www.etreproprio.com/immobilier-21906025-vente-ensemble-immobilier-de-caractere-290-m2-terrain-4-hectares-scaer
SCAER,Maison 135m² à scaer,https://www.etreproprio.com/immobilier-21671479-vente-maison-135m-a-scaer-scaer
SCAER,Maison 147m² à scaer,https://www.etreproprio.com/immobilier-21671480-vente-maison-147m-a-scaer-scaer
SCAER,Maison 140m² à scaer,https://www.etreproprio.com/immobilier-21183364-vente-maison-140m-a-scaer-scaer
SIZUN,Finistere - sizun (29450) - a vendre - maison 165m² - piece de vie de 60m² - suite parentale de 25m² - 5 chambre possible - 2 ga,https://www.etreproprio.com/immobilier-23835114-vente-finistere-sizun-29450-a-vendre-maison-165m-piece-de-vie-de-60m-suite-parentale-de-25m-5-chambre-possible-2-ga-sizun
SIZUN,Maison 7 pièces de 138 m2 à sizun,https://www.etreproprio.com/immobilier-23735956-vente-maison-7-pieces-de-138-m2-a-sizun-sizun
SIZUN,Maison de bourg (29),https://www.etreproprio.com/immobilier-23668187-vente-maison-de-bourg-29-sizun
SIZUN,"Maison à vendre à sizun - 5 pièces, 2 chambres, très bon état",https://www.etreproprio.com/immobilier-23544006-vente-maison-a-vendre-a-sizun-5-pieces-2-chambres-tres-bon-etat-sizun
SIZUN,Maison 133m² à sizun,https://www.etreproprio.com/immobilier-23504087-vente-maison-133m-a-sizun-sizun
SIZUN,Sizun proche centre belle endormie à sublimer,https://www.etreproprio.com/immobilier-23406393-vente-sizun-proche-centre-belle-endormie-a-sublimer-sizun
SIZUN,Maison 100m² à sizun,https://www.etreproprio.com/immobilier-22032069-vente-maison-100m-a-sizun-sizun
SIZUN,""" déjà vendu par kerebel immobilier """,https://www.etreproprio.com/immobilier-20326039-vente-deja-vendu-par-kerebel-immobilier-sizun
SPEZET,29540 spézet maison 5 chambres beaux volumes terrain arboré de 6000 m² étangs garages,https://www.etreproprio.com/immobilier-23562482-vente-29540-spezet-maison-5-chambres-beaux-volumes-terrain-arbore-de-6000-m-etangs-garages-spezet
SPEZET,Maison familiale de 4 chambres,https://www.etreproprio.com/immobilier-22541985-vente-maison-familiale-de-4-chambres-spezet
SPEZET,Exclusivité - maison à vendre 4 pièces spezet (29),https://www.etreproprio.com/immobilier-23494886-vente-exclusivite-maison-a-vendre-4-pieces-spezet-29-spezet
SPEZET,"Spezet, maison spacieuse.",https://www.etreproprio.com/immobilier-23442771-vente-spezet-maison-spacieuse-spezet
SPEZET,Maison 40m² à spezet,https://www.etreproprio.com/immobilier-23387524-vente-maison-40m-a-spezet-spezet
SPEZET,Maison 140m² à spezet,https://www.etreproprio.com/immobilier-23387582-vente-maison-140m-a-spezet-spezet
SPEZET,Maison 100m² à spezet,https://www.etreproprio.com/immobilier-23387581-vente-maison-100m-a-spezet-spezet
SPEZET,Maison 252m² à spezet,https://www.etreproprio.com/immobilier-21856926-vente-maison-252m-a-spezet-spezet
SPEZET,"Maison de 6 pièces, 112 m² à spézet 29540",https://www.etreproprio.com/immobilier-21156124-vente-maison-de-6-pieces-112-m-a-spezet-29540-spezet
SPEZET,Maison néo bretonne,https://www.etreproprio.com/immobilier-22297334-vente-maison-neo-bretonne-spezet
SPEZET,Maison 80m² à spezet,https://www.etreproprio.com/immobilier-20271271-vente-maison-80m-a-spezet-spezet
SPEZET,Maison à vendre 6 pièces spezet (29),https://www.etreproprio.com/immobilier-20898650-vente-maison-a-vendre-6-pieces-spezet-29-spezet
SPEZET,Maison 85m² à spezet,https://www.etreproprio.com/immobilier-18946187-vente-maison-85m-a-spezet-spezet
SCAER,Maison familiale bourg de scaër,https://www.etreproprio.com/immobilier-19607539-vente-maison-familiale-bourg-de-scaer-scaer
SCAER,Maison 95m² à scaer,https://www.etreproprio.com/immobilier-21104931-vente-maison-95m-a-scaer-scaer
SCAER,Maison 64m² à scaer,https://www.etreproprio.com/immobilier-20830942-vente-maison-64m-a-scaer-scaer
SCAER,Scaër sud - maison à vendre,https://www.etreproprio.com/immobilier-17753381-vente-scaer-sud-maison-a-vendre-scaer
SCAER,Longere a renover,https://www.etreproprio.com/immobilier-20596353-vente-longere-a-renover-scaer
SCAER,Maison 450m² à scaer,https://www.etreproprio.com/immobilier-19969579-vente-maison-450m-a-scaer-scaer
SCAER,Maison de prestige avec son gîtes,https://www.etreproprio.com/immobilier-19856474-vente-maison-de-prestige-avec-son-gites-scaer
SCAER,Propriété d'exception,https://www.etreproprio.com/immobilier-19856475-vente-propriete-d-exception-scaer
SCAER,Maison 9 pièces 216 m2,https://www.etreproprio.com/immobilier-17736488-vente-maison-9-pieces-216-m2-scaer
TAULE,Maison taule 5 pièce(s) 107.7 m2,https://www.etreproprio.com/immobilier-23889981-vente-maison-taule-5-pieces-1077-m2-taule
TAULE,Maison taule 7 pièces 125 m²,https://www.etreproprio.com/immobilier-23879640-vente-maison-taule-7-pieces-125-m-taule
TAULE,Maison 84m² à taule,https://www.etreproprio.com/immobilier-23762049-vente-maison-84m-a-taule-taule
TAULE,Maison 124m² à taule,https://www.etreproprio.com/immobilier-23504206-vente-maison-124m-a-taule-taule
TAULE,Maison 130m² à taulé,https://www.etreproprio.com/immobilier-23685607-vente-maison-130m-a-taule-taule
TAULE,A vendre. maison. taulé. visite virtuelle : https://www.klapty.com/tour/bce0mbsbef,https://www.etreproprio.com/immobilier-22351594-vente-a-vendre-maison-taule-visite-virtuelle-httpswwwklaptycomtourbce0mbsbef-taule
TAULE,Maison 128m² à taulé,https://www.etreproprio.com/immobilier-23487526-vente-maison-128m-a-taule-taule
TAULE,Maison 110m² à taule,https://www.etreproprio.com/immobilier-23449070-vente-maison-110m-a-taule-taule
TAULE,Maison 140m² à taule,https://www.etreproprio.com/immobilier-22342023-vente-maison-140m-a-taule-taule
TAULE,Maison à vendre à taule - 5 pièces avec jardin spacieux,https://www.etreproprio.com/immobilier-23046450-vente-maison-a-vendre-a-taule-5-pieces-avec-jardin-spacieux-taule
TAULE,Maison 143m² à taule,https://www.etreproprio.com/immobilier-22967377-vente-maison-143m-a-taule-taule
TAULE,Plain pied à taulé,https://www.etreproprio.com/immobilier-21541097-vente-plain-pied-a-taule-taule
TAULE,Maison 150m² à taule,https://www.etreproprio.com/immobilier-22519035-vente-maison-150m-a-taule-taule
TAULE,Maison 138m² à taule,https://www.etreproprio.com/immobilier-22020303-vente-maison-138m-a-taule-taule
TAULE,Maison 105m² à taule,https://www.etreproprio.com/immobilier-23001790-vente-maison-105m-a-taule-taule
TAULE,Maison 142m² à taule,https://www.etreproprio.com/immobilier-21835599-vente-maison-142m-a-taule-taule
TELGRUC-SUR-MER,Telgruc sur mer maison avec dépendance,https://www.etreproprio.com/immobilier-22914589-vente-telgruc-sur-mer-maison-avec-dependance-telgruc-sur-mer
TELGRUC-SUR-MER,Telgruc sur mer maison avec dépendance,https://www.etreproprio.com/immobilier-22914587-vente-telgruc-sur-mer-maison-avec-dependance-telgruc-sur-mer
TELGRUC-SUR-MER,Maison 100m² à telgruc-sur-mer,https://www.etreproprio.com/immobilier-23862482-vente-maison-100m-a-telgruc-sur-mer-telgruc-sur-mer
TELGRUC-SUR-MER,"Entre bourg et plages, maison rénovée avec jardin clos à telgruc-sur-mer",https://www.etreproprio.com/immobilier-23749642-vente-entre-bourg-et-plages-maison-renovee-avec-jardin-clos-a-telgruc-sur-mer-telgruc-sur-mer
TELGRUC-SUR-MER,Telgruc sur mer maison t6 avec dépendance et terrain constructible,https://www.etreproprio.com/immobilier-23731692-vente-telgruc-sur-mer-maison-t6-avec-dependance-et-terrain-constructible-telgruc-sur-mer
TELGRUC-SUR-MER,Telgruc sur mer maison t6 avec dépendance et terrain constructible,https://www.etreproprio.com/immobilier-23731693-vente-telgruc-sur-mer-maison-t6-avec-dependance-et-terrain-constructible-telgruc-sur-mer
TELGRUC-SUR-MER,Telgruc sur mer maison t5 de plain pied vue mer,https://www.etreproprio.com/immobilier-23212214-vente-telgruc-sur-mer-maison-t5-de-plain-pied-vue-mer-telgruc-sur-mer
TELGRUC-SUR-MER,Telgruc sur mer maison t5 de plain pied vue mer,https://www.etreproprio.com/immobilier-23212217-vente-telgruc-sur-mer-maison-t5-de-plain-pied-vue-mer-telgruc-sur-mer
TELGRUC-SUR-MER,Telgruc sur mer (29) maison 130 m² - 5 chambres,https://www.etreproprio.com/immobilier-23605493-vente-telgruc-sur-mer-29-maison-130-m-5-chambres-telgruc-sur-mer
TELGRUC-SUR-MER,Telgruc sur mer - maison t6 située à proximité des commerces et à 3 km de la magnifique plage de trez-bellec,https://www.etreproprio.com/immobilier-23560779-vente-telgruc-sur-mer-maison-t6-situee-a-proximite-des-commerces-et-a-3-km-de-la-magnifique-plage-de-trez-bellec-telgruc-sur-mer
TELGRUC-SUR-MER,Telgruc sur mer - maison t6 située à proximité des commerces et à 3 km de la magnifique plage de trez-bellec,https://www.etreproprio.com/immobilier-23560775-vente-telgruc-sur-mer-maison-t6-situee-a-proximite-des-commerces-et-a-3-km-de-la-magnifique-plage-de-trez-bellec-telgruc-sur-mer
TELGRUC-SUR-MER,"Telgruc sur mer, belle contemporaine dans un quartier calme",https://www.etreproprio.com/immobilier-23534216-vente-telgruc-sur-mer-belle-contemporaine-dans-un-quartier-calme-telgruc-sur-mer
TELGRUC-SUR-MER,Maison 122m² à telgruc-sur-mer,https://www.etreproprio.com/immobilier-22896017-vente-maison-122m-a-telgruc-sur-mer-telgruc-sur-mer
TELGRUC-SUR-MER,Maison à vendre 5 pièces telgruc sur mer (29),https://www.etreproprio.com/immobilier-23451722-vente-maison-a-vendre-5-pieces-telgruc-sur-mer-29-telgruc-sur-mer
TELGRUC-SUR-MER,Maison 208m² à telgruc-sur-mer,https://www.etreproprio.com/immobilier-23388448-vente-maison-208m-a-telgruc-sur-mer-telgruc-sur-mer
TELGRUC-SUR-MER,Maison 6 chambres  - 29 560 telgruc sur mer,https://www.etreproprio.com/immobilier-23297655-vente-maison-6-chambres-29-560-telgruc-sur-mer-telgruc-sur-mer
TELGRUC-SUR-MER,Maison indépendante 5 chambres avec garage indépendant à telgruc (29 560),https://www.etreproprio.com/immobilier-23297660-vente-maison-independante-5-chambres-avec-garage-independant-a-telgruc-29-560-telgruc-sur-mer
TELGRUC-SUR-MER,Maison telgruc,https://www.etreproprio.com/immobilier-22976608-vente-maison-telgruc-telgruc-sur-mer
TELGRUC-SUR-MER,Maison à vendre 9 pièces telgruc sur mer (29),https://www.etreproprio.com/immobilier-22393810-vente-maison-a-vendre-9-pieces-telgruc-sur-mer-29-telgruc-sur-mer
TELGRUC-SUR-MER,Maison située non loin de la plage,https://www.etreproprio.com/immobilier-20636081-vente-maison-situee-non-loin-de-la-plage-telgruc-sur-mer
TOURCH,Maison rénovée à vendre 5 pièces tourch (29),https://www.etreproprio.com/immobilier-23782452-vente-maison-renovee-a-vendre-5-pieces-tourch-29-tourch
TOURCH,#457 maison de bourg,https://www.etreproprio.com/immobilier-23573485-vente-457-maison-de-bourg-tourch
TOURCH,"Dpt finistère (29), à vendre maison type 5 de 130 m² habitable - terrains de 319 m²",https://www.etreproprio.com/immobilier-20761094-vente-dpt-finistere-29-a-vendre-maison-type-5-de-130-m-habitable-terrains-de-319-m-tourch
TOURCH,Maison 135m² à tourch,https://www.etreproprio.com/immobilier-20616744-vente-maison-135m-a-tourch-tourch
TOURCH,Maison tourch 5 pièce(s) 120 m2,https://www.etreproprio.com/immobilier-18106472-vente-maison-tourch-5-pieces-120-m2-tourch
TOURCH,Maison 115m² à tourch,https://www.etreproprio.com/immobilier-17486994-vente-maison-115m-a-tourch-tourch
TREFFIAGAT,Lechiagat - charme & lumière,https://www.etreproprio.com/immobilier-21667301-vente-lechiagat-charme-lumiere-treffiagat
TREFFIAGAT,Maison treffiagat 5 pièce(s) 115.80 m2,https://www.etreproprio.com/immobilier-23445764-vente-maison-treffiagat-5-pieces-11580-m2-treffiagat
TREFFIAGAT,Treffiagat - maison 3 chambres avec garage très bon état,https://www.etreproprio.com/immobilier-23672106-vente-treffiagat-maison-3-chambres-avec-garage-tres-bon-etat-treffiagat
TREFFIAGAT,Treffiagat grande maison 6 pièce(s) 4 chambres au rdc,https://www.etreproprio.com/immobilier-16535748-vente-treffiagat-grande-maison-6-pieces-4-chambres-au-rdc-treffiagat
TREFFIAGAT,Maison avec vue sur l'arrière port et le cimetière de bateaux ? treffiagat / léchiagat,https://www.etreproprio.com/immobilier-23435501-vente-maison-avec-vue-sur-l-arriere-port-et-le-cimetiere-de-bateaux-treffiagat-lechiagat-treffiagat
TREFFIAGAT,Maison 165m² à treffiagat,https://www.etreproprio.com/immobilier-23408965-vente-maison-165m-a-treffiagat-treffiagat
TREFFIAGAT,Lechiagat - le port et la plage à pied !,https://www.etreproprio.com/immobilier-22038642-vente-lechiagat-le-port-et-la-plage-a-pied-treffiagat
TREFFIAGAT,Maison 156m² à treffiagat,https://www.etreproprio.com/immobilier-23360133-vente-maison-156m-a-treffiagat-treffiagat
TREFFIAGAT,Lechiagat - plage et port à pied !,https://www.etreproprio.com/immobilier-22038641-vente-lechiagat-plage-et-port-a-pied-treffiagat
TREFFIAGAT,Maison 109m² à treffiagat,https://www.etreproprio.com/immobilier-23319103-vente-maison-109m-a-treffiagat-treffiagat
TREFFIAGAT,Treffiagat - maison 3 chambres avec garage,https://www.etreproprio.com/immobilier-23170215-vente-treffiagat-maison-3-chambres-avec-garage-treffiagat
TREFFIAGAT,Maison 112m² à treffiagat,https://www.etreproprio.com/immobilier-23154087-vente-maison-112m-a-treffiagat-treffiagat
TREFFIAGAT,#530 maison - 113 m2 - treffiagat,https://www.etreproprio.com/immobilier-23148331-vente-530-maison-113-m2-treffiagat-treffiagat
TREFFIAGAT,Lechiagat - quartier de la pointe,https://www.etreproprio.com/immobilier-21584281-vente-lechiagat-quartier-de-la-pointe-treffiagat
TREFFIAGAT,Maison treffiagat 5 pièce(s) 115 m2,https://www.etreproprio.com/immobilier-23088816-vente-maison-treffiagat-5-pieces-115-m2-treffiagat
TREFFIAGAT,Maison vue mer tréffiagat 5 pièce(s) 91 m2,https://www.etreproprio.com/immobilier-20839689-vente-maison-vue-mer-treffiagat-5-pieces-91-m2-treffiagat
TREFFIAGAT,Maison 91m² à treffiagat,https://www.etreproprio.com/immobilier-21235624-vente-maison-91m-a-treffiagat-treffiagat
TREFFIAGAT,1960- lechiagat front de mer,https://www.etreproprio.com/immobilier-22644019-vente-1960-lechiagat-front-de-mer-treffiagat
TREFFIAGAT,Maison 115m² à treffiagat,https://www.etreproprio.com/immobilier-21650950-vente-maison-115m-a-treffiagat-treffiagat
TREFFIAGAT,Maison 105m² à treffiagat,https://www.etreproprio.com/immobilier-22725561-vente-maison-105m-a-treffiagat-treffiagat
TELGRUC-SUR-MER,Maison 150m² à telgruc-sur-mer,https://www.etreproprio.com/immobilier-21833549-vente-maison-150m-a-telgruc-sur-mer-telgruc-sur-mer
TELGRUC-SUR-MER,Maison à vendre 8 pièces telgruc sur mer (29),https://www.etreproprio.com/immobilier-22024633-vente-maison-a-vendre-8-pieces-telgruc-sur-mer-29-telgruc-sur-mer
TELGRUC-SUR-MER,Maison à vendre 5 pièces telgruc sur mer (29),https://www.etreproprio.com/immobilier-22744744-vente-maison-a-vendre-5-pieces-telgruc-sur-mer-29-telgruc-sur-mer
TELGRUC-SUR-MER,Telgruc  entre la plage te le centre,https://www.etreproprio.com/immobilier-22384664-vente-telgruc-entre-la-plage-te-le-centre-telgruc-sur-mer
TELGRUC-SUR-MER,Telgruc sur mer – maison traditionnelle à découvrir !,https://www.etreproprio.com/immobilier-21160704-vente-telgruc-sur-mer-maison-traditionnelle-a-decouvrir-telgruc-sur-mer
TELGRUC-SUR-MER,Plain pied sur  grande parcelle constructible,https://www.etreproprio.com/immobilier-21677038-vente-plain-pied-sur-grande-parcelle-constructible-telgruc-sur-mer
TREFFIAGAT,Lechiagat - maison de 130 m² profitant d'une vue sur le port,https://www.etreproprio.com/immobilier-22620893-vente-lechiagat-maison-de-130-m-profitant-d-une-vue-sur-le-port-treffiagat
TREFFIAGAT,Maison 70m² à treffiagat,https://www.etreproprio.com/immobilier-22473431-vente-maison-70m-a-treffiagat-treffiagat
TREFFIAGAT,Vue sur l'arrière port,https://www.etreproprio.com/immobilier-21745586-vente-vue-sur-l-arriere-port-treffiagat
TREFFIAGAT,Pointe de lechiagat,https://www.etreproprio.com/immobilier-19982278-vente-pointe-de-lechiagat-treffiagat
TREFFIAGAT,Maison 77m² à treffiagat,https://www.etreproprio.com/immobilier-21999446-vente-maison-77m-a-treffiagat-treffiagat
TREFFIAGAT,Lechiagat vue port,https://www.etreproprio.com/immobilier-19767984-vente-lechiagat-vue-port-treffiagat
TREFLAOUENAN,Maison en campagne,https://www.etreproprio.com/immobilier-22407735-vente-maison-en-campagne-treflaouenan
TREFLEZ,Maison sur treflez,https://www.etreproprio.com/immobilier-23895318-vente-maison-sur-treflez-treflez
TREFLEZ,Maison 90m² à treflez,https://www.etreproprio.com/immobilier-23815679-vente-maison-90m-a-treflez-treflez
TREFLEZ,Maison 235m² à treflez,https://www.etreproprio.com/immobilier-23607993-vente-maison-235m-a-treflez-treflez
TREFLEZ,Charmante maison a treflez,https://www.etreproprio.com/immobilier-20549217-vente-charmante-maison-a-treflez-treflez
TREGARANTEC,Trégarantec,https://www.etreproprio.com/immobilier-23214982-vente-tregarantec-tregarantec
TREGARVAN,"Tregarvan – au calme absolu, dans un cadre naturel exceptionnel",https://www.etreproprio.com/immobilier-23851340-vente-tregarvan-au-calme-absolu-dans-un-cadre-naturel-exceptionnel-tregarvan
TREGOUREZ,Tregourez  - maison 100 m2,https://www.etreproprio.com/immobilier-23765879-vente-tregourez-maison-100-m2-tregourez
TREGOUREZ,Maison sur tregourez,https://www.etreproprio.com/immobilier-23681070-vente-maison-sur-tregourez-tregourez
TREGOUREZ,Maison tregourez 8 pièce(s) 178 m2,https://www.etreproprio.com/immobilier-23143953-vente-maison-tregourez-8-pieces-178-m2-tregourez
TREGOUREZ,Maison 178m² à tregourez,https://www.etreproprio.com/immobilier-23145698-vente-maison-178m-a-tregourez-tregourez
TREGOUREZ,Maison familiale de 112 m2 - 5 chs - tregourez,https://www.etreproprio.com/immobilier-22501706-vente-maison-familiale-de-112-m2-5-chs-tregourez-tregourez
TREGOUREZ,Maison de 6 pièces à  tregourez (29),https://www.etreproprio.com/immobilier-23438724-vente-maison-de-6-pieces-a-tregourez-29-tregourez
TREGOUREZ,Tregourez maison traditionnelle,https://www.etreproprio.com/immobilier-23397595-vente-tregourez-maison-traditionnelle-tregourez
TREGOUREZ,Tregourez maison traditionnelle,https://www.etreproprio.com/immobilier-23399159-vente-tregourez-maison-traditionnelle-tregourez
TREGOUREZ,Maison idéale 1ère acquisition,https://www.etreproprio.com/immobilier-23258648-vente-maison-ideale-1ere-acquisition-tregourez
TREGOUREZ,"29970 trégourez maison de bourg charmante avec 3  chambres , pas de vis à vis, joli jardin",https://www.etreproprio.com/immobilier-21952945-vente-29970-tregourez-maison-de-bourg-charmante-avec-3-chambres-pas-de-vis-a-vis-joli-jardin-tregourez
TREGOUREZ,La champêtre .,https://www.etreproprio.com/immobilier-22853619-vente-la-champetre-tregourez
TREGOUREZ,Maison 113m² à tregourez,https://www.etreproprio.com/immobilier-22558865-vente-maison-113m-a-tregourez-tregourez
TREGOUREZ,Maison t5 à trégourez,https://www.etreproprio.com/immobilier-16625082-vente-maison-t5-a-tregourez-tregourez
TREGUNC,Maison tregunc 4 pièce(s) 95 m2,https://www.etreproprio.com/immobilier-23909930-vente-maison-tregunc-4-pieces-95-m2-tregunc
TREGUNC,"""amaris"" trégunc bourg - maison en fond d'impasse avec piscine",https://www.etreproprio.com/immobilier-23902904-vente-amaris-tregunc-bourg-maison-en-fond-d-impasse-avec-piscine-tregunc
TREGUNC,"Trégunc - maison proche commerces , au calme",https://www.etreproprio.com/immobilier-21232439-vente-tregunc-maison-proche-commerces-au-calme-tregunc
TREGUNC,"""palma"" centre-bourg - maison avec piscine, garage et carport",https://www.etreproprio.com/immobilier-23030548-vente-palma-centre-bourg-maison-avec-piscine-garage-et-carport-tregunc
TREGUNC,"""dolmès"" trégunc bourg - ensemble immobilier avec plusieurs bâtisses",https://www.etreproprio.com/immobilier-23881674-vente-dolmes-tregunc-bourg-ensemble-immobilier-avec-plusieurs-batisses-tregunc
TREGUNC,"Trégunc - à 1,5 km des plages,  maison de caractère 3 chambres",https://www.etreproprio.com/immobilier-23838531-vente-tregunc-a-15-km-des-plages-maison-de-caractere-3-chambres-tregunc
TREGUNC,Maison bord de mer à tregunc (29910),https://www.etreproprio.com/immobilier-23845795-vente-maison-bord-de-mer-a-tregunc-29910-tregunc
TREGUNC,Maison trégunc 5 pièces 110 m2,https://www.etreproprio.com/immobilier-23488458-vente-maison-tregunc-5-pieces-110-m2-tregunc
TREGUNC,Trégunc/pouldohan - exclusivité : maison proche mer,https://www.etreproprio.com/immobilier-23817375-vente-treguncpouldohan-exclusivite-maison-proche-mer-tregunc
TREGUNC,Centre-bourg - maison de 160 m² à rénover avec jardin,https://www.etreproprio.com/immobilier-22041901-vente-centre-bourg-maison-de-160-m-a-renover-avec-jardin-tregunc
TREGUNC,"Trégunc : maison 1ère ligne vue mer, 6 chambres, au calme",https://www.etreproprio.com/immobilier-23778107-vente-tregunc-maison-1ere-ligne-vue-mer-6-chambres-au-calme-tregunc
TREGUNC,"""yucca"" proche pendruc - maison 5 chambres entre terre et mer",https://www.etreproprio.com/immobilier-23741051-vente-yucca-proche-pendruc-maison-5-chambres-entre-terre-et-mer-tregunc
TREGUNC,"Exclusivité  : maison trégunc, proche commerces, 4 chambres,  vie de plain pied",https://www.etreproprio.com/immobilier-23255958-vente-exclusivite-maison-tregunc-proche-commerces-4-chambres-vie-de-plain-pied-tregunc
TREGUNC,Trégunc - maison entre bourg et mer,https://www.etreproprio.com/immobilier-23751995-vente-tregunc-maison-entre-bourg-et-mer-tregunc
TREGUNC,"#573 - a vendre - maison - tregunc - 55,10 m2",https://www.etreproprio.com/immobilier-23736690-vente-573-a-vendre-maison-tregunc-5510-m2-tregunc
TREGUNC,Maison tregunc 7 pièce(s) 117 m2,https://www.etreproprio.com/immobilier-23177339-vente-maison-tregunc-7-pieces-117-m2-tregunc
TREGUNC,"""prunelle"" trévignon - maison de plain-pied avec grande parcelle",https://www.etreproprio.com/immobilier-23729758-vente-prunelle-trevignon-maison-de-plain-pied-avec-grande-parcelle-tregunc
TREGUNC,"""maine"" bourg de trégunc - maison de 2007 avec vie de plain pied",https://www.etreproprio.com/immobilier-23723200-vente-maine-bourg-de-tregunc-maison-de-2007-avec-vie-de-plain-pied-tregunc
TREGUNC,"Trégunc - maison 1ère ligne vue mer, 6 chambres, au calme",https://www.etreproprio.com/immobilier-22643595-vente-tregunc-maison-1ere-ligne-vue-mer-6-chambres-au-calme-tregunc
TREGUNC,Maison sur tregunc,https://www.etreproprio.com/immobilier-23705237-vente-maison-sur-tregunc-tregunc
LE TREHOU,Maison 135m² à le trehou,https://www.etreproprio.com/immobilier-22378534-vente-maison-135m-a-le-trehou-le-trehou
LE TREHOU,Maison 135m² à le trehou,https://www.etreproprio.com/immobilier-22378535-vente-maison-135m-a-le-trehou-le-trehou
LE TREHOU,Maison en bois  à vendre 9 pièces le trehou (29),https://www.etreproprio.com/immobilier-22173874-vente-maison-en-bois-a-vendre-9-pieces-le-trehou-29-le-trehou
LE TREHOU,""" déjà vendu par kerebel immobilier """,https://www.etreproprio.com/immobilier-15835971-vente-deja-vendu-par-kerebel-immobilier-le-trehou
LE TREHOU,""" vendu en 1 visite par kerebel immobilier """,https://www.etreproprio.com/immobilier-15722493-vente-vendu-en-1-visite-par-kerebel-immobilier-le-trehou
TREGUNC,"Maison 5 pièces, 750 m² de terrain au calme",https://www.etreproprio.com/immobilier-21921161-vente-maison-5-pieces-750-m-de-terrain-au-calme-tregunc
TREGUNC,"Trégunc - maison proche commerces, 5 chambres",https://www.etreproprio.com/immobilier-23685071-vente-tregunc-maison-proche-commerces-5-chambres-tregunc
TREGUNC,Maison magnifque vue mer à tregunc,https://www.etreproprio.com/immobilier-23576473-vente-maison-magnifque-vue-mer-a-tregunc-tregunc
TREGUNC,"À vendre maison d'architecte de 327 m² à trégunc, à 2 kms de la plage et des commerces - studio indépendant - terrain de 2 665 m",https://www.etreproprio.com/immobilier-23565987-vente-a-vendre-maison-d-architecte-de-327-m-a-tregunc-a-2-kms-de-la-plage-et-des-commerces-studio-independant-terrain-de-2-665-m-tregunc
TREGUNC,Maison 5 chambres avec piscine - entre mer et campagne,https://www.etreproprio.com/immobilier-23502421-vente-maison-5-chambres-avec-piscine-entre-mer-et-campagne-tregunc
TREGUNC,Maison 77m² à tregunc,https://www.etreproprio.com/immobilier-23496386-vente-maison-77m-a-tregunc-tregunc
TREGUNC,"""edge"" proche bourg de trégunc - contemporaine aux belles prestations",https://www.etreproprio.com/immobilier-23458839-vente-edge-proche-bourg-de-tregunc-contemporaine-aux-belles-prestations-tregunc
TREGUNC,"Trégunc - maison de plain pied de 150m², 3 chambres, piscine, proche des commerces",https://www.etreproprio.com/immobilier-20790541-vente-tregunc-maison-de-plain-pied-de-150m-3-chambres-piscine-proche-des-commerces-tregunc
TREGUNC,Maison 80m² à tregunc,https://www.etreproprio.com/immobilier-23225970-vente-maison-80m-a-tregunc-tregunc
TREGUNC,"""ker bleu"" maison en bord de mer",https://www.etreproprio.com/immobilier-22439335-vente-ker-bleu-maison-en-bord-de-mer-tregunc
TREGUNC,"Maison rénovée au coeur de trégunc, 3 chambres",https://www.etreproprio.com/immobilier-23002105-vente-maison-renovee-au-coeur-de-tregunc-3-chambres-tregunc
TREGUNC,Demeure de prestige trégunc 8 pièces 226 m²,https://www.etreproprio.com/immobilier-21921165-vente-demeure-de-prestige-tregunc-8-pieces-226-m-tregunc
TREGUNC,Belle contemporaine avec double garage proche des plages et du centre de trégunc,https://www.etreproprio.com/immobilier-23395423-vente-belle-contemporaine-avec-double-garage-proche-des-plages-et-du-centre-de-tregunc-tregunc
TREGUNC,"Trégunc - maison 2 chambres, à deux pas des commerces",https://www.etreproprio.com/immobilier-23112214-vente-tregunc-maison-2-chambres-a-deux-pas-des-commerces-tregunc
TREGUNC,Maison tregunc 4 pièce(s) 140 m2,https://www.etreproprio.com/immobilier-23398075-vente-maison-tregunc-4-pieces-140-m2-tregunc
TREGUNC,"""rivest"", propriété sur un parc arboré traversé par un ruisseau, proche des plages",https://www.etreproprio.com/immobilier-22029567-vente-rivest-propriete-sur-un-parc-arbore-traverse-par-un-ruisseau-proche-des-plages-tregunc
TREGUNC,Maison 106m² à tregunc,https://www.etreproprio.com/immobilier-22709010-vente-maison-106m-a-tregunc-tregunc
TREGUNC,Trégunc - proche des plages,https://www.etreproprio.com/immobilier-22237591-vente-tregunc-proche-des-plages-tregunc
TREGUNC,Maison 168m² à tregunc,https://www.etreproprio.com/immobilier-23245306-vente-maison-168m-a-tregunc-tregunc
TREGUNC,"Trégunc : proche mer, maison familiale,  5 chambres avec grand terrain paysager – sud finistère",https://www.etreproprio.com/immobilier-23158016-vente-tregunc-proche-mer-maison-familiale-5-chambres-avec-grand-terrain-paysager-sud-finistere-tregunc
TREMAOUEZAN,Maison sur tremaouezan,https://www.etreproprio.com/immobilier-23874886-vente-maison-sur-tremaouezan-tremaouezan
TREMEOC,Tremeoc - proche bourg,https://www.etreproprio.com/immobilier-23857783-vente-tremeoc-proche-bourg-tremeoc
TREMEOC,Tremeoc - proche bourg,https://www.etreproprio.com/immobilier-23859867-vente-tremeoc-proche-bourg-tremeoc
TREMEOC,Maison 150m² à tremeoc,https://www.etreproprio.com/immobilier-23281413-vente-maison-150m-a-tremeoc-tremeoc
TREMEOC,Maison 95m² à tremeoc,https://www.etreproprio.com/immobilier-23822282-vente-maison-95m-a-tremeoc-tremeoc
TREMEOC,Maison tremeoc 5 pièce(s) 95 m2,https://www.etreproprio.com/immobilier-23819723-vente-maison-tremeoc-5-pieces-95-m2-tremeoc
TREMEOC,Maison 200m² à tremeoc,https://www.etreproprio.com/immobilier-23810790-vente-maison-200m-a-tremeoc-tremeoc
TREMEOC,Maison familiale dans bourg de tremeoc,https://www.etreproprio.com/immobilier-23629113-vente-maison-familiale-dans-bourg-de-tremeoc-tremeoc
TREMEOC,Maison 163m² à tremeoc,https://www.etreproprio.com/immobilier-23621561-vente-maison-163m-a-tremeoc-tremeoc
TREMEOC,Maison 150m² à tremeoc,https://www.etreproprio.com/immobilier-23403377-vente-maison-150m-a-tremeoc-tremeoc
TREMEOC,Maison 220m² à tremeoc,https://www.etreproprio.com/immobilier-23268574-vente-maison-220m-a-tremeoc-tremeoc
TREMEVEN,Maison sur tremeven,https://www.etreproprio.com/immobilier-23771172-vente-maison-sur-tremeven-tremeven
TREMEVEN,Plain-pied proche quimperlé,https://www.etreproprio.com/immobilier-23734384-vente-plain-pied-proche-quimperle-tremeven
TREMEVEN,Une vie de plain-pied à deux pas de quimperlé,https://www.etreproprio.com/immobilier-22897031-vente-une-vie-de-plain-pied-a-deux-pas-de-quimperle-tremeven
TREMEVEN,Maison 112m² à tremeven,https://www.etreproprio.com/immobilier-23638819-vente-maison-112m-a-tremeven-tremeven
TREMEVEN,Maison 122m² à tremeven,https://www.etreproprio.com/immobilier-23548305-vente-maison-122m-a-tremeven-tremeven
TREMEVEN,Maison tréméven 6 pièce(s),https://www.etreproprio.com/immobilier-23109655-vente-maison-tremeven-6-pieces-tremeven
TREMEVEN,Maison 150m² à tremeven,https://www.etreproprio.com/immobilier-22681477-vente-maison-150m-a-tremeven-tremeven
TREMEVEN,Maison 315m² à tremeven,https://www.etreproprio.com/immobilier-22765038-vente-maison-315m-a-tremeven-tremeven
TREMEVEN,"Maison 123 m², 6 pièces, 4 chambres",https://www.etreproprio.com/immobilier-23302128-vente-maison-123-m-6-pieces-4-chambres-tremeven
TREMEVEN,Maison 142m² à tremeven,https://www.etreproprio.com/immobilier-23009254-vente-maison-142m-a-tremeven-tremeven
TREMEVEN,Maison 81m² à tréméven,https://www.etreproprio.com/immobilier-23038016-vente-maison-81m-a-tremeven-tremeven
TREMEVEN,Proche de la rivière,https://www.etreproprio.com/immobilier-22991969-vente-proche-de-la-riviere-tremeven
TREMEVEN,"Maison tréméven - 6 pièce(s) - 4 chambres - 136,5 m2",https://www.etreproprio.com/immobilier-22901526-vente-maison-tremeven-6-pieces-4-chambres-1365-m2-tremeven
TREMEVEN,Maison 110m² à tremeven,https://www.etreproprio.com/immobilier-22496815-vente-maison-110m-a-tremeven-tremeven
TREMEVEN,Maison 122m² à tréméven,https://www.etreproprio.com/immobilier-22251742-vente-maison-122m-a-tremeven-tremeven
TREMEVEN,Maison familiale sans vis-à-vis - 122 m² habitables - grand terrain arboré – tréméven (29300),https://www.etreproprio.com/immobilier-22249929-vente-maison-familiale-sans-vis-a-vis-122-m-habitables-grand-terrain-arbore-tremeven-29300-tremeven
TREGUNC,"""les gites des etangs"" propriété en bord de mer, comprenant maison principale, trois gîtes et hangar",https://www.etreproprio.com/immobilier-23153934-vente-les-gites-des-etangs-propriete-en-bord-de-mer-comprenant-maison-principale-trois-gites-et-hangar-tregunc
TREGUNC,Maison rénovée avec extension - grand jardin arboré,https://www.etreproprio.com/immobilier-22651209-vente-maison-renovee-avec-extension-grand-jardin-arbore-tregunc
TREGUNC,Propriété de charme à 800m des plages en finistère sud,https://www.etreproprio.com/immobilier-23140548-vente-propriete-de-charme-a-800m-des-plages-en-finistere-sud-tregunc
TREGUNC,"Exclusivité trégunc - secteur champêtre, maison 4 chambres et combles aménageables",https://www.etreproprio.com/immobilier-23112215-vente-exclusivite-tregunc-secteur-champetre-maison-4-chambres-et-combles-amenageables-tregunc
TREGUNC,Finistère (29)  trégunc  maison proximité mer et plages,https://www.etreproprio.com/immobilier-23095925-vente-finistere-29-tregunc-maison-proximite-mer-et-plages-tregunc
TREGUNC,A vendre à trégunc près des plages - charme breton - pierres anciennes et jardin paysager de 4 320 m²,https://www.etreproprio.com/immobilier-23087925-vente-a-vendre-a-tregunc-pres-des-plages-charme-breton-pierres-anciennes-et-jardin-paysager-de-4-320-m-tregunc
TREGUNC,"Trégunc  - maison  de plain pied, 3 chambres, bourg à pieds!",https://www.etreproprio.com/immobilier-23005140-vente-tregunc-maison-de-plain-pied-3-chambres-bourg-a-pieds-tregunc
TREGUNC,"Trégunc - exclusivité : maison rénovée, 6 chambres, 150m des plages",https://www.etreproprio.com/immobilier-22999685-vente-tregunc-exclusivite-maison-renovee-6-chambres-150m-des-plages-tregunc
TREGUNC,Maison tregunc 5 pièce(s) 126 m2,https://www.etreproprio.com/immobilier-22999286-vente-maison-tregunc-5-pieces-126-m2-tregunc
TREGUNC,"""azur"" trévignon, saint-philibert - maison d'architecte à proximité des plages",https://www.etreproprio.com/immobilier-22872467-vente-azur-trevignon-saint-philibert-maison-d-architecte-a-proximite-des-plages-tregunc
TREGUNC,Trégunc - maison au calme  avec vie de plain pied,https://www.etreproprio.com/immobilier-21501028-vente-tregunc-maison-au-calme-avec-vie-de-plain-pied-tregunc
TREGUNC,Maison tregunc 6 pièce(s) 124 m²,https://www.etreproprio.com/immobilier-21378034-vente-maison-tregunc-6-pieces-124-m-tregunc
TREGUNC,Maison d'architecte à trégunc,https://www.etreproprio.com/immobilier-20928139-vente-maison-d-architecte-a-tregunc-tregunc
TREGUNC,"Trégunc - maison des années 70 + extension de 2011, proche plage, au calme, implantée sur 4500m² de jardin",https://www.etreproprio.com/immobilier-22565212-vente-tregunc-maison-des-annees-70-extension-de-2011-proche-plage-au-calme-implantee-sur-4500m-de-jardin-tregunc
TREGUNC,Maison à vendre 6 pièces tregunc (29),https://www.etreproprio.com/immobilier-21591720-vente-maison-a-vendre-6-pieces-tregunc-29-tregunc
TREGUNC,Maison  trégunc 10 pièces 230 m2,https://www.etreproprio.com/immobilier-22621000-vente-maison-tregunc-10-pieces-230-m2-tregunc
TREGUNC,Trégunc - secteur trévignon : maison proche mer,https://www.etreproprio.com/immobilier-22617857-vente-tregunc-secteur-trevignon-maison-proche-mer-tregunc
TREGUNC,"Maison individuelle à 700m des plages   trégunc, secteur st philibert",https://www.etreproprio.com/immobilier-22501943-vente-maison-individuelle-a-700m-des-plages-tregunc-secteur-st-philibert-tregunc
TREGUNC,"Trégunc - maison  mitoyenne  en pierre rénovée , 3 chambres, proche plage, au calme.",https://www.etreproprio.com/immobilier-22385087-vente-tregunc-maison-mitoyenne-en-pierre-renovee-3-chambres-proche-plage-au-calme-tregunc
TREGUNC,A vendre à trégunc entre commerces et plages contemporaine de 2024 de plain-pied de 150 m² avec piscine,https://www.etreproprio.com/immobilier-20800128-vente-a-vendre-a-tregunc-entre-commerces-et-plages-contemporaine-de-2024-de-plain-pied-de-150-m-avec-piscine-tregunc
TREOGAT,Finistere - tréogat (29720) - a vendre - maison t3 avec terrain de 4000m² - vue mer -  plage a 2 mn - extension possible - spot,https://www.etreproprio.com/immobilier-23735963-vente-finistere-treogat-29720-a-vendre-maison-t3-avec-terrain-de-4000m-vue-mer-plage-a-2-mn-extension-possible-spot-treogat
TREOGAT,Maison sur treogat,https://www.etreproprio.com/immobilier-23693644-vente-maison-sur-treogat-treogat
TREOGAT,Maison 112m² à treogat,https://www.etreproprio.com/immobilier-23332153-vente-maison-112m-a-treogat-treogat
TREOGAT,Maison tréogat 6 pièces,https://www.etreproprio.com/immobilier-22594232-vente-maison-treogat-6-pieces-treogat
TREOGAT,Maison 147m² à treogat,https://www.etreproprio.com/immobilier-22596404-vente-maison-147m-a-treogat-treogat
TREOGAT,Maison 243m² à treogat,https://www.etreproprio.com/immobilier-22441266-vente-maison-243m-a-treogat-treogat
TREOGAT,Belle et grande propriété - maison principale + 5 gîtes - treogat,https://www.etreproprio.com/immobilier-21936308-vente-belle-et-grande-propriete-maison-principale-5-gites-treogat-treogat
TREOUERGAT,Maison 122m² à treouergat,https://www.etreproprio.com/immobilier-23841798-vente-maison-122m-a-treouergat-treouergat
TREOUERGAT,Maison à vendre 6 pièces treouergat (29),https://www.etreproprio.com/immobilier-23451654-vente-maison-a-vendre-6-pieces-treouergat-29-treouergat
TREOUERGAT,Élégante demeure en pierre avec dépendances et salle de réception – tréouergat (29),https://www.etreproprio.com/immobilier-22024570-vente-elegante-demeure-en-pierre-avec-dependances-et-salle-de-reception-treouergat-29-treouergat
TREGUNC,Maison proche du bourg,https://www.etreproprio.com/immobilier-21938357-vente-maison-proche-du-bourg-tregunc
TREGUNC,Maison tregunc 3 pièce(s) 78.51 m2,https://www.etreproprio.com/immobilier-21278840-vente-maison-tregunc-3-pieces-7851-m2-tregunc
TREGUNC,"""skipp"" maison familialle proche du bourg à tregunc",https://www.etreproprio.com/immobilier-21139647-vente-skipp-maison-familialle-proche-du-bourg-a-tregunc-tregunc
TREGUNC,Maison 109m² à tregunc,https://www.etreproprio.com/immobilier-20384059-vente-maison-109m-a-tregunc-tregunc
TREGUNC,Maison 92m² à tregunc,https://www.etreproprio.com/immobilier-17702365-vente-maison-92m-a-tregunc-tregunc
TREGUNC,Trégunc - immeuble vente de mur bar/tabac + appartement t5,https://www.etreproprio.com/immobilier-16842071-vente-tregunc-immeuble-vente-de-mur-bartabac-appartement-t5-tregunc
LE TREVOUX,Maison des années 20 à rénover,https://www.etreproprio.com/immobilier-23858769-vente-maison-des-annees-20-a-renover-le-trevoux
LE TREVOUX,Maison 97m² à le trevoux,https://www.etreproprio.com/immobilier-23829200-vente-maison-97m-a-le-trevoux-le-trevoux
LE TREVOUX,Maison 97m² à le trevoux,https://www.etreproprio.com/immobilier-23820937-vente-maison-97m-a-le-trevoux-le-trevoux
LE TREVOUX,Maison contemporaine avec vie de plain-pied 97 m²,https://www.etreproprio.com/immobilier-23817146-vente-maison-contemporaine-avec-vie-de-plain-pied-97-m-le-trevoux
LE TREVOUX,Maison 197m² à le trevoux,https://www.etreproprio.com/immobilier-23756664-vente-maison-197m-a-le-trevoux-le-trevoux
LE TREVOUX,Spacieuse maison familiale avec jardin,https://www.etreproprio.com/immobilier-22093875-vente-spacieuse-maison-familiale-avec-jardin-le-trevoux
LE TREVOUX,Le trévoux - maison 141 m² avec vie de plain pied,https://www.etreproprio.com/immobilier-23301555-vente-le-trevoux-maison-141-m-avec-vie-de-plain-pied-le-trevoux
LE TREVOUX,Ancien corps de ferme avec dépendances et hangar,https://www.etreproprio.com/immobilier-23386446-vente-ancien-corps-de-ferme-avec-dependances-et-hangar-le-trevoux
LE TREVOUX,Confort et espace !,https://www.etreproprio.com/immobilier-23281812-vente-confort-et-espace-le-trevoux
LE TREVOUX,Maison le trevoux 5 pièce(s) 104 m2,https://www.etreproprio.com/immobilier-20989490-vente-maison-le-trevoux-5-pieces-104-m2-le-trevoux
LE TREVOUX,Maison 118m² à le trevoux,https://www.etreproprio.com/immobilier-23221399-vente-maison-118m-a-le-trevoux-le-trevoux
LE TREVOUX,Maison 103m² à le trevoux,https://www.etreproprio.com/immobilier-21869040-vente-maison-103m-a-le-trevoux-le-trevoux
LE TREVOUX,Maison 65m² à le trévoux,https://www.etreproprio.com/immobilier-22688865-vente-maison-65m-a-le-trevoux-le-trevoux
TREZILIDE,Maison coup de coeur sur trézilidé !!!!,https://www.etreproprio.com/immobilier-23341420-vente-maison-coup-de-coeur-sur-trezilide-trezilide
TREZILIDE,Maison 137m² à trezilide,https://www.etreproprio.com/immobilier-22577505-vente-maison-137m-a-trezilide-trezilide
TREZILIDE,Maison 136m² à trezilide,https://www.etreproprio.com/immobilier-22658235-vente-maison-136m-a-trezilide-trezilide
TREZILIDE,Maison trezilide 59.5 m2,https://www.etreproprio.com/immobilier-21556381-vente-maison-trezilide-595-m2-trezilide
PONT-DE-BUIS-LES-QUIMERCH,Maison sur pont de buis,https://www.etreproprio.com/immobilier-23874900-vente-maison-sur-pont-de-buis-pont-de-buis-les-quimerch
PONT-DE-BUIS-LES-QUIMERCH,Maison 110m² à pont-de-buis-les-quimerch,https://www.etreproprio.com/immobilier-23569350-vente-maison-110m-a-pont-de-buis-les-quimerch-pont-de-buis-les-quimerch
PONT-DE-BUIS-LES-QUIMERCH,Logonna quimerc'h,https://www.etreproprio.com/immobilier-22740412-vente-logonna-quimerc-h-pont-de-buis-les-quimerch
PONT-DE-BUIS-LES-QUIMERCH,Maison pont de buis les quimerc'h -5 pièces 90.7 m²,https://www.etreproprio.com/immobilier-23358032-vente-maison-pont-de-buis-les-quimerc-h-5-pieces-907-m-pont-de-buis-les-quimerch
PONT-DE-BUIS-LES-QUIMERCH,Maison 90m² à pont-de-buis-les-quimerch,https://www.etreproprio.com/immobilier-23363107-vente-maison-90m-a-pont-de-buis-les-quimerch-pont-de-buis-les-quimerch
PONT-DE-BUIS-LES-QUIMERCH,Maison 98m² à pont-de-buis-les-quimerch,https://www.etreproprio.com/immobilier-22506761-vente-maison-98m-a-pont-de-buis-les-quimerch-pont-de-buis-les-quimerch
PONT-DE-BUIS-LES-QUIMERCH,Maison 3 pièces – 45 m² – pont-de-buis-lès-quimerch (29590),https://www.etreproprio.com/immobilier-23311270-vente-maison-3-pieces-45-m-pont-de-buis-les-quimerch-29590-pont-de-buis-les-quimerch
PONT-DE-BUIS-LES-QUIMERCH,Quimerch ancien presbytère rénovée sur parc clos,https://www.etreproprio.com/immobilier-20493610-vente-quimerch-ancien-presbytere-renovee-sur-parc-clos-pont-de-buis-les-quimerch
PONT-DE-BUIS-LES-QUIMERCH,Moulin à rénover,https://www.etreproprio.com/immobilier-21643656-vente-moulin-a-renover-pont-de-buis-les-quimerch
PONT-DE-BUIS-LES-QUIMERCH,Pont de buis belle longère avec dépendances,https://www.etreproprio.com/immobilier-20094645-vente-pont-de-buis-belle-longere-avec-dependances-pont-de-buis-les-quimerch
